Date,Open,High,Low,Close,Volume,Dividends,Stock Splits
2000-01-04 00:00:00+09:00,235.60377731821893,235.60377731821893,225.29611206054688,225.29611206054688,100500,0.0,0.0
2000-01-05 00:00:00+09:00,231.1861877441406,241.4938521658539,228.24114076650824,231.18618774414062,243000,0.0,0.0
2000-01-06 00:00:00+09:00,235.603762895633,238.54880993182843,229.7136688232422,229.7136688232422,307000,0.0,0.0
2000-01-07 00:00:00+09:00,235.603762895633,235.603762895633,228.24114530514447,229.7136688232422,245500,0.0,0.0
2000-01-10 00:00:00+09:00,229.7136688232422,229.7136688232422,229.7136688232422,229.7136688232422,0,0.0,0.0
2000-01-11 00:00:00+09:00,234.1312147695807,237.0762614962421,229.7136446795886,232.65869140625,274000,0.0,0.0
2000-01-12 00:00:00+09:00,231.1861923413399,235.603762895633,229.7136688232422,229.7136688232422,236000,0.0,0.0
2000-01-13 00:00:00+09:00,240.02142333984375,242.96647147898295,237.07637520070458,240.02142333984375,484500,0.0,0.0
2000-01-14 00:00:00+09:00,242.96640384271277,250.32902214097678,235.60378554444873,237.07630920410156,611500,0.0,0.0
2000-01-17 00:00:00+09:00,245.91138785226002,256.2190508161272,244.43886457170757,247.3839111328125,484500,0.0,0.0
2000-01-18 00:00:00+09:00,254.7465713855832,259.16414198764534,250.32900078352105,253.2740478515625,365000,0.0,0.0
2000-01-19 00:00:00+09:00,250.3289576939174,253.2740042550223,247.3839111328125,247.3839111328125,343500,0.0,0.0
2000-01-20 00:00:00+09:00,250.32907610108867,253.27412405521912,247.3840281469582,248.85655212402344,295000,0.0,0.0
2000-01-21 00:00:00+09:00,250.32895544803503,250.32895544803503,241.49381584398674,242.96633911132812,290500,0.0,0.0
2000-01-24 00:00:00+09:00,242.96633911132812,244.4388623786695,238.548769309304,242.96633911132812,257000,0.0,0.0
2000-01-25 00:00:00+09:00,242.96647147898295,242.96647147898295,237.07637520070458,240.02142333984375,226000,0.0,0.0
2000-01-26 00:00:00+09:00,244.4389799118042,245.9115038871765,235.6038360595703,235.6038360595703,369500,0.0,0.0
2000-01-27 00:00:00+09:00,235.60375821058915,238.5488051882215,231.1861877441406,231.18618774414062,327500,0.0,0.0
2000-01-28 00:00:00+09:00,232.65872054561493,232.65872054561493,225.29610280682962,228.24114990234375,479500,0.0,0.0
2000-01-31 00:00:00+09:00,231.18622392378515,235.60379508156447,229.71370020452537,234.1312713623047,193500,0.0,0.0
2000-02-01 00:00:00+09:00,235.60378554444873,241.49388018305996,235.60378554444873,237.07630920410156,191000,0.0,0.0
2000-02-02 00:00:00+09:00,240.02136623934382,240.02136623934382,234.1312713623047,234.1312713623047,212000,0.0,0.0
2000-02-03 00:00:00+09:00,235.60379508156447,238.54884252008404,231.18622392378515,234.1312713623047,153000,0.0,0.0
2000-02-04 00:00:00+09:00,232.65872054561493,235.60376764112902,228.24114990234375,228.24114990234375,285500,0.0,0.0
2000-02-07 00:00:00+09:00,234.13133650911067,245.91152954101562,234.13133650911067,245.91152954101562,352500,0.0,0.0
2000-02-08 00:00:00+09:00,241.49390199959996,244.43894958496094,238.54885441423897,244.43894958496094,190500,0.0,0.0
2000-02-09 00:00:00+09:00,244.43883588837411,244.43883588837411,238.54874345732895,241.49378967285156,140000,0.0,0.0
2000-02-10 00:00:00+09:00,248.85657779899185,256.21919844393244,245.91152954101562,245.91152954101562,704500,0.0,0.0
2000-02-11 00:00:00+09:00,245.91152954101562,245.91152954101562,245.91152954101562,245.91152954101562,0,0.0,0.0
2000-02-14 00:00:00+09:00,250.3289576939174,251.80148097446985,247.3839111328125,247.3839111328125,284000,0.0,0.0
2000-02-15 00:00:00+09:00,247.3839111328125,251.80148097446985,242.96634129115512,247.3839111328125,228500,0.0,0.0
2000-02-16 00:00:00+09:00,247.3840281469582,250.32907610108867,244.43898019282776,248.85655212402344,356000,0.0,0.0
2000-02-17 00:00:00+09:00,248.85651196931536,251.8015594482422,245.91146449038857,251.8015594482422,247000,0.0,0.0
2000-02-18 00:00:00+09:00,247.38398573133682,248.8565094559281,235.6037959346065,238.54884338378906,345500,0.0,0.0
2000-02-21 00:00:00+09:00,238.54878485957278,242.96635494956487,232.65869140625,232.65869140625,82500,0.0,0.0
2000-02-22 00:00:00+09:00,228.2411592770246,232.6587301017412,225.29611206054688,225.29611206054688,288500,0.0,0.0
2000-02-23 00:00:00+09:00,232.6587158594376,237.0762864137307,229.7136688232422,229.7136688232422,214000,0.0,0.0
2000-02-24 00:00:00+09:00,229.71368288526347,232.6587301017412,225.29611206054688,225.29611206054688,350500,0.0,0.0
2000-02-25 00:00:00+09:00,232.65875660289416,232.65875660289416,225.29613772305575,226.76866149902344,169000,0.0,0.0
2000-02-28 00:00:00+09:00,228.24115024523786,270.9443331943469,228.24115024523786,262.10919189453125,687000,0.0,0.0
2000-02-29 00:00:00+09:00,262.10919581122573,278.3069551029307,254.74657795135985,275.3619079589844,1222000,0.0,0.0
2000-03-01 00:00:00+09:00,275.3617875840929,294.50458565143623,270.94421879932133,291.5595397949219,1686500,0.0,0.0
2000-03-02 00:00:00+09:00,300.39477715975994,316.5925347517078,295.9772069074105,304.8123474121094,2200000,0.0,0.0
2000-03-03 00:00:00+09:00,295.97730425108284,298.92235205457615,266.52682621614923,284.1971130371094,831000,0.0,0.0
2000-03-06 00:00:00+09:00,282.7245366522606,282.7245366522606,267.99930036828874,276.8344421386719,455500,0.0,0.0
2000-03-07 00:00:00+09:00,276.83437895903717,279.77942554370776,269.47176249736066,272.41680908203125,460000,0.0,0.0
2000-03-08 00:00:00+09:00,272.4168372992894,294.50468897220475,270.9443138544284,293.03216552734375,460000,0.0,0.0
2000-03-09 00:00:00+09:00,293.0321509043376,293.0321509043376,282.7244873046875,282.7244873046875,423000,0.0,0.0
2000-03-10 00:00:00+09:00,290.0871369190705,297.4497546073718,275.36190154246793,287.14208984375,1421500,0.0,0.0
2000-03-13 00:00:00+09:00,293.0322561163651,293.0322561163651,273.88944541529605,279.779541015625,619500,0.0,0.0
2000-03-14 00:00:00+09:00,279.7794990129368,279.7794990129368,266.5267859017977,273.889404296875,412000,0.0,0.0
2000-03-15 00:00:00+09:00,269.47178017632075,272.41682695420405,256.21906967584596,266.5267333984375,280500,0.0,0.0
2000-03-16 00:00:00+09:00,265.05431070493137,266.5268346532921,250.32907122132406,254.74664306640625,507000,0.0,0.0
2000-03-17 00:00:00+09:00,262.1092430962457,265.0542907714844,257.6916715833876,265.0542907714844,295000,0.0,0.0
2000-03-20 00:00:00+09:00,265.0542907714844,265.0542907714844,265.0542907714844,265.0542907714844,0,0.0,0.0
2000-03-21 00:00:00+09:00,266.5267204672603,267.999243784759,254.74653392727092,260.6366271972656,222000,0.0,0.0
2000-03-22 00:00:00+09:00,265.0542389944698,266.52676254443907,259.1641447945927,262.10919189453125,246000,0.0,0.0
2000-03-23 00:00:00+09:00,262.1091505147643,263.581673832263,253.27401060977223,260.6366271972656,404500,0.0,0.0
2000-03-24 00:00:00+09:00,265.05428104610235,267.99932861328125,259.1641859117445,267.99932861328125,451000,0.0,0.0
2000-03-27 00:00:00+09:00,272.4168712534803,278.3069657670691,270.9443476250831,276.8344421386719,557500,0.0,0.0
2000-03-28 00:00:00+09:00,284.19707105525583,284.19707105525583,273.889405265687,278.3069763183594,432500,0.0,0.0
2000-03-29 00:00:00+09:00,281.2520236868076,281.2520236868076,276.83445263413523,278.3069763183594,198000,0.0,0.0
2000-03-30 00:00:00+09:00,278.3069763183594,279.77950000258346,267.9993105287905,278.3069763183594,226500,0.0,0.0
2000-03-31 00:00:00+09:00,275.36187373208736,276.834397121029,266.5267333984375,266.5267333984375,226500,0.0,0.0
2000-04-03 00:00:00+09:00,273.889347076416,282.7244873046875,272.4168237050375,282.7244873046875,387000,0.0,0.0
2000-04-04 00:00:00+09:00,284.19699314662387,291.55960954938615,282.72446986607144,288.61456298828125,538500,0.0,0.0
2000-04-05 00:00:00+09:00,290.08710416158044,295.9771976470947,282.7244873046875,282.7244873046875,486000,0.0,0.0
2000-04-06 00:00:00+09:00,293.032183994391,293.032183994391,287.14208984375,287.14208984375,492000,0.0,0.0
2000-04-07 00:00:00+09:00,290.0870862688337,293.0321328299386,288.61456298828125,288.61456298828125,469000,0.0,0.0
2000-04-10 00:00:00+09:00,288.61458079020184,288.61458079020184,279.77944056193036,282.7244873046875,329500,0.0,0.0
2000-04-11 00:00:00+09:00,282.72458881578945,285.66963661595395,279.779541015625,279.779541015625,279000,0.0,0.0
2000-04-12 00:00:00+09:00,279.77947215544873,287.14208984375,276.8344250801282,287.14208984375,324000,0.0,0.0
2000-04-13 00:00:00+09:00,293.0322564475895,297.4498281528295,284.1971130371094,284.1971130371094,792500,0.0,0.0
2000-04-14 00:00:00+09:00,284.197064666748,297.4497775268555,284.197064666748,294.5047302246094,921000,0.0,0.0
2000-04-17 00:00:00+09:00,272.4168999640496,287.1421377999442,265.05428104610235,267.99932861328125,660500,0.0,0.0
2000-04-18 00:00:00+09:00,272.41682695420405,276.834397121029,265.0542100094958,266.5267333984375,582500,0.0,0.0
2000-04-19 00:00:00+09:00,266.5268151121713,272.4169104737662,259.1641959101776,269.47186279296875,490500,0.0,0.0
2000-04-20 00:00:00+09:00,262.10922154017857,263.5817452566964,257.691650390625,257.691650390625,496000,0.0,0.0
2000-04-21 00:00:00+09:00,259.16421966552736,262.109267616272,235.6038360595703,235.6038360595703,1254500,0.0,0.0
2000-04-24 00:00:00+09:00,257.6916212446234,272.4168567443162,257.6916212446234,262.10919189453125,552000,0.0,0.0
2000-04-25 00:00:00+09:00,265.05431070493137,269.47188255001356,253.27411911804552,254.74664306640625,371000,0.0,0.0
2000-04-26 00:00:00+09:00,265.0543528589709,265.0543528589709,254.74668358112203,256.2192077636719,421000,0.0,0.0
2000-04-27 00:00:00+09:00,259.16421491148844,260.6367388598492,254.74664306640625,254.74664306640625,222500,0.0,0.0
2000-04-28 00:00:00+09:00,257.6917319462217,259.1642561287715,254.74668358112203,256.2192077636719,211500,0.0,0.0
2000-05-01 00:00:00+09:00,256.2190572447696,262.1091505147643,254.74653392727092,260.6366271972656,203500,0.0,0.0
2000-05-02 00:00:00+09:00,265.0542389944698,266.52676254443907,262.10919189453125,262.10919189453125,158000,0.0,0.0
2000-05-03 00:00:00+09:00,262.10919189453125,262.10919189453125,262.10919189453125,262.10919189453125,0,0.0,0.0
2000-05-04 00:00:00+09:00,262.10919189453125,262.10919189453125,262.10919189453125,262.10919189453125,0,0.0,0.0
2000-05-05 00:00:00+09:00,262.10919189453125,262.10919189453125,262.10919189453125,262.10919189453125,0,0.0,0.0
2000-05-08 00:00:00+09:00,267.99932861328125,269.4718523968707,265.05428104610235,267.99932861328125,160000,0.0,0.0
2000-05-09 00:00:00+09:00,267.99932861328125,267.99932861328125,267.99932861328125,267.99932861328125,0,0.0,0.0
2000-05-10 00:00:00+09:00,270.94430356526243,272.41682695420405,265.0542100094958,266.5267333984375,268500,0.0,0.0
2000-05-11 00:00:00+09:00,265.0542496835719,269.47182051163145,262.1092024648656,263.58172607421875,175500,0.0,0.0
2000-05-12 00:00:00+09:00,263.58175726251284,272.4168999640496,263.58175726251284,267.99932861328125,627000,0.0,0.0
2000-05-15 00:00:00+09:00,276.83445263413523,278.3069763183594,272.41688158146286,278.3069763183594,344000,0.0,0.0
2000-05-16 00:00:00+09:00,279.77955154961137,290.08721923828125,276.8345036385628,290.08721923828125,712000,0.0,0.0
2000-05-17 00:00:00+09:00,291.55966371852855,363.71331787109375,287.1420930561266,363.71331787109375,7817000,0.0,0.0
2000-05-18 00:00:00+09:00,371.07587548828127,390.2186785888672,353.405595703125,368.1308288574219,7996500,0.0,0.0
2000-05-19 00:00:00+09:00,362.24081192016604,365.1858591715495,343.09800478617353,353.4056701660156,1641000,0.0,0.0
2000-05-22 00:00:00+09:00,353.4056701660156,360.7682882944743,344.5705284118652,353.4056701660156,1291000,0.0,0.0
2000-05-23 00:00:00+09:00,353.4055600373641,356.35060637100884,332.79023570185126,338.6803283691406,989500,0.0,0.0
2000-05-24 00:00:00+09:00,331.317829114819,334.2628764847285,318.06511595022624,325.427734375,943500,0.0,0.0
2000-05-25 00:00:00+09:00,331.31781005859375,335.735380859375,325.4277156575521,331.31781005859375,707000,0.0,0.0
2000-05-26 00:00:00+09:00,325.4276625199751,331.3177559592507,321.01009244051846,323.95513916015625,624000,0.0,0.0
2000-05-29 00:00:00+09:00,318.06515459947184,322.4827261911312,310.7025352800396,313.6475830078125,538000,0.0,0.0
2000-05-30 00:00:00+09:00,313.6475830078125,313.6475830078125,313.6475830078125,313.6475830078125,0,0.0,0.0
2000-05-31 00:00:00+09:00,315.1201166006235,316.5926405099722,303.3399253258338,306.28497314453125,495500,0.0,0.0
2000-06-01 00:00:00+09:00,304.81242633256755,363.7133782808898,304.81242633256755,359.2958068847656,2500500,0.0,0.0
2000-06-02 00:00:00+09:00,359.2957304604033,360.76825394589673,338.68040166349493,344.57049560546875,1381000,0.0,0.0
2000-06-05 00:00:00+09:00,351.9330368705418,356.35060637100884,335.73528203549597,338.6803283691406,626000,0.0,0.0
2000-06-06 00:00:00+09:00,338.68047249417344,354.87823422215564,338.68047249417344,350.4606628417969,707000,0.0,0.0
2000-06-07 00:00:00+09:00,359.29573071096826,384.32862998181446,354.87816025140717,374.0209655761719,4350500,0.0,0.0
2000-06-08 00:00:00+09:00,381.3835830087737,393.1637709009366,371.0759186031312,374.0209655761719,3000500,0.0,0.0
2000-06-09 00:00:00+09:00,366.6583376194649,374.02095484073925,362.2407672867002,372.5484313964844,1271000,0.0,0.0
2000-06-12 00:00:00+09:00,375.4934890626923,375.4934890626923,368.13087163009044,374.0209655761719,660500,0.0,0.0
2000-06-13 00:00:00+09:00,376.9660420816733,379.9110892854364,369.6034240722656,369.6034240722656,901500,0.0,0.0
2000-06-14 00:00:00+09:00,372.54851179620823,374.0210355582486,354.87822665172405,366.6584167480469,669500,0.0,0.0
2000-06-15 00:00:00+09:00,366.65834171515854,369.6033886365654,354.87815402953095,356.3506774902344,487000,0.0,0.0
2000-06-16 00:00:00+09:00,362.2407713330482,366.65834171515854,354.87815402953095,356.3506774902344,464000,0.0,0.0
2000-06-19 00:00:00+09:00,365.18585205078125,375.493517229634,360.7682812598444,365.18585205078125,573000,0.0,0.0
2000-06-20 00:00:00+09:00,396.1089181241122,406.4165851384943,390.2188226873225,404.9440612792969,6909000,0.0,0.0
2000-06-21 00:00:00+09:00,407.8891183231654,407.8891183231654,390.21883160880446,393.16387939453125,2074500,0.0,0.0
2000-06-22 00:00:00+09:00,397.58135565396014,399.0538791934193,384.3286437988281,384.3286437988281,1014500,0.0,0.0
2000-06-23 00:00:00+09:00,387.27373311744543,396.10887531784346,384.3286857173128,390.2187805175781,789000,0.0,0.0
2000-06-26 00:00:00+09:00,396.1087177072772,396.1087177072772,385.8010559082031,385.8010559082031,492500,0.0,0.0
2000-06-27 00:00:00+09:00,391.69119689043833,403.4713832630831,390.2186735938577,400.5263366699219,1161500,0.0,0.0
2000-06-28 00:00:00+09:00,401.99896138509115,404.94400872124567,393.1638193766276,397.5813903808594,849000,0.0,0.0
2000-06-29 00:00:00+09:00,419.66936224429037,428.5045067125912,404.944121463789,422.6144104003906,3712000,0.0,0.0
2000-06-30 00:00:00+09:00,424.08677502648305,434.3944396972656,416.7241574044955,434.3944396972656,1876500,0.0,0.0
2000-07-03 00:00:00+09:00,441.7570763027545,441.7570763027545,427.03184042599605,428.5043640136719,1355500,0.0,0.0
2000-07-04 00:00:00+09:00,434.39447531920734,434.39447531920734,412.3066206419595,413.7791442871094,821500,0.0,0.0
2000-07-05 00:00:00+09:00,415.2515869140625,424.0867270611702,412.3065401983599,415.2515869140625,625000,0.0,0.0
2000-07-06 00:00:00+09:00,413.7792665769728,415.2517906573179,404.94412209490224,409.3616943359375,387500,0.0,0.0
2000-07-07 00:00:00+09:00,416.724314737663,418.19683881800813,409.3616943359375,409.3616943359375,372500,0.0,0.0
2000-07-10 00:00:00+09:00,412.3067424966277,413.7792665769728,404.94412209490224,409.3616943359375,395000,0.0,0.0
2000-07-11 00:00:00+09:00,431.44939264847056,440.28453379485563,413.7791103557005,434.3944396972656,2283500,0.0,0.0
2000-07-12 00:00:00+09:00,438.8121752589422,438.8121752589422,421.1418863223405,422.6144104003906,731500,0.0,0.0
2000-07-13 00:00:00+09:00,427.0319833000787,428.5045073804238,404.94412209490224,409.3616943359375,456500,0.0,0.0
2000-07-14 00:00:00+09:00,401.99893450993363,418.1966937759016,401.99893450993363,410.8340759277344,515500,0.0,0.0
2000-07-17 00:00:00+09:00,406.4164298562443,412.30652304256665,400.5263366699219,400.5263366699219,411500,0.0,0.0
2000-07-18 00:00:00+09:00,397.5812408214307,403.4713332780445,384.32853279404964,385.8010559082031,506500,0.0,0.0
2000-07-19 00:00:00+09:00,397.5812408214307,403.4713332780445,384.32853279404964,385.8010559082031,506500,0.0,0.0
2000-07-20 00:00:00+09:00,385.8010559082031,385.8010559082031,385.8010559082031,385.8010559082031,0,0.0,0.0
2000-07-21 00:00:00+09:00,388.74626474343387,393.16383593370017,375.49355117263497,378.4385986328125,260000,0.0,0.0
2000-07-24 00:00:00+09:00,375.49358980155284,375.49358980155284,356.35077934108153,357.82330322265625,432500,0.0,0.0
2000-07-25 00:00:00+09:00,357.8232072244479,375.4934890626923,348.98806630532573,374.0209655761719,427000,0.0,0.0
2000-07-26 00:00:00+09:00,375.49344543457033,375.49344543457033,362.24073559570314,368.1308288574219,267000,0.0,0.0
2000-07-27 00:00:00+09:00,360.7683509858057,363.7133987489551,353.4057315779321,357.82330322265625,246000,0.0,0.0
2000-07-28 00:00:00+09:00,357.82321803316154,360.76826509516286,346.04302978515625,346.04302978515625,317500,0.0,0.0
2000-07-31 00:00:00+09:00,331.3178509737538,340.15299366638726,323.95523206322594,332.7903747558594,437500,0.0,0.0
2000-08-01 00:00:00+09:00,340.15299628762637,353.4057104287027,337.2079487007205,350.4606628417969,309500,0.0,0.0
2000-08-02 00:00:00+09:00,356.3507174173991,356.3507174173991,346.04305203755695,353.4056701660156,177500,0.0,0.0
2000-08-03 00:00:00+09:00,346.04301586485747,346.04301586485747,332.7903046189693,335.7353515625,359000,0.0,0.0
2000-08-04 00:00:00+09:00,338.6803697197985,346.04298645283757,335.7353230265828,340.15289306640625,230500,0.0,0.0
2000-08-07 00:00:00+09:00,338.6804121301529,346.04302978515625,332.79031800615024,346.04302978515625,251500,0.0,0.0
2000-08-08 00:00:00+09:00,340.152851535963,346.0429442032524,334.2627588686736,338.6803283691406,177500,0.0,0.0
2000-08-09 00:00:00+09:00,344.57053559401936,344.57053559401936,338.6804409684806,341.62548828125,143000,0.0,0.0
2000-08-10 00:00:00+09:00,338.6803985060307,344.5704923930921,334.2628280907346,335.7353515625,155000,0.0,0.0
2000-08-11 00:00:00+09:00,331.31781469417524,351.93314538625725,331.31781469417524,348.98809814453125,428500,0.0,0.0
2000-08-14 00:00:00+09:00,363.7133987489551,363.7133987489551,353.4057315779321,357.82330322265625,246500,0.0,0.0
2000-08-15 00:00:00+09:00,353.4057816485969,360.7684020996094,351.9332575583944,360.7684020996094,274500,0.0,0.0
2000-08-16 00:00:00+09:00,360.7682122802734,368.1308288574219,354.8781190185547,368.1308288574219,283500,0.0,0.0
2000-08-17 00:00:00+09:00,372.54845919589764,374.02098275003164,357.8232236545578,363.71331787109375,416500,0.0,0.0
2000-08-18 00:00:00+09:00,363.71345028001434,371.0760707310268,354.87830573879944,360.7684020996094,198500,0.0,0.0
2000-08-21 00:00:00+09:00,354.87823422215564,359.29580560251446,347.51561525489103,350.4606628417969,156000,0.0,0.0
2000-08-22 00:00:00+09:00,350.4605836474206,363.71329479375163,350.4605836474206,356.3506774902344,199000,0.0,0.0
2000-08-23 00:00:00+09:00,354.8781709711602,356.3506945021609,346.04302978515625,346.04302978515625,174000,0.0,0.0
2000-08-24 00:00:00+09:00,353.40563056882746,366.65834171515854,353.40563056882746,356.3506774902344,308000,0.0,0.0
2000-08-25 00:00:00+09:00,356.3507174173991,365.1858591715495,350.46062291463215,353.4056701660156,205500,0.0,0.0
2000-08-28 00:00:00+09:00,354.87819262798325,357.82323986970925,346.04305090280525,348.98809814453125,222500,0.0,0.0
2000-08-29 00:00:00+09:00,346.0430914614381,353.4057104287027,340.15299628762637,350.4606628417969,181500,0.0,0.0
2000-08-30 00:00:00+09:00,346.0429442032524,346.0429442032524,338.6803283691406,338.6803283691406,174000,0.0,0.0
2000-08-31 00:00:00+09:00,338.68040166349493,344.57049560546875,335.735354692508,344.57049560546875,179500,0.0,0.0
2000-09-01 00:00:00+09:00,337.2079461021761,338.6804698842817,332.7903747558594,332.7903747558594,182500,0.0,0.0
2000-09-04 00:00:00+09:00,331.3178509737538,338.6804698842817,329.84532719164827,332.7903747558594,193500,0.0,0.0
2000-09-05 00:00:00+09:00,340.1529327792372,344.5705033348117,337.2078857421875,337.2078857421875,138000,0.0,0.0
2000-09-06 00:00:00+09:00,337.2078857421875,344.5705033348117,334.2628387051378,337.2078857421875,138500,0.0,0.0
2000-09-07 00:00:00+09:00,337.2078857421875,337.2078857421875,329.8452681495633,337.2078857421875,155000,0.0,0.0
2000-09-08 00:00:00+09:00,340.152851535963,346.0429442032524,328.37266620138416,338.6803283691406,753000,0.0,0.0
2000-09-11 00:00:00+09:00,337.207923854638,337.207923854638,325.427734375,325.427734375,157000,0.0,0.0
2000-09-12 00:00:00+09:00,329.8452345501682,331.3177579186957,323.95514107605806,328.3727111816406,141000,0.0,0.0
2000-09-13 00:00:00+09:00,335.735380859375,338.68042805989586,329.84528645833336,331.31781005859375,146000,0.0,0.0
2000-09-14 00:00:00+09:00,331.3177381243024,334.2627846854073,328.3726915631975,329.84521484375,132500,0.0,0.0
2000-09-15 00:00:00+09:00,329.84521484375,329.84521484375,329.84521484375,329.84521484375,0,0.0,0.0
2000-09-18 00:00:00+09:00,323.95524051211294,323.95524051211294,318.0651452300745,321.01019287109375,153500,0.0,0.0
2000-09-19 00:00:00+09:00,318.0650667757601,326.90020751953125,310.7024494892842,326.90020751953125,236000,0.0,0.0
2000-09-20 00:00:00+09:00,326.9002796274371,332.7903747558594,316.5926131526981,332.7903747558594,240000,0.0,0.0
2000-09-21 00:00:00+09:00,325.42768726014253,335.7353515625,323.9551637883772,335.7353515625,136000,0.0,0.0
2000-09-22 00:00:00+09:00,328.3728119736418,332.79038343517055,319.53766905058416,321.01019287109375,132500,0.0,0.0
2000-09-25 00:00:00+09:00,328.3727111816406,331.3177579186957,323.95514107605806,328.3727111816406,107000,0.0,0.0
2000-09-26 00:00:00+09:00,338.6804698842817,338.6804698842817,331.3178509737538,332.7903747558594,107000,0.0,0.0
2000-09-27 00:00:00+09:00,331.31781005859375,331.31781005859375,321.01014485677086,331.31781005859375,126000,0.0,0.0
2000-09-28 00:00:00+09:00,323.95513916015625,332.7902793190696,321.01009244051846,323.95513916015625,143500,0.0,0.0
2000-09-29 00:00:00+09:00,328.3728119736418,329.84533579415137,321.01019287109375,321.01019287109375,155000,0.0,0.0
2000-10-02 00:00:00+09:00,323.95514107605806,328.3727111816406,316.59252423342036,328.3727111816406,177000,0.0,0.0
2000-10-03 00:00:00+09:00,326.9001682826451,329.84521484375,322.4825984409877,329.84521484375,116500,0.0,0.0
2000-10-04 00:00:00+09:00,326.90014303456184,338.6803283691406,326.90014303456184,338.6803283691406,274000,0.0,0.0
2000-10-05 00:00:00+09:00,340.1529327792372,340.1529327792372,331.31779166808815,337.2078857421875,162000,0.0,0.0
2000-10-06 00:00:00+09:00,331.3177579186957,335.7353280242783,326.9001878131131,328.3727111816406,119500,0.0,0.0
2000-10-09 00:00:00+09:00,328.3727111816406,328.3727111816406,328.3727111816406,328.3727111816406,0,0.0,0.0
2000-10-10 00:00:00+09:00,323.9551896047374,325.42771319384985,321.0101424265125,322.482666015625,179000,0.0,0.0
2000-10-11 00:00:00+09:00,323.95524051211294,325.42776433262253,316.5926214095649,321.01019287109375,172000,0.0,0.0
2000-10-12 00:00:00+09:00,319.5376892089844,319.5376892089844,315.120117468768,319.5376892089844,148000,0.0,0.0
2000-10-13 00:00:00+09:00,312.17497709012144,313.64750056696164,304.81235970592047,310.70245361328125,372500,0.0,0.0
2000-10-16 00:00:00+09:00,310.70245361328125,310.70245361328125,310.70245361328125,310.70245361328125,0,0.0,0.0
2000-10-17 00:00:00+09:00,313.64745875767295,316.5925053187779,309.2298889160156,309.2298889160156,96000,0.0,0.0
2000-10-18 00:00:00+09:00,309.2299392919221,309.2299392919221,294.50470408754484,307.7574157714844,204000,0.0,0.0
2000-10-19 00:00:00+09:00,300.3948565703895,301.86738037710705,294.5047613435191,298.9223327636719,211500,0.0,0.0
2000-10-20 00:00:00+09:00,301.86738037710705,306.28495179725985,294.5047613435191,298.9223327636719,197500,0.0,0.0
2000-10-23 00:00:00+09:00,301.8673294665767,304.8123765833238,298.9222823498296,300.3948059082031,121500,0.0,0.0
2000-10-24 00:00:00+09:00,301.8673294665767,304.8123765833238,297.449758791456,300.3948059082031,117000,0.0,0.0
2000-10-25 00:00:00+09:00,298.9222928675209,301.8673400878906,295.9772456471513,301.8673400878906,114500,0.0,0.0
2000-10-26 00:00:00+09:00,300.39478445525214,300.39478445525214,287.142073376344,297.4497375488281,195500,0.0,0.0
2000-10-27 00:00:00+09:00,297.4497375488281,297.4497375488281,297.4497375488281,297.4497375488281,0,0.0,0.0
2000-10-30 00:00:00+09:00,294.50479110485406,295.9773150603784,287.14217132723275,290.08721923828125,145000,0.0,0.0
2000-10-31 00:00:00+09:00,290.08721923828125,293.0322671493298,282.72459946065993,290.08721923828125,197500,0.0,0.0
2000-11-01 00:00:00+09:00,284.19704276842947,290.0871369190705,279.77947215544873,287.14208984375,269500,0.0,0.0
2000-11-02 00:00:00+09:00,285.6695251464844,288.6145717974791,282.72447849548973,285.6695251464844,173500,0.0,0.0
2000-11-03 00:00:00+09:00,285.6695251464844,285.6695251464844,285.6695251464844,285.6695251464844,0,0.0,0.0
2000-11-06 00:00:00+09:00,291.55966455796187,300.3948059082031,287.1420938828412,300.3948059082031,203000,0.0,0.0
2000-11-07 00:00:00+09:00,303.33985302495023,304.8123765833238,295.9772352330825,300.3948059082031,157500,0.0,0.0
2000-11-08 00:00:00+09:00,303.3398362290803,316.59254752064203,303.3398362290803,310.70245361328125,177000,0.0,0.0
2000-11-09 00:00:00+09:00,312.1749644993584,318.06505816915757,304.8123474121094,304.8123474121094,179500,0.0,0.0
2000-11-10 00:00:00+09:00,304.8123687306089,312.1749863327976,303.3398452101712,307.7574157714844,340500,0.0,0.0
2000-11-13 00:00:00+09:00,310.7024817489996,310.7024817489996,297.44976925733613,301.8673400878906,204000,0.0,0.0
2000-11-14 00:00:00+09:00,304.81238730826027,304.81238730826027,300.3948164777058,301.8673400878906,88000,0.0,0.0
2000-11-15 00:00:00+09:00,307.7574762140663,312.1750476429763,301.86738097551955,303.33990478515625,146000,0.0,0.0
2000-11-16 00:00:00+09:00,303.33985302495023,307.75742370007083,298.9222823498296,300.3948059082031,167000,0.0,0.0
2000-11-17 00:00:00+09:00,297.44984944661456,298.922373453776,294.50480143229163,295.9773254394531,270000,0.0,0.0
2000-11-20 00:00:00+09:00,297.44980895695426,300.3948565703895,295.9772851502367,298.9223327636719,84000,0.0,0.0
2000-11-21 00:00:00+09:00,300.3948974609375,303.3399454752604,294.50480143229163,295.9773254394531,120500,0.0,0.0
2000-11-22 00:00:00+09:00,301.8673061965099,301.8673061965099,291.5596420824827,293.03216552734375,175000,0.0,0.0
2000-11-23 00:00:00+09:00,293.03216552734375,293.03216552734375,293.03216552734375,293.03216552734375,0,0.0,0.0
2000-11-24 00:00:00+09:00,300.3948974609375,306.2849934895833,294.50480143229163,295.9773254394531,162500,0.0,0.0
2000-11-27 00:00:00+09:00,303.3398239946595,306.28487082955917,298.92225374231015,304.8123474121094,121500,0.0,0.0
2000-11-28 00:00:00+09:00,298.9222928675209,303.3398636980754,298.9222928675209,301.8673400878906,108500,0.0,0.0
2000-11-29 00:00:00+09:00,298.92226100204016,300.39478445525214,295.9772140956161,297.4497375488281,123500,0.0,0.0
2000-11-30 00:00:00+09:00,300.39479816929577,312.1749863327976,298.92227464885804,307.7574157714844,263000,0.0,0.0
2000-12-01 00:00:00+09:00,309.2299017505111,319.5375651421948,309.2299017505111,315.1199951171875,315500,0.0,0.0
2000-12-04 00:00:00+09:00,328.3727092396129,334.2628026788885,322.4826158003374,323.95513916015625,393000,0.0,0.0
2000-12-05 00:00:00+09:00,328.37270519220937,328.37270519220937,315.1199951171875,315.1199951171875,280000,0.0,0.0
2000-12-06 00:00:00+09:00,318.0650418005257,321.01008848386385,315.1199951171875,315.1199951171875,173000,0.0,0.0
2000-12-07 00:00:00+09:00,313.64750056696164,315.12002404380183,310.70245361328125,310.70245361328125,259000,0.0,0.0
2000-12-08 00:00:00+09:00,315.1199951171875,321.01008848386385,312.1749484338493,315.1199951171875,1228500,0.0,0.0
2000-12-11 00:00:00+09:00,322.4827472065771,323.95527116642444,316.5926513671875,316.5926513671875,235000,0.0,0.0
2000-12-12 00:00:00+09:00,322.4826371476457,331.31777789141677,316.59254331846495,326.90020751953125,327500,0.0,0.0
2000-12-13 00:00:00+09:00,332.7902793190696,332.7902793190696,322.4826158003374,323.95513916015625,215000,0.0,0.0
2000-12-14 00:00:00+09:00,321.0102131223898,326.9003087760117,316.59264138217344,319.5376892089844,171500,0.0,0.0
2000-12-15 00:00:00+09:00,319.5376784633583,321.0102023272447,313.6475830078125,313.6475830078125,202500,0.0,0.0
2000-12-18 00:00:00+09:00,315.120033373673,316.5925568941107,307.7574157714844,307.7574157714844,169500,0.0,0.0
2000-12-19 00:00:00+09:00,312.1750476429763,312.1750476429763,303.33990478515625,303.33990478515625,225500,0.0,0.0
2000-12-20 00:00:00+09:00,301.86742146809894,303.3399454752604,295.9773254394531,295.9773254394531,403500,0.0,0.0
2000-12-21 00:00:00+09:00,295.9772456471513,301.8673400878906,287.1421039860423,301.8673400878906,508500,0.0,0.0
2000-12-22 00:00:00+09:00,295.9773254394531,298.922373453776,291.55975341796875,295.9773254394531,260500,0.0,0.0
2000-12-25 00:00:00+09:00,310.70245361328125,310.70245361328125,303.3398362290803,310.70245361328125,222000,0.0,0.0
2000-12-26 00:00:00+09:00,301.7399598642248,312.1962951070445,301.7399598642248,309.2087707519531,153000,6.0,0.0
2000-12-27 00:00:00+09:00,300.24615478515625,301.7399167492615,298.752392821051,300.24615478515625,151500,0.0,0.0
2000-12-28 00:00:00+09:00,304.72745910644534,304.72745910644534,298.7524108886719,298.7524108886719,136000,0.0,0.0
2000-12-29 00:00:00+09:00,295.7649293237803,297.2586915930923,292.77740478515625,292.77740478515625,179000,0.0,0.0
2001-01-01 00:00:00+09:00,292.77740478515625,292.77740478515625,292.77740478515625,292.77740478515625,0,0.0,0.0
2001-01-02 00:00:00+09:00,292.77740478515625,292.77740478515625,292.77740478515625,292.77740478515625,0,0.0,0.0
2001-01-03 00:00:00+09:00,292.77740478515625,292.77740478515625,292.77740478515625,292.77740478515625,0,0.0,0.0
2001-01-04 00:00:00+09:00,297.2585910935476,297.2585910935476,285.3084969792341,288.2960205078125,139000,0.0,0.0
2001-01-05 00:00:00+09:00,288.29602578048303,292.77731115530923,285.3085021972656,285.3085021972656,212000,0.0,0.0
2001-01-08 00:00:00+09:00,285.3085021972656,285.3085021972656,285.3085021972656,285.3085021972656,0,0.0,0.0
2001-01-09 00:00:00+09:00,283.81469396642734,283.81469396642734,276.34588623046875,276.34588623046875,180000,0.0,0.0
2001-01-10 00:00:00+09:00,276.34588623046875,277.83964777766045,270.37084004170185,276.34588623046875,237500,0.0,0.0
2001-01-11 00:00:00+09:00,273.3584648479115,273.3584648479115,261.40836802395904,262.9021301269531,415000,0.0,0.0
2001-01-12 00:00:00+09:00,264.3959406534831,276.3460396660699,264.3959406534831,268.8772277832031,407000,0.0,0.0
2001-01-15 00:00:00+09:00,283.81470711000503,283.81470711000503,276.34589902816276,277.83966064453125,131000,0.0,0.0
2001-01-16 00:00:00+09:00,277.83966064453125,280.8271838772681,273.3583757954259,277.83966064453125,141000,0.0,0.0
2001-01-17 00:00:00+09:00,276.3460831615806,276.3460831615806,270.37103271484375,270.37103271484375,111000,0.0,0.0
2001-01-18 00:00:00+09:00,271.86464607278714,285.3085021972656,271.86464607278714,285.3085021972656,227000,0.0,0.0
2001-01-19 00:00:00+09:00,288.295986906011,288.295986906011,280.8271789550781,280.8271789550781,222500,0.0,0.0
2001-01-22 00:00:00+09:00,285.3084766852162,286.802238343254,280.82719171110284,282.3209533691406,120500,0.0,0.0
2001-01-23 00:00:00+09:00,283.8148193359375,286.80234375,282.32105712890626,283.8148193359375,136500,0.0,0.0
2001-01-24 00:00:00+09:00,288.29602578048303,294.2710729469179,285.3085021972656,285.3085021972656,191000,0.0,0.0
2001-01-25 00:00:00+09:00,288.2961059570312,288.2961059570312,280.82729492187497,283.8148193359375,164500,0.0,0.0
2001-01-26 00:00:00+09:00,285.3084766852162,286.802238343254,282.3209533691406,282.3209533691406,165000,0.0,0.0
2001-01-29 00:00:00+09:00,286.80235570790813,294.27116705446826,286.80235570790813,292.77740478515625,150000,0.0,0.0
2001-01-30 00:00:00+09:00,297.2585857684796,297.2585857684796,288.29601534329925,291.2835388183594,117000,0.0,0.0
2001-01-31 00:00:00+09:00,294.27106229341945,295.7648240309495,289.7897770808293,291.2835388183594,99500,0.0,0.0
2001-02-01 00:00:00+09:00,291.2835388183594,295.7648240309495,289.7897770808293,291.2835388183594,131500,0.0,0.0
2001-02-02 00:00:00+09:00,292.77726505492546,297.2585497241335,292.77726505492546,294.2710266113281,131500,0.0,0.0
2001-02-05 00:00:00+09:00,295.7648240309495,295.7648240309495,291.2835388183594,291.2835388183594,89000,0.0,0.0
2001-02-06 00:00:00+09:00,291.2835567513692,294.27108041035757,288.2960330923808,289.789794921875,113000,0.0,0.0
2001-02-07 00:00:00+09:00,292.77730055588944,292.77730055588944,288.29601534329925,291.2835388183594,64000,0.0,0.0
2001-02-08 00:00:00+09:00,291.2835493637005,291.2835493637005,282.32097861404816,285.3085021972656,169000,0.0,0.0
2001-02-09 00:00:00+09:00,289.789814342152,297.2586239901456,285.3085285533558,295.7648620605469,401000,0.0,0.0
2001-02-12 00:00:00+09:00,295.7648620605469,295.7648620605469,295.7648620605469,295.7648620605469,0,0.0,0.0
2001-02-13 00:00:00+09:00,304.72745910644534,304.72745910644534,297.2586488342285,298.7524108886719,142500,0.0,0.0
2001-02-14 00:00:00+09:00,301.7399124732384,310.7024841308594,300.2461505303016,310.7024841308594,268500,0.0,0.0
2001-02-15 00:00:00+09:00,318.1713075726946,324.14635560222877,316.67754556531105,319.6650695800781,643500,0.0,0.0
2001-02-16 00:00:00+09:00,321.1588425054783,321.1588425054783,306.2212219238281,306.2212219238281,182000,0.0,0.0
2001-02-19 00:00:00+09:00,298.7524116330031,312.1962701564882,298.7524116330031,306.2212219238281,160500,0.0,0.0
2001-02-20 00:00:00+09:00,312.1962708972749,315.1837950206938,306.22122265043714,313.6900329589844,208000,0.0,0.0
2001-02-21 00:00:00+09:00,312.19625173031704,312.19625173031704,306.221203850311,307.7149658203125,133500,0.0,0.0
2001-02-22 00:00:00+09:00,306.2212277868111,309.208751960341,301.7399415265163,303.23370361328125,128000,0.0,0.0
2001-02-23 00:00:00+09:00,304.7274605887277,313.6900329589844,304.7274605887277,313.6900329589844,146000,0.0,0.0
2001-02-26 00:00:00+09:00,319.66509373380114,321.15885585405255,313.69004525279547,315.1838073730469,251500,0.0,0.0
2001-02-27 00:00:00+09:00,319.6650819290516,324.1463681243187,318.1713198639626,321.1588439941406,321000,0.0,0.0
2001-02-28 00:00:00+09:00,324.14639295973217,337.59025257557363,322.6526307801943,331.6152038574219,698000,0.0,0.0
2001-03-01 00:00:00+09:00,331.6152783315116,333.1090408465184,315.1838906664367,325.6402282714844,374000,0.0,0.0
2001-03-02 00:00:00+09:00,325.64012945265995,330.1214156377883,313.6900329589844,313.6900329589844,363500,0.0,0.0
2001-03-05 00:00:00+09:00,309.20872218792255,312.1962460737962,303.23367441617523,310.7024841308594,186000,0.0,0.0
2001-03-06 00:00:00+09:00,306.22122894430385,318.17132568359375,306.22122894430385,318.17132568359375,207500,0.0,0.0
2001-03-07 00:00:00+09:00,316.6775635911825,319.665087776005,312.19627731394877,318.17132568359375,123500,0.0,0.0
2001-03-08 00:00:00+09:00,315.1838133597488,319.665099805622,309.2087647652512,312.1962890625,183000,0.0,0.0
2001-03-09 00:00:00+09:00,310.7025630159198,319.6651369490713,310.7025630159198,316.6776123046875,1055500,0.0,0.0
2001-03-12 00:00:00+09:00,319.6650557884803,319.6650557884803,310.7024841308594,310.7024841308594,202500,0.0,0.0
2001-03-13 00:00:00+09:00,310.7024813565341,310.7024813565341,295.7648620605469,295.7648620605469,414500,0.0,0.0
2001-03-14 00:00:00+09:00,295.7648620605469,295.7648620605469,295.7648620605469,295.7648620605469,0,0.0,0.0
2001-03-15 00:00:00+09:00,288.29601534329925,297.2585857684796,282.3209683931791,291.2835388183594,239500,0.0,0.0
2001-03-16 00:00:00+09:00,301.73983439334154,301.73983439334154,294.2710266113281,294.2710266113281,185500,0.0,0.0
2001-03-19 00:00:00+09:00,291.283558601111,312.1962243468318,291.283558601111,297.25860595703125,150000,0.0,0.0
2001-03-20 00:00:00+09:00,297.25860595703125,297.25860595703125,297.25860595703125,297.25860595703125,0,0.0,0.0
2001-03-21 00:00:00+09:00,297.258639469325,319.6650695800781,286.8023054176402,319.6650695800781,512000,0.0,0.0
2001-03-22 00:00:00+09:00,319.665099805622,321.1588619542464,309.2087647652512,312.1962890625,282500,0.0,0.0
2001-03-23 00:00:00+09:00,312.1962595431604,319.6650695800781,310.7024975357769,319.6650695800781,197500,0.0,0.0
2001-03-26 00:00:00+09:00,327.13386258212006,328.62762451171875,318.1712910045277,328.62762451171875,263000,0.0,0.0
2001-03-27 00:00:00+09:00,328.627604731807,330.12136657149705,321.15879553335685,322.6525573730469,191000,0.0,0.0
2001-03-28 00:00:00+09:00,328.627604731807,328.627604731807,322.6525573730469,322.6525573730469,235500,0.0,0.0
2001-03-29 00:00:00+09:00,327.13389225449674,330.1214163846748,321.1588439941406,321.1588439941406,186500,0.0,0.0
2001-03-30 00:00:00+09:00,321.15882228262984,325.6401081749456,300.24615478515625,300.24615478515625,186500,0.0,0.0
2001-04-02 00:00:00+09:00,319.665087776005,321.1588498684162,312.19627731394877,318.17132568359375,212000,0.0,0.0
2001-04-03 00:00:00+09:00,319.66510642111837,331.6152038574219,318.1713442415804,331.6152038574219,428500,0.0,0.0
2001-04-04 00:00:00+09:00,331.6151597764757,364.4779233579282,330.12139779550057,362.9841613769531,1796500,0.0,0.0
2001-04-05 00:00:00+09:00,367.4654716491699,377.92180620829265,358.5028991699219,358.5028991699219,1177500,0.0,0.0
2001-04-06 00:00:00+09:00,359.99649949214626,364.4777837181896,346.5526468140163,354.0214538574219,419500,0.0,0.0
2001-04-09 00:00:00+09:00,354.0215172809103,354.0215172809103,343.565185546875,343.565185546875,324000,0.0,0.0
2001-04-10 00:00:00+09:00,351.03393104005966,354.0214538574219,345.0588854053352,354.0214538574219,528500,0.0,0.0
2001-04-11 00:00:00+09:00,355.5152152661029,357.00897667478404,348.04640822269744,354.0214538574219,477000,0.0,0.0
2001-04-12 00:00:00+09:00,357.009241653701,359.99676668846,352.5279541015625,352.5279541015625,397000,0.0,0.0
2001-04-13 00:00:00+09:00,359.99666124979655,367.4654716491699,355.51537501017253,358.5028991699219,1017000,0.0,0.0
2001-04-16 00:00:00+09:00,364.4779037411742,364.4779037411742,357.00909423828125,357.00909423828125,233500,0.0,0.0
2001-04-17 00:00:00+09:00,362.9841854095459,364.47794748942056,357.0091370900472,358.5028991699219,261000,0.0,0.0
2001-04-18 00:00:00+09:00,357.0091793401454,370.4530396500254,357.0091793401454,367.46551513671875,600000,0.0,0.0
2001-04-19 00:00:00+09:00,370.4529712818287,371.94673326280383,362.9841613769531,362.9841613769531,333000,0.0,0.0
2001-04-20 00:00:00+09:00,362.9842286169282,367.46551538997664,358.5029418438797,359.9967041015625,201500,0.0,0.0
2001-04-23 00:00:00+09:00,364.4779233579282,367.4654473198785,357.00911345305263,362.9841613769531,225500,0.0,0.0
2001-04-24 00:00:00+09:00,362.98422836675877,367.46551513671875,357.0091793401454,367.46551513671875,324500,0.0,0.0
2001-04-25 00:00:00+09:00,367.46538036112884,370.45290377869895,364.47785694355866,365.97161865234375,231500,0.0,0.0
2001-04-26 00:00:00+09:00,367.46538036112884,370.45290377869895,364.47785694355866,365.97161865234375,231500,0.0,0.0
2001-04-27 00:00:00+09:00,373.44047272822775,374.9342346191406,364.47790138275025,374.9342346191406,338000,0.0,0.0
2001-04-30 00:00:00+09:00,374.9342346191406,374.9342346191406,374.9342346191406,374.9342346191406,0,0.0,0.0
2001-05-01 00:00:00+09:00,373.440587944664,377.921875,370.4530632411067,377.921875,268000,0.0,0.0
2001-05-02 00:00:00+09:00,376.4279506138393,376.4279506138393,362.9840952347736,365.97161865234375,340000,0.0,0.0
2001-05-03 00:00:00+09:00,365.97161865234375,365.97161865234375,365.97161865234375,365.97161865234375,0,0.0,0.0
2001-05-04 00:00:00+09:00,365.97161865234375,365.97161865234375,365.97161865234375,365.97161865234375,0,0.0,0.0
2001-05-07 00:00:00+09:00,373.44051996866864,373.44051996866864,357.0091370900472,358.5028991699219,4035,0.0,0.0
2001-05-08 00:00:00+09:00,364.4778596252954,364.4778596252954,355.5152893066406,355.5152893066406,3680,0.0,0.0
2001-05-09 00:00:00+09:00,352.52782522046004,352.52782522046004,340.57772945027494,348.0465393066406,3495,0.0,0.0
2001-05-10 00:00:00+09:00,351.03406324918694,359.9966350768257,348.0465393066406,348.0465393066406,2965,0.0,0.0
2001-05-11 00:00:00+09:00,358.5028545673077,358.5028545673077,346.5527594150641,349.540283203125,3825,0.0,0.0
2001-05-14 00:00:00+09:00,357.0091169613264,357.0091169613264,343.56525900043965,345.05902099609375,2845,0.0,0.0
2001-05-15 00:00:00+09:00,343.5652953568504,351.0341061254776,339.0840088956741,342.071533203125,345500,0.0,0.0
2001-05-16 00:00:00+09:00,345.0589887230797,348.04651243496784,337.5901794433594,337.5901794433594,394500,0.0,0.0
2001-05-17 00:00:00+09:00,343.56528243676433,343.56528243676433,330.121423558804,333.10894775390625,427500,0.0,0.0
2001-05-18 00:00:00+09:00,340.57775227864585,342.0715143500434,334.60270399305557,336.0964660644531,329000,0.0,0.0
2001-05-21 00:00:00+09:00,339.0840209960937,352.527880859375,339.0840209960937,351.03411865234375,207000,0.0,0.0
2001-05-22 00:00:00+09:00,355.5153549656724,357.0091169613264,343.56525900043965,345.05902099609375,162500,0.0,0.0
2001-05-23 00:00:00+09:00,346.5529040320445,355.5154791363215,345.059141514665,352.5279541015625,269000,0.0,0.0
2001-05-24 00:00:00+09:00,354.0215688852163,355.51533077924677,346.5527594150641,349.540283203125,168500,0.0,0.0
2001-05-25 00:00:00+09:00,355.5153549656724,355.5153549656724,345.05902099609375,345.05902099609375,205000,0.0,0.0
2001-05-28 00:00:00+09:00,345.0589472231658,348.04647057574726,343.565185546875,343.565185546875,128500,0.0,0.0
2001-05-29 00:00:00+09:00,339.08394129930343,342.07146501119155,337.5901794433594,337.5901794433594,135000,0.0,0.0
2001-05-30 00:00:00+09:00,339.0840759277344,348.0466506218595,337.59031347871354,339.0840759277344,381500,0.0,0.0
2001-05-31 00:00:00+09:00,339.0839055379232,342.0714289347331,336.0963821411133,340.5776672363281,285000,0.0,0.0
2001-06-01 00:00:00+09:00,340.57775227864585,340.57775227864585,336.0964660644531,336.0964660644531,132500,0.0,0.0
2001-06-04 00:00:00+09:00,336.0964175874153,337.5901794433594,333.10889387552714,337.5901794433594,119000,0.0,0.0
2001-06-05 00:00:00+09:00,336.09655102969265,339.0840759277344,331.6152636826301,339.0840759277344,163500,0.0,0.0
2001-06-06 00:00:00+09:00,339.08394129930343,339.08394129930343,333.10889387552714,337.5901794433594,172000,0.0,0.0
2001-06-07 00:00:00+09:00,337.5902467419487,348.0465818180267,334.6027224344978,342.071533203125,462000,0.0,0.0
2001-06-08 00:00:00+09:00,349.5402424275374,361.4903361857438,346.5527189879858,355.5152893066406,1612000,0.0,0.0
2001-06-11 00:00:00+09:00,357.00917958619686,368.9592776476595,355.515417328514,359.9967041015625,538000,0.0,0.0
2001-06-12 00:00:00+09:00,358.5028023097826,359.99656398607334,343.565185546875,343.565185546875,284500,0.0,0.0
2001-06-13 00:00:00+09:00,351.03406324918694,354.0215871917332,345.05901536409436,348.0465393066406,467500,0.0,0.0
2001-06-14 00:00:00+09:00,351.03404509715546,351.03404509715546,343.5652356270032,349.540283203125,264500,0.0,0.0
2001-06-15 00:00:00+09:00,342.0714289347331,345.05895233154297,339.0839055379232,340.5776672363281,291000,0.0,0.0
2001-06-18 00:00:00+09:00,345.05902099609375,351.0340689787101,337.5902110178233,345.05902099609375,289500,0.0,0.0
2001-06-19 00:00:00+09:00,348.0465393066406,357.00911113427946,343.56525339282126,348.0465393066406,369000,0.0,0.0
2001-06-20 00:00:00+09:00,352.52782522046004,352.52782522046004,348.0465393066406,348.0465393066406,206000,0.0,0.0
2001-06-21 00:00:00+09:00,346.55283203125,355.51540527343747,345.05906982421874,351.03411865234375,180500,0.0,0.0
2001-06-22 00:00:00+09:00,355.5152866908482,365.97161865234375,351.034001564493,365.97161865234375,521000,0.0,0.0
2001-06-25 00:00:00+09:00,370.45304595446976,371.94680823654426,362.98423454409743,364.4779968261719,498500,0.0,0.0
2001-06-26 00:00:00+09:00,362.98423454409743,365.9717591082464,354.02166085165055,364.4779968261719,264000,0.0,0.0
2001-06-27 00:00:00+09:00,367.4654967252873,368.9592589070974,359.9966858162368,361.4904479980469,292000,0.0,0.0
2001-06-28 00:00:00+09:00,359.99676668846,362.98429172321903,352.5279541015625,352.5279541015625,224500,0.0,0.0
2001-06-29 00:00:00+09:00,355.5153992708064,361.4904479980469,355.5153992708064,361.4904479980469,374000,0.0,0.0
2001-07-02 00:00:00+09:00,361.490379940017,361.490379940017,348.04652283480976,357.00909423828125,193500,0.0,0.0
2001-07-03 00:00:00+09:00,358.50287543402777,362.9841613769531,352.5278275101273,362.9841613769531,250000,0.0,0.0
2001-07-04 00:00:00+09:00,327.1338555823823,336.096426968201,322.65256988947294,324.1463317871094,1394500,0.0,0.0
2001-07-05 00:00:00+09:00,322.65260605922964,324.1463681243187,313.6900336686955,321.1588439941406,621500,0.0,0.0
2001-07-06 00:00:00+09:00,325.64013614564993,325.64013614564993,316.6775635911825,318.17132568359375,353000,0.0,0.0
2001-07-09 00:00:00+09:00,313.6900512111244,316.6775755083732,306.2212404680024,312.1962890625,310000,0.0,0.0
2001-07-10 00:00:00+09:00,312.1962890625,319.665099805622,310.7025269138756,312.1962890625,175500,0.0,0.0
2001-07-11 00:00:00+09:00,313.69003822063576,313.69003822063576,301.7399415265163,303.23370361328125,230000,0.0,0.0
2001-07-12 00:00:00+09:00,310.7025088355655,315.1837950206938,307.7149847121466,313.6900329589844,223500,0.0,0.0
2001-07-13 00:00:00+09:00,315.1838073730469,319.66509373380114,312.19628313254407,315.1838073730469,574000,0.0,0.0
2001-07-16 00:00:00+09:00,321.15885585405255,321.15885585405255,313.69004525279547,315.1838073730469,111000,0.0,0.0
2001-07-17 00:00:00+09:00,313.6900329589844,315.1837950206938,309.20874677385603,313.6900329589844,189000,0.0,0.0
2001-07-18 00:00:00+09:00,310.70250809832316,315.1837942728182,303.2336978074981,306.2212219238281,152000,0.0,0.0
2001-07-19 00:00:00+09:00,301.73992919921875,306.22121527643486,300.24616717348005,301.73992919921875,148000,0.0,0.0
2001-07-20 00:00:00+09:00,301.73992919921875,301.73992919921875,301.73992919921875,301.73992919921875,0,0.0,0.0
2001-07-23 00:00:00+09:00,306.22119556773794,306.22119556773794,291.28357627175075,295.7648620605469,245500,0.0,0.0
2001-07-24 00:00:00+09:00,295.76488109626393,304.72745325069616,295.76488109626393,301.73992919921875,169000,0.0,0.0
2001-07-25 00:00:00+09:00,301.7399357493331,312.1962701564882,298.7524116330031,306.2212219238281,196000,0.0,0.0
2001-07-26 00:00:00+09:00,313.69001370031856,313.69001370031856,304.72744188030947,307.7149658203125,138500,0.0,0.0
2001-07-27 00:00:00+09:00,309.208727790314,312.19625173031704,306.221203850311,307.7149658203125,104500,0.0,0.0
2001-07-30 00:00:00+09:00,310.70250135365103,310.70250135365103,298.75240514774134,301.73992919921875,131500,0.0,0.0
2001-07-31 00:00:00+09:00,298.7524355091335,309.2087707519531,298.7524355091335,309.2087707519531,131500,0.0,0.0
2001-08-01 00:00:00+09:00,306.2212463968618,313.6900572845901,301.7399598642248,309.2087707519531,92000,0.0,0.0
2001-08-02 00:00:00+09:00,313.69003940636003,321.1588498684162,307.7149910367151,318.17132568359375,247000,0.0,0.0
2001-08-03 00:00:00+09:00,318.1713376569976,319.665099805622,309.2087647652512,312.1962890625,118500,0.0,0.0
2001-08-06 00:00:00+09:00,312.1962890625,315.1838133597488,310.7025269138756,312.1962890625,122500,0.0,0.0
2001-08-07 00:00:00+09:00,315.18384998249553,318.1713746268794,310.7025630159198,316.6776123046875,139000,0.0,0.0
2001-08-08 00:00:00+09:00,313.6900512111244,316.6775755083732,312.1962890625,312.1962890625,104500,0.0,0.0
2001-08-09 00:00:00+09:00,316.6775376403216,316.6775376403216,304.72744188030947,307.7149658203125,136500,0.0,0.0
2001-08-10 00:00:00+09:00,307.7149658203125,315.1837756703201,306.221203850311,307.7149658203125,296000,0.0,0.0
2001-08-13 00:00:00+09:00,310.70250135365103,310.70250135365103,298.75240514774134,301.73992919921875,242000,0.0,0.0
2001-08-14 00:00:00+09:00,309.20874677385603,316.67755708240327,304.7274605887277,313.6900329589844,236000,0.0,0.0
2001-08-15 00:00:00+09:00,313.69001370031856,313.69001370031856,304.72744188030947,307.7149658203125,118000,0.0,0.0
2001-08-16 00:00:00+09:00,310.70250135365103,310.70250135365103,301.73992919921875,301.73992919921875,207500,0.0,0.0
2001-08-17 00:00:00+09:00,304.72744067747203,304.72744067747203,300.24615478515625,300.24615478515625,225500,0.0,0.0
2001-08-20 00:00:00+09:00,300.24615478515625,303.23367871336677,297.2586308569458,300.24615478515625,233500,0.0,0.0
2001-08-21 00:00:00+09:00,300.24617294311525,300.24617294311525,295.7648867797852,298.7524108886719,139000,0.0,0.0
2001-08-22 00:00:00+09:00,300.24607131060435,307.7148790546492,298.75230976179535,304.72735595703125,239000,0.0,0.0
2001-08-23 00:00:00+09:00,301.73992919921875,304.72745325069616,300.24616717348005,301.73992919921875,249500,0.0,0.0
2001-08-24 00:00:00+09:00,307.71497730217357,307.71497730217357,301.73992919921875,301.73992919921875,156000,0.0,0.0
2001-08-27 00:00:00+09:00,309.2086406034582,309.2086406034582,304.72735595703125,304.72735595703125,110000,0.0,0.0
2001-08-28 00:00:00+09:00,307.71498987357603,307.71498987357603,300.24617943975136,303.23370361328125,184000,0.0,0.0
2001-08-29 00:00:00+09:00,304.72746570004614,307.71498987357603,303.23370361328125,303.23370361328125,182500,0.0,0.0
2001-08-30 00:00:00+09:00,304.72735595703125,306.22111750584025,298.75230976179535,304.72735595703125,187500,0.0,0.0
2001-08-31 00:00:00+09:00,298.7523859197443,300.24614784934306,295.7648620605469,295.7648620605469,258500,0.0,0.0
2001-09-03 00:00:00+09:00,294.2710266113281,297.2585497241335,291.2835034985228,294.2710266113281,219500,0.0,0.0
2001-09-04 00:00:00+09:00,291.2835034985228,295.76478816773084,283.8146957165094,294.2710266113281,317000,0.0,0.0
2001-09-05 00:00:00+09:00,286.8022712628866,291.2835567513692,283.8147476038982,289.789794921875,186000,0.0,0.0
2001-09-06 00:00:00+09:00,286.8022587435233,295.7648293292584,285.3084969792341,288.2960205078125,156500,0.0,0.0
2001-09-07 00:00:00+09:00,285.3085147539774,288.2960384686788,280.8272291819254,286.8022766113281,179000,0.0,0.0
2001-09-10 00:00:00+09:00,276.34590397710383,280.8271889064623,274.8521423339844,274.8521423339844,226000,0.0,0.0
2001-09-11 00:00:00+09:00,271.86479532652794,274.8523205498964,267.3835074914753,270.37103271484375,266000,0.0,0.0
2001-09-12 00:00:00+09:00,239.0018965558308,255.43327694404417,239.0018965558308,244.97694396972656,288000,0.0,0.0
2001-09-13 00:00:00+09:00,247.96450513280078,255.43331552836707,239.00193265812123,249.45826721191406,380000,0.0,0.0
2001-09-14 00:00:00+09:00,250.95207926432292,274.85227728949656,250.95207926432292,268.8772277832031,720500,0.0,0.0
2001-09-17 00:00:00+09:00,270.3708431846217,271.8646047491776,255.4332275390625,255.4332275390625,318500,0.0,0.0
2001-09-18 00:00:00+09:00,270.37084004170185,277.83964777766045,264.39579385293496,276.34588623046875,284500,0.0,0.0
2001-09-19 00:00:00+09:00,276.34600830078125,289.7898681640625,276.34600830078125,283.8148193359375,267000,0.0,0.0
2001-09-20 00:00:00+09:00,276.34590397710383,277.83966562022334,268.87709576150644,274.8521423339844,154000,0.0,0.0
2001-09-21 00:00:00+09:00,259.91464802370234,273.35850912837657,258.4208856787385,264.39593505859375,163000,0.0,0.0
2001-09-24 00:00:00+09:00,264.39593505859375,264.39593505859375,264.39593505859375,264.39593505859375,0,0.0,0.0
2001-09-25 00:00:00+09:00,276.3460831615806,276.3460831615806,265.88974487979107,270.37103271484375,115000,0.0,0.0
2001-09-26 00:00:00+09:00,277.83966562022334,279.3334272633428,270.3708574046259,274.8521423339844,134500,0.0,0.0
2001-09-27 00:00:00+09:00,273.3583631360853,276.34588623046875,268.8770784945101,276.34588623046875,109000,0.0,0.0
2001-09-28 00:00:00+09:00,276.34588623046875,276.34588623046875,276.34588623046875,276.34588623046875,0,0.0,0.0
2001-10-01 00:00:00+09:00,273.3583834209139,286.802238343254,268.8770984468006,282.3209533691406,184000,0.0,0.0
2001-10-02 00:00:00+09:00,286.80234375,286.80234375,280.82729492187497,283.8148193359375,124000,0.0,0.0
2001-10-03 00:00:00+09:00,288.295986906011,288.295986906011,279.33341736489155,280.8271789550781,198500,0.0,0.0
2001-10-04 00:00:00+09:00,286.8022587435233,288.2960205078125,283.8147352149449,288.2960205078125,129500,0.0,0.0
2001-10-05 00:00:00+09:00,283.8148193359375,285.30858154296874,279.3335327148437,283.8148193359375,110500,0.0,0.0
2001-10-08 00:00:00+09:00,283.8148193359375,283.8148193359375,283.8148193359375,283.8148193359375,0,0.0,0.0
2001-10-09 00:00:00+09:00,276.3459067369895,282.3209533691406,273.3583834209139,282.3209533691406,68500,0.0,0.0
2001-10-10 00:00:00+09:00,276.34589902816276,277.83966064453125,273.3583757954259,277.83966064453125,87000,0.0,0.0
2001-10-11 00:00:00+09:00,277.8396683950273,283.8147150271784,273.3583834209139,282.3209533691406,107500,0.0,0.0
2001-10-12 00:00:00+09:00,291.2835493637005,291.2835493637005,279.33345503083075,285.3085021972656,487000,0.0,0.0
2001-10-15 00:00:00+09:00,291.2835567513692,292.7773185808634,288.2960330923808,289.789794921875,186000,0.0,0.0
2001-10-16 00:00:00+09:00,289.789814342152,300.24614784934306,288.2960524125533,295.7648620605469,167500,0.0,0.0
2001-10-17 00:00:00+09:00,288.29602578048303,289.78978757209177,279.33345503083075,285.3085021972656,135000,0.0,0.0
2001-10-18 00:00:00+09:00,282.3209405452647,285.30846372563786,277.83965577470497,280.8271789550781,109500,0.0,0.0
2001-10-19 00:00:00+09:00,277.83965577470497,282.3209405452647,276.3458941845184,280.8271789550781,88500,0.0,0.0
2001-10-22 00:00:00+09:00,276.3460022625439,279.3335266113281,274.85224008815175,279.3335266113281,105000,0.0,0.0
2001-10-23 00:00:00+09:00,283.8148193359375,285.30858154296874,277.8397705078125,283.8148193359375,84500,0.0,0.0
2001-10-24 00:00:00+09:00,285.3085021972656,291.2835493637005,283.8147404056569,285.3085021972656,124000,0.0,0.0
2001-10-25 00:00:00+09:00,288.2960524125533,300.24614784934306,286.80229048295456,295.7648620605469,267000,0.0,0.0
2001-10-26 00:00:00+09:00,300.24612963499135,303.23365331295145,295.7648441180512,297.25860595703125,204500,0.0,0.0
2001-10-29 00:00:00+09:00,297.2585910935476,297.2585910935476,288.2960205078125,288.2960205078125,74500,0.0,0.0
2001-10-30 00:00:00+09:00,286.80225360576924,295.7648240309495,286.80225360576924,291.2835388183594,107000,0.0,0.0
2001-10-31 00:00:00+09:00,291.2835388183594,298.7523475060096,289.7897770808293,291.2835388183594,110000,0.0,0.0
2001-11-01 00:00:00+09:00,294.2710729469179,294.2710729469179,279.33345503083075,285.3085021972656,156500,0.0,0.0
2001-11-02 00:00:00+09:00,286.802238343254,286.802238343254,277.8396683950273,282.3209533691406,103000,0.0,0.0
2001-11-05 00:00:00+09:00,288.29602578048303,292.77731115530923,282.32097861404816,285.3085021972656,98500,0.0,0.0
2001-11-06 00:00:00+09:00,292.7773185808634,297.258604069346,288.2960330923808,289.789794921875,127500,0.0,0.0
2001-11-07 00:00:00+09:00,295.7649293237803,297.2586915930923,291.28364251584424,292.77740478515625,160500,0.0,0.0
2001-11-08 00:00:00+09:00,291.2835034985228,294.2710266113281,286.8022188293147,294.2710266113281,67500,0.0,0.0
2001-11-09 00:00:00+09:00,294.2710266113281,294.2710266113281,294.2710266113281,294.2710266113281,0,0.0,0.0
2001-11-12 00:00:00+09:00,286.802238343254,289.78976165932954,282.3209533691406,282.3209533691406,68500,0.0,0.0
2001-11-13 00:00:00+09:00,286.802238343254,286.802238343254,279.33343005306506,282.3209533691406,157000,0.0,0.0
2001-11-14 00:00:00+09:00,283.8147150271784,286.802238343254,282.3209533691406,282.3209533691406,85000,0.0,0.0
2001-11-15 00:00:00+09:00,279.33344992207736,291.2835440363908,279.33344992207736,288.2960205078125,119000,0.0,0.0
2001-11-16 00:00:00+09:00,291.2835567513692,298.7523658988402,286.8022712628866,289.789794921875,170500,0.0,0.0
2001-11-19 00:00:00+09:00,291.2835567513692,292.7773185808634,288.2960330923808,289.789794921875,117000,0.0,0.0
2001-11-20 00:00:00+09:00,295.7648293292584,295.7648293292584,286.8022587435233,288.2960205078125,111000,0.0,0.0
2001-11-21 00:00:00+09:00,291.2835388183594,295.7648240309495,289.7897770808293,291.2835388183594,146500,0.0,0.0
2001-11-22 00:00:00+09:00,291.2835388183594,297.2585857684796,285.3084918682392,291.2835388183594,188000,0.0,0.0
2001-11-23 00:00:00+09:00,291.2835388183594,291.2835388183594,291.2835388183594,291.2835388183594,0,0.0,0.0
2001-11-26 00:00:00+09:00,297.2586733315878,309.2087707519531,295.7649111540421,309.2087707519531,203500,0.0,0.0
2001-11-27 00:00:00+09:00,301.73997840102834,304.7275029396524,292.77740478515625,292.77740478515625,219500,0.0,0.0
2001-11-28 00:00:00+09:00,297.2586096127828,298.7523714701334,286.8022766113281,286.8022766113281,115000,0.0,0.0
2001-11-29 00:00:00+09:00,292.77736267089847,298.7524108886719,291.2836006164551,298.7524108886719,140000,0.0,0.0
2001-11-30 00:00:00+09:00,294.27108041035757,294.27108041035757,288.2960330923808,289.789794921875,121000,0.0,0.0
2001-12-03 00:00:00+09:00,294.2711547851562,295.76491699218747,283.8148193359375,283.8148193359375,173500,0.0,0.0
2001-12-04 00:00:00+09:00,285.3084969792341,288.2960205078125,283.8147352149449,288.2960205078125,175500,0.0,0.0
2001-12-05 00:00:00+09:00,288.29601534329925,292.77730055588944,285.3084918682392,291.2835388183594,129000,0.0,0.0
2001-12-06 00:00:00+09:00,291.2835440363908,295.7648293292584,288.2960205078125,288.2960205078125,152500,0.0,0.0
2001-12-07 00:00:00+09:00,294.27108041035757,295.7648422398518,289.789794921875,289.789794921875,204500,0.0,0.0
2001-12-10 00:00:00+09:00,289.789794921875,294.27108041035757,289.789794921875,289.789794921875,120500,0.0,0.0
2001-12-11 00:00:00+09:00,289.7898681640625,289.7898681640625,283.8148193359375,283.8148193359375,159500,0.0,0.0
2001-12-12 00:00:00+09:00,283.8147666237571,297.2586239901456,283.8147666237571,295.7648620605469,183500,0.0,0.0
2001-12-13 00:00:00+09:00,292.77738618085726,292.77738618085726,279.3335266113281,279.3335266113281,247500,0.0,0.0
2001-12-14 00:00:00+09:00,286.802238343254,288.29600000129176,279.33343005306506,282.3209533691406,1669000,0.0,0.0
2001-12-17 00:00:00+09:00,279.3334222608997,283.81470711000503,277.83966064453125,277.83966064453125,109000,0.0,0.0
2001-12-18 00:00:00+09:00,277.83965577470497,285.30846372563786,273.35837100414517,280.8271789550781,233500,0.0,0.0
2001-12-19 00:00:00+09:00,273.3583799850109,276.3459032635356,250.9519553960756,256.927001953125,397500,0.0,0.0
2001-12-20 00:00:00+09:00,258.42084381797093,267.38341643593526,256.9270817149769,262.9021301269531,321500,0.0,0.0
2001-12-21 00:00:00+09:00,276.34590903481285,280.8271940461882,268.8771006825206,271.8646240234375,228500,0.0,0.0
2001-12-24 00:00:00+09:00,271.8646240234375,271.8646240234375,271.8646240234375,271.8646240234375,0,0.0,0.0
2001-12-25 00:00:00+09:00,266.5931846660804,272.6178894042969,265.08700848152625,272.6178894042969,214000,3.0,0.0
2001-12-26 00:00:00+09:00,269.6055030822754,271.11167907714844,265.08697509765625,265.08697509765625,105500,0.0,0.0
2001-12-27 00:00:00+09:00,265.0868771114865,278.6424560546875,263.5807016733531,278.6424560546875,142500,0.0,0.0
2001-12-28 00:00:00+09:00,271.1115524888705,278.64242894689465,265.08685132245114,269.6053771972656,95500,0.0,0.0
2001-12-31 00:00:00+09:00,269.6053771972656,269.6053771972656,269.6053771972656,269.6053771972656,0,0.0,0.0
2002-01-01 00:00:00+09:00,269.6053771972656,269.6053771972656,269.6053771972656,269.6053771972656,0,0.0,0.0
2002-01-02 00:00:00+09:00,269.6053771972656,269.6053771972656,269.6053771972656,269.6053771972656,0,0.0,0.0
2002-01-03 00:00:00+09:00,269.6053771972656,269.6053771972656,269.6053771972656,269.6053771972656,0,0.0,0.0
2002-01-04 00:00:00+09:00,271.1116943359375,271.1116943359375,265.08699001736113,271.1116943359375,83000,0.0,0.0
2002-01-07 00:00:00+09:00,274.124065588851,280.1487703270675,268.09936085063447,272.6178894042969,150000,0.0,0.0
2002-01-08 00:00:00+09:00,275.63007836368496,277.1362536552898,269.6053771972656,269.6053771972656,104500,0.0,0.0
2002-01-09 00:00:00+09:00,271.1116943359375,274.1240464952257,269.6055182562934,271.1116943359375,91000,0.0,0.0
2002-01-10 00:00:00+09:00,268.09918212890625,271.1115324899052,266.5930069484068,268.09918212890625,118500,0.0,0.0
2002-01-11 00:00:00+09:00,269.605475453283,271.1116512938042,260.56842041015625,260.56842041015625,269000,0.0,0.0
2002-01-14 00:00:00+09:00,260.56842041015625,260.56842041015625,260.56842041015625,260.56842041015625,0,0.0,0.0
2002-01-15 00:00:00+09:00,259.0621973523021,259.0621973523021,254.54367065429688,254.54367065429688,140000,0.0,0.0
2002-01-16 00:00:00+09:00,254.54356448621635,254.54356448621635,250.02503967285156,250.02503967285156,194000,0.0,0.0
2002-01-17 00:00:00+09:00,250.02520334942741,251.53137927321913,237.97579595909355,242.49432373046875,333000,0.0,0.0
2002-01-18 00:00:00+09:00,244.0004618826088,247.01281326387556,240.98811050134202,245.5066375732422,198500,0.0,0.0
2002-01-21 00:00:00+09:00,248.5189208984375,254.5436220111269,247.01274562026515,248.5189208984375,264000,0.0,0.0
2002-01-22 00:00:00+09:00,253.03748898389864,254.5436645135647,245.50661133556832,247.01278686523438,195500,0.0,0.0
2002-01-23 00:00:00+09:00,250.02503967285156,254.54356448621635,245.5065148594868,250.02503967285156,111000,0.0,0.0
2002-01-24 00:00:00+09:00,248.51898895450896,254.54369171704252,242.49428619197542,245.5066375732422,177500,0.0,0.0
2002-01-25 00:00:00+09:00,247.0127647927722,247.0127647927722,239.4818878173828,239.4818878173828,328000,0.0,0.0
2002-01-28 00:00:00+09:00,240.98806122202933,247.01276275258007,240.98806122202933,244.0004119873047,201500,0.0,0.0
2002-01-29 00:00:00+09:00,244.00041198730472,247.01276275258007,244.00041198730472,244.0004119873047,132000,0.0,0.0
2002-01-30 00:00:00+09:00,244.00039506392045,248.5189208984375,244.00039506392045,248.5189208984375,153000,0.0,0.0
2002-01-31 00:00:00+09:00,248.5189208984375,248.5189208984375,248.5189208984375,248.5189208984375,0,0.0,0.0
2002-02-01 00:00:00+09:00,240.9880632124607,242.49423860753856,237.97571242230492,239.4818878173828,194000,0.0,0.0
2002-02-04 00:00:00+09:00,242.49428911209105,242.49428911209105,239.48193769454954,240.9881134033203,96500,0.0,0.0
2002-02-05 00:00:00+09:00,240.98807648689515,242.49425196493826,233.4571990966797,233.4571990966797,195000,0.0,0.0
2002-02-06 00:00:00+09:00,233.45722123688344,236.46957247864967,230.4448699951172,230.4448699951172,173500,0.0,0.0
2002-02-07 00:00:00+09:00,236.46955005276587,239.48190100885205,231.95102361863658,233.4571990966797,272000,0.0,0.0
2002-02-08 00:00:00+09:00,233.4572337223933,239.4819365281325,231.95105802095853,234.96340942382812,562000,0.0,0.0
2002-02-11 00:00:00+09:00,234.96340942382812,234.96340942382812,234.96340942382812,234.96340942382812,0,0.0,0.0
2002-02-12 00:00:00+09:00,239.4819140856779,244.00044076653975,237.97573852539062,237.97573852539062,233500,0.0,0.0
2002-02-13 00:00:00+09:00,244.0004618826088,248.51898895450896,242.49428619197542,245.5066375732422,349500,0.0,0.0
2002-02-14 00:00:00+09:00,247.01278686523438,254.5436645135647,247.01278686523438,247.01278686523438,250000,0.0,0.0
2002-02-15 00:00:00+09:00,247.0128162384033,248.51899194717407,240.9881134033203,240.9881134033203,215500,0.0,0.0
2002-02-18 00:00:00+09:00,240.98804450757575,248.5189208984375,240.98804450757575,248.5189208984375,174000,0.0,0.0
2002-02-19 00:00:00+09:00,248.51902742563567,248.51902742563567,242.49432373046875,242.49432373046875,208000,0.0,0.0
2002-02-20 00:00:00+09:00,240.9881134033203,247.0128162384033,239.48193769454954,240.9881134033203,217500,0.0,0.0
2002-02-21 00:00:00+09:00,244.00040817260742,253.03746032714844,240.98805745442706,253.03746032714844,269500,0.0,0.0
2002-02-22 00:00:00+09:00,253.03757467830883,256.0499267578125,250.02522259880516,256.0499267578125,250500,0.0,0.0
2002-02-25 00:00:00+09:00,254.54369171704252,259.0622187889427,245.5066375732422,245.5066375732422,192500,0.0,0.0
2002-02-26 00:00:00+09:00,256.04984004323074,256.04984004323074,247.01278686523438,247.01278686523438,214500,0.0,0.0
2002-02-27 00:00:00+09:00,254.54363630022323,263.5806884765625,251.5312855747768,263.5806884765625,251500,0.0,0.0
2002-02-28 00:00:00+09:00,265.08694793171964,269.605475453283,260.56842041015625,260.56842041015625,227500,0.0,0.0
2002-03-01 00:00:00+09:00,262.0745076718538,277.1362609863281,260.56833234040636,277.1362609863281,212000,0.0,0.0
2002-03-04 00:00:00+09:00,274.12391535441077,289.1856689453125,274.12391535441077,289.1856689453125,358000,0.0,0.0
2002-03-05 00:00:00+09:00,286.17340414281836,290.69193157665234,278.6425250864284,281.6548767089844,281000,0.0,0.0
2002-03-06 00:00:00+09:00,289.1856689453125,296.7165457407633,286.17331822713214,289.1856689453125,320500,0.0,0.0
2002-03-07 00:00:00+09:00,293.7042190779501,305.7536229375583,290.69186811304803,302.74127197265625,483000,0.0,0.0
2002-03-08 00:00:00+09:00,307.2598763814787,313.28457983993906,278.64253495379194,308.76605224609375,1194000,0.0,0.0
2002-03-11 00:00:00+09:00,302.74123072860266,308.7659318376296,301.23505545134594,304.2474060058594,248000,0.0,0.0
2002-03-12 00:00:00+09:00,305.7536926269531,313.2845717556958,305.7536926269531,305.7536926269531,250500,0.0,0.0
2002-03-13 00:00:00+09:00,308.7659851074219,316.29686279296874,301.235107421875,301.235107421875,316500,0.0,0.0
2002-03-14 00:00:00+09:00,302.74123072860266,308.7659318376296,299.72888017408917,304.2474060058594,349000,0.0,0.0
2002-03-15 00:00:00+09:00,299.72888017408917,304.2474060058594,299.72888017408917,304.2474060058594,166000,0.0,0.0
2002-03-18 00:00:00+09:00,304.2475168012046,308.7660442784502,304.2475168012046,305.7536926269531,166000,0.0,0.0
2002-03-19 00:00:00+09:00,307.25978323129505,314.7906602712778,307.25978323129505,313.28448486328125,380000,0.0,0.0
2002-03-20 00:00:00+09:00,311.77830945528467,314.7906602712778,308.76595863929157,313.28448486328125,310000,0.0,0.0
2002-03-21 00:00:00+09:00,313.28448486328125,313.28448486328125,313.28448486328125,313.28448486328125,0,0.0,0.0
2002-03-22 00:00:00+09:00,310.27208545161227,313.28443579580266,301.235034419041,307.2597351074219,223000,0.0,0.0
2002-03-25 00:00:00+09:00,299.72893188476564,305.7536340332031,296.7165808105469,301.235107421875,140500,0.0,0.0
2002-03-26 00:00:00+09:00,301.2350964902052,311.7783248673624,296.71657004285214,302.74127197265625,180000,0.0,0.0
2002-03-27 00:00:00+09:00,302.74127197265625,305.7536229375583,296.71657004285214,302.74127197265625,98500,0.0,0.0
2002-03-28 00:00:00+09:00,298.22275634765623,301.235107421875,296.7165808105469,301.235107421875,88500,0.0,0.0
2002-03-29 00:00:00+09:00,304.2474751052461,304.2474751052461,289.1857189119171,290.69189453125,121000,0.0,0.0
2002-04-01 00:00:00+09:00,293.70424576991576,293.70424576991576,283.16101643458546,290.69189453125,137000,0.0,0.0
2002-04-02 00:00:00+09:00,290.69184430440265,292.1980196634928,283.1609675089518,289.1856689453125,100500,0.0,0.0
2002-04-03 00:00:00+09:00,281.65481521834187,302.74127197265625,281.65481521834187,302.74127197265625,164500,0.0,0.0
2002-04-04 00:00:00+09:00,296.7165222167969,302.74122317551354,296.7165222167969,296.7165222167969,133000,0.0,0.0
2002-04-05 00:00:00+09:00,302.74123072860266,304.2474060058594,299.72888017408917,304.2474060058594,136500,0.0,0.0
2002-04-08 00:00:00+09:00,301.2351184634108,304.24746964804496,299.72894287109375,299.72894287109375,107000,0.0,0.0
2002-04-09 00:00:00+09:00,299.7290384720783,302.7413906175263,292.19815810845824,295.21051025390625,126500,0.0,0.0
2002-04-10 00:00:00+09:00,295.2104052734375,301.235107421875,293.7042297363281,301.235107421875,151500,0.0,0.0
2002-04-11 00:00:00+09:00,298.2227726279145,299.7289482472474,290.69189453125,290.69189453125,82500,0.0,0.0
2002-04-12 00:00:00+09:00,290.69189453125,295.21042138924867,287.6795432925842,290.69189453125,334000,0.0,0.0
2002-04-15 00:00:00+09:00,296.7165419453322,301.2350679648043,293.7041912656842,298.22271728515625,327500,0.0,0.0
2002-04-16 00:00:00+09:00,295.2104160941426,304.24746964804496,295.2104160941426,299.72894287109375,226500,0.0,0.0
2002-04-17 00:00:00+09:00,299.72898932395896,305.7536926269531,298.2228134982104,305.7536926269531,236500,0.0,0.0
2002-04-18 00:00:00+09:00,302.74127197265625,307.2597984200093,299.7289210077542,302.74127197265625,206000,0.0,0.0
2002-04-19 00:00:00+09:00,301.23505545134594,305.7535812831161,298.22270489683245,304.2474060058594,102500,0.0,0.0
2002-04-22 00:00:00+09:00,302.74123072860266,308.7659318376296,302.74123072860266,304.2474060058594,140500,0.0,0.0
2002-04-23 00:00:00+09:00,304.2475168012046,308.7660442784502,301.23516514970754,305.7536926269531,135500,0.0,0.0
2002-04-24 00:00:00+09:00,305.7535599353267,308.7659102795171,305.7535599353267,307.2597351074219,158000,0.0,0.0
2002-04-25 00:00:00+09:00,308.7659318376296,313.2844576693998,304.2474060058594,304.2474060058594,260500,0.0,0.0
2002-04-26 00:00:00+09:00,311.7783361816406,311.7783361816406,298.22275634765623,301.235107421875,232000,0.0,0.0
2002-04-29 00:00:00+09:00,301.235107421875,301.235107421875,301.235107421875,301.235107421875,0,0.0,0.0
2002-04-30 00:00:00+09:00,301.2351184634108,301.2351184634108,295.2104160941426,299.72894287109375,94500,0.0,0.0
2002-05-01 00:00:00+09:00,299.72894287109375,299.72894287109375,296.71659168645965,299.72894287109375,77500,0.0,0.0
2002-05-02 00:00:00+09:00,301.23504793583436,301.23504793583436,296.7165222167969,296.7165222167969,83500,0.0,0.0
2002-05-03 00:00:00+09:00,296.7165222167969,296.7165222167969,296.7165222167969,296.7165222167969,0,0.0,0.0
2002-05-06 00:00:00+09:00,296.7165222167969,296.7165222167969,296.7165222167969,296.7165222167969,0,0.0,0.0
2002-05-07 00:00:00+09:00,298.2227726279145,299.7289482472474,289.1857189119171,290.69189453125,126000,0.0,0.0
2002-05-08 00:00:00+09:00,290.6918786621094,301.235107421875,290.6918786621094,301.235107421875,182500,0.0,0.0
2002-05-09 00:00:00+09:00,301.2351184634108,304.24746964804496,299.72894287109375,299.72894287109375,173500,0.0,0.0
2002-05-10 00:00:00+09:00,296.7166863266303,299.7290384720783,295.21051025390625,295.21051025390625,140000,0.0,0.0
2002-05-13 00:00:00+09:00,295.2104102065883,296.71658576886676,290.6918835197527,292.19805908203125,114000,0.0,0.0
2002-05-14 00:00:00+09:00,293.70423464430974,295.2104102065883,287.67953239519574,292.19805908203125,111000,0.0,0.0
2002-05-15 00:00:00+09:00,293.70424050182555,302.74129405572785,293.70424050182555,299.72894287109375,216500,0.0,0.0
2002-05-16 00:00:00+09:00,298.22271728515625,298.22271728515625,293.7041912656842,298.22271728515625,144500,0.0,0.0
2002-05-17 00:00:00+09:00,298.22275634765623,304.24745849609377,296.7165808105469,301.235107421875,199500,0.0,0.0
2002-05-20 00:00:00+09:00,304.24746964804496,304.24746964804496,298.2227672787767,299.72894287109375,151000,0.0,0.0
2002-05-21 00:00:00+09:00,299.72893188476564,302.74128295898436,298.22275634765623,301.235107421875,87500,0.0,0.0
2002-05-22 00:00:00+09:00,301.2351729230183,310.27222811070885,299.7289970584032,308.76605224609375,259000,0.0,0.0
2002-05-23 00:00:00+09:00,310.27214485205315,311.7783203125,307.2597939311594,311.7783203125,138500,0.0,0.0
2002-05-24 00:00:00+09:00,311.77839260656856,313.2845684162621,307.2598651774879,310.272216796875,310500,0.0,0.0
2002-05-27 00:00:00+09:00,308.76596939160623,314.7906712333937,308.76596939160623,311.7783203125,309000,0.0,0.0
2002-05-28 00:00:00+09:00,313.2845684162621,313.2845684162621,307.2598651774879,310.272216796875,181500,0.0,0.0
2002-05-29 00:00:00+09:00,305.753645240362,308.7659964249961,299.72894287109375,299.72894287109375,159500,0.0,0.0
2002-05-30 00:00:00+09:00,301.23506986177887,302.74124521108774,293.7041931152344,293.7041931152344,189500,0.0,0.0
2002-05-31 00:00:00+09:00,301.2351184634108,305.753645240362,296.71659168645965,299.72894287109375,164000,0.0,0.0
2002-06-03 00:00:00+09:00,301.235107421875,302.74128295898436,299.72893188476564,301.235107421875,137000,0.0,0.0
2002-06-04 00:00:00+09:00,302.7412880179808,302.7412880179808,292.19805908203125,292.19805908203125,201500,0.0,0.0
2002-06-05 00:00:00+09:00,299.72889262498023,299.72889262498023,295.21036660550817,298.22271728515625,124500,0.0,0.0
2002-06-06 00:00:00+09:00,296.71658576886676,298.2227613311453,292.19805908203125,292.19805908203125,179000,0.0,0.0
2002-06-07 00:00:00+09:00,289.1857189119171,292.1980701505829,287.6795432925842,290.69189453125,187500,0.0,0.0
2002-06-10 00:00:00+09:00,287.6794935862223,293.704195022583,287.6794935862223,289.1856689453125,128500,0.0,0.0
2002-06-11 00:00:00+09:00,289.18574116492147,292.1980926353894,287.6795654296875,287.6795654296875,110500,0.0,0.0
2002-06-12 00:00:00+09:00,287.6795654296875,290.69191690015543,286.17338969445353,287.6795654296875,157000,0.0,0.0
2002-06-13 00:00:00+09:00,289.18565076462767,289.18565076462767,283.16094970703125,283.16094970703125,245000,0.0,0.0
2002-06-14 00:00:00+09:00,287.6795799540963,287.6795799540963,280.14870089770636,281.6548767089844,1116500,0.0,0.0
2002-06-17 00:00:00+09:00,275.63024177340515,277.1364179579593,260.56847992786385,272.6178894042969,408000,0.0,0.0
2002-06-18 00:00:00+09:00,268.0992019056608,275.63007836368496,266.59302661405593,269.6053771972656,240500,0.0,0.0
2002-06-19 00:00:00+09:00,269.60543519851063,269.60543519851063,257.5560302734375,257.5560302734375,226000,0.0,0.0
2002-06-20 00:00:00+09:00,257.556095123291,265.08697509765625,254.54374313354492,265.08697509765625,286500,0.0,0.0
2002-06-21 00:00:00+09:00,262.07455712033993,263.58073273597404,257.5560302734375,257.5560302734375,149000,0.0,0.0
2002-06-24 00:00:00+09:00,262.0745150543923,262.0745150543923,256.049813558889,259.0621643066406,212000,0.0,0.0
2002-06-25 00:00:00+09:00,257.556068729114,262.07459625067736,254.5437170480717,260.56842041015625,208500,0.0,0.0
2002-06-26 00:00:00+09:00,256.04984004323074,257.5560155728968,245.50661133556832,247.01278686523438,296500,0.0,0.0
2002-06-27 00:00:00+09:00,253.03749508829512,254.54367065429688,248.51896839028984,254.54367065429688,149000,0.0,0.0
2002-06-28 00:00:00+09:00,251.531398638557,260.568454877068,251.531398638557,256.0499267578125,182500,0.0,0.0
2002-07-01 00:00:00+09:00,256.0499267578125,262.07463091681984,254.54375071806066,256.0499267578125,167500,0.0,0.0
2002-07-02 00:00:00+09:00,256.0499267578125,257.55610279756434,253.03757467830883,256.0499267578125,121500,0.0,0.0
2002-07-03 00:00:00+09:00,256.04987882624914,266.5931091308594,254.54370306844766,266.5931091308594,195000,0.0,0.0
2002-07-04 00:00:00+09:00,263.5806884765625,265.08686383928574,260.5683377511161,263.5806884765625,115000,0.0,0.0
2002-07-05 00:00:00+09:00,271.1116364042638,275.6301636776682,266.5931091308594,266.5931091308594,294500,0.0,0.0
2002-07-08 00:00:00+09:00,274.1239879198667,275.6301636776682,266.5931091308594,266.5931091308594,181500,0.0,0.0
2002-07-09 00:00:00+09:00,265.0868583347486,277.1362609863281,265.0868583347486,277.1362609863281,146500,0.0,0.0
2002-07-10 00:00:00+09:00,269.60535730940575,277.1362332119031,268.09918212890625,268.09918212890625,175000,0.0,0.0
2002-07-11 00:00:00+09:00,266.59312377224074,269.605475453283,260.56842041015625,260.56842041015625,153500,0.0,0.0
2002-07-12 00:00:00+09:00,268.09921456473216,268.09921456473216,260.5683377511161,263.5806884765625,346000,0.0,0.0
2002-07-15 00:00:00+09:00,263.58073273597404,263.58073273597404,257.5560302734375,257.5560302734375,152500,0.0,0.0
2002-07-16 00:00:00+09:00,256.04984004323074,259.0621911025629,247.01278686523438,247.01278686523438,368000,0.0,0.0
2002-07-17 00:00:00+09:00,248.51896839028984,256.0498462202986,247.01279282428808,254.54367065429688,132000,0.0,0.0
2002-07-18 00:00:00+09:00,256.0498546578034,259.06220588907166,253.0375034265351,257.5560302734375,161000,0.0,0.0
2002-07-19 00:00:00+09:00,256.0497394240046,256.0497394240046,248.51886473506332,250.02503967285156,190500,0.0,0.0
2002-07-22 00:00:00+09:00,250.02516464514235,253.03751602640912,245.5066375732422,245.5066375732422,194000,0.0,0.0
2002-07-23 00:00:00+09:00,245.5065148594868,250.02503967285156,245.5065148594868,250.02503967285156,116000,0.0,0.0
2002-07-24 00:00:00+09:00,247.01278686523438,250.0251379245665,245.50661133556832,247.01278686523438,161000,0.0,0.0
2002-07-25 00:00:00+09:00,251.53128496805826,254.5436356862386,248.51893424987793,253.03746032714844,201000,0.0,0.0
2002-07-26 00:00:00+09:00,253.03751602640912,253.03751602640912,244.0004618826088,245.5066375732422,207000,0.0,0.0
2002-07-29 00:00:00+09:00,250.02511351785543,250.02511351785543,244.00041198730472,244.0004119873047,218500,0.0,0.0
2002-07-30 00:00:00+09:00,248.51886473506332,251.53121461063984,248.51886473506332,250.02503967285156,122000,0.0,0.0
2002-07-31 00:00:00+09:00,253.03748898389864,253.03748898389864,245.50661133556832,247.01278686523438,81000,0.0,0.0
2002-08-01 00:00:00+09:00,250.02516464514235,250.02516464514235,242.49428619197542,245.5066375732422,138000,0.0,0.0
2002-08-02 00:00:00+09:00,245.5065873699424,247.01276275258007,242.494236604667,244.0004119873047,114000,0.0,0.0
2002-08-05 00:00:00+09:00,240.98811050134202,245.5066375732422,240.98811050134202,245.5066375732422,162000,0.0,0.0
2002-08-06 00:00:00+09:00,242.49426520625246,244.00044076653975,234.96338740481605,237.97573852539062,214500,0.0,0.0
2002-08-07 00:00:00+09:00,240.98804450757575,248.5189208984375,240.98804450757575,248.5189208984375,134500,0.0,0.0
2002-08-08 00:00:00+09:00,248.51896239490043,250.0251379245665,242.4942602762362,247.01278686523438,128500,0.0,0.0
2002-08-09 00:00:00+09:00,245.5065703420928,250.02509617660985,244.00039506392045,248.5189208984375,357000,0.0,0.0
2002-08-12 00:00:00+09:00,245.50664052963256,245.50664052963256,240.9881134033203,240.9881134033203,139000,0.0,0.0
2002-08-13 00:00:00+09:00,244.00041198730472,245.5065873699424,240.98806122202933,244.0004119873047,121500,0.0,0.0
2002-08-14 00:00:00+09:00,244.00044076653975,244.00044076653975,237.97573852539062,237.97573852539062,115000,0.0,0.0
2002-08-15 00:00:00+09:00,239.4819718828853,242.49432373046875,239.4819718828853,242.49432373046875,117000,0.0,0.0
2002-08-16 00:00:00+09:00,239.48193769454954,242.49428911209105,236.46958627700806,240.9881134033203,132500,0.0,0.0
2002-08-19 00:00:00+09:00,237.9757496050209,239.4819252354324,233.4572227137863,236.46957397460938,166000,0.0,0.0
2002-08-20 00:00:00+09:00,239.4819365281325,239.4819365281325,230.44488231952374,234.96340942382812,163500,0.0,0.0
2002-08-21 00:00:00+09:00,233.4572337223933,237.9757608266977,231.95105802095853,234.96340942382812,116000,0.0,0.0
2002-08-22 00:00:00+09:00,234.96336163214917,240.9880632124607,230.44483544691553,239.4818878173828,268000,0.0,0.0
2002-08-23 00:00:00+09:00,239.4818878173828,239.4818878173828,239.4818878173828,239.4818878173828,0,0.0,0.0
2002-08-26 00:00:00+09:00,240.9881262864895,251.5313568115234,239.48195049719894,251.53135681152344,242000,0.0,0.0
2002-08-27 00:00:00+09:00,244.00046482086182,248.51899194717407,240.9881134033203,240.9881134033203,189500,0.0,0.0
2002-08-28 00:00:00+09:00,247.01285150184395,247.01285150184395,240.98814780667703,242.49432373046875,104500,0.0,0.0
2002-08-29 00:00:00+09:00,239.4819252354324,240.98810086584393,234.96339834419783,236.46957397460938,158500,0.0,0.0
2002-08-30 00:00:00+09:00,236.46953702722706,240.9880632124607,233.4571862370713,239.4818878173828,85000,0.0,0.0
2002-09-02 00:00:00+09:00,236.4695851252629,237.9757608266977,233.4572337223933,234.96340942382812,119000,0.0,0.0
2002-09-03 00:00:00+09:00,231.9510215102442,234.96337243894868,227.4324951171875,227.4324951171875,198500,0.0,0.0
2002-09-04 00:00:00+09:00,225.9263528359903,228.93870420713682,218.39547440812396,222.91400146484375,214000,0.0,0.0
2002-09-05 00:00:00+09:00,221.40771484375,224.42006470556973,219.90153991284015,221.40771484375,196000,0.0,0.0
2002-09-06 00:00:00+09:00,222.91388977465988,224.42006470556973,219.90153991284015,221.40771484375,114500,0.0,0.0
2002-09-09 00:00:00+09:00,222.91399454752604,227.43252146402995,222.91399454752604,225.9263458251953,88000,0.0,0.0
2002-09-10 00:00:00+09:00,228.93869710286458,231.95104838053385,225.9263458251953,225.9263458251953,110500,0.0,0.0
2002-09-11 00:00:00+09:00,230.44485041969702,230.44485041969702,225.92632394087943,228.9386749267578,93500,0.0,0.0
2002-09-12 00:00:00+09:00,228.93869710286458,228.93869710286458,222.91399454752604,225.9263458251953,93000,0.0,0.0
2002-09-13 00:00:00+09:00,225.9263528359903,227.43252852156357,221.4078257792705,222.91400146484375,1301500,0.0,0.0
2002-09-16 00:00:00+09:00,222.91400146484375,222.91400146484375,222.91400146484375,222.91400146484375,0,0.0,0.0
2002-09-17 00:00:00+09:00,228.93866005183767,239.4818878173828,228.93866005183767,239.4818878173828,215000,0.0,0.0
2002-09-18 00:00:00+09:00,233.45722123688344,237.9757480995328,227.43251875335096,230.4448699951172,137000,0.0,0.0
2002-09-19 00:00:00+09:00,236.46958342944185,245.5066375732422,234.96340773880848,245.5066375732422,216500,0.0,0.0
2002-09-20 00:00:00+09:00,239.4819718828853,247.01285150184395,236.46962003530183,242.49432373046875,155500,0.0,0.0
2002-09-23 00:00:00+09:00,242.49432373046875,242.49432373046875,242.49432373046875,242.49432373046875,0,0.0,0.0
2002-09-24 00:00:00+09:00,239.4819718828853,242.49432373046875,237.97579595909355,242.49432373046875,125000,0.0,0.0
2002-09-25 00:00:00+09:00,244.00046482086182,244.00046482086182,239.48193769454954,240.9881134033203,119500,0.0,0.0
2002-09-26 00:00:00+09:00,242.4942197857481,248.5189208984375,242.4942197857481,248.5189208984375,214000,0.0,0.0
2002-09-27 00:00:00+09:00,248.5189765796327,257.5560302734375,247.01280096399856,257.5560302734375,293000,0.0,0.0
2002-09-30 00:00:00+09:00,248.5190465590533,256.0499267578125,248.5190465590533,256.0499267578125,170500,0.0,0.0
2002-10-01 00:00:00+09:00,250.02511351785543,253.03746428313082,244.00041198730472,244.0004119873047,146000,0.0,0.0
2002-10-02 00:00:00+09:00,244.0004996542605,245.5066755780522,242.49432373046875,242.49432373046875,103500,0.0,0.0
2002-10-03 00:00:00+09:00,242.494236604667,250.02511351785543,240.98806122202933,244.0004119873047,159500,0.0,0.0
2002-10-04 00:00:00+09:00,240.98805745442706,254.5436356862386,240.98805745442706,253.03746032714844,319000,0.0,0.0
2002-10-07 00:00:00+09:00,247.0128162384033,248.51899194717407,240.9881134033203,240.9881134033203,231500,0.0,0.0
2002-10-08 00:00:00+09:00,242.49432373046875,247.01285150184395,240.98814780667703,242.49432373046875,208000,0.0,0.0
2002-10-09 00:00:00+09:00,240.98809934129903,244.00045058306526,228.93869437423407,230.4448699951172,227500,0.0,0.0
2002-10-10 00:00:00+09:00,230.44488412741848,230.44488412741848,222.91400556116295,224.42018127441406,241500,0.0,0.0
2002-10-11 00:00:00+09:00,225.9263174874442,233.45719473702567,225.9263174874442,231.95101928710938,328000,0.0,0.0
2002-10-14 00:00:00+09:00,231.95101928710938,231.95101928710938,231.95101928710938,231.95101928710938,0,0.0,0.0
2002-10-15 00:00:00+09:00,237.9757496050209,239.4819252354324,234.96339834419783,236.46957397460938,147000,0.0,0.0
2002-10-16 00:00:00+09:00,237.9757480995328,239.48192372041592,228.93869437423407,230.4448699951172,212000,0.0,0.0
2002-10-17 00:00:00+09:00,233.4571990966797,234.96337457472276,228.9386726625504,233.4571990966797,136500,0.0,0.0
2002-10-18 00:00:00+09:00,233.4572337223933,237.9757608266977,233.4572337223933,234.96340942382812,107000,0.0,0.0
2002-10-21 00:00:00+09:00,233.45719473702567,237.97572108677457,231.95101928710938,231.95101928710938,126000,0.0,0.0
2002-10-22 00:00:00+09:00,228.93858949829934,230.4447644292092,219.90153991284015,221.40771484375,216500,0.0,0.0
2002-10-23 00:00:00+09:00,221.40771484375,224.42006470556973,221.40771484375,221.40771484375,174500,0.0,0.0
2002-10-24 00:00:00+09:00,221.40782870588632,222.91400441136852,218.39547729492188,218.39547729492188,238500,0.0,0.0
2002-10-25 00:00:00+09:00,222.91397295500104,230.44485041969702,221.40779746206184,228.9386749267578,175500,0.0,0.0
2002-10-28 00:00:00+09:00,224.42017715041703,225.9263528359903,218.39547440812396,222.91400146484375,198000,0.0,0.0
2002-10-29 00:00:00+09:00,224.42006470556973,224.42006470556973,219.90153991284015,221.40771484375,146000,0.0,0.0
2002-10-30 00:00:00+09:00,219.90162196912263,228.9386749267578,219.90162196912263,228.9386749267578,117500,0.0,0.0
2002-10-31 00:00:00+09:00,230.4447644292092,230.4447644292092,218.39536498193027,221.40771484375,170000,0.0,0.0
2002-11-01 00:00:00+09:00,221.40782870588632,222.91400441136852,216.88930158943964,218.39547729492188,118000,0.0,0.0
2002-11-04 00:00:00+09:00,218.39547729492188,218.39547729492188,218.39547729492188,218.39547729492188,0,0.0,0.0
2002-11-05 00:00:00+09:00,221.40777138487934,221.40777138487934,216.88924543824913,219.90159606933594,117000,0.0,0.0
2002-11-06 00:00:00+09:00,221.4078189086914,228.93869710286458,221.4078189086914,225.9263458251953,170000,0.0,0.0
2002-11-07 00:00:00+09:00,225.92632394087943,228.9386749267578,224.42014844794022,228.9386749267578,111500,0.0,0.0
2002-11-08 00:00:00+09:00,225.9262396364796,227.43241456738946,219.90153991284015,221.40771484375,204000,0.0,0.0
2002-11-11 00:00:00+09:00,219.90153991284015,221.40771484375,218.39536498193027,221.40771484375,108000,0.0,0.0
2002-11-12 00:00:00+09:00,221.40782984791187,224.42018127441406,219.90165413466076,224.42018127441406,120000,0.0,0.0
2002-11-13 00:00:00+09:00,225.9263528359903,225.9263528359903,218.39547440812396,222.91400146484375,122500,0.0,0.0
2002-11-14 00:00:00+09:00,219.90167521744323,221.40785107509694,209.3584442138672,209.3584442138672,166000,0.0,0.0
2002-11-15 00:00:00+09:00,206.34607645670573,216.88930664062502,203.33372497558594,203.33372497558594,207500,0.0,0.0
2002-11-18 00:00:00+09:00,203.3337228129229,203.3337228129229,189.77814129206138,191.28431701660156,199000,0.0,0.0
2002-11-19 00:00:00+09:00,191.28430014509496,192.7904757367886,183.75342218662664,185.2595977783203,144000,0.0,0.0
2002-11-20 00:00:00+09:00,183.7534383939007,194.29666846568188,182.24726266936054,191.28431701660156,180500,0.0,0.0
2002-11-21 00:00:00+09:00,194.29661560058594,194.29661560058594,191.2842649711195,194.29661560058594,154000,0.0,0.0
2002-11-22 00:00:00+09:00,195.80284232523903,203.33372087620975,192.79049090485074,201.82754516601562,198000,0.0,0.0
2002-11-25 00:00:00+09:00,204.839916640906,209.3584442138672,197.30903735263743,209.3584442138672,140000,0.0,0.0
2002-11-26 00:00:00+09:00,210.86456074434167,210.86456074434167,200.32133270712458,204.83985900878906,239000,0.0,0.0
2002-11-27 00:00:00+09:00,201.82748542947974,212.37071228027344,201.82748542947974,212.37071228027344,166000,0.0,0.0
2002-11-28 00:00:00+09:00,210.8645799424913,216.8892822265625,209.3584043714735,216.8892822265625,125000,0.0,0.0
2002-11-29 00:00:00+09:00,209.35842029468435,227.43252852156357,209.35842029468435,222.91400146484375,262000,0.0,0.0
2002-12-02 00:00:00+09:00,222.91400146484375,222.91400146484375,222.91400146484375,222.91400146484375,0,0.0,0.0
2002-12-03 00:00:00+09:00,222.9139687241308,228.93867058153975,219.90161779542632,227.4324951171875,215000,0.0,0.0
2002-12-04 00:00:00+09:00,224.42017018636068,227.43252146402995,221.4078189086914,225.9263458251953,142500,0.0,0.0
2002-12-05 00:00:00+09:00,221.40779746206184,228.9386749267578,221.40779746206184,228.9386749267578,187000,0.0,0.0
2002-12-06 00:00:00+09:00,234.96339685776655,234.96339685776655,225.92634313246785,230.4448699951172,271500,0.0,0.0
2002-12-09 00:00:00+09:00,219.901615687779,231.95101928710938,219.901615687779,231.95101928710938,179000,0.0,0.0
2002-12-10 00:00:00+09:00,227.43253270091625,230.44488412741848,224.42018127441406,224.42018127441406,164000,0.0,0.0
2002-12-11 00:00:00+09:00,221.40771484375,224.42006470556973,219.90153991284015,221.40771484375,130000,0.0,0.0
2002-12-12 00:00:00+09:00,221.40777138487934,222.9139467004227,218.39542075379254,219.90159606933594,116000,0.0,0.0
2002-12-13 00:00:00+09:00,233.45715929578233,233.45715929578233,215.383056640625,215.383056640625,1112500,0.0,0.0
2002-12-16 00:00:00+09:00,210.86453097683565,218.3954070831512,204.83983009178323,215.383056640625,196500,0.0,0.0
2002-12-17 00:00:00+09:00,215.383073752267,215.383073752267,207.85219704764228,210.8645477294922,124000,0.0,0.0
2002-12-18 00:00:00+09:00,207.85221208844868,210.86456298828125,200.3213348388672,200.3213348388672,136000,0.0,0.0
2002-12-19 00:00:00+09:00,200.32132214177264,209.35837426846913,197.3089714328738,206.3460235595703,168000,0.0,0.0
2002-12-20 00:00:00+09:00,212.3707230704171,213.87689841134207,204.8398463657924,210.8645477294922,271500,0.0,0.0
2002-12-23 00:00:00+09:00,210.8645477294922,210.8645477294922,210.8645477294922,210.8645477294922,0,0.0,0.0
2002-12-24 00:00:00+09:00,206.34609249855976,215.38314764448208,206.34609249855976,209.3584442138672,241500,0.0,0.0
2002-12-25 00:00:00+09:00,211.64228102089703,213.16488735917687,208.59706834433734,210.1196746826172,81500,3.0,0.0
2002-12-26 00:00:00+09:00,208.5971205457509,214.68754742299907,207.07451382643885,211.642333984375,106000,0.0,0.0
2002-12-27 00:00:00+09:00,213.16487772481426,217.73269653320312,208.59705891642537,217.73269653320312,124000,0.0,0.0
2002-12-30 00:00:00+09:00,211.64228102089703,213.16488735917687,208.59706834433734,210.1196746826172,75500,0.0,0.0
2002-12-31 00:00:00+09:00,210.1196746826172,210.1196746826172,210.1196746826172,210.1196746826172,0,0.0,0.0
2003-01-01 00:00:00+09:00,210.1196746826172,210.1196746826172,210.1196746826172,210.1196746826172,0,0.0,0.0
2003-01-02 00:00:00+09:00,210.1196746826172,210.1196746826172,210.1196746826172,210.1196746826172,0,0.0,0.0
2003-01-03 00:00:00+09:00,210.1196746826172,210.1196746826172,210.1196746826172,210.1196746826172,0,0.0,0.0
2003-01-06 00:00:00+09:00,213.16488561495927,216.21009826660156,210.11967296331702,216.21009826660156,46000,0.0,0.0
2003-01-07 00:00:00+09:00,217.73269653320312,219.25530280266608,214.68748399427722,217.73269653320312,115500,0.0,0.0
2003-01-08 00:00:00+09:00,217.73269653320312,217.73269653320312,211.6422714553513,217.73269653320312,71500,0.0,0.0
2003-01-09 00:00:00+09:00,210.11965876988003,213.1648712158203,208.59705254690988,213.1648712158203,99000,0.0,0.0
2003-01-10 00:00:00+09:00,213.16494070368705,214.68754742299907,208.5971205457509,211.642333984375,220500,0.0,0.0
2003-01-13 00:00:00+09:00,211.642333984375,211.642333984375,211.642333984375,211.642333984375,0,0.0,0.0
2003-01-14 00:00:00+09:00,211.64226632959702,211.64226632959702,207.07444763183594,207.07444763183594,168000,0.0,0.0
2003-01-15 00:00:00+09:00,208.59711695429107,208.59711695429107,202.506690181903,204.029296875,249000,0.0,0.0
2003-01-16 00:00:00+09:00,202.5066212006729,210.11965207287867,202.5066212006729,208.5970458984375,205500,0.0,0.0
2003-01-17 00:00:00+09:00,207.07451382643885,214.68754742299907,207.07451382643885,211.642333984375,303500,0.0,0.0
2003-01-20 00:00:00+09:00,210.11971503363716,210.11971503363716,205.55189514160156,205.55189514160156,188000,0.0,0.0
2003-01-21 00:00:00+09:00,208.59705254690988,213.1648712158203,207.07444632393975,213.1648712158203,468500,0.0,0.0
2003-01-22 00:00:00+09:00,214.68747743879047,223.82311477661133,211.6422649928502,213.1648712158203,361000,0.0,0.0
2003-01-23 00:00:00+09:00,214.6875,216.21010638297872,208.59707446808508,214.6875,264000,0.0,0.0
2003-01-24 00:00:00+09:00,216.21010638297872,216.21010638297872,211.64228723404253,214.6875,212500,0.0,0.0
2003-01-27 00:00:00+09:00,216.21010638297872,216.21010638297872,213.16489361702125,214.6875,139500,0.0,0.0
2003-01-28 00:00:00+09:00,211.64228723404253,217.73271276595744,211.64228723404253,214.6875,156500,0.0,0.0
2003-01-29 00:00:00+09:00,213.1648712158203,214.68747743879047,208.59705254690988,213.1648712158203,184500,0.0,0.0
2003-01-30 00:00:00+09:00,211.6423216643157,211.6423216643157,205.55189514160156,205.55189514160156,215500,0.0,0.0
2003-01-31 00:00:00+09:00,205.5518413992489,210.11966009700998,204.02923516666186,207.07444763183594,168000,0.0,0.0
2003-02-03 00:00:00+09:00,207.07451382643885,211.642333984375,202.5066936685027,211.642333984375,158500,0.0,0.0
2003-02-04 00:00:00+09:00,211.6422582473198,214.6874705962021,208.5970458984375,208.5970458984375,143500,0.0,0.0
2003-02-05 00:00:00+09:00,210.11967296331702,216.21009826660156,210.11967296331702,216.21009826660156,156000,0.0,0.0
2003-02-06 00:00:00+09:00,217.7327758170463,225.34580993652344,214.68756216925544,225.34580993652344,297000,0.0,0.0
2003-02-07 00:00:00+09:00,226.86835428873698,234.48138631184898,225.3457478841146,228.39096069335938,389000,0.0,0.0
2003-02-10 00:00:00+09:00,226.86835329156173,231.43617248535156,223.82314049570184,231.43617248535156,297000,0.0,0.0
2003-02-11 00:00:00+09:00,231.43617248535156,231.43617248535156,231.43617248535156,231.43617248535156,0,0.0,0.0
2003-02-12 00:00:00+09:00,234.48140707360693,252.752685546875,234.48140707360693,252.752685546875,1182500,0.0,0.0
2003-02-13 00:00:00+09:00,246.66226889019364,249.70748208636888,240.5718424978432,248.18487548828125,361000,0.0,0.0
2003-02-14 00:00:00+09:00,245.13963913336033,249.70745849609375,245.13963913336033,249.70745849609375,603500,0.0,0.0
2003-02-17 00:00:00+09:00,254.27530188063173,255.79790847871934,246.66226889019364,248.18487548828125,318000,0.0,0.0
2003-02-18 00:00:00+09:00,246.66226889019364,248.18487548828125,240.5718424978432,248.18487548828125,178500,0.0,0.0
2003-02-19 00:00:00+09:00,251.23009159879865,252.75269821454896,242.09445190429688,242.09445190429688,225500,0.0,0.0
2003-02-20 00:00:00+09:00,240.57183138124503,242.09443790897444,234.48140527032743,239.04922485351562,232000,0.0,0.0
2003-02-21 00:00:00+09:00,251.230101952186,254.2753153091822,237.52664184570312,237.52664184570312,646500,0.0,0.0
2003-02-24 00:00:00+09:00,240.5718438758613,246.6622703030983,239.04923726905204,245.13966369628906,217500,0.0,0.0
2003-02-25 00:00:00+09:00,243.61704443670385,245.13965096443323,237.52661832578625,239.04922485351562,210000,0.0,0.0
2003-02-26 00:00:00+09:00,240.5718438758613,246.6622703030983,240.5718438758613,245.13966369628906,272000,0.0,0.0
2003-02-27 00:00:00+09:00,243.61703491210938,243.61703491210938,237.52660903930666,243.61703491210938,183500,0.0,0.0
2003-02-28 00:00:00+09:00,249.70745962637443,251.23006608751086,245.13964024296513,246.66224670410156,248000,0.0,0.0
2003-03-03 00:00:00+09:00,248.18489922417535,261.88835991753473,245.13968573676217,260.3657531738281,585000,0.0,0.0
2003-03-04 00:00:00+09:00,258.8430949619838,258.8430949619838,254.27527563912525,255.79788208007812,262000,0.0,0.0
2003-03-05 00:00:00+09:00,255.79788684293715,266.45613212805955,252.75267390433075,263.4109191894531,475500,0.0,0.0
2003-03-06 00:00:00+09:00,264.9335256587563,267.97873859736274,263.4109191894531,263.4109191894531,399500,0.0,0.0
2003-03-07 00:00:00+09:00,257.32049193205654,260.3657048543294,246.66224670410156,246.66224670410156,232000,0.0,0.0
2003-03-10 00:00:00+09:00,243.61703491210938,245.13964138031008,232.9587896347046,243.61703491210938,488000,0.0,0.0
2003-03-11 00:00:00+09:00,236.0039737556554,243.61700516712816,236.0039737556554,240.57179260253906,143000,0.0,0.0
2003-03-12 00:00:00+09:00,243.61700516712816,248.1848240140118,239.0491863202445,240.57179260253906,159500,0.0,0.0
2003-03-13 00:00:00+09:00,246.66224670410156,254.2752790097837,243.6170337818287,246.66224670410156,305000,0.0,0.0
2003-03-14 00:00:00+09:00,246.6623549775449,257.320604883982,246.6623549775449,254.275390625,1204000,0.0,0.0
2003-03-17 00:00:00+09:00,254.2751769094756,257.3203886089903,249.70735936020358,251.22996520996094,256000,0.0,0.0
2003-03-18 00:00:00+09:00,254.275390625,258.8432120134731,252.752783495509,254.275390625,305000,0.0,0.0
2003-03-19 00:00:00+09:00,254.27537949505972,260.3658077464384,251.23016536937038,258.84320068359375,332000,0.0,0.0
2003-03-20 00:00:00+09:00,260.3657295759334,267.97876260446947,258.8431229702262,261.8883361816406,555000,0.0,0.0
2003-03-21 00:00:00+09:00,261.8883361816406,261.8883361816406,261.8883361816406,261.8883361816406,0,0.0,0.0
2003-03-24 00:00:00+09:00,266.45612986074326,271.0239492297846,264.93352340439617,269.5013427734375,289000,0.0,0.0
2003-03-25 00:00:00+09:00,267.9787220982143,267.9787220982143,263.41090297154017,266.45611572265625,304500,0.0,0.0
2003-03-26 00:00:00+09:00,267.97888251035914,275.5919189453125,266.45627522336844,275.5919189453125,472500,0.0,0.0
2003-03-27 00:00:00+09:00,274.0692138671875,275.5918206108941,264.93357340494794,274.0692138671875,346500,0.0,0.0
2003-03-28 00:00:00+09:00,269.50138328815325,272.5465966586409,263.41095654717805,264.9335632324219,238000,0.0,0.0
2003-03-31 00:00:00+09:00,263.4108902970715,263.4108902970715,252.752646181005,257.3204650878906,211000,0.0,0.0
2003-04-01 00:00:00+09:00,251.2299652099609,252.75257105971826,249.70735936020358,251.22996520996094,234500,0.0,0.0
2003-04-02 00:00:00+09:00,254.275292086314,258.84311170463104,251.230079007436,252.752685546875,174000,0.0,0.0
2003-04-03 00:00:00+09:00,258.8430997815436,263.4109191894531,255.79788684293715,263.4109191894531,331000,0.0,0.0
2003-04-04 00:00:00+09:00,263.4109191894531,263.4109191894531,258.8430997815436,263.4109191894531,294500,0.0,0.0
2003-04-07 00:00:00+09:00,264.9335093470982,266.45611572265625,257.320477469308,266.45611572265625,209500,0.0,0.0
2003-04-08 00:00:00+09:00,266.45615599876226,266.45615599876226,258.8431229702262,261.8883361816406,154500,0.0,0.0
2003-04-09 00:00:00+09:00,261.88835991753473,263.41096666124133,258.8431464301215,260.3657531738281,188500,0.0,0.0
2003-04-10 00:00:00+09:00,257.3204650878906,258.84307139018586,254.2752524833002,257.3204650878906,183500,0.0,0.0
2003-04-11 00:00:00+09:00,257.32048852103094,263.41091428484236,255.79788208007812,255.79788208007812,255500,0.0,0.0
2003-04-14 00:00:00+09:00,260.3657295759334,271.0239758158839,258.8431229702262,261.8883361816406,470000,0.0,0.0
2003-04-15 00:00:00+09:00,263.4109169480491,271.0239492297846,260.36570403535484,269.5013427734375,310500,0.0,0.0
2003-04-16 00:00:00+09:00,269.5013450666659,269.5013450666659,260.36570625084676,263.4109191894531,249000,0.0,0.0
2003-04-17 00:00:00+09:00,266.4561835202304,274.0692173350941,263.4109699942849,267.9787902832031,603000,0.0,0.0
2003-04-18 00:00:00+09:00,269.5012891105052,271.0238952636719,264.9334706510051,271.0238952636719,253500,0.0,0.0
2003-04-21 00:00:00+09:00,271.02389329479587,286.2499547158518,271.02389329479587,283.2047424316406,996500,0.0,0.0
2003-04-22 00:00:00+09:00,283.20478195440575,283.20478195440575,272.5465374722507,278.636962890625,380500,0.0,0.0
2003-04-23 00:00:00+09:00,280.15974080628456,281.6823480932752,274.06931165832185,275.5919189453125,262500,0.0,0.0
2003-04-24 00:00:00+09:00,274.0692138671875,277.1144273546007,271.02400037977435,274.0692138671875,148000,0.0,0.0
2003-04-25 00:00:00+09:00,278.63713351929385,278.63713351929385,266.45627522336844,275.5919189453125,316500,0.0,0.0
2003-04-28 00:00:00+09:00,274.0692173350941,274.0692173350941,251.23011589050293,267.9787902832031,207000,0.0,0.0
2003-04-29 00:00:00+09:00,267.9787902832031,267.9787902832031,267.9787902832031,267.9787902832031,0,0.0,0.0
2003-04-30 00:00:00+09:00,267.9787902832031,271.0240038091486,264.93357675725764,267.9787902832031,135000,0.0,0.0
2003-05-01 00:00:00+09:00,266.4561835202304,271.0240038091486,264.93357675725764,267.9787902832031,178000,0.0,0.0
2003-05-02 00:00:00+09:00,266.4561835202304,267.9787902832031,264.93357675725764,267.9787902832031,133500,0.0,0.0
2003-05-05 00:00:00+09:00,267.9787902832031,267.9787902832031,267.9787902832031,267.9787902832031,0,0.0,0.0
2003-05-06 00:00:00+09:00,271.0239492297846,275.5917685988259,266.45612986074326,269.5013427734375,132000,0.0,0.0
2003-05-07 00:00:00+09:00,271.0239492297846,271.0239492297846,261.888310491702,269.5013427734375,149500,0.0,0.0
2003-05-08 00:00:00+09:00,261.8883361816406,269.5013692101767,261.8883361816406,261.8883361816406,166000,0.0,0.0
2003-05-09 00:00:00+09:00,267.9787220982143,267.9787220982143,260.3656902204241,266.45611572265625,278000,0.0,0.0
2003-05-12 00:00:00+09:00,271.0240970843405,275.5919189453125,266.45627522336844,275.5919189453125,262000,0.0,0.0
2003-05-13 00:00:00+09:00,274.06910757000526,278.63692602950533,271.0238952636719,271.0238952636719,303500,0.0,0.0
2003-05-14 00:00:00+09:00,267.9786829573385,271.0238952636719,267.9786829573385,271.0238952636719,195000,0.0,0.0
2003-05-15 00:00:00+09:00,271.0239492297846,272.5465556861317,266.45612986074326,269.5013427734375,223000,0.0,0.0
2003-05-16 00:00:00+09:00,267.9787766029095,269.50138328815325,264.9335632324219,264.9335632324219,121000,0.0,0.0
2003-05-19 00:00:00+09:00,261.88835991753473,263.41096666124133,258.8431464301215,260.3657531738281,156000,0.0,0.0
2003-05-20 00:00:00+09:00,260.3658077464384,263.4110218721278,258.84320068359375,258.84320068359375,211500,0.0,0.0
2003-05-21 00:00:00+09:00,266.45615599876226,267.97876260446947,258.8431229702262,261.8883361816406,221000,0.0,0.0
2003-05-22 00:00:00+09:00,260.36570625084676,266.45613212805955,260.36570625084676,263.4109191894531,95000,0.0,0.0
2003-05-23 00:00:00+09:00,267.9787363170904,272.5465556861317,263.4109169480491,269.5013427734375,222500,0.0,0.0
2003-05-26 00:00:00+09:00,271.0238952636719,278.63692602950533,269.5012891105052,271.0238952636719,233500,0.0,0.0
2003-05-27 00:00:00+09:00,271.02393294179905,277.1143584011653,271.02393294179905,272.5465393066406,109000,0.0,0.0
2003-05-28 00:00:00+09:00,274.0691456714822,277.1143584011653,272.5465393066406,272.5465393066406,158500,0.0,0.0
2003-05-29 00:00:00+09:00,275.59175723531973,281.6821828095809,274.0691508417544,280.1595764160156,251500,0.0,0.0
2003-05-30 00:00:00+09:00,280.15962370149384,281.68223035204545,277.1144104003906,277.1144104003906,159000,0.0,0.0
2003-06-02 00:00:00+09:00,277.1144273546007,280.1596408420139,274.0692138671875,274.0692138671875,111000,0.0,0.0
2003-06-03 00:00:00+09:00,272.54670437133115,277.1145262323032,272.54670437133115,275.5919189453125,157500,0.0,0.0
2003-06-04 00:00:00+09:00,275.5918037498391,281.68223035204545,275.5918037498391,277.1144104003906,246000,0.0,0.0
2003-06-05 00:00:00+09:00,278.63692400532386,284.7273485737462,277.1143178632182,283.2047424316406,307500,0.0,0.0
2003-06-06 00:00:00+09:00,283.2047424316406,284.7273485737462,280.15953014742945,283.2047424316406,253500,0.0,0.0
2003-06-09 00:00:00+09:00,281.6821828095809,284.7273955967115,280.1595764160156,280.1595764160156,130000,0.0,0.0
2003-06-10 00:00:00+09:00,280.1596138619088,287.77264684728675,280.1596138619088,281.6822204589844,242000,0.0,0.0
2003-06-11 00:00:00+09:00,283.2047942630829,292.34043278769843,283.2047942630829,287.7726135253906,304000,0.0,0.0
2003-06-12 00:00:00+09:00,289.2952575683594,289.2952575683594,284.72743771201687,289.2952575683594,143500,0.0,0.0
2003-06-13 00:00:00+09:00,284.72745778770644,301.47613177521856,284.72745778770644,293.86309814453125,1130500,0.0,0.0
2003-06-16 00:00:00+09:00,287.7726712399814,293.86309814453125,287.7726712399814,293.86309814453125,171000,0.0,0.0
2003-06-17 00:00:00+09:00,293.8630844036322,295.3856910585733,289.2952644388089,290.81787109375,161500,0.0,0.0
2003-06-18 00:00:00+09:00,287.7727533840241,287.7727533840241,283.204931901738,284.7275390625,250500,0.0,0.0
2003-06-19 00:00:00+09:00,283.204931901738,284.7275390625,280.1597175802139,284.7275390625,278500,0.0,0.0
2003-06-20 00:00:00+09:00,281.6822409122548,286.25006103515625,281.6822409122548,286.25006103515625,169500,0.0,0.0
2003-06-23 00:00:00+09:00,286.2500511289267,292.3404777486911,284.7274444739856,290.81787109375,166000,0.0,0.0
2003-06-24 00:00:00+09:00,290.8178811580577,290.8178811580577,283.20484761988865,286.25006103515625,167000,0.0,0.0
2003-06-25 00:00:00+09:00,284.7274444739856,292.3404777486911,284.7274444739856,290.81787109375,142500,0.0,0.0
2003-06-26 00:00:00+09:00,289.2952575683594,289.2952575683594,284.72743771201687,289.2952575683594,132000,0.0,0.0
2003-06-27 00:00:00+09:00,290.81786418714023,293.8630774247019,287.7726509495786,289.2952575683594,180000,0.0,0.0
2003-06-30 00:00:00+09:00,295.38568404348274,295.38568404348274,289.2952575683594,289.2952575683594,202500,0.0,0.0
2003-07-01 00:00:00+09:00,290.8178846922563,295.3857048706687,289.2952779661189,293.86309814453125,220500,0.0,0.0
2003-07-02 00:00:00+09:00,295.3856201171875,299.953438984979,292.34040753865975,295.3856201171875,395000,0.0,0.0
2003-07-03 00:00:00+09:00,296.9082736968994,298.4308802286784,290.81784756978357,292.3404541015625,429000,0.0,0.0
2003-07-04 00:00:00+09:00,292.3404777486911,295.3856910585733,290.81787109375,290.81787109375,225500,0.0,0.0
2003-07-07 00:00:00+09:00,290.81786418714023,293.8630774247019,289.2952575683594,289.2952575683594,156000,0.0,0.0
2003-07-08 00:00:00+09:00,290.81796770554814,290.81796770554814,284.7275390625,284.7275390625,241500,0.0,0.0
2003-07-09 00:00:00+09:00,284.72743771201687,289.2952575683594,283.20483109323607,289.2952575683594,154000,0.0,0.0
2003-07-10 00:00:00+09:00,284.7274415627504,296.9082946777344,284.7274415627504,296.9082946777344,245500,0.0,0.0
2003-07-11 00:00:00+09:00,296.9082264064513,298.4308326957152,292.34040753865975,295.3856201171875,619000,0.0,0.0
2003-07-14 00:00:00+09:00,298.4308820885806,307.56652133619014,295.385669006044,306.0439147949219,754500,0.0,0.0
2003-07-15 00:00:00+09:00,302.9986998240153,302.9986998240153,290.81784756978357,292.3404541015625,426000,0.0,0.0
2003-07-16 00:00:00+09:00,296.9082977135144,296.9082977135144,287.7726577838678,290.81787109375,206000,0.0,0.0
2003-07-17 00:00:00+09:00,292.34043278769843,292.34043278769843,283.2047942630829,287.7726135253906,150000,0.0,0.0
2003-07-18 00:00:00+09:00,281.68218784231357,289.29521994615993,281.68218784231357,287.7726135253906,127500,0.0,0.0
2003-07-21 00:00:00+09:00,287.7726135253906,287.7726135253906,287.7726135253906,287.7726135253906,0,0.0,0.0
2003-07-22 00:00:00+09:00,284.7274444739856,290.81787109375,284.7274444739856,290.81787109375,112500,0.0,0.0
2003-07-23 00:00:00+09:00,287.7726712399814,293.86309814453125,286.25006451384394,293.86309814453125,131000,0.0,0.0
2003-07-24 00:00:00+09:00,293.8630881796078,298.430908203125,290.8178748305963,298.430908203125,152500,0.0,0.0
2003-07-25 00:00:00+09:00,299.9534867604574,299.9534867604574,290.81784756978357,292.3404541015625,259500,0.0,0.0
2003-07-28 00:00:00+09:00,296.9082549124053,301.47607421875,293.86304204150883,301.47607421875,221500,0.0,0.0
2003-07-29 00:00:00+09:00,301.47600574783866,304.5212179271098,298.4307935685676,299.9533996582031,195500,0.0,0.0
2003-07-30 00:00:00+09:00,299.9535250490811,301.47613177521856,293.86309814453125,293.86309814453125,131500,0.0,0.0
2003-07-31 00:00:00+09:00,293.86309814453125,296.9083115968062,292.34049141839375,293.86309814453125,165000,0.0,0.0
2003-08-01 00:00:00+09:00,293.86309814453125,293.86309814453125,287.7726712399814,293.86309814453125,233000,0.0,0.0
2003-08-04 00:00:00+09:00,286.2500071046214,290.8178263669292,284.7274006838521,287.7726135253906,153000,0.0,0.0
2003-08-05 00:00:00+09:00,290.8178263669292,290.8178263669292,283.2047942630829,287.7726135253906,144000,0.0,0.0
2003-08-06 00:00:00+09:00,283.204931901738,289.2953605447861,281.68232474097596,284.7275390625,200000,0.0,0.0
2003-08-07 00:00:00+09:00,284.7275390625,284.7275390625,281.68232474097596,284.7275390625,163500,0.0,0.0
2003-08-08 00:00:00+09:00,280.159634204621,287.7726677427901,280.159634204621,286.25006103515625,429500,0.0,0.0
2003-08-11 00:00:00+09:00,286.2500511289267,290.81787109375,284.7274444739856,290.81787109375,160000,0.0,0.0
2003-08-12 00:00:00+09:00,290.81787109375,292.3404777486911,289.2952644388089,290.81787109375,125500,0.0,0.0
2003-08-13 00:00:00+09:00,293.86297529966095,299.9533996582031,292.3403692100254,299.9533996582031,337000,0.0,0.0
2003-08-14 00:00:00+09:00,295.38564847695704,302.9986806541982,295.38564847695704,301.47607421875,237500,0.0,0.0
2003-08-15 00:00:00+09:00,298.4309013171074,298.4309013171074,295.3856880383614,296.9082946777344,219500,0.0,0.0
2003-08-18 00:00:00+09:00,296.9082549124053,302.9986806541982,296.9082549124053,301.47607421875,230500,0.0,0.0
2003-08-19 00:00:00+09:00,302.9986626120174,312.1343006807215,301.47605626723345,310.6116943359375,649500,0.0,0.0
2003-08-20 00:00:00+09:00,310.6117456408515,315.1795654296875,309.0891390445728,315.1795654296875,581500,0.0,0.0
2003-08-21 00:00:00+09:00,315.17963960638457,322.7926743794856,310.6118187425239,318.224853515625,679500,0.0,0.0
2003-08-22 00:00:00+09:00,322.7925840796494,324.315190608327,312.13433837890625,312.13433837890625,299000,0.0,0.0
2003-08-25 00:00:00+09:00,313.6569070255055,313.6569070255055,306.04387530158544,310.6116943359375,207000,0.0,0.0
2003-08-26 00:00:00+09:00,312.13429021609335,322.7925342722527,309.0890776286193,321.2699279785156,298000,0.0,0.0
2003-08-27 00:00:00+09:00,322.7925859968239,325.8377990722656,316.70215984594046,325.8377990722656,308500,0.0,0.0
2003-08-28 00:00:00+09:00,324.3151496006892,324.3151496006892,315.1795115837684,316.7021179199219,166000,0.0,0.0
2003-08-29 00:00:00+09:00,318.2247663836613,325.8377990722656,316.70215984594046,325.8377990722656,402500,0.0,0.0
2003-09-01 00:00:00+09:00,325.83785646771076,333.45089049733014,322.792642855863,331.92828369140625,456500,0.0,0.0
2003-09-02 00:00:00+09:00,330.40561868542824,330.40561868542824,324.3151925345448,325.8377990722656,220000,0.0,0.0
2003-09-03 00:00:00+09:00,325.83788828872605,328.8831021979665,316.70224656100476,318.224853515625,292500,0.0,0.0
2003-09-04 00:00:00+09:00,319.747328848209,328.88296681530073,315.1795098646632,322.79254150390625,459000,0.0,0.0
2003-09-05 00:00:00+09:00,318.2247242560753,325.8377559368427,313.65690524761493,316.7021179199219,174000,0.0,0.0
2003-09-08 00:00:00+09:00,312.13429720896596,325.8377541596035,307.5664782254201,322.79254150390625,202500,0.0,0.0
2003-09-09 00:00:00+09:00,319.7473729213822,325.8377990722656,319.7473729213822,325.8377990722656,181000,0.0,0.0
2003-09-10 00:00:00+09:00,325.8377896497876,333.4508221182406,324.315183156097,330.4056091308594,476500,0.0,0.0
2003-09-11 00:00:00+09:00,328.8829650878906,331.9281777275933,322.79253980848523,328.8829650878906,309500,0.0,0.0
2003-09-12 00:00:00+09:00,330.405594936637,331.92820136491645,327.3603820800781,327.3603820800781,1224000,0.0,0.0
2003-09-15 00:00:00+09:00,327.3603820800781,327.3603820800781,327.3603820800781,327.3603820800781,0,0.0,0.0
2003-09-16 00:00:00+09:00,331.92816736879905,339.54119873046875,331.92816736879905,339.54119873046875,403000,0.0,0.0
2003-09-17 00:00:00+09:00,339.54132747650146,344.1091480255127,338.01872062683105,341.0639343261719,420000,0.0,0.0
2003-09-18 00:00:00+09:00,334.9734191894531,338.01863209117545,325.8377804842862,334.9734191894531,381500,0.0,0.0
2003-09-19 00:00:00+09:00,341.063947559458,344.1091613769531,338.0187337419628,344.1091613769531,363500,0.0,0.0
2003-09-22 00:00:00+09:00,334.97351737043977,341.0639449589932,331.92830357616305,336.4961242675781,334500,0.0,0.0
2003-09-23 00:00:00+09:00,336.4961242675781,336.4961242675781,336.4961242675781,336.4961242675781,0,0.0,0.0
2003-09-24 00:00:00+09:00,331.9282252231491,334.97343829859085,322.7925859968239,325.8377990722656,194500,0.0,0.0
2003-09-25 00:00:00+09:00,319.7473961198834,324.3152160644531,316.7021828235035,324.3152160644531,148000,0.0,0.0
2003-09-26 00:00:00+09:00,321.26993692838226,321.26993692838226,310.611692575308,316.7021179199219,167500,0.0,0.0
2003-09-29 00:00:00+09:00,315.1795133702895,316.70211971507354,306.04387530158544,310.6116943359375,120000,0.0,0.0
2003-09-30 00:00:00+09:00,312.13428610622293,316.7021049272896,307.56646728515625,307.56646728515625,113500,0.0,0.0
2003-10-01 00:00:00+09:00,312.13436287893376,324.3152160644531,309.0891495825539,324.3152160644531,196500,0.0,0.0
2003-10-02 00:00:00+09:00,318.2247225203604,322.79254150390625,316.70211619251177,322.79254150390625,121000,0.0,0.0
2003-10-03 00:00:00+09:00,325.83785646771076,331.92828369140625,324.3152496617869,331.92828369140625,107500,0.0,0.0
2003-10-06 00:00:00+09:00,334.973497303254,339.5413177210257,331.92828369140625,331.92828369140625,206000,0.0,0.0
2003-10-07 00:00:00+09:00,336.49602564031426,338.01863209117545,330.40559983686967,334.9734191894531,138500,0.0,0.0
2003-10-08 00:00:00+09:00,331.92820136491645,338.01862707803417,324.31516922351926,327.3603820800781,114500,0.0,0.0
2003-10-09 00:00:00+09:00,328.8830360090229,330.4056426572128,321.27000276807325,324.3152160644531,178500,0.0,0.0
2003-10-10 00:00:00+09:00,324.3151925345448,334.97343829859085,319.7473729213822,325.8377990722656,484000,0.0,0.0
2003-10-13 00:00:00+09:00,325.8377990722656,325.8377990722656,325.8377990722656,325.8377990722656,0,0.0,0.0
2003-10-14 00:00:00+09:00,333.4507840474447,333.4507840474447,327.3603587680393,328.8829650878906,193500,0.0,0.0
2003-10-15 00:00:00+09:00,331.92821562455,331.92821562455,325.8377896497876,330.4056091308594,128500,0.0,0.0
2003-10-16 00:00:00+09:00,330.40559983686967,334.9734191894531,327.36038693514735,334.9734191894531,162500,0.0,0.0
2003-10-17 00:00:00+09:00,334.9734286119312,336.4960351056218,330.4056091308594,330.4056091308594,146000,0.0,0.0
2003-10-20 00:00:00+09:00,328.8830700795585,331.92828369140625,324.3152496617869,331.92828369140625,165500,0.0,0.0
2003-10-21 00:00:00+09:00,347.1543617248535,351.72218227386475,339.54132747650146,341.0639343261719,504500,0.0,0.0
2003-10-22 00:00:00+09:00,342.58641127513664,344.10901754747056,336.49598618580086,339.54119873046875,210500,0.0,0.0
2003-10-23 00:00:00+09:00,331.9282252231491,333.45083176086996,322.7925859968239,325.8377990722656,212500,0.0,0.0
2003-10-24 00:00:00+09:00,331.9281720346749,333.45077832841196,318.2247153910415,321.2699279785156,225000,0.0,0.0
2003-10-27 00:00:00+09:00,321.2700035851281,338.0186767578125,321.2700035851281,338.0186767578125,364000,0.0,0.0
2003-10-28 00:00:00+09:00,341.0638449928977,342.58645144375885,330.40559983686967,334.9734191894531,262500,0.0,0.0
2003-10-29 00:00:00+09:00,339.5412385420366,341.0638449928977,333.450812738592,334.9734191894531,281500,0.0,0.0
2003-10-30 00:00:00+09:00,333.450773641133,339.54119873046875,331.92816736879905,339.54119873046875,201500,0.0,0.0
2003-10-31 00:00:00+09:00,339.54133806185484,339.54133806185484,330.4056966790247,336.4961242675781,115500,0.0,0.0
2003-11-03 00:00:00+09:00,336.4961242675781,336.4961242675781,336.4961242675781,336.4961242675781,0,0.0,0.0
2003-11-04 00:00:00+09:00,336.49611377716064,341.0639343261719,336.49611377716064,341.0639343261719,205000,0.0,0.0
2003-11-05 00:00:00+09:00,339.54124335394965,342.5864562988281,333.4508174641927,342.5864562988281,296000,0.0,0.0
2003-11-06 00:00:00+09:00,342.58649671399917,342.58649671399917,333.4508568016259,338.0186767578125,233000,0.0,0.0
2003-11-07 00:00:00+09:00,336.4961242675781,341.0639449589932,331.92830357616305,336.4961242675781,132000,0.0,0.0
2003-11-10 00:00:00+09:00,336.4959877048998,336.4959877048998,328.8829563088613,333.4507751464844,101000,0.0,0.0
2003-11-11 00:00:00+09:00,327.3604394821894,330.40565287272136,312.1343725295294,319.7474060058594,228000,0.0,0.0
2003-11-12 00:00:00+09:00,319.7473729213822,325.8377990722656,315.17955330821957,325.8377990722656,164000,0.0,0.0
2003-11-13 00:00:00+09:00,330.40561868542824,331.9282252231491,324.3151925345448,325.8377990722656,125000,0.0,0.0
2003-11-14 00:00:00+09:00,321.26997945910307,327.3604056099865,321.26997945910307,325.8377990722656,299500,0.0,0.0
2003-11-17 00:00:00+09:00,319.74737366633633,319.74737366633633,296.90827554731226,306.0439147949219,159500,0.0,0.0
2003-11-18 00:00:00+09:00,298.4308983884265,304.5213248861495,295.385685139565,302.99871826171875,169500,0.0,0.0
2003-11-19 00:00:00+09:00,296.9082736968994,298.4308802286784,290.81784756978357,292.3404541015625,140000,0.0,0.0
2003-11-20 00:00:00+09:00,295.38564847695704,302.9986806541982,289.29522273516415,301.47607421875,226500,0.0,0.0
2003-11-21 00:00:00+09:00,298.4308296430229,307.56646728515625,298.4308296430229,307.56646728515625,129500,0.0,0.0
2003-11-24 00:00:00+09:00,307.56646728515625,307.56646728515625,307.56646728515625,307.56646728515625,0,0.0,0.0
2003-11-25 00:00:00+09:00,315.1795133702895,315.1795133702895,309.08908799115346,310.6116943359375,157000,0.0,0.0
2003-11-26 00:00:00+09:00,312.1343757110892,319.74740926501823,312.1343757110892,313.656982421875,173500,0.0,0.0
2003-11-27 00:00:00+09:00,312.13429021609335,322.7925342722527,312.13429021609335,321.2699279785156,169500,0.0,0.0
2003-11-28 00:00:00+09:00,315.1795654296875,321.26999181480227,309.0891390445728,315.1795654296875,146500,0.0,0.0
2003-12-01 00:00:00+09:00,309.0890829298231,330.405571407742,307.5664766099718,328.8829650878906,256500,0.0,0.0
2003-12-02 00:00:00+09:00,328.8831021979665,330.4057091525867,316.70224656100476,318.224853515625,196500,0.0,0.0
2003-12-03 00:00:00+09:00,318.224853515625,324.31528133410586,318.224853515625,318.224853515625,177000,0.0,0.0
2003-12-04 00:00:00+09:00,319.7473305922288,321.26993692838226,313.65690524761493,316.7021179199219,403000,0.0,0.0
2003-12-05 00:00:00+09:00,313.65695883340885,315.1795654296875,312.13435223713014,315.1795654296875,213500,0.0,0.0
2003-12-08 00:00:00+09:00,312.13435800830325,313.656964632734,302.99871826171875,302.99871826171875,146500,0.0,0.0
2003-12-09 00:00:00+09:00,310.61167983253404,310.61167983253404,306.04386101146736,307.56646728515625,135500,0.0,0.0
2003-12-10 00:00:00+09:00,304.52132787459936,307.5665411533454,295.3856880383614,296.9082946777344,248500,0.0,0.0
2003-12-11 00:00:00+09:00,298.4309545056573,309.0892028808594,298.4309545056573,309.0892028808594,172000,0.0,0.0
2003-12-12 00:00:00+09:00,307.56652133619014,313.65694750126323,304.5213082536536,306.0439147949219,787500,0.0,0.0
2003-12-15 00:00:00+09:00,318.224853515625,319.7474604702452,313.6570326517643,318.224853515625,299500,0.0,0.0
2003-12-16 00:00:00+09:00,310.6117690003034,315.1795891326608,310.6117690003034,313.656982421875,81000,0.0,0.0
2003-12-17 00:00:00+09:00,315.17950280356746,324.3151405659897,309.0890776286193,321.2699279785156,344000,0.0,0.0
2003-12-18 00:00:00+09:00,319.74738521852356,319.74738521852356,312.13435223713014,315.1795654296875,205000,0.0,0.0
2003-12-19 00:00:00+09:00,319.7473305922288,319.7473305922288,315.1795115837684,316.7021179199219,147000,0.0,0.0
2003-12-22 00:00:00+09:00,315.1795859200614,319.7474060058594,313.6569792247954,319.7474060058594,1514000,0.0,0.0
2003-12-23 00:00:00+09:00,319.7474060058594,319.7474060058594,319.7474060058594,319.7474060058594,0,0.0,0.0
2003-12-24 00:00:00+09:00,324.31516922351926,328.8829885083576,321.2699563669604,327.3603820800781,342000,0.0,0.0
2003-12-25 00:00:00+09:00,323.5271816613539,329.6603983753132,318.92726912588444,325.06048583984375,177000,3.0,0.0
2003-12-26 00:00:00+09:00,321.9937989422094,328.12701416015625,320.4604951377227,328.12701416015625,124500,0.0,0.0
2003-12-29 00:00:00+09:00,323.52710274669613,331.1936217691297,323.52710274669613,328.12701416015625,105500,0.0,0.0
2003-12-30 00:00:00+09:00,337.32676048801375,338.86006394477744,335.79345703125,335.79345703125,1511000,0.0,0.0
2003-12-31 00:00:00+09:00,335.79345703125,335.79345703125,335.79345703125,335.79345703125,0,0.0,0.0
2004-01-01 00:00:00+09:00,335.79345703125,335.79345703125,335.79345703125,335.79345703125,0,0.0,0.0
2004-01-02 00:00:00+09:00,335.79345703125,335.79345703125,335.79345703125,335.79345703125,0,0.0,0.0
2004-01-05 00:00:00+09:00,337.326786058366,344.9933039233289,337.326786058366,341.92669677734375,180000,0.0,0.0
2004-01-06 00:00:00+09:00,344.9934541904432,344.9934541904432,332.7270202636719,332.7270202636719,233500,0.0,0.0
2004-01-07 00:00:00+09:00,335.79353318258984,337.32683698707655,328.12701416015625,328.12701416015625,181000,0.0,0.0
2004-01-08 00:00:00+09:00,326.59371035566954,332.7269255736164,325.06040655118284,328.12701416015625,349000,0.0,0.0
2004-01-09 00:00:00+09:00,335.79357655843097,335.79357655843097,329.6603605482313,331.19366455078125,424500,0.0,0.0
2004-01-12 00:00:00+09:00,331.19366455078125,331.19366455078125,331.19366455078125,331.19366455078125,0,0.0,0.0
2004-01-13 00:00:00+09:00,332.72700673229286,332.72700673229286,323.5271816613539,325.06048583984375,309500,0.0,0.0
2004-01-14 00:00:00+09:00,326.59380929129463,328.1271135602679,321.993896484375,321.993896484375,230000,0.0,0.0
2004-01-15 00:00:00+09:00,325.0603652581936,325.0603652581936,314.3272399902344,314.3272399902344,308000,0.0,0.0
2004-01-16 00:00:00+09:00,317.3939723968506,320.46058082580566,314.3273639678955,318.9272766113281,184000,0.0,0.0
2004-01-19 00:00:00+09:00,320.4605222584512,325.0604340612041,320.4605222584512,323.5271301269531,254500,0.0,0.0
2004-01-20 00:00:00+09:00,328.1270941968234,329.6603983753132,325.06048583984375,325.06048583984375,277000,0.0,0.0
2004-01-21 00:00:00+09:00,323.5272007533482,326.59380929129463,318.9272879464286,321.993896484375,214000,0.0,0.0
2004-01-22 00:00:00+09:00,321.99379864860987,321.99379864860987,312.7939758300781,312.7939758300781,527500,0.0,0.0
2004-01-23 00:00:00+09:00,315.86066818237305,323.52718925476074,314.3273639678955,318.9272766113281,437500,0.0,0.0
2004-01-26 00:00:00+09:00,318.92719104243264,318.92719104243264,311.26067202698954,312.7939758300781,277000,0.0,0.0
2004-01-27 00:00:00+09:00,315.86054359994284,318.9271508193598,314.3272399902344,314.3272399902344,211500,0.0,0.0
2004-01-28 00:00:00+09:00,312.79395433247385,314.32725803018207,309.7273469370574,311.2606506347656,230500,0.0,0.0
2004-01-29 00:00:00+09:00,308.1941317749023,309.7274359130859,305.12752349853514,306.66082763671875,222500,0.0,0.0
2004-01-30 00:00:00+09:00,306.66084858908584,311.2607613179221,305.1275443461404,308.19415283203125,142000,0.0,0.0
2004-02-02 00:00:00+09:00,311.26070503566575,320.4605288298234,309.7274010699728,317.3939208984375,219000,0.0,0.0
2004-02-03 00:00:00+09:00,317.39386542559845,318.92716912330667,306.660739541641,311.2606506347656,286000,0.0,0.0
2004-02-04 00:00:00+09:00,311.2606506347656,312.79395433247385,309.7273469370574,311.2606506347656,221000,0.0,0.0
2004-02-05 00:00:00+09:00,312.79405975341797,318.9272766113281,311.26075553894043,318.9272766113281,334000,0.0,0.0
2004-02-06 00:00:00+09:00,314.32725803018207,315.86056172789023,311.2606506347656,311.2606506347656,154500,0.0,0.0
2004-02-09 00:00:00+09:00,312.7940322413589,312.7940322413589,302.06090368405734,303.5942077636719,432000,0.0,0.0
2004-02-10 00:00:00+09:00,305.1275443461404,309.72745707497666,303.594240103195,308.19415283203125,262000,0.0,0.0
2004-02-11 00:00:00+09:00,308.19415283203125,308.19415283203125,308.19415283203125,308.19415283203125,0,0.0,0.0
2004-02-12 00:00:00+09:00,311.2607613179221,311.2607613179221,306.66084858908584,308.19415283203125,196000,0.0,0.0
2004-02-13 00:00:00+09:00,306.66082763671875,308.1941317749023,305.12752349853514,306.66082763671875,294500,0.0,0.0
2004-02-16 00:00:00+09:00,305.1274358439328,311.2606506347656,303.5941321462246,311.2606506347656,251000,0.0,0.0
2004-02-17 00:00:00+09:00,306.66076061772367,312.7939758300781,306.66076061772367,312.7939758300781,143500,0.0,0.0
2004-02-18 00:00:00+09:00,309.7273682239009,314.32727963316677,308.1940644208123,312.7939758300781,217500,0.0,0.0
2004-02-19 00:00:00+09:00,311.2606506347656,314.32725803018207,309.7273469370574,311.2606506347656,143500,0.0,0.0
2004-02-20 00:00:00+09:00,312.7940786417248,315.8606872558594,311.2607743346575,315.8606872558594,150000,0.0,0.0
2004-02-23 00:00:00+09:00,323.5271445380317,332.7269685533312,321.99384053548175,331.19366455078125,1082500,0.0,0.0
2004-02-24 00:00:00+09:00,329.66031796464296,335.79353318258984,326.59371035566954,328.12701416015625,656000,0.0,0.0
2004-02-25 00:00:00+09:00,329.6604023504695,337.32692333536414,328.1270981534906,334.26031494140625,445000,0.0,0.0
2004-02-26 00:00:00+09:00,344.99336537373426,358.7930999886836,343.46006152762874,357.2597961425781,2960000,0.0,0.0
2004-02-27 00:00:00+09:00,349.593334430197,357.2598549220873,346.5267262334409,352.6599426269531,751000,0.0,0.0
2004-03-01 00:00:00+09:00,352.65990286162406,363.3930303400213,351.12659893613875,354.1932067871094,1091500,0.0,0.0
2004-03-02 00:00:00+09:00,360.3264631188434,360.3264631188434,349.593334430197,352.6599426269531,598500,0.0,0.0
2004-03-03 00:00:00+09:00,349.5932312011719,355.72644578364856,348.0599275555527,349.5932312011719,556000,0.0,0.0
2004-03-04 00:00:00+09:00,352.6599542025862,358.7931707974138,349.59334590517244,355.7265625,518500,0.0,0.0
2004-03-05 00:00:00+09:00,355.7265625,355.7265625,346.5267376077586,355.7265625,449500,0.0,0.0
2004-03-08 00:00:00+09:00,360.32647910238313,366.4596957679556,358.79317493599,364.9263916015625,881500,0.0,0.0
2004-03-09 00:00:00+09:00,360.32647910238313,366.4596957679556,358.79317493599,364.9263916015625,392000,0.0,0.0
2004-03-10 00:00:00+09:00,364.9263213728262,372.5928407293982,360.326409758883,366.4596252441406,701000,0.0,0.0
2004-03-11 00:00:00+09:00,360.32639462723694,361.8596984341614,357.2597870133881,358.7930908203125,363000,0.0,0.0
2004-03-12 00:00:00+09:00,352.6599542025862,360.3264749461207,352.6599542025862,355.7265625,1529500,0.0,0.0
2004-03-15 00:00:00+09:00,364.9262785448807,364.9262785448807,358.7930637794205,363.3929748535156,287500,0.0,0.0
2004-03-16 00:00:00+09:00,360.3264749461207,361.8597790948276,355.7265625,355.7265625,319500,0.0,0.0
2004-03-17 00:00:00+09:00,358.79310588756863,367.992929115455,358.79310588756863,366.4596252441406,232000,0.0,0.0
2004-03-18 00:00:00+09:00,366.4596531754833,367.99295716366527,358.79313323457365,361.8597412109375,201000,0.0,0.0
2004-03-19 00:00:00+09:00,360.326409758883,372.5928407293982,360.326409758883,366.4596252441406,447000,0.0,0.0
2004-03-22 00:00:00+09:00,363.3929622568983,364.92626589511303,360.32635498046875,360.32635498046875,185500,0.0,0.0
2004-03-23 00:00:00+09:00,361.85967116215056,367.99288592761076,357.25976008805543,363.3929748535156,397500,0.0,0.0
2004-03-24 00:00:00+09:00,361.8597412109375,364.92634918730135,357.2598292463917,361.8597412109375,247000,0.0,0.0
2004-03-25 00:00:00+09:00,364.9263916015625,372.5929124335281,364.9263916015625,364.9263916015625,318500,0.0,0.0
2004-03-26 00:00:00+09:00,372.592907092036,381.79273195850607,371.05960294762434,375.6595153808594,563500,0.0,0.0
2004-03-29 00:00:00+09:00,374.1262018467353,380.2594182704523,372.59289774080605,377.19281005859375,279000,0.0,0.0
2004-03-30 00:00:00+09:00,377.19281952527103,378.7261236696827,371.05960294762434,375.6595153808594,239000,0.0,0.0
2004-03-31 00:00:00+09:00,375.6594571759624,380.2593688964844,374.12615326912174,380.2593688964844,142000,0.0,0.0
2004-04-01 00:00:00+09:00,381.79267280332505,381.79267280332505,375.6594571759624,380.2593688964844,197000,0.0,0.0
2004-04-02 00:00:00+09:00,377.1928442092169,395.59249514625185,377.1928442092169,386.3926696777344,425000,0.0,0.0
2004-04-05 00:00:00+09:00,390.992530123646,390.992530123646,384.85931396484375,384.85931396484375,211500,0.0,0.0
2004-04-06 00:00:00+09:00,384.85933718213846,390.9925537109375,378.7261206533395,390.9925537109375,238500,0.0,0.0
2004-04-07 00:00:00+09:00,389.45920728600544,390.9925112516984,387.9259033203125,387.9259033203125,179000,0.0,0.0
2004-04-08 00:00:00+09:00,386.3926413143382,390.9925537109375,380.25942478553924,390.9925537109375,284000,0.0,0.0
2004-04-09 00:00:00+09:00,390.992530123646,390.992530123646,378.7260978060414,384.85931396484375,368000,0.0,0.0
2004-04-12 00:00:00+09:00,383.32604235551486,390.99256320262515,380.25943401667075,389.4592590332031,272500,0.0,0.0
2004-04-13 00:00:00+09:00,395.5924661075368,397.12577023973654,389.45924957873774,390.9925537109375,252500,0.0,0.0
2004-04-14 00:00:00+09:00,390.9925537109375,390.9925537109375,387.925945446538,390.9925537109375,118500,0.0,0.0
2004-04-15 00:00:00+09:00,387.92593880009844,394.0591552238154,374.1262018467353,377.19281005859375,295000,0.0,0.0
2004-04-16 00:00:00+09:00,380.2593834918478,389.45920728600544,378.7260795261549,387.9259033203125,208000,0.0,0.0
2004-04-19 00:00:00+09:00,384.85931396484375,386.3926180045443,375.6594897266403,384.85931396484375,181500,0.0,0.0
2004-04-20 00:00:00+09:00,380.2594508894955,386.39266783932607,378.72614665203787,381.7927551269531,175000,0.0,0.0
2004-04-21 00:00:00+09:00,378.7260649896437,381.79267280332505,375.6594571759624,380.2593688964844,158000,0.0,0.0
2004-04-22 00:00:00+09:00,380.2594111328125,386.3926274414062,378.72610705566404,383.3260192871094,152500,0.0,0.0
2004-04-23 00:00:00+09:00,381.79271520996093,383.3260192871094,380.2594111328125,383.3260192871094,176000,0.0,0.0
2004-04-26 00:00:00+09:00,384.85936543298146,386.3926696777344,381.79275694347564,386.3926696777344,214500,0.0,0.0
2004-04-27 00:00:00+09:00,380.259401845742,386.3926180045443,378.7260978060414,384.85931396484375,144500,0.0,0.0
2004-04-28 00:00:00+09:00,387.9258884306877,387.9258884306877,377.1927610828031,380.2593688964844,115500,0.0,0.0
2004-04-29 00:00:00+09:00,380.2593688964844,380.2593688964844,380.2593688964844,380.2593688964844,0,0.0,0.0
2004-04-30 00:00:00+09:00,367.9929854230183,377.19281005859375,346.5267279400089,377.19281005859375,280000,0.0,0.0
2004-05-03 00:00:00+09:00,377.19281005859375,377.19281005859375,377.19281005859375,377.19281005859375,0,0.0,0.0
2004-05-04 00:00:00+09:00,377.19281005859375,377.19281005859375,377.19281005859375,377.19281005859375,0,0.0,0.0
2004-05-05 00:00:00+09:00,377.19281005859375,377.19281005859375,377.19281005859375,377.19281005859375,0,0.0,0.0
2004-05-06 00:00:00+09:00,369.5262611518472,369.5262611518472,360.32643722275554,361.8597412109375,166500,0.0,0.0
2004-05-07 00:00:00+09:00,352.65988460426166,364.9263153731056,352.65988460426166,357.2597961425781,164000,0.0,0.0
2004-05-10 00:00:00+09:00,349.5933804898649,352.6599890906532,337.32694608671176,340.3935546875,275000,0.0,0.0
2004-05-11 00:00:00+09:00,337.32690164317256,357.2598549220873,337.32690164317256,352.6599426269531,440000,0.0,0.0
2004-05-12 00:00:00+09:00,352.65990286162406,354.1932067871094,344.99338323419744,354.1932067871094,265000,0.0,0.0
2004-05-13 00:00:00+09:00,355.72644578364856,363.3929640117444,348.0599275555527,349.5932312011719,396500,0.0,0.0
2004-05-14 00:00:00+09:00,343.4601345486111,351.1266554090712,337.3269178602431,344.9934387207031,474500,0.0,0.0
2004-05-17 00:00:00+09:00,340.3935433127663,343.4601518110795,337.3269348144531,337.3269348144531,220500,0.0,0.0
2004-05-18 00:00:00+09:00,337.32687891057105,348.0600068759074,337.32687891057105,346.5267028808594,208500,0.0,0.0
2004-05-19 00:00:00+09:00,344.9933714221138,357.25980240601115,341.92676367613944,351.1265869140625,273500,0.0,0.0
2004-05-20 00:00:00+09:00,344.9933714221138,355.726498533024,341.92676367613944,351.1265869140625,314500,0.0,0.0
2004-05-21 00:00:00+09:00,348.0599275555527,354.1931421380294,344.9933202643143,349.5932312011719,139500,0.0,0.0
2004-05-24 00:00:00+09:00,351.1265807581562,363.39301152700006,351.1265807581562,357.2597961425781,224000,0.0,0.0
2004-05-25 00:00:00+09:00,352.6599426269531,357.2598549220873,348.06003033181895,352.6599426269531,153500,0.0,0.0
2004-05-26 00:00:00+09:00,360.32636747078556,366.4595822362457,358.7930637794205,363.3929748535156,201000,0.0,0.0
2004-05-27 00:00:00+09:00,363.39300224108575,366.45960985493457,355.7264832064637,358.7930908203125,140500,0.0,0.0
2004-05-28 00:00:00+09:00,363.3930874351694,364.9263916015625,357.2598707695969,364.9263916015625,149000,0.0,0.0
2004-05-31 00:00:00+09:00,363.3929748535156,367.99288592761076,360.32636747078556,363.3929748535156,188000,0.0,0.0
2004-06-01 00:00:00+09:00,366.4596252441406,374.12614460071256,363.3930175015118,366.4596252441406,203000,0.0,0.0
2004-06-02 00:00:00+09:00,366.4596531754833,366.4596531754833,361.8597412109375,361.8597412109375,84000,0.0,0.0
2004-06-03 00:00:00+09:00,361.859726414536,369.5262460419626,352.65990286162406,354.1932067871094,221500,0.0,0.0
2004-06-04 00:00:00+09:00,355.72652525820973,361.8597412109375,354.19322127002783,361.8597412109375,119500,0.0,0.0
2004-06-07 00:00:00+09:00,364.9262853551794,377.1927151150174,363.39298163519965,372.5928039550781,274000,0.0,0.0
2004-06-08 00:00:00+09:00,378.726114164523,378.726114164523,369.52628952894753,377.19281005859375,114500,0.0,0.0
2004-06-09 00:00:00+09:00,372.59288373131966,374.1261877795967,369.5262756347656,369.5262756347656,181500,0.0,0.0
2004-06-10 00:00:00+09:00,369.5262988032127,378.7261236696827,369.5262988032127,375.6595153808594,160500,0.0,0.0
2004-06-11 00:00:00+09:00,372.5928039550781,375.65941139503764,371.0595002350984,372.5928039550781,978000,0.0,0.0
2004-06-14 00:00:00+09:00,374.1262018467353,380.2594182704523,372.59289774080605,377.19281005859375,223500,0.0,0.0
2004-06-15 00:00:00+09:00,427.79177557903785,435.4582948546479,421.65856015854985,423.1918640136719,4189000,0.0,0.0
2004-06-16 00:00:00+09:00,423.19187322443184,429.3250887784091,420.1252654474432,421.6585693359375,1382500,0.0,0.0
2004-06-17 00:00:00+09:00,421.65852191140846,441.5914702199478,420.125218195367,440.05816650390625,1286000,0.0,0.0
2004-06-18 00:00:00+09:00,436.991614073621,436.991614073621,427.7917906194395,430.8583984375,720000,0.0,0.0
2004-06-21 00:00:00+09:00,435.4582824707031,443.1248015282859,432.39167484767,435.4582824707031,447500,0.0,0.0
2004-06-22 00:00:00+09:00,432.3917143589195,433.9250183105469,427.7918025040374,433.9250183105469,300000,0.0,0.0
2004-06-23 00:00:00+09:00,433.925027617326,436.991635586353,432.3917236328125,432.3917236328125,206500,0.0,0.0
2004-06-24 00:00:00+09:00,436.9916593111479,447.7247877854568,435.45835524338946,438.52496337890625,1008500,0.0,0.0
2004-06-25 00:00:00+09:00,435.82989501953125,438.9099649489979,432.74982509006463,435.82989501953125,341500,2.5,0.0
2004-06-28 00:00:00+09:00,435.82989501953125,437.3699299842646,429.66975516059796,435.82989501953125,671000,0.0,0.0
2004-06-29 00:00:00+09:00,432.7498168945313,434.289851830099,428.1297120878281,432.74981689453125,374000,0.0,0.0
2004-06-30 00:00:00+09:00,429.66963926503354,438.90984656105576,429.66963926503354,437.36981201171875,344000,0.0,0.0
2004-07-01 00:00:00+09:00,438.90988596669445,451.23016346751393,438.90988596669445,440.4499206542969,911500,0.0,0.0
2004-07-02 00:00:00+09:00,438.91009521484375,440.4501306366502,434.28998894942436,438.91009521484375,319000,0.0,0.0
2004-07-05 00:00:00+09:00,434.28978190388716,441.9899553418993,434.28978190388716,440.4499206542969,336000,0.0,0.0
2004-07-06 00:00:00+09:00,440.44999991373123,441.99003487846454,435.82989501953125,435.82989501953125,361500,0.0,0.0
2004-07-07 00:00:00+09:00,432.7497083637076,441.98991565972983,429.66963926503354,437.36981201171875,406500,0.0,0.0
2004-07-08 00:00:00+09:00,440.4498811103928,449.69008840641504,435.8297774623817,437.36981201171875,461000,0.0,0.0
2004-07-09 00:00:00+09:00,434.28998894942436,441.9901660584567,434.28998894942436,438.91009521484375,424000,0.0,0.0
2004-07-12 00:00:00+09:00,438.90989442534794,465.0904846191406,438.90989442534794,465.0904846191406,1426500,0.0,0.0
2004-07-13 00:00:00+09:00,455.8504675662879,458.93053829308707,452.7703968394886,457.3905029296875,776000,0.0,0.0
2004-07-14 00:00:00+09:00,458.9304048225855,460.4704397380975,441.9900207519531,441.9900207519531,560000,0.0,0.0
2004-07-15 00:00:00+09:00,445.06996008468,451.23009794052336,440.44985669279754,449.6900634765625,317000,0.0,0.0
2004-07-16 00:00:00+09:00,441.9899597167969,452.77020263671875,441.9899597167969,452.77020263671875,298500,0.0,0.0
2004-07-19 00:00:00+09:00,452.77020263671875,452.77020263671875,452.77020263671875,452.77020263671875,0,0.0,0.0
2004-07-20 00:00:00+09:00,445.06996008468,451.23009794052336,441.98989115675835,449.6900634765625,155000,0.0,0.0
2004-07-21 00:00:00+09:00,449.6901332310268,452.77020263671875,445.07002912248885,452.77020263671875,359000,0.0,0.0
2004-07-22 00:00:00+09:00,445.0702355290436,454.31044803137667,445.0702355290436,451.2303771972656,286500,0.0,0.0
2004-07-23 00:00:00+09:00,451.2303771972656,455.8504834484322,446.6102709460991,451.2303771972656,279500,0.0,0.0
2004-07-26 00:00:00+09:00,443.53005566746515,446.61012549848925,440.4499858364411,441.9900207519531,290000,0.0,0.0
2004-07-27 00:00:00+09:00,440.44999991373123,445.0701048079312,432.74982509006463,435.82989501953125,253000,0.0,0.0
2004-07-28 00:00:00+09:00,438.9098946253459,445.0700334972806,435.82982518937854,443.5299987792969,255500,0.0,0.0
2004-07-29 00:00:00+09:00,437.3700597930373,443.53020148026314,434.28998894942436,438.91009521484375,129500,0.0,0.0
2004-07-30 00:00:00+09:00,440.44998841366527,454.310302734375,440.44998841366527,454.310302734375,302500,0.0,0.0
2004-08-02 00:00:00+09:00,455.85047124056206,471.25082499868915,455.85047124056206,458.9305419921875,958500,0.0,0.0
2004-08-03 00:00:00+09:00,460.47037615094865,463.5504455566406,448.1500985281808,452.77020263671875,269000,0.0,0.0
2004-08-04 00:00:00+09:00,446.61004638671875,449.69011567214443,435.829803887729,446.61004638671875,280000,0.0,0.0
2004-08-05 00:00:00+09:00,443.5299944196429,458.9303414481027,441.9899597167969,452.77020263671875,321000,0.0,0.0
2004-08-06 00:00:00+09:00,446.6101281117585,455.8503376588983,443.53005826271186,454.310302734375,213000,0.0,0.0
2004-08-09 00:00:00+09:00,438.9098946253459,443.5299987792969,435.82982518937854,443.5299987792969,378000,0.0,0.0
2004-08-10 00:00:00+09:00,440.4499206542969,446.61005940470665,437.369851279092,440.4499206542969,235000,0.0,0.0
2004-08-11 00:00:00+09:00,437.369851279092,446.61005940470665,437.369851279092,440.4499206542969,388000,0.0,0.0
2004-08-12 00:00:00+09:00,440.4501306366502,448.1503077456826,438.91009521484375,438.91009521484375,292000,0.0,0.0
2004-08-13 00:00:00+09:00,437.36989512342086,440.4499648073886,434.2898254394531,434.2898254394531,471000,0.0,0.0
2004-08-16 00:00:00+09:00,434.2898350243964,434.2898350243964,418.88948626466606,426.58966064453125,298500,0.0,0.0
2004-08-17 00:00:00+09:00,431.20976527245034,437.3699047763425,421.9695560166121,426.58966064453125,197000,0.0,0.0
2004-08-18 00:00:00+09:00,426.5896992563774,429.6697692871094,421.96959421027947,429.6697692871094,173000,0.0,0.0
2004-08-19 00:00:00+09:00,432.7497083637076,438.90984656105576,426.58957016635947,437.36981201171875,231000,0.0,0.0
2004-08-20 00:00:00+09:00,432.7497557534112,445.0700334972806,432.7497557534112,443.5299987792969,219000,0.0,0.0
2004-08-23 00:00:00+09:00,448.1500940923091,448.1500940923091,435.8298165914896,440.4499206542969,364000,0.0,0.0
2004-08-24 00:00:00+09:00,438.9099509209291,441.9900207519531,432.749811258881,441.9900207519531,196500,0.0,0.0
2004-08-25 00:00:00+09:00,443.53005826271186,458.93040750794495,438.90995348914197,454.310302734375,306500,0.0,0.0
2004-08-26 00:00:00+09:00,455.85033499156145,457.3903699070735,441.9900207519531,441.9900207519531,252000,0.0,0.0
2004-08-27 00:00:00+09:00,445.0700334972806,446.6100682152642,440.44992934332953,443.5299987792969,115000,0.0,0.0
2004-08-30 00:00:00+09:00,443.53005566746515,443.53005566746515,435.82988108990503,441.9900207519531,109500,0.0,0.0
2004-08-31 00:00:00+09:00,443.53005566746515,445.07009058297723,437.36991600541705,441.9900207519531,98000,0.0,0.0
2004-09-01 00:00:00+09:00,441.9900207519531,445.07009058297723,438.9099509209291,441.9900207519531,173500,0.0,0.0
2004-09-02 00:00:00+09:00,441.98996406131323,446.6100682152642,440.44992934332953,443.5299987792969,178500,0.0,0.0
2004-09-03 00:00:00+09:00,445.07023690206967,448.1503077456826,438.91009521484375,438.91009521484375,202500,0.0,0.0
2004-09-06 00:00:00+09:00,438.90982222883673,452.7701324044842,438.90982222883673,449.6900634765625,266000,0.0,0.0
2004-09-07 00:00:00+09:00,449.6900634765625,451.23009794052336,446.6099945486409,449.6900634765625,176500,0.0,0.0
2004-09-08 00:00:00+09:00,454.3102415981672,466.63051933642254,452.77020688088527,465.0904846191406,663000,0.0,0.0
2004-09-09 00:00:00+09:00,466.63053705221836,466.63053705221836,457.390328397719,460.47039794921875,501000,0.0,0.0
2004-09-10 00:00:00+09:00,455.8502720424107,455.8502720424107,445.07002912248885,452.77020263671875,1584500,0.0,0.0
2004-09-13 00:00:00+09:00,460.47043263753255,462.0104675292969,454.31029307047527,462.0104675292969,201500,0.0,0.0
2004-09-14 00:00:00+09:00,463.5504675007186,463.5504675007186,458.9303631734689,460.47039794921875,159000,0.0,0.0
2004-09-15 00:00:00+09:00,452.7701324044842,457.39023579636665,449.6900634765625,449.6900634765625,276000,0.0,0.0
2004-09-16 00:00:00+09:00,451.2302328853284,457.39037258342165,448.1501630362818,454.310302734375,105000,0.0,0.0
2004-09-17 00:00:00+09:00,454.31044803137667,454.31044803137667,446.6102709460991,451.2303771972656,409500,0.0,0.0
2004-09-20 00:00:00+09:00,451.2303771972656,451.2303771972656,451.2303771972656,451.2303771972656,0,0.0,0.0
2004-09-21 00:00:00+09:00,452.7704126143212,455.8504834484322,449.69034178021013,451.2303771972656,154000,0.0,0.0
2004-09-22 00:00:00+09:00,457.3905188654877,457.3905188654877,443.53020011198805,451.2303771972656,212500,0.0,0.0
2004-09-23 00:00:00+09:00,451.2303771972656,451.2303771972656,451.2303771972656,451.2303771972656,0,0.0,0.0
2004-09-24 00:00:00+09:00,452.77025108730675,452.77025108730675,445.0700767490872,448.150146484375,298000,0.0,0.0
2004-09-27 00:00:00+09:00,446.61004638671875,449.69011567214443,435.829803887729,446.61004638671875,235000,0.0,0.0
2004-09-28 00:00:00+09:00,438.9100192904885,446.6101950675146,435.829948979678,445.0701599121094,200500,0.0,0.0
2004-09-29 00:00:00+09:00,446.61027232387613,446.61027232387613,435.8300243712308,438.91009521484375,363500,0.0,0.0
2004-09-30 00:00:00+09:00,441.9899996493725,445.07006933334026,434.2898254394531,434.2898254394531,241500,0.0,0.0
2004-10-01 00:00:00+09:00,441.9900070137994,449.6901813520189,438.9099372785116,448.150146484375,171500,0.0,0.0
2004-10-04 00:00:00+09:00,454.31043220288825,457.39050292968744,449.6903261126894,457.3905029296875,269000,0.0,0.0
2004-10-05 00:00:00+09:00,457.39030674525674,457.39030674525674,448.1500985281808,452.77020263671875,240500,0.0,0.0
2004-10-06 00:00:00+09:00,449.6901545189695,460.47039794921875,449.6901545189695,460.47039794921875,370500,0.0,0.0
2004-10-07 00:00:00+09:00,462.01047735699154,462.01047735699154,454.310302734375,454.310302734375,245000,0.0,0.0
2004-10-08 00:00:00+09:00,449.69020441958776,469.7106587259393,449.69020441958776,468.1706237792969,945500,0.0,0.0
2004-10-11 00:00:00+09:00,468.1706237792969,468.1706237792969,468.1706237792969,468.1706237792969,0,0.0,0.0
2004-10-12 00:00:00+09:00,469.7106238639,475.87076319326263,463.5504845345374,466.63055419921875,527000,0.0,0.0
2004-10-13 00:00:00+09:00,465.0903447877939,482.0307215847003,463.5503105335297,478.9506530761719,1046000,0.0,0.0
2004-10-14 00:00:00+09:00,480.49086769028463,482.0309025226253,465.0905193668781,466.63055419921875,377000,0.0,0.0
2004-10-15 00:00:00+09:00,458.9303800375154,468.17058903155936,458.9303800375154,466.63055419921875,276500,0.0,0.0
2004-10-18 00:00:00+09:00,471.2506408691406,474.33071041730494,462.0104322246477,471.2506408691406,232500,0.0,0.0
2004-10-19 00:00:00+09:00,474.3308261969151,482.031001946865,472.7907910469251,480.490966796875,590000,0.0,0.0
2004-10-20 00:00:00+09:00,474.33069292283216,475.8707276401141,463.5504499018587,465.0904846191406,416000,0.0,0.0
2004-10-21 00:00:00+09:00,463.55064811962563,466.630718871251,457.39050661637475,458.9305419921875,307500,0.0,0.0
2004-10-22 00:00:00+09:00,458.9303631734689,463.5504675007186,454.3102588462192,460.47039794921875,290500,0.0,0.0
2004-10-25 00:00:00+09:00,448.1500810294316,452.77018495757005,434.28976924501615,446.61004638671875,341500,0.0,0.0
2004-10-26 00:00:00+09:00,446.6101116167311,448.150146484375,445.0700767490872,448.150146484375,250000,0.0,0.0
2004-10-27 00:00:00+09:00,446.6100682152642,448.1501029332479,440.44992934332953,443.5299987792969,178000,0.0,0.0
2004-10-28 00:00:00+09:00,451.2301503148572,451.2301503148572,446.61004638671875,446.61004638671875,237500,0.0,0.0
2004-10-29 00:00:00+09:00,443.5300418814433,449.6901813520189,441.9900070137994,448.150146484375,167500,0.0,0.0
2004-11-01 00:00:00+09:00,449.6900634765625,451.23009794052336,446.6099945486409,449.6900634765625,131000,0.0,0.0
2004-11-02 00:00:00+09:00,457.39033685728566,469.7106152911519,449.6901628361192,463.55047607421875,430500,0.0,0.0
2004-11-03 00:00:00+09:00,463.5504760742188,463.5504760742188,463.5504760742188,463.55047607421875,0,0.0,0.0
2004-11-04 00:00:00+09:00,466.63051933642254,468.1705540537045,462.0104151845768,465.0904846191406,239000,0.0,0.0
2004-11-05 00:00:00+09:00,472.79069352858136,472.79069352858136,466.63055419921875,466.63055419921875,208500,0.0,0.0
2004-11-08 00:00:00+09:00,483.5710829722731,498.9714359331735,477.4109417879129,486.6511535644531,2804000,0.0,0.0
2004-11-09 00:00:00+09:00,486.6511535644532,498.9714359331735,483.5710829722731,486.6511535644531,1481500,0.0,0.0
2004-11-10 00:00:00+09:00,488.1911735534668,497.4313850402832,486.65113830566406,492.811279296875,1152000,0.0,0.0
2004-11-11 00:00:00+09:00,491.27121284680493,494.35128314678485,477.4108964968951,480.490966796875,808500,0.0,0.0
2004-11-12 00:00:00+09:00,483.57093974179446,491.27111394150455,482.0309049018524,489.7310791015625,918000,0.0,0.0
2004-11-15 00:00:00+09:00,495.8912395087558,505.131448940596,494.3512046034491,497.4312744140625,813000,0.0,0.0
2004-11-16 00:00:00+09:00,497.4313850402832,498.97142028808594,491.27124404907227,492.811279296875,491000,0.0,0.0
2004-11-17 00:00:00+09:00,494.35121281550477,508.2115271935096,494.35121281550477,500.5113525390625,1095000,0.0,0.0
2004-11-18 00:00:00+09:00,503.59142654512556,506.67149643225173,500.51135665799944,502.0513916015625,377500,0.0,0.0
2004-11-19 00:00:00+09:00,505.13138253348217,514.3715907505581,503.5913478306362,506.6714172363281,956500,0.0,0.0
2004-11-22 00:00:00+09:00,500.51137083065436,505.1314757921681,488.1910909332844,495.8912658691406,495000,0.0,0.0
2004-11-23 00:00:00+09:00,495.8912658691406,495.8912658691406,495.8912658691406,495.8912658691406,0,0.0,0.0
2004-11-24 00:00:00+09:00,494.35121281550477,503.59142240084134,491.2711429537259,500.5113525390625,340000,0.0,0.0
2004-11-25 00:00:00+09:00,505.1314614886886,505.1314614886886,495.8912518273102,502.0513916015625,287000,0.0,0.0
2004-11-26 00:00:00+09:00,503.59144080499686,503.59144080499686,495.8912658691406,495.8912658691406,165500,0.0,0.0
2004-11-29 00:00:00+09:00,495.8912518273102,506.67149643225173,495.8912518273102,502.0513916015625,238500,0.0,0.0
2004-11-30 00:00:00+09:00,500.511304343619,505.13140869140625,495.89119999583176,505.13140869140625,172500,0.0,0.0
2004-12-01 00:00:00+09:00,497.43127708780804,509.75155639648443,497.43127708780804,509.7515563964844,491000,0.0,0.0
2004-12-02 00:00:00+09:00,514.3717239064805,525.1519696170953,508.21158350041486,522.0718994140625,718500,0.0,0.0
2004-12-03 00:00:00+09:00,528.2319611051189,528.2319611051189,514.3716472568797,515.9116821289062,487500,0.0,0.0
2004-12-06 00:00:00+09:00,517.4518969872754,520.5319678026759,512.8317907641748,514.371826171875,259500,0.0,0.0
2004-12-07 00:00:00+09:00,517.4517170009328,523.6118564890392,514.3716472568797,515.9116821289062,389500,0.0,0.0
2004-12-08 00:00:00+09:00,506.6714728967467,515.9116821289062,500.5113334086404,515.9116821289062,421000,0.0,0.0
2004-12-09 00:00:00+09:00,509.751562124399,514.3716669170673,498.9713176081731,500.5113525390625,357000,0.0,0.0
2004-12-10 00:00:00+09:00,494.3510575471101,505.13129867742094,494.3510575471101,498.9711608886719,2018500,0.0,0.0
2004-12-13 00:00:00+09:00,506.67151077933937,506.67151077933937,494.3512308819694,495.8912658691406,367000,0.0,0.0
2004-12-14 00:00:00+09:00,495.8912477463942,505.13145733173076,494.35121281550477,500.5113525390625,286000,0.0,0.0
2004-12-15 00:00:00+09:00,502.05133912621477,508.21147825659773,502.05133912621477,505.13140869140625,256000,0.0,0.0
2004-12-16 00:00:00+09:00,503.59142654512556,506.67149643225173,502.0513916015625,502.0513916015625,186000,0.0,0.0
2004-12-17 00:00:00+09:00,502.05124057162635,518.991619854718,502.05124057162635,512.8314819335938,399000,0.0,0.0
2004-12-20 00:00:00+09:00,509.7516186019313,522.0718994140625,508.21158350041486,522.0718994140625,357000,0.0,0.0
2004-12-21 00:00:00+09:00,523.6118292182945,532.8520379692055,522.0717944264759,528.23193359375,646500,0.0,0.0
2004-12-22 00:00:00+09:00,534.3922080332144,539.0123135781702,531.3121376699106,532.8521728515625,510500,0.0,0.0
2004-12-23 00:00:00+09:00,532.8521728515625,532.8521728515625,532.8521728515625,532.8521728515625,0,0.0,0.0
2004-12-24 00:00:00+09:00,539.0122839286503,548.2524945102842,537.4722488317112,545.1724243164062,627500,0.0,0.0
2004-12-27 00:00:00+09:00,544.0133081124642,547.1042928176486,536.285846349503,539.3768310546875,264000,2.5,0.0
2004-12-28 00:00:00+09:00,533.1948616443186,539.3768310546875,533.1948616443186,539.3768310546875,217000,0.0,0.0
2004-12-29 00:00:00+09:00,539.3766858390209,554.8316052040358,534.7402100295163,550.1951293945312,648500,0.0,0.0
2004-12-30 00:00:00+09:00,554.8317448412612,564.10469879404,553.2862525157981,557.9227294921875,228500,0.0,0.0
2004-12-31 00:00:00+09:00,557.9227294921875,557.9227294921875,557.9227294921875,557.9227294921875,0,0.0,0.0
2005-01-03 00:00:00+09:00,557.9227294921875,557.9227294921875,557.9227294921875,557.9227294921875,0,0.0,0.0
2005-01-04 00:00:00+09:00,565.6501911195031,567.1956834449662,553.2862525157981,557.9227294921875,481500,0.0,0.0
2005-01-05 00:00:00+09:00,554.8316879057548,556.3771800726232,542.4677505708077,548.6497192382812,454000,0.0,0.0
2005-01-06 00:00:00+09:00,542.4676685386381,556.3770959370648,542.4676685386381,554.8316040039062,714500,0.0,0.0
2005-01-07 00:00:00+09:00,556.3772634732521,561.0137406688625,545.5588166834945,547.1043090820312,567500,0.0,0.0
2005-01-10 00:00:00+09:00,547.1043090820312,547.1043090820312,547.1043090820312,547.1043090820312,0,0.0,0.0
2005-01-11 00:00:00+09:00,547.1041455215283,554.8316052040358,547.1041455215283,550.1951293945312,375500,0.0,0.0
2005-01-12 00:00:00+09:00,556.3770971405372,557.9225890770388,547.1041455215283,550.1951293945312,373500,0.0,0.0
2005-01-13 00:00:00+09:00,551.740703572018,556.3771800726232,548.6497192382812,548.6497192382812,326000,0.0,0.0
2005-01-14 00:00:00+09:00,548.6496386649588,548.6496386649588,542.4676709053537,545.5586547851562,718500,0.0,0.0
2005-01-17 00:00:00+09:00,545.5586547851562,548.6496386649588,542.4676709053537,545.5586547851562,372000,0.0,0.0
2005-01-18 00:00:00+09:00,548.6497827009722,548.6497827009722,542.467813318426,544.0133056640625,258500,0.0,0.0
2005-01-19 00:00:00+09:00,544.0132656695156,547.104250133547,542.4677734375,542.4677734375,182500,0.0,0.0
2005-01-20 00:00:00+09:00,539.3767910661369,540.9222833041487,531.6493298760776,537.831298828125,256500,0.0,0.0
2005-01-21 00:00:00+09:00,534.7403515902432,544.0133056640625,533.1948592446067,544.0133056640625,280000,0.0,0.0
2005-01-24 00:00:00+09:00,550.1952114051496,551.740703572018,544.013242737676,548.6497192382812,318000,0.0,0.0
2005-01-25 00:00:00+09:00,550.1952938791048,550.1952938791048,542.4678318864208,547.1043090820312,281500,0.0,0.0
2005-01-26 00:00:00+09:00,551.7407016860707,554.8316860092419,548.6497173628994,553.2861938476562,362500,0.0,0.0
2005-01-27 00:00:00+09:00,550.1952304359244,553.2862148765756,548.6497382155987,551.74072265625,139000,0.0,0.0
2005-01-28 00:00:00+09:00,548.6496386649588,550.1951306048601,540.9221789654524,545.5586547851562,255000,0.0,0.0
2005-01-31 00:00:00+09:00,545.5586535850268,553.2861132675342,544.0131616485253,550.1951293945312,298000,0.0,0.0
2005-02-01 00:00:00+09:00,553.2862148765756,553.2862148765756,548.6497382155987,551.74072265625,174000,0.0,0.0
2005-02-02 00:00:00+09:00,554.8316860092419,554.8316860092419,551.7407016860707,553.2861938476562,284000,0.0,0.0
2005-02-03 00:00:00+09:00,554.83158331977,556.3770751953125,550.1951076931423,556.3770751953125,274500,0.0,0.0
2005-02-04 00:00:00+09:00,553.2861938476562,554.8316860092419,548.6497173628994,553.2861938476562,235000,0.0,0.0
2005-02-07 00:00:00+09:00,553.2862501878004,564.1046964205228,553.2862501878004,562.5592041015625,438000,0.0,0.0
2005-02-08 00:00:00+09:00,559.4682218176506,561.0137141431137,554.8317448412612,557.9227294921875,251000,0.0,0.0
2005-02-09 00:00:00+09:00,562.5590601382048,570.2865197554879,557.922584367835,568.7410278320312,640500,0.0,0.0
2005-02-10 00:00:00+09:00,568.7410651041666,579.5595092773438,564.1045890299479,579.5595092773438,915000,0.0,0.0
2005-02-11 00:00:00+09:00,579.5595092773438,579.5595092773438,579.5595092773438,579.5595092773438,0,0.0,0.0
2005-02-14 00:00:00+09:00,587.28692740281,593.4688950596817,582.6504516601562,582.6504516601562,610500,0.0,0.0
2005-02-15 00:00:00+09:00,582.6505159856174,582.6505159856174,571.83207139172,573.3775634765625,273500,0.0,0.0
2005-02-16 00:00:00+09:00,571.8320551260116,573.3775471668927,554.8316426763193,561.0136108398438,859500,0.0,0.0
2005-02-17 00:00:00+09:00,561.0136108398438,568.7410710442493,559.4681187989627,561.0136108398438,547500,0.0,0.0
2005-02-18 00:00:00+09:00,564.1045726807306,573.3775245604138,562.5590807007834,567.195556640625,346500,0.0,0.0
2005-02-21 00:00:00+09:00,574.923016540361,574.923016540361,567.195556640625,567.195556640625,209500,0.0,0.0
2005-02-22 00:00:00+09:00,568.7410710442493,570.2865630851304,559.4681187989627,561.0136108398438,247500,0.0,0.0
2005-02-23 00:00:00+09:00,556.3770751953125,556.3770751953125,550.1951076931423,556.3770751953125,297000,0.0,0.0
2005-02-24 00:00:00+09:00,561.0135086686644,565.6499839469178,559.4680169092466,564.1044921875,233000,0.0,0.0
2005-02-25 00:00:00+09:00,568.7411664292896,576.4686279296875,565.6501818291304,576.4686279296875,362000,0.0,0.0
2005-02-28 00:00:00+09:00,582.6506560305332,585.741640943162,578.01417866159,581.1051635742188,393500,0.0,0.0
2005-03-01 00:00:00+09:00,585.741455078125,588.8324390099357,582.6504711463143,585.741455078125,434000,0.0,0.0
2005-03-02 00:00:00+09:00,585.7414366370216,587.2869285542697,574.922993216285,578.0139770507812,649000,0.0,0.0
2005-03-03 00:00:00+09:00,574.923091827877,584.196044921875,574.923091827877,584.196044921875,278000,0.0,0.0
2005-03-04 00:00:00+09:00,584.1959618373692,590.3779296875,582.6504698748364,590.3779296875,326500,0.0,0.0
2005-03-07 00:00:00+09:00,593.4690172697368,599.6509861996299,587.2870483398438,587.2870483398438,474500,0.0,0.0
2005-03-08 00:00:00+09:00,593.4691162109375,596.5601011912028,588.8326387405396,593.4691162109375,513500,0.0,0.0
2005-03-09 00:00:00+09:00,596.5599975585938,602.7419664452113,595.0145053369394,596.5599975585938,751500,0.0,0.0
2005-03-10 00:00:00+09:00,596.559854827802,605.832805939115,595.0143629759165,598.1053466796875,388000,0.0,0.0
2005-03-11 00:00:00+09:00,596.5598722433742,613.5602831104134,596.5598722433742,610.4692993164062,2389500,0.0,0.0
2005-03-14 00:00:00+09:00,613.5603249430959,613.5603249430959,607.3783569335938,607.3783569335938,475500,0.0,0.0
2005-03-15 00:00:00+09:00,610.4693409383448,610.4693409383448,602.741880926467,607.3783569335938,483500,0.0,0.0
2005-03-16 00:00:00+09:00,601.1963889240915,608.9238489359693,599.6508969217159,607.3783569335938,323500,0.0,0.0
2005-03-17 00:00:00+09:00,596.5598743899623,602.7418420002209,596.5598743899623,601.1963500976562,267000,0.0,0.0
2005-03-18 00:00:00+09:00,602.7418398313885,612.0147912134098,599.6508560373813,610.4692993164062,293500,0.0,0.0
2005-03-21 00:00:00+09:00,610.4692993164062,610.4692993164062,610.4692993164062,610.4692993164062,0,0.0,0.0
2005-03-22 00:00:00+09:00,607.3783569335938,610.4693409383448,602.741880926467,607.3783569335938,342000,0.0,0.0
2005-03-23 00:00:00+09:00,604.2874145507812,607.3783987684324,598.1054461154791,604.2874145507812,386000,0.0,0.0
2005-03-24 00:00:00+09:00,612.0148315429688,619.7422915371982,610.4693395441228,612.0148315429688,645000,0.0,0.0
2005-03-25 00:00:00+09:00,615.1056726136184,615.1056726136184,607.3782144149548,608.9237060546875,290500,0.0,0.0
2005-03-28 00:00:00+09:00,610.4693395441228,615.1058155406605,608.923847545277,612.0148315429688,155500,0.0,0.0
2005-03-29 00:00:00+09:00,615.1058169454715,618.1968009502226,607.3783569335938,607.3783569335938,545500,0.0,0.0
2005-03-30 00:00:00+09:00,602.7418420002209,604.2873339027856,599.6508581950916,601.1963500976562,437000,0.0,0.0
2005-03-31 00:00:00+09:00,602.7418398313885,610.4692993164062,602.7418398313885,610.4692993164062,413000,0.0,0.0
2005-04-01 00:00:00+09:00,607.3783155223991,610.4692993164062,602.7418398313885,610.4692993164062,359500,0.0,0.0
2005-04-04 00:00:00+09:00,610.4694402968553,615.1059170586036,605.8329635351071,613.5604248046875,310500,0.0,0.0
2005-04-05 00:00:00+09:00,616.6513034396701,627.4697473596643,615.1058114510995,625.9242553710938,1131000,0.0,0.0
2005-04-06 00:00:00+09:00,629.0152796853351,635.197248036051,624.3788034222983,627.4697875976562,869500,0.0,0.0
2005-04-07 00:00:00+09:00,629.0154261043416,629.0154261043416,618.1969789723258,621.2879638671875,500000,0.0,0.0
2005-04-08 00:00:00+09:00,624.3786827068471,630.5606498623604,622.8331909179688,622.8331909179688,872000,0.0,0.0
2005-04-11 00:00:00+09:00,625.9244412094799,630.5609185517724,619.7424714197567,621.2879638671875,424500,0.0,0.0
2005-04-12 00:00:00+09:00,621.2877415029249,625.9242171857825,613.5602820314954,615.1057739257812,619500,0.0,0.0
2005-04-13 00:00:00+09:00,625.9244412094799,627.4699336569108,619.7424714197567,621.2879638671875,545000,0.0,0.0
2005-04-14 00:00:00+09:00,615.1058155406605,621.287783536044,610.4693395441228,612.0148315429688,475500,0.0,0.0
2005-04-15 00:00:00+09:00,596.5598743899623,605.8328258053502,596.5598743899623,601.1963500976562,466000,0.0,0.0
2005-04-18 00:00:00+09:00,588.832525437878,588.832525437878,571.8321113176244,574.923095703125,760500,0.0,0.0
2005-04-19 00:00:00+09:00,576.4685020247056,590.3779296875,576.4685020247056,590.3779296875,393000,0.0,0.0
2005-04-20 00:00:00+09:00,601.1965786616007,602.7420711517334,591.9236237208048,593.4691162109375,306000,0.0,0.0
2005-04-21 00:00:00+09:00,576.4685821132709,593.4689960629921,568.7411212270341,588.83251953125,420000,0.0,0.0
2005-04-22 00:00:00+09:00,598.1054897802481,599.6509820019025,591.9235208936307,596.5599975585938,460500,0.0,0.0
2005-04-25 00:00:00+09:00,591.9233792721456,602.741822235344,590.37788742026,598.1053466796875,307000,0.0,0.0
2005-04-26 00:00:00+09:00,604.2873140872294,604.2873140872294,591.9233792721456,598.1053466796875,303500,0.0,0.0
2005-04-27 00:00:00+09:00,595.0144209145892,608.9238489359693,595.0144209145892,607.3783569335938,381000,0.0,0.0
2005-04-28 00:00:00+09:00,607.3782144149548,615.1056726136184,598.1052645765585,608.9237060546875,466000,0.0,0.0
2005-04-29 00:00:00+09:00,608.9237060546875,608.9237060546875,608.9237060546875,608.9237060546875,0,0.0,0.0
2005-05-02 00:00:00+09:00,605.8327227752221,612.0146893341529,599.6507562162913,608.9237060546875,227000,0.0,0.0
2005-05-03 00:00:00+09:00,608.9237060546875,608.9237060546875,608.9237060546875,608.9237060546875,0,0.0,0.0
2005-05-04 00:00:00+09:00,608.9237060546875,608.9237060546875,608.9237060546875,608.9237060546875,0,0.0,0.0
2005-05-05 00:00:00+09:00,608.9237060546875,608.9237060546875,608.9237060546875,608.9237060546875,0,0.0,0.0
2005-05-06 00:00:00+09:00,616.6514009135277,632.1063232421875,612.0149242149297,632.1063232421875,751500,0.0,0.0
2005-05-09 00:00:00+09:00,625.9242955099772,627.4697875976562,619.7423271592614,627.4697875976562,481500,0.0,0.0
2005-05-10 00:00:00+09:00,641.3793100434442,653.7432485503058,639.8338177300866,647.561279296875,1747000,0.0,0.0
2005-05-11 00:00:00+09:00,641.3792440824419,661.4706420898438,638.2882597736109,661.4706420898438,1065500,0.0,0.0
2005-05-12 00:00:00+09:00,656.8341845135355,667.6526299055232,655.2886923146802,664.5616455078125,817500,0.0,0.0
2005-05-13 00:00:00+09:00,659.9251689112464,672.2891065020893,656.8341845135355,664.5616455078125,861500,0.0,0.0
2005-05-16 00:00:00+09:00,659.9252008263039,661.4706930999018,638.2883089959333,639.8338012695312,543000,0.0,0.0
2005-05-17 00:00:00+09:00,646.0158750663683,647.5613675904506,635.1974273977928,636.742919921875,507000,0.0,0.0
2005-05-18 00:00:00+09:00,642.9247858167271,642.9247858167271,638.2883089959333,639.8338012695312,505500,0.0,0.0
2005-05-19 00:00:00+09:00,646.0158190604968,666.1072201317562,644.4703266703999,663.0162353515625,698500,0.0,0.0
2005-05-20 00:00:00+09:00,656.8342074541979,661.4706842126981,652.1977306956976,658.3796997070312,602000,0.0,0.0
2005-05-23 00:00:00+09:00,655.2887734010781,666.1072201317562,647.5613114505936,663.0162353515625,516000,0.0,0.0
2005-05-24 00:00:00+09:00,663.0160955752966,663.0160955752966,653.7431431896282,655.2886352539062,348000,0.0,0.0
2005-05-25 00:00:00+09:00,656.8342521468138,659.9252368627988,647.5612979988588,650.6522827148438,582000,0.0,0.0
2005-05-26 00:00:00+09:00,644.4701908039597,658.3796193824624,644.4701908039597,655.2886352539062,596000,0.0,0.0
2005-05-27 00:00:00+09:00,656.834023087113,669.197957639341,656.834023087113,667.6524658203125,630500,0.0,0.0
2005-05-30 00:00:00+09:00,670.7436251253695,692.3805162584459,670.7436251253695,686.1985473632812,1092000,0.0,0.0
2005-05-31 00:00:00+09:00,680.0164165411295,690.8348595315566,676.9254328295789,689.2893676757812,605000,0.0,0.0
2005-06-01 00:00:00+09:00,684.6528921084554,692.3803513873319,681.5619083969048,689.2893676757812,525500,0.0,0.0
2005-06-02 00:00:00+09:00,689.2896170876244,689.2896170876244,678.4711701826616,680.0166625976562,619000,0.0,0.0
2005-06-03 00:00:00+09:00,678.470908553512,681.561892191569,659.92500672517,667.6524658203125,897500,0.0,0.0
2005-06-06 00:00:00+09:00,669.1981787725326,675.3801480914474,666.1071941130751,673.8346557617188,400000,0.0,0.0
2005-06-07 00:00:00+09:00,678.4711701826616,686.1986322576349,675.3801853526722,680.0166625976562,466000,0.0,0.0
2005-06-08 00:00:00+09:00,683.107545891764,683.107545891764,676.9255771506621,678.4710693359375,397000,0.0,0.0
2005-06-09 00:00:00+09:00,676.9254167344835,678.470908553512,666.106974001284,667.6524658203125,394500,0.0,0.0
2005-06-10 00:00:00+09:00,669.1981143174668,686.198528307056,669.1981143174668,683.1075439453125,2204500,0.0,0.0
2005-06-13 00:00:00+09:00,687.7440375342999,700.1079752877255,687.7440375342999,690.8350219726562,887500,0.0,0.0
2005-06-14 00:00:00+09:00,690.8350642172138,693.9260488445839,686.1985872761586,687.7440795898438,276000,0.0,0.0
2005-06-15 00:00:00+09:00,689.28955298568,690.8350452569483,683.1075839006066,684.653076171875,357500,0.0,0.0
2005-06-16 00:00:00+09:00,686.1985453151217,693.9260064110126,686.1985453151217,690.8350219726562,325000,0.0,0.0
2005-06-17 00:00:00+09:00,693.926025390625,695.471517652074,690.8350408677269,693.926025390625,374500,0.0,0.0
2005-06-20 00:00:00+09:00,693.9262300218854,693.9262300218854,689.2897518702915,692.3807373046875,307500,0.0,0.0
2005-06-21 00:00:00+09:00,689.2897092013889,701.6536501736111,689.2897092013889,695.4716796875,664000,0.0,0.0
2005-06-22 00:00:00+09:00,698.5625610351562,703.1990382101684,693.9260838601442,698.5625610351562,438500,0.0,0.0
2005-06-23 00:00:00+09:00,700.1078893182562,703.1988733770564,697.0169052594559,701.6533813476562,484500,0.0,0.0
2005-06-24 00:00:00+09:00,695.4715762518149,698.5625610351562,692.3805914684735,698.5625610351562,367000,0.0,0.0
2005-06-27 00:00:00+09:00,691.9685226681539,691.9685226681539,662.4900430029187,687.3140258789062,504000,3.5,0.0
2005-06-28 00:00:00+09:00,688.8655640186192,705.9320532172787,687.3140650005593,704.3805541992188,624000,0.0,0.0
2005-06-29 00:00:00+09:00,707.4834578804348,718.3439495584239,704.3804602581522,713.689453125,717500,0.0,0.0
2005-06-30 00:00:00+09:00,713.6895725644868,719.8955688476562,709.0350753521097,719.8955688476562,494500,0.0,0.0
2005-07-01 00:00:00+09:00,718.3440697768639,722.998566989241,715.2410716352791,719.8955688476562,565000,0.0,0.0
2005-07-04 00:00:00+09:00,724.5500025300898,729.2044993343517,721.4470046605819,726.1015014648438,437000,0.0,0.0
2005-07-05 00:00:00+09:00,730.7559666410406,735.4104632438498,727.6529689058344,729.2044677734375,541000,0.0,0.0
2005-07-06 00:00:00+09:00,732.3076171875,740.0651131322828,730.7561179985433,732.3076171875,627500,0.0,0.0
2005-07-07 00:00:00+09:00,733.8589643762467,736.9619621114529,727.6529689058344,729.2044677734375,451000,0.0,0.0
2005-07-08 00:00:00+09:00,733.8589625620137,741.616456880851,730.7559648344788,735.4104614257812,935500,0.0,0.0
2005-07-11 00:00:00+09:00,746.2710278218375,746.2710278218375,741.6165307668157,743.1680297851562,494000,0.0,0.0
2005-07-12 00:00:00+09:00,749.3740989748112,750.9255981445312,744.7196014656508,750.9255981445312,490000,0.0,0.0
2005-07-13 00:00:00+09:00,752.4770943063205,760.2345901239114,750.9255951428023,757.131591796875,842500,0.0,0.0
2005-07-14 00:00:00+09:00,761.7860572036432,766.4405544981665,760.2345581054688,760.2345581054688,622500,0.0,0.0
2005-07-15 00:00:00+09:00,766.440583764053,766.440583764053,760.2345871343846,763.3375854492188,438000,0.0,0.0
2005-07-18 00:00:00+09:00,763.3375854492188,763.3375854492188,763.3375854492188,763.3375854492188,0,0.0,0.0
2005-07-19 00:00:00+09:00,767.9919415246509,775.7494358834857,766.4404426528839,774.1979370117188,721500,0.0,0.0
2005-07-20 00:00:00+09:00,778.8524336270198,780.4039324987867,771.0949392681848,774.1979370117188,877500,0.0,0.0
2005-07-21 00:00:00+09:00,774.1979239151062,775.7494227606276,766.4404296875,766.4404296875,471500,0.0,0.0
2005-07-22 00:00:00+09:00,757.1315427706643,766.4405371489921,754.028544644555,764.8890380859375,502500,0.0,0.0
2005-07-25 00:00:00+09:00,767.9919415246509,774.1979370117188,764.888943781117,774.1979370117188,319500,0.0,0.0
2005-07-26 00:00:00+09:00,775.74951171875,778.852509765625,774.1980126953124,775.74951171875,366500,0.0,0.0
2005-07-27 00:00:00+09:00,778.8525481401358,794.3675391389432,777.3010490402551,792.8160400390625,812000,0.0,0.0
2005-07-28 00:00:00+09:00,794.3675712180747,795.9190703806099,788.1615745679335,789.7130737304688,373500,0.0,0.0
2005-07-29 00:00:00+09:00,791.2646162509918,794.3676147460938,788.1616177558899,794.3676147460938,384000,0.0,0.0
2005-08-01 00:00:00+09:00,795.9191392581895,806.7796343357867,795.9191392581895,803.6766357421875,648500,0.0,0.0
2005-08-02 00:00:00+09:00,812.985469043703,833.1549558711231,812.985469043703,825.3974609375,1268000,0.0,0.0
2005-08-03 00:00:00+09:00,844.0154271696593,844.0154271696593,830.0519366466319,842.4639282226562,842500,0.0,0.0
2005-08-04 00:00:00+09:00,839.3610434085689,839.3610434085689,816.0885560682204,828.5005493164062,878000,0.0,0.0
2005-08-05 00:00:00+09:00,814.5372257676236,828.5007210664971,794.3677325581396,800.57373046875,1104500,0.0,0.0
2005-08-08 00:00:00+09:00,774.1979826433156,822.2944505029204,774.1979826433156,817.6399536132812,1041000,0.0,0.0
2005-08-09 00:00:00+09:00,845.5670311337426,868.8395182291666,839.3610345749628,847.1185302734375,2090000,0.0,0.0
2005-08-10 00:00:00+09:00,868.8394921178698,873.4939893970727,857.9789984663964,870.3909912109375,1059000,0.0,0.0
2005-08-11 00:00:00+09:00,876.5970856993348,889.0090798331307,875.0455864326103,887.4575805664062,877500,0.0,0.0
2005-08-12 00:00:00+09:00,887.4573996100627,892.1118964611644,878.1484059078592,881.2514038085938,1127000,0.0,0.0
2005-08-15 00:00:00+09:00,887.4573996100627,892.1118964611644,876.596906957492,881.2514038085938,897500,0.0,0.0
2005-08-16 00:00:00+09:00,878.1483598383952,884.3543553142849,876.5968609694228,882.8028564453125,775000,0.0,0.0
2005-08-17 00:00:00+09:00,871.9424584830845,878.1484546288716,868.839460410191,873.4939575195312,741500,0.0,0.0
2005-08-18 00:00:00+09:00,868.8394209267437,871.9424188586249,853.3244312673376,856.4274291992188,919000,0.0,0.0
2005-08-19 00:00:00+09:00,850.2215401152733,854.8760375976562,840.9125451505076,854.8760375976562,824500,0.0,0.0
2005-08-22 00:00:00+09:00,861.0819652279571,878.1484546288716,859.5304661915103,873.4939575195312,697000,0.0,0.0
2005-08-23 00:00:00+09:00,876.5967881338937,882.8027830941337,868.8392944335938,868.8392944335938,649000,0.0,0.0
2005-08-24 00:00:00+09:00,861.0818904998888,871.9423828125,859.5303915980872,871.9423828125,451500,0.0,0.0
2005-08-25 00:00:00+09:00,864.1850295608108,867.2880278716216,861.08203125,861.08203125,283000,0.0,0.0
2005-08-26 00:00:00+09:00,865.73643551181,871.9424314652996,864.1849365234375,864.1849365234375,303500,0.0,0.0
2005-08-29 00:00:00+09:00,861.0820342408334,862.6335334016278,848.6700409544791,854.8760375976562,488500,0.0,0.0
2005-08-30 00:00:00+09:00,859.5304395583203,865.73643551181,856.4274415815754,864.1849365234375,413500,0.0,0.0
2005-08-31 00:00:00+09:00,864.1849240289218,864.1849240289218,851.772932301397,856.4274291992188,529000,0.0,0.0
2005-09-01 00:00:00+09:00,864.1850325624221,865.7365317232163,854.8760375976562,854.8760375976562,468000,0.0,0.0
2005-09-02 00:00:00+09:00,853.3245093618368,856.4275075776981,847.1185129301143,851.7730102539062,470000,0.0,0.0
2005-09-05 00:00:00+09:00,845.5672038813395,850.2217022513286,833.1552082280355,839.3612060546875,930500,0.0,0.0
2005-09-06 00:00:00+09:00,839.3610257907065,847.1185214079959,833.1550292968751,833.155029296875,1062000,0.0,0.0
2005-09-07 00:00:00+09:00,839.3611087439195,842.4641072975014,819.1916181456368,822.2946166992188,734000,0.0,0.0
2005-09-08 00:00:00+09:00,814.5370720889318,816.0885712738631,792.8160834998936,797.4705810546875,1072500,0.0,0.0
2005-09-09 00:00:00+09:00,800.5734628795904,825.3974462246939,797.4704649614524,823.845947265625,1835500,0.0,0.0
2005-09-12 00:00:00+09:00,848.6698491546745,848.6698491546745,826.9488658125073,834.7063598632812,892500,0.0,0.0
2005-09-13 00:00:00+09:00,839.3611306649667,840.9126299822772,830.0521347611038,837.8096313476562,572500,0.0,0.0
2005-09-14 00:00:00+09:00,834.7066219151577,836.2581212123978,826.9491254289574,830.0521240234375,616500,0.0,0.0
2005-09-15 00:00:00+09:00,822.294448306556,830.0519431019009,814.5369535112111,823.845947265625,956500,0.0,0.0
2005-09-16 00:00:00+09:00,822.2944629640507,826.9489599242246,822.2944629640507,825.3974609375,393000,0.0,0.0
2005-09-19 00:00:00+09:00,825.3974609375,825.3974609375,825.3974609375,825.3974609375,0,0.0,0.0
2005-09-20 00:00:00+09:00,828.5005263582282,847.1185157145928,828.5005263582282,845.5670166015625,509000,0.0,0.0
2005-09-21 00:00:00+09:00,853.3244312673376,859.5304271311,845.5669364376345,856.4274291992188,795500,0.0,0.0
2005-09-22 00:00:00+09:00,856.4272771661932,857.9787758567116,848.6697837136009,853.3242797851562,539000,0.0,0.0
2005-09-23 00:00:00+09:00,853.3242797851562,853.3242797851562,853.3242797851562,853.3242797851562,0,0.0,0.0
2005-09-26 00:00:00+09:00,861.0821738454093,876.59716796875,857.9791750207412,876.59716796875,752500,0.0,0.0
2005-09-27 00:00:00+09:00,879.7003675908627,898.318364788553,876.5973680579144,892.1123657226562,1199000,0.0,0.0
2005-09-28 00:00:00+09:00,902.9723638635274,918.4873529333476,899.8693660495635,910.7298583984375,1509500,0.0,0.0
2005-09-29 00:00:00+09:00,916.9359568586253,926.2449513444997,912.2814596156882,921.5904541015625,943000,0.0,0.0
2005-09-30 00:00:00+09:00,926.2450065739527,934.0025024414062,915.3845123595177,934.0025024414062,1209500,0.0,0.0
2005-10-03 00:00:00+09:00,935.5538539370975,938.6568517942686,909.1783721511429,918.4873657226562,794000,0.0,0.0
2005-10-04 00:00:00+09:00,915.3844407175853,926.2449340820312,901.420949249012,926.2449340820312,673500,0.0,0.0
2005-10-05 00:00:00+09:00,921.5904273208306,921.5904273208306,904.5239379260004,912.2814331054688,692000,0.0,0.0
2005-10-06 00:00:00+09:00,892.112025459539,904.5240188572369,878.1485328871288,901.4210205078125,747500,0.0,0.0
2005-10-07 00:00:00+09:00,890.5605533451579,899.869548676292,878.1485595703125,878.1485595703125,470500,0.0,0.0
2005-10-10 00:00:00+09:00,878.1485595703125,878.1485595703125,878.1485595703125,878.1485595703125,0,0.0,0.0
2005-10-11 00:00:00+09:00,893.6631605475382,915.3841401441798,893.6631605475382,913.8326416015625,683000,0.0,0.0
2005-10-12 00:00:00+09:00,918.4874169168096,920.0389159318718,904.52392578125,904.52392578125,667500,0.0,0.0
2005-10-13 00:00:00+09:00,902.9725697835287,902.9725697835287,887.4575771755643,893.66357421875,443500,0.0,0.0
2005-10-14 00:00:00+09:00,909.1782616751535,909.1782616751535,865.7362969534738,868.8392944335938,1475000,0.0,0.0
2005-10-17 00:00:00+09:00,878.1484423128081,885.9059373862427,857.9789551218779,865.7364501953125,627000,0.0,0.0
2005-10-18 00:00:00+09:00,868.8394921178698,882.8029839554785,864.184994838667,870.3909912109375,737000,0.0,0.0
2005-10-19 00:00:00+09:00,867.2877996959826,868.8392984432026,845.5668172349025,850.2213134765625,702000,0.0,0.0
2005-10-20 00:00:00+09:00,861.0821858797539,867.2881836158241,853.324688709666,857.9791870117188,414500,0.0,0.0
2005-10-21 00:00:00+09:00,850.2214600484432,871.9424462540603,845.5669630043824,865.7364501953125,427500,0.0,0.0
2005-10-24 00:00:00+09:00,868.8394482246864,875.0454442834342,861.0819531512517,865.7364501953125,390000,0.0,0.0
2005-10-25 00:00:00+09:00,868.839460410191,881.2514527017651,868.839460410191,873.4939575195312,584500,0.0,0.0
2005-10-26 00:00:00+09:00,882.802902758961,882.802902758961,875.0454080071248,881.2514038085938,511000,0.0,0.0
2005-10-27 00:00:00+09:00,881.2514939692983,890.5604886239036,879.6999948601973,884.3544921875,393000,0.0,0.0
2005-10-28 00:00:00+09:00,881.2515834995083,892.1120783665797,876.5970856993348,887.4575805664062,421500,0.0,0.0
2005-10-31 00:00:00+09:00,895.2148693286175,910.7298583984375,893.6633704216355,910.7298583984375,595500,0.0,0.0
2005-11-01 00:00:00+09:00,921.5902560718145,921.5902560718145,916.9357598290275,920.0387573242188,406000,0.0,0.0
2005-11-02 00:00:00+09:00,921.5904369258402,927.796433134095,918.4874388217128,926.2449340820312,594000,0.0,0.0
2005-11-03 00:00:00+09:00,930.8993530273439,930.8993530273439,930.8993530273439,930.8993530273438,594000,0.0,0.0
2005-11-04 00:00:00+09:00,930.8993530273439,935.5538497924805,923.1418584187826,930.8993530273438,903000,0.0,0.0
2005-11-07 00:00:00+09:00,930.8995280774112,934.002526504336,912.281537515863,916.93603515625,634500,0.0,0.0
2005-11-08 00:00:00+09:00,923.1419558767545,924.6934549622616,912.2814622782045,915.3844604492188,494500,0.0,0.0
2005-11-09 00:00:00+09:00,909.1783594914555,920.0388518403296,902.9723638635274,910.7298583984375,627500,0.0,0.0
2005-11-10 00:00:00+09:00,906.0755648908944,912.281561910695,898.3180686161436,899.8695678710938,523500,0.0,0.0
2005-11-11 00:00:00+09:00,907.626965021683,916.935959534726,901.4209686796544,915.3844604492188,728500,0.0,0.0
2005-11-14 00:00:00+09:00,921.5903507473115,921.5903507473115,904.5238627705095,910.7298583984375,301500,0.0,0.0
2005-11-15 00:00:00+09:00,907.6268310546875,912.2813276241988,906.0753321981838,907.6268310546875,299000,0.0,0.0
2005-11-16 00:00:00+09:00,904.5238627705095,910.7298583984375,896.7663682355994,910.7298583984375,305500,0.0,0.0
2005-11-17 00:00:00+09:00,907.6269359977878,918.4874292490433,906.0754369618941,912.2814331054688,389000,0.0,0.0
2005-11-18 00:00:00+09:00,921.590529600512,923.1420288085938,915.3845327681853,923.1420288085938,367500,0.0,0.0
2005-11-21 00:00:00+09:00,930.8997702483395,965.0327618241118,929.3482706312589,963.4812622070312,2159000,0.0,0.0
2005-11-22 00:00:00+09:00,957.2747355408311,958.8262343018373,944.8627454527814,952.6202392578125,723000,0.0,0.0
2005-11-23 00:00:00+09:00,952.6202392578125,952.6202392578125,952.6202392578125,952.6202392578125,0,0.0,0.0
2005-11-24 00:00:00+09:00,955.7232831298429,960.3777796385922,947.9657889485942,951.0687866210938,443000,0.0,0.0
2005-11-25 00:00:00+09:00,955.7235930323982,974.3415851044579,954.1720936930599,971.2385864257812,1161500,0.0,0.0
2005-11-28 00:00:00+09:00,972.78987535046,974.3413743542087,940.2083962717364,961.9293823242188,660500,0.0,0.0
2005-11-29 00:00:00+09:00,969.6870834108383,980.5475787450397,966.5840847439237,977.444580078125,798500,0.0,0.0
2005-11-30 00:00:00+09:00,977.4443847656249,978.9958837890624,966.5838916015624,969.6868896484375,484000,0.0,0.0
2005-12-01 00:00:00+09:00,977.4442231120797,1005.371200915282,972.789726811546,1003.8197021484375,1058500,0.0,0.0
2005-12-02 00:00:00+09:00,1008.4741984489712,1011.5771959826603,992.9592107805254,1003.8197021484375,638000,0.0,0.0
2005-12-05 00:00:00+09:00,1002.2685191148629,1011.5775146484375,999.1655206036713,1011.5775146484375,571500,0.0,0.0
2005-12-06 00:00:00+09:00,1008.4743701780325,1010.0258692090756,996.0623779296875,996.0623779296875,557000,0.0,0.0
2005-12-07 00:00:00+09:00,1000.7166748046875,1006.9226696871972,994.5106799221778,1000.7166748046875,660000,0.0,0.0
2005-12-08 00:00:00+09:00,997.6139585960568,1013.1289501760888,985.2019653320311,985.2019653320312,850000,0.0,0.0
2005-12-09 00:00:00+09:00,975.8927854357017,1008.4742615790241,974.341286571734,997.61376953125,1989000,0.0,0.0
2005-12-12 00:00:00+09:00,1008.4745236857035,1027.0925148922088,1008.4745236857035,1025.541015625,998500,0.0,0.0
2005-12-13 00:00:00+09:00,1041.0555570693243,1055.0190444219681,1027.0920697166807,1042.6070556640625,1191000,0.0,0.0
2005-12-14 00:00:00+09:00,1050.3646313140075,1051.9161300308672,1008.474165958796,1013.128662109375,883500,0.0,0.0
2005-12-15 00:00:00+09:00,1000.7168750228169,1011.5773682401187,992.9593798676012,996.0623779296875,677500,0.0,0.0
2005-12-16 00:00:00+09:00,988.304849130136,1019.3348286946615,985.2018511736834,1005.371337890625,712500,0.0,0.0
2005-12-19 00:00:00+09:00,1002.2682033815929,1010.0256972158157,999.1652058479037,1003.8197021484375,514500,0.0,0.0
2005-12-20 00:00:00+09:00,1005.3714368064776,1031.746922031339,997.6139411521067,1022.4379272460938,637000,0.0,0.0
2005-12-21 00:00:00+09:00,1020.8863332648026,1036.401323132049,1020.8863332648026,1031.746826171875,581000,0.0,0.0
2005-12-22 00:00:00+09:00,1031.746922031339,1033.2984211622131,1011.5774333299744,1022.4379272460938,567500,0.0,0.0
2005-12-23 00:00:00+09:00,1022.4379272460938,1022.4379272460938,1022.4379272460938,1022.4379272460938,0,0.0,0.0
2005-12-26 00:00:00+09:00,1031.746796712976,1034.849794597827,1020.8863041159973,1028.643798828125,570500,0.0,0.0
2005-12-27 00:00:00+09:00,1023.9750162760417,1025.531209309896,1009.9692789713542,1013.0816650390625,460000,4.0,0.0
2005-12-28 00:00:00+09:00,1008.4136302143062,1019.3069873308189,997.5202730977936,1017.7507934570312,645500,0.0,0.0
2005-12-29 00:00:00+09:00,1016.1943159981008,1016.1943159981008,1003.7447684820444,1014.6381225585938,449000,0.0,0.0
2005-12-30 00:00:00+09:00,1019.3064578992212,1019.3064578992212,1000.6321411132812,1000.6321411132812,252500,0.0,0.0
2006-01-02 00:00:00+09:00,1000.6321411132812,1000.6321411132812,1000.6321411132812,1000.6321411132812,0,0.0,0.0
2006-01-03 00:00:00+09:00,1000.6321411132812,1000.6321411132812,1000.6321411132812,1000.6321411132812,0,0.0,0.0
2006-01-04 00:00:00+09:00,1005.3006186153642,1006.8568115234375,994.407268258851,1006.8568115234375,407500,0.0,0.0
2006-01-05 00:00:00+09:00,1008.4130859375,1016.1940511067709,1000.6321207682292,1013.0816650390625,541000,0.0,0.0
2006-01-06 00:00:00+09:00,1006.8572747383408,1020.8630173544848,1003.7448874903089,1019.3068237304688,502500,0.0,0.0
2006-01-09 00:00:00+09:00,1019.3068237304688,1019.3068237304688,1019.3068237304688,1019.3068237304688,0,0.0,0.0
2006-01-10 00:00:00+09:00,1030.200077167879,1033.3124641079633,1016.1943359375,1016.1943359375,733500,0.0,0.0
2006-01-11 00:00:00+09:00,1023.9753898679747,1023.9753898679747,989.7391306322675,1003.744873046875,1070000,0.0,0.0
2006-01-12 00:00:00+09:00,1008.4131265024039,1017.7502850811298,999.0759679236779,1011.5255126953125,424500,0.0,0.0
2006-01-13 00:00:00+09:00,1023.9753463110314,1023.9753463110314,1005.3010238859063,1009.9696044921875,792000,0.0,0.0
2006-01-16 00:00:00+09:00,1006.8569955810927,1006.8569955810927,995.9636432332293,997.5198364257812,311000,0.0,0.0
2006-01-17 00:00:00+09:00,995.9635207664526,995.9635207664526,966.3958537436986,969.5082397460938,613000,0.0,0.0
2006-01-18 00:00:00+09:00,953.9466462885667,961.727614039697,913.4856139826895,919.7103881835938,974500,0.0,0.0
2006-01-19 00:00:00+09:00,904.1484864700672,953.9466819382981,902.592292861685,936.8285522460938,1005500,0.0,0.0
2006-01-20 00:00:00+09:00,952.3904073963995,952.3904073963995,927.491311778193,930.6036987304688,666500,0.0,0.0
2006-01-23 00:00:00+09:00,911.929524046396,929.0476550438539,904.1485554111878,913.4857177734375,465500,0.0,0.0
2006-01-24 00:00:00+09:00,927.4913315812813,939.9408796561979,919.7103640344585,932.159912109375,456000,0.0,0.0
2006-01-25 00:00:00+09:00,950.8341464716302,966.3960801291038,949.277953105883,953.946533203125,620000,0.0,0.0
2006-01-26 00:00:00+09:00,966.39631875,972.62109375,957.05915625,972.62109375,416000,0.0,0.0
2006-01-27 00:00:00+09:00,988.1829009961857,991.2952880859375,977.2895461820546,991.2952880859375,476000,0.0,0.0
2006-01-30 00:00:00+09:00,997.5200986403827,1013.0820346566134,997.5200986403827,1003.744873046875,673000,0.0,0.0
2006-01-31 00:00:00+09:00,1003.7445272442712,1006.8569133752612,991.2949827203114,1000.6321411132812,368500,0.0,0.0
2006-02-01 00:00:00+09:00,991.2952880859375,997.520062265441,986.6267074513098,991.2952880859375,260500,0.0,0.0
2006-02-02 00:00:00+09:00,986.6265045786874,1000.6322436026751,985.0703113538,994.407470703125,386500,0.0,0.0
2006-02-03 00:00:00+09:00,988.1829636630952,991.295350950223,980.4019954452756,986.6267700195312,313500,0.0,0.0
2006-02-06 00:00:00+09:00,989.7389865037871,1025.531434128924,980.4018262537514,1020.8628540039062,865500,0.0,0.0
2006-02-07 00:00:00+09:00,1034.8688157782497,1045.7621717338102,1028.6440409465008,1033.3126220703125,1161500,0.0,0.0
2006-02-08 00:00:00+09:00,1033.3122798544755,1039.5370526246832,989.7388704630216,997.5198364257812,863000,0.0,0.0
2006-02-09 00:00:00+09:00,1028.6436582190968,1028.6436582190968,988.1826368670597,999.0759887695312,719500,0.0,0.0
2006-02-10 00:00:00+09:00,1006.8570410431006,1011.525620831554,961.7274364213852,967.9522094726562,994500,0.0,0.0
2006-02-13 00:00:00+09:00,983.5145192332081,988.1831008118468,958.6154174804688,958.6154174804688,615500,0.0,0.0
2006-02-14 00:00:00+09:00,943.0530581867175,963.2835693359375,922.8225470374975,963.2835693359375,600500,0.0,0.0
2006-02-15 00:00:00+09:00,980.4021115186738,989.7392744855183,957.0592041015625,957.0592041015625,497500,0.0,0.0
2006-02-16 00:00:00+09:00,801.4396250819808,862.1311695056648,801.4396250819808,843.4568481445312,3932500,0.0,0.0
2006-02-17 00:00:00+09:00,827.8949279185597,831.0073148656219,782.765317186157,792.1024780273438,2104000,0.0,0.0
2006-02-20 00:00:00+09:00,778.0967380689539,801.4396402110225,764.0909967837127,787.4338989257812,1205500,0.0,0.0
2006-02-21 00:00:00+09:00,782.7652734892446,807.6643676757812,779.6528867159276,807.6643676757812,707500,0.0,0.0
2006-02-22 00:00:00+09:00,809.220607591712,809.220607591712,779.6529315450917,787.4338989257812,787500,0.0,0.0
2006-02-23 00:00:00+09:00,802.9956257744499,806.1080119208625,781.2089227495618,804.5518188476562,735000,0.0,0.0
2006-02-24 00:00:00+09:00,807.6642255764563,807.6642255764563,795.2146806735436,801.439453125,722000,0.0,0.0
2006-02-27 00:00:00+09:00,804.5522046181226,813.8893675343871,801.4398169793678,806.1083984375,709500,0.0,0.0
2006-02-28 00:00:00+09:00,810.7768010678499,813.8891880201257,782.7653184973676,787.4338989257812,1101000,0.0,0.0
2006-03-01 00:00:00+09:00,788.9899931936553,788.9899931936553,768.7594805476642,770.315673828125,1135000,0.0,0.0
2006-03-02 00:00:00+09:00,778.0967665596243,779.6529600927435,756.3100570959548,760.9786376953125,667000,0.0,0.0
2006-03-03 00:00:00+09:00,757.8662821234925,757.8662821234925,729.8547973632812,729.8547973632812,884000,0.0,0.0
2006-03-06 00:00:00+09:00,731.4109679918249,739.1919357364188,714.2928389537184,737.6357421875,1152000,0.0,0.0
2006-03-07 00:00:00+09:00,737.6356834998498,742.3042637751653,722.0737492487981,728.2985229492188,626000,0.0,0.0
2006-03-08 00:00:00+09:00,736.0793881509011,736.0793881509011,718.9612628450661,720.5174560546875,654000,0.0,0.0
2006-03-09 00:00:00+09:00,722.0736668690914,742.3041790874064,722.0736668690914,740.7479858398438,808000,0.0,0.0
2006-03-10 00:00:00+09:00,739.1919717749124,759.4224888971733,739.1919717749124,750.0853271484375,1806500,0.0,0.0
2006-03-13 00:00:00+09:00,773.4282192586667,784.321574459493,770.3158320584306,782.765380859375,944000,0.0,0.0
2006-03-14 00:00:00+09:00,795.2148461672339,796.7710396039604,784.3214921101485,785.877685546875,879000,0.0,0.0
2006-03-15 00:00:00+09:00,788.9900534624111,796.7710204590818,774.9843128684038,779.6528930664062,793000,0.0,0.0
2006-03-16 00:00:00+09:00,773.4281874919624,776.5405745643646,750.0852844489455,756.31005859375,568500,0.0,0.0
2006-03-17 00:00:00+09:00,757.8661275844382,771.8718671085859,751.6413544625948,770.315673828125,406500,0.0,0.0
2006-03-20 00:00:00+09:00,774.9844128587847,784.321574459493,771.8720256585486,782.765380859375,481000,0.0,0.0
2006-03-21 00:00:00+09:00,782.765380859375,782.765380859375,782.765380859375,782.765380859375,0,0.0,0.0
2006-03-22 00:00:00+09:00,787.4339616597291,790.5463488599652,776.5406064589027,782.765380859375,461000,0.0,0.0
2006-03-23 00:00:00+09:00,792.102398633007,793.6585919505571,778.0966587750561,781.2090454101562,491500,0.0,0.0
2006-03-24 00:00:00+09:00,785.8776666637428,787.433860063077,773.4281194690697,779.6528930664062,294000,0.0,0.0
2006-03-27 00:00:00+09:00,778.0966570996862,795.2147835558793,778.0966570996862,790.5462036132812,498500,0.0,0.0
2006-03-28 00:00:00+09:00,790.5463829188959,802.9959322562013,776.5406399144273,799.883544921875,525000,0.0,0.0
2006-03-29 00:00:00+09:00,796.7708946078432,798.3270877613741,787.4337356866575,793.6585083007812,775500,0.0,0.0
2006-03-30 00:00:00+09:00,796.7712355212356,807.6645922568774,790.5464602437258,806.1083984375,1191000,0.0,0.0
2006-03-31 00:00:00+09:00,801.4397385890381,807.6645132576908,796.7711575875486,799.883544921875,555500,0.0,0.0
2006-04-03 00:00:00+09:00,807.6642046446129,823.2261353699427,804.551818499547,818.5575561523438,586000,0.0,0.0
2006-04-04 00:00:00+09:00,820.1138294212814,835.6757616683645,820.1138294212814,829.4509887695312,768500,0.0,0.0
2006-04-05 00:00:00+09:00,832.5635986328125,843.4569541289427,826.3388240635952,832.5635986328125,794500,0.0,0.0
2006-04-06 00:00:00+09:00,835.676125379573,843.457094889625,832.5637375755523,838.7885131835938,760500,0.0,0.0
2006-04-07 00:00:00+09:00,841.9007982042101,845.0131856282552,827.895054796007,840.3446044921875,613000,0.0,0.0
2006-04-10 00:00:00+09:00,840.3447070856042,843.457094889625,832.5637375755523,838.7885131835938,382000,0.0,0.0
2006-04-11 00:00:00+09:00,838.788233235677,838.788233235677,813.8891391136532,817.0015258789062,729000,0.0,0.0
2006-04-12 00:00:00+09:00,810.7767523484002,831.0072663225446,810.7767523484002,817.0015258789062,456500,0.0,0.0
2006-04-13 00:00:00+09:00,824.7826557774697,827.8950431577621,815.4454936365927,820.1140747070312,521500,0.0,0.0
2006-04-14 00:00:00+09:00,829.4512187892119,831.0074124454768,801.439732976443,813.8892822265625,764500,0.0,0.0
2006-04-17 00:00:00+09:00,813.8891813604022,824.7825356042317,809.2206009701896,810.7767944335938,449500,0.0,0.0
2006-04-18 00:00:00+09:00,804.5518386491383,824.7823490987298,801.4394524261243,815.4451904296875,679000,0.0,0.0
2006-04-19 00:00:00+09:00,817.0013835411946,823.2261559872228,807.6642248721523,815.4451904296875,516000,0.0,0.0
2006-04-20 00:00:00+09:00,815.4455613537646,815.4455613537646,802.9960107987453,806.1083984375,394000,0.0,0.0
2006-04-21 00:00:00+09:00,801.4397779361223,807.6645529103835,796.7711967054264,802.9959716796875,454000,0.0,0.0
2006-04-24 00:00:00+09:00,795.2149534416964,798.3273407350104,773.4282423884993,774.9844360351562,547500,0.0,0.0
2006-04-25 00:00:00+09:00,776.5406064589027,788.9901552598471,770.3158320584306,782.765380859375,387000,0.0,0.0
2006-04-26 00:00:00+09:00,782.7652798650745,792.1024402610793,776.5405062677379,779.6528930664062,403500,0.0,0.0
2006-04-27 00:00:00+09:00,778.0966806699573,784.321454115317,771.8719072245976,773.4281005859375,362000,0.0,0.0
2006-04-28 00:00:00+09:00,773.4282297036083,773.4282297036083,742.3043572809278,754.75390625,829000,0.0,0.0
2006-05-01 00:00:00+09:00,770.3156905286894,795.2147835558793,767.2033039002906,790.5462036132812,810500,0.0,0.0
2006-05-02 00:00:00+09:00,784.3214303564837,793.6585902416799,778.0966570996862,790.5462036132812,442500,0.0,0.0
2006-05-03 00:00:00+09:00,790.5462036132812,790.5462036132812,790.5462036132812,790.5462036132812,0,0.0,0.0
2006-05-04 00:00:00+09:00,790.5462036132812,790.5462036132812,790.5462036132812,790.5462036132812,0,0.0,0.0
2006-05-05 00:00:00+09:00,790.5462036132812,790.5462036132812,790.5462036132812,790.5462036132812,0,0.0,0.0
2006-05-08 00:00:00+09:00,801.4396743774414,809.2206420898438,795.2149002075195,809.2206420898438,618500,0.0,0.0
2006-05-09 00:00:00+09:00,793.6585083007812,795.2147014543123,787.4337356866575,793.6585083007812,369000,0.0,0.0
2006-05-10 00:00:00+09:00,793.6587799622683,796.7711673346694,771.8720683554609,776.5406494140625,603000,0.0,0.0
2006-05-11 00:00:00+09:00,776.5405499539395,782.7653239014661,764.0910020588864,768.7595825195312,545000,0.0,0.0
2006-05-12 00:00:00+09:00,760.978680734536,762.5348743556701,746.9729381443299,754.75390625,659500,0.0,0.0
2006-05-15 00:00:00+09:00,748.529051473318,757.8662121985569,734.5233103854597,753.1976318359375,565500,0.0,0.0
2006-05-16 00:00:00+09:00,757.8663813752948,770.3159317880306,740.7482495577831,742.304443359375,545000,0.0,0.0
2006-05-17 00:00:00+09:00,743.8605526492803,756.3101016475946,736.0795845253339,750.0853271484375,617000,0.0,0.0
2006-05-18 00:00:00+09:00,728.2984398593421,745.4165655825318,728.2984398593421,740.7479858398438,545000,0.0,0.0
2006-05-19 00:00:00+09:00,734.5234743514151,745.416830962559,734.5234743514151,742.304443359375,361500,0.0,0.0
2006-05-22 00:00:00+09:00,742.3043057362069,754.7538538407973,723.6299835793211,726.7423706054688,547500,0.0,0.0
2006-05-23 00:00:00+09:00,726.7422702013156,732.9670433936182,715.8489171147863,718.9613037109375,609000,0.0,0.0
2006-05-24 00:00:00+09:00,712.7364900065808,720.5174560546875,700.2869443296099,720.5174560546875,666000,0.0,0.0
2006-05-25 00:00:00+09:00,722.0737504200268,729.8547175581738,715.8489767095094,723.6299438476562,442500,0.0,0.0
2006-05-26 00:00:00+09:00,726.7422859479194,743.8604125976562,726.7422859479194,743.8604125976562,517000,0.0,0.0
2006-05-29 00:00:00+09:00,746.9728833575582,753.1976573855378,732.967141794604,736.0795288085938,394500,0.0,0.0
2006-05-30 00:00:00+09:00,732.9671845588603,734.5233781566498,723.6300229721232,729.8547973632812,332500,0.0,0.0
2006-05-31 00:00:00+09:00,729.8545742738272,731.4107673959462,709.6240636862798,717.405029296875,489500,0.0,0.0
2006-06-01 00:00:00+09:00,709.6240848768625,723.6298233941691,701.8431190339145,704.9555053710938,535500,0.0,0.0
2006-06-02 00:00:00+09:00,720.5176825097443,720.5176825097443,695.6185833301419,714.2929077148438,837000,0.0,0.0
2006-06-05 00:00:00+09:00,709.6242477249314,715.8490218277816,703.399473622081,708.0680541992188,371000,0.0,0.0
2006-06-06 00:00:00+09:00,703.3995797293527,708.0681610107422,695.6186109270369,697.1748046875,364000,0.0,0.0
2006-06-07 00:00:00+09:00,694.062237785183,704.9555912930222,683.1688842773438,683.1688842773438,398500,0.0,0.0
2006-06-08 00:00:00+09:00,670.7193014859023,675.3878813106302,647.3764023622631,656.7135620117188,803000,0.0,0.0
2006-06-09 00:00:00+09:00,645.8203081814747,664.4946303457584,642.7079211540942,659.8260498046875,2009500,0.0,0.0
2006-06-12 00:00:00+09:00,653.6012142994365,672.2755347079918,650.4888275646773,664.4945678710938,385000,0.0,0.0
2006-06-13 00:00:00+09:00,664.494593733448,664.494593733448,642.7078857421875,642.7078857421875,387500,0.0,0.0
2006-06-14 00:00:00+09:00,638.039262198951,659.8259687130615,631.8144889092051,658.269775390625,643000,0.0,0.0
2006-06-15 00:00:00+09:00,661.3822021484375,672.2755560661765,653.6012350643383,661.3822021484375,356500,0.0,0.0
2006-06-16 00:00:00+09:00,676.9439493346324,686.2811072564893,672.2753703737038,675.3877563476562,327500,0.0,0.0
2006-06-19 00:00:00+09:00,675.3877563476562,681.6125282955609,669.1629843997515,675.3877563476562,191000,0.0,0.0
2006-06-20 00:00:00+09:00,662.9384155273438,669.1631893820606,653.6012547452685,662.9384155273438,668500,0.0,0.0
2006-06-21 00:00:00+09:00,664.4945678710938,664.4945678710938,653.6012142994365,664.4945678710938,347000,0.0,0.0
2006-06-22 00:00:00+09:00,673.8318427590763,687.8375854492188,673.8318427590763,687.8375854492188,319500,0.0,0.0
2006-06-23 00:00:00+09:00,683.168802620332,689.3935753093555,676.9440299313085,686.2811889648438,290500,0.0,0.0
2006-06-26 00:00:00+09:00,687.837464352132,690.9498510686575,676.9441108442928,683.1688842773438,241500,0.0,0.0
2006-06-27 00:00:00+09:00,687.662149611985,701.7279663085938,686.0992810901396,701.7279663085938,330000,3.75,0.0
2006-06-28 00:00:00+09:00,686.0994505416515,687.6623194494913,664.2192858318949,672.0336303710938,525000,0.0,0.0
2006-06-29 00:00:00+09:00,670.4704951072226,692.3506511247077,668.9076268202593,689.2249145507812,379500,0.0,0.0
2006-06-30 00:00:00+09:00,703.290900928062,703.290900928062,693.9136889156879,698.602294921875,382000,0.0,0.0
2006-07-03 00:00:00+09:00,703.2909469099235,711.1052907644781,698.6023405971906,707.9795532226562,365000,0.0,0.0
2006-07-04 00:00:00+09:00,711.105100397478,715.7937054550439,704.8536269873904,712.66796875,309000,0.0,0.0
2006-07-05 00:00:00+09:00,704.8536828719892,715.7937622070312,700.1650774426855,715.7937622070312,349000,0.0,0.0
2006-07-06 00:00:00+09:00,712.6681673177084,712.6681673177084,695.4766106499566,703.2909545898438,344500,0.0,0.0
2006-07-07 00:00:00+09:00,704.853727093047,706.4165956675328,682.9735670502473,686.0993041992188,454500,0.0,0.0
2006-07-10 00:00:00+09:00,679.8477048290019,689.2249145507812,661.0932853854433,689.2249145507812,521500,0.0,0.0
2006-07-11 00:00:00+09:00,681.4107666015625,682.9736353323,673.5964229478749,681.4107666015625,299500,0.0,0.0
2006-07-12 00:00:00+09:00,679.8478465610079,682.9735837865759,665.7820290459526,675.1592407226562,346500,0.0,0.0
2006-07-13 00:00:00+09:00,673.5963697191199,684.5364499697785,659.5305522539875,676.7221069335938,441000,0.0,0.0
2006-07-14 00:00:00+09:00,670.4707082708211,670.4707082708211,657.9677580000366,667.344970703125,524000,0.0,0.0
2006-07-17 00:00:00+09:00,659.5307006835938,659.5307006835938,659.5307006835938,659.5307006835938,524000,0.0,0.0
2006-07-18 00:00:00+09:00,659.530538859148,661.0934074346436,640.7761159532006,645.4647216796875,434000,0.0,0.0
2006-07-19 00:00:00+09:00,647.0277490118668,670.4707833963548,647.0277490118668,659.5307006835938,444000,0.0,0.0
2006-07-20 00:00:00+09:00,668.9078167556622,681.4107666015625,668.9078167556622,681.4107666015625,423500,0.0,0.0
2006-07-21 00:00:00+09:00,665.781982421875,678.2849304485769,661.0933769118618,665.781982421875,316000,0.0,0.0
2006-07-24 00:00:00+09:00,657.9678400080642,661.0935779653472,647.0277571575738,654.8421020507812,254500,0.0,0.0
2006-07-25 00:00:00+09:00,662.6561889648438,667.344794075444,659.5304522244435,662.6561889648438,222000,0.0,0.0
2006-07-26 00:00:00+09:00,661.0935696425596,664.2193075604913,654.8420938066962,659.5307006835938,215500,0.0,0.0
2006-07-27 00:00:00+09:00,656.4046412775522,679.8476641803219,650.1531685034803,673.59619140625,371000,0.0,0.0
2006-07-28 00:00:00+09:00,665.781955666738,690.787850715254,665.781955666738,684.536376953125,401500,0.0,0.0
2006-07-31 00:00:00+09:00,695.4765625,698.6022998595505,686.0993504213483,695.4765625,496500,0.0,0.0
2006-08-01 00:00:00+09:00,672.0335517377002,687.6622389874142,670.4706830127288,682.9736328125,602500,0.0,0.0
2006-08-02 00:00:00+09:00,675.159175187212,684.536385953701,668.907701342886,678.284912109375,571500,0.0,0.0
2006-08-03 00:00:00+09:00,682.9735174926195,682.9735174926195,673.5963067261305,678.284912109375,249000,0.0,0.0
2006-08-04 00:00:00+09:00,679.8478978708249,686.099372793775,670.4706854863998,681.4107666015625,269000,0.0,0.0
2006-08-07 00:00:00+09:00,676.7220042966446,682.973477777445,662.6561889648438,662.6561889648438,289500,0.0,0.0
2006-08-08 00:00:00+09:00,662.6563442887931,681.4107691271552,662.6563442887931,679.847900390625,330500,0.0,0.0
2006-08-09 00:00:00+09:00,675.159289187643,682.9736328125,656.4048644879863,682.9736328125,477000,0.0,0.0
2006-08-10 00:00:00+09:00,675.1590999681123,692.3506511247077,675.1590999681123,689.2249145507812,296000,0.0,0.0
2006-08-11 00:00:00+09:00,695.4766030553687,715.793897077211,693.9137342844579,707.9795532226562,870500,0.0,0.0
2006-08-14 00:00:00+09:00,731.4224783539012,739.2368210713574,722.0452670929537,736.111083984375,675000,0.0,0.0
2006-08-15 00:00:00+09:00,728.2968671916644,737.6740800739606,722.0453919368003,732.9854736328125,431500,0.0,0.0
2006-08-16 00:00:00+09:00,745.4882631282217,759.5540794136598,736.1110522712629,757.9912109375,571500,0.0,0.0
2006-08-17 00:00:00+09:00,759.5541551307248,767.368498290506,745.4883374431188,748.6140747070312,524000,0.0,0.0
2006-08-18 00:00:00+09:00,736.1111256513815,751.7398119709437,728.2967824916003,748.6140747070312,580000,0.0,0.0
2006-08-21 00:00:00+09:00,747.051206075075,753.3026806029,745.4883374431188,748.6140747070312,367000,0.0,0.0
2006-08-22 00:00:00+09:00,750.176868556701,761.1169478898196,745.4882631282217,757.9912109375,401500,0.0,0.0
2006-08-23 00:00:00+09:00,748.6141306664988,757.9913431591898,747.0512619177169,751.7398681640625,393500,0.0,0.0
2006-08-24 00:00:00+09:00,754.8653625488281,754.8653625488281,742.3624165852865,750.1767578125,275500,0.0,0.0
2006-08-25 00:00:00+09:00,751.7398168535852,761.1170287062287,742.3626050009417,745.4883422851562,272000,0.0,0.0
2006-08-28 00:00:00+09:00,745.4884162514896,748.6141538458355,734.5483346712791,737.674072265625,360500,0.0,0.0
2006-08-29 00:00:00+09:00,743.9254267018312,745.4882952453224,728.2967412669187,736.111083984375,166000,0.0,0.0
2006-08-30 00:00:00+09:00,729.8595603320732,740.7996393948666,723.6080865819056,728.2966918945312,266500,0.0,0.0
2006-08-31 00:00:00+09:00,723.6079518356485,751.7395784728875,723.6079518356485,739.2366333007812,379000,0.0,0.0
2006-09-01 00:00:00+09:00,729.8597360053805,737.6740800739606,725.1711295642324,732.9854736328125,368500,0.0,0.0
2006-09-04 00:00:00+09:00,736.1111474869099,745.4883595568068,732.9854101302776,734.5482788085938,354000,0.0,0.0
2006-09-05 00:00:00+09:00,728.2966393144616,729.8595076391707,714.2308243920793,722.045166015625,660000,0.0,0.0
2006-09-06 00:00:00+09:00,723.6080343403341,728.2966393144616,718.9194293662067,722.045166015625,423000,0.0,0.0
2006-09-07 00:00:00+09:00,706.4166382655201,712.6681129404362,690.7879515782298,698.602294921875,547500,0.0,0.0
2006-09-08 00:00:00+09:00,693.9137914716409,718.9196938670154,692.35092257193,709.54248046875,1232500,0.0,0.0
2006-09-11 00:00:00+09:00,706.4165789001191,711.105184512288,697.0393676757812,697.0393676757812,260000,0.0,0.0
2006-09-12 00:00:00+09:00,698.6022432555463,701.7279803618351,682.9735577241023,692.3507690429688,427500,0.0,0.0
2006-09-13 00:00:00+09:00,707.97933399434,711.1050705682665,687.6620462638181,689.2249145507812,276500,0.0,0.0
2006-09-14 00:00:00+09:00,697.0393561724812,707.9794357536637,693.9136191492863,704.8536987304688,449500,0.0,0.0
2006-09-15 00:00:00+09:00,698.6023482259114,706.4166921657986,692.3508730740017,703.2909545898438,284000,0.0,0.0
2006-09-18 00:00:00+09:00,703.2909545898438,703.2909545898438,703.2909545898438,703.2909545898438,0,0.0,0.0
2006-09-19 00:00:00+09:00,709.5423042652612,717.3566468232486,703.2908302188712,704.8536987304688,329000,0.0,0.0
2006-09-20 00:00:00+09:00,703.2909545898438,704.8538233778212,695.4766106499566,703.2909545898438,294000,0.0,0.0
2006-09-21 00:00:00+09:00,711.1053493684609,715.7939560675936,703.2910048699064,709.54248046875,302500,0.0,0.0
2006-09-22 00:00:00+09:00,700.1651611328125,704.8537671225412,693.913686479841,700.1651611328125,267500,0.0,0.0
2006-09-25 00:00:00+09:00,700.1650931956763,707.9794357536637,687.6621451028963,704.8536987304688,574500,0.0,0.0
2006-09-26 00:00:00+09:00,717.3567658481219,720.4825033899438,704.8538156808344,707.9795532226562,288000,0.0,0.0
2006-09-27 00:00:00+09:00,715.7939295275457,726.7340114198881,712.6681918440194,725.171142578125,332000,0.0,0.0
2006-09-28 00:00:00+09:00,723.6082029424161,732.9854150755792,720.4824655646952,731.4225463867188,243500,0.0,0.0
2006-09-29 00:00:00+09:00,737.674072265625,737.674072265625,729.8597282797602,737.674072265625,314000,0.0,0.0
2006-10-02 00:00:00+09:00,739.2369488876766,745.4884241425406,731.4226048190965,732.9854736328125,340500,0.0,0.0
2006-10-03 00:00:00+09:00,726.7338346866103,728.296703148302,715.7937554547689,720.4823608398438,382000,0.0,0.0
2006-10-04 00:00:00+09:00,725.1710373358862,726.7339059508342,711.105219801354,714.23095703125,356500,0.0,0.0
2006-10-05 00:00:00+09:00,722.045166015625,725.1709026650433,711.105087742661,722.045166015625,338500,0.0,0.0
2006-10-06 00:00:00+09:00,712.668117977528,714.2309866573033,686.0993504213483,695.4765625,655500,0.0,0.0
2006-10-09 00:00:00+09:00,695.4765625,695.4765625,695.4765625,695.4765625,0,0.0,0.0
2006-10-10 00:00:00+09:00,687.6622191011236,703.2909058988764,687.6622191011236,695.4765625,367000,0.0,0.0
2006-10-11 00:00:00+09:00,693.9136470716471,698.6022527951043,684.536435624733,686.0993041992188,234500,0.0,0.0
2006-10-12 00:00:00+09:00,687.6620462638181,695.4763876986342,682.9734414029284,689.2249145507812,432500,0.0,0.0
2006-10-13 00:00:00+09:00,692.3508730740017,703.2909545898438,689.2251354980468,703.2909545898438,569500,0.0,0.0
2006-10-16 00:00:00+09:00,704.8536269873904,715.7937054550439,701.7278902823465,712.66796875,579500,0.0,0.0
2006-10-17 00:00:00+09:00,711.105100397478,714.230837102522,704.8536269873904,712.66796875,329500,0.0,0.0
2006-10-18 00:00:00+09:00,712.6681892641129,728.296877625168,706.4167139196909,726.7340087890625,411500,0.0,0.0
2006-10-19 00:00:00+09:00,737.674072265625,747.0512850486625,729.8597282797602,737.674072265625,544500,0.0,0.0
2006-10-20 00:00:00+09:00,736.111083984375,743.9254267018312,723.608135636445,736.111083984375,719000,0.0,0.0
2006-10-23 00:00:00+09:00,728.2968802616514,734.5483556287041,718.9196672110722,725.171142578125,529500,0.0,0.0
2006-10-24 00:00:00+09:00,728.296877625168,732.9854841334845,725.171139952957,726.7340087890625,275500,0.0,0.0
2006-10-25 00:00:00+09:00,725.1709005467062,729.8595055071376,717.3565589459874,723.6080322265625,596500,0.0,0.0
2006-10-26 00:00:00+09:00,729.8597464612735,732.9854841334845,722.045402280746,726.7340087890625,284500,0.0,0.0
2006-10-27 00:00:00+09:00,725.171139952957,731.422615297379,723.6082711168515,726.7340087890625,286500,0.0,0.0
2006-10-30 00:00:00+09:00,725.1711558755446,728.2968936163875,715.7939426530161,717.3568115234375,266500,0.0,0.0
2006-10-31 00:00:00+09:00,707.9794403959754,712.6680459615117,693.9136236993667,701.7279663085938,439500,0.0,0.0
2006-11-01 00:00:00+09:00,692.3507551775213,709.5423089178208,690.7878866556758,701.7279663085938,535000,0.0,0.0
2006-11-02 00:00:00+09:00,697.0395292710627,709.54248046875,693.9137914716409,709.54248046875,315000,0.0,0.0
2006-11-03 00:00:00+09:00,709.54248046875,709.54248046875,709.54248046875,709.54248046875,0,0.0,0.0
2006-11-06 00:00:00+09:00,707.9794265914749,712.6680320655906,693.9136101691278,711.1051635742188,290000,0.0,0.0
2006-11-07 00:00:00+09:00,711.1052907644781,711.1052907644781,703.2909469099235,707.9795532226562,225500,0.0,0.0
2006-11-08 00:00:00+09:00,703.2908489149795,704.8537174681239,690.7879004898243,692.3507690429688,321500,0.0,0.0
2006-11-09 00:00:00+09:00,690.7879564606742,700.1651685393258,689.2250877808989,695.4765625,331500,0.0,0.0
2006-11-10 00:00:00+09:00,689.225156067723,693.913762571585,686.0994183984817,690.7880249023438,711000,0.0,0.0
2006-11-13 00:00:00+09:00,689.2251102552501,689.2251102552501,672.0335542171373,681.4107666015625,349500,0.0,0.0
2006-11-14 00:00:00+09:00,678.2849520646691,698.6022432555463,676.7220835115247,692.3507690429688,379000,0.0,0.0
2006-11-15 00:00:00+09:00,686.0993041992188,693.9136470716471,686.0993041992188,686.0993041992188,296000,0.0,0.0
2006-11-16 00:00:00+09:00,687.6621138341895,692.3507191557862,682.9735085125927,684.536376953125,189000,0.0,0.0
2006-11-17 00:00:00+09:00,681.4105323738398,682.9734005673579,672.033323212732,673.59619140625,209500,0.0,0.0
2006-11-20 00:00:00+09:00,667.3448073099675,668.9076757111618,648.5903864956358,653.2789916992188,413000,0.0,0.0
2006-11-21 00:00:00+09:00,653.2789916992188,659.5304653039959,650.1532548968302,653.2789916992188,275000,0.0,0.0
2006-11-22 00:00:00+09:00,651.7161658918354,665.781982421875,651.7161658918354,665.781982421875,244000,0.0,0.0
2006-11-23 00:00:00+09:00,665.781982421875,665.781982421875,665.781982421875,665.781982421875,0,0.0,0.0
2006-11-24 00:00:00+09:00,667.3448744553785,667.3448744553785,645.4647146371694,650.1533203125,465500,0.0,0.0
2006-11-27 00:00:00+09:00,643.9019040626873,654.8419849569563,640.7761666643248,651.7162475585938,405000,0.0,0.0
2006-11-28 00:00:00+09:00,643.901781292053,653.2789916992188,640.7760444896643,653.2789916992188,332500,0.0,0.0
2006-11-29 00:00:00+09:00,656.4049710294228,659.5307089867057,648.5906261362153,654.8421020507812,318000,0.0,0.0
2006-11-30 00:00:00+09:00,657.9678344726562,661.0935724036427,653.2792275761765,657.9678344726562,308500,0.0,0.0
2006-12-01 00:00:00+09:00,668.9078192349137,687.6622440732758,665.7820817618534,679.847900390625,597000,0.0,0.0
2006-12-04 00:00:00+09:00,670.4706348843044,679.8478465610079,662.6562918203848,675.1592407226562,635000,0.0,0.0
2006-12-05 00:00:00+09:00,675.1591957720589,678.284932789522,662.6562477022059,664.2191162109375,532500,0.0,0.0
2006-12-06 00:00:00+09:00,670.4706348843044,679.8478465610079,670.4706348843044,675.1592407226562,374500,0.0,0.0
2006-12-07 00:00:00+09:00,678.2850469842657,678.2850469842657,667.3449655812938,670.470703125,370500,0.0,0.0
2006-12-08 00:00:00+09:00,662.6564169240552,676.722237094613,662.6564169240552,672.0336303710938,1666000,0.0,0.0
2006-12-11 00:00:00+09:00,676.7221069335938,684.5364499697785,675.1592383263568,676.7221069335938,377500,0.0,0.0
2006-12-12 00:00:00+09:00,684.5365066002155,687.6622440732758,676.7221629175647,679.847900390625,246500,0.0,0.0
2006-12-13 00:00:00+09:00,679.8477805704565,681.410649031538,672.033438265049,678.284912109375,338500,0.0,0.0
2006-12-14 00:00:00+09:00,675.159175187212,679.8477805704565,675.159175187212,678.284912109375,175500,0.0,0.0
2006-12-15 00:00:00+09:00,678.2849755408307,679.8478441480677,672.033501111883,676.7221069335938,337000,0.0,0.0
2006-12-18 00:00:00+09:00,679.8477805704565,681.410649031538,678.284912109375,678.284912109375,243500,0.0,0.0
2006-12-19 00:00:00+09:00,678.2850469842657,678.2850469842657,668.9078343531469,670.470703125,299500,0.0,0.0
2006-12-20 00:00:00+09:00,668.9077662715205,678.2849779482241,667.3448976587366,675.1592407226562,382000,0.0,0.0
2006-12-21 00:00:00+09:00,675.1592383263568,679.8478441480677,673.5963697191199,676.7221069335938,232000,0.0,0.0
2006-12-22 00:00:00+09:00,673.59619140625,675.1590595997679,670.470455019214,673.59619140625,274000,0.0,0.0
2006-12-25 00:00:00+09:00,675.1593094405595,678.2850469842657,670.470703125,670.470703125,290500,0.0,0.0
2006-12-26 00:00:00+09:00,670.2744814999454,676.5533993594296,668.7047520350743,673.4139404296875,228500,3.75,0.0
2006-12-27 00:00:00+09:00,673.4138590494792,679.6927761501736,670.274400499132,678.123046875,127000,0.0,0.0
2006-12-28 00:00:00+09:00,679.6928100585938,682.8322687655618,674.9836219981415,679.6928100585938,192000,0.0,0.0
2006-12-29 00:00:00+09:00,685.9715351007377,689.1109929272857,676.5531616210938,676.5531616210938,143000,0.0,0.0
2007-01-04 00:00:00+09:00,678.123053625432,682.8322414978309,678.123053625432,681.2625122070312,121000,0.0,0.0
2007-01-05 00:00:00+09:00,684.4018061874638,685.9715351007377,668.7045170547237,676.5531616210938,398000,0.0,0.0
2007-01-09 00:00:00+09:00,671.8442030040496,684.4020385742188,671.8442030040496,684.4020385742188,285500,0.0,0.0
2007-01-10 00:00:00+09:00,681.2623483609157,684.4018061874638,673.4137037945458,676.5531616210938,365500,0.0,0.0
2007-01-11 00:00:00+09:00,673.4139404296875,679.6928582891718,671.8442109648164,673.4139404296875,389500,0.0,0.0
2007-01-12 00:00:00+09:00,676.5534637451173,696.9599487304688,673.4140045166016,690.6810302734375,909000,0.0,0.0
2007-01-15 00:00:00+09:00,690.6808546112804,717.3662512667163,689.1111253962548,707.9478759765625,596500,0.0,0.0
2007-01-16 00:00:00+09:00,700.0991821289062,709.5175567763804,698.529453020994,700.0991821289062,205000,0.0,0.0
2007-01-17 00:00:00+09:00,698.5294945063029,718.9359741210938,696.9597653051651,718.9359741210938,533000,0.0,0.0
2007-01-18 00:00:00+09:00,715.7966101154003,726.7847159724349,712.6571512991047,720.5057983398438,417000,0.0,0.0
2007-01-19 00:00:00+09:00,725.2148909256448,725.2148909256448,704.8084113108539,718.9359741210938,431000,0.0,0.0
2007-01-22 00:00:00+09:00,720.5057907431934,739.342543442362,720.5057907431934,731.493896484375,475500,0.0,0.0
2007-01-23 00:00:00+09:00,723.6451823793609,731.493828609072,717.366265395592,728.3543701171875,296500,0.0,0.0
2007-01-24 00:00:00+09:00,733.0636743322596,733.0636743322596,723.6452973601106,725.2150268554688,401000,0.0,0.0
2007-01-25 00:00:00+09:00,729.9241472327191,731.4938765816066,717.3663124416186,722.0755004882812,326500,0.0,0.0
2007-01-26 00:00:00+09:00,711.0874696836366,715.796658224588,703.2388221153847,714.2269287109375,507000,0.0,0.0
2007-01-29 00:00:00+09:00,709.5176391601562,714.2268270306882,704.8084512896243,709.5176391601562,348000,0.0,0.0
2007-01-30 00:00:00+09:00,709.5177401699863,717.3663877382384,709.5177401699863,714.2269287109375,262000,0.0,0.0
2007-01-31 00:00:00+09:00,714.2268409131624,714.2268409131624,696.9598183855915,701.6690063476562,401500,0.0,0.0
2007-02-01 00:00:00+09:00,700.0992299014343,711.0873344066138,698.5295006864087,707.9478759765625,319000,0.0,0.0
2007-02-02 00:00:00+09:00,709.5176391601562,714.2268270306882,707.9479098699788,709.5176391601562,245500,0.0,0.0
2007-02-05 00:00:00+09:00,714.227005343967,714.227005343967,703.2388975694444,706.3783569335938,249500,0.0,0.0
2007-02-06 00:00:00+09:00,712.6570841916541,718.9360012329903,706.3781671503181,717.3662719726562,399000,0.0,0.0
2007-02-07 00:00:00+09:00,714.2268134519882,720.5057304933243,707.9478964106521,717.3662719726562,496000,0.0,0.0
2007-02-08 00:00:00+09:00,718.9359601394721,720.5056893100823,704.8083976039802,712.6570434570312,365500,0.0,0.0
2007-02-09 00:00:00+09:00,715.7964354409572,729.9239966667656,715.7964354409572,723.6450805664062,653500,0.0,0.0
2007-02-13 00:00:00+09:00,734.6333618164062,744.05173824995,728.3544441940438,734.6333618164062,412000,0.0,0.0
2007-02-14 00:00:00+09:00,731.4937422225245,745.6213037675947,731.4937422225245,744.0515747070312,417000,0.0,0.0
2007-02-15 00:00:00+09:00,745.6213990518869,761.3186916635055,740.9122112684013,759.7489624023438,671500,0.0,0.0
2007-02-16 00:00:00+09:00,758.1793340726065,766.0279814232546,755.0398751323472,764.458251953125,684500,0.0,0.0
2007-02-19 00:00:00+09:00,761.3186916635055,766.0278794469912,755.0397746188581,759.7489624023438,270000,0.0,0.0
2007-02-20 00:00:00+09:00,758.1793212890625,759.7490507327251,751.9004035144119,758.1793212890625,243000,0.0,0.0
2007-02-21 00:00:00+09:00,764.4582583187548,773.8766352179591,762.888528835554,767.5977172851562,605500,0.0,0.0
2007-02-22 00:00:00+09:00,772.3069519784286,777.0161407100045,769.1674928240448,775.4464111328125,489500,0.0,0.0
2007-02-23 00:00:00+09:00,775.4463923720062,775.4463923720062,764.4582855975042,766.0280151367188,426500,0.0,0.0
2007-02-26 00:00:00+09:00,781.7251989028033,800.5619506835938,781.7251989028033,800.5619506835938,927000,0.0,0.0
2007-02-27 00:00:00+09:00,794.2830545816078,795.8527839384883,777.0160316559205,781.7252197265625,522500,0.0,0.0
2007-02-28 00:00:00+09:00,742.4819736126772,761.3187255859375,722.0754923083118,761.3187255859375,658500,0.0,0.0
2007-03-01 00:00:00+09:00,755.0399083622166,770.7372037543626,748.7609902053583,766.0280151367188,714000,0.0,0.0
2007-03-02 00:00:00+09:00,756.6094902038574,761.3186779022217,742.4819271087646,753.4700317382812,522000,0.0,0.0
2007-03-05 00:00:00+09:00,740.9121829370224,745.6213705404357,712.6570573165427,718.9359741210938,723500,0.0,0.0
2007-03-06 00:00:00+09:00,711.0873484118232,737.7727455928408,709.517619165881,728.3543701171875,623000,0.0,0.0
2007-03-07 00:00:00+09:00,729.9240643337434,737.7727101867945,711.087314286421,712.6570434570312,973500,0.0,0.0
2007-03-08 00:00:00+09:00,707.9479619213658,734.6333618164062,707.9479619213658,734.6333618164062,657500,0.0,0.0
2007-03-09 00:00:00+09:00,742.4817504882812,751.9001236445807,734.633106191365,742.4817504882812,2107000,0.0,0.0
2007-03-12 00:00:00+09:00,745.6213851896315,750.330572885566,736.2030097977624,739.3424682617188,381000,0.0,0.0
2007-03-13 00:00:00+09:00,723.6452298371688,728.3544178838315,715.796583092731,722.0755004882812,915000,0.0,0.0
2007-03-14 00:00:00+09:00,701.6690063476562,709.5176529510976,700.0992770269679,701.6690063476562,610000,0.0,0.0
2007-03-15 00:00:00+09:00,707.9478828480702,717.366258229641,706.3781536178084,711.0873413085938,446500,0.0,0.0
2007-03-16 00:00:00+09:00,712.6570434570312,722.0754184806925,709.5175851158109,712.6570434570312,478000,0.0,0.0
2007-03-19 00:00:00+09:00,707.9478964106521,720.5057304933243,701.6689793693159,717.3662719726562,508500,0.0,0.0
2007-03-20 00:00:00+09:00,722.0753730594218,734.6332056343683,722.0753730594218,733.0634765625,369000,0.0,0.0
2007-03-22 00:00:00+09:00,748.7609446270866,761.3187801763878,745.6214857397612,758.1793212890625,604000,0.0,0.0
2007-03-23 00:00:00+09:00,759.7489967666754,759.7489967666754,742.4819741128873,747.191162109375,390500,0.0,0.0
2007-03-26 00:00:00+09:00,753.4701329580745,759.7490507327251,750.3306740707492,758.1793212890625,430000,0.0,0.0
2007-03-27 00:00:00+09:00,750.3306740707492,769.167427394701,750.3306740707492,758.1793212890625,452500,0.0,0.0
2007-03-28 00:00:00+09:00,758.1793674406458,769.1674742151479,756.6096379014313,766.0280151367188,560000,0.0,0.0
2007-03-29 00:00:00+09:00,759.7490698691525,773.8766352179591,753.4701519363497,767.5977172851562,447000,0.0,0.0
2007-03-30 00:00:00+09:00,769.167236328125,769.167236328125,756.6094038982781,769.167236328125,331500,0.0,0.0
2007-04-02 00:00:00+09:00,758.1793162459034,762.8885045455673,734.6333747475834,740.9122924804688,662000,0.0,0.0
2007-04-03 00:00:00+09:00,736.203023360403,747.1911281866776,736.203023360403,745.6213989257812,373000,0.0,0.0
2007-04-04 00:00:00+09:00,751.9003295898438,759.7489760365017,745.6214124325172,751.9003295898438,337500,0.0,0.0
2007-04-05 00:00:00+09:00,747.1911148071289,758.1792194366454,747.1911148071289,753.4700317382812,299500,0.0,0.0
2007-04-06 00:00:00+09:00,755.0398082615174,766.0279135792525,755.0398082615174,761.3187255859375,334500,0.0,0.0
2007-04-09 00:00:00+09:00,766.0280880811737,773.8767365246284,759.74916932641,772.3070068359375,385000,0.0,0.0
2007-04-10 00:00:00+09:00,762.8885224829953,769.1674403635138,759.749063542736,764.458251953125,347500,0.0,0.0
2007-04-11 00:00:00+09:00,766.0280701437114,766.0280701437114,756.6096922321084,762.8886108398438,286000,0.0,0.0
2007-04-12 00:00:00+09:00,756.6094902038574,758.1792194366454,747.1911148071289,753.4700317382812,282500,0.0,0.0
2007-04-13 00:00:00+09:00,761.3186779022217,764.4581363677978,748.760844039917,753.4700317382812,464500,0.0,0.0
2007-04-16 00:00:00+09:00,761.3186916635055,772.3067964916387,758.1792331411818,759.7489624023438,480500,0.0,0.0
2007-04-17 00:00:00+09:00,762.888371633976,770.7370174326795,736.2029759183843,737.772705078125,682000,0.0,0.0
2007-04-18 00:00:00+09:00,742.481845646468,750.3304909492847,736.2029294042145,744.0515747070312,376000,0.0,0.0
2007-04-19 00:00:00+09:00,734.6334038276177,737.772862818334,715.7966498833198,725.2150268554688,746000,0.0,0.0
2007-04-20 00:00:00+09:00,725.2149182743265,728.3543767949946,717.3662719726562,717.3662719726562,364500,0.0,0.0
2007-04-23 00:00:00+09:00,722.0755004882812,731.4938765816066,718.9360417905061,722.0755004882812,717000,0.0,0.0
2007-04-24 00:00:00+09:00,714.2267997691174,720.5057166901646,709.517612078332,711.0873413085938,531500,0.0,0.0
2007-04-25 00:00:00+09:00,707.9478828480702,715.7965289993792,701.668965927023,711.0873413085938,587500,0.0,0.0
2007-04-26 00:00:00+09:00,726.7844848632812,734.6331294082411,723.6450270452973,726.7844848632812,391500,0.0,0.0
2007-04-27 00:00:00+09:00,711.0873950460682,725.2149591860564,711.0873950460682,722.0755004882812,672500,0.0,0.0
2007-05-01 00:00:00+09:00,720.5057033222315,722.0754325233693,709.5175989142672,718.9359741210938,338500,0.0,0.0
2007-05-02 00:00:00+09:00,726.7846009599401,744.0516217170878,725.2148718001995,737.772705078125,501000,0.0,0.0
2007-05-07 00:00:00+09:00,745.6213037675947,748.7607618887214,742.481845646468,744.0515747070312,484000,0.0,0.0
2007-05-08 00:00:00+09:00,747.1910880043205,758.1791922396781,745.6213588278408,755.0397338867188,812500,0.0,0.0
2007-05-09 00:00:00+09:00,756.6095918453998,761.3187801763878,756.6095918453998,758.1793212890625,496500,0.0,0.0
2007-05-10 00:00:00+09:00,762.8886108398438,764.4583404917776,758.1794218840422,762.8886108398438,412000,0.0,0.0
2007-05-11 00:00:00+09:00,747.1911283130488,759.7489624023438,745.6213990518869,759.7489624023438,1141000,0.0,0.0
2007-05-14 00:00:00+09:00,758.1792194366454,759.7489486694335,753.4700317382812,753.4700317382812,364500,0.0,0.0
2007-05-15 00:00:00+09:00,739.3424818821957,745.6213989257812,736.203023360403,745.6213989257812,351000,0.0,0.0
2007-05-16 00:00:00+09:00,736.2028350507481,742.4817504882812,731.4936484725984,742.4817504882812,313000,0.0,0.0
2007-05-17 00:00:00+09:00,742.4819404039885,750.3305867084704,742.4819404039885,745.6213989257812,311500,0.0,0.0
2007-05-18 00:00:00+09:00,737.772705078125,740.9121633976064,731.4937884391622,737.772705078125,371500,0.0,0.0
2007-05-21 00:00:00+09:00,737.7727526212993,750.3305867084704,734.6332940995065,745.6213989257812,250000,0.0,0.0
2007-05-22 00:00:00+09:00,745.6214327772125,750.3306207737,740.9122447807248,747.191162109375,308000,0.0,0.0
2007-05-23 00:00:00+09:00,748.760857447574,753.4700452302632,745.6213989257812,745.6213989257812,394500,0.0,0.0
2007-05-24 00:00:00+09:00,739.3423875253412,745.6213037675947,739.3423875253412,744.0515747070312,304500,0.0,0.0
2007-05-25 00:00:00+09:00,726.7846746629284,736.2030505764868,723.6452160250756,729.9241333007812,510500,0.0,0.0
2007-05-28 00:00:00+09:00,720.5056225162266,723.6450805664062,720.5056225162266,723.6450805664062,346500,0.0,0.0
2007-05-29 00:00:00+09:00,723.6451823793609,729.9240993631297,722.0754531334187,728.3543701171875,282000,0.0,0.0
2007-05-30 00:00:00+09:00,729.9239426812652,729.9239426812652,720.5055692273133,726.7844848632812,359000,0.0,0.0
2007-05-31 00:00:00+09:00,723.6452973601106,726.7847563508269,722.0755678647524,725.2150268554688,583500,0.0,0.0
2007-06-01 00:00:00+09:00,723.6452973601106,726.7847563508269,722.0755678647524,725.2150268554688,363500,0.0,0.0
2007-06-04 00:00:00+09:00,723.6452298371688,731.4938765816066,718.9360417905061,722.0755004882812,533000,0.0,0.0
2007-06-05 00:00:00+09:00,720.5057983398438,723.6452571561393,720.5057983398438,720.5057983398438,362000,0.0,0.0
2007-06-06 00:00:00+09:00,726.7844848632812,728.3542137722732,723.6450270452973,726.7844848632812,410500,0.0,0.0
2007-06-07 00:00:00+09:00,720.5057711393937,723.6452298371688,718.9360417905061,722.0755004882812,257000,0.0,0.0
2007-06-08 00:00:00+09:00,715.7965157188182,725.2148909256448,714.2267865176805,718.9359741210938,1889500,0.0,0.0
2007-06-11 00:00:00+09:00,733.0635578550142,734.6332871009564,725.2149116253031,728.3543701171875,305000,0.0,0.0
2007-06-12 00:00:00+09:00,725.2147559542893,726.7844848632812,723.6450270452973,726.7844848632812,275000,0.0,0.0
2007-06-13 00:00:00+09:00,722.0755277479916,722.0755277479916,718.9360689316959,720.5057983398438,277000,0.0,0.0
2007-06-14 00:00:00+09:00,723.6450805664062,726.7845386165859,723.6450805664062,723.6450805664062,146500,0.0,0.0
2007-06-15 00:00:00+09:00,725.2149116253031,731.493828609072,725.2149116253031,728.3543701171875,200000,0.0,0.0
2007-06-18 00:00:00+09:00,739.3424613643557,739.3424613643557,736.2030029296875,736.2030029296875,170500,0.0,0.0
2007-06-19 00:00:00+09:00,729.9240860603511,736.2030029296875,729.9240860603511,736.2030029296875,166500,0.0,0.0
2007-06-20 00:00:00+09:00,742.481845646468,747.191032828158,739.3423875253412,744.0515747070312,397000,0.0,0.0
2007-06-21 00:00:00+09:00,750.3306003005121,755.0397881685069,745.6214124325172,751.9003295898438,418000,0.0,0.0
2007-06-22 00:00:00+09:00,751.9003160965344,759.7489624023438,751.9003160965344,759.7489624023438,449500,0.0,0.0
2007-06-25 00:00:00+09:00,758.1792741719648,761.3187328641883,750.3306274414062,750.3306274414062,407000,0.0,0.0
2007-06-26 00:00:00+09:00,758.2123711930271,762.9413464811333,755.0597210009563,759.7886962890625,365500,4.0,0.0
2007-06-27 00:00:00+09:00,751.9070733361664,753.4833984375,747.1780980321653,753.4833984375,627000,0.0,0.0
2007-06-28 00:00:00+09:00,756.6360730556981,767.6703491210938,755.0597479034988,767.6703491210938,336000,0.0,0.0
2007-06-29 00:00:00+09:00,764.5175170898438,767.6701666448535,761.3648675348342,764.5175170898438,220500,0.0,0.0
2007-07-02 00:00:00+09:00,758.2121864785954,780.2807324467874,758.2121864785954,772.3991088867188,527500,0.0,0.0
2007-07-03 00:00:00+09:00,770.8228161998632,770.8228161998632,759.7885427573293,764.5175170898438,314500,0.0,0.0
2007-07-04 00:00:00+09:00,761.3649925279717,766.0939676368411,751.9070423102329,755.0596923828125,279000,0.0,0.0
2007-07-05 00:00:00+09:00,750.3307457128501,762.9413464811333,750.3307457128501,759.7886962890625,274000,0.0,0.0
2007-07-06 00:00:00+09:00,761.3649936891951,761.3649936891951,747.1780683409493,751.9070434570312,484000,0.0,0.0
2007-07-09 00:00:00+09:00,769.2466430664062,769.2466430664062,766.0939928899046,769.2466430664062,178000,0.0,0.0
2007-07-10 00:00:00+09:00,751.906919491217,762.94119294287,751.906919491217,761.3648681640625,204500,0.0,0.0
2007-07-11 00:00:00+09:00,748.7543025938403,758.2122516792361,748.7543025938403,750.3306274414062,355500,0.0,0.0
2007-07-12 00:00:00+09:00,751.9070446134868,761.3649948601974,747.1780694901316,748.75439453125,229000,0.0,0.0
2007-07-13 00:00:00+09:00,761.3648675348342,775.5517905323776,756.6358932023196,764.5175170898438,916500,0.0,0.0
2007-07-17 00:00:00+09:00,773.9754335987325,775.5517583107462,772.3991088867188,772.3991088867188,220000,0.0,0.0
2007-07-18 00:00:00+09:00,770.822968154657,772.3992932429079,767.6703179781554,769.2466430664062,266000,0.0,0.0
2007-07-19 00:00:00+09:00,770.8227831882987,778.7044067382812,770.8227831882987,778.7044067382812,242500,0.0,0.0
2007-07-20 00:00:00+09:00,777.128082523501,777.128082523501,772.399108390498,775.5517578125,217000,0.0,0.0
2007-07-23 00:00:00+09:00,758.2123092777473,762.9412841796875,756.6359843104339,762.9412841796875,396000,0.0,0.0
2007-07-24 00:00:00+09:00,758.2122186064473,762.94119294287,756.6358938276397,761.3648681640625,261000,0.0,0.0
2007-07-25 00:00:00+09:00,759.7886674916818,761.3649925279717,755.0596923828125,755.0596923828125,206000,0.0,0.0
2007-07-26 00:00:00+09:00,755.0596019841041,756.6359268316702,747.1779777462742,750.3306274414062,197500,0.0,0.0
2007-07-27 00:00:00+09:00,725.1095293908985,731.4148296464715,718.8042291353254,720.3805541992188,396500,0.0,0.0
2007-07-30 00:00:00+09:00,709.3462450750943,732.9911199109308,703.0409451188713,731.414794921875,492000,0.0,0.0
2007-07-31 00:00:00+09:00,723.5332343089008,725.109559438114,720.3805840504741,721.9569091796875,267500,0.0,0.0
2007-08-01 00:00:00+09:00,710.9225445087139,731.4147686298077,710.9225445087139,717.2278442382812,478000,0.0,0.0
2007-08-02 00:00:00+09:00,717.2278442382812,726.6857938326322,703.0409198467548,717.2278442382812,588500,0.0,0.0
2007-08-03 00:00:00+09:00,699.8883045692614,712.4989046515906,698.3119795589704,703.0409545898438,514000,0.0,0.0
2007-08-06 00:00:00+09:00,688.854001968626,698.3119516524057,685.7013520740327,695.1593017578125,691000,0.0,0.0
2007-08-07 00:00:00+09:00,699.8882765997024,703.0409264942956,695.1593017578125,695.1593017578125,310000,0.0,0.0
2007-08-08 00:00:00+09:00,707.7699013361855,707.7699013361855,693.5829768105159,695.1593017578125,478500,0.0,0.0
2007-08-09 00:00:00+09:00,674.6670852481617,677.8197351792279,665.2091354549632,669.9381103515625,962000,0.0,0.0
2007-08-10 00:00:00+09:00,638.4115608158538,638.4115608158538,630.5299366082506,635.2589111328125,1533000,0.0,0.0
2007-08-13 00:00:00+09:00,668.3617259408403,669.9380507661724,662.0564266395116,663.6327514648438,869000,0.0,0.0
2007-08-14 00:00:00+09:00,666.7853982565287,677.8196719865422,666.7853982565287,676.2433471679688,357500,0.0,0.0
2007-08-15 00:00:00+09:00,657.327392578125,666.7853406727743,655.7510678956834,657.327392578125,479500,0.0,0.0
2007-08-16 00:00:00+09:00,638.4114981280562,647.8694462484718,635.2588487545844,644.716796875,717500,0.0,0.0
2007-08-17 00:00:00+09:00,652.5984572190505,655.7511067708333,613.1903378217648,614.7666625976562,943000,0.0,0.0
2007-08-20 00:00:00+09:00,625.8011208359076,635.2590722843092,616.343169387506,617.9194946289062,544500,0.0,0.0
2007-08-21 00:00:00+09:00,636.8352688736652,638.4115937966199,625.8009944129828,627.3773193359375,578500,0.0,0.0
2007-08-22 00:00:00+09:00,625.8009944129828,627.3773193359375,622.6483445670737,627.3773193359375,452000,0.0,0.0
2007-08-23 00:00:00+09:00,639.9877013406635,639.9877013406635,633.6824037905093,638.411376953125,504500,0.0,0.0
2007-08-24 00:00:00+09:00,643.1405353404157,644.7168601819362,635.2589111328125,635.2589111328125,401500,0.0,0.0
2007-08-27 00:00:00+09:00,643.1404421951971,646.2930914216441,638.4114683555265,639.98779296875,425000,0.0,0.0
2007-08-28 00:00:00+09:00,630.5297550154321,638.411376953125,630.5297550154321,638.411376953125,318000,0.0,0.0
2007-08-29 00:00:00+09:00,624.2245477294922,630.5298461914062,621.0718984985351,630.5298461914062,277000,0.0,0.0
2007-08-30 00:00:00+09:00,635.2588809188919,635.2588809188919,627.3772570861513,633.6825561523438,264000,0.0,0.0
2007-08-31 00:00:00+09:00,647.8695342871562,660.480133494692,647.8695342871562,658.90380859375,605500,0.0,0.0
2007-09-03 00:00:00+09:00,652.5984491201548,665.2090471707858,649.4457996074971,655.7510986328125,452000,0.0,0.0
2007-09-04 00:00:00+09:00,663.632783296576,663.632783296576,647.8695342871562,658.90380859375,216000,0.0,0.0
2007-09-05 00:00:00+09:00,651.0220655686785,655.7510394105817,636.8351440429688,636.8351440429688,589000,0.0,0.0
2007-09-06 00:00:00+09:00,632.1061690247175,649.4457397460938,630.5298444136832,649.4457397460938,454500,0.0,0.0
2007-09-07 00:00:00+09:00,641.564147501528,651.0220956219438,638.4114981280562,644.716796875,516000,0.0,0.0
2007-09-10 00:00:00+09:00,638.4115608158538,652.5984843895394,633.6825862912918,635.2589111328125,523500,0.0,0.0
2007-09-11 00:00:00+09:00,636.8351734413203,644.716796875,630.5298746943765,644.716796875,445000,0.0,0.0
2007-09-12 00:00:00+09:00,643.1405353404157,649.4458347064982,633.6825862912918,635.2589111328125,332000,0.0,0.0
2007-09-13 00:00:00+09:00,644.7168564323074,651.0221557617188,643.1405315999546,651.0221557617188,390000,0.0,0.0
2007-09-14 00:00:00+09:00,649.4458609318388,655.7511605525362,641.564236405967,652.5985107421875,1638000,0.0,0.0
2007-09-18 00:00:00+09:00,641.5641175819735,647.8694160348676,639.98779296875,639.98779296875,386000,0.0,0.0
2007-09-19 00:00:00+09:00,657.3274521635151,669.9380507661724,657.3274521635151,663.6327514648438,409500,0.0,0.0
2007-09-20 00:00:00+09:00,669.9380794041593,673.0907291895907,663.6327798332967,671.514404296875,233500,0.0,0.0
2007-09-21 00:00:00+09:00,660.480160558364,671.5144353170956,657.3275106272978,669.9381103515625,403000,0.0,0.0
2007-09-25 00:00:00+09:00,680.972292342276,680.972292342276,663.6327200835606,668.3616943359375,366500,0.0,0.0
2007-09-26 00:00:00+09:00,676.2434392911251,677.8197643244378,671.5144641911871,674.6671142578125,188000,0.0,0.0
2007-09-27 00:00:00+09:00,673.0906657557333,684.1249389648438,673.0906657557333,684.1249389648438,269000,0.0,0.0
2007-09-28 00:00:00+09:00,685.701389491001,687.2777145243136,674.6671142578125,674.6671142578125,279500,0.0,0.0
2007-10-01 00:00:00+09:00,669.9380486017088,676.2433478826662,665.2090741409909,673.0906982421875,438000,0.0,0.0
2007-10-02 00:00:00+09:00,682.5486142206851,685.7012637090023,679.3959647323678,684.1249389648438,271000,0.0,0.0
2007-10-03 00:00:00+09:00,690.4301752288957,698.3117982337917,688.8538506279165,696.7354736328125,250000,0.0,0.0
2007-10-04 00:00:00+09:00,687.277588453161,692.0065626856368,682.5486142206851,684.1249389648438,399000,0.0,0.0
2007-10-05 00:00:00+09:00,688.8539755079481,692.0066252814399,680.9723510742188,680.9723510742188,303500,0.0,0.0
2007-10-09 00:00:00+09:00,688.8541244472077,696.7357505850476,687.2777992196397,692.0067749023438,169500,0.0,0.0
2007-10-10 00:00:00+09:00,695.1592733400678,696.735598222925,687.2776489257812,687.2776489257812,223000,0.0,0.0
2007-10-11 00:00:00+09:00,682.5485815155373,701.4644775390625,679.395932178283,701.4644775390625,444500,0.0,0.0
2007-10-12 00:00:00+09:00,703.0408026219491,703.0408026219491,698.3118286132812,698.3118286132812,444500,0.0,0.0
2007-10-15 00:00:00+09:00,706.1935424804688,706.1935424804688,706.1935424804688,706.1935424804688,444500,0.0,0.0
2007-10-16 00:00:00+09:00,704.6171264648438,704.6171264648438,704.6171264648438,704.6171264648438,444500,0.0,0.0
2007-10-17 00:00:00+09:00,709.3461605503395,710.9224853515625,709.3461605503395,710.9224853515625,444500,0.0,0.0
2007-10-18 00:00:00+09:00,710.9226038158591,720.3805541992188,710.9226038158591,720.3805541992188,444500,0.0,0.0
2007-10-19 00:00:00+09:00,705.5225706907974,705.5225706907974,701.4644775390625,701.4644775390625,444500,0.0,0.0
2007-10-22 00:00:00+09:00,674.6669610326638,685.7012337598336,674.6669610326638,679.3959350585938,470000,0.0,0.0
2007-10-23 00:00:00+09:00,680.9722597339037,680.9722597339037,679.3959350585938,679.3959350585938,470000,0.0,0.0
2007-10-24 00:00:00+09:00,678.648740356788,678.648740356788,666.7854614257812,666.7854614257812,470000,0.0,0.0
2007-10-25 00:00:00+09:00,666.785429618728,671.514404296875,666.785429618728,671.514404296875,470000,0.0,0.0
2007-10-26 00:00:00+09:00,661.4605904796433,663.6327514648438,661.4605904796433,663.6327514648438,470000,0.0,0.0
2007-10-29 00:00:00+09:00,668.361695498512,673.0906697591146,662.056396484375,662.056396484375,207500,0.0,0.0
2007-10-30 00:00:00+09:00,622.6483786502457,622.6483786502457,616.3430786132812,616.3430786132812,207500,0.0,0.0
2007-10-31 00:00:00+09:00,632.1062313857957,641.5641799850844,622.6482827865069,633.6825561523438,846000,0.0,0.0
2007-11-01 00:00:00+09:00,646.2931518554688,646.2931518554688,646.2931518554688,646.2931518554688,846000,0.0,0.0
2007-11-02 00:00:00+09:00,639.3477044030471,639.3477044030471,638.411376953125,638.411376953125,846000,0.0,0.0
2007-11-05 00:00:00+09:00,636.8354566169508,639.9881073922822,624.224853515625,624.224853515625,318500,0.0,0.0
2007-11-06 00:00:00+09:00,624.224637989986,632.1062622070312,624.224637989986,632.1062622070312,318500,0.0,0.0
2007-11-07 00:00:00+09:00,624.2247036594869,624.2247036594869,616.3430786132812,616.3430786132812,318500,0.0,0.0
2007-11-08 00:00:00+09:00,611.6139829189428,613.1903076171875,611.6139829189428,613.1903076171875,318500,0.0,0.0
2007-11-09 00:00:00+09:00,613.1902470601134,613.1902470601134,603.7322998046875,603.7322998046875,318500,0.0,0.0
2007-11-12 00:00:00+09:00,603.7323622969164,603.7323622969164,594.2744140625,594.2744140625,318500,0.0,0.0
2007-11-13 00:00:00+09:00,581.663849208666,584.8164987978728,573.7822252356488,580.0875244140625,500000,0.0,0.0
2007-11-14 00:00:00+09:00,580.0874926692359,587.9691162109375,580.0874926692359,587.9691162109375,500000,0.0,0.0
2007-11-15 00:00:00+09:00,587.9689634589738,587.9689634589738,586.3926391601562,586.3926391601562,500000,0.0,0.0
2007-11-16 00:00:00+09:00,586.3929179152398,586.3929179152398,575.358642578125,575.358642578125,500000,0.0,0.0
2007-11-19 00:00:00+09:00,575.3585527208116,575.3585527208116,567.4769287109375,567.4769287109375,500000,0.0,0.0
2007-11-20 00:00:00+09:00,567.4768974367253,572.2058715820312,567.4768974367253,572.2058715820312,500000,0.0,0.0
2007-11-21 00:00:00+09:00,572.2058117710759,572.2058117710759,550.1372680664062,550.1372680664062,500000,0.0,0.0
2007-11-22 00:00:00+09:00,550.137389267272,553.2900390625,550.137389267272,553.2900390625,500000,0.0,0.0
2007-11-26 00:00:00+09:00,561.1716609495361,573.7822600719976,553.2900364979977,562.7479858398438,299500,0.0,0.0
2007-11-27 00:00:00+09:00,553.2898864746094,558.0188598632812,553.2898864746094,558.0188598632812,299500,0.0,0.0
2007-11-28 00:00:00+09:00,558.0190137553419,558.0190137553419,553.2900390625,553.2900390625,299500,0.0,0.0
2007-11-29 00:00:00+09:00,553.2899759871715,565.9005737304688,553.2899759871715,565.9005737304688,299500,0.0,0.0
2007-11-30 00:00:00+09:00,565.9006019133687,576.9348754882812,565.9006019133687,576.9348754882812,299500,0.0,0.0
2007-12-03 00:00:00+09:00,576.9348748248556,580.0875244140625,576.9348748248556,580.0875244140625,299500,0.0,0.0
2007-12-04 00:00:00+09:00,580.0874643905387,580.0874643905387,570.6295166015625,570.6295166015625,299500,0.0,0.0
2007-12-05 00:00:00+09:00,576.9349055900885,578.51123046875,576.9349055900885,578.51123046875,299500,0.0,0.0
2007-12-06 00:00:00+09:00,580.0874926692359,587.9691162109375,580.0874926692359,587.9691162109375,299500,0.0,0.0
2007-12-07 00:00:00+09:00,599.0033261769745,603.7322998046875,599.0033261769745,603.7322998046875,299500,0.0,0.0
2007-12-10 00:00:00+09:00,602.1560675370066,602.1560675370066,599.00341796875,599.00341796875,299500,0.0,0.0
2007-12-11 00:00:00+09:00,607.7196200586856,607.7196200586856,606.8851318359375,606.8851318359375,299500,0.0,0.0
2007-12-12 00:00:00+09:00,600.5798613395099,608.4614868164062,600.5798613395099,608.4614868164062,299500,0.0,0.0
2007-12-13 00:00:00+09:00,608.4613050026868,608.4613050026868,595.8507080078125,595.8507080078125,299500,0.0,0.0
2007-12-14 00:00:00+09:00,595.8507684004934,599.00341796875,595.8507684004934,599.00341796875,299500,0.0,0.0
2007-12-17 00:00:00+09:00,597.4271290126873,597.4271290126873,578.51123046875,578.51123046875,299500,0.0,0.0
2007-12-18 00:00:00+09:00,575.3585506918652,583.2401746739455,570.6295763026169,576.9348754882812,598000,0.0,0.0
2007-12-19 00:00:00+09:00,573.7822600719976,573.7822600719976,562.7479858398438,562.7479858398438,598000,0.0,0.0
2007-12-20 00:00:00+09:00,562.7480492956578,562.7480492956578,556.4427490234375,556.4427490234375,598000,0.0,0.0
2007-12-21 00:00:00+09:00,556.442686278613,562.7479858398438,556.442686278613,562.7479858398438,598000,0.0,0.0
2007-12-25 00:00:00+09:00,573.8443600152806,575.4295654296875,573.8443600152806,575.4295654296875,598000,4.0,0.0
2007-12-26 00:00:00+09:00,573.8444804152397,578.60009765625,572.2592746682363,578.60009765625,175000,0.0,0.0
2007-12-27 00:00:00+09:00,578.6000361208056,580.1852416992188,578.6000361208056,580.1852416992188,175000,0.0,0.0
2007-12-28 00:00:00+09:00,565.9182740972283,570.6738898459445,564.3330688476562,564.3330688476562,131500,0.0,0.0
2008-01-04 00:00:00+09:00,556.4071697980253,559.5775810219455,540.5551136784234,543.7255249023438,291000,0.0,0.0
2008-01-07 00:00:00+09:00,543.7254645831424,543.7254645831424,540.5550537109375,540.5550537109375,291000,0.0,0.0
2008-01-08 00:00:00+09:00,540.5549916204183,550.0662231445312,540.5549916204183,550.0662231445312,291000,0.0,0.0
2008-01-09 00:00:00+09:00,550.0662863275522,550.0662863275522,540.5550537109375,540.5550537109375,291000,0.0,0.0
2008-01-10 00:00:00+09:00,540.5549941420913,540.5549941420913,527.8733520507812,527.8733520507812,291000,0.0,0.0
2008-01-11 00:00:00+09:00,527.8733535531851,527.8733535531851,515.1917114257812,515.1917114257812,291000,0.0,0.0
2008-01-15 00:00:00+09:00,515.1918053627014,515.1918053627014,507.2657775878906,507.2657775878906,291000,0.0,0.0
2008-01-16 00:00:00+09:00,488.2432873335041,507.2657530737705,483.4876708984375,483.4876708984375,682500,0.0,0.0
2008-01-17 00:00:00+09:00,483.4876077386397,500.92486572265625,483.4876077386397,500.92486572265625,682500,0.0,0.0
2008-01-18 00:00:00+09:00,500.9249259900747,504.09533691406256,500.9249259900747,504.0953369140625,682500,0.0,0.0
2008-01-21 00:00:00+09:00,504.0953417011336,504.0953417011336,485.0728759765625,485.0728759765625,682500,0.0,0.0
2008-01-22 00:00:00+09:00,485.0728518612735,485.0728518612735,453.3687438964844,453.3687438964844,682500,0.0,0.0
2008-01-23 00:00:00+09:00,467.63568115234375,467.63568115234375,467.63568115234375,467.63568115234375,682500,0.0,0.0
2008-01-24 00:00:00+09:00,467.6356728563031,489.82855224609375,467.6356728563031,489.82855224609375,682500,0.0,0.0
2008-01-25 00:00:00+09:00,489.82848775611734,504.09533691406256,489.82848775611734,504.0953369140625,682500,0.0,0.0
2008-01-28 00:00:00+09:00,497.7546130251807,497.7546130251807,486.6581726074219,486.6581726074219,682500,0.0,0.0
2008-01-29 00:00:00+09:00,486.65807683212955,504.09533691406256,486.65807683212955,504.0953369140625,682500,0.0,0.0
2008-01-30 00:00:00+09:00,504.09533691406256,504.09533691406256,504.09533691406256,504.0953369140625,682500,0.0,0.0
2008-01-31 00:00:00+09:00,512.0213608114726,518.3621826171875,512.0213608114726,518.3621826171875,682500,0.0,0.0
2008-02-01 00:00:00+09:00,518.3622189476376,518.3622189476376,499.3397521972656,499.3397521972656,682500,0.0,0.0
2008-02-04 00:00:00+09:00,507.265625,507.265625,502.510009765625,502.510009765625,682500,0.0,0.0
2008-02-05 00:00:00+09:00,496.1692199707031,496.1692199707031,496.1692199707031,496.1692199707031,682500,0.0,0.0
2008-02-06 00:00:00+09:00,496.16931853423245,496.16931853423245,469.2208251953125,469.2208251953125,682500,0.0,0.0
2008-02-07 00:00:00+09:00,469.2208567509035,469.2208567509035,466.0504455566406,466.0504455566406,682500,0.0,0.0
2008-02-08 00:00:00+09:00,466.0504158751605,466.0504158751605,462.8800048828125,462.8800048828125,682500,0.0,0.0
2008-02-12 00:00:00+09:00,462.88009865308715,462.88009865308715,458.1244812011719,458.1244812011719,682500,0.0,0.0
2008-02-13 00:00:00+09:00,473.9764416668866,473.9764416668866,469.2208251953125,469.2208251953125,682500,0.0,0.0
2008-02-14 00:00:00+09:00,477.1467850435697,515.1917114257812,477.1467850435697,515.1917114257812,682500,0.0,0.0
2008-02-15 00:00:00+09:00,508.85101204981373,512.0214233398438,499.33977817972374,512.0214233398438,682500,0.0,0.0
2008-02-18 00:00:00+09:00,513.6066229357691,529.4586791992188,513.6066229357691,529.4586791992188,682500,0.0,0.0
2008-02-19 00:00:00+09:00,538.969848274835,540.5550537109375,538.969848274835,540.5550537109375,682500,0.0,0.0
2008-02-20 00:00:00+09:00,533.2682185605518,533.2682185605518,507.2657775878906,507.2657775878906,682500,0.0,0.0
2008-02-21 00:00:00+09:00,507.2655675551471,538.9696655273438,507.2655675551471,538.9696655273438,682500,0.0,0.0
2008-02-22 00:00:00+09:00,527.873530835177,538.9699714233038,527.873530835177,537.384765625,682500,0.0,0.0
2008-02-25 00:00:00+09:00,537.384748234161,578.60009765625,537.384748234161,578.60009765625,682500,0.0,0.0
2008-02-26 00:00:00+09:00,575.4296295422466,575.4296295422466,565.9183959960938,565.9183959960938,682500,0.0,0.0
2008-02-27 00:00:00+09:00,565.9183900414444,584.9408569335938,565.9183900414444,584.9408569335938,682500,0.0,0.0
2008-02-28 00:00:00+09:00,584.9407965636708,584.9407965636708,581.7703857421875,581.7703857421875,682500,0.0,0.0
2008-02-29 00:00:00+09:00,581.770325721466,581.770325721466,572.2590942382812,572.2590942382812,682500,0.0,0.0
2008-03-03 00:00:00+09:00,572.2591587512242,572.2591587512242,556.4071044921875,556.4071044921875,682500,0.0,0.0
2008-03-04 00:00:00+09:00,556.4072858686151,559.5776977539062,556.4072858686151,559.5776977539062,682500,0.0,0.0
2008-03-05 00:00:00+09:00,559.5774522607015,572.2590942382812,559.5774522607015,572.2590942382812,682500,0.0,0.0
2008-03-06 00:00:00+09:00,572.2591507161459,594.4520263671875,572.2591507161459,594.4520263671875,682500,0.0,0.0
2008-03-07 00:00:00+09:00,594.451968052261,594.451968052261,569.0886840820312,569.0886840820312,682500,0.0,0.0
2008-03-10 00:00:00+09:00,569.0887399088542,594.4520263671875,569.0887399088542,594.4520263671875,682500,0.0,0.0
2008-03-11 00:00:00+09:00,594.4520869153611,596.0372924804688,594.4520869153611,596.0372924804688,682500,0.0,0.0
2008-03-12 00:00:00+09:00,596.0371691385906,608.7188110351562,596.0371691385906,608.7188110351562,682500,0.0,0.0
2008-03-13 00:00:00+09:00,608.71887433687,608.71887433687,597.6224365234375,597.6224365234375,682500,0.0,0.0
2008-03-14 00:00:00+09:00,597.6224365234375,597.6224365234375,597.6224365234375,597.6224365234375,682500,0.0,0.0
2008-03-17 00:00:00+09:00,597.6224412313834,597.6224412313834,575.4295654296875,575.4295654296875,682500,0.0,0.0
2008-03-18 00:00:00+09:00,572.2590922746837,591.2815551757812,572.2590922746837,591.2815551757812,682500,0.0,0.0
2008-03-19 00:00:00+09:00,591.2816145962508,599.2076416015625,591.2816145962508,599.2076416015625,682500,0.0,0.0
2008-03-21 00:00:00+09:00,599.2076378455529,618.2301025390625,599.2076378455529,618.2301025390625,682500,0.0,0.0
2008-03-24 00:00:00+09:00,618.2300424575806,618.2300424575806,608.7188110351562,608.7188110351562,682500,0.0,0.0
2008-03-25 00:00:00+09:00,616.6448941040039,634.0821533203125,616.6448941040039,634.0821533203125,682500,0.0,0.0
2008-03-26 00:00:00+09:00,634.082402096519,634.082402096519,626.1563720703125,626.1563720703125,682500,0.0,0.0
2008-03-27 00:00:00+09:00,619.8153048706055,634.0821533203125,619.8153048706055,634.0821533203125,682500,0.0,0.0
2008-03-28 00:00:00+09:00,634.0821515163177,643.5933837890625,634.0821515163177,643.5933837890625,682500,0.0,0.0
2008-03-31 00:00:00+09:00,643.5933223062156,648.3489379882812,643.5933223062156,648.3489379882812,682500,0.0,0.0
2008-04-01 00:00:00+09:00,648.3489972585655,657.8602294921875,648.3489972585655,657.8602294921875,682500,0.0,0.0
2008-04-02 00:00:00+09:00,657.8602829155691,686.3939819335938,657.8602829155691,686.3939819335938,682500,0.0,0.0
2008-04-03 00:00:00+09:00,687.9792508923368,687.9792508923368,680.05322265625,680.05322265625,682500,0.0,0.0
2008-04-04 00:00:00+09:00,676.8827514648438,676.8827514648438,676.8827514648438,676.8827514648438,682500,0.0,0.0
2008-04-07 00:00:00+09:00,676.8828159794388,676.8828159794388,667.37158203125,667.37158203125,682500,0.0,0.0
2008-04-08 00:00:00+09:00,667.37158203125,667.37158203125,667.37158203125,667.37158203125,682500,0.0,0.0
2008-04-09 00:00:00+09:00,667.3715774785111,680.05322265625,667.3715774785111,680.05322265625,682500,0.0,0.0
2008-04-10 00:00:00+09:00,662.6159066420335,662.6159066420335,659.4454956054688,659.4454956054688,682500,0.0,0.0
2008-04-11 00:00:00+09:00,659.4455019822761,659.4455019822761,637.2526245117188,637.2526245117188,682500,0.0,0.0
2008-04-14 00:00:00+09:00,637.2525029003172,637.2525029003172,632.4968872070312,632.4968872070312,682500,0.0,0.0
2008-04-15 00:00:00+09:00,632.4970715424276,632.4970715424276,629.32666015625,629.32666015625,682500,0.0,0.0
2008-04-16 00:00:00+09:00,629.3266009847626,629.3266009847626,622.9857788085938,622.9857788085938,682500,0.0,0.0
2008-04-17 00:00:00+09:00,648.3490005342087,648.3490005342087,640.4229736328125,640.4229736328125,682500,0.0,0.0
2008-04-18 00:00:00+09:00,654.6898187476469,657.8602294921875,654.6898187476469,657.8602294921875,682500,0.0,0.0
2008-04-21 00:00:00+09:00,661.0307006835938,661.0307006835938,661.0307006835938,661.0307006835938,682500,0.0,0.0
2008-04-22 00:00:00+09:00,654.6898830704373,654.6898830704373,645.1786499023438,645.1786499023438,682500,0.0,0.0
2008-04-23 00:00:00+09:00,658.5181648060544,658.5181648060544,656.2750854492188,656.2750854492188,682500,0.0,0.0
2008-04-24 00:00:00+09:00,656.2750863380802,656.2750863380802,653.1046752929688,653.1046752929688,682500,0.0,0.0
2008-04-25 00:00:00+09:00,668.956787109375,668.956787109375,668.956787109375,668.956787109375,682500,0.0,0.0
2008-04-28 00:00:00+09:00,668.9566676991905,668.9566676991905,654.6898193359375,654.6898193359375,682500,0.0,0.0
2008-04-30 00:00:00+09:00,654.6898719135663,686.3939819335938,654.6898719135663,686.3939819335938,682500,0.0,0.0
2008-05-01 00:00:00+09:00,683.223388671875,683.223388671875,642.008056640625,642.008056640625,682500,0.0,0.0
2008-05-02 00:00:00+09:00,642.0081784102716,643.5933837890625,642.0081784102716,643.5933837890625,682500,0.0,0.0
2008-05-07 00:00:00+09:00,635.6674208137857,635.6674208137857,630.9118041992188,630.9118041992188,682500,0.0,0.0
2008-05-08 00:00:00+09:00,626.1562524976023,626.1562524976023,619.8154296875,619.8154296875,682500,0.0,0.0
2008-05-09 00:00:00+09:00,618.2302258678318,618.2302258678318,615.059814453125,615.059814453125,682500,0.0,0.0
2008-05-12 00:00:00+09:00,615.0596319834392,615.0596319834392,608.7188110351562,608.7188110351562,682500,0.0,0.0
2008-05-13 00:00:00+09:00,619.8153079301883,619.8153079301883,618.2301025390625,618.2301025390625,682500,0.0,0.0
2008-05-14 00:00:00+09:00,630.911862205335,638.837890625,630.911862205335,638.837890625,682500,0.0,0.0
2008-05-15 00:00:00+09:00,643.5934430378239,649.9342651367188,643.5934430378239,649.9342651367188,682500,0.0,0.0
2008-05-16 00:00:00+09:00,653.1045536703468,653.1045536703468,648.3489379882812,648.3489379882812,682500,0.0,0.0
2008-05-19 00:00:00+09:00,648.349059611995,649.9342651367188,648.349059611995,649.9342651367188,682500,0.0,0.0
2008-05-20 00:00:00+09:00,642.714443211541,642.714443211541,637.2526245117188,637.2526245117188,682500,0.0,0.0
2008-05-21 00:00:00+09:00,632.4968872070312,632.4968872070312,632.4968872070312,632.4968872070312,682500,0.0,0.0
2008-05-22 00:00:00+09:00,632.4970097374078,632.4970097374078,630.9118041992188,630.9118041992188,682500,0.0,0.0
2008-05-23 00:00:00+09:00,648.3490605073816,648.3490605073816,646.7638549804688,646.7638549804688,682500,0.0,0.0
2008-05-26 00:00:00+09:00,646.763919044665,646.763919044665,638.837890625,638.837890625,682500,0.0,0.0
2008-05-27 00:00:00+09:00,638.837890625,638.837890625,638.837890625,638.837890625,682500,0.0,0.0
2008-05-28 00:00:00+09:00,629.3267840807952,629.3267840807952,626.1563720703125,626.1563720703125,682500,0.0,0.0
2008-05-29 00:00:00+09:00,626.1561822658632,649.9342651367188,626.1561822658632,649.9342651367188,682500,0.0,0.0
2008-05-30 00:00:00+09:00,649.9342687806087,649.9342687806087,637.2526245117188,637.2526245117188,682500,0.0,0.0
2008-06-02 00:00:00+09:00,637.252564086914,637.252564086914,634.0821533203125,634.0821533203125,682500,0.0,0.0
2008-06-03 00:00:00+09:00,634.0821564503206,634.0821564503206,618.2301025390625,618.2301025390625,682500,0.0,0.0
2008-06-04 00:00:00+09:00,618.2300424575806,618.2300424575806,608.7188110351562,608.7188110351562,682500,0.0,0.0
2008-06-05 00:00:00+09:00,608.7189345472441,608.7189345472441,603.9633178710938,603.9633178710938,682500,0.0,0.0
2008-06-06 00:00:00+09:00,603.9633757438068,611.889404296875,603.9633757438068,611.889404296875,682500,0.0,0.0
2008-06-09 00:00:00+09:00,597.6224980455763,597.6224980455763,596.0372924804688,596.0372924804688,682500,0.0,0.0
2008-06-10 00:00:00+09:00,596.0374876588255,596.0374876588255,577.0150146484375,577.0150146484375,682500,0.0,0.0
2008-06-11 00:00:00+09:00,577.0148290618648,584.9408569335938,577.0148290618648,584.9408569335938,682500,0.0,0.0
2008-06-12 00:00:00+09:00,586.5262511536315,586.5262511536315,577.0150146484375,577.0150146484375,682500,0.0,0.0
2008-06-13 00:00:00+09:00,608.71875,608.71875,589.6962890625,589.6962890625,682500,0.0,0.0
2008-06-16 00:00:00+09:00,615.0597548447646,621.4005770596591,610.3041381835938,610.3041381835938,820000,0.0,0.0
2008-06-17 00:00:00+09:00,610.3042517768012,627.7415161132812,610.3042517768012,627.7415161132812,820000,0.0,0.0
2008-06-18 00:00:00+09:00,627.741450837469,638.837890625,627.741450837469,638.837890625,820000,0.0,0.0
2008-06-19 00:00:00+09:00,632.4970715424276,632.4970715424276,629.32666015625,629.32666015625,820000,0.0,0.0
2008-06-20 00:00:00+09:00,629.3266671136254,629.3266671136254,611.889404296875,611.889404296875,820000,0.0,0.0
2008-06-23 00:00:00+09:00,616.6449584960938,616.6449584960938,616.6449584960938,616.6449584960938,820000,0.0,0.0
2008-06-24 00:00:00+09:00,616.644962340828,616.644962340828,603.9633178710938,603.9633178710938,820000,0.0,0.0
2008-06-25 00:00:00+09:00,600.7761388940493,619.8989868164062,600.7761388940493,619.8989868164062,820000,4.0,0.0
2008-06-26 00:00:00+09:00,619.8990637048498,619.8990637048498,613.5247802734375,613.5247802734375,820000,0.0,0.0
2008-06-27 00:00:00+09:00,613.5246967598605,623.0861206054688,613.5246967598605,623.0861206054688,820000,0.0,0.0
2008-06-30 00:00:00+09:00,623.0862386275311,624.6798095703125,623.0862386275311,624.6798095703125,820000,0.0,0.0
2008-07-01 00:00:00+09:00,624.6797935408775,631.0540771484375,624.6797935408775,631.0540771484375,820000,0.0,0.0
2008-07-02 00:00:00+09:00,631.0540771484375,631.0540771484375,631.0540771484375,631.0540771484375,820000,0.0,0.0
2008-07-03 00:00:00+09:00,631.0539570106365,631.0539570106365,603.9632568359375,603.9632568359375,820000,0.0,0.0
2008-07-04 00:00:00+09:00,603.9631852554402,608.743896484375,603.9631852554402,608.743896484375,820000,0.0,0.0
2008-07-07 00:00:00+09:00,608.7440876207853,608.7440876207853,605.5569458007812,605.5569458007812,820000,0.0,0.0
2008-07-08 00:00:00+09:00,586.4340900358607,586.4340900358607,583.2469482421875,583.2469482421875,820000,0.0,0.0
2008-07-09 00:00:00+09:00,583.2467410826491,594.4017333984375,583.2467410826491,594.4017333984375,820000,0.0,0.0
2008-07-10 00:00:00+09:00,594.4017333984375,594.4017333984375,594.4017333984375,594.4017333984375,820000,0.0,0.0
2008-07-11 00:00:00+09:00,610.3375244140625,610.3375244140625,610.3375244140625,610.3375244140625,820000,0.0,0.0
2008-07-14 00:00:00+09:00,610.3375931386873,610.3375931386873,607.1504516601562,607.1504516601562,820000,0.0,0.0
2008-07-15 00:00:00+09:00,607.1503980329609,607.1503980329609,603.9632568359375,603.9632568359375,820000,0.0,0.0
2008-07-16 00:00:00+09:00,603.9633782355339,603.9633782355339,580.059814453125,580.059814453125,820000,0.0,0.0
2008-07-17 00:00:00+09:00,580.0599065816627,591.2149047851562,580.0599065816627,591.2149047851562,820000,0.0,0.0
2008-07-18 00:00:00+09:00,591.2147447559931,591.2147447559931,581.6533203125,581.6533203125,820000,0.0,0.0
2008-07-22 00:00:00+09:00,597.5889599354398,611.9310949738904,595.9953893756119,610.3375244140625,758000,0.0,0.0
2008-07-23 00:00:00+09:00,618.305419921875,618.305419921875,618.305419921875,618.305419921875,758000,0.0,0.0
2008-07-24 00:00:00+09:00,619.8990967419683,624.6798095703125,619.8990967419683,624.6798095703125,758000,0.0,0.0
2008-07-25 00:00:00+09:00,629.4603342925017,629.4603342925017,626.273193359375,626.273193359375,758000,0.0,0.0
2008-07-28 00:00:00+09:00,643.8025967467065,650.1768798828125,643.8025967467065,650.1768798828125,758000,0.0,0.0
2008-07-29 00:00:00+09:00,669.2996252237471,669.2996252237471,667.7060546875,667.7060546875,758000,0.0,0.0
2008-07-30 00:00:00+09:00,667.7061863651982,688.422607421875,667.7061863651982,688.422607421875,758000,0.0,0.0
2008-07-31 00:00:00+09:00,688.4225318030973,720.2939453125,688.4225318030973,720.2939453125,758000,0.0,0.0
2008-08-01 00:00:00+09:00,720.2938365537992,720.2938365537992,686.828857421875,686.828857421875,758000,0.0,0.0
2008-08-04 00:00:00+09:00,686.8289200787383,686.8289200787383,659.7382202148438,659.7382202148438,758000,0.0,0.0
2008-08-05 00:00:00+09:00,659.7381880436037,659.7381880436037,646.9896240234375,646.9896240234375,758000,0.0,0.0
2008-08-06 00:00:00+09:00,646.989651967244,661.331787109375,646.989651967244,661.331787109375,758000,0.0,0.0
2008-08-07 00:00:00+09:00,636.7271086887922,637.4282836914062,636.7271086887922,637.4282836914062,758000,0.0,0.0
2008-08-08 00:00:00+09:00,659.738386966395,666.1126708984375,659.738386966395,666.1126708984375,758000,0.0,0.0
2008-08-11 00:00:00+09:00,675.6741167585427,682.0484008789062,675.6741167585427,682.0484008789062,758000,0.0,0.0
2008-08-12 00:00:00+09:00,682.0482007540189,682.0482007540189,662.9253540039062,662.9253540039062,758000,0.0,0.0
2008-08-13 00:00:00+09:00,662.925347763404,662.925347763404,639.0217895507812,639.0217895507812,758000,0.0,0.0
2008-08-14 00:00:00+09:00,637.4282836914062,637.4282836914062,637.4282836914062,637.4282836914062,758000,0.0,0.0
2008-08-15 00:00:00+09:00,637.4283136106005,650.1768798828125,637.4283136106005,650.1768798828125,758000,0.0,0.0
2008-08-18 00:00:00+09:00,659.7382351014672,659.7382351014672,653.3639526367188,653.3639526367188,758000,0.0,0.0
2008-08-19 00:00:00+09:00,653.3638478973766,653.3638478973766,645.39599609375,645.39599609375,758000,0.0,0.0
2008-08-20 00:00:00+09:00,645.396071740814,645.396071740814,639.0217895507812,639.0217895507812,758000,0.0,0.0
2008-08-21 00:00:00+09:00,639.0219316578875,639.0219316578875,631.0540771484375,631.0540771484375,758000,0.0,0.0
2008-08-22 00:00:00+09:00,631.0539776141827,631.0539776141827,621.4925537109375,621.4925537109375,758000,0.0,0.0
2008-08-25 00:00:00+09:00,621.4926478003975,632.6476440429688,621.4926478003975,632.6476440429688,758000,0.0,0.0
2008-08-26 00:00:00+09:00,634.2414074861551,634.2414074861551,629.460693359375,629.460693359375,758000,0.0,0.0
2008-08-27 00:00:00+09:00,637.428219003273,639.0217895507812,637.428219003273,639.0217895507812,758000,0.0,0.0
2008-08-28 00:00:00+09:00,639.0218544006348,639.0218544006348,637.4282836914062,637.4282836914062,758000,0.0,0.0
2008-08-29 00:00:00+09:00,648.5832225385918,661.331787109375,648.5832225385918,661.331787109375,758000,0.0,0.0
2008-09-01 00:00:00+09:00,661.3317475633692,661.3317475633692,651.7703247070312,651.7703247070312,758000,0.0,0.0
2008-09-02 00:00:00+09:00,651.7703614199072,651.7703614199072,635.8346557617188,635.8346557617188,758000,0.0,0.0
2008-09-03 00:00:00+09:00,635.8346376324645,643.802490234375,635.8346376324645,643.802490234375,758000,0.0,0.0
2008-09-04 00:00:00+09:00,643.8024257330247,645.39599609375,643.8024257330247,645.39599609375,758000,0.0,0.0
2008-09-05 00:00:00+09:00,616.7118530273438,616.7118530273438,616.7118530273438,616.7118530273438,758000,0.0,0.0
2008-09-08 00:00:00+09:00,616.7118644714355,637.4282836914062,616.7118644714355,637.4282836914062,758000,0.0,0.0
2008-09-09 00:00:00+09:00,637.4282061043433,637.4282061043433,564.1239624023438,564.1239624023438,758000,0.0,0.0
2008-09-10 00:00:00+09:00,549.7818603515625,552.9690015709918,543.4075779127038,549.7818603515625,1431000,0.0,0.0
2008-09-11 00:00:00+09:00,549.7820243266092,549.7820243266092,533.8463134765625,533.8463134765625,1431000,0.0,0.0
2008-09-12 00:00:00+09:00,533.8460522819968,541.8139038085938,533.8460522819968,541.8139038085938,1431000,0.0,0.0
2008-09-16 00:00:00+09:00,541.813990504176,541.813990504176,530.6589965820312,530.6589965820312,115000,0.0,0.0
2008-09-17 00:00:00+09:00,522.6911153911072,522.6911153911072,516.3168334960938,516.3168334960938,115000,0.0,0.0
2008-09-18 00:00:00+09:00,516.3168902953716,516.3168902953716,505.1618957519531,505.1618957519531,115000,0.0,0.0
2008-09-19 00:00:00+09:00,498.7876131557139,505.1618957519531,498.7876131557139,505.1618957519531,115000,0.0,0.0
2008-09-22 00:00:00+09:00,514.7233082771301,514.7233082771301,509.9425964355469,509.9425964355469,115000,0.0,0.0
2008-09-24 00:00:00+09:00,509.94280133928567,509.94280133928567,490.8199462890625,490.8199462890625,115000,0.0,0.0
2008-09-25 00:00:00+09:00,486.03924962868643,495.6006774902344,486.03924962868643,495.6006774902344,115000,0.0,0.0
2008-09-26 00:00:00+09:00,495.60049842682895,495.60049842682895,481.25836181640625,481.25836181640625,115000,0.0,0.0
2008-09-29 00:00:00+09:00,481.25848814498545,481.25848814498545,479.66491699218744,479.6649169921875,115000,0.0,0.0
2008-09-30 00:00:00+09:00,423.8898048256928,423.8898048256928,422.2962341308594,422.2962341308594,115000,0.0,0.0
2008-10-01 00:00:00+09:00,422.2963215533952,423.889892578125,422.2963215533952,423.889892578125,115000,0.0,0.0
2008-10-02 00:00:00+09:00,423.8897839057736,423.8897839057736,392.01837158203125,392.01837158203125,115000,0.0,0.0
2008-10-03 00:00:00+09:00,409.54770687327664,409.54770687327664,406.3605651855469,406.3605651855469,115000,0.0,0.0
2008-10-06 00:00:00+09:00,403.17338089394354,403.17338089394354,360.14697265625,360.14697265625,115000,0.0,0.0
2008-10-07 00:00:00+09:00,338.3878450814415,352.1790771484375,338.3878450814415,352.1790771484375,115000,0.0,0.0
2008-10-08 00:00:00+09:00,352.1791309759245,352.1791309759245,317.1205749511719,317.1205749511719,115000,0.0,0.0
2008-10-09 00:00:00+09:00,317.12058602127377,325.08843994140625,317.12058602127377,325.08843994140625,115000,0.0,0.0
2008-10-10 00:00:00+09:00,325.08847232740754,325.08847232740754,312.33990478515625,312.33990478515625,115000,0.0,0.0
2008-10-14 00:00:00+09:00,353.77273162704944,355.3663024902344,353.77273162704944,355.3663024902344,115000,0.0,0.0
2008-10-15 00:00:00+09:00,350.5855486034292,360.14697265625,350.5855486034292,360.14697265625,115000,0.0,0.0
2008-10-16 00:00:00+09:00,360.1469084421794,360.1469084421794,305.96551513671875,305.96551513671875,115000,0.0,0.0
2008-10-17 00:00:00+09:00,331.4627644662081,333.05633544921875,331.4627644662081,333.05633544921875,115000,0.0,0.0
2008-10-20 00:00:00+09:00,333.0563030327691,358.5534362792969,333.0563030327691,358.5534362792969,115000,0.0,0.0
2008-10-21 00:00:00+09:00,356.95987735782654,356.95987735782654,353.7727355957031,353.7727355957031,115000,0.0,0.0
2008-10-22 00:00:00+09:00,336.68199749592304,337.8370056152344,336.68199749592304,337.8370056152344,115000,0.0,0.0
2008-10-23 00:00:00+09:00,327.4375824924258,341.0242004394531,327.4375824924258,341.0242004394531,115000,0.0,0.0
2008-10-24 00:00:00+09:00,344.2112773339353,344.2112773339353,317.1205749511719,317.1205749511719,115000,0.0,0.0
2008-10-27 00:00:00+09:00,317.12053070971245,317.12053070971245,269.31341552734375,269.31341552734375,115000,0.0,0.0
2008-10-28 00:00:00+09:00,264.53272425874746,299.5912780761719,264.53272425874746,299.5912780761719,115000,0.0,0.0
2008-10-29 00:00:00+09:00,299.5912547778058,299.5912547778058,296.40411376953125,296.40411376953125,115000,0.0,0.0
2008-10-30 00:00:00+09:00,336.2434342817827,350.5855712890625,336.2434342817827,350.5855712890625,115000,0.0,0.0
2008-10-31 00:00:00+09:00,350.58553158658225,350.58553158658225,328.2755432128906,328.2755432128906,115000,0.0,0.0
2008-11-04 00:00:00+09:00,328.2755432128906,328.2755432128906,328.2755432128906,328.2755432128906,1734500,0.0,0.0
2008-11-05 00:00:00+09:00,328.2756014987155,353.7727355957031,328.2756014987155,353.7727355957031,1734500,0.0,0.0
2008-11-06 00:00:00+09:00,353.7727128462358,353.7727128462358,350.5855712890625,350.5855712890625,1734500,0.0,0.0
2008-11-07 00:00:00+09:00,350.5855237520658,350.5855237520658,331.4626770019531,331.4626770019531,1734500,0.0,0.0
2008-11-10 00:00:00+09:00,360.14697265625,360.14697265625,360.14697265625,360.14697265625,1734500,0.0,0.0
2008-11-11 00:00:00+09:00,356.9598654513889,358.5534362792969,356.9598654513889,358.5534362792969,1734500,0.0,0.0
2008-11-12 00:00:00+09:00,366.521279074929,366.521279074929,350.5855712890625,350.5855712890625,1734500,0.0,0.0
2008-11-13 00:00:00+09:00,344.21129271882404,344.21129271882404,336.2434387207031,336.2434387207031,1734500,0.0,0.0
2008-11-14 00:00:00+09:00,336.24344945836947,344.2113037109375,336.24344945836947,344.2113037109375,1734500,0.0,0.0
2008-11-17 00:00:00+09:00,344.2112247242647,352.1790771484375,344.2112247242647,352.1790771484375,1734500,0.0,0.0
2008-11-18 00:00:00+09:00,352.1791872453461,352.1791872453461,333.05633544921875,333.05633544921875,1734500,0.0,0.0
2008-11-19 00:00:00+09:00,341.0242004394531,341.0242004394531,341.0242004394531,341.0242004394531,1734500,0.0,0.0
2008-11-20 00:00:00+09:00,341.0242004394531,341.0242004394531,341.0242004394531,341.0242004394531,1734500,0.0,0.0
2008-11-21 00:00:00+09:00,341.0241026197161,356.9598083496094,341.0241026197161,356.9598083496094,1734500,0.0,0.0
2008-11-25 00:00:00+09:00,356.9598938774142,371.3020324707031,356.9598938774142,371.3020324707031,123000,0.0,0.0
2008-11-26 00:00:00+09:00,364.9276808684093,364.9276808684093,361.74053955078125,361.74053955078125,123000,0.0,0.0
2008-11-27 00:00:00+09:00,370.29993888310855,370.29993888310855,369.7084045410156,369.7084045410156,123000,0.0,0.0
2008-11-28 00:00:00+09:00,369.7084157436709,377.67626953125,369.7084157436709,377.67626953125,123000,0.0,0.0
2008-12-01 00:00:00+09:00,377.67626915756534,390.4248352050781,377.67626915756534,390.4248352050781,123000,0.0,0.0
2008-12-02 00:00:00+09:00,390.42488392842176,390.42488392842176,371.3020324707031,371.3020324707031,123000,0.0,0.0
2008-12-03 00:00:00+09:00,374.48919414002216,387.2377624511719,374.48919414002216,387.2377624511719,123000,0.0,0.0
2008-12-04 00:00:00+09:00,387.2377608994306,387.2377608994306,376.082763671875,376.082763671875,123000,0.0,0.0
2008-12-05 00:00:00+09:00,376.0826987737342,377.67626953125,376.0826987737342,377.67626953125,123000,0.0,0.0
2008-12-08 00:00:00+09:00,377.67628999597883,406.3605651855469,377.67628999597883,406.3605651855469,123000,0.0,0.0
2008-12-09 00:00:00+09:00,387.23775832379454,388.8313293457031,387.23775832379454,388.8313293457031,123000,0.0,0.0
2008-12-10 00:00:00+09:00,388.8312495393573,422.2962341308594,388.8312495393573,422.2962341308594,123000,0.0,0.0
2008-12-11 00:00:00+09:00,415.92193298339845,430.2640686035156,415.92193298339845,430.2640686035156,123000,0.0,0.0
2008-12-12 00:00:00+09:00,430.26414053780695,430.26414053780695,401.5798645019531,401.5798645019531,123000,0.0,0.0
2008-12-15 00:00:00+09:00,419.1091115012098,427.07696533203125,419.1091115012098,427.07696533203125,123000,0.0,0.0
2008-12-16 00:00:00+09:00,420.7026749239623,420.7026749239623,417.5155334472656,417.5155334472656,259000,0.0,0.0
2008-12-17 00:00:00+09:00,417.5156463741792,417.5156463741792,409.54779052734375,409.54779052734375,284500,0.0,0.0
2008-12-18 00:00:00+09:00,406.36050045490265,407.9540710449219,406.36050045490265,407.9540710449219,216000,0.0,0.0
2008-12-19 00:00:00+09:00,407.95409375,407.95409375,398.3926696777344,398.3926696777344,177000,0.0,0.0
2008-12-22 00:00:00+09:00,417.5155334472656,417.5155334472656,417.5155334472656,417.5155334472656,187000,0.0,0.0
2008-12-24 00:00:00+09:00,417.51549458503723,417.51549458503723,407.9540710449219,407.9540710449219,256500,0.0,0.0
2008-12-25 00:00:00+09:00,427.48391725800064,427.48391725800064,427.2275695800781,427.2275695800781,256500,4.0,0.0
2008-12-26 00:00:00+09:00,430.43971037688084,433.6519470214844,430.43971037688084,433.6519470214844,133500,0.0,0.0
2008-12-29 00:00:00+09:00,428.83371575324094,440.07654725238956,427.22759696764825,438.4704284667969,279500,0.0,0.0
2008-12-30 00:00:00+09:00,436.8642632783349,436.8642632783349,430.4397888183594,430.4397888183594,99500,0.0,0.0
2009-01-05 00:00:00+09:00,438.4704284667969,441.68266603798224,430.43983453883357,438.4704284667969,137000,0.0,0.0
2009-01-06 00:00:00+09:00,440.0765502487404,443.2887878417969,440.0765502487404,443.2887878417969,284500,0.0,0.0
2009-01-07 00:00:00+09:00,443.2886787249888,446.50091552734375,443.2886787249888,446.50091552734375,365000,0.0,0.0
2009-01-08 00:00:00+09:00,446.50095799667304,446.50095799667304,422.4091796875,422.4091796875,332000,0.0,0.0
2009-01-09 00:00:00+09:00,422.4090920231057,422.4090920231057,415.984619140625,415.984619140625,523000,0.0,0.0
2009-01-13 00:00:00+09:00,415.98470860982997,415.98470860982997,399.92352294921875,399.92352294921875,527500,0.0,0.0
2009-01-14 00:00:00+09:00,398.31738936033287,419.1969299316406,398.31738936033287,419.1969299316406,447500,0.0,0.0
2009-01-15 00:00:00+09:00,419.196958868627,419.196958868627,403.1357727050781,403.1357727050781,588000,0.0,0.0
2009-01-16 00:00:00+09:00,403.1357448767885,419.1969299316406,403.1357448767885,419.1969299316406,231000,0.0,0.0
2009-01-19 00:00:00+09:00,415.98468904717026,417.59080753769985,411.1663335755814,414.3785705566406,177000,0.0,0.0
2009-01-20 00:00:00+09:00,396.7112468261719,401.52960205078125,396.7112468261719,401.52960205078125,154500,0.0,0.0
2009-01-21 00:00:00+09:00,401.5295846121652,401.5295846121652,382.25616455078125,382.25616455078125,619000,0.0,0.0
2009-01-22 00:00:00+09:00,382.25620002420544,382.25620002420544,375.83172607421875,375.83172607421875,513000,0.0,0.0
2009-01-23 00:00:00+09:00,375.83179926468154,379.0440368652344,375.83179926468154,379.0440368652344,266000,0.0,0.0
2009-01-26 00:00:00+09:00,379.04397074381507,385.46844482421875,379.04397074381507,385.46844482421875,204000,0.0,0.0
2009-01-27 00:00:00+09:00,380.6500462123326,393.4989929199219,380.6500462123326,393.4989929199219,302000,0.0,0.0
2009-01-28 00:00:00+09:00,393.4990936029153,393.4990936029153,391.8929748535156,391.8929748535156,323500,0.0,0.0
2009-01-29 00:00:00+09:00,391.8929689468876,398.31744384765625,391.8929689468876,398.31744384765625,185500,0.0,0.0
2009-01-30 00:00:00+09:00,398.31746246855135,398.31746246855135,379.0440368652344,379.0440368652344,198500,0.0,0.0
2009-02-02 00:00:00+09:00,379.0439234956782,379.0439234956782,377.43780517578125,377.43780517578125,258500,0.0,0.0
2009-02-03 00:00:00+09:00,377.43786252778153,377.43786252778153,372.6195068359375,372.6195068359375,215000,0.0,0.0
2009-02-04 00:00:00+09:00,382.256280315809,388.6807556152344,382.256280315809,388.6807556152344,200000,0.0,0.0
2009-02-05 00:00:00+09:00,399.92346627371654,399.92346627371654,393.4989929199219,393.4989929199219,160000,0.0,0.0
2009-02-06 00:00:00+09:00,393.4990936029153,393.4990936029153,391.8929748535156,391.8929748535156,566500,0.0,0.0
2009-02-09 00:00:00+09:00,391.8929521945413,391.8929521945413,374.22564697265625,374.22564697265625,404000,0.0,0.0
2009-02-10 00:00:00+09:00,329.2542820654545,334.0726374127538,316.40533447265625,316.40533447265625,839000,0.0,0.0
2009-02-12 00:00:00+09:00,342.10321923022,342.10321923022,340.4971008300781,340.4971008300781,328500,0.0,0.0
2009-02-13 00:00:00+09:00,335.67876695803074,342.1032409667969,335.67876695803074,342.1032409667969,365500,0.0,0.0
2009-02-16 00:00:00+09:00,345.3155517578125,345.3155517578125,345.3155517578125,345.3155517578125,225500,0.0,0.0
2009-02-17 00:00:00+09:00,342.10326250022814,343.7093811035156,342.10326250022814,343.7093811035156,128000,0.0,0.0
2009-02-18 00:00:00+09:00,335.67870619690535,335.67870619690535,330.8603515625,330.8603515625,466500,0.0,0.0
2009-02-19 00:00:00+09:00,327.6481367470562,332.46649169921875,327.6481367470562,332.46649169921875,303500,0.0,0.0
2009-02-20 00:00:00+09:00,334.0726100166063,334.0726100166063,332.46649169921875,332.46649169921875,308000,0.0,0.0
2009-02-23 00:00:00+09:00,345.31549970680305,345.31549970680305,343.7093811035156,343.7093811035156,231000,0.0,0.0
2009-02-24 00:00:00+09:00,338.89100902502616,338.89100902502616,335.67877197265625,335.67877197265625,177000,0.0,0.0
2009-02-25 00:00:00+09:00,335.67877197265625,335.67877197265625,335.67877197265625,335.67877197265625,342000,0.0,0.0
2009-02-26 00:00:00+09:00,335.67875747335444,354.9521789550781,335.67875747335444,354.9521789550781,367000,0.0,0.0
2009-02-27 00:00:00+09:00,351.7399634283942,356.5583190917969,351.7399634283942,356.5583190917969,249000,0.0,0.0
2009-03-02 00:00:00+09:00,356.5582711356027,356.5582711356027,326.0420227050781,326.0420227050781,485500,0.0,0.0
2009-03-03 00:00:00+09:00,326.04206587628624,329.2543029785156,326.04206587628624,329.2543029785156,307000,0.0,0.0
2009-03-04 00:00:00+09:00,337.2849066903658,343.7093811035156,337.2849066903658,343.7093811035156,214500,0.0,0.0
2009-03-05 00:00:00+09:00,343.7093757839378,350.13385009765625,343.7093757839378,350.13385009765625,221000,0.0,0.0
2009-03-06 00:00:00+09:00,354.9522113265278,354.9522113265278,343.7093811035156,343.7093811035156,237500,0.0,0.0
2009-03-09 00:00:00+09:00,342.10327487521704,346.921630859375,342.10327487521704,346.921630859375,157500,0.0,0.0
2009-03-10 00:00:00+09:00,338.89100902502616,338.89100902502616,335.67877197265625,335.67877197265625,151000,0.0,0.0
2009-03-11 00:00:00+09:00,348.527749520761,348.527749520761,346.921630859375,346.921630859375,122500,0.0,0.0
2009-03-12 00:00:00+09:00,345.3155271701903,345.3155271701903,338.89105224609375,338.89105224609375,204000,0.0,0.0
2009-03-13 00:00:00+09:00,340.4971275512111,340.4971275512111,335.67877197265625,335.67877197265625,578500,0.0,0.0
2009-03-16 00:00:00+09:00,338.8909694126674,348.5276794433594,338.8909694126674,348.5276794433594,543500,0.0,0.0
2009-03-17 00:00:00+09:00,356.5582926432292,361.37664794921875,356.5582926432292,361.37664794921875,327500,0.0,0.0
2009-03-18 00:00:00+09:00,359.7705510232301,362.9827880859375,359.7705510232301,362.9827880859375,218500,0.0,0.0
2009-03-19 00:00:00+09:00,362.9827933096671,362.9827933096671,356.5583190917969,356.5583190917969,227000,0.0,0.0
2009-03-23 00:00:00+09:00,358.16448669433595,369.4073181152344,358.16448669433595,369.4073181152344,236500,0.0,0.0
2009-03-24 00:00:00+09:00,369.4072697080415,372.6195068359375,369.4072697080415,372.6195068359375,340500,0.0,0.0
2009-03-25 00:00:00+09:00,361.37665968674884,375.83172607421875,361.37665968674884,375.83172607421875,350000,0.0,0.0
2009-03-26 00:00:00+09:00,366.19504140878655,371.0133972167969,366.19504140878655,371.0133972167969,362000,0.0,0.0
2009-03-27 00:00:00+09:00,371.01337814331055,385.46844482421875,371.01337814331055,385.46844482421875,394000,0.0,0.0
2009-03-30 00:00:00+09:00,375.83171386718755,375.83171386718755,361.37664794921875,361.37664794921875,172000,0.0,0.0
2009-03-31 00:00:00+09:00,361.3766306096857,361.3766306096857,353.3460388183594,353.3460388183594,250000,0.0,0.0
2009-04-01 00:00:00+09:00,361.3767423127827,366.1950988769531,361.3767423127827,366.1950988769531,220500,0.0,0.0
2009-04-02 00:00:00+09:00,366.1950214092548,396.7112731933594,366.1950214092548,396.7112731933594,483000,0.0,0.0
2009-04-03 00:00:00+09:00,398.3173699107597,398.3173699107597,395.1051330566406,395.1051330566406,447500,0.0,0.0
2009-04-06 00:00:00+09:00,403.1357204589844,403.1357204589844,401.52960205078125,401.52960205078125,188000,0.0,0.0
2009-04-07 00:00:00+09:00,401.52962873821804,401.52962873821804,396.7112731933594,396.7112731933594,241000,0.0,0.0
2009-04-08 00:00:00+09:00,385.4684012276786,385.4684012276786,382.25616455078125,382.25616455078125,224500,0.0,0.0
2009-04-09 00:00:00+09:00,393.4990876720797,398.31744384765625,393.4990876720797,398.31744384765625,221000,0.0,0.0
2009-04-10 00:00:00+09:00,391.8928962025216,395.1051330566406,391.8928962025216,395.1051330566406,260500,0.0,0.0
2009-04-13 00:00:00+09:00,401.5296067648787,401.5296067648787,395.1051330566406,395.1051330566406,412000,0.0,0.0
2009-04-14 00:00:00+09:00,401.52960205078125,401.52960205078125,401.52960205078125,401.52960205078125,272500,0.0,0.0
2009-04-15 00:00:00+09:00,401.52962079186653,401.52962079186653,387.0745544433594,387.0745544433594,211000,0.0,0.0
2009-04-16 00:00:00+09:00,387.07462766042954,390.286865234375,387.07462766042954,390.286865234375,94500,0.0,0.0
2009-04-17 00:00:00+09:00,390.286856104116,391.8929748535156,390.286856104116,391.8929748535156,119000,0.0,0.0
2009-04-20 00:00:00+09:00,403.13571587509995,407.9540710449219,403.13571587509995,407.9540710449219,280500,0.0,0.0
2009-04-21 00:00:00+09:00,396.7112982396585,403.1357727050781,396.7112982396585,403.1357727050781,346500,0.0,0.0
2009-04-22 00:00:00+09:00,404.7418518066406,404.7418518066406,404.7418518066406,404.7418518066406,218500,0.0,0.0
2009-04-23 00:00:00+09:00,403.13567337566366,415.984619140625,403.13567337566366,415.984619140625,397000,0.0,0.0
2009-04-24 00:00:00+09:00,414.81995311214223,419.1969299316406,414.81995311214223,419.1969299316406,511500,0.0,0.0
2009-04-27 00:00:00+09:00,418.06517690433196,418.06517690433196,412.7725524902344,412.7725524902344,508500,0.0,0.0
2009-04-28 00:00:00+09:00,417.59079103547384,417.59079103547384,395.1051330566406,395.1051330566406,339500,0.0,0.0
2009-04-30 00:00:00+09:00,403.13570295061385,403.13570295061385,393.4989929199219,393.4989929199219,350500,0.0,0.0
2009-05-01 00:00:00+09:00,377.43791806495796,379.0440368652344,377.43791806495796,379.0440368652344,439500,0.0,0.0
2009-05-07 00:00:00+09:00,380.23790491445527,382.25616455078125,380.23790491445527,382.25616455078125,293000,0.0,0.0
2009-05-08 00:00:00+09:00,380.6501614909527,388.6807556152344,380.6501614909527,388.6807556152344,342500,0.0,0.0
2009-05-11 00:00:00+09:00,388.6806379045759,393.4989929199219,388.6806379045759,393.4989929199219,192500,0.0,0.0
2009-05-12 00:00:00+09:00,394.73854146085284,394.73854146085284,390.286865234375,390.286865234375,204000,0.0,0.0
2009-05-13 00:00:00+09:00,391.89299030383756,391.89299030383756,383.8623962402344,383.8623962402344,242500,0.0,0.0
2009-05-14 00:00:00+09:00,374.22564697265625,374.22564697265625,374.22564697265625,374.22564697265625,327500,0.0,0.0
2009-05-15 00:00:00+09:00,375.83169119698664,382.25616455078125,375.83169119698664,382.25616455078125,129500,0.0,0.0
2009-05-18 00:00:00+09:00,374.2256075867221,375.83172607421875,374.2256075867221,375.83172607421875,172000,0.0,0.0
2009-05-19 00:00:00+09:00,379.0440368652344,379.0440368652344,379.0440368652344,379.0440368652344,136500,0.0,0.0
2009-05-20 00:00:00+09:00,380.65015861479304,383.8623962402344,380.65015861479304,383.8623962402344,137000,0.0,0.0
2009-05-21 00:00:00+09:00,385.4684012276786,385.4684012276786,382.25616455078125,382.25616455078125,261000,0.0,0.0
2009-05-22 00:00:00+09:00,382.25616455078125,382.25616455078125,382.25616455078125,382.25616455078125,245500,0.0,0.0
2009-05-25 00:00:00+09:00,388.6807556152344,388.6807556152344,388.6807556152344,388.6807556152344,216000,0.0,0.0
2009-05-26 00:00:00+09:00,388.6807091306533,388.6807091306533,380.6501159667969,380.6501159667969,329500,0.0,0.0
2009-05-27 00:00:00+09:00,383.86228288922996,383.86228288922996,382.25616455078125,382.25616455078125,302500,0.0,0.0
2009-05-28 00:00:00+09:00,382.25616455078125,393.4989929199219,382.25616455078125,393.4989929199219,260500,0.0,0.0
2009-05-29 00:00:00+09:00,391.8928745814732,393.4989929199219,391.8928745814732,393.4989929199219,396500,0.0,0.0
2009-06-01 00:00:00+09:00,406.3480650658701,409.560302734375,406.3480650658701,409.560302734375,357500,0.0,0.0
2009-06-02 00:00:00+09:00,408.45437844233675,411.16632080078125,408.45437844233675,411.16632080078125,264000,0.0,0.0
2009-06-03 00:00:00+09:00,415.984619140625,415.984619140625,415.984619140625,415.984619140625,251500,0.0,0.0
2009-06-04 00:00:00+09:00,420.8030484371259,420.8030484371259,419.1969299316406,419.1969299316406,185500,0.0,0.0
2009-06-05 00:00:00+09:00,417.9142515759645,420.80303955078125,417.9142515759645,420.80303955078125,201500,0.0,0.0
2009-06-08 00:00:00+09:00,420.80304451875907,420.80304451875907,414.3785705566406,414.3785705566406,198000,0.0,0.0
2009-06-09 00:00:00+09:00,403.1357204589844,403.1357204589844,401.52960205078125,401.52960205078125,267000,0.0,0.0
2009-06-10 00:00:00+09:00,403.13571587509995,407.9540710449219,403.13571587509995,407.9540710449219,318500,0.0,0.0
2009-06-11 00:00:00+09:00,404.7418126042181,411.1662858201581,404.7418126042181,406.3479309082031,210500,0.0,0.0
2009-06-12 00:00:00+09:00,409.560302734375,415.9847780713848,409.560302734375,409.560302734375,328500,0.0,0.0
2009-06-15 00:00:00+09:00,415.98466299462507,415.98466299462507,407.9540710449219,407.9540710449219,317500,0.0,0.0
2009-06-16 00:00:00+09:00,403.1357333470905,406.34797026619077,401.5296148875403,404.7418518066406,416000,0.0,0.0
2009-06-17 00:00:00+09:00,390.2867777754621,399.9234883378192,390.2867777754621,395.1051330566406,744500,0.0,0.0
2009-06-18 00:00:00+09:00,385.46843596019187,388.6806729265268,382.25619899385697,387.0745544433594,789000,0.0,0.0
2009-06-19 00:00:00+09:00,393.49903616345364,396.7112731933594,391.89291764850077,396.7112731933594,570000,0.0,0.0
2009-06-22 00:00:00+09:00,399.9234576922632,409.5601675161731,398.3173393882782,406.3479309082031,544000,0.0,0.0
2009-06-23 00:00:00+09:00,393.4990936029153,395.10521235231494,391.8929748535156,391.8929748535156,216500,0.0,0.0
2009-06-24 00:00:00+09:00,387.07451956612726,395.1051112583706,385.4684012276786,393.4989929199219,428500,0.0,0.0
2009-06-25 00:00:00+09:00,407.23518296727593,433.0913850604363,407.23518296727593,428.24334716796875,1621500,3.0,0.0
2009-06-26 00:00:00+09:00,431.47537254652593,447.63549885912994,421.7792967589636,425.0113220214844,937000,0.0,0.0
2009-06-29 00:00:00+09:00,425.0113685021034,431.47541973407453,416.9313044621394,420.163330078125,375500,0.0,0.0
2009-06-30 00:00:00+09:00,425.0113067626953,429.8593444824219,423.3952941894531,429.8593444824219,132500,0.0,0.0
2009-07-01 00:00:00+09:00,421.77928161621094,437.9394073486328,420.16326904296875,429.8593444824219,458500,0.0,0.0
2009-07-02 00:00:00+09:00,429.85938941420665,437.939453125,429.85938941420665,437.939453125,251500,0.0,0.0
2009-07-03 00:00:00+09:00,437.93939186124766,437.93939186124766,426.6273042485955,431.475341796875,353000,0.0,0.0
2009-07-06 00:00:00+09:00,431.47535705566406,436.3233947753906,429.8593444824219,429.8593444824219,162500,0.0,0.0
2009-07-07 00:00:00+09:00,433.0913544268413,441.1714170094316,433.0913544268413,434.7073669433594,355000,0.0,0.0
2009-07-08 00:00:00+09:00,436.3233947753906,441.1714324951172,428.2433319091797,429.8593444824219,568000,0.0,0.0
2009-07-09 00:00:00+09:00,421.77925074377725,423.39526319873426,415.31520092394925,416.93121337890625,378000,0.0,0.0
2009-07-10 00:00:00+09:00,416.9312288130837,423.3952788722013,416.9312288130837,421.7792663574219,321000,0.0,0.0
2009-07-13 00:00:00+09:00,416.9312118902439,416.9312118902439,392.691025152439,397.5390625,307000,0.0,0.0
2009-07-14 00:00:00+09:00,400.7711181640625,407.23516845703125,397.5390930175781,404.0031433105469,464000,0.0,0.0
2009-07-15 00:00:00+09:00,402.3871156000996,407.2351531374502,399.1550905751992,405.619140625,242500,0.0,0.0
2009-07-16 00:00:00+09:00,412.0831135341099,413.6991257440476,407.2350769042969,407.2350769042969,256500,0.0,0.0
2009-07-17 00:00:00+09:00,407.2352304766255,410.4672561153289,399.15516637986707,400.77117919921875,238500,0.0,0.0
2009-07-21 00:00:00+09:00,408.85122574618424,420.16331499607867,408.85122574618424,418.54730224609375,306500,0.0,0.0
2009-07-22 00:00:00+09:00,420.1632840138561,428.24334716796875,415.31524612138855,428.24334716796875,230000,0.0,0.0
2009-07-23 00:00:00+09:00,429.8592839027519,436.3233332847481,428.2432715572528,433.09130859375,275500,0.0,0.0
2009-07-24 00:00:00+09:00,441.1714631248923,441.1714631248923,434.70741238313565,439.5554504394531,216000,0.0,0.0
2009-07-27 00:00:00+09:00,442.7874297536773,447.6354673057249,439.55540471897893,441.1714172363281,224500,0.0,0.0
2009-07-28 00:00:00+09:00,442.7875965505407,446.0196228027344,436.3235440461532,446.0196228027344,189500,0.0,0.0
2009-07-29 00:00:00+09:00,444.40360967663753,449.2516490549281,441.1715834244438,446.0196228027344,235000,0.0,0.0
2009-07-30 00:00:00+09:00,446.0194547883757,446.0194547883757,437.93939220162974,441.1714172363281,187000,0.0,0.0
2009-07-31 00:00:00+09:00,460.56356822156744,465.41160578179444,452.48350562118907,463.79559326171875,463500,0.0,0.0
2009-08-03 00:00:00+09:00,468.64352332221137,475.1075719197591,465.4114990234375,465.4114990234375,339500,0.0,0.0
2009-08-04 00:00:00+09:00,468.64352332221137,470.25953547159827,463.79548687405054,465.4114990234375,262500,0.0,0.0
2009-08-05 00:00:00+09:00,465.41165140086207,468.6436767578125,457.331588008486,468.6436767578125,199000,0.0,0.0
2009-08-06 00:00:00+09:00,460.56356822156744,470.2596433420215,458.94755570149175,463.79559326171875,298000,0.0,0.0
2009-08-07 00:00:00+09:00,471.87570190429693,471.87570190429693,463.7956385155247,471.8757019042969,375000,0.0,0.0
2009-08-10 00:00:00+09:00,473.49166880462127,479.9557188906912,467.02761871855137,476.72369384765625,268500,0.0,0.0
2009-08-11 00:00:00+09:00,478.3397365859633,491.2678375747731,476.72372396236204,489.6518249511719,399000,0.0,0.0
2009-08-12 00:00:00+09:00,489.65185487231525,500.96394392877136,486.4198294276135,496.11590576171875,497500,0.0,0.0
2009-08-13 00:00:00+09:00,500.9638823969078,504.1959074446298,492.88381977760287,499.3478698730469,323500,0.0,0.0
2009-08-14 00:00:00+09:00,502.57977469308037,513.8918596540178,500.96376255580356,509.0438232421875,361000,0.0,0.0
2009-08-17 00:00:00+09:00,496.1157669168435,500.96380372710576,484.8036810262314,488.03570556640625,444000,0.0,0.0
2009-08-18 00:00:00+09:00,476.7236196757942,491.26773010658115,476.7236196757942,488.03570556640625,201000,0.0,0.0
2009-08-19 00:00:00+09:00,488.03571954078546,491.2677441735059,479.9556579589844,479.9556579589844,272000,0.0,0.0
2009-08-20 00:00:00+09:00,479.9557342529297,488.0357971191406,475.1076965332031,484.80377197265625,253000,0.0,0.0
2009-08-21 00:00:00+09:00,484.80374125026214,489.6517786627648,473.4916539544227,481.57171630859375,276500,0.0,0.0
2009-08-24 00:00:00+09:00,488.0358122278433,497.7318879674693,488.0358122278433,492.88385009765625,304500,0.0,0.0
2009-08-25 00:00:00+09:00,492.88385009765625,497.7318879674693,488.0358122278433,492.88385009765625,282000,0.0,0.0
2009-08-26 00:00:00+09:00,496.11576752913624,504.1958288895456,488.03570616872685,491.2677307128906,716000,0.0,0.0
2009-08-27 00:00:00+09:00,492.8837429849725,500.9638043453819,484.8036816245631,491.2677307128906,559000,0.0,0.0
2009-08-28 00:00:00+09:00,496.1159512408368,504.1960155932934,494.49993837034543,497.7319641113281,286000,0.0,0.0
2009-08-31 00:00:00+09:00,500.9639132140113,513.8920142001793,492.88385009765625,492.88385009765625,303000,0.0,0.0
2009-09-02 00:00:00+09:00,500.9638677669477,515.5079800569558,492.8838053836098,510.6599426269531,552500,0.0,0.0
2009-09-03 00:00:00+09:00,510.6600193596496,512.2760320791422,499.34793032320164,505.8119812011719,289000,0.0,0.0
2009-09-04 00:00:00+09:00,512.2760329852275,512.2760329852275,494.49989303936786,496.11590576171875,182000,0.0,0.0
2009-09-07 00:00:00+09:00,504.1960404007523,530.0522476007909,502.58002745074987,523.5881958007812,706000,0.0,0.0
2009-09-08 00:00:00+09:00,521.9721360597929,534.9002385009023,512.2760592289609,531.668212890625,601500,0.0,0.0
2009-09-09 00:00:00+09:00,531.6682453923181,531.6682453923181,518.740142160894,521.97216796875,406000,0.0,0.0
2009-09-10 00:00:00+09:00,518.7401104495156,534.9002385009023,517.1240976443769,531.668212890625,472000,0.0,0.0
2009-09-11 00:00:00+09:00,530.0521240234375,541.3642120361328,525.2040863037109,530.0521240234375,544500,0.0,0.0
2009-09-14 00:00:00+09:00,538.1320774489183,539.7480896935095,518.7399305138221,525.2039794921875,306500,0.0,0.0
2009-09-15 00:00:00+09:00,523.5879043151285,525.2039163654838,512.2758199626411,518.7398681640625,306000,0.0,0.0
2009-09-16 00:00:00+09:00,512.2759399414062,521.9720145144297,510.659927512569,512.2759399414062,312500,0.0,0.0
2009-09-17 00:00:00+09:00,523.5881048238502,523.5881048238502,504.19595279333726,513.8920288085938,243000,0.0,0.0
2009-09-18 00:00:00+09:00,507.42799305691614,515.508056640625,502.5799549066908,515.508056640625,221000,0.0,0.0
2009-09-21 00:00:00+09:00,515.508056640625,515.508056640625,515.508056640625,515.508056640625,0,0.0,0.0
2009-09-24 00:00:00+09:00,512.2759564024029,533.2841186523438,512.2759564024029,533.2841186523438,305000,0.0,0.0
2009-09-25 00:00:00+09:00,541.3643228158862,541.3643228158862,515.508116353038,521.97216796875,289000,0.0,0.0
2009-09-28 00:00:00+09:00,513.892045097719,513.892045097719,494.4998924525221,502.5799560546875,266000,0.0,0.0
2009-09-29 00:00:00+09:00,502.5799258372823,504.1959384605533,489.65182485111427,492.88385009765625,275000,0.0,0.0
2009-09-30 00:00:00+09:00,486.41979960457223,492.88385009765625,483.18777435803025,492.88385009765625,247000,0.0,0.0
2009-10-01 00:00:00+09:00,478.3397066743667,488.0357818096579,478.3397066743667,486.4197692871094,227000,0.0,0.0
2009-10-02 00:00:00+09:00,470.25964376158635,479.9557188906912,467.02761871855137,476.72369384765625,291500,0.0,0.0
2009-10-05 00:00:00+09:00,473.49176130987786,481.57182549605324,463.79568428646735,467.0277099609375,264500,0.0,0.0
2009-10-06 00:00:00+09:00,470.2596894362877,478.3397528286638,458.9476006869612,468.6436767578125,490000,0.0,0.0
2009-10-07 00:00:00+09:00,467.02761871855137,479.9557188906912,467.02761871855137,476.72369384765625,204000,0.0,0.0
2009-10-08 00:00:00+09:00,484.8037564552436,484.8037564552436,470.25964376158635,476.72369384765625,235500,0.0,0.0
2009-10-09 00:00:00+09:00,484.8037567645609,488.0357818096579,475.1076816292697,486.4197692871094,337000,0.0,0.0
2009-10-13 00:00:00+09:00,492.8838501983743,499.34790069277926,486.41979970396943,489.6518249511719,295000,0.0,0.0
2009-10-14 00:00:00+09:00,483.1878525091677,483.1878525091677,470.25974943199935,475.1077880859375,395000,0.0,0.0
2009-10-15 00:00:00+09:00,476.72367889609114,488.0357661919306,475.1076664252569,481.57171630859375,200000,0.0,0.0
2009-10-16 00:00:00+09:00,488.0358123275706,489.6518249511719,484.8037870803682,489.6518249511719,291000,0.0,0.0
2009-10-19 00:00:00+09:00,486.41979960457223,492.88385009765625,484.80378698130124,492.88385009765625,237500,0.0,0.0
2009-10-20 00:00:00+09:00,496.1158753441983,497.7318879674693,492.88385009765625,492.88385009765625,164500,0.0,0.0
2009-10-21 00:00:00+09:00,488.0358272377962,499.34791594860604,488.0358272377962,494.4998779296875,219500,0.0,0.0
2009-10-22 00:00:00+09:00,491.267822265625,502.5799102783203,488.0357971191406,500.9638977050781,389500,0.0,0.0
2009-10-23 00:00:00+09:00,497.73191789338824,507.4279942159867,497.73191789338824,502.5799560546875,326000,0.0,0.0
2009-10-26 00:00:00+09:00,500.9638677669477,513.8919675802882,500.9638677669477,510.6599426269531,362000,0.0,0.0
2009-10-27 00:00:00+09:00,512.2760329852275,512.2760329852275,496.11590576171875,496.11590576171875,381500,0.0,0.0
2009-10-28 00:00:00+09:00,496.1158753441983,497.7318879674693,488.0358122278433,492.88385009765625,233500,0.0,0.0
2009-10-29 00:00:00+09:00,476.72380097058357,479.95582673987565,465.41171077806126,475.1077880859375,337500,0.0,0.0
2009-10-30 00:00:00+09:00,507.4277838115751,523.5879043151285,494.4996874087324,518.7398681640625,803500,0.0,0.0
2009-11-02 00:00:00+09:00,502.5799823981288,531.668212890625,500.9639695929901,531.668212890625,718500,0.0,0.0
2009-11-04 00:00:00+09:00,528.43603515625,534.9000845159595,518.7399611166858,528.43603515625,540500,0.0,0.0
2009-11-05 00:00:00+09:00,530.0521240234375,530.0521240234375,518.7400360107422,530.0521240234375,369500,0.0,0.0
2009-11-06 00:00:00+09:00,521.9721828507788,531.6682605507933,517.1241440007716,523.5881958007812,297500,0.0,0.0
2009-11-09 00:00:00+09:00,515.5078717912946,518.7398960658483,505.81179896763393,509.0438232421875,573500,0.0,0.0
2009-11-10 00:00:00+09:00,512.2759252548218,528.436049079895,510.65991287231446,517.1239624023438,429500,0.0,0.0
2009-11-11 00:00:00+09:00,515.5079647990807,520.3560020855924,510.659927512569,512.2759399414062,317500,0.0,0.0
2009-11-12 00:00:00+09:00,518.7398681640625,520.3558802144178,507.4277838115751,518.7398681640625,378000,0.0,0.0
2009-11-13 00:00:00+09:00,518.7398838967271,523.5879201948272,512.27583549926,520.3558959960938,611500,0.0,0.0
2009-11-16 00:00:00+09:00,512.2759551036207,515.5079800569558,504.1958927202828,510.6599426269531,482500,0.0,0.0
2009-11-17 00:00:00+09:00,513.8921538132887,517.1241799379006,500.96404931484125,504.1960754394531,454500,0.0,0.0
2009-11-18 00:00:00+09:00,496.11590488421655,507.42799392066445,494.499892164724,505.8119812011719,551000,0.0,0.0
2009-11-19 00:00:00+09:00,500.9638823969078,507.42793249235183,492.88381977760287,499.3478698730469,462500,0.0,0.0
2009-11-20 00:00:00+09:00,496.1160101279234,509.0441146263709,494.4999970656175,504.1960754394531,460500,0.0,0.0
2009-11-24 00:00:00+09:00,502.5799707303381,510.66003456844646,497.7319324274731,507.4280090332031,316000,0.0,0.0
2009-11-25 00:00:00+09:00,518.740066816222,521.9720921546408,512.2760161393843,513.8920288085938,310000,0.0,0.0
2009-11-26 00:00:00+09:00,513.8919523702435,528.4360642297787,510.659927512569,512.2759399414062,617000,0.0,0.0
2009-11-27 00:00:00+09:00,504.19596848167936,513.8920447986347,497.73191760370906,505.8119812011719,553000,0.0,0.0
2009-11-30 00:00:00+09:00,515.5081310507692,523.5881958007812,513.8921181007668,523.5881958007812,318500,0.0,0.0
2009-12-01 00:00:00+09:00,515.5081310507692,523.5881958007812,507.4280663007571,523.5881958007812,956000,0.0,0.0
2009-12-02 00:00:00+09:00,523.5881202243338,523.5881202243338,509.0440057736579,515.508056640625,803000,0.0,0.0
2009-12-03 00:00:00+09:00,521.9721476236979,552.6763916015625,517.1241091008771,552.6763916015625,753000,0.0,0.0
2009-12-04 00:00:00+09:00,557.5243076869419,575.3004450334821,554.2922827148437,565.6043701171875,778500,0.0,0.0
2009-12-07 00:00:00+09:00,573.6845250563189,580.1485760428689,565.6044613231312,568.8364868164062,422000,0.0,0.0
2009-12-08 00:00:00+09:00,570.4524687858625,573.6844941047625,565.6044308075124,572.0684814453125,253500,0.0,0.0
2009-12-09 00:00:00+09:00,573.6844325474331,573.6844325474331,562.3723451450893,565.6043701171875,482000,0.0,0.0
2009-12-10 00:00:00+09:00,562.3724358298562,588.2286397760565,562.3724358298562,568.8364868164062,516000,0.0,0.0
2009-12-11 00:00:00+09:00,567.2204132080078,584.9965515136719,560.7563629150391,581.7645263671875,490000,0.0,0.0
2009-12-14 00:00:00+09:00,583.3805389404297,583.3805389404297,572.0684509277344,581.7645263671875,302000,0.0,0.0
2009-12-15 00:00:00+09:00,581.7644343029854,581.7644343029854,572.0683603979355,578.5324096679688,208500,0.0,0.0
2009-12-16 00:00:00+09:00,578.5323952968101,586.6124566836371,573.6843584647139,583.3804321289062,349000,0.0,0.0
2009-12-17 00:00:00+09:00,581.7645887895064,583.3806015361439,567.2204740697688,568.8364868164062,373000,0.0,0.0
2009-12-18 00:00:00+09:00,560.7564230832187,573.6845250563189,555.9083848433062,568.8364868164062,436000,0.0,0.0
2009-12-21 00:00:00+09:00,570.4525636185048,570.4525636185048,555.908447265625,555.908447265625,369500,0.0,0.0
2009-12-22 00:00:00+09:00,557.5242027869591,568.8362880608975,555.9081906049679,567.2202758789062,362500,0.0,0.0
2009-12-24 00:00:00+09:00,573.6844635009766,580.1485137939453,570.4524383544922,575.3004760742188,243000,0.0,0.0
2009-12-25 00:00:00+09:00,580.1485137939453,580.1485137939453,572.0684509277344,575.3004760742188,169500,0.0,0.0
2009-12-28 00:00:00+09:00,574.4890747070312,579.3576261875993,567.9976727329405,574.4890747070312,145500,3.0,0.0
2009-12-29 00:00:00+09:00,569.6205576116389,572.8662587946112,569.6205576116389,571.243408203125,102000,0.0,0.0
2009-12-30 00:00:00+09:00,566.374755859375,571.243306769341,564.751905556053,566.374755859375,118000,0.0,0.0
2010-01-04 00:00:00+09:00,567.9977070201527,572.8662587946112,567.9977070201527,571.243408203125,74500,0.0,0.0
2010-01-05 00:00:00+09:00,576.112060546875,587.4720166703345,572.8663587973151,576.112060546875,378000,0.0,0.0
2010-01-06 00:00:00+09:00,577.7348022460938,582.6033539504148,574.4891011098797,577.7348022460938,218000,0.0,0.0
2010-01-07 00:00:00+09:00,577.7349114216549,579.3577622964349,572.8663587973151,576.112060546875,161500,0.0,0.0
2010-01-08 00:00:00+09:00,582.6033271746446,582.6033271746446,572.8662242135085,574.4890747070312,282000,0.0,0.0
2010-01-12 00:00:00+09:00,567.9974994287518,582.6031494140625,559.8832494369125,582.6031494140625,262000,0.0,0.0
2010-01-13 00:00:00+09:00,574.4889931558561,589.0946455242253,574.4889931558561,579.3575439453125,316500,0.0,0.0
2010-01-14 00:00:00+09:00,579.3576127611543,579.3576127611543,571.2433604815864,572.8662109375,303500,0.0,0.0
2010-01-15 00:00:00+09:00,572.8662587946112,572.8662587946112,559.883454062722,571.243408203125,345000,0.0,0.0
2010-01-18 00:00:00+09:00,566.3748035650143,567.9976540050287,561.5062522449713,564.751953125,204500,0.0,0.0
2010-01-19 00:00:00+09:00,563.1292951716933,563.1292951716933,558.2607421875,558.2607421875,138500,0.0,0.0
2010-01-20 00:00:00+09:00,564.751953125,566.3748035650143,559.8834018049569,564.751953125,148500,0.0,0.0
2010-01-21 00:00:00+09:00,553.391953432799,566.374755859375,548.5234025228331,566.374755859375,319500,0.0,0.0
2010-01-22 00:00:00+09:00,555.0148660098805,556.6377164952895,543.6549126120175,551.7691650390625,269500,0.0,0.0
2010-01-25 00:00:00+09:00,538.78625524079,558.260457237445,537.163405074402,553.3919067382812,248500,0.0,0.0
2010-01-26 00:00:00+09:00,558.2605614505596,559.8834119198928,542.0320567572295,543.6549072265625,199000,0.0,0.0
2010-01-27 00:00:00+09:00,556.6376622517904,556.6376622517904,542.0320093064081,545.2777099609375,326500,0.0,0.0
2010-01-28 00:00:00+09:00,540.4091796875,545.2777308558558,535.5406285191441,540.4091796875,278000,0.0,0.0
2010-01-29 00:00:00+09:00,576.1118925682749,579.3575933714765,559.8833885522672,563.1290893554688,948500,0.0,0.0
2010-02-01 00:00:00+09:00,537.1634381049502,551.769090500553,529.0491867740596,550.146240234375,640500,0.0,0.0
2010-02-02 00:00:00+09:00,551.7692521301626,558.2606550963999,543.6549984223661,555.0149536132812,371000,0.0,0.0
2010-02-03 00:00:00+09:00,556.6377009249281,566.3748035650143,556.6377009249281,564.751953125,443500,0.0,0.0
2010-02-04 00:00:00+09:00,559.8832535054643,561.506103515625,546.9004534241781,561.506103515625,396500,0.0,0.0
2010-02-05 00:00:00+09:00,545.2776559063417,555.0147569046692,542.0319555735658,553.3919067382812,350500,0.0,0.0
2010-02-08 00:00:00+09:00,540.4090713226866,550.1461717068792,538.7862212586546,542.0319213867188,321500,0.0,0.0
2010-02-09 00:00:00+09:00,530.6720641722162,540.4091662671192,527.4263634739152,538.7863159179688,458000,0.0,0.0
2010-02-10 00:00:00+09:00,540.4091662671192,545.2777173145707,537.1634655688182,538.7863159179688,303000,0.0,0.0
2010-02-12 00:00:00+09:00,546.9005060727295,553.3919067382812,543.6548057399538,553.3919067382812,413500,0.0,0.0
2010-02-15 00:00:00+09:00,546.9006782831382,546.9006782831382,530.6721715091578,537.16357421875,820000,0.0,0.0
2010-02-16 00:00:00+09:00,537.1634386467211,540.4091391823508,532.2948878432766,535.5405883789062,328000,0.0,0.0
2010-02-17 00:00:00+09:00,533.9177112069965,548.523362881352,525.803460276799,546.9005126953125,551500,0.0,0.0
2010-02-18 00:00:00+09:00,540.4091119511545,548.523362881352,535.540561393036,546.9005126953125,520500,0.0,0.0
2010-02-19 00:00:00+09:00,548.5234586345615,551.7691595732276,543.6549072265625,543.6549072265625,327000,0.0,0.0
2010-02-22 00:00:00+09:00,546.9006999054848,558.2606550963999,543.6549984223661,555.0149536132812,576500,0.0,0.0
2010-02-23 00:00:00+09:00,558.2605381506664,567.9976405602711,551.7691365442633,563.1290893554688,514000,0.0,0.0
2010-02-24 00:00:00+09:00,558.2605114923008,563.1290624646173,546.900559223562,559.8833618164062,463000,0.0,0.0
2010-02-25 00:00:00+09:00,558.2605381506664,564.7519397570695,551.7691365442633,563.1290893554688,491000,0.0,0.0
2010-02-26 00:00:00+09:00,566.3747901586703,571.2433413634726,558.2605381506664,563.1290893554688,527000,0.0,0.0
2010-03-01 00:00:00+09:00,564.7519586579319,576.1119118493272,561.5062577461048,572.8662109375,254000,0.0,0.0
2010-03-02 00:00:00+09:00,566.3747901586703,566.3747901586703,556.6376877490657,563.1290893554688,475500,0.0,0.0
2010-03-03 00:00:00+09:00,556.6377009249281,564.751953125,555.0148504849137,564.751953125,365500,0.0,0.0
2010-03-04 00:00:00+09:00,559.8834018049569,566.3748035650143,558.2605513649426,564.751953125,464000,0.0,0.0
2010-03-05 00:00:00+09:00,566.3748564286666,571.243408203125,564.7520058371804,571.243408203125,314000,0.0,0.0
2010-03-08 00:00:00+09:00,574.4890613934135,577.7347623052408,571.2433604815864,572.8662109375,354000,0.0,0.0
2010-03-09 00:00:00+09:00,566.3748091138456,576.1119118493272,566.3748091138456,572.8662109375,205500,0.0,0.0
2010-03-10 00:00:00+09:00,582.6032439685259,598.8317465860335,579.3575434450244,593.9631958007812,716500,0.0,0.0
2010-03-11 00:00:00+09:00,606.9460374943163,623.1745411706349,603.7003367590526,613.4374389648438,865000,0.0,0.0
2010-03-12 00:00:00+09:00,613.4374329104181,613.4374329104181,598.8317797458843,605.3231811523438,639500,0.0,0.0
2010-03-15 00:00:00+09:00,603.7003784179688,608.5689298568233,600.4546774587324,603.7003784179688,240000,0.0,0.0
2010-03-16 00:00:00+09:00,602.077365120575,602.077365120575,598.8316650390625,598.8316650390625,203500,0.0,0.0
2010-03-17 00:00:00+09:00,597.2090882646277,611.8147453145777,597.2090882646277,610.19189453125,369500,0.0,0.0
2010-03-18 00:00:00+09:00,608.56884765625,618.30594921875,602.0774466145833,608.56884765625,546500,0.0,0.0
2010-03-19 00:00:00+09:00,615.0602281358507,628.0430297851562,608.5688273111979,628.0430297851562,890000,0.0,0.0
2010-03-23 00:00:00+09:00,619.9288807465962,621.5517312197547,611.814628380803,618.3060302734375,850500,0.0,0.0
2010-03-24 00:00:00+09:00,619.9289505450099,623.1746518567638,610.1918466097479,611.814697265625,327500,0.0,0.0
2010-03-25 00:00:00+09:00,615.060283262033,615.060283262033,602.0774804491141,605.3231811523438,467500,0.0,0.0
2010-03-26 00:00:00+09:00,606.9460315039587,608.5688818555735,597.2089293942695,605.3231811523438,1200000,0.0,0.0
2010-03-29 00:00:00+09:00,605.3231871266844,613.4374389648438,605.3231871266844,613.4374389648438,432500,0.0,0.0
2010-03-30 00:00:00+09:00,608.5688273111979,629.6658799913195,605.3231268988715,628.0430297851562,678000,0.0,0.0
2010-03-31 00:00:00+09:00,629.6658932472056,645.8943956504841,623.1744922858942,644.2715454101562,793000,0.0,0.0
2010-04-01 00:00:00+09:00,637.780286604983,641.0259878090795,624.7974817885965,639.4031372070312,631500,0.0,0.0
2010-04-02 00:00:00+09:00,644.2713762599619,645.8942260742188,637.7799770029346,645.8942260742188,236000,0.0,0.0
2010-04-05 00:00:00+09:00,642.6488516119462,649.140254153481,641.0260009765625,641.0260009765625,294500,0.0,0.0
2010-04-06 00:00:00+09:00,647.5173499065896,647.5173499065896,632.9116953974185,634.5345458984375,275000,0.0,0.0
2010-04-07 00:00:00+09:00,637.7801310221354,658.877183702257,637.7801310221354,657.2543334960938,729500,0.0,0.0
2010-04-08 00:00:00+09:00,652.385973238291,657.2545252773828,647.5174211991992,650.7631225585938,476000,0.0,0.0
2010-04-09 00:00:00+09:00,645.8945574951172,652.3859600830078,645.8945574951172,649.1402587890625,458000,0.0,0.0
2010-04-12 00:00:00+09:00,655.6314832899305,660.5000339084202,654.0086330837673,657.2543334960938,194500,0.0,0.0
2010-04-13 00:00:00+09:00,658.8773579657832,660.500208601167,637.7802997057951,641.0260009765625,506000,0.0,0.0
2010-04-14 00:00:00+09:00,639.4030628155813,641.0259132288188,629.6659603361562,637.7802124023438,452500,0.0,0.0
2010-04-15 00:00:00+09:00,642.6488647460938,652.3859687573982,641.026014077543,642.6488647460938,238500,0.0,0.0
2010-04-16 00:00:00+09:00,641.0260449093228,641.0260449093228,631.2889404296875,631.2889404296875,272000,0.0,0.0
2010-04-19 00:00:00+09:00,618.3060302734375,623.1745816929134,618.3060302734375,618.3060302734375,386500,0.0,0.0
2010-04-20 00:00:00+09:00,624.7973915382668,628.0430922735305,611.8145885972119,613.4374389648438,540000,0.0,0.0
2010-04-21 00:00:00+09:00,624.797537443264,634.5346419228993,621.5518359500521,631.2889404296875,567500,0.0,0.0
2010-04-22 00:00:00+09:00,631.2888395477453,631.2888395477453,618.3060356495912,626.4202880859375,423500,0.0,0.0
2010-04-23 00:00:00+09:00,624.7974900465745,632.9117431640625,621.5517887995793,632.9117431640625,291500,0.0,0.0
2010-04-26 00:00:00+09:00,645.8945574951172,652.3859600830078,642.6488562011718,649.1402587890625,433500,0.0,0.0
2010-04-27 00:00:00+09:00,650.7631269182477,660.5002310616629,649.1402762276786,658.8773803710938,378000,0.0,0.0
2010-04-28 00:00:00+09:00,645.8944994055706,649.1402004076087,634.5345458984375,634.5345458984375,579000,0.0,0.0
2010-04-30 00:00:00+09:00,676.728594885932,704.3170507925528,671.8600438435872,701.0713500976562,2035000,0.0,0.0
2010-05-06 00:00:00+09:00,692.957017198741,697.8255676708633,676.728515625,676.728515625,872500,0.0,0.0
2010-05-07 00:00:00+09:00,655.6315172824907,662.1229184437035,641.0258646697619,654.0086669921875,562000,0.0,0.0
2010-05-10 00:00:00+09:00,663.7459366383272,691.3343985523898,663.7459366383272,689.7115478515625,731500,0.0,0.0
2010-05-11 00:00:00+09:00,697.8255745285071,699.4484247018291,668.6142714087091,670.2371215820312,435000,0.0,0.0
2010-05-12 00:00:00+09:00,678.3515068036163,688.0886097720893,675.1058058141253,686.4657592773438,522500,0.0,0.0
2010-05-13 00:00:00+09:00,694.5799619749567,707.562765002526,688.088560461172,702.6942138671875,642500,0.0,0.0
2010-05-14 00:00:00+09:00,692.9570176388736,697.8255681140882,681.5970665300396,691.3341674804688,512000,0.0,0.0
2010-05-17 00:00:00+09:00,678.3513861762152,686.4656372070312,662.1228841145834,671.8599853515625,981000,0.0,0.0
2010-05-18 00:00:00+09:00,668.6144625563493,676.7287157427128,655.6316574581678,663.7459106445312,513000,0.0,0.0
2010-05-19 00:00:00+09:00,652.3858642578125,654.008714666414,631.2888089459927,652.3858642578125,500000,0.0,0.0
2010-05-20 00:00:00+09:00,650.762966411581,660.5000681534002,642.6487149600651,654.0086669921875,408000,0.0,0.0
2010-05-21 00:00:00+09:00,641.026014077543,644.2717154146445,631.2889100662386,642.6488647460938,492000,0.0,0.0
2010-05-24 00:00:00+09:00,645.8944644685313,645.8944644685313,628.0431099229187,637.7802124023438,369000,0.0,0.0
2010-05-25 00:00:00+09:00,628.0430507812499,629.6659010416666,605.3231471354167,608.56884765625,554000,0.0,0.0
2010-05-26 00:00:00+09:00,606.9459228515625,618.3058732792655,598.8316725460603,606.9459228515625,669500,0.0,0.0
2010-05-27 00:00:00+09:00,597.2090668288258,621.5518277050008,593.9633653786692,615.0604248046875,411000,0.0,0.0
2010-05-28 00:00:00+09:00,626.4203752340729,632.9117780862396,624.7975245210314,629.6660766601562,374000,0.0,0.0
2010-05-31 00:00:00+09:00,621.5514788603663,647.5170758884756,616.6829294175958,645.8942260742188,761000,0.0,0.0
2010-06-01 00:00:00+09:00,645.8944644685313,650.7630157082439,634.5345115758687,637.7802124023438,397500,0.0,0.0
2010-06-02 00:00:00+09:00,631.2887974953164,649.1401516661351,629.6659471161511,636.1573486328125,312500,0.0,0.0
2010-06-03 00:00:00+09:00,647.5172123628504,663.7457139258291,641.025811737659,662.1228637695312,407000,0.0,0.0
2010-06-04 00:00:00+09:00,660.5002093699859,668.6144625563493,658.8773587327132,663.7459106445312,492500,0.0,0.0
2010-06-07 00:00:00+09:00,645.8945574951172,652.3859600830078,641.0260055541992,649.1402587890625,364500,0.0,0.0
2010-06-08 00:00:00+09:00,642.6488691601076,658.87737595708,642.6488691601076,650.7631225585938,513000,0.0,0.0
2010-06-09 00:00:00+09:00,650.7630403726408,662.122993695854,649.140189897896,655.631591796875,509500,0.0,0.0
2010-06-10 00:00:00+09:00,649.1402587890625,652.3859600830078,639.4031549072265,649.1402587890625,635000,0.0,0.0
2010-06-11 00:00:00+09:00,662.1228707154206,671.8599717553533,658.8771703687764,670.2371215820312,480500,0.0,0.0
2010-06-14 00:00:00+09:00,678.3513730219511,714.0540768652118,676.7285228472575,699.4484252929688,631500,0.0,0.0
2010-06-15 00:00:00+09:00,689.7113173220639,697.8255681140882,689.7113173220639,691.3341674804688,317000,0.0,0.0
2010-06-16 00:00:00+09:00,699.4485789956567,714.0542337774685,694.5800274017195,710.8085327148438,533000,0.0,0.0
2010-06-17 00:00:00+09:00,710.8085327148438,712.4313832461562,704.3171305895941,710.8085327148438,379000,0.0,0.0
2010-06-18 00:00:00+09:00,710.8085590709339,723.7913638028232,705.9400072964755,714.0542602539062,1058500,0.0,0.0
2010-06-21 00:00:00+09:00,722.1683213517473,733.5282724741343,717.2997708707243,720.5454711914062,515500,0.0,0.0
2010-06-22 00:00:00+09:00,710.8085721593325,718.9228252661742,705.9400202952274,715.6771240234375,303500,0.0,0.0
2010-06-23 00:00:00+09:00,702.6942272274175,707.5627784553211,699.4485264088152,704.3170776367188,286000,0.0,0.0
2010-06-24 00:00:00+09:00,702.6942004451045,710.8084521823458,701.0713500976562,701.0713500976562,249500,0.0,0.0
2010-06-25 00:00:00+09:00,683.2200662617466,684.8429167754325,670.2372621522599,679.974365234375,545000,0.0,0.0
2010-06-28 00:00:00+09:00,679.5670804860258,679.5670804860258,638.8256488022113,663.2705078125,570000,3.5,0.0
2010-06-29 00:00:00+09:00,660.010990928765,661.6406476964903,648.6033935546875,648.6033935546875,308500,0.0,0.0
2010-06-30 00:00:00+09:00,635.5661149458452,651.8626819957386,629.0474881258879,645.3440551757812,529500,0.0,0.0
2010-07-01 00:00:00+09:00,637.1958240479154,640.4551377259098,620.8992556579431,624.1585693359375,418500,0.0,0.0
2010-07-02 00:00:00+09:00,633.9364804926607,640.4551075414284,625.788196681701,632.3068237304688,256000,0.0,0.0
2010-07-05 00:00:00+09:00,637.1957827198263,643.7144096530214,633.9364692532287,638.825439453125,203500,0.0,0.0
2010-07-06 00:00:00+09:00,627.4179442116929,642.084857193265,617.6400022239782,640.4552001953125,404500,0.0,0.0
2010-07-07 00:00:00+09:00,630.6771557866311,640.4550961864238,624.1585288534359,638.825439453125,382000,0.0,0.0
2010-07-08 00:00:00+09:00,650.2330503224129,661.6406476964903,645.3440800192368,648.6033935546875,513000,0.0,0.0
2010-07-09 00:00:00+09:00,648.60336858576,653.492338700728,638.8254283558239,645.3440551757812,289000,0.0,0.0
2010-07-12 00:00:00+09:00,645.3440980695057,655.1220389493467,643.7144412561988,646.9737548828125,341500,0.0,0.0
2010-07-13 00:00:00+09:00,653.4923570077631,658.3813272596915,642.0847597532635,643.7144165039062,389500,0.0,0.0
2010-07-14 00:00:00+09:00,653.4923593026621,664.8999565972222,650.2330457899305,660.010986328125,165500,0.0,0.0
2010-07-15 00:00:00+09:00,664.900048828125,664.900048828125,650.2331359863281,651.86279296875,200500,0.0,0.0
2010-07-16 00:00:00+09:00,645.3440778280042,664.8999589743073,629.0475102060849,632.3068237304688,509500,0.0,0.0
2010-07-21 00:00:00+09:00,643.7143772332244,643.7143772332244,619.269527464874,630.6771240234375,372500,0.0,0.0
2010-07-22 00:00:00+09:00,627.417778294748,630.6770914287467,620.8991520267506,622.52880859375,212500,0.0,0.0
2010-07-23 00:00:00+09:00,638.8253742637435,638.8253742637435,620.8991520267506,622.52880859375,312500,0.0,0.0
2010-07-26 00:00:00+09:00,633.9366455078125,637.1959598806033,630.6773311350216,633.9366455078125,157000,0.0,0.0
2010-07-27 00:00:00+09:00,642.0847597532635,650.2330435064774,638.8254462519778,643.7144165039062,413000,0.0,0.0
2010-07-28 00:00:00+09:00,646.9737795110334,658.381377638432,645.3441226356907,650.2330932617188,456000,0.0,0.0
2010-07-29 00:00:00+09:00,643.7144412561988,648.6034116961193,642.084784442892,646.9737548828125,574000,0.0,0.0
2010-07-30 00:00:00+09:00,643.7144514039043,645.3441082429015,622.5289124969403,624.1585693359375,811000,0.0,0.0
2010-08-02 00:00:00+09:00,627.4178830139319,638.8254808869126,622.5289124969403,624.1585693359375,543000,0.0,0.0
2010-08-03 00:00:00+09:00,632.3068169135552,633.9364736581778,622.5288764458198,627.4178466796875,279500,0.0,0.0
2010-08-04 00:00:00+09:00,624.1585492628781,624.1585492628781,609.4916381835938,609.4916381835938,344000,0.0,0.0
2010-08-05 00:00:00+09:00,624.158574530419,624.158574530419,611.1213197099402,612.7509765625,389500,0.0,0.0
2010-08-06 00:00:00+09:00,602.9731842601706,622.5290713172573,602.9731842601706,620.8994140625,449500,0.0,0.0
2010-08-09 00:00:00+09:00,611.1213197099402,616.0102902676197,609.4916628573803,612.7509765625,174000,0.0,0.0
2010-08-10 00:00:00+09:00,611.1212882070207,614.3806017441249,602.9730043642604,604.6026611328125,264500,0.0,0.0
2010-08-11 00:00:00+09:00,593.1951167783258,594.824773692552,581.7875183787426,583.4171752929688,356000,0.0,0.0
2010-08-12 00:00:00+09:00,565.4909609347413,581.7875304141287,562.2316470388639,576.8985595703125,329000,0.0,0.0
2010-08-13 00:00:00+09:00,572.0096675883609,580.157953451443,565.4910388978952,575.2689819335938,438000,0.0,0.0
2010-08-16 00:00:00+09:00,573.6393432617188,581.7876293875954,563.8613999106667,573.6393432617188,290500,0.0,0.0
2010-08-17 00:00:00+09:00,563.8613340711183,573.6392762804442,562.2316770362307,568.7503051757812,168500,0.0,0.0
2010-08-18 00:00:00+09:00,568.7502559938292,572.0095697817595,555.7130008421083,562.2316284179688,377000,0.0,0.0
2010-08-19 00:00:00+09:00,560.6019897460938,563.8613036399664,557.3426758522212,560.6019897460938,403500,0.0,0.0
2010-08-20 00:00:00+09:00,554.0833179370777,554.0833179370777,541.0460633973818,542.6757202148438,442500,0.0,0.0
2010-08-23 00:00:00+09:00,537.7868467947508,542.6758181292485,536.1571896832514,539.41650390625,342500,0.0,0.0
2010-08-24 00:00:00+09:00,526.3790821075439,531.2680519104005,519.8604557037354,521.4901123046875,452500,0.0,0.0
2010-08-25 00:00:00+09:00,516.6011782472239,524.7494618157921,513.3418648197966,518.2308349609375,530000,0.0,0.0
2010-08-26 00:00:00+09:00,523.1197940044522,529.6384207210185,518.2308239670274,524.7494506835938,345000,0.0,0.0
2010-08-27 00:00:00+09:00,518.2309614567598,539.41650390625,518.2309614567598,539.41650390625,400000,0.0,0.0
2010-08-30 00:00:00+09:00,550.8240227756729,555.712993392025,536.1571109266166,541.0460815429688,377000,0.0,0.0
2010-08-31 00:00:00+09:00,528.0087752432194,529.638431956933,516.6011782472239,518.2308349609375,347500,0.0,0.0
2010-09-01 00:00:00+09:00,521.4901552764798,524.7494687469577,514.9715283355238,523.1198120117188,305000,0.0,0.0
2010-09-02 00:00:00+09:00,531.2681824297358,534.5274964323722,521.4902404218266,526.3792114257812,447000,0.0,0.0
2010-09-03 00:00:00+09:00,528.008874436829,536.1571595361628,524.7495603970955,531.2681884765625,218500,0.0,0.0
2010-09-06 00:00:00+09:00,536.1570929449957,542.6757202148438,531.2681224926098,542.6757202148438,230000,0.0,0.0
2010-09-07 00:00:00+09:00,542.6758181292485,549.1944465752455,536.1571896832514,539.41650390625,323500,0.0,0.0
2010-09-08 00:00:00+09:00,532.8978394310541,534.5274964323722,526.3792114257812,526.3792114257812,180000,0.0,0.0
2010-09-09 00:00:00+09:00,531.2681884765625,534.5275025162961,529.6385314566958,531.2681884765625,224500,0.0,0.0
2010-09-10 00:00:00+09:00,528.0088504631362,547.5647338136228,526.3791935172624,544.305419921875,519500,0.0,0.0
2010-09-13 00:00:00+09:00,554.0833430503731,554.0833430503731,539.4164310284515,545.93505859375,351500,0.0,0.0
2010-09-14 00:00:00+09:00,550.8240477053705,558.9723324347399,541.0461060301272,544.305419921875,308500,0.0,0.0
2010-09-16 00:00:00+09:00,554.0833982947277,558.9723694561518,549.1944271333036,557.3427124023438,294500,0.0,0.0
2010-09-17 00:00:00+09:00,558.9722786059641,567.1205625506575,558.9722786059641,565.4909057617188,196500,0.0,0.0
2010-09-21 00:00:00+09:00,575.2690004868941,583.4172866127708,570.3800288113681,573.6393432617188,444000,0.0,0.0
2010-09-22 00:00:00+09:00,568.7502376137442,568.7502376137442,560.6019534072435,563.8612670898438,297500,0.0,0.0
2010-09-24 00:00:00+09:00,563.8612284462833,565.4908851758969,550.823974609375,550.823974609375,426500,0.0,0.0
2010-09-27 00:00:00+09:00,547.5647700794956,560.6020265099597,544.3054559718796,557.3427124023438,370000,0.0,0.0
2010-09-28 00:00:00+09:00,555.7129472754467,568.7502011704719,552.4536338016904,567.1205444335938,340000,0.0,0.0
2010-09-29 00:00:00+09:00,568.7502568634463,580.1578551386444,563.8612861740758,578.5281982421875,489000,0.0,0.0
2010-09-30 00:00:00+09:00,580.157953451443,585.0469249692923,573.6393247609773,575.2689819335938,361000,0.0,0.0
2010-10-01 00:00:00+09:00,563.8613592690386,568.7503305921806,554.0834166227547,555.7130737304688,453500,0.0,0.0
2010-10-04 00:00:00+09:00,557.3426015278292,562.2315717166698,549.1943178797615,550.823974609375,214000,0.0,0.0
2010-10-05 00:00:00+09:00,547.5645827571902,560.6018347275996,544.3052697645879,552.4535522460938,369500,0.0,0.0
2010-10-06 00:00:00+09:00,558.9723694561518,562.2316835637678,552.4537412409196,557.3427124023438,497000,0.0,0.0
2010-10-07 00:00:00+09:00,555.7130248298985,563.8613096514513,545.9350830440352,549.1943969726562,419500,0.0,0.0
2010-10-08 00:00:00+09:00,544.305419921875,550.8240477053705,541.0461060301272,544.305419921875,557000,0.0,0.0
2010-10-12 00:00:00+09:00,547.5647090314383,552.4536796477903,539.4164246708514,541.0460815429688,407000,0.0,0.0
2010-10-13 00:00:00+09:00,549.1944271333036,562.2316835637678,547.5647700794956,557.3427124023438,572500,0.0,0.0
2010-10-14 00:00:00+09:00,570.3799137599032,580.1578551386444,570.3799137599032,578.5281982421875,664500,0.0,0.0
2010-10-15 00:00:00+09:00,573.6392578125,573.6392578125,568.7502868652343,570.3799438476562,342000,0.0,0.0
2010-10-18 00:00:00+09:00,572.0096675883609,581.7876106240594,570.3800104157446,575.2689819335938,200500,0.0,0.0
2010-10-19 00:00:00+09:00,576.8985413457307,586.6764827244718,573.6392275528169,578.5281982421875,265000,0.0,0.0
2010-10-20 00:00:00+09:00,565.4909729003906,573.6392578125,560.602001953125,570.3799438476562,392000,0.0,0.0
2010-10-21 00:00:00+09:00,563.8612853119339,572.0095697817595,558.9723146300385,562.2316284179688,354000,0.0,0.0
2010-10-22 00:00:00+09:00,558.9723629664555,572.0096192455565,558.9723629664555,568.7503051757812,194500,0.0,0.0
2010-10-25 00:00:00+09:00,565.490991106006,570.3799622106689,563.8613340711183,568.7503051757812,252500,0.0,0.0
2010-10-26 00:00:00+09:00,558.9723694561518,565.4909976713839,557.3427124023438,557.3427124023438,352500,0.0,0.0
2010-10-27 00:00:00+09:00,558.972260749203,568.7502011704719,554.0832905385686,567.1205444335938,468500,0.0,0.0
2010-10-28 00:00:00+09:00,580.1578857421874,589.9358276367187,570.3799438476562,570.3799438476562,1213500,0.0,0.0
2010-10-29 00:00:00+09:00,580.157953451443,580.157953451443,570.3800104157446,575.2689819335938,452000,0.0,0.0
2010-11-01 00:00:00+09:00,575.2690004868941,583.4172866127708,570.3800288113681,573.6393432617188,454000,0.0,0.0
2010-11-02 00:00:00+09:00,575.2689819335938,576.8986391062101,572.0096675883609,575.2689819335938,222000,0.0,0.0
2010-11-04 00:00:00+09:00,580.1578551386444,586.6764827244718,573.6392275528169,578.5281982421875,482500,0.0,0.0
2010-11-05 00:00:00+09:00,581.7875066093318,591.5654478968836,581.7875066093318,589.935791015625,318000,0.0,0.0
2010-11-08 00:00:00+09:00,594.8246639377468,596.4543205512749,586.6763808701064,593.1950073242188,343500,0.0,0.0
2010-11-09 00:00:00+09:00,591.5654311601982,609.4916563468709,591.5654311601982,607.8619995117188,504000,0.0,0.0
2010-11-10 00:00:00+09:00,602.9730043642604,609.4916314384687,601.3433475957085,604.6026611328125,240000,0.0,0.0
2010-11-11 00:00:00+09:00,601.3433475957085,604.6026611328125,598.0840340586043,604.6026611328125,376000,0.0,0.0
2010-11-12 00:00:00+09:00,596.4543705815854,604.6026543326999,596.4543705815854,599.7136840820312,283000,0.0,0.0
2010-11-15 00:00:00+09:00,601.3433956616545,602.9730525604666,593.1951111675942,594.8247680664062,294500,0.0,0.0
2010-11-16 00:00:00+09:00,601.3435325728228,601.3435325728228,586.6766171442174,588.3062744140625,327000,0.0,0.0
2010-11-17 00:00:00+09:00,581.787477415329,599.7137022096389,581.787477415329,598.0840454101562,249500,0.0,0.0
2010-11-18 00:00:00+09:00,593.1950637529482,607.8619746699167,591.5654069843961,604.6026611328125,455000,0.0,0.0
2010-11-19 00:00:00+09:00,606.2323294075698,607.8619862070525,594.8247318111908,598.0840454101562,279500,0.0,0.0
2010-11-22 00:00:00+09:00,599.7136840820312,602.972997582477,598.0840273318083,599.7136840820312,165500,0.0,0.0
2010-11-24 00:00:00+09:00,591.5654542687821,596.4544249652183,586.6764835723459,594.8247680664062,174500,0.0,0.0
2010-11-25 00:00:00+09:00,594.8246281524825,601.3432542144275,593.1949716369962,596.4542846679688,187500,0.0,0.0
2010-11-26 00:00:00+09:00,601.3432903918591,602.9729470053871,593.1950073242188,593.1950073242188,152000,0.0,0.0
2010-11-29 00:00:00+09:00,593.1951111675942,601.3433956616545,593.1951111675942,594.8247680664062,158000,0.0,0.0
2010-11-30 00:00:00+09:00,596.4545607632878,599.7138753029778,588.3062744140625,588.3062744140625,358000,0.0,0.0
2010-12-01 00:00:00+09:00,589.935791015625,591.5654478968836,585.0468203718491,589.935791015625,195500,0.0,0.0
2010-12-02 00:00:00+09:00,599.7137457630622,619.269628777075,596.4544319273933,616.0103149414062,674500,0.0,0.0
2010-12-03 00:00:00+09:00,622.5289611006922,630.6772459318531,611.1213623370669,614.3806762695312,737500,0.0,0.0
2010-12-06 00:00:00+09:00,619.2696533203125,625.78828125,619.2696533203125,619.2696533203125,292000,0.0,0.0
2010-12-07 00:00:00+09:00,616.0103149414062,616.0103149414062,606.2323734343997,616.0103149414062,338500,0.0,0.0
2010-12-08 00:00:00+09:00,624.1584974185441,632.3067806746609,622.5288407673207,630.6771240234375,627000,0.0,0.0
2010-12-09 00:00:00+09:00,632.3068169135552,637.1957871474228,627.4178466796875,627.4178466796875,401500,0.0,0.0
2010-12-10 00:00:00+09:00,632.3068237304688,633.9364804926607,629.0475102060849,632.3068237304688,464000,0.0,0.0
2010-12-13 00:00:00+09:00,630.6772582075978,643.7145141912174,629.0476012096453,640.4552001953125,381000,0.0,0.0
2010-12-14 00:00:00+09:00,642.084784442892,651.862725322733,640.4551276295851,646.9737548828125,263000,0.0,0.0
2010-12-15 00:00:00+09:00,648.6034363863761,650.2330932617188,645.3441226356907,650.2330932617188,227000,0.0,0.0
2010-12-16 00:00:00+09:00,645.3440551757812,650.2330252907493,643.7143984707919,645.3440551757812,425500,0.0,0.0
2010-12-17 00:00:00+09:00,637.1959598806033,640.4552742533941,632.3069883214171,633.9366455078125,636000,0.0,0.0
2010-12-20 00:00:00+09:00,630.6773575910433,635.566329355315,619.2697568077429,620.8994140625,908000,0.0,0.0
2010-12-21 00:00:00+09:00,622.5289124969403,629.0475398529292,620.8992556579431,624.1585693359375,428500,0.0,0.0
2010-12-22 00:00:00+09:00,624.1584651607493,629.0474348617473,620.8991520267506,622.52880859375,438000,0.0,0.0
2010-12-24 00:00:00+09:00,620.8992673526653,622.5289242223574,614.3806398738972,617.6399536132812,277500,0.0,0.0
2010-12-27 00:00:00+09:00,612.7510253906249,622.5289672851562,612.7510253906249,619.2696533203125,209000,0.0,0.0
2010-12-28 00:00:00+09:00,620.500732421875,622.1422687510334,618.8591960927166,620.500732421875,124000,5.5,0.0
2010-12-29 00:00:00+09:00,620.5008660263902,628.7085494394377,618.8593293437807,625.4254760742188,224000,0.0,0.0
2010-12-30 00:00:00+09:00,625.4254722193668,627.0670088918586,618.8593255293997,623.783935546875,164000,0.0,0.0
2011-01-04 00:00:00+09:00,631.9914635946585,650.0483625545058,631.9914635946585,635.2745361328125,605000,0.0,0.0
2011-01-05 00:00:00+09:00,635.2745571525729,643.4822387695312,633.6330208291813,643.4822387695312,404000,0.0,0.0
2011-01-06 00:00:00+09:00,648.4068477397062,651.6899203864896,641.8407024461396,643.4822387695312,739500,0.0,0.0
2011-01-07 00:00:00+09:00,645.1237750929229,651.6899203864896,641.8407024461396,643.4822387695312,677500,0.0,0.0
2011-01-11 00:00:00+09:00,646.7653322772355,669.7468415459698,645.1237959008973,651.68994140625,1022500,0.0,0.0
2011-01-12 00:00:00+09:00,661.5391020655034,663.1806382989165,651.6898846650244,653.3314208984375,374500,0.0,0.0
2011-01-13 00:00:00+09:00,658.2562179374218,659.8977546405075,653.3316078281642,654.97314453125,371500,0.0,0.0
2011-01-14 00:00:00+09:00,653.3314208984375,656.6144933652638,653.3314208984375,653.3314208984375,353000,0.0,0.0
2011-01-17 00:00:00+09:00,656.6144803204114,658.2560165212125,648.4067993164062,648.4067993164062,176000,0.0,0.0
2011-01-18 00:00:00+09:00,645.123924312735,656.6146812343359,645.123924312735,654.97314453125,364500,0.0,0.0
2011-01-19 00:00:00+09:00,653.3316154194592,659.897762308097,651.6900786972998,658.2562255859375,429000,0.0,0.0
2011-01-20 00:00:00+09:00,654.9730015478764,656.6145378926078,646.7653198242188,646.7653198242188,381500,0.0,0.0
2011-01-21 00:00:00+09:00,645.1238696606127,645.1238696606127,631.9915771484375,631.9915771484375,457500,0.0,0.0
2011-01-24 00:00:00+09:00,631.9915364583334,640.19921875,627.0669270833333,640.19921875,263500,0.0,0.0
2011-01-25 00:00:00+09:00,641.8407231482211,653.3314777825882,640.1991867718829,651.68994140625,373500,0.0,0.0
2011-01-26 00:00:00+09:00,648.4068561689503,653.3314652031448,646.7653198242188,646.7653198242188,203000,0.0,0.0
2011-01-27 00:00:00+09:00,646.7654610158208,656.6146812343359,646.7654610158208,654.97314453125,439000,0.0,0.0
2011-01-28 00:00:00+09:00,656.6144933652638,659.8975658320901,650.0483484316112,653.3314208984375,333000,0.0,0.0
2011-01-31 00:00:00+09:00,659.8975565096227,677.954454822075,656.6144840891768,673.0298461914062,1328000,0.0,0.0
2011-02-01 00:00:00+09:00,673.0299437872254,674.6714802354869,659.8976522011332,663.1807250976562,633000,0.0,0.0
2011-02-02 00:00:00+09:00,663.1808546846136,676.3131488367842,663.1808546846136,666.4639282226562,474000,0.0,0.0
2011-02-03 00:00:00+09:00,664.8222817418628,671.388427734375,661.5392087456066,671.388427734375,308500,0.0,0.0
2011-02-04 00:00:00+09:00,674.6715775090325,679.596187563843,669.7469674542222,677.9546508789062,506000,0.0,0.0
2011-02-07 00:00:00+09:00,689.4452344454252,694.3698432628926,681.2375530829796,682.8790893554688,407000,0.0,0.0
2011-02-08 00:00:00+09:00,682.8790893554688,694.3698432628926,681.2375530829796,682.8790893554688,519000,0.0,0.0
2011-02-09 00:00:00+09:00,682.8791462725903,686.1622190912085,676.3130006353539,681.2376098632812,233500,0.0,0.0
2011-02-10 00:00:00+09:00,674.6715363862983,691.0869022351133,669.7469266316538,686.1622924804688,463500,0.0,0.0
2011-02-14 00:00:00+09:00,692.7283112962755,697.6529201443533,681.2375573174273,684.5206298828125,1248500,0.0,0.0
2011-02-15 00:00:00+09:00,684.5206826818994,686.1622190912085,668.1053185888084,681.2376098632812,1359000,0.0,0.0
2011-02-16 00:00:00+09:00,681.2376057352997,682.8791421346618,673.0299237384888,679.5960693359375,964500,0.0,0.0
2011-02-17 00:00:00+09:00,679.5960168104906,686.162161900447,676.3129442655123,682.8790893554688,797000,0.0,0.0
2011-02-18 00:00:00+09:00,686.1621267309686,694.3698076727266,681.2375181659138,692.728271484375,1032500,0.0,0.0
2011-02-21 00:00:00+09:00,694.3698432628926,696.0113795353816,677.9544805380015,682.8790893554688,848500,0.0,0.0
2011-02-22 00:00:00+09:00,676.3130372287592,679.5961102250153,668.1053547381189,671.388427734375,563500,0.0,0.0
2011-02-23 00:00:00+09:00,661.5392456054688,674.6715383222025,659.897709015877,661.5392456054688,687000,0.0,0.0
2011-02-24 00:00:00+09:00,659.8975658320901,664.8221745323297,650.0483484316112,653.3314208984375,711500,0.0,0.0
2011-02-25 00:00:00+09:00,653.3315064080871,664.8222615459177,650.048433511564,663.1807250976562,854500,0.0,0.0
2011-02-28 00:00:00+09:00,664.8223168770093,687.8038290653502,664.8223168770093,686.1622924804688,724000,0.0,0.0
2011-03-01 00:00:00+09:00,684.5205948200631,697.6528844089373,682.879058621454,694.3698120117188,816000,0.0,0.0
2011-03-02 00:00:00+09:00,686.1623610723586,714.0684858049665,684.5208243233817,689.4454345703125,1218000,0.0,0.0
2011-03-03 00:00:00+09:00,694.3698249064701,705.8605785101232,689.4452162191901,699.29443359375,755500,0.0,0.0
2011-03-04 00:00:00+09:00,705.8607554885576,709.1438287698998,694.3699990038602,696.0115356445312,557000,0.0,0.0
2011-03-07 00:00:00+09:00,699.2945676150022,707.5022503334882,687.8038118091218,704.2191772460938,771500,0.0,0.0
2011-03-08 00:00:00+09:00,704.2189285420926,709.1435364339953,699.2943206501898,702.577392578125,798500,0.0,0.0
2011-03-09 00:00:00+09:00,709.1436373712814,717.351318359375,705.8605649760441,717.351318359375,746500,0.0,0.0
2011-03-10 00:00:00+09:00,709.1437868771853,715.7099330519741,704.2191772460938,704.2191772460938,652000,0.0,0.0
2011-03-11 00:00:00+09:00,705.8605785101232,709.1436509683098,697.6528973646566,699.29443359375,797000,0.0,0.0
2011-03-14 00:00:00+09:00,659.8976987368101,664.8223084288758,630.3500405844155,631.9915771484375,902500,0.0,0.0
2011-03-15 00:00:00+09:00,533.4993327322181,541.7070147742523,525.291650690184,535.140869140625,1282500,0.0,0.0
2011-03-16 00:00:00+09:00,548.2732153664173,589.3116296902509,548.2732153664173,582.7454833984375,1218000,0.0,0.0
2011-03-17 00:00:00+09:00,543.3484715053014,590.9530203683036,538.4238630022321,574.5376586914062,1550500,0.0,0.0
2011-03-18 00:00:00+09:00,576.1793006734645,635.2746135630506,576.1793006734645,617.2177124023438,1200500,0.0,0.0
2011-03-22 00:00:00+09:00,650.0483355172073,658.2560165212125,636.9160459107991,648.4067993164062,652500,0.0,0.0
2011-03-23 00:00:00+09:00,654.973087463379,668.1053799438477,648.4069412231446,656.6146240234375,657500,0.0,0.0
2011-03-24 00:00:00+09:00,658.2561357493505,684.5207197193995,658.2561357493505,671.388427734375,832000,0.0,0.0
2011-03-25 00:00:00+09:00,684.520678534024,684.520678534024,669.7468509397645,679.5960693359375,549000,0.0,0.0
2011-03-28 00:00:00+09:00,681.2377203783943,681.2377203783943,666.463890297899,676.3131103515625,370500,0.0,0.0
2011-03-29 00:00:00+09:00,674.6714079930232,692.7283069904034,663.1806540855995,682.8790893554688,512000,0.0,0.0
2011-03-30 00:00:00+09:00,684.5206242051236,707.502131972202,682.8790879360465,705.860595703125,635000,0.0,0.0
2011-03-31 00:00:00+09:00,705.8607137897909,707.5022503334882,696.0114945276079,704.2191772460938,544500,0.0,0.0
2011-04-01 00:00:00+09:00,705.8606770833334,730.4837239583334,692.7283854166667,714.068359375,1014500,0.0,0.0
2011-04-04 00:00:00+09:00,714.0681443258981,727.2004320376387,696.0112487222547,702.577392578125,707000,0.0,0.0
2011-04-05 00:00:00+09:00,702.5774221533551,702.5774221533551,682.8789897565321,691.086669921875,705500,0.0,0.0
2011-04-06 00:00:00+09:00,702.5776583292838,710.7853412536913,684.5207558955873,686.1622924804688,569000,0.0,0.0
2011-04-07 00:00:00+09:00,687.8037555005177,696.0114375470632,679.5960734539722,681.2376098632812,310000,0.0,0.0
2011-04-08 00:00:00+09:00,677.954537044663,687.8037555005177,666.4637821794993,681.2376098632812,534500,0.0,0.0
2011-04-11 00:00:00+09:00,673.0299278167356,686.1622190912085,673.0299278167356,681.2376098632812,254500,0.0,0.0
2011-04-12 00:00:00+09:00,669.7468708907023,671.3884073389638,658.2561157528717,663.1807250976562,744500,0.0,0.0
2011-04-13 00:00:00+09:00,674.671460137851,684.520678534024,671.3883873391267,679.5960693359375,626500,0.0,0.0
2011-04-14 00:00:00+09:00,679.5959819775622,692.728271484375,674.6713734125074,692.728271484375,589000,0.0,0.0
2011-04-15 00:00:00+09:00,694.3698249064701,700.9359698228433,682.8790713028169,699.29443359375,568000,0.0,0.0
2011-04-18 00:00:00+09:00,691.086669921875,697.6528140541493,686.1620618226692,691.086669921875,332000,0.0,0.0
2011-04-19 00:00:00+09:00,686.162161900447,691.0867707179143,679.5960168104906,682.8790893554688,240500,0.0,0.0
2011-04-20 00:00:00+09:00,684.5206256279579,687.803698172936,681.2375530829796,682.8790893554688,397500,0.0,0.0
2011-04-21 00:00:00+09:00,689.4452387308903,689.4452387308903,681.2375573174273,684.5206298828125,250500,0.0,0.0
2011-04-22 00:00:00+09:00,673.0298759039644,686.162166165505,669.7468033385791,684.5206298828125,304500,0.0,0.0
2011-04-25 00:00:00+09:00,684.5206298828125,687.8037024481977,679.5960210347347,684.5206298828125,224500,0.0,0.0
2011-04-26 00:00:00+09:00,686.1622149333862,686.1622149333862,673.0299237384888,679.5960693359375,519500,0.0,0.0
2011-04-27 00:00:00+09:00,679.5962140764509,692.7285080682664,676.313140578497,689.4454345703125,549500,0.0,0.0
2011-04-28 00:00:00+09:00,697.6529392627401,715.7098388671875,689.445257624355,715.7098388671875,594000,0.0,0.0
2011-05-02 00:00:00+09:00,704.2191244244852,707.502197265625,692.728369480496,707.502197265625,614000,0.0,0.0
2011-05-06 00:00:00+09:00,694.3698249064701,702.5775060519366,689.4452162191901,699.29443359375,295000,0.0,0.0
2011-05-09 00:00:00+09:00,692.7282059549435,699.2943500872179,686.1620618226692,691.086669921875,407000,0.0,0.0
2011-05-10 00:00:00+09:00,694.3699579839106,707.5022503334882,692.7284214402134,704.2191772460938,350500,0.0,0.0
2011-05-11 00:00:00+09:00,714.06824639503,714.06824639503,692.7282758131095,694.3698120117188,473000,0.0,0.0
2011-05-12 00:00:00+09:00,687.8038978213356,696.0115815662202,686.1623610723586,689.4454345703125,306000,0.0,0.0
2011-05-13 00:00:00+09:00,689.4454037564473,691.0869404320579,664.8223536222885,676.3131103515625,544000,0.0,0.0
2011-05-16 00:00:00+09:00,666.4638433837891,669.7469165039063,654.973087463379,656.6146240234375,393000,0.0,0.0
2011-05-17 00:00:00+09:00,648.4068686535737,656.6145505352645,645.1237959008973,651.68994140625,382000,0.0,0.0
2011-05-18 00:00:00+09:00,648.4069412231446,659.8976971435548,646.765404663086,656.6146240234375,327000,0.0,0.0
2011-05-19 00:00:00+09:00,664.8224559287181,669.7470667133753,663.1809190004991,668.1055297851562,357500,0.0,0.0
2011-05-20 00:00:00+09:00,671.3884073389638,671.3884073389638,663.1807250976562,663.1807250976562,335500,0.0,0.0
2011-05-23 00:00:00+09:00,663.1806960406171,664.8222324169553,648.4068686535737,651.68994140625,340500,0.0,0.0
2011-05-24 00:00:00+09:00,646.7652759647849,654.9729571318506,643.4822034979586,653.3314208984375,347000,0.0,0.0
2011-05-25 00:00:00+09:00,661.5392913435934,661.5392913435934,646.7654610158208,654.97314453125,387500,0.0,0.0
2011-05-26 00:00:00+09:00,658.2562255859375,661.5392990302564,654.9731521416187,658.2562255859375,294500,0.0,0.0
2011-05-27 00:00:00+09:00,661.5391319745852,666.4637408974729,658.2560593593267,664.8222045898438,278000,0.0,0.0
2011-05-30 00:00:00+09:00,664.8222817418628,676.3130372287592,658.2561357493505,671.388427734375,279500,0.0,0.0
2011-05-31 00:00:00+09:00,666.463890297899,682.8792570540049,666.463890297899,676.3131103515625,356000,0.0,0.0
2011-06-01 00:00:00+09:00,679.5960693359375,679.5960693359375,669.7468509397645,679.5960693359375,283000,0.0,0.0
2011-06-02 00:00:00+09:00,669.7467174669251,674.6713256835938,664.8221092502566,674.6713256835938,260000,0.0,0.0
2011-06-03 00:00:00+09:00,671.3884530639649,671.3884530639649,654.973087463379,656.6146240234375,310500,0.0,0.0
2011-06-06 00:00:00+09:00,648.406812198198,654.9729571318506,648.406812198198,653.3314208984375,224000,0.0,0.0
2011-06-07 00:00:00+09:00,653.3315626575101,669.7469285534273,651.6900260679183,661.5392456054688,472500,0.0,0.0
2011-06-08 00:00:00+09:00,656.6146358366935,664.8223187846522,653.3315626575101,661.5392456054688,213000,0.0,0.0
2011-06-09 00:00:00+09:00,654.9729571318506,654.9729571318506,648.406812198198,653.3314208984375,289000,0.0,0.0
2011-06-10 00:00:00+09:00,645.1237959008973,653.3314777825882,645.1237959008973,651.68994140625,480000,0.0,0.0
2011-06-13 00:00:00+09:00,640.1992914330868,648.406974656588,636.9162181436864,645.1239013671875,209500,0.0,0.0
2011-06-14 00:00:00+09:00,648.406812198198,654.9729571318506,645.1237397313718,653.3314208984375,232500,0.0,0.0
2011-06-15 00:00:00+09:00,653.3314652031448,653.3314652031448,645.1237834794872,646.7653198242188,262000,0.0,0.0
2011-06-16 00:00:00+09:00,643.4823569373402,648.4069668118607,641.8408203125,641.8408203125,145500,0.0,0.0
2011-06-17 00:00:00+09:00,643.4823330965909,643.4823330965909,623.7838943283278,631.9915771484375,432000,0.0,0.0
2011-06-20 00:00:00+09:00,631.9913806216255,636.9159887823134,627.0667724609375,627.0667724609375,318000,0.0,0.0
2011-06-21 00:00:00+09:00,633.6330208291813,643.4822387695312,630.349948182398,643.4822387695312,594500,0.0,0.0
2011-06-22 00:00:00+09:00,650.0484894783266,663.1807821950605,650.0484894783266,661.5392456054688,426000,0.0,0.0
2011-06-23 00:00:00+09:00,658.2561605834961,661.5392337036133,654.973087463379,656.6146240234375,182500,0.0,0.0
2011-06-24 00:00:00+09:00,656.6145793046102,664.8222615459177,656.6145793046102,663.1807250976562,239500,0.0,0.0
2011-06-27 00:00:00+09:00,668.1053344424408,669.7468708907023,659.8976522011332,663.1807250976562,394000,0.0,0.0
2011-06-28 00:00:00+09:00,664.0066773374182,668.9619510488914,649.1408562029983,662.3549194335938,490000,5.0,0.0
2011-06-29 00:00:00+09:00,668.9619263606285,668.9619263606285,660.7031371462997,664.0066528320312,208500,0.0,0.0
2011-06-30 00:00:00+09:00,667.31005859375,667.31005859375,652.4442404567606,667.31005859375,484000,0.0,0.0
2011-07-01 00:00:00+09:00,675.5688464476331,677.2206040184097,665.6583010229734,667.31005859375,351500,0.0,0.0
2011-07-04 00:00:00+09:00,672.2654173593072,673.9171751415167,662.3548706660496,665.6583862304688,297500,0.0,0.0
2011-07-05 00:00:00+09:00,670.6136355225206,682.1759395832537,670.6136355225206,675.5689086914062,371000,0.0,0.0
2011-07-06 00:00:00+09:00,677.2206668577332,683.8276977539062,673.9171514096467,683.8276977539062,302500,0.0,0.0
2011-07-07 00:00:00+09:00,677.2205714175576,692.0863888389187,677.2205714175576,690.4346313476562,316000,0.0,0.0
2011-07-08 00:00:00+09:00,708.6039540465449,716.8627413897447,698.6934092347051,703.648681640625,836000,0.0,0.0
2011-07-11 00:00:00+09:00,697.0416020242317,703.648631427305,697.0416020242317,698.693359375,301500,0.0,0.0
2011-07-12 00:00:00+09:00,687.1312132019928,688.782970926036,677.2206668577332,683.8276977539062,476500,0.0,0.0
2011-07-13 00:00:00+09:00,670.6136359615602,690.4347286500793,670.6136359615602,683.8276977539062,602500,0.0,0.0
2011-07-14 00:00:00+09:00,680.5240719092153,682.1758293653057,670.6135271726733,678.872314453125,297500,0.0,0.0
2011-07-15 00:00:00+09:00,673.9170800078687,693.7381705963354,673.9170800078687,688.7828979492188,370500,0.0,0.0
2011-07-19 00:00:00+09:00,688.7830684116909,695.3901002429781,688.7830684116909,693.7383422851562,368000,0.0,0.0
2011-07-20 00:00:00+09:00,698.6935177168016,701.9970331669991,690.4347290913074,692.0864868164062,226500,0.0,0.0
2011-07-21 00:00:00+09:00,687.1312132019928,688.782970926036,682.175940029863,683.8276977539062,324500,0.0,0.0
2011-07-22 00:00:00+09:00,692.0862561586067,697.0415276824153,682.1757131109895,695.3897705078125,536500,0.0,0.0
2011-07-25 00:00:00+09:00,695.3901002429781,695.3901002429781,687.1313104538691,693.7383422851562,271500,0.0,0.0
2011-07-26 00:00:00+09:00,700.3451319494912,713.5591910428778,698.6933745628179,710.2556762695312,509000,0.0,0.0
2011-07-27 00:00:00+09:00,716.8627802530924,716.8627802530924,701.9969622294108,713.5592651367188,528500,0.0,0.0
2011-07-28 00:00:00+09:00,713.559054650993,713.559054650993,698.6932410124307,706.9520263671875,1285000,0.0,0.0
2011-07-29 00:00:00+09:00,716.8627789606813,735.0321120679797,703.6487185190098,705.3004760742188,1232000,0.0,0.0
2011-08-01 00:00:00+09:00,716.8628785294485,726.7734252372289,715.2111207448185,723.4699096679688,438500,0.0,0.0
2011-08-02 00:00:00+09:00,720.1663070002915,720.1663070002915,703.6487311516609,708.60400390625,324000,0.0,0.0
2011-08-03 00:00:00+09:00,695.3899038214433,697.0416613127056,690.4346313476562,690.4346313476562,201500,0.0,0.0
2011-08-04 00:00:00+09:00,695.3900022666039,703.648790892098,692.0864868164062,692.0864868164062,163500,0.0,0.0
2011-08-05 00:00:00+09:00,667.3101685177627,675.5689577320915,662.3548949891655,664.0066528320312,479500,0.0,0.0
2011-08-08 00:00:00+09:00,650.792602852868,657.3996343539123,640.8820556013014,642.5338134765625,645500,0.0,0.0
2011-08-09 00:00:00+09:00,619.4092157318836,632.6232790008304,602.8916366457,629.3197631835938,683500,0.0,0.0
2011-08-10 00:00:00+09:00,644.1856455432318,654.0961939362046,635.9268552157545,637.57861328125,706500,0.0,0.0
2011-08-11 00:00:00+09:00,624.3644295226583,650.7925535236174,624.3644295226583,645.8372802734375,567500,0.0,0.0
2011-08-12 00:00:00+09:00,657.3995723821184,664.0066032603307,645.837268345247,650.7925415039062,649500,0.0,0.0
2011-08-15 00:00:00+09:00,662.3547475230155,664.0065049981351,649.1406877220576,657.3994750976562,399000,0.0,0.0
2011-08-16 00:00:00+09:00,662.3547858814202,668.9618161645267,660.7030283106436,667.31005859375,319500,0.0,0.0
2011-08-17 00:00:00+09:00,657.3995728456885,662.354846007842,652.4442996835351,659.0513305664062,308500,0.0,0.0
2011-08-18 00:00:00+09:00,654.0961186033901,654.0961186033901,642.5338134765625,642.5338134765625,383000,0.0,0.0
2011-08-19 00:00:00+09:00,627.6680052749754,635.9267948180672,626.016247366357,629.3197631835938,305000,0.0,0.0
2011-08-22 00:00:00+09:00,630.9714348992871,635.9267079482344,621.0608888013926,622.712646484375,320000,0.0,0.0
2011-08-23 00:00:00+09:00,630.9713134765625,634.2748282068062,622.712526650953,630.9713134765625,460000,0.0,0.0
2011-08-24 00:00:00+09:00,635.9267578125,637.578515625,609.4986328125,611.150390625,642000,0.0,0.0
2011-08-25 00:00:00+09:00,624.3644771575928,642.533813794454,621.0609614054363,634.2750244140625,480500,0.0,0.0
2011-08-26 00:00:00+09:00,634.2749877610967,639.2302611029802,626.0161988579573,632.6232299804688,337000,0.0,0.0
2011-08-29 00:00:00+09:00,627.6680297851562,634.2750616776316,619.4092399195621,627.6680297851562,560500,0.0,0.0
2011-08-30 00:00:00+09:00,635.9267455417245,637.5785033223524,629.319714419213,632.6232299804688,448000,0.0,0.0
2011-08-31 00:00:00+09:00,630.9713134765625,630.9713134765625,624.3642840160749,630.9713134765625,341000,0.0,0.0
2011-09-01 00:00:00+09:00,639.2303221397793,650.7926277081991,634.2750483247423,640.882080078125,530500,0.0,0.0
2011-09-02 00:00:00+09:00,640.8818599099645,645.8371320226704,632.6230730554547,639.2301025390625,299500,0.0,0.0
2011-09-05 00:00:00+09:00,637.5785033223524,639.2302611029802,626.0161988579573,632.6232299804688,229000,0.0,0.0
2011-09-06 00:00:00+09:00,629.3195894052132,630.9713468577203,612.802014880142,616.1055297851562,273500,0.0,0.0
2011-09-07 00:00:00+09:00,619.4091186523438,627.6679069010416,616.1056033528646,619.4091186523438,299000,0.0,0.0
2011-09-08 00:00:00+09:00,629.3197142585876,630.9714720387939,619.40916757735,624.3644409179688,258500,0.0,0.0
2011-09-09 00:00:00+09:00,616.1056880900602,627.6679932284796,612.8021723362261,626.0162353515625,390000,0.0,0.0
2011-09-12 00:00:00+09:00,606.1948986518673,609.4984130859375,604.5431414348324,609.4984130859375,233000,0.0,0.0
2011-09-13 00:00:00+09:00,621.0609253575562,624.3644409179688,616.1056520169375,624.3644409179688,303500,0.0,0.0
2011-09-14 00:00:00+09:00,621.0608249425238,629.3196125082488,606.1950073242188,606.1950073242188,226000,0.0,0.0
2011-09-15 00:00:00+09:00,616.1056033528646,619.4091186523438,607.8468151041667,619.4091186523438,160000,0.0,0.0
2011-09-16 00:00:00+09:00,614.4539660002056,630.9715457313939,614.4539660002056,627.6680297851562,216000,0.0,0.0
2011-09-20 00:00:00+09:00,621.0608763020833,626.0161492513021,617.7573610026042,619.4091186523438,225500,0.0,0.0
2011-09-21 00:00:00+09:00,619.4090689382246,621.0608264553931,609.498523835213,614.4537963867188,146500,0.0,0.0
2011-09-22 00:00:00+09:00,609.4984981702722,609.4984981702722,599.5879534845767,607.8467407226562,256000,0.0,0.0
2011-09-26 00:00:00+09:00,612.8020837402344,614.4538413783482,578.1151733398438,578.1151733398438,410000,0.0,0.0
2011-09-27 00:00:00+09:00,586.3740234375,594.6328125,583.0705078125001,594.6328125,330500,0.0,0.0
2011-09-28 00:00:00+09:00,596.2845703125,616.1056640625001,596.2845703125,611.150390625,331500,0.0,0.0
2011-09-29 00:00:00+09:00,611.1504500539679,629.3197877582751,609.4986920808491,627.6680297851562,343000,0.0,0.0
2011-09-30 00:00:00+09:00,630.9713134765625,632.6230708416844,612.8019824602217,630.9713134765625,493500,0.0,0.0
2011-10-03 00:00:00+09:00,606.1948956500044,607.8466528588599,578.1150230994592,601.2396240234375,491500,0.0,0.0
2011-10-04 00:00:00+09:00,594.6328490196503,597.9363648475372,583.070543622046,596.2846069335938,325000,0.0,0.0
2011-10-05 00:00:00+09:00,596.284419654781,601.2396918402778,579.766845703125,579.766845703125,222500,0.0,0.0
2011-10-06 00:00:00+09:00,584.7221581896365,601.2397332797393,584.7221581896365,597.9362182617188,173000,0.0,0.0
2011-10-07 00:00:00+09:00,611.1502813523815,624.3643414897304,611.1502813523815,614.4537963867188,228000,0.0,0.0
2011-10-11 00:00:00+09:00,621.0608763020833,624.3643916015625,614.453845703125,619.4091186523438,139000,0.0,0.0
2011-10-12 00:00:00+09:00,611.1504144593091,627.6679932284796,611.1504144593091,626.0162353515625,210500,0.0,0.0
2011-10-13 00:00:00+09:00,637.57834293705,637.57834293705,627.6677987463187,630.9713134765625,196500,0.0,0.0
2011-10-14 00:00:00+09:00,619.40916757735,629.3197142585876,617.7574097971437,624.3644409179688,293000,0.0,0.0
2011-10-17 00:00:00+09:00,630.9715210922121,630.9715210922121,626.016247366357,629.3197631835938,139000,0.0,0.0
2011-10-18 00:00:00+09:00,622.7124844368577,627.6677561963022,611.1501836648206,612.8019409179688,157500,0.0,0.0
2011-10-19 00:00:00+09:00,614.4537573642418,619.4090296010502,601.239698066086,604.543212890625,278000,0.0,0.0
2011-10-20 00:00:00+09:00,599.588011672377,602.8915268882027,588.0257084169867,591.3292236328125,259000,0.0,0.0
2011-10-21 00:00:00+09:00,594.6327632615546,601.2397939644608,586.373974882922,589.677490234375,207000,0.0,0.0
2011-10-24 00:00:00+09:00,597.9361096057263,604.5431384411487,594.6325951880151,601.2396240234375,176500,0.0,0.0
2011-10-25 00:00:00+09:00,596.2845703125,599.5880859375001,584.722265625,586.3740234375,476500,0.0,0.0
2011-10-26 00:00:00+09:00,574.8117187500001,576.4634765625,558.2941406250001,561.59765625,948500,0.0,0.0
2011-10-27 00:00:00+09:00,550.0352302209656,561.5975323577426,545.0799578766325,553.3387451171875,872500,0.0,0.0
2011-10-28 00:00:00+09:00,569.8564453125,576.4634765625,554.990625,561.59765625,663500,0.0,0.0
2011-10-31 00:00:00+09:00,566.5529296875001,589.6775390625,566.5529296875001,586.3740234375,853500,0.0,0.0
2011-11-01 00:00:00+09:00,573.1598270460107,581.4186141792385,568.204554766074,574.8115844726562,715000,0.0,0.0
2011-11-02 00:00:00+09:00,564.9011470249721,569.8564202444894,550.0353273664202,554.9906005859375,535000,0.0,0.0
2011-11-04 00:00:00+09:00,556.6422250573263,561.5974970904775,553.3387103685587,559.9457397460938,237500,0.0,0.0
2011-11-07 00:00:00+09:00,546.7317879787184,556.642333984375,540.1247573082808,556.642333984375,275500,0.0,0.0
2011-11-08 00:00:00+09:00,556.6423097870054,564.9010977660411,553.338794595391,558.2940673828125,254500,0.0,0.0
2011-11-09 00:00:00+09:00,559.9457397460938,561.5974970904775,551.686953024175,559.9457397460938,179000,0.0,0.0
2011-11-10 00:00:00+09:00,546.7317865120891,546.7317865120891,535.1694828698395,540.124755859375,407500,0.0,0.0
2011-11-11 00:00:00+09:00,540.1249159113172,546.7319485218533,531.8661251481473,533.5178833007812,382000,0.0,0.0
2011-11-14 00:00:00+09:00,538.4729981961965,546.7317865120891,535.1694828698395,540.124755859375,237500,0.0,0.0
2011-11-15 00:00:00+09:00,538.4729981961965,543.4282711857321,536.821240533018,540.124755859375,125000,0.0,0.0
2011-11-16 00:00:00+09:00,540.1246799468994,540.1246799468994,526.9106204986572,528.5623779296875,194000,0.0,0.0
2011-11-17 00:00:00+09:00,521.9554809185233,528.5625123225552,518.6519652165073,523.6072387695312,193000,0.0,0.0
2011-11-18 00:00:00+09:00,512.0448733598759,520.3036616398738,510.3931157038762,515.348388671875,234500,0.0,0.0
2011-11-21 00:00:00+09:00,513.6966310158755,518.6519039838743,510.3931157038762,515.348388671875,236000,0.0,0.0
2011-11-22 00:00:00+09:00,505.43797389716855,520.30379665885,505.43797389716855,518.6520385742188,167500,0.0,0.0
2011-11-24 00:00:00+09:00,507.0895690917969,513.6965993079766,503.786053983707,507.0895690917969,281000,0.0,0.0
2011-11-25 00:00:00+09:00,510.393243665819,513.6967598060509,508.74148559570307,508.7414855957031,276500,0.0,0.0
2011-11-28 00:00:00+09:00,508.7412454705489,512.0447600515265,502.13421630859375,502.13421630859375,433500,0.0,0.0
2011-11-29 00:00:00+09:00,510.3931877112314,530.2142823796287,503.7861561550989,526.9107666015625,589500,0.0,0.0
2011-11-30 00:00:00+09:00,528.5625843942901,535.1696166992188,523.6073101655936,535.1696166992188,528000,0.0,0.0
2011-12-01 00:00:00+09:00,548.3835441752676,548.3835441752676,535.1694828698395,540.124755859375,370500,0.0,0.0
2011-12-02 00:00:00+09:00,545.0799578766325,553.3387451171875,543.4282004285214,553.3387451171875,355000,0.0,0.0
2011-12-05 00:00:00+09:00,553.3387451171875,558.2940174615205,553.3387451171875,553.3387451171875,192000,0.0,0.0
2011-12-06 00:00:00+09:00,550.0352772038158,551.6870347930164,541.7764892578125,541.7764892578125,220000,0.0,0.0
2011-12-07 00:00:00+09:00,541.7764903575451,553.3387935054195,540.1247327649916,550.0352783203125,365000,0.0,0.0
2011-12-08 00:00:00+09:00,543.4282956737682,545.0800534113785,538.4730224609375,538.4730224609375,322500,0.0,0.0
2011-12-09 00:00:00+09:00,538.4729740794112,545.0800044362138,535.16945890101,541.7764892578125,326500,0.0,0.0
2011-12-12 00:00:00+09:00,548.3836304817315,553.3389042511448,546.7318725585938,546.7318725585938,299000,0.0,0.0
2011-12-13 00:00:00+09:00,538.4729981961965,545.0800288489106,538.4729981961965,540.124755859375,323000,0.0,0.0
2011-12-14 00:00:00+09:00,536.821240533018,548.3835441752676,536.821240533018,540.124755859375,254000,0.0,0.0
2011-12-15 00:00:00+09:00,540.1248909279152,545.0801651566117,533.5178586229866,535.1696166992188,416500,0.0,0.0
2011-12-16 00:00:00+09:00,540.1246311353601,543.4281456988791,531.8658447265625,531.8658447265625,255000,0.0,0.0
2011-12-19 00:00:00+09:00,530.2140470094319,530.2140470094319,516.9999897630909,521.9552612304688,215500,0.0,0.0
2011-12-20 00:00:00+09:00,525.2589966205393,528.5625123225552,520.3037230675153,523.6072387695312,141000,0.0,0.0
2011-12-21 00:00:00+09:00,530.2142454903081,530.2142454903081,525.2589721679688,525.2589721679688,182000,0.0,0.0
2011-12-22 00:00:00+09:00,525.2587755420541,530.2140470094319,520.3035040746762,521.9552612304688,403000,0.0,0.0
2011-12-26 00:00:00+09:00,526.9106185670884,526.9106185670884,518.6518314422124,520.3035888671875,348500,0.0,0.0
2011-12-27 00:00:00+09:00,521.9553462921627,523.6071037171379,518.6518314422124,520.3035888671875,208500,0.0,0.0
2011-12-28 00:00:00+09:00,521.1362244043595,524.4661683302659,517.806280478453,519.4712524414062,162000,5.0,0.0
2011-12-29 00:00:00+09:00,521.1362973352906,524.4662417272094,516.1413807474124,522.80126953125,184000,0.0,0.0
2011-12-30 00:00:00+09:00,527.7959529055825,527.7959529055825,519.4710956042326,526.1309814453125,137000,0.0,0.0
2012-01-04 00:00:00+09:00,529.4608964296145,534.455810546875,526.1309536847741,534.455810546875,193500,0.0,0.0
2012-01-05 00:00:00+09:00,532.7909482758621,534.4559199892242,529.4610048491379,531.1259765625,142000,0.0,0.0
2012-01-06 00:00:00+09:00,531.1258891756572,531.1258891756572,522.8010319785467,524.4660034179688,237000,0.0,0.0
2012-01-10 00:00:00+09:00,522.8012264023068,532.7910587539432,522.8012264023068,527.796142578125,221500,0.0,0.0
2012-01-11 00:00:00+09:00,526.1310100984726,527.7959816494172,516.1411807928055,517.80615234375,287500,0.0,0.0
2012-01-12 00:00:00+09:00,516.1412963867188,517.8062683105469,511.1463806152344,516.1412963867188,155500,0.0,0.0
2012-01-13 00:00:00+09:00,519.4712524414062,522.8011963673127,517.806280478453,519.4712524414062,163000,0.0,0.0
2012-01-16 00:00:00+09:00,517.80615234375,521.1360954456391,512.8112376909164,517.80615234375,147000,0.0,0.0
2012-01-17 00:00:00+09:00,521.1360670645026,527.7959529055825,517.8061241439626,526.1309814453125,262500,0.0,0.0
2012-01-18 00:00:00+09:00,526.1310614224138,537.7858634159483,526.1310614224138,531.1259765625,182000,0.0,0.0
2012-01-19 00:00:00+09:00,532.7908391744548,537.7857532917153,532.7908391744548,534.455810546875,191500,0.0,0.0
2012-01-20 00:00:00+09:00,539.4507706804973,547.7756282527272,539.4507706804973,546.1106567382812,285000,0.0,0.0
2012-01-23 00:00:00+09:00,556.1005376180012,561.0954526265461,549.4406509399414,559.4304809570312,356500,0.0,0.0
2012-01-24 00:00:00+09:00,559.4306345591012,559.4306345591012,549.4408017991173,551.1057739257812,186500,0.0,0.0
2012-01-25 00:00:00+09:00,557.765576280543,562.7604918890254,552.7706606720604,561.0955200195312,329500,0.0,0.0
2012-01-26 00:00:00+09:00,562.760382458172,569.4202686411089,557.7654678209693,564.4253540039062,403000,0.0,0.0
2012-01-27 00:00:00+09:00,564.4254275682734,571.0853146192266,561.0954840427969,567.75537109375,213500,0.0,0.0
2012-01-30 00:00:00+09:00,567.7553949612291,567.7553949612291,554.435620299382,557.7655639648438,140500,0.0,0.0
2012-01-31 00:00:00+09:00,546.1107219827586,549.4406654094828,527.7960331357758,531.1259765625,729000,0.0,0.0
2012-02-01 00:00:00+09:00,532.7909671001553,542.7807977332832,531.1259953279673,536.1209106445312,307500,0.0,0.0
2012-02-02 00:00:00+09:00,542.7808103208189,542.7808103208189,536.1209230776186,539.4508666992188,157500,0.0,0.0
2012-02-03 00:00:00+09:00,541.1157900570361,542.78076171875,534.4559034101802,542.78076171875,315500,0.0,0.0
2012-02-06 00:00:00+09:00,546.110705042178,546.110705042178,541.1157900570361,542.78076171875,173500,0.0,0.0
2012-02-07 00:00:00+09:00,539.4508183953221,546.110705042178,539.4508183953221,542.78076171875,156000,0.0,0.0
2012-02-08 00:00:00+09:00,541.1159411657973,551.1057739257812,541.1159411657973,551.1057739257812,154500,0.0,0.0
2012-02-09 00:00:00+09:00,552.7705752627628,556.1005184872373,546.1106888138138,554.435546875,219000,0.0,0.0
2012-02-10 00:00:00+09:00,557.7654613968889,562.7603759765625,554.4355183437731,562.7603759765625,415000,0.0,0.0
2012-02-13 00:00:00+09:00,559.4305060891544,571.0853082993451,559.4305060891544,566.0903930664062,257000,0.0,0.0
2012-02-14 00:00:00+09:00,564.4254399513711,571.0853271484375,561.095496352838,571.0853271484375,252000,0.0,0.0
2012-02-15 00:00:00+09:00,572.7503236446325,582.7401548709925,569.4203799025127,577.7452392578125,389000,0.0,0.0
2012-02-16 00:00:00+09:00,572.750341796875,587.7350891113282,572.750341796875,582.7401733398438,377500,0.0,0.0
2012-02-17 00:00:00+09:00,586.070068359375,591.0649837147106,572.7502940784801,586.070068359375,326000,0.0,0.0
2012-02-20 00:00:00+09:00,592.7300109017918,601.0548706054688,592.7300109017918,601.0548706054688,278000,0.0,0.0
2012-02-21 00:00:00+09:00,599.3898502066115,606.0497374311294,597.7248784004821,604.384765625,339500,0.0,0.0
2012-02-22 00:00:00+09:00,607.7147103890018,624.3644284818512,602.7197949611469,621.0344848632812,521000,0.0,0.0
2012-02-23 00:00:00+09:00,621.0344109959358,621.0344109959358,606.0496664946934,617.7044677734375,483000,0.0,0.0
2012-02-24 00:00:00+09:00,617.7044548716972,617.7044548716972,609.3795969893293,614.37451171875,229000,0.0,0.0
2012-02-27 00:00:00+09:00,611.0445813284409,622.6993826071849,604.3846948834442,617.7044677734375,257000,0.0,0.0
2012-02-28 00:00:00+09:00,609.3796097171917,619.3694393846866,602.7197232721951,617.7044677734375,241000,0.0,0.0
2012-02-29 00:00:00+09:00,619.3695619535578,621.0345338942932,601.0548706054688,601.0548706054688,303000,0.0,0.0
2012-03-01 00:00:00+09:00,601.0547906460043,612.7095926806913,591.0649603305583,596.0598754882812,435000,0.0,0.0
2012-03-02 00:00:00+09:00,602.7196442977242,612.70947265625,602.7196442977242,612.70947265625,307500,0.0,0.0
2012-03-05 00:00:00+09:00,606.0497802734375,612.7096679687501,597.7249206542969,599.389892578125,240000,0.0,0.0
2012-03-06 00:00:00+09:00,604.3847593866001,607.7147029644876,599.3898440197687,602.7197875976562,258500,0.0,0.0
2012-03-07 00:00:00+09:00,594.3949828425273,604.3848144869395,592.7300109017918,601.0548706054688,399500,0.0,0.0
2012-03-08 00:00:00+09:00,606.0496889715325,612.7095756635274,602.7197456255351,607.7146606445312,312500,0.0,0.0
2012-03-09 00:00:00+09:00,616.0394961621884,624.3643542184342,614.3745245509392,617.7044677734375,492000,0.0,0.0
2012-03-12 00:00:00+09:00,621.0344553145152,631.0242856949095,617.7045118543837,629.3593139648438,347000,0.0,0.0
2012-03-13 00:00:00+09:00,624.36445272586,626.0294245997957,611.044677734375,611.044677734375,397500,0.0,0.0
2012-03-14 00:00:00+09:00,616.039540124318,634.3542291550409,614.3745683942523,629.3593139648438,409000,0.0,0.0
2012-03-15 00:00:00+09:00,634.3541805869655,637.6841237921465,629.3592657791941,632.689208984375,242000,0.0,0.0
2012-03-16 00:00:00+09:00,627.6943969726562,637.6842282242105,626.0294250973973,627.6943969726562,314000,0.0,0.0
2012-03-19 00:00:00+09:00,626.0293323147681,629.3592755717616,619.3694458007812,619.3694458007812,286000,0.0,0.0
2012-03-21 00:00:00+09:00,619.3694458007812,624.3643606862714,617.7044741722846,619.3694458007812,184500,0.0,0.0
2012-03-22 00:00:00+09:00,616.0395933561819,626.0294245997957,609.3797058604393,611.044677734375,354000,0.0,0.0
2012-03-23 00:00:00+09:00,609.3795298700747,616.0394154424254,607.7145584769871,612.70947265625,267000,0.0,0.0
2012-03-26 00:00:00+09:00,614.3746214822463,619.3695371040532,611.044677734375,611.044677734375,177500,0.0,0.0
2012-03-27 00:00:00+09:00,624.3643509714227,634.3541805869655,621.0344077662418,632.689208984375,360000,0.0,0.0
2012-03-28 00:00:00+09:00,626.0293705047123,631.0242856949095,619.3694835844494,629.3593139648438,280000,0.0,0.0
2012-03-29 00:00:00+09:00,631.0244140625,634.3543582000331,622.6995537186676,631.0244140625,226000,0.0,0.0
2012-03-30 00:00:00+09:00,637.6843143172778,641.014258517368,631.0244259170973,634.3543701171875,315500,0.0,0.0
2012-04-02 00:00:00+09:00,637.6843143172778,642.679230617413,631.0244259170973,634.3543701171875,329000,0.0,0.0
2012-04-03 00:00:00+09:00,626.0292838193516,626.0292838193516,619.3693978212734,622.6993408203125,292000,0.0,0.0
2012-04-04 00:00:00+09:00,617.7045900128225,617.7045900128225,594.3949828425273,601.0548706054688,541500,0.0,0.0
2012-04-05 00:00:00+09:00,587.7349917309433,594.3948783227953,584.4050484350173,589.3999633789062,463000,0.0,0.0
2012-04-06 00:00:00+09:00,582.7401733398438,587.7350891113282,574.4153137207031,582.7401733398438,326000,0.0,0.0
2012-04-09 00:00:00+09:00,572.7501961592305,582.7400251620078,571.0852246587676,576.0801391601562,261000,0.0,0.0
2012-04-10 00:00:00+09:00,576.0803597433526,579.4103040193257,569.4204711914062,569.4204711914062,116500,0.0,0.0
2012-04-11 00:00:00+09:00,566.0905269154331,572.7504154673794,564.4255547774466,569.4204711914062,258500,0.0,0.0
2012-04-12 00:00:00+09:00,574.4153137207031,586.0701171875,572.750341796875,582.7401733398438,468500,0.0,0.0
2012-04-13 00:00:00+09:00,589.3999111638593,589.3999111638593,572.7501961592305,576.0801391601562,409000,0.0,0.0
2012-04-16 00:00:00+09:00,566.0904117506377,577.7452143455038,564.4254399513711,571.0853271484375,246000,0.0,0.0
2012-04-17 00:00:00+09:00,569.4203428564883,576.0802299074413,567.75537109375,567.75537109375,179500,0.0,0.0
2012-04-18 00:00:00+09:00,577.7452755676788,591.0650513732737,577.7452755676788,587.735107421875,408500,0.0,0.0
2012-04-19 00:00:00+09:00,586.0700200829802,596.0598499707584,584.4050484350173,589.3999633789062,334500,0.0,0.0
2012-04-20 00:00:00+09:00,584.4050965742631,589.4000119295987,579.4101812189276,586.070068359375,304500,0.0,0.0
2012-04-23 00:00:00+09:00,586.0700200829802,594.3948783227953,586.0700200829802,589.3999633789062,336000,0.0,0.0
2012-04-24 00:00:00+09:00,586.0701354461756,592.7300233489731,582.7401914947769,587.735107421875,193500,0.0,0.0
2012-04-25 00:00:00+09:00,592.7299066748324,597.7248216187213,589.3999633789062,589.3999633789062,220500,0.0,0.0
2012-04-26 00:00:00+09:00,597.7248216187213,599.3897932666844,587.7349917309433,589.3999633789062,290500,0.0,0.0
2012-04-27 00:00:00+09:00,591.0650142262923,592.7299860973523,572.7503236446325,577.7452392578125,427500,0.0,0.0
2012-05-01 00:00:00+09:00,572.7502117325774,574.4151832783117,564.4253540039062,564.4253540039062,379000,0.0,0.0
2012-05-02 00:00:00+09:00,566.0904179062954,574.4152769931527,566.0904179062954,572.7503051757812,285500,0.0,0.0
2012-05-07 00:00:00+09:00,559.4304288538491,561.095400368295,542.7807137093893,546.1106567382812,294500,0.0,0.0
2012-05-08 00:00:00+09:00,551.1057739257812,554.4357181791092,547.7758296724533,551.1057739257812,390500,0.0,0.0
2012-05-09 00:00:00+09:00,542.78076171875,547.7756767038919,537.7858467336082,542.78076171875,393000,0.0,0.0
2012-05-10 00:00:00+09:00,534.4559388723433,542.7807977332832,534.4559388723433,536.1209106445312,432500,0.0,0.0
2012-05-11 00:00:00+09:00,539.4508908829599,544.4458065392836,527.7960876848713,529.4610595703125,385500,0.0,0.0
2012-05-14 00:00:00+09:00,531.1260866953371,537.7859749297614,524.4661984609129,527.796142578125,271000,0.0,0.0
2012-05-15 00:00:00+09:00,516.1412841004211,521.1361997530057,504.4864809110567,512.8113403320312,462000,0.0,0.0
2012-05-16 00:00:00+09:00,516.1411854498549,522.801071713724,506.1513560540513,511.1462707519531,378000,0.0,0.0
2012-05-17 00:00:00+09:00,507.8163951349716,522.8011412209215,507.8163951349716,521.1361694335938,328000,0.0,0.0
2012-05-18 00:00:00+09:00,507.8163566336726,512.8112716169546,501.1564699892966,502.8214416503906,213500,0.0,0.0
2012-05-21 00:00:00+09:00,501.1564636230469,507.8163501828216,496.16154870321583,501.1564636230469,234000,0.0,0.0
2012-05-22 00:00:00+09:00,504.4864133114846,506.1513849725786,501.1564699892966,502.8214416503906,218000,0.0,0.0
2012-05-23 00:00:00+09:00,502.8214960871516,504.4864679284998,492.8316650390625,492.8316650390625,301500,0.0,0.0
2012-05-24 00:00:00+09:00,491.16680326915923,496.1617199125744,482.84194219680063,489.5018310546875,326000,0.0,0.0
2012-05-25 00:00:00+09:00,497.82654878282057,497.82654878282057,484.50677490234375,484.50677490234375,273000,0.0,0.0
2012-05-28 00:00:00+09:00,487.83674284836343,489.50171466695855,476.18194011819776,482.8418273925781,197500,0.0,0.0
2012-05-29 00:00:00+09:00,484.5066987108064,496.16149902343744,481.1767557643404,496.1614990234375,258500,0.0,0.0
2012-05-30 00:00:00+09:00,494.4965806725907,494.4965806725907,479.5118358037243,486.1717224121094,276500,0.0,0.0
2012-05-31 00:00:00+09:00,479.51185969716494,491.16666184258213,477.84688796210537,484.50677490234375,296500,0.0,0.0
2012-06-01 00:00:00+09:00,484.5067610404861,487.8367044153348,471.18698754109124,472.8519592285156,341000,0.0,0.0
2012-06-04 00:00:00+09:00,462.8621267054203,464.5270983842168,456.2022399902344,456.2022399902344,164500,0.0,0.0
2012-06-05 00:00:00+09:00,456.2021667907288,477.84679514211376,452.8722239674388,476.18182373046875,304500,0.0,0.0
2012-06-06 00:00:00+09:00,476.18189748128253,481.17681248982746,471.1869824727376,479.5118408203125,222000,0.0,0.0
2012-06-07 00:00:00+09:00,484.5067267824765,489.5016414915742,481.17678364307807,487.836669921875,195000,0.0,0.0
2012-06-08 00:00:00+09:00,489.50171466695855,489.50171466695855,471.18702466241245,482.8418273925781,594500,0.0,0.0
2012-06-11 00:00:00+09:00,494.49658203125,499.49149700126264,491.16663871790826,494.49658203125,219500,0.0,0.0
2012-06-12 00:00:00+09:00,487.8368588402158,492.83177548363096,484.50691441127236,489.5018310546875,229000,0.0,0.0
2012-06-13 00:00:00+09:00,494.49658203125,499.49149700126264,489.50166706123736,494.49658203125,275000,0.0,0.0
2012-06-14 00:00:00+09:00,489.5016131305054,496.16149902343744,489.5016131305054,496.1614990234375,151000,0.0,0.0
2012-06-15 00:00:00+09:00,497.8264704966705,497.8264704966705,489.5016131305054,496.1614990234375,254000,0.0,0.0
2012-06-18 00:00:00+09:00,499.49145066110714,507.81630817212556,499.49145066110714,506.1513366699219,225500,0.0,0.0
2012-06-19 00:00:00+09:00,506.1513849725786,509.4813282947666,501.1564699892966,502.8214416503906,227000,0.0,0.0
2012-06-20 00:00:00+09:00,509.4812817619842,519.4711108161407,507.8163102529581,514.4761962890625,232000,0.0,0.0
2012-06-21 00:00:00+09:00,514.4762822842827,524.4661130082493,514.4762822842827,521.1361694335938,196000,0.0,0.0
2012-06-22 00:00:00+09:00,511.1464641595342,527.7961861191282,511.1464641595342,522.80126953125,249000,0.0,0.0
2012-06-25 00:00:00+09:00,526.1311402932191,526.1311402932191,517.806280478453,519.4712524414062,193500,0.0,0.0
2012-06-26 00:00:00+09:00,519.4711285817895,522.801071713724,506.1513560540513,511.1462707519531,235500,0.0,0.0
2012-06-27 00:00:00+09:00,513.6643090901965,515.342950623171,500.2351768264005,501.913818359375,237000,5.0,0.0
2012-06-28 00:00:00+09:00,506.94966326261823,511.9855870698628,503.5923807244552,510.30694580078125,149500,0.0,0.0
2012-06-29 00:00:00+09:00,506.9497731854839,525.4148311491936,503.5924899193549,520.37890625,329000,0.0,0.0
2012-07-02 00:00:00+09:00,518.7001953125,522.0574781300567,515.3429124949434,518.7001953125,235000,0.0,0.0
2012-07-03 00:00:00+09:00,517.021622983871,525.4148311491936,517.021622983871,520.37890625,136500,0.0,0.0
2012-07-04 00:00:00+09:00,518.7002205481896,525.4147865099785,518.7002205481896,523.7361450195312,141000,0.0,0.0
2012-07-05 00:00:00+09:00,520.3789389057524,528.7721475977806,518.7002971673468,527.093505859375,119000,0.0,0.0
2012-07-06 00:00:00+09:00,528.7720437651699,532.1293265827265,496.8778569983819,518.7001953125,404500,0.0,0.0
2012-07-09 00:00:00+09:00,511.9856262207031,513.6642676181481,506.94970202836834,511.9856262207031,136000,0.0,0.0
2012-07-10 00:00:00+09:00,506.9498827045024,518.7003766744742,501.91395671737155,508.0859680175781,312500,0.0,0.0
2012-07-11 00:00:00+09:00,503.59246537492083,505.2711069261706,495.19925761867216,496.8778991699219,203500,0.0,0.0
2012-07-12 00:00:00+09:00,500.2350858923507,501.9137271201774,486.80595606973725,490.1632385253906,188500,0.0,0.0
2012-07-13 00:00:00+09:00,490.16332469875533,496.8778907905191,490.16332469875533,495.1992492675781,187000,0.0,0.0
2012-07-17 00:00:00+09:00,490.1632345070618,491.8418757211271,471.69818115234375,471.69818115234375,358000,0.0,0.0
2012-07-18 00:00:00+09:00,473.376947342722,480.09151397169677,471.6983056854783,478.4128723144531,180000,0.0,0.0
2012-07-19 00:00:00+09:00,476.73418657788,488.4846770921235,476.73418657788,481.7701110839844,215500,0.0,0.0
2012-07-20 00:00:00+09:00,486.8060355900887,490.1633185941583,480.0914695819496,481.7701110839844,199000,0.0,0.0
2012-07-23 00:00:00+09:00,480.0914695819496,485.1273940880539,473.3769035738104,481.7701110839844,229000,0.0,0.0
2012-07-24 00:00:00+09:00,475.0554416737658,480.09136508373507,468.3408771271401,473.3768005371094,308000,0.0,0.0
2012-07-25 00:00:00+09:00,471.69823368617466,476.7341578892299,466.66230948311943,470.01959228515625,254500,0.0,0.0
2012-07-26 00:00:00+09:00,473.3767749279529,483.4486212030157,471.69813388210906,480.0913391113281,309500,0.0,0.0
2012-07-27 00:00:00+09:00,481.7701170840506,496.8778907905191,481.7701170840506,495.1992492675781,297500,0.0,0.0
2012-07-30 00:00:00+09:00,503.59235050702335,505.2709916753801,495.19914466523966,498.5564270019531,456000,0.0,0.0
2012-07-31 00:00:00+09:00,493.52072896897505,500.2352967100495,488.4848031631692,495.1837463378906,314000,0.0,0.0
2012-08-01 00:00:00+09:00,495.1992016684887,495.1992016684887,488.4846362221363,491.8419189453125,175000,0.0,0.0
2012-08-02 00:00:00+09:00,488.4847106933594,501.913843633383,488.4847106933594,488.4847106933594,305500,0.0,0.0
2012-08-03 00:00:00+09:00,475.05545855561144,490.1632293223977,473.37681735930187,485.37591552734375,294500,0.0,0.0
2012-08-06 00:00:00+09:00,495.1992410478469,505.27109001831155,495.1992410478469,500.9057922363281,316000,0.0,0.0
2012-08-07 00:00:00+09:00,498.5565795809281,522.0575631301974,498.5565795809281,511.3175964355469,334000,0.0,0.0
2012-08-08 00:00:00+09:00,520.3788703699082,530.4507194738419,518.7002288525858,525.414794921875,371000,0.0,0.0
2012-08-09 00:00:00+09:00,528.7719904373174,535.4865553952516,520.3787842398997,531.1224365234375,354000,0.0,0.0
2012-08-10 00:00:00+09:00,532.1293164450025,538.8438819521949,527.0933923146081,528.7720336914062,289500,0.0,0.0
2012-08-13 00:00:00+09:00,532.1293164450025,533.8079578218005,523.7361095610119,528.7720336914062,269500,0.0,0.0
2012-08-14 00:00:00+09:00,532.1292810979879,545.5584112203346,532.1292810979879,533.8079223632812,349000,0.0,0.0
2012-08-15 00:00:00+09:00,545.5585443861432,547.2371860611775,530.4507693108346,535.4866943359375,220500,0.0,0.0
2012-08-16 00:00:00+09:00,530.4506398326946,538.8438461591613,530.4506398326946,533.8079223632812,235500,0.0,0.0
2012-08-17 00:00:00+09:00,545.5583930738044,553.9515991210938,542.2011106548887,553.9515991210938,276000,0.0,0.0
2012-08-20 00:00:00+09:00,553.951774063806,558.9876992825679,545.5585653658695,552.2731323242188,306000,0.0,0.0
2012-08-21 00:00:00+09:00,547.2371131310096,548.9157545823317,540.5225473257211,545.5584716796875,189000,0.0,0.0
2012-08-22 00:00:00+09:00,540.5225662231445,540.5225662231445,532.1293586730957,537.165283203125,191000,0.0,0.0
2012-08-23 00:00:00+09:00,532.1292637692222,537.1651874011076,527.0933401373368,530.4506225585938,379500,0.0,0.0
2012-08-24 00:00:00+09:00,528.7720336914062,532.1293164450025,523.7361095610119,528.7720336914062,263000,0.0,0.0
2012-08-27 00:00:00+09:00,527.0934364391973,537.165285543131,523.7361534045527,525.414794921875,361000,0.0,0.0
2012-08-28 00:00:00+09:00,528.7721431956572,530.4507849200878,510.3070842269199,513.6643676757812,322000,0.0,0.0
2012-08-29 00:00:00+09:00,510.30696775732264,513.6642504399366,506.94968507470867,508.6283264160156,227000,0.0,0.0
2012-08-30 00:00:00+09:00,503.592485250886,503.592485250886,485.1274274583535,488.4847106933594,425000,0.0,0.0
2012-08-31 00:00:00+09:00,490.1633664035467,493.5206497350779,483.44879974048445,485.12744140625,212500,0.0,0.0
2012-09-03 00:00:00+09:00,485.1274389434279,486.8060806006716,475.0555889999657,478.4128723144531,267500,0.0,0.0
2012-09-04 00:00:00+09:00,476.7342330774222,485.12744140625,475.05559141165656,485.12744140625,209000,0.0,0.0
2012-09-05 00:00:00+09:00,485.127364894322,485.127364894322,468.34095088413784,470.01959228515625,215000,0.0,0.0
2012-09-06 00:00:00+09:00,476.73412223249784,476.73412223249784,470.01955713063165,475.05548095703125,234500,0.0,0.0
2012-09-07 00:00:00+09:00,488.48472473778116,488.48472473778116,480.0915164089533,485.12744140625,165000,0.0,0.0
2012-09-10 00:00:00+09:00,485.1274192020811,486.8060607910157,478.41285284634296,486.8060607910156,115000,0.0,0.0
2012-09-11 00:00:00+09:00,486.8060806006716,486.8060806006716,473.376947342722,478.4128723144531,138500,0.0,0.0
2012-09-12 00:00:00+09:00,480.09139115843055,490.1632385253906,478.41274993060387,490.1632385253906,143000,0.0,0.0
2012-09-13 00:00:00+09:00,493.5205603069006,495.1992016684887,488.4846362221363,491.8419189453125,198500,0.0,0.0
2012-09-14 00:00:00+09:00,496.8778991699219,500.23518227242135,493.5206160674224,496.8778991699219,217000,0.0,0.0
2012-09-18 00:00:00+09:00,496.8778116861979,505.271017964681,495.1991704305013,503.5923767089844,182000,0.0,0.0
2012-09-19 00:00:00+09:00,506.94961076774854,510.30689295826346,500.23504638671875,500.23504638671875,278000,0.0,0.0
2012-09-20 00:00:00+09:00,495.19926873568835,498.5565519135574,485.1274192020811,486.8060607910156,231000,0.0,0.0
2012-09-21 00:00:00+09:00,485.1274083111737,501.9138238236711,485.1274083111737,496.8778991699219,216000,0.0,0.0
2012-09-24 00:00:00+09:00,495.19925761867216,500.23518227242135,491.8419745161727,496.8778991699219,148000,0.0,0.0
2012-09-25 00:00:00+09:00,500.2350981862922,510.30694580078125,496.8778156481291,510.30694580078125,372000,0.0,0.0
2012-09-26 00:00:00+09:00,511.9855340535209,518.7000984345507,500.23504638671875,500.23504638671875,290500,0.0,0.0
2012-09-27 00:00:00+09:00,500.2351768264005,506.9497429582985,498.556535293426,501.913818359375,184500,0.0,0.0
2012-09-28 00:00:00+09:00,506.9498253647162,506.9498253647162,490.1634073062819,493.52069091796875,204500,0.0,0.0
2012-10-01 00:00:00+09:00,528.7721475977806,533.8080728129976,517.0216554289411,527.093505859375,1397500,0.0,0.0
2012-10-02 00:00:00+09:00,530.4507560483871,545.5585307459678,520.37890625,520.37890625,648000,0.0,0.0
2012-10-03 00:00:00+09:00,525.4148409790788,550.5944659461272,523.7361993146089,547.2371826171875,682500,0.0,0.0
2012-10-04 00:00:00+09:00,547.2371576740277,552.2730824378991,535.4866665583277,542.2012329101562,522500,0.0,0.0
2012-10-05 00:00:00+09:00,542.2010933469018,547.2370168145201,530.4506052557924,538.8438110351562,522500,0.0,0.0
2012-10-09 00:00:00+09:00,547.2371660397376,547.2371660397376,538.8439579716435,543.8798828125,401000,0.0,0.0
2012-10-10 00:00:00+09:00,532.1293609911642,533.8080025084864,522.0575118872305,525.414794921875,501500,0.0,0.0
2012-10-11 00:00:00+09:00,523.7361450195312,530.4507109813201,520.3788620386368,523.7361450195312,305500,0.0,0.0
2012-10-12 00:00:00+09:00,523.7361365805868,527.0934195073854,518.7002121903889,522.0574951171875,337000,0.0,0.0
2012-10-15 00:00:00+09:00,523.7362026106974,538.843977686006,518.7002775855946,535.4866943359375,228500,0.0,0.0
2012-10-16 00:00:00+09:00,537.1652998835405,542.2012245699486,532.1293751971322,540.5225830078125,320500,0.0,0.0
2012-10-17 00:00:00+09:00,543.8798828125,550.5944492669753,538.8439579716435,543.8798828125,366000,0.0,0.0
2012-10-18 00:00:00+09:00,547.2371630711858,557.3090126982628,542.2012382576472,555.63037109375,364000,0.0,0.0
2012-10-19 00:00:00+09:00,555.6302403305516,562.344805168383,550.594316702178,553.9515991210938,506000,0.0,0.0
2012-10-22 00:00:00+09:00,543.8797518643465,558.9875227494673,538.843828235973,553.9515991210938,415500,0.0,0.0
2012-10-23 00:00:00+09:00,552.2729930819356,552.2729930819356,542.2011451837849,548.9157104492188,297500,0.0,0.0
2012-10-24 00:00:00+09:00,540.5225473257211,550.5943960336538,538.843905874399,545.5584716796875,262000,0.0,0.0
2012-10-25 00:00:00+09:00,538.8439306863925,550.5944213867188,538.8439306863925,550.5944213867188,293000,0.0,0.0
2012-10-26 00:00:00+09:00,550.594440849942,555.6303656138134,535.4866665583277,542.2012329101562,438000,0.0,0.0
2012-10-29 00:00:00+09:00,540.5226159593079,550.5944659461272,537.1653326303681,547.2371826171875,335000,0.0,0.0
2012-10-30 00:00:00+09:00,543.8798661320847,550.5944323806289,538.8439414456765,540.5225830078125,385000,0.0,0.0
2012-10-31 00:00:00+09:00,538.843905874399,550.5943960336538,538.843905874399,545.5584716796875,295000,0.0,0.0
2012-11-01 00:00:00+09:00,545.5583675178939,560.6661376953125,545.5583675178939,560.6661376953125,333000,0.0,0.0
2012-11-02 00:00:00+09:00,560.6661376953125,565.7020610877854,555.6302143028397,560.6661376953125,256500,0.0,0.0
2012-11-05 00:00:00+09:00,553.9517621851679,564.0236124067164,552.2731204815765,562.344970703125,185000,0.0,0.0
2012-11-06 00:00:00+09:00,567.3807025808743,572.4166259765625,560.66613805329,572.4166259765625,447500,0.0,0.0
2012-11-07 00:00:00+09:00,574.0952667419068,575.7739078727311,560.6661376953125,560.6661376953125,306500,0.0,0.0
2012-11-08 00:00:00+09:00,555.6303875897381,562.3449542071368,550.5944626266892,558.9876708984375,300500,0.0,0.0
2012-11-09 00:00:00+09:00,550.5943517655771,553.9516343982941,543.8797865001433,548.9157104492188,243500,0.0,0.0
2012-11-12 00:00:00+09:00,552.2729579116359,558.9875227494673,550.594316702178,553.9515991210938,321500,0.0,0.0
2012-11-13 00:00:00+09:00,553.9516343982941,555.6302757146526,543.8797865001433,548.9157104492188,220000,0.0,0.0
2012-11-14 00:00:00+09:00,550.594316702178,553.9515991210938,535.4865458170573,553.9515991210938,293000,0.0,0.0
2012-11-15 00:00:00+09:00,550.594478777985,564.0236124067164,547.2371953708022,562.344970703125,329000,0.0,0.0
2012-11-16 00:00:00+09:00,558.9875139508928,570.7380022321428,557.3088727678571,564.0234375,445000,0.0,0.0
2012-11-19 00:00:00+09:00,565.702156924637,572.4167225854636,565.702156924637,567.3807983398438,154000,0.0,0.0
2012-11-20 00:00:00+09:00,574.0954424689797,574.0954424689797,565.7022342457491,570.7381591796875,289000,0.0,0.0
2012-11-21 00:00:00+09:00,575.774012218321,585.845860828554,572.4167293482434,580.8099365234375,317000,0.0,0.0
2012-11-22 00:00:00+09:00,589.203089827198,595.917654953434,585.8458072640801,594.239013671875,328000,0.0,0.0
2012-11-26 00:00:00+09:00,600.9535787981108,604.3108613612288,589.203089827198,594.239013671875,324500,0.0,0.0
2012-11-27 00:00:00+09:00,592.5605023451254,600.9537105936399,590.8818606954225,595.9177856445312,208000,0.0,0.0
2012-11-28 00:00:00+09:00,595.9176287963519,597.5962700042289,584.1671403412125,589.2030639648438,356500,0.0,0.0
2012-11-29 00:00:00+09:00,590.8817051727208,599.274911212106,587.5244227569667,589.2030639648438,427500,0.0,0.0
2012-11-30 00:00:00+09:00,592.5604248046875,599.2749905248539,584.1672176544795,592.5604248046875,499000,0.0,0.0
2012-12-03 00:00:00+09:00,592.5603818345344,597.5963057594738,582.4885339846556,584.1671752929688,443500,0.0,0.0
2012-12-04 00:00:00+09:00,579.131320199174,589.2031692461161,577.4526786913503,585.8458862304688,385500,0.0,0.0
2012-12-05 00:00:00+09:00,577.4526536533599,589.2031436986317,570.7380879132045,580.8099365234375,364500,0.0,0.0
2012-12-06 00:00:00+09:00,587.5245277382925,587.5245277382925,580.8099617069977,585.8458862304688,327500,0.0,0.0
2012-12-07 00:00:00+09:00,587.5245773960168,599.2750689439371,584.1672940966109,595.9177856445312,299500,0.0,0.0
2012-12-10 00:00:00+09:00,604.3109514508928,604.3109514508928,587.5245361328125,587.5245361328125,247000,0.0,0.0
2012-12-11 00:00:00+09:00,587.5245361328125,592.5604607282365,585.8458946010045,587.5245361328125,329500,0.0,0.0
2012-12-12 00:00:00+09:00,589.2031522635424,592.560435182423,575.7740205880201,582.4885864257812,486500,0.0,0.0
2012-12-13 00:00:00+09:00,590.8817405262213,590.8817405262213,580.8098926763425,584.1671752929688,417000,0.0,0.0
2012-12-14 00:00:00+09:00,575.7739082403547,582.4884727679389,572.4166259765625,572.4166259765625,772000,0.0,0.0
2012-12-17 00:00:00+09:00,577.4527423702485,579.1313840631852,572.4168172914382,574.095458984375,306000,0.0,0.0
2012-12-18 00:00:00+09:00,575.7739082403547,580.8098316360429,570.7379848446664,572.4166259765625,317000,0.0,0.0
2012-12-19 00:00:00+09:00,574.0954424689797,575.7740841136259,567.3808758903951,570.7381591796875,679500,0.0,0.0
2012-12-20 00:00:00+09:00,569.0594899377157,585.8459055700968,565.7022068112395,577.4526977539062,577000,0.0,0.0
2012-12-21 00:00:00+09:00,577.4525315726402,579.1311726527931,567.380685091722,569.059326171875,474000,0.0,0.0
2012-12-25 00:00:00+09:00,580.8099296614969,582.4885710767035,565.702156924637,567.3807983398438,322000,0.0,0.0
2012-12-26 00:00:00+09:00,563.1529781512361,569.917578489389,561.4618280666978,566.5352783203125,357000,5.0,0.0
2012-12-27 00:00:00+09:00,576.682178827542,580.0644789966185,566.5352783203125,566.5352783203125,351500,0.0,0.0
2012-12-28 00:00:00+09:00,566.5353629001878,571.6088139112343,564.8442125631723,569.9176635742188,257000,0.0,0.0
2013-01-04 00:00:00+09:00,573.2998650129451,585.1379153229469,571.6087149686592,581.755615234375,414500,0.0,0.0
2013-01-07 00:00:00+09:00,586.8289671440346,595.2847159501445,581.7555178603685,585.1378173828125,469500,0.0,0.0
2013-01-08 00:00:00+09:00,585.1378166668576,588.5201161851631,576.6820678710938,576.6820678710938,257500,0.0,0.0
2013-01-09 00:00:00+09:00,576.6820220947266,600.3581168434837,576.6820220947266,595.28466796875,671500,0.0,0.0
2013-01-10 00:00:00+09:00,598.6670654296875,608.81396484375,598.6670654296875,608.81396484375,462000,0.0,0.0
2013-01-11 00:00:00+09:00,607.1226575651222,615.5784048849706,603.7403586371828,612.1961059570312,357000,0.0,0.0
2013-01-15 00:00:00+09:00,613.8874269978385,613.8874269978385,590.2113278849741,602.0493774414062,364500,0.0,0.0
2013-01-16 00:00:00+09:00,602.0494528998559,602.0494528998559,585.1379514139048,586.8291015625,327000,0.0,0.0
2013-01-17 00:00:00+09:00,588.520166015625,596.9759155273438,580.0644165039063,591.9024658203125,410000,0.0,0.0
2013-01-18 00:00:00+09:00,596.9759521484375,600.3582521606099,593.5936521362651,596.9759521484375,255500,0.0,0.0
2013-01-21 00:00:00+09:00,591.9025147883463,595.284814872851,585.1379146193366,590.2113647460938,292500,0.0,0.0
2013-01-22 00:00:00+09:00,595.284814872851,598.6671149573559,585.1379146193366,590.2113647460938,332000,0.0,0.0
2013-01-23 00:00:00+09:00,586.8289914145066,591.9024409080038,574.9909425963466,580.0643920898438,542500,0.0,0.0
2013-01-24 00:00:00+09:00,580.0644644925793,593.5936648305986,578.3733144503269,590.2113647460938,382500,0.0,0.0
2013-01-25 00:00:00+09:00,603.740598257621,624.0343998797258,600.3582979872701,620.652099609375,851000,0.0,0.0
2013-01-28 00:00:00+09:00,627.4166259765625,635.8723756527964,624.0343261060689,627.4166259765625,596000,0.0,0.0
2013-01-29 00:00:00+09:00,629.107886402027,640.9459380278716,625.7255859375,625.7255859375,373500,0.0,0.0
2013-01-30 00:00:00+09:00,634.1811531468442,642.6369018554688,632.4900034051192,642.6369018554688,292000,0.0,0.0
2013-01-31 00:00:00+09:00,634.1813590861758,640.9459602497617,624.034457340797,637.5636596679688,319000,0.0,0.0
2013-02-01 00:00:00+09:00,639.2546383446088,642.6369380183897,629.1077393232657,630.7988891601562,236500,0.0,0.0
2013-02-04 00:00:00+09:00,634.1812864263007,637.5635866205743,632.4901363291639,635.8724365234375,371000,0.0,0.0
2013-02-05 00:00:00+09:00,627.4165891564411,630.7988888284435,620.6519898124363,622.3431396484375,209000,0.0,0.0
2013-02-06 00:00:00+09:00,627.4165401303671,632.4899892419335,620.6519413149454,624.0342407226562,336000,0.0,0.0
2013-02-07 00:00:00+09:00,627.4165891564411,642.6369376804518,618.9608399764352,622.3431396484375,635500,0.0,0.0
2013-02-08 00:00:00+09:00,630.7989258470561,632.4900757823028,622.3431761708221,627.4166259765625,267500,0.0,0.0
2013-02-12 00:00:00+09:00,630.799060452369,635.8725113407257,625.7256095640121,629.10791015625,382000,0.0,0.0
2013-02-13 00:00:00+09:00,629.1077759118093,634.1812257175496,624.0343261060689,627.4166259765625,431000,0.0,0.0
2013-02-14 00:00:00+09:00,629.1076898342226,632.4899892419335,622.3430910188008,624.0342407226562,452500,0.0,0.0
2013-02-15 00:00:00+09:00,620.652099609375,622.3432497445505,617.2697993390242,620.652099609375,491000,0.0,0.0
2013-02-18 00:00:00+09:00,622.3432357463431,639.2547367177111,622.3432357463431,635.8724365234375,467500,0.0,0.0
2013-02-19 00:00:00+09:00,634.1812497093564,649.401599702381,634.1812497093564,639.2546997070312,463500,0.0,0.0
2013-02-20 00:00:00+09:00,642.6369509660186,659.5484496756507,642.6369509660186,657.8572998046875,334000,0.0,0.0
2013-02-21 00:00:00+09:00,656.1661253936531,662.9307246245155,649.4015261627908,654.4749755859375,348500,0.0,0.0
2013-02-22 00:00:00+09:00,646.019299703931,654.4750497000558,635.8723997085814,639.2546997070312,347500,0.0,0.0
2013-02-25 00:00:00+09:00,649.4015256871728,652.7838253001269,642.6369264612648,646.0192260742188,281500,0.0,0.0
2013-02-26 00:00:00+09:00,640.9458497062561,649.401599702381,637.5635497078063,639.2546997070312,270000,0.0,0.0
2013-02-27 00:00:00+09:00,637.5634885077183,640.9457881814992,627.4165894863753,630.7988891601562,202500,0.0,0.0
2013-02-28 00:00:00+09:00,630.7989862320271,644.3281870091215,630.7989862320271,635.8724365234375,180500,0.0,0.0
2013-03-01 00:00:00+09:00,637.5634648681,647.7103635132156,630.7988657713562,644.3280639648438,333500,0.0,0.0
2013-03-04 00:00:00+09:00,649.4015132874016,654.4749626099594,642.6369141906578,644.3280639648438,254000,0.0,0.0
2013-03-05 00:00:00+09:00,651.0926505640933,652.7838003058182,642.6369018554688,642.6369018554688,182500,0.0,0.0
2013-03-06 00:00:00+09:00,647.7105089954493,659.5485600736952,642.6370585333441,656.166259765625,284000,0.0,0.0
2013-03-07 00:00:00+09:00,657.8573614756266,659.548511505127,647.7104612986246,649.401611328125,207500,0.0,0.0
2013-03-08 00:00:00+09:00,649.4015504498715,659.5484496756507,649.4015504498715,657.8572998046875,449500,0.0,0.0
2013-03-11 00:00:00+09:00,661.2396118164062,673.0776611328125,657.8573120117187,668.0042114257812,208000,0.0,0.0
2013-03-12 00:00:00+09:00,668.0043350610978,671.3866354917868,659.548583984375,659.548583984375,318500,0.0,0.0
2013-03-13 00:00:00+09:00,659.5484739361387,674.7688233346651,656.1661740697996,669.6953735351562,388500,0.0,0.0
2013-03-14 00:00:00+09:00,676.4601648878993,689.9893681856573,676.4601648878993,688.2982177734375,322500,0.0,0.0
2013-03-15 00:00:00+09:00,693.3714357242168,701.8271849403658,689.9891360377572,698.4448852539062,456500,0.0,0.0
2013-03-18 00:00:00+09:00,691.680419921875,698.4450206057076,683.2246690670844,691.680419921875,397500,0.0,0.0
2013-03-19 00:00:00+09:00,691.6803222062234,701.8272217984908,689.9891722741788,695.0626220703125,441500,0.0,0.0
2013-03-21 00:00:00+09:00,695.0625855674466,703.5183347835956,691.6802858809871,698.4448852539062,817000,0.0,0.0
2013-03-22 00:00:00+09:00,700.1360473632812,708.5917967275722,695.0625977447067,700.1360473632812,538500,0.0,0.0
2013-03-25 00:00:00+09:00,713.6651599618742,717.0474592981864,705.2094116210938,705.2094116210938,469500,0.0,0.0
2013-03-26 00:00:00+09:00,705.2094969818558,705.2094969818558,691.6802979989905,700.1360473632812,407000,0.0,0.0
2013-03-27 00:00:00+09:00,706.9006958007812,713.6652957605974,703.5183958208731,706.9006958007812,235500,0.0,0.0
2013-03-28 00:00:00+09:00,701.8272217984908,703.5183717305353,688.2980223421343,695.0626220703125,214500,0.0,0.0
2013-03-29 00:00:00+09:00,698.4450206057076,698.4450206057076,676.4600683832518,691.680419921875,250000,0.0,0.0
2013-04-01 00:00:00+09:00,689.9890843115481,693.3713837444479,666.31298828125,666.31298828125,328000,0.0,0.0
2013-04-02 00:00:00+09:00,662.9308238636364,666.3131239853897,644.3281731939935,651.0927734375,391000,0.0,0.0
2013-04-03 00:00:00+09:00,651.0927244220549,662.9307739570013,649.4015744884911,661.2396240234375,266000,0.0,0.0
2013-04-04 00:00:00+09:00,656.1661973674007,681.533447265625,651.0927473877558,681.533447265625,292000,0.0,0.0
2013-04-05 00:00:00+09:00,703.5184456538228,708.591895983057,691.6803948856094,696.7538452148438,357500,0.0,0.0
2013-04-08 00:00:00+09:00,703.5183472553699,722.1209958606802,693.3714480161098,708.591796875,415000,0.0,0.0
2013-04-09 00:00:00+09:00,710.2830073518572,723.8122074918927,705.209557299344,717.047607421875,413000,0.0,0.0
2013-04-10 00:00:00+09:00,710.2829225368409,717.0475217990966,703.5183232745853,713.6652221679688,445000,0.0,0.0
2013-04-11 00:00:00+09:00,713.665332205222,720.4299325104847,705.2095818236435,711.9741821289062,422000,0.0,0.0
2013-04-12 00:00:00+09:00,705.2094116210938,713.6651599618742,703.5182619529376,705.2094116210938,369500,0.0,0.0
2013-04-15 00:00:00+09:00,698.4448849547143,701.827184639725,686.6068360571768,689.9891357421875,426500,0.0,0.0
2013-04-16 00:00:00+09:00,676.4599006558642,696.7536976755401,676.4599006558642,684.9156494140625,535000,0.0,0.0
2013-04-17 00:00:00+09:00,686.6068480841003,695.062597444742,683.2245483398438,683.2245483398438,677500,0.0,0.0
2013-04-18 00:00:00+09:00,678.1510504075038,693.3713981722608,678.1510504075038,684.9156494140625,468500,0.0,0.0
2013-04-19 00:00:00+09:00,681.5333984677154,689.989147828357,678.1510987234587,683.2245483398438,330000,0.0,0.0
2013-04-22 00:00:00+09:00,696.753747617565,708.5917967275722,696.753747617565,700.1360473632812,400500,0.0,0.0
2013-04-23 00:00:00+09:00,695.0628194223166,700.1362706589758,681.5336161245585,688.2982177734375,537500,0.0,0.0
2013-04-24 00:00:00+09:00,698.4448738278936,713.6652221679688,695.0625741967658,713.6652221679688,430000,0.0,0.0
2013-04-25 00:00:00+09:00,717.047509994865,725.5032589334837,711.9740606316938,720.4298095703125,471500,0.0,0.0
2013-04-26 00:00:00+09:00,735.6501576598262,737.3413074475499,717.047509994865,720.4298095703125,360000,0.0,0.0
2013-04-30 00:00:00+09:00,722.1211944580078,722.1211944580078,710.2831420898438,710.2831420898438,346000,0.0,0.0
2013-05-01 00:00:00+09:00,710.2830320525906,715.3564822815376,705.2095818236435,711.9741821289062,473000,0.0,0.0
2013-05-02 00:00:00+09:00,715.3563719835327,720.4298214302244,708.591772721277,713.6652221679688,230000,0.0,0.0
2013-05-07 00:00:00+09:00,722.1210202558325,737.3413696289062,720.4298703254909,737.3413696289062,290000,0.0,0.0
2013-05-08 00:00:00+09:00,742.4150623139881,747.488513764881,737.3416108630952,745.79736328125,404000,0.0,0.0
2013-05-09 00:00:00+09:00,745.7971194238507,745.7971194238507,725.5033202558548,728.8856201171875,110000,0.0,0.0
2013-05-10 00:00:00+09:00,742.4148071289062,747.4882568359375,737.3413574218749,744.10595703125,242000,0.0,0.0
2013-05-13 00:00:00+09:00,752.5616331358214,754.2527828732052,742.4147347115181,750.8704833984375,303500,0.0,0.0
2013-05-14 00:00:00+09:00,754.2530262018896,761.0176273337452,747.488425070034,759.3264770507812,319500,0.0,0.0
2013-05-15 00:00:00+09:00,761.0175299537557,767.7821302200113,749.1794794878083,754.2529296875,405000,0.0,0.0
2013-05-16 00:00:00+09:00,750.870556640625,757.63515625,735.6502075195312,744.10595703125,296500,0.0,0.0
2013-05-17 00:00:00+09:00,745.7971425845923,769.4732423491826,740.7236926350372,766.0909423828125,384500,0.0,0.0
2013-05-20 00:00:00+09:00,776.2378296966887,786.3847294312859,772.8555297851562,772.8555297851562,282500,0.0,0.0
2013-05-21 00:00:00+09:00,779.6201654905914,789.7670656922043,777.9290154569893,786.384765625,198000,0.0,0.0
2013-05-22 00:00:00+09:00,794.8405287736408,799.9139789573023,774.5467280389946,779.6201782226562,295500,0.0,0.0
2013-05-23 00:00:00+09:00,779.6200521406433,788.0758010792621,720.4298095703125,720.4298095703125,482000,0.0,0.0
2013-05-24 00:00:00+09:00,732.2677737468948,750.8704192693333,711.9739786315074,733.9589233398438,558500,0.0,0.0
2013-05-27 00:00:00+09:00,706.9007458733123,720.4299467512704,681.5334942271409,696.7538452148438,442000,0.0,0.0
2013-05-28 00:00:00+09:00,688.2981876918248,717.0477434430803,686.6070373535156,710.2831420898438,424000,0.0,0.0
2013-05-29 00:00:00+09:00,732.2679199785201,740.7236696318517,722.1210203945221,728.8856201171875,413500,0.0,0.0
2013-05-30 00:00:00+09:00,715.3564211038442,725.5033206939697,700.1360717186561,703.5183715820312,419500,0.0,0.0
2013-05-31 00:00:00+09:00,715.3565931047712,723.8123447963169,700.1362400599888,710.2831420898438,420500,0.0,0.0
2013-06-03 00:00:00+09:00,711.97409662142,723.8121457338902,701.8271973821599,708.591796875,427500,0.0,0.0
2013-06-04 00:00:00+09:00,703.5185407366071,715.3565931047712,695.0627890450613,710.2831420898438,463500,0.0,0.0
2013-06-05 00:00:00+09:00,710.2829466004303,733.9590448204447,700.1360473632812,700.1360473632812,631500,0.0,0.0
2013-06-06 00:00:00+09:00,686.6068603515624,693.3714599609375,666.3130615234375,668.0042114257812,471000,0.0,0.0
2013-06-07 00:00:00+09:00,657.8572621583313,662.9307114808892,630.7988657713562,644.3280639648438,522000,0.0,0.0
2013-06-10 00:00:00+09:00,657.857288149733,673.07763671875,652.7838386267274,673.07763671875,307000,0.0,0.0
2013-06-11 00:00:00+09:00,664.6219972882952,678.1511982509069,659.5485469273159,662.9308471679688,400500,0.0,0.0
2013-06-12 00:00:00+09:00,656.1661499337242,662.9307494175771,646.019250707945,657.8572998046875,363500,0.0,0.0
2013-06-13 00:00:00+09:00,651.0928640057963,654.4751645980342,629.10791015625,629.10791015625,334000,0.0,0.0
2013-06-14 00:00:00+09:00,639.2547877956081,649.4016891891891,625.7255859375,625.7255859375,651500,0.0,0.0
2013-06-17 00:00:00+09:00,627.416578662488,656.1661253936531,627.416578662488,654.4749755859375,336500,0.0,0.0
2013-06-18 00:00:00+09:00,651.0927620034734,654.4750620658291,635.8724117228727,640.9458618164062,409000,0.0,0.0
2013-06-19 00:00:00+09:00,651.0929072088528,652.7840576171875,642.6371551671795,652.7840576171875,335500,0.0,0.0
2013-06-20 00:00:00+09:00,642.6370118475841,651.0927620034734,640.9458618164062,640.9458618164062,464000,0.0,0.0
2013-06-21 00:00:00+09:00,639.2546146422859,647.7103635132156,625.7254164487983,644.3280639648438,503000,0.0,0.0
2013-06-24 00:00:00+09:00,651.0927963256836,673.0777478899275,649.4016462053571,662.9308471679688,488500,0.0,0.0
2013-06-25 00:00:00+09:00,671.386712108869,671.386712108869,642.6371551671795,652.7840576171875,477500,0.0,0.0
2013-06-26 00:00:00+09:00,645.1241185083466,651.9328163290152,631.5067228670094,634.9110717773438,244000,5.0,0.0
2013-06-27 00:00:00+09:00,643.4219539302806,650.2306518554688,633.2089070424984,650.2306518554688,301000,0.0,0.0
2013-06-28 00:00:00+09:00,660.4436836720708,682.5719514239701,657.0393347871633,679.1676025390625,341000,0.0,0.0
2013-07-01 00:00:00+09:00,679.1675946830524,687.678466796875,670.6567225692296,687.678466796875,271000,0.0,0.0
2013-07-02 00:00:00+09:00,685.9763619559152,691.0828857421875,677.4654889787947,691.0828857421875,224000,0.0,0.0
2013-07-03 00:00:00+09:00,696.1891833793827,699.5935314643674,689.3804872094131,697.891357421875,184500,0.0,0.0
2013-07-04 00:00:00+09:00,694.4871399518356,701.2958374023438,692.7849655892086,701.2958374023438,151000,0.0,0.0
2013-07-05 00:00:00+09:00,702.9980133712149,713.2110595703125,701.2958390046987,713.2110595703125,228500,0.0,0.0
2013-07-08 00:00:00+09:00,718.317616903753,720.0197913513922,699.5936979797215,702.998046875,205000,0.0,0.0
2013-07-09 00:00:00+09:00,716.6154007821713,723.4240981767762,713.2110520848688,721.721923828125,229500,0.0,0.0
2013-07-10 00:00:00+09:00,721.721923828125,726.8284468740787,716.6154007821713,721.721923828125,171500,0.0,0.0
2013-07-11 00:00:00+09:00,718.3175751308225,725.1262725254275,711.5088777362175,721.721923828125,211000,0.0,0.0
2013-07-12 00:00:00+09:00,723.4240048430687,731.9348754882812,721.7218307140262,731.9348754882812,253000,0.0,0.0
2013-07-16 00:00:00+09:00,731.9350408276482,735.3393898547536,723.4241682598848,725.1263427734375,190500,0.0,0.0
2013-07-17 00:00:00+09:00,720.0198110770737,735.3393815255221,720.0198110770737,733.63720703125,154000,0.0,0.0
2013-07-18 00:00:00+09:00,735.3393129121273,745.5523589247957,735.3393129121273,742.1480102539062,1337000,0.0,0.0
2013-07-19 00:00:00+09:00,742.1479726060529,743.8501468551493,725.1262301150883,728.5305786132812,214000,0.0,0.0
2013-07-22 00:00:00+09:00,731.934989841505,740.4458618164062,726.8284666565643,740.4458618164062,215500,0.0,0.0
2013-07-23 00:00:00+09:00,733.6370968905362,752.3610135165128,733.6370968905362,748.9566650390625,201500,0.0,0.0
2013-07-24 00:00:00+09:00,743.8502197265625,745.5523941424127,733.6371732314609,743.8502197265625,123000,0.0,0.0
2013-07-25 00:00:00+09:00,745.5525334157101,755.7655818186649,743.8503586818842,750.6590576171875,255500,0.0,0.0
2013-07-26 00:00:00+09:00,735.3392686381351,738.7436171040524,718.3175263085486,737.0414428710938,362000,0.0,0.0
2013-07-29 00:00:00+09:00,718.3175903910025,720.0197647758152,702.9980209276872,704.7001953125,204000,0.0,0.0
2013-07-30 00:00:00+09:00,699.5937587193081,714.913330078125,696.1894095284598,714.913330078125,148000,0.0,0.0
2013-07-31 00:00:00+09:00,704.7002825055804,728.5307268415179,704.7002825055804,714.913330078125,311000,0.0,0.0
2013-08-01 00:00:00+09:00,721.7220871421486,750.6590576171875,720.0199124083227,750.6590576171875,264500,0.0,0.0
2013-08-02 00:00:00+09:00,750.6590308378428,765.978602895758,738.743808126131,764.2764282226562,269000,0.0,0.0
2013-08-05 00:00:00+09:00,759.1697998046875,760.8719742437115,747.2545787315198,759.1697998046875,213000,0.0,0.0
2013-08-06 00:00:00+09:00,757.4677118704469,783.0003313716979,754.0633626036134,781.2981567382812,456000,0.0,0.0
2013-08-07 00:00:00+09:00,769.3829796892716,771.0851544230974,748.9568828833617,750.6590576171875,530500,0.0,0.0
2013-08-08 00:00:00+09:00,743.850184589351,760.8719279437984,742.1480102539062,742.1480102539062,152500,0.0,0.0
2013-08-09 00:00:00+09:00,742.1479726060529,747.2544953533422,721.7218816168954,728.5305786132812,291000,0.0,0.0
2013-08-12 00:00:00+09:00,728.5306137547349,740.4458340731535,721.7219164299242,730.2327880859375,187500,0.0,0.0
2013-08-13 00:00:00+09:00,737.0415220631614,743.8502197265625,728.5306499839102,743.8502197265625,135000,0.0,0.0
2013-08-14 00:00:00+09:00,743.8502893801088,743.8502893801088,725.1263690524631,735.3394165039062,193500,0.0,0.0
2013-08-15 00:00:00+09:00,721.7219314028938,723.4241057694101,711.5088852037962,713.2110595703125,209500,0.0,0.0
2013-08-16 00:00:00+09:00,704.7002213226392,711.508919113196,701.2958724273608,702.998046875,227500,0.0,0.0
2013-08-19 00:00:00+09:00,697.8915315515854,701.2958804859834,689.3806592155905,694.4871826171875,234000,0.0,0.0
2013-08-20 00:00:00+09:00,692.7851037209658,709.8068507411369,691.0829290189487,696.189453125,229000,0.0,0.0
2013-08-21 00:00:00+09:00,696.1894445770788,702.998143301549,691.0829205337262,692.7850952148438,121000,0.0,0.0
2013-08-22 00:00:00+09:00,696.1894095284598,720.0198538643973,692.7850603376116,714.913330078125,184000,0.0,0.0
2013-08-23 00:00:00+09:00,730.2326980482602,730.2326980482602,716.6153050776633,720.0196533203125,179500,0.0,0.0
2013-08-26 00:00:00+09:00,723.4241057694101,726.8284545024426,711.5088852037962,713.2110595703125,97000,0.0,0.0
2013-08-27 00:00:00+09:00,716.6153050776633,723.4240015629617,714.9131309563386,720.0196533203125,173500,0.0,0.0
2013-08-28 00:00:00+09:00,697.8915754257907,714.9133211678833,696.1894008515816,699.59375,227000,0.0,0.0
2013-08-29 00:00:00+09:00,699.5937060187845,706.4024038875804,689.3806592155905,694.4871826171875,165000,0.0,0.0
2013-08-30 00:00:00+09:00,694.4871632458281,697.8915120852685,675.7632446289062,675.7632446289062,203500,0.0,0.0
2013-09-02 00:00:00+09:00,684.2741258664239,687.6784747513315,677.4654280966088,679.1676025390625,149500,0.0,0.0
2013-09-03 00:00:00+09:00,689.3807543169315,701.2959772310513,689.3807543169315,696.189453125,104000,0.0,0.0
2013-09-04 00:00:00+09:00,685.9763534063261,702.9980991484185,685.9763534063261,699.59375,105500,0.0,0.0
2013-09-05 00:00:00+09:00,706.4022276343369,714.9130978467988,692.7848352943979,697.891357421875,149000,0.0,0.0
2013-09-06 00:00:00+09:00,701.2958724273608,711.508919113196,692.7850001891646,702.998046875,234500,0.0,0.0
2013-09-09 00:00:00+09:00,723.4241135454408,726.8284623150664,699.5936721580616,704.7001953125,243500,0.0,0.0
2013-09-10 00:00:00+09:00,702.9980117649708,708.104534852852,697.8914886770897,701.2958374023438,209000,0.0,0.0
2013-09-11 00:00:00+09:00,706.4024926637842,708.1046673449017,689.3807458526087,692.7850952148438,238500,0.0,0.0
2013-09-12 00:00:00+09:00,694.4872784229829,699.5938025290343,692.7851037209658,696.189453125,214500,0.0,0.0
2013-09-13 00:00:00+09:00,702.9978795493522,704.7000535918445,694.4870093368903,697.891357421875,419000,0.0,0.0
2013-09-17 00:00:00+09:00,697.8915754257907,704.7002737226278,696.1894008515816,699.59375,170500,0.0,0.0
2013-09-18 00:00:00+09:00,708.1045290389151,730.2327955713812,708.1045290389151,721.721923828125,392000,0.0,0.0
2013-09-19 00:00:00+09:00,731.9350155597458,738.7437133789062,723.4241432857953,738.7437133789062,233500,0.0,0.0
2013-09-20 00:00:00+09:00,738.7437916934218,747.2546648696133,733.637267787707,745.552490234375,206000,0.0,0.0
2013-09-24 00:00:00+09:00,747.2547081495359,765.9786302216199,747.2547081495359,750.6590576171875,512500,0.0,0.0
2013-09-25 00:00:00+09:00,752.3610322969454,757.4675551405899,735.3392894847973,755.765380859375,332000,0.0,0.0
2013-09-26 00:00:00+09:00,759.1699042033512,772.7873015881646,742.1481574723343,764.2764282226562,259000,0.0,0.0
2013-09-27 00:00:00+09:00,764.2762877732181,764.2762877732181,750.6588928908444,757.4675903320312,153500,0.0,0.0
2013-09-30 00:00:00+09:00,750.6589173899636,754.063266221664,742.1480453107122,743.8502197265625,182000,0.0,0.0
2013-10-01 00:00:00+09:00,743.8501680065667,755.7653880890518,743.8501680065667,747.2545166015625,165500,0.0,0.0
2013-10-02 00:00:00+09:00,752.3610918058138,752.3610918058138,737.0415220631614,743.8502197265625,246000,0.0,0.0
2013-10-03 00:00:00+09:00,742.1480362113864,745.5523850013469,740.4458618164062,740.4458618164062,160000,0.0,0.0
2013-10-04 00:00:00+09:00,735.3393815255221,740.4459050083382,728.5306835484339,733.63720703125,141000,0.0,0.0
2013-10-07 00:00:00+09:00,731.9349699200325,733.6371442686836,721.721923828125,721.721923828125,138000,0.0,0.0
2013-10-08 00:00:00+09:00,723.4242199762772,747.2546648696133,723.4242199762772,745.552490234375,197500,0.0,0.0
2013-10-09 00:00:00+09:00,737.0414890263473,755.7654067614278,735.3393146867946,754.063232421875,244500,0.0,0.0
2013-10-10 00:00:00+09:00,754.0633195557746,757.4676686282611,748.9567959470447,752.3611450195312,169500,0.0,0.0
2013-10-11 00:00:00+09:00,757.4676686282611,760.8720177007477,748.9567959470447,752.3611450195312,233500,0.0,0.0
2013-10-15 00:00:00+09:00,760.8719079962984,781.297999486132,760.8719079962984,779.5958251953125,349000,0.0,0.0
2013-10-16 00:00:00+09:00,774.4894054165355,774.4894054165355,757.4676602425458,760.8720092773438,165500,0.0,0.0
2013-10-17 00:00:00+09:00,762.5741837947427,765.9785328295407,757.4676602425458,760.8720092773438,192000,0.0,0.0
2013-10-18 00:00:00+09:00,760.8719742437115,762.5741486827354,757.4676253656636,759.1697998046875,106500,0.0,0.0
2013-10-21 00:00:00+09:00,759.1699042033512,764.2764282226562,752.3612055109444,764.2764282226562,148000,0.0,0.0
2013-10-22 00:00:00+09:00,762.5742535495546,764.2764282226562,759.1699042033512,764.2764282226562,89500,0.0,0.0
2013-10-23 00:00:00+09:00,765.978433874039,771.0849567665326,747.2545166015625,747.2545166015625,188500,0.0,0.0
2013-10-24 00:00:00+09:00,742.1481839480584,752.3612323510133,733.6373102789292,750.6590576171875,178000,0.0,0.0
2013-10-25 00:00:00+09:00,754.0631852006802,754.0631852006802,737.0414428710938,737.0414428710938,221000,0.0,0.0
2013-10-28 00:00:00+09:00,737.0414453679865,748.9566650390625,737.0414453679865,748.9566650390625,100500,0.0,0.0
2013-10-29 00:00:00+09:00,743.8503155991367,752.3611887753282,742.1481409638984,745.552490234375,125500,0.0,0.0
2013-10-30 00:00:00+09:00,752.3611711774554,762.57421875,748.9568219866072,762.57421875,195000,0.0,0.0
2013-10-31 00:00:00+09:00,764.2762522654491,764.2762522654491,752.3610322969454,755.765380859375,176000,0.0,0.0
2013-11-01 00:00:00+09:00,757.4675336665974,757.4675336665974,731.9349201722177,737.0414428710938,243000,0.0,0.0
2013-11-05 00:00:00+09:00,743.8501398029283,747.2544882688456,731.9349201722177,737.0414428710938,142500,0.0,0.0
2013-11-06 00:00:00+09:00,731.934922651811,752.3610135165128,731.934922651811,748.9566650390625,165500,0.0,0.0
2013-11-07 00:00:00+09:00,748.9566908990604,750.6588651965582,740.445819411571,747.2545166015625,175000,0.0,0.0
2013-11-08 00:00:00+09:00,733.6371642364852,745.5523850013469,733.6371642364852,740.4458618164062,98500,0.0,0.0
2013-11-11 00:00:00+09:00,748.9567094032168,764.2762784591916,748.9567094032168,754.063232421875,219500,0.0,0.0
2013-11-12 00:00:00+09:00,750.6590649414063,765.9786376953125,750.6590649414063,765.9786376953125,180000,0.0,0.0
2013-11-13 00:00:00+09:00,762.5741134129214,765.9784621335148,757.4675903320312,757.4675903320312,106500,0.0,0.0
2013-11-14 00:00:00+09:00,757.4677639431424,765.9786376953125,755.7655891927084,765.9786376953125,249000,0.0,0.0
2013-11-15 00:00:00+09:00,769.382788616678,786.4045317276665,765.9784399944804,783.0001831054688,469500,0.0,0.0
2013-11-18 00:00:00+09:00,788.1067846786533,788.1067846786533,774.4893888310739,777.8937377929688,113500,0.0,0.0
2013-11-19 00:00:00+09:00,771.0849609375,779.5958324710266,769.3827866307947,771.0849609375,83000,0.0,0.0
2013-11-20 00:00:00+09:00,771.085065741288,777.893763893529,765.9785421271073,776.1915893554688,245000,0.0,0.0
2013-11-21 00:00:00+09:00,776.191555270901,791.5111254407213,776.191555270901,786.4046020507812,243000,0.0,0.0
2013-11-22 00:00:00+09:00,786.4045223585904,786.4045223585904,776.1914766136737,779.5958251953125,161500,0.0,0.0
2013-11-25 00:00:00+09:00,783.0001666272949,788.106689453125,779.5958180767414,788.106689453125,133500,0.0,0.0
2013-11-26 00:00:00+09:00,783.0003313716979,784.7025060051147,777.8938074714478,781.2981567382812,122500,0.0,0.0
2013-11-27 00:00:00+09:00,776.1915804825165,779.5959295197205,769.3828824081085,772.7872314453125,137000,0.0,0.0
2013-11-28 00:00:00+09:00,781.2981129696494,781.2981129696494,769.3828912032278,776.1915893554688,119500,0.0,0.0
2013-11-29 00:00:00+09:00,771.0850398691791,783.0002612358111,767.6806909072843,777.8937377929688,204500,0.0,0.0
2013-12-02 00:00:00+09:00,779.5959041975277,791.5111254407213,777.8937297342144,786.4046020507812,192000,0.0,0.0
2013-12-03 00:00:00+09:00,789.8088709402293,789.8088709402293,779.5958251953125,779.5958251953125,233000,0.0,0.0
2013-12-04 00:00:00+09:00,777.8936581643212,786.4045296978477,771.0849609375,771.0849609375,311500,0.0,0.0
2013-12-05 00:00:00+09:00,767.6807425362723,776.1916155133929,762.57421875,762.57421875,279500,0.0,0.0
2013-12-06 00:00:00+09:00,764.2764629448785,772.7873366970487,762.5742881944445,765.9786376953125,233500,0.0,0.0
2013-12-09 00:00:00+09:00,769.3828824081085,776.1915804825165,767.6807078895065,772.7872314453125,208500,0.0,0.0
2013-12-10 00:00:00+09:00,774.4894582046143,783.0003313716979,765.9785850375306,781.2981567382812,305500,0.0,0.0
2013-12-11 00:00:00+09:00,774.4894148174085,783.0002875077097,774.4894148174085,776.1915893554688,225000,0.0,0.0
2013-12-12 00:00:00+09:00,779.5959205289857,779.5959205289857,767.6806990361846,769.3828735351562,194000,0.0,0.0
2013-12-13 00:00:00+09:00,755.7654067614278,762.5741041196388,748.9567094032168,754.063232421875,639000,0.0,0.0
2013-12-16 00:00:00+09:00,755.7653880890518,759.1697366840475,745.5523423040646,747.2545166015625,200000,0.0,0.0
2013-12-17 00:00:00+09:00,750.6588837427695,759.1697554405333,750.6588837427695,754.063232421875,338000,0.0,0.0
2013-12-18 00:00:00+09:00,743.8502197265625,752.3610918058138,743.8502197265625,743.8502197265625,361500,0.0,0.0
2013-12-19 00:00:00+09:00,750.6588367347629,752.3610109677215,735.3392686381351,737.0414428710938,316500,0.0,0.0
2013-12-20 00:00:00+09:00,735.3393386314655,743.8502106063667,735.3393386314655,740.4458618164062,239500,0.0,0.0
2013-12-24 00:00:00+09:00,747.2544908003373,755.765361993963,743.850142322887,748.9566650390625,375000,0.0,0.0
2013-12-25 00:00:00+09:00,750.6590141400899,750.6590141400899,738.7437916934218,745.552490234375,385000,0.0,0.0
2013-12-26 00:00:00+09:00,746.4084705171131,756.6801467168899,744.6965244838169,754.9682006835938,213500,5.0,0.0
2013-12-27 00:00:00+09:00,760.1039111876755,761.8158569335938,751.5441824580846,761.8158569335938,252500,0.0,0.0
2013-12-30 00:00:00+09:00,765.2398942057291,770.375732421875,761.8160020616319,770.375732421875,193000,0.0,0.0
2014-01-06 00:00:00+09:00,777.2234524077019,778.9353983381153,763.5278849643944,773.799560546875,252000,0.0,0.0
2014-01-07 00:00:00+09:00,773.7995069016256,773.7995069016256,761.8158862195207,763.52783203125,204000,0.0,0.0
2014-01-08 00:00:00+09:00,768.6636329532463,772.0875244140625,763.5277957620219,772.0875244140625,170500,0.0,0.0
2014-01-09 00:00:00+09:00,770.3755786836545,772.0875244140625,763.5277957620219,772.0875244140625,221000,0.0,0.0
2014-01-10 00:00:00+09:00,765.2397414924301,772.0875244140625,758.3919585707976,772.0875244140625,318500,0.0,0.0
2014-01-14 00:00:00+09:00,765.2398445509139,766.9517905118779,751.5442768632017,756.6801147460938,447000,0.0,0.0
2014-01-15 00:00:00+09:00,763.5277688162668,766.95166015625,753.256094796317,766.95166015625,224500,0.0,0.0
2014-01-16 00:00:00+09:00,765.2397484254301,773.799477155021,761.8158569335938,761.8158569335938,209000,0.0,0.0
2014-01-17 00:00:00+09:00,772.0875045028068,806.3264182279868,766.9516674440299,802.9025268554688,614000,0.0,0.0
2014-01-20 00:00:00+09:00,801.1906470514114,801.1906470514114,792.6309179162466,796.0548095703125,217000,0.0,0.0
2014-01-21 00:00:00+09:00,796.0548095703125,799.4787012243784,790.9189720892138,796.0548095703125,96500,0.0,0.0
2014-01-22 00:00:00+09:00,787.4949930034159,792.6308299143077,782.359156092524,790.9188842773438,183500,0.0,0.0
2014-01-23 00:00:00+09:00,796.0548576422498,796.0548576422498,773.799560546875,773.799560546875,196500,0.0,0.0
2014-01-24 00:00:00+09:00,763.5278395219283,766.9517311789773,749.8322728937322,753.2561645507812,354000,0.0,0.0
2014-01-27 00:00:00+09:00,739.5605834675058,748.1203124428242,727.5769629020601,731.0008544921875,454000,0.0,0.0
2014-01-28 00:00:00+09:00,731.0007680016106,741.2724415566684,722.4410400390625,722.4410400390625,261000,0.0,0.0
2014-01-29 00:00:00+09:00,732.712726566949,751.5441284179688,732.712726566949,751.5441284179688,330000,0.0,0.0
2014-01-30 00:00:00+09:00,729.2890043438605,734.4248424026201,719.0173282263413,725.8651123046875,405500,0.0,0.0
2014-01-31 00:00:00+09:00,729.2889404296875,737.8486697774538,720.7292110819212,729.2889404296875,326500,0.0,0.0
2014-02-03 00:00:00+09:00,722.4411700322078,732.7128454355093,710.457548728356,712.1694946289062,140500,0.0,0.0
2014-02-04 00:00:00+09:00,695.0499093635694,696.761854953135,672.7946166992188,672.7946166992188,360000,0.0,0.0
2014-02-05 00:00:00+09:00,679.6424583724782,686.4902413283722,674.5066211555578,676.2185668945312,240000,0.0,0.0
2014-02-06 00:00:00+09:00,689.9140857231326,707.0335419445504,689.9140857231326,701.897705078125,273500,0.0,0.0
2014-02-07 00:00:00+09:00,707.0336622219642,719.0172836155567,703.6097703952233,705.3217163085938,447500,0.0,0.0
2014-02-10 00:00:00+09:00,717.3053879510788,719.017333984375,707.0337117513021,719.017333984375,176500,0.0,0.0
2014-02-12 00:00:00+09:00,717.3051738965539,725.8649015086846,710.4573918068494,720.7290649414062,228500,0.0,0.0
2014-02-13 00:00:00+09:00,722.4411754422974,722.4411754422974,701.897824481853,705.3217163085938,239000,0.0,0.0
2014-02-14 00:00:00+09:00,705.3216281135392,708.7455195121486,695.0499539177109,700.185791015625,251500,0.0,0.0
2014-02-17 00:00:00+09:00,701.8977903802711,713.8814111916415,693.3380612292922,710.45751953125,146000,0.0,0.0
2014-02-18 00:00:00+09:00,705.3216722997931,725.865021978428,701.8977806866874,724.153076171875,236500,0.0,0.0
2014-02-19 00:00:00+09:00,722.4412260509672,724.1531720842634,717.3053879510788,719.017333984375,93500,0.0,0.0
2014-02-20 00:00:00+09:00,722.4411403426204,724.1530861728162,710.45751953125,710.45751953125,192000,0.0,0.0
2014-02-21 00:00:00+09:00,719.0171120383523,734.4246215820312,719.0171120383523,734.4246215820312,186500,0.0,0.0
2014-02-24 00:00:00+09:00,727.5769677849809,739.5605884308511,710.4575097194519,724.153076171875,196000,0.0,0.0
2014-02-25 00:00:00+09:00,736.1366870287123,737.8486328125,727.5769581097737,737.8486328125,219500,0.0,0.0
2014-02-26 00:00:00+09:00,727.5769653320312,737.8486401367188,725.86501953125,727.5769653320312,188500,0.0,0.0
2014-02-27 00:00:00+09:00,724.1529559862585,731.0007380759631,713.8812828517017,720.7290649414062,157500,0.0,0.0
2014-02-28 00:00:00+09:00,722.4412202655144,731.000950363447,715.5934361871683,725.8651123046875,246500,0.0,0.0
2014-03-03 00:00:00+09:00,727.5769778332078,727.5769778332078,698.4738987198795,710.45751953125,171000,0.0,0.0
2014-03-04 00:00:00+09:00,698.4738056967703,717.3052073209479,698.4738056967703,715.59326171875,259000,0.0,0.0
2014-03-05 00:00:00+09:00,727.5768470311108,731.0007380759631,719.0171194189801,720.7290649414062,248000,0.0,0.0
2014-03-06 00:00:00+09:00,720.7291485082324,732.7127685546875,720.7291485082324,732.7127685546875,165000,0.0,0.0
2014-03-07 00:00:00+09:00,736.1365670868845,737.8485125917377,720.7290575432055,734.4246215820312,263000,0.0,0.0
2014-03-10 00:00:00+09:00,731.0007380759631,731.0007380759631,712.1693373292755,720.7290649414062,250000,0.0,0.0
2014-03-11 00:00:00+09:00,725.8651123046875,729.2890043438605,712.1695441479952,725.8651123046875,329000,0.0,0.0
2014-03-12 00:00:00+09:00,719.0171846897482,719.0171846897482,708.7455106227518,713.88134765625,197500,0.0,0.0
2014-03-13 00:00:00+09:00,712.1693132925725,715.5932042218637,707.0334768986356,708.7454223632812,114000,0.0,0.0
2014-03-14 00:00:00+09:00,696.761968039993,705.3216973770936,689.9141845703125,689.9141845703125,491500,0.0,0.0
2014-03-17 00:00:00+09:00,686.490319162754,696.7619947611992,686.490319162754,695.050048828125,250000,0.0,0.0
2014-03-18 00:00:00+09:00,701.8978298411649,705.3217216940486,696.7619920618394,698.4739379882812,188500,0.0,0.0
2014-03-19 00:00:00+09:00,700.1858893668298,703.6097812463742,691.6261596679688,691.6261596679688,278000,0.0,0.0
2014-03-20 00:00:00+09:00,695.0500247793602,701.8978082747234,686.4902954101562,686.4902954101562,504000,0.0,0.0
2014-03-24 00:00:00+09:00,696.7619867417419,719.0172836155567,696.7619867417419,705.3217163085938,451000,0.0,0.0
2014-03-25 00:00:00+09:00,719.0173282263413,746.4084645397257,710.4575981284087,725.8651123046875,730000,0.0,0.0
2014-03-26 00:00:00+09:00,732.7127662836119,739.5605491460756,731.000820567996,736.1366577148438,420500,0.0,0.0
2014-03-27 00:00:00+09:00,741.2724903300061,746.4083274454565,725.864978983655,742.9844360351562,388500,0.0,0.0
2014-03-28 00:00:00+09:00,729.2888703939552,742.9844360351562,724.1530332785048,742.9844360351562,332000,0.0,0.0
2014-03-31 00:00:00+09:00,758.3920607070578,758.3920607070578,737.8487091754896,756.6801147460938,289000,0.0,0.0
2014-04-01 00:00:00+09:00,758.3920045617508,758.3920045617508,742.9844920537244,749.832275390625,251000,0.0,0.0
2014-04-02 00:00:00+09:00,744.6963794953233,749.832216595291,741.2724880953448,746.4083251953125,266500,0.0,0.0
2014-04-03 00:00:00+09:00,748.1202371723288,756.6799652864287,748.1202371723288,751.5441284179688,275000,0.0,0.0
2014-04-04 00:00:00+09:00,751.5441645609069,753.256110266057,742.9844360351562,742.9844360351562,161500,0.0,0.0
2014-04-07 00:00:00+09:00,732.7127618042555,753.256110266057,732.7127618042555,742.9844360351562,209500,0.0,0.0
2014-04-08 00:00:00+09:00,741.2724925853588,748.120275426794,732.7127640335648,739.560546875,265000,0.0,0.0
2014-04-09 00:00:00+09:00,725.8650269428699,727.5769727611314,713.8814062150395,717.3052978515625,211000,0.0,0.0
2014-04-10 00:00:00+09:00,722.4412260509672,732.712902250744,717.3053879510788,719.017333984375,167500,0.0,0.0
2014-04-11 00:00:00+09:00,705.3216820406626,715.5933570218373,703.6097362104668,710.45751953125,209000,0.0,0.0
2014-04-14 00:00:00+09:00,705.3215552395709,724.1529559862585,705.3215552395709,720.7290649414062,260500,0.0,0.0
2014-04-15 00:00:00+09:00,724.1530217232464,731.0008044345773,710.4574563005846,713.88134765625,186500,0.0,0.0
2014-04-16 00:00:00+09:00,724.1530399500767,734.4247142756097,720.7291485082324,732.7127685546875,155000,0.0,0.0
2014-04-17 00:00:00+09:00,736.1366577148438,742.9844405773074,732.7127662836119,736.1366577148438,164000,0.0,0.0
2014-04-18 00:00:00+09:00,736.1366577148438,736.1366577148438,729.2888748523801,736.1366577148438,92500,0.0,0.0
2014-04-21 00:00:00+09:00,736.136563413413,742.984345398654,732.7126724207924,741.2723999023438,168000,0.0,0.0
2014-04-22 00:00:00+09:00,746.4083617314385,753.2561448665894,736.1366870287123,737.8486328125,99000,0.0,0.0
2014-04-23 00:00:00+09:00,742.9844653600934,746.4083569055316,737.8486280419361,744.6964111328125,120500,0.0,0.0
2014-04-24 00:00:00+09:00,744.6963817403064,753.256110266057,737.8485989197059,742.9844360351562,262500,0.0,0.0
2014-04-25 00:00:00+09:00,756.6800063022347,756.6800063022347,732.7127662836119,736.1366577148438,235500,0.0,0.0
2014-04-28 00:00:00+09:00,729.2889038935615,737.8486328125,724.1530665421984,737.8486328125,172000,0.0,0.0
2014-04-30 00:00:00+09:00,737.848605717454,748.120280042987,729.2888771128432,732.7127685546875,216500,0.0,0.0
2014-05-01 00:00:00+09:00,737.848625689404,751.5441918274903,736.1366799221431,748.1203002929688,209000,0.0,0.0
2014-05-02 00:00:00+09:00,742.984433795334,746.4083251953125,741.2724880953448,746.4083251953125,134500,0.0,0.0
2014-05-07 00:00:00+09:00,739.5606804613797,744.6965185201393,720.7292742459279,725.8651123046875,257500,0.0,0.0
2014-05-08 00:00:00+09:00,724.153166285101,729.2890043438605,724.153166285101,725.8651123046875,138500,0.0,0.0
2014-05-09 00:00:00+09:00,724.1530399500767,737.848605717454,720.7291485082324,732.7127685546875,213000,0.0,0.0
2014-05-12 00:00:00+09:00,727.5769629020601,737.8486376724421,727.5769629020601,731.0008544921875,111000,0.0,0.0
2014-05-13 00:00:00+09:00,739.560544624856,744.6963817403064,734.4247075094056,742.9844360351562,146000,0.0,0.0
2014-05-14 00:00:00+09:00,739.5605714566648,749.8322460602295,737.848625689404,748.1203002929688,88000,0.0,0.0
2014-05-15 00:00:00+09:00,737.8486034304597,739.5605491460756,729.2888748523801,736.1366577148438,128500,0.0,0.0
2014-05-16 00:00:00+09:00,727.5768768165914,731.0007680016106,717.3052032615336,722.4410400390625,222500,0.0,0.0
2014-05-19 00:00:00+09:00,724.1529559862585,727.5768470311108,720.7290649414062,720.7290649414062,69000,0.0,0.0
2014-05-20 00:00:00+09:00,720.7290649414062,727.5768470311108,715.5932283741278,720.7290649414062,97500,0.0,0.0
2014-05-21 00:00:00+09:00,719.017243669824,719.017243669824,713.8814062150395,717.3052978515625,119500,0.0,0.0
2014-05-22 00:00:00+09:00,719.017265212368,731.0008862992407,715.5933734732614,729.2889404296875,149000,0.0,0.0
2014-05-23 00:00:00+09:00,731.000818323206,742.9844382957176,729.2888726128472,739.560546875,140500,0.0,0.0
2014-05-26 00:00:00+09:00,749.8323625837054,754.9682006835938,744.6965244838169,754.9682006835938,109000,0.0,0.0
2014-05-27 00:00:00+09:00,751.5442187222567,761.8158936934037,751.5442187222567,753.2561645507812,114000,0.0,0.0
2014-05-28 00:00:00+09:00,756.6800562078303,763.5278395219283,751.5442187222567,753.2561645507812,166500,0.0,0.0
2014-05-29 00:00:00+09:00,751.5441918274903,751.5441918274903,744.6964087584472,748.1203002929688,96000,0.0,0.0
2014-05-30 00:00:00+09:00,748.1202909662483,765.2397484254301,748.1202909662483,761.8158569335938,185000,0.0,0.0
2014-06-02 00:00:00+09:00,765.2398045461268,768.6636962890625,761.8159128031912,768.6636962890625,149000,0.0,0.0
2014-06-03 00:00:00+09:00,768.6636694664378,768.6636694664378,761.8158862195207,763.52783203125,125000,0.0,0.0
2014-06-04 00:00:00+09:00,763.52783203125,763.52783203125,758.3919945960622,763.52783203125,69000,0.0,0.0
2014-06-05 00:00:00+09:00,766.9517504175947,770.3756421605303,765.2398045461268,768.6636962890625,111000,0.0,0.0
2014-06-06 00:00:00+09:00,768.6635353055062,785.7829904348048,758.391862227927,784.071044921875,232000,0.0,0.0
2014-06-09 00:00:00+09:00,785.7830833251419,787.4950290404472,778.9353004639206,782.3591918945312,113500,0.0,0.0
2014-06-10 00:00:00+09:00,782.359348918898,785.783241036705,777.2235107421875,777.2235107421875,89500,0.0,0.0
2014-06-11 00:00:00+09:00,770.375571887394,785.7830833251419,770.375571887394,782.3591918945312,162500,0.0,0.0
2014-06-12 00:00:00+09:00,775.5114158748788,778.935307335695,768.6636329532463,772.0875244140625,104500,0.0,0.0
2014-06-13 00:00:00+09:00,770.3754808184361,787.4949359477347,766.9515897925763,784.071044921875,290000,0.0,0.0
2014-06-16 00:00:00+09:00,784.0711422008658,784.0711422008658,775.5114135742188,775.5114135742188,123000,0.0,0.0
2014-06-17 00:00:00+09:00,777.2234128731787,785.7831420898438,777.2234128731787,785.7831420898438,111000,0.0,0.0
2014-06-18 00:00:00+09:00,784.0711376098366,785.7830833251419,778.9353004639206,782.3591918945312,134500,0.0,0.0
2014-06-19 00:00:00+09:00,785.7830473664519,794.3427755512716,778.9352648185961,790.9188842773438,180000,0.0,0.0
2014-06-20 00:00:00+09:00,785.7829904348048,787.4949359477347,778.9352083830854,784.071044921875,264500,0.0,0.0
2014-06-23 00:00:00+09:00,784.0711912480596,796.054812074995,780.6472995832208,792.6309204101562,176500,0.0,0.0
2014-06-24 00:00:00+09:00,789.2070287453175,794.3428662425756,784.0711912480596,792.6309204101562,179500,0.0,0.0
2014-06-25 00:00:00+09:00,790.918984750601,790.918984750601,778.9353637695312,778.9353637695312,233500,0.0,0.0
2014-06-26 00:00:00+09:00,779.7959889099661,781.5173928589948,771.188969164823,778.0745849609375,169500,5.0,0.0
2014-06-27 00:00:00+09:00,772.9103687831333,774.6317727225166,760.8605412074497,771.18896484375,209000,0.0,0.0
2014-06-30 00:00:00+09:00,766.0248806602076,786.6817313746402,760.8606679815995,784.9603271484375,260000,0.0,0.0
2014-07-01 00:00:00+09:00,786.6817033888209,795.2887242136438,784.9602992238563,790.12451171875,171000,0.0,0.0
2014-07-02 00:00:00+09:00,790.124362697849,797.0099780590504,786.6815550172483,795.28857421875,138500,0.0,0.0
2014-07-03 00:00:00+09:00,791.8459176086294,793.5673217773438,786.6817051024861,793.5673217773438,114000,0.0,0.0
2014-07-04 00:00:00+09:00,797.0101884637412,797.0101884637412,783.2389541058363,786.6817626953125,264500,0.0,0.0
2014-07-07 00:00:00+09:00,783.2389541058363,788.4031669900506,783.2389541058363,786.6817626953125,127000,0.0,0.0
2014-07-08 00:00:00+09:00,784.9602642311398,791.8458805840446,781.5174560546875,781.5174560546875,345000,0.0,0.0
2014-07-09 00:00:00+09:00,781.5174245265936,788.4030406017177,776.3532124702505,779.7960205078125,182500,0.0,0.0
2014-07-10 00:00:00+09:00,778.0745532930293,783.23876492993,774.6317455350955,776.3531494140625,177500,0.0,0.0
2014-07-11 00:00:00+09:00,766.0248758951823,776.353301188151,762.5820674641927,774.6318969726562,155000,0.0,0.0
2014-07-14 00:00:00+09:00,772.9105283374078,791.8459755795269,767.7463154531935,786.6817626953125,200500,0.0,0.0
2014-07-15 00:00:00+09:00,786.6816365829367,788.4030406017177,778.0746164890314,779.7960205078125,167000,0.0,0.0
2014-07-16 00:00:00+09:00,776.3532749720982,786.6816999162946,776.3532749720982,783.2388916015625,139500,0.0,0.0
2014-07-17 00:00:00+09:00,774.6317770628802,781.5173928589948,772.9103731138516,778.0745849609375,174500,0.0,0.0
2014-07-18 00:00:00+09:00,771.1889331655481,771.1889331655481,760.8605099535094,769.467529296875,185000,0.0,0.0
2014-07-22 00:00:00+09:00,774.6318708147321,783.2388916015625,772.9104666573661,783.2388916015625,210500,0.0,0.0
2014-07-23 00:00:00+09:00,783.2388285453746,786.6816365829367,779.7960205078125,779.7960205078125,100500,0.0,0.0
2014-07-24 00:00:00+09:00,784.9602642311398,786.681668319366,778.074647878235,781.5174560546875,108000,0.0,0.0
2014-07-25 00:00:00+09:00,788.4031356008429,788.4031356008429,779.7961144698294,784.9603271484375,123500,0.0,0.0
2014-07-28 00:00:00+09:00,788.4031387992527,795.2887557319973,783.2389260996943,791.845947265625,210000,0.0,0.0
2014-07-29 00:00:00+09:00,795.2886080834173,800.4528198242188,791.8458002562164,800.4528198242188,147500,0.0,0.0
2014-07-30 00:00:00+09:00,795.2887079148065,797.0101120444923,747.0893922836062,759.1392211914062,805500,0.0,0.0
2014-07-31 00:00:00+09:00,766.0248961983337,771.1891089816934,748.8108535871353,752.253662109375,438000,0.0,0.0
2014-08-01 00:00:00+09:00,753.9749775279653,764.3034018776634,753.9749775279653,757.4177856445312,422000,0.0,0.0
2014-08-04 00:00:00+09:00,752.2536273532443,757.4178398980034,740.2037980821398,743.6466064453125,244000,0.0,0.0
2014-08-05 00:00:00+09:00,738.4824187155331,745.3680356732536,731.5968017578125,731.5968017578125,203500,0.0,0.0
2014-08-06 00:00:00+09:00,729.8753328663154,733.318141040213,724.7111206054688,724.7111206054688,150500,0.0,0.0
2014-08-07 00:00:00+09:00,724.7112128813684,729.875425799763,722.9898085752369,726.4326171875,168000,0.0,0.0
2014-08-08 00:00:00+09:00,721.2683667051301,726.4325793545703,709.21853718977,710.93994140625,279000,0.0,0.0
2014-08-11 00:00:00+09:00,719.5469083446222,726.4325246924176,716.1041001707245,724.7111206054688,189500,0.0,0.0
2014-08-12 00:00:00+09:00,728.1538652588473,731.5966731324116,719.5468455749366,721.2682495117188,326500,0.0,0.0
2014-08-13 00:00:00+09:00,722.9898085752369,726.4326171875,719.5469999629739,726.4326171875,184000,0.0,0.0
2014-08-14 00:00:00+09:00,729.8753975183823,735.0396102366727,722.9897805606618,731.5968017578125,299000,0.0,0.0
2014-08-15 00:00:00+09:00,728.1539306640625,731.5967388468713,724.7111224812537,728.1539306640625,202000,0.0,0.0
2014-08-18 00:00:00+09:00,724.7112128813684,733.3182344120261,724.7112128813684,726.4326171875,101000,0.0,0.0
2014-08-19 00:00:00+09:00,731.5967388468713,733.3181429382757,726.432526572658,728.1539306640625,138000,0.0,0.0
2014-08-20 00:00:00+09:00,726.4325578797539,733.3181745421211,726.4325578797539,729.8753662109375,96500,0.0,0.0
2014-08-21 00:00:00+09:00,733.3180587413699,740.2036743164062,731.5966548476108,740.2036743164062,143500,0.0,0.0
2014-08-22 00:00:00+09:00,747.0892898914426,750.5320976789608,740.2036743164062,740.2036743164062,222500,0.0,0.0
2014-08-25 00:00:00+09:00,738.4822704226472,741.9250782101653,735.039462635129,740.2036743164062,136000,0.0,0.0
2014-08-26 00:00:00+09:00,743.6464477824942,743.6464477824942,733.3180248966262,735.0394287109375,115500,0.0,0.0
2014-08-27 00:00:00+09:00,738.4823293240271,740.2037333550854,731.5967131997937,736.7609252929688,124000,0.0,0.0
2014-08-28 00:00:00+09:00,736.7610176282051,741.9252303685897,735.0396133814103,738.482421875,142000,0.0,0.0
2014-08-29 00:00:00+09:00,738.4823352444556,750.5321635584678,738.4823352444556,747.08935546875,241000,0.0,0.0
2014-09-01 00:00:00+09:00,747.08935546875,750.5321635584678,745.3679514238911,747.08935546875,41500,0.0,0.0
2014-09-02 00:00:00+09:00,748.8108551094907,755.6964721679688,748.8108551094907,755.6964721679688,106500,0.0,0.0
2014-09-03 00:00:00+09:00,755.6964721679688,762.5820892264469,753.9750679033493,755.6964721679688,187500,0.0,0.0
2014-09-04 00:00:00+09:00,752.2536636387298,759.1392806972078,747.0894508448712,755.6964721679688,160000,0.0,0.0
2014-09-05 00:00:00+09:00,760.8605937610973,766.0248059359465,755.6963815862483,757.4177856445312,157000,0.0,0.0
2014-09-08 00:00:00+09:00,762.5820036062745,779.7960443197344,755.6963873208906,767.7462158203125,345500,0.0,0.0
2014-09-09 00:00:00+09:00,767.7462752058699,769.4676794103674,760.8606583878801,764.303466796875,215000,0.0,0.0
2014-09-10 00:00:00+09:00,764.3033176908557,772.9103370342211,762.5819138221826,769.467529296875,248000,0.0,0.0
2014-09-11 00:00:00+09:00,776.3531494140625,778.0745532930293,772.9103416561287,776.3531494140625,170500,0.0,0.0
2014-09-12 00:00:00+09:00,779.7960832868304,790.1245082310268,779.7960832868304,783.2388916015625,525500,0.0,0.0
2014-09-16 00:00:00+09:00,786.6816999162946,788.4031040736608,779.7960832868304,783.2388916015625,216000,0.0,0.0
2014-09-17 00:00:00+09:00,784.960200757052,784.960200757052,778.0745849609375,778.0745849609375,94500,0.0,0.0
2014-09-18 00:00:00+09:00,784.9602992238563,791.8459158837146,778.0746825639978,790.12451171875,255500,0.0,0.0
2014-09-19 00:00:00+09:00,790.1244546383555,797.0100708007812,788.403050597749,797.0100708007812,299000,0.0,0.0
2014-09-22 00:00:00+09:00,795.2887242136438,795.2887242136438,788.4031075537854,790.12451171875,151000,0.0,0.0
2014-09-24 00:00:00+09:00,781.5174874441965,791.8459123883929,781.5174874441965,783.2388916015625,317500,0.0,0.0
2014-09-25 00:00:00+09:00,790.124362697849,795.28857421875,784.9601511769481,795.28857421875,274500,0.0,0.0
2014-09-26 00:00:00+09:00,793.5673798742649,793.5673798742649,786.6817626953125,786.6817626953125,215000,0.0,0.0
2014-09-29 00:00:00+09:00,793.5672270262605,793.5672270262605,784.9602072103576,788.4030151367188,137500,0.0,0.0
2014-09-30 00:00:00+09:00,786.6816047060806,786.6816047060806,771.188969164823,778.0745849609375,209500,0.0,0.0
2014-10-01 00:00:00+09:00,781.5174245265936,788.4030406017177,778.0746164890314,779.7960205078125,147000,0.0,0.0
2014-10-02 00:00:00+09:00,772.910514814164,772.910514814164,755.6964721679688,755.6964721679688,188000,0.0,0.0
2014-10-03 00:00:00+09:00,755.6964147150113,769.4676477849887,755.6964147150113,762.58203125,137000,0.0,0.0
2014-10-06 00:00:00+09:00,771.1889354816258,781.5173587246833,766.0247238600971,772.9103393554688,376500,0.0,0.0
2014-10-07 00:00:00+09:00,769.4676160165088,774.631828204539,760.860595703125,760.860595703125,286000,0.0,0.0
2014-10-08 00:00:00+09:00,745.3679881539205,762.5820294507778,745.3679881539205,759.1392211914062,193500,0.0,0.0
2014-10-09 00:00:00+09:00,764.3034600774083,764.3034600774083,745.3680139944094,750.5322265625,149000,0.0,0.0
2014-10-10 00:00:00+09:00,736.7609585719982,745.3679791160637,733.318150354372,741.9251708984375,231500,0.0,0.0
2014-10-14 00:00:00+09:00,722.9896020107582,745.3678515968055,722.9896020107582,735.0394287109375,328500,0.0,0.0
2014-10-15 00:00:00+09:00,735.0394287109375,738.4822363395601,728.1538134536922,735.0394287109375,170500,0.0,0.0
2014-10-16 00:00:00+09:00,716.1041001707245,728.1539287793665,716.1041001707245,724.7111206054688,305500,0.0,0.0
2014-10-17 00:00:00+09:00,724.7111484947387,752.2536149458451,717.8255318819621,719.5469360351562,750500,0.0,0.0
2014-10-20 00:00:00+09:00,743.6466098050458,753.975034941227,741.9252056156823,750.5322265625,324500,0.0,0.0
2014-10-21 00:00:00+09:00,750.5321575414355,750.5321575414355,726.4325011066187,736.7609252929688,351000,0.0,0.0
2014-10-22 00:00:00+09:00,747.0894508448712,757.4178764325883,745.3680465802516,755.6964721679688,162500,0.0,0.0
2014-10-23 00:00:00+09:00,747.0893940462754,767.7462436512416,747.0893940462754,762.58203125,215500,0.0,0.0
2014-10-24 00:00:00+09:00,772.9103687831333,776.3531766619001,764.3033490862165,771.18896484375,224500,0.0,0.0
2014-10-27 00:00:00+09:00,771.1889755049126,788.4030151367188,766.0247636153708,788.4030151367188,206500,0.0,0.0
2014-10-28 00:00:00+09:00,779.7961455163602,791.8459755795269,778.074741221622,786.6817626953125,234000,0.0,0.0
2014-10-29 00:00:00+09:00,786.6817392504778,803.8957816848427,784.9603350070413,802.1743774414062,288000,0.0,0.0
2014-10-30 00:00:00+09:00,798.7315099993323,809.0599346975995,793.5672976501986,805.6171264648438,353000,0.0,0.0
2014-10-31 00:00:00+09:00,805.6171981368323,833.1596664492025,793.5673682501701,829.7168579101562,548500,0.0,0.0
2014-11-04 00:00:00+09:00,845.2094627173311,850.373675320492,819.3883997015266,824.5526123046875,645000,0.0,0.0
2014-11-05 00:00:00+09:00,822.8312408320637,831.4382621796794,815.9456237539711,829.7168579101562,415500,0.0,0.0
2014-11-06 00:00:00+09:00,829.7168265677788,840.0452517947635,822.8312097497889,827.9954223632812,285000,0.0,0.0
2014-11-07 00:00:00+09:00,836.6023579581839,846.9307821305072,834.8809539294633,840.045166015625,390500,0.0,0.0
2014-11-10 00:00:00+09:00,831.4380299637958,846.9306640625,826.273818597561,846.9306640625,208500,0.0,0.0
2014-11-11 00:00:00+09:00,846.930695756212,850.373503462538,838.3236764903968,848.652099609375,337500,0.0,0.0
2014-11-12 00:00:00+09:00,855.5378697198412,867.5876988708249,848.6522530621363,850.3736572265625,489500,0.0,0.0
2014-11-13 00:00:00+09:00,848.6522843177872,855.5379012290878,845.209475862137,852.0950927734375,449000,0.0,0.0
2014-11-14 00:00:00+09:00,860.7021171248748,860.7021171248748,843.4880747823772,858.980712890625,353000,0.0,0.0
2014-11-17 00:00:00+09:00,845.2094963358645,848.6523048749109,827.9954536406331,829.7168579101562,548000,0.0,0.0
2014-11-18 00:00:00+09:00,834.8810707187257,845.2094963358645,822.8312408320637,829.7168579101562,625000,0.0,0.0
2014-11-19 00:00:00+09:00,833.1596316291601,845.2094610122265,819.3883980485128,821.1098022460938,400500,0.0,0.0
2014-11-20 00:00:00+09:00,829.7167932997189,831.4381974351954,819.3883684868593,822.8311767578125,177500,0.0,0.0
2014-11-21 00:00:00+09:00,819.388401340794,831.4382307722761,814.2241887273016,827.9954223632812,334500,0.0,0.0
2014-11-25 00:00:00+09:00,833.1596349767736,833.1596349767736,824.5526139542864,827.9954223632812,316500,0.0,0.0
2014-11-26 00:00:00+09:00,827.9953891642423,831.4381974351954,821.1097726223359,822.8311767578125,313500,0.0,0.0
2014-11-27 00:00:00+09:00,815.9455846312699,817.6669888182557,805.617159509355,810.7813720703125,379000,0.0,0.0
2014-11-28 00:00:00+09:00,817.66694059077,838.323789616221,817.66694059077,834.8809814453125,303500,0.0,0.0
2014-12-01 00:00:00+09:00,836.602330722537,846.9307545586177,836.602330722537,845.2093505859375,268500,0.0,0.0
2014-12-02 00:00:00+09:00,838.323734695217,850.3735625039778,834.8809267498568,845.2093505859375,249500,0.0,0.0
2014-12-03 00:00:00+09:00,852.0950613909887,860.70208221312,846.93084889771,850.3736572265625,438000,0.0,0.0
2014-12-04 00:00:00+09:00,855.5378142089844,865.8662385253906,853.81641015625,860.7020263671875,220500,0.0,0.0
2014-12-05 00:00:00+09:00,860.7020263671875,860.7020263671875,850.3736020507813,860.7020263671875,159500,0.0,0.0
2014-12-08 00:00:00+09:00,860.7020839568107,860.7020839568107,846.9308506135018,853.8164672851562,219500,0.0,0.0
2014-12-09 00:00:00+09:00,841.7664841967229,855.5377150220271,841.7664841967229,848.652099609375,183000,0.0,0.0
2014-12-10 00:00:00+09:00,836.6023456990218,840.0451537060137,817.6669016605666,819.3883056640625,359000,0.0,0.0
2014-12-11 00:00:00+09:00,809.0599678833266,824.5526055661988,809.0599678833266,810.7813720703125,397500,0.0,0.0
2014-12-12 00:00:00+09:00,802.174318232088,819.3883593958667,802.174318232088,805.6171264648438,520500,0.0,0.0
2014-12-15 00:00:00+09:00,798.7315689545333,809.0599944151522,797.0101647110968,802.1743774414062,245500,0.0,0.0
2014-12-16 00:00:00+09:00,795.28857421875,805.6169972605519,790.124362697849,795.28857421875,331000,0.0,0.0
2014-12-17 00:00:00+09:00,791.8458586789619,807.3384950444199,790.1244546383555,797.0100708007812,237500,0.0,0.0
2014-12-18 00:00:00+09:00,814.22412109375,822.8311414012949,810.781312970732,814.22412109375,258500,0.0,0.0
2014-12-19 00:00:00+09:00,831.4381188044965,845.2093505859375,831.4381188044965,845.2093505859375,390000,0.0,0.0
2014-12-22 00:00:00+09:00,850.373503462538,855.5377150220271,845.2092919030489,848.652099609375,414500,0.0,0.0
2014-12-24 00:00:00+09:00,857.25927734375,860.7020856864959,846.9308523155121,857.25927734375,238500,0.0,0.0
2014-12-25 00:00:00+09:00,850.3734716399898,858.9804905837144,843.4878564850102,846.9306640625,175000,0.0,0.0
2014-12-26 00:00:00+09:00,832.2241179345804,846.0656833056337,823.573139577672,835.6845092773438,493000,5.0,0.0
2014-12-29 00:00:00+09:00,835.6845617416058,835.6845617416058,804.5410377015459,813.1920166015625,692500,0.0,0.0
2014-12-30 00:00:00+09:00,818.3825271606446,832.2240921020508,813.1919403076172,830.493896484375,324500,0.0,0.0
2015-01-05 00:00:00+09:00,823.5731878765558,827.0335794222557,813.1920132394564,816.6524047851562,348500,0.0,0.0
2015-01-06 00:00:00+09:00,802.81086597108,808.0014534665828,788.9692993164062,788.9692993164062,402500,0.0,0.0
2015-01-07 00:00:00+09:00,780.3182629824735,795.8900243280218,780.3182629824735,785.5088500976562,305000,0.0,0.0
2015-01-08 00:00:00+09:00,790.6995239257812,794.1599157153908,787.2391321361716,790.6995239257812,350000,0.0,0.0
2015-01-09 00:00:00+09:00,792.4295654296875,799.3503476605144,787.2389787565672,792.4295654296875,411000,0.0,0.0
2015-01-13 00:00:00+09:00,783.7787403465621,790.6995239257812,769.9371731881239,790.6995239257812,366000,0.0,0.0
2015-01-14 00:00:00+09:00,788.9692704756181,795.8900535499656,782.0484874012706,787.2390747070312,258500,0.0,0.0
2015-01-15 00:00:00+09:00,788.969275681516,816.6524081615692,788.969275681516,813.1920166015625,349500,0.0,0.0
2015-01-16 00:00:00+09:00,794.1598286229608,801.0806114432045,775.1276758672908,785.5088500976562,361000,0.0,0.0
2015-01-19 00:00:00+09:00,795.8899765835014,808.0013457923807,794.1597809822329,804.5409545898438,233500,0.0,0.0
2015-01-20 00:00:00+09:00,811.4617855402682,820.1127640641517,806.2711984259382,818.382568359375,237000,0.0,0.0
2015-01-21 00:00:00+09:00,818.3826073540581,818.3826073540581,808.0014326307509,809.7316284179688,206000,0.0,0.0
2015-01-22 00:00:00+09:00,806.271214660249,806.271214660249,792.429648743335,801.0806274414062,207500,0.0,0.0
2015-01-23 00:00:00+09:00,811.4619028834293,821.8430786132812,806.2713150185033,821.8430786132812,210000,0.0,0.0
2015-01-26 00:00:00+09:00,813.1918653801306,814.9220608383862,804.5408880888526,811.461669921875,235500,0.0,0.0
2015-01-27 00:00:00+09:00,821.842982080691,828.7637650876862,814.9221990736957,827.0335693359375,214500,0.0,0.0
2015-01-28 00:00:00+09:00,820.1128114950136,833.954377933748,820.1128114950136,832.2241821289062,164000,0.0,0.0
2015-01-29 00:00:00+09:00,820.1128287345741,825.3034162582106,811.4618495285132,814.9222412109375,159000,0.0,0.0
2015-01-30 00:00:00+09:00,809.7316786367682,823.5732457929522,809.7316786367682,820.1128540039062,258500,0.0,0.0
2015-02-02 00:00:00+09:00,811.4618495285132,820.1128287345741,808.0014578460888,814.9222412109375,120000,0.0,0.0
2015-02-03 00:00:00+09:00,816.6523890979347,820.1127805771632,799.350431701792,801.0806274414062,258500,0.0,0.0
2015-02-04 00:00:00+09:00,814.9222090123063,827.0335794222557,808.0014259209067,816.6524047851562,358500,0.0,0.0
2015-02-05 00:00:00+09:00,802.810838602357,849.5261244693045,799.3504470566572,816.6524047851562,371500,0.0,0.0
2015-02-06 00:00:00+09:00,828.763721089118,889.3205691854001,821.842938449543,875.47900390625,898000,0.0,0.0
2015-02-09 00:00:00+09:00,868.5583244124969,877.2093037393146,856.4469533549521,863.3677368164062,443500,0.0,0.0
2015-02-10 00:00:00+09:00,863.3676595931438,884.1300081204338,859.9072681719288,880.6696166992188,360500,0.0,0.0
2015-02-12 00:00:00+09:00,885.8602480732177,906.6225976374337,885.8602480732177,897.9716186523438,453500,0.0,0.0
2015-02-13 00:00:00+09:00,908.3528803682875,908.3528803682875,894.5113126674374,903.1622924804688,367000,0.0,0.0
2015-02-16 00:00:00+09:00,906.6224046688988,913.5431863839285,899.701622953869,908.3526000976562,274500,0.0,0.0
2015-02-17 00:00:00+09:00,896.2413810468898,911.8131424936505,896.2413810468898,910.0829467773438,165000,0.0,0.0
2015-02-18 00:00:00+09:00,917.0036818861296,934.3056381481321,915.2734862599293,929.1150512695312,509000,0.0,0.0
2015-02-19 00:00:00+09:00,934.3058074111239,942.956787109375,922.1944358335722,942.956787109375,369500,0.0,0.0
2015-02-20 00:00:00+09:00,944.6869289094992,944.6869289094992,925.6547746640697,936.0359497070312,259500,0.0,0.0
2015-02-23 00:00:00+09:00,942.9565192328558,942.9565192328558,920.463978407118,934.3055419921875,167000,0.0,0.0
2015-02-24 00:00:00+09:00,944.686957890697,946.4171537842698,930.8453907421155,937.7661743164062,419500,0.0,0.0
2015-02-25 00:00:00+09:00,934.3057825292609,937.7661743164062,929.1151948485427,937.7661743164062,238000,0.0,0.0
2015-02-26 00:00:00+09:00,937.7661065740899,946.4170854170244,929.1151277311556,944.6868896484375,339000,0.0,0.0
2015-02-27 00:00:00+09:00,936.0359784228335,949.8775455714152,934.3057825292609,937.7661743164062,402000,0.0,0.0
2015-03-02 00:00:00+09:00,944.6869184365003,949.877505900437,942.9567226151879,946.4171142578125,163000,0.0,0.0
2015-03-03 00:00:00+09:00,949.8775164309799,949.8775164309799,930.8453621855505,936.0359497070312,232500,0.0,0.0
2015-03-04 00:00:00+09:00,948.1473100791247,951.6077017217493,932.5755476873143,946.4171142578125,446500,0.0,0.0
2015-03-05 00:00:00+09:00,949.8774187424603,949.8774187424603,934.3056577794692,941.2264404296875,203500,0.0,0.0
2015-03-06 00:00:00+09:00,946.4169283729651,951.6075148174237,941.2263419285064,949.8773193359375,231000,0.0,0.0
2015-03-09 00:00:00+09:00,948.1471379833894,948.1471379833894,927.3847918961619,932.5753784179688,261000,0.0,0.0
2015-03-10 00:00:00+09:00,936.0359784228335,946.4171537842698,929.1151948485427,937.7661743164062,279500,0.0,0.0
2015-03-11 00:00:00+09:00,922.1943613308579,934.3057319299498,922.1943613308579,927.3849487304688,295500,0.0,0.0
2015-03-12 00:00:00+09:00,929.1149735581029,949.8773193359375,929.1149735581029,949.8773193359375,322500,0.0,0.0
2015-03-13 00:00:00+09:00,951.6076144050149,951.6076144050149,937.7660491045784,941.2264404296875,726000,0.0,0.0
2015-03-16 00:00:00+09:00,936.0358854121705,946.4170597420652,932.5754939688723,939.4962768554688,362000,0.0,0.0
2015-03-17 00:00:00+09:00,942.9567226151879,960.2586808283106,941.2265267938757,946.4171142578125,447500,0.0,0.0
2015-03-18 00:00:00+09:00,941.2263559543136,944.6867469688515,927.3847918961619,932.5753784179688,340000,0.0,0.0
2015-03-19 00:00:00+09:00,927.3849845728777,932.575572173099,917.003809372435,922.1943969726562,503500,0.0,0.0
2015-03-20 00:00:00+09:00,923.9244736493644,927.3848649364406,911.8131041445974,918.73388671875,466500,0.0,0.0
2015-03-23 00:00:00+09:00,936.0358068517736,960.258544921875,932.575415698902,960.258544921875,573500,0.0,0.0
2015-03-24 00:00:00+09:00,956.798195052321,961.9887820055885,941.2264341925184,948.147216796875,345500,0.0,0.0
2015-03-25 00:00:00+09:00,948.1472711977751,955.0680541992188,937.7660966956097,955.0680541992188,304500,0.0,0.0
2015-03-26 00:00:00+09:00,942.9567226151879,949.877505900437,937.7661351512511,946.4171142578125,328000,0.0,0.0
2015-03-27 00:00:00+09:00,936.0358629191231,948.1472326796294,922.1942974785446,930.8452758789062,388000,0.0,0.0
2015-03-30 00:00:00+09:00,934.3055419921875,941.2263237847222,923.9243693033854,934.3055419921875,287500,0.0,0.0
2015-03-31 00:00:00+09:00,949.8773193359375,949.8773193359375,941.2263419285064,949.8773193359375,286500,0.0,0.0
2015-04-01 00:00:00+09:00,932.5755685966706,942.9567437573014,918.7340017158294,925.65478515625,463500,0.0,0.0
2015-04-02 00:00:00+09:00,932.5756114714736,949.8775708679759,925.6548277128727,942.956787109375,352500,0.0,0.0
2015-04-03 00:00:00+09:00,942.956668298767,942.956668298767,930.8452982472232,939.4962768554688,177000,0.0,0.0
2015-04-06 00:00:00+09:00,930.8453907421155,942.9567619971244,925.6548030613974,937.7661743164062,182000,0.0,0.0
2015-04-07 00:00:00+09:00,939.4963023426768,948.1472811856113,937.7661065740899,944.6868896484375,205500,0.0,0.0
2015-04-08 00:00:00+09:00,949.877495598405,960.258670413688,946.4171039933105,956.7982788085938,337000,0.0,0.0
2015-04-09 00:00:00+09:00,956.7981537690034,960.258544921875,948.1471758868244,960.258544921875,252500,0.0,0.0
2015-04-10 00:00:00+09:00,960.2586414503015,963.7190329510233,948.1472711977751,955.0680541992188,243000,0.0,0.0
2015-04-13 00:00:00+09:00,955.0679057803962,955.0679057803962,937.765950965534,949.8773193359375,375000,0.0,0.0
2015-04-14 00:00:00+09:00,949.8775454608187,968.9097002879025,948.1473495674475,967.1795043945312,286000,0.0,0.0
2015-04-15 00:00:00+09:00,956.7982788085938,960.258670413688,953.3378872034993,956.7982788085938,226500,0.0,0.0
2015-04-16 00:00:00+09:00,960.258756678739,965.4493445526781,953.3379728468202,961.9889526367188,193000,0.0,0.0
2015-04-17 00:00:00+09:00,967.1795367716034,974.100320576767,955.0681651125673,965.4493408203125,337000,0.0,0.0
2015-04-20 00:00:00+09:00,951.6076948162432,960.2586738600273,948.1473031987297,953.337890625,192000,0.0,0.0
2015-04-21 00:00:00+09:00,960.258593381404,977.5605500189068,960.258593381404,974.1001586914062,306500,0.0,0.0
2015-04-22 00:00:00+09:00,979.2905883789062,991.4019560797054,975.8301976072493,979.2905883789062,285500,0.0,0.0
2015-04-23 00:00:00+09:00,986.2115833746692,991.4021706555885,974.1002130525242,981.02099609375,272000,0.0,0.0
2015-04-24 00:00:00+09:00,986.2115833746692,987.9417791349757,975.8304088128307,981.02099609375,237000,0.0,0.0
2015-04-27 00:00:00+09:00,981.0209927684604,984.4813842773439,974.1002097506935,984.4813842773438,161000,0.0,0.0
2015-04-28 00:00:00+09:00,979.2908536725096,987.941832945235,951.6077199997885,958.5285034179688,340500,0.0,0.0
2015-04-30 00:00:00+09:00,951.6077267072438,951.6077267072438,917.003809372435,922.1943969726562,1036500,0.0,0.0
2015-05-01 00:00:00+09:00,925.6546692929026,927.3848649364406,915.2734954316737,918.73388671875,272500,0.0,0.0
2015-05-07 00:00:00+09:00,922.1943196389776,946.4170597420652,922.1943196389776,939.4962768554688,423000,0.0,0.0
2015-05-08 00:00:00+09:00,936.0358629191231,939.4962542792678,927.3848845187616,930.8452758789062,143000,0.0,0.0
2015-05-11 00:00:00+09:00,949.8774990074864,967.1794570950545,948.1473031987297,953.337890625,410500,0.0,0.0
2015-05-12 00:00:00+09:00,951.6077122714735,951.6077122714735,930.8453621855505,936.0359497070312,493500,0.0,0.0
2015-05-13 00:00:00+09:00,939.4963193295607,944.6869067291715,925.6547529305984,927.3849487304688,489000,0.0,0.0
2015-05-14 00:00:00+09:00,925.6547887061372,930.8453763063585,917.003809372435,922.1943969726562,341000,0.0,0.0
2015-05-15 00:00:00+09:00,929.1152093437281,937.7661889465561,920.4642297409001,923.9246215820312,224000,0.0,0.0
2015-05-18 00:00:00+09:00,922.1942780058263,930.8452562235169,915.2734954316737,918.73388671875,326500,0.0,0.0
2015-05-19 00:00:00+09:00,920.4642333984375,925.6548211807595,917.0038415435562,920.4642333984375,277500,0.0,0.0
2015-05-20 00:00:00+09:00,923.9246289523143,930.8454126897848,906.6226696086379,917.0038452148438,663000,0.0,0.0
2015-05-21 00:00:00+09:00,922.1942780058263,929.1150605799788,913.5432997881356,918.73388671875,298500,0.0,0.0
2015-05-22 00:00:00+09:00,918.7340374709968,925.6548211807595,917.0038415435562,920.4642333984375,211000,0.0,0.0
2015-05-25 00:00:00+09:00,927.3848556433311,929.1150512695312,923.9244643909306,929.1150512695312,187500,0.0,0.0
2015-05-26 00:00:00+09:00,934.3057644567757,934.3057644567757,922.1943934360397,925.65478515625,221500,0.0,0.0
2015-05-27 00:00:00+09:00,925.6546692929026,930.8452562235169,917.0036910752119,918.73388671875,236500,0.0,0.0
2015-05-28 00:00:00+09:00,923.9245928393967,929.115180439618,922.1943969726562,922.1943969726562,146500,0.0,0.0
2015-05-29 00:00:00+09:00,923.9245892961449,932.5755685966706,920.4641975759346,925.65478515625,229000,0.0,0.0
2015-06-01 00:00:00+09:00,922.1942687647303,930.8452468957315,920.46407313853,929.1150512695312,144000,0.0,0.0
2015-06-02 00:00:00+09:00,934.3057319299498,946.4171025290418,927.3849487304688,927.3849487304688,248000,0.0,0.0
2015-06-03 00:00:00+09:00,936.0357374403212,941.2263237847222,929.1149556477865,934.3055419921875,163000,0.0,0.0
2015-06-04 00:00:00+09:00,939.4962768554688,946.4170597420652,937.7660811338196,939.4962768554688,144000,0.0,0.0
2015-06-05 00:00:00+09:00,932.5753465440538,942.9565192328558,930.8451510959201,934.3055419921875,289500,0.0,0.0
2015-06-08 00:00:00+09:00,939.4963023426768,946.4170854170244,934.3057150369162,944.6868896484375,261500,0.0,0.0
2015-06-09 00:00:00+09:00,941.2264499593401,942.9566456394124,927.3848845187616,930.8452758789062,234000,0.0,0.0
2015-06-10 00:00:00+09:00,932.5756011848594,934.3057971054249,923.9246215820312,923.9246215820312,373000,0.0,0.0
2015-06-11 00:00:00+09:00,932.5755866356882,946.4171537842698,925.6548030613974,937.7661743164062,369500,0.0,0.0
2015-06-12 00:00:00+09:00,951.6077017217493,951.6077017217493,939.4963309725634,946.4171142578125,497500,0.0,0.0
2015-06-15 00:00:00+09:00,941.226537228512,942.9567330690056,930.8453621855505,936.0359497070312,187000,0.0,0.0
2015-06-16 00:00:00+09:00,936.0359784228335,942.9567619971244,930.8453907421155,937.7661743164062,268000,0.0,0.0
2015-06-17 00:00:00+09:00,930.8453621855505,944.6869289094992,930.8453621855505,936.0359497070312,205000,0.0,0.0
2015-06-18 00:00:00+09:00,934.30580455852,937.7661964272553,917.0038452148438,917.0038452148438,264000,0.0,0.0
2015-06-19 00:00:00+09:00,929.1150801988339,934.3056672390509,923.924493158617,930.8452758789062,250000,0.0,0.0
2015-06-22 00:00:00+09:00,927.3847601996528,934.3055419921875,923.9243693033854,934.3055419921875,238000,0.0,0.0
2015-06-23 00:00:00+09:00,937.7661351512511,953.3378975430616,930.845351866002,946.4171142578125,360500,0.0,0.0
2015-06-24 00:00:00+09:00,955.0679581925675,960.258544921875,951.6075670396959,960.258544921875,292500,0.0,0.0
2015-06-25 00:00:00+09:00,953.3378684913719,953.3378684913719,944.6868896484375,944.6868896484375,165000,0.0,0.0
2015-06-26 00:00:00+09:00,918.4455264698375,936.8144369992343,910.5731362429533,923.6937866210938,339300,12.0,0.5
2015-06-29 00:00:00+09:00,891.3294681910778,907.9489577844346,883.4570783836983,894.8283081054688,238000,0.0,0.0
2015-06-30 00:00:00+09:00,886.0812989476846,896.577819764439,880.8330385393074,893.0789794921875,307700,0.0,0.0
2015-07-01 00:00:00+09:00,887.830703339415,892.2042536021708,872.9606324460455,876.45947265625,376200,0.0,0.0
2015-07-02 00:00:00+09:00,883.4571838378906,902.7008056640625,872.0859527587891,874.7100830078125,425100,0.0,0.0
2015-07-03 00:00:00+09:00,883.4571528290838,892.2042533521441,865.9629517829634,869.4617919921875,396500,0.0,0.0
2015-07-06 00:00:00+09:00,860.7146756695288,873.8353262132716,856.3411254882812,856.3411254882812,263200,0.0,0.0
2015-07-07 00:00:00+09:00,858.9652863013563,865.9629668414896,852.8423158287397,861.5894165039062,290500,0.0,0.0
2015-07-08 00:00:00+09:00,852.8423622532895,859.8400431743421,830.974609375,830.974609375,462800,0.0,0.0
2015-07-09 00:00:00+09:00,823.1022185955331,824.8516388263419,806.4827264028496,823.9769287109375,528200,0.0,0.0
2015-07-10 00:00:00+09:00,830.0998687744141,836.2228393554688,816.1045074462891,818.7286376953125,578300,0.0,0.0
2015-07-13 00:00:00+09:00,821.3526914875433,827.4756614986326,815.2297214764541,819.603271484375,401600,0.0,0.0
2015-07-14 00:00:00+09:00,838.8469696044922,845.8446502685547,835.3481292724609,839.7216796875,293100,0.0,0.0
2015-07-15 00:00:00+09:00,840.5963294260787,853.7169797292953,835.348069304792,850.2181396484375,253600,0.0,0.0
2015-07-16 00:00:00+09:00,848.4687041448982,851.9675441619905,838.8468940978942,847.593994140625,228800,0.0,0.0
2015-07-17 00:00:00+09:00,844.0951844208489,851.9675747418725,839.7216342425025,845.8446044921875,206200,0.0,0.0
2015-07-21 00:00:00+09:00,851.092865270784,860.7146756695288,845.844605053287,856.3411254882812,276700,0.0,0.0
2015-07-22 00:00:00+09:00,847.5940245635261,856.3411249202188,839.7216342425025,845.8446044921875,236300,0.0,0.0
2015-07-23 00:00:00+09:00,846.7194208864305,855.4665223418689,839.7217397220799,853.7171020507812,298700,0.0,0.0
2015-07-24 00:00:00+09:00,858.0905298303675,858.965239850582,840.5963294260787,850.2181396484375,347900,0.0,0.0
2015-07-27 00:00:00+09:00,845.8445728538169,845.8445728538169,830.9745028036464,833.5986328125,235800,0.0,0.0
2015-07-28 00:00:00+09:00,826.6010284423828,837.0975494384766,822.2274780273438,829.2251586914062,292900,0.0,0.0
2015-07-29 00:00:00+09:00,827.47572344199,839.7216643808778,818.7286227713558,837.0975341796875,278700,0.0,0.0
2015-07-30 00:00:00+09:00,847.594055048757,855.466445652925,819.603332900604,840.5963745117188,372800,0.0,0.0
2015-07-31 00:00:00+09:00,839.7217404693984,849.3435520789435,822.2275375429525,843.2205810546875,477500,0.0,0.0
2015-08-03 00:00:00+09:00,847.594161144795,865.0883646771952,840.5964797318347,855.466552734375,402400,0.0,0.0
2015-08-04 00:00:00+09:00,851.0929888254961,851.0929888254961,828.3505245814439,831.849365234375,393600,0.0,0.0
2015-08-05 00:00:00+09:00,832.7240292237851,848.4688112889406,823.9769280764764,841.4711303710938,223000,0.0,0.0
2015-08-06 00:00:00+09:00,849.3433696513273,870.3364086540378,846.7192397759885,857.2157592773438,412600,0.0,0.0
2015-08-07 00:00:00+09:00,857.2159730876151,868.5872053836753,853.717132381135,855.466552734375,351300,0.0,0.0
2015-08-10 00:00:00+09:00,850.2182308904022,861.5894623735043,840.5964196354697,858.96533203125,343100,0.0,0.0
2015-08-11 00:00:00+09:00,870.336440204365,872.0858601846753,850.2181104307967,862.4640502929688,442700,0.0,0.0
2015-08-12 00:00:00+09:00,854.591672883329,854.591672883329,832.7239228095488,833.5986328125,529300,0.0,0.0
2015-08-13 00:00:00+09:00,834.4734039784973,838.8469543138144,823.1021731066729,837.0975341796875,356100,0.0,0.0
2015-08-14 00:00:00+09:00,832.7239683123018,832.7239683123018,818.7286075003303,827.4757080078125,373100,0.0,0.0
2015-08-17 00:00:00+09:00,828.3503881478409,837.9721983586395,827.4756781286774,836.2227783203125,248800,0.0,0.0
2015-08-18 00:00:00+09:00,838.8469393080559,855.4664302849621,837.0975192052236,844.9699096679688,271000,0.0,0.0
2015-08-19 00:00:00+09:00,841.4710694623043,859.8399805420427,837.9722292566398,844.9699096679688,417000,0.0,0.0
2015-08-20 00:00:00+09:00,837.9722595214844,839.7216796875,825.726318359375,829.2251586914062,312800,0.0,0.0
2015-08-21 00:00:00+09:00,802.9838562011719,813.4803771972656,802.9838562011719,804.7332763671875,337300,0.0,0.0
2015-08-24 00:00:00+09:00,778.4920049532054,795.1114971937794,764.4966430664062,764.4966430664062,446700,0.0,0.0
2015-08-25 00:00:00+09:00,727.7587890625,755.74951171875,717.2622680664062,717.2622680664062,649500,0.0,0.0
2015-08-26 00:00:00+09:00,725.1346887178173,745.2530214566711,716.3875875270113,740.0047607421875,571300,0.0,0.0
2015-08-27 00:00:00+09:00,747.0023021675264,751.3758519460248,731.2575229649323,733.8816528320312,608800,0.0,0.0
2015-08-28 00:00:00+09:00,759.2482197514914,793.3619070444731,756.6240899597236,788.1136474609375,1396700,0.0,0.0
2015-08-31 00:00:00+09:00,772.3690789048252,783.7403110970819,761.8725568812035,779.3667602539062,503800,0.0,0.0
2015-09-01 00:00:00+09:00,774.9931804326229,785.4897020637645,756.624267578125,756.624267578125,354800,0.0,0.0
2015-09-02 00:00:00+09:00,736.5058298556604,766.2459702536324,736.5058298556604,748.7517700195312,348200,0.0,0.0
2015-09-03 00:00:00+09:00,755.7495269952201,775.8678593110651,753.1253966931534,754.8748168945312,316000,0.0,0.0
2015-09-04 00:00:00+09:00,767.9954685501187,770.6195988526819,740.879455423634,747.8771362304688,661000,0.0,0.0
2015-09-07 00:00:00+09:00,734.7564392814727,748.7518000296911,721.6357885800178,736.505859375,441900,0.0,0.0
2015-09-08 00:00:00+09:00,743.5034938112519,756.6241437020387,738.2552338549372,739.1299438476562,284600,0.0,0.0
2015-09-09 00:00:00+09:00,760.997711875222,772.3689420526678,752.2506117387251,769.7448120117188,460300,0.0,0.0
2015-09-10 00:00:00+09:00,748.7518461897089,759.2483673979758,740.8794552835086,754.8748168945312,490900,0.0,0.0
2015-09-11 00:00:00+09:00,753.1254120940096,760.1230930426182,745.2530210268247,750.5012817382812,675200,0.0,0.0
2015-09-14 00:00:00+09:00,759.248290159992,762.7471302068122,743.5035099493009,748.7517700195312,333000,0.0,0.0
2015-09-15 00:00:00+09:00,751.3758844731142,766.2459543637345,743.503494531021,746.1276245117188,474800,0.0,0.0
2015-09-16 00:00:00+09:00,752.2506410805788,763.6218717015643,748.7518008895064,757.4989013671875,225600,0.0,0.0
2015-09-17 00:00:00+09:00,758.3736115554284,776.7425225619612,754.0000613157777,760.9977416992188,361400,0.0,0.0
2015-09-18 00:00:00+09:00,747.8770907019241,759.2483213207838,741.7541203686919,754.0000610351562,335900,0.0,0.0
2015-09-24 00:00:00+09:00,746.1277161003139,770.6195989265846,742.6288756965611,744.3782958984375,493900,0.0,0.0
2015-09-25 00:00:00+09:00,750.5011592391503,757.498839045576,734.7563796746927,747.0023193359375,442300,0.0,0.0
2015-09-28 00:00:00+09:00,747.002425988331,761.8724977000426,744.3782956862643,754.8748168945312,371200,0.0,0.0
2015-09-29 00:00:00+09:00,738.2554027090827,743.5036638657823,726.8841702029001,729.50830078125,464400,0.0,0.0
2015-09-30 00:00:00+09:00,744.3783256751265,767.9954993451951,744.3783256751265,756.624267578125,472300,0.0,0.0
2015-10-01 00:00:00+09:00,762.7471772110177,774.1184080639342,754.000076554928,767.1207275390625,447200,0.0,0.0
2015-10-02 00:00:00+09:00,758.3735826432437,782.8654630515607,754.0000325703301,780.2413330078125,328300,0.0,0.0
2015-10-05 00:00:00+09:00,784.6149143763951,797.7355651184753,784.6149143763951,795.9861450195312,261900,0.0,0.0
2015-10-06 00:00:00+09:00,804.7332303406762,815.2297507364242,797.7355500768442,800.3596801757812,357800,0.0,0.0
2015-10-07 00:00:00+09:00,803.8586412725602,822.2275547292782,801.2345107787434,817.85400390625,337500,0.0,0.0
2015-10-08 00:00:00+09:00,813.4803014732857,828.3503715002167,808.2320414637807,819.603271484375,479100,0.0,0.0
2015-10-09 00:00:00+09:00,824.8515480711869,837.097488339476,821.3527079945328,836.2227783203125,253100,0.0,0.0
2015-10-13 00:00:00+09:00,840.5964206414474,848.4688116776316,824.8516385690789,830.974609375,461000,0.0,0.0
2015-10-14 00:00:00+09:00,826.6011055523062,830.9746563753342,813.480453083222,817.85400390625,259900,0.0,0.0
2015-10-15 00:00:00+09:00,817.8538974495822,831.8492582615536,811.7309270943446,827.4757080078125,235200,0.0,0.0
2015-10-16 00:00:00+09:00,833.5986321666253,835.3480521711723,823.1021121393436,826.6009521484375,256300,0.0,0.0
2015-10-19 00:00:00+09:00,824.8517007113014,824.8517007113014,813.4804683579113,816.9793090820312,172400,0.0,0.0
2015-10-20 00:00:00+09:00,815.2297063961721,825.7262262210155,810.856156469154,820.4779663085938,278800,0.0,0.0
2015-10-21 00:00:00+09:00,817.8538833507707,847.5940245635261,817.8538833507707,845.8446044921875,305900,0.0,0.0
2015-10-22 00:00:00+09:00,835.3481442798178,854.5917664517088,835.3481442798178,849.343505859375,294200,0.0,0.0
2015-10-23 00:00:00+09:00,865.9630278158044,873.8354189777662,863.3388974284837,868.587158203125,359900,0.0,0.0
2015-10-26 00:00:00+09:00,876.4594576247517,889.5801081879965,872.9606174745531,880.8330078125,514200,0.0,0.0
2015-10-27 00:00:00+09:00,884.3319405270487,894.8284620763311,867.7124480740181,868.587158203125,445700,0.0,0.0
2015-10-28 00:00:00+09:00,874.709945265484,880.8329148823424,865.0881358675637,872.0858154296875,404800,0.0,0.0
2015-10-29 00:00:00+09:00,881.707687453543,891.3294975348814,867.7123273352329,882.5823974609375,434700,0.0,0.0
2015-10-30 00:00:00+09:00,883.4571234011182,892.2042236328125,869.4617630304075,892.2042236328125,428400,0.0,0.0
2015-11-02 00:00:00+09:00,878.2089540408942,892.204315858279,870.3365630186153,872.960693359375,279300,0.0,0.0
2015-11-04 00:00:00+09:00,896.5778801557998,913.1973725684438,892.2043295208935,910.5732421875,608600,0.0,0.0
2015-11-05 00:00:00+09:00,912.3226015204625,930.6915129604719,910.5731813833188,924.5685424804688,538400,0.0,0.0
2015-11-06 00:00:00+09:00,924.5684961799448,926.317916229481,907.0742956845816,916.6961059570312,321700,0.0,0.0
2015-11-09 00:00:00+09:00,924.5685879991829,938.5639497853579,923.6938778875469,932.4409790039062,365400,0.0,0.0
2015-11-10 00:00:00+09:00,927.1926727438737,933.3156432242578,919.3202821262371,928.0673828125,220800,0.0,0.0
2015-11-11 00:00:00+09:00,927.1926879882812,935.0650787353516,921.0697174072266,934.1903686523438,372200,0.0,0.0
2015-11-12 00:00:00+09:00,928.0674284457266,937.6892396737219,923.6938778875469,932.4409790039062,211100,0.0,0.0
2015-11-13 00:00:00+09:00,926.3179931066446,932.4409637881805,916.6961820356597,929.8168334960938,274600,0.0,0.0
2015-11-16 00:00:00+09:00,915.8214569091797,925.4432678222656,905.3249359130859,920.1950073242188,280300,0.0,0.0
2015-11-17 00:00:00+09:00,938.5639342977834,944.6869049781976,936.8145141033793,940.3133544921875,287700,0.0,0.0
2015-11-18 00:00:00+09:00,937.6892395589953,941.1880800051109,930.691558666764,935.9398193359375,225400,0.0,0.0
2015-11-19 00:00:00+09:00,944.6868896484375,950.8098602294922,935.0650787353516,937.689208984375,295300,0.0,0.0
2015-11-20 00:00:00+09:00,940.3133544921875,940.3133544921875,926.317992936955,940.3133544921875,252400,0.0,0.0
2015-11-24 00:00:00+09:00,932.4409790039062,942.9375003435375,905.3249655431923,932.4409790039062,484200,0.0,0.0
2015-11-25 00:00:00+09:00,934.1904450177923,937.6892856358365,923.6939231636599,933.3157348632812,288900,0.0,0.0
2015-11-26 00:00:00+09:00,942.0627128449784,943.8121329245419,924.5685120493428,926.3179321289062,301100,0.0,0.0
2015-11-27 00:00:00+09:00,931.56620768383,935.9397579546461,918.4455568713817,925.4432373046875,186800,0.0,0.0
2015-11-30 00:00:00+09:00,918.4455720004656,932.4409330976156,916.6961518633219,924.5685424804688,217500,0.0,0.0
2015-12-01 00:00:00+09:00,919.3202972412109,937.689208984375,911.4479064941406,937.689208984375,215500,0.0,0.0
2015-12-02 00:00:00+09:00,940.313246559962,940.313246559962,925.4431766143626,928.9420166015625,145500,0.0,0.0
2015-12-03 00:00:00+09:00,935.0650939656462,942.0627747436865,928.0674131876058,936.8145141601562,209000,0.0,0.0
2015-12-04 00:00:00+09:00,926.3179779052734,926.3179779052734,913.1973266601562,920.1950073242188,287900,0.0,0.0
2015-12-07 00:00:00+09:00,928.9420622482517,935.065032526724,926.3179321289062,926.3179321289062,134600,0.0,0.0
2015-12-08 00:00:00+09:00,919.3203434573127,922.8191839652378,907.074401679575,910.5732421875,202600,0.0,0.0
2015-12-09 00:00:00+09:00,901.8261108992743,907.074371486467,895.7031402142162,898.3272705078125,206700,0.0,0.0
2015-12-10 00:00:00+09:00,888.7055510424349,896.5779427347398,886.956130666367,889.5802612304688,267800,0.0,0.0
2015-12-11 00:00:00+09:00,898.3271488518997,905.3248286871628,891.3294690166366,901.8259887695312,432900,0.0,0.0
2015-12-14 00:00:00+09:00,886.9560543305693,899.2019959090978,882.582503766809,897.4525756835938,187300,0.0,0.0
2015-12-15 00:00:00+09:00,902.7007431756882,906.1995832655165,878.2088625468905,881.7077026367188,252300,0.0,0.0
2015-12-16 00:00:00+09:00,886.9560241699219,908.8237762451172,886.9560241699219,902.7008056640625,188000,0.0,0.0
2015-12-17 00:00:00+09:00,921.9445042942634,930.6916058530325,915.821533203125,915.821533203125,259100,0.0,0.0
2015-12-18 00:00:00+09:00,914.9467779386346,935.0651105319315,897.4525756835938,897.4525756835938,355900,0.0,0.0
2015-12-21 00:00:00+09:00,886.0813140869141,900.0766754150391,882.5824737548828,895.703125,228300,0.0,0.0
2015-12-22 00:00:00+09:00,891.3295897248889,903.5755310950052,891.3295897248889,898.3272705078125,146000,0.0,0.0
2015-12-24 00:00:00+09:00,910.5732118779288,922.819153248045,896.5778503120816,898.3272705078125,194600,0.0,0.0
2015-12-25 00:00:00+09:00,898.3272705078125,898.3272705078125,898.3272705078125,898.3272705078125,0,0.0,0.0
2015-12-28 00:00:00+09:00,900.0973709680305,923.108709852169,900.0973709680305,917.7984008789062,175600,12.0,0.0
2015-12-29 00:00:00+09:00,919.5684945742897,927.5339579536628,909.8329282217227,925.7638549804688,128000,0.0,0.0
2015-12-30 00:00:00+09:00,928.4189931097048,933.7293019358805,917.7983754573536,922.2236328125,122300,0.0,0.0
2016-01-04 00:00:00+09:00,909.8329069559956,924.8787818764741,891.246826171875,891.246826171875,174700,0.0,0.0
2016-01-05 00:00:00+09:00,891.2468009013903,905.4076239544412,887.7065951381276,895.6720581054688,144500,0.0,0.0
2016-01-06 00:00:00+09:00,895.6721480776114,905.407714904542,878.8561690129131,888.5917358398438,174100,0.0,0.0
2016-01-07 00:00:00+09:00,883.2813710728022,891.2468343389899,866.4653930664062,866.4653930664062,296000,0.0,0.0
2016-01-08 00:00:00+09:00,865.580274924651,885.0514058534263,859.384915083677,871.775634765625,286800,0.0,0.0
2016-01-12 00:00:00+09:00,851.4194992537687,863.8102196171292,828.4081614360992,829.293212890625,449900,0.0,0.0
2016-01-13 00:00:00+09:00,846.9942983458166,870.0056376948147,846.1092468323935,868.2355346679688,242300,0.0,0.0
2016-01-14 00:00:00+09:00,841.6839985788604,865.580389705705,840.7989470556439,860.2700805664062,383000,0.0,0.0
2016-01-15 00:00:00+09:00,883.281390754544,886.8215967295122,862.9252063984774,867.3504638671875,315400,0.0,0.0
2016-01-18 00:00:00+09:00,854.074668369313,858.4999257183769,839.0287933824961,852.3045654296875,216200,0.0,0.0
2016-01-19 00:00:00+09:00,844.3391244116236,859.3849997942208,843.4540729185297,850.5344848632812,216300,0.0,0.0
2016-01-20 00:00:00+09:00,845.2241514463683,856.7298205236486,817.7875559543919,818.672607421875,289900,0.0,0.0
2016-01-21 00:00:00+09:00,816.017447550913,832.8334253204004,787.69580078125,787.69580078125,418100,0.0,0.0
2016-01-22 00:00:00+09:00,826.6380305214533,836.3735961914062,803.6266934833828,836.3735961914062,352400,0.0,0.0
2016-01-25 00:00:00+09:00,852.304645712445,860.270109691066,838.1438208615632,853.189697265625,259100,0.0,0.0
2016-01-26 00:00:00+09:00,839.9138137146847,846.9942252106989,823.9828878486527,825.7529907226562,209800,0.0,0.0
2016-01-27 00:00:00+09:00,839.913860837824,857.6148905709709,839.913860837824,855.8447875976562,184700,0.0,0.0
2016-01-28 00:00:00+09:00,848.7643656476538,857.6148804093604,836.3736449812648,846.9942626953125,245800,0.0,0.0
2016-01-29 00:00:00+09:00,853.1895469496667,882.3962430589395,848.7642899634133,879.7410888671875,268400,0.0,0.0
2016-02-01 00:00:00+09:00,883.2814457983519,895.672167482898,874.4309303093905,889.476806640625,258600,0.0,0.0
2016-02-02 00:00:00+09:00,881.5112198216436,893.901939778976,868.2354484387876,872.6607055664062,293900,0.0,0.0
2016-02-03 00:00:00+09:00,856.7297927471769,860.2699985023306,831.9483524611016,842.5689697265625,193300,0.0,0.0
2016-02-04 00:00:00+09:00,834.6034933423239,853.1895732576885,825.7529790969121,836.3735961914062,287100,0.0,0.0
2016-02-05 00:00:00+09:00,836.373554576527,860.269941850142,805.3967562588779,817.7874755859375,446400,0.0,0.0
2016-02-08 00:00:00+09:00,804.5118221742658,844.3391401036849,801.8566676456379,837.2587280273438,360200,0.0,0.0
2016-02-09 00:00:00+09:00,805.3969021267361,818.6726752387153,793.0061805555556,796.54638671875,346900,0.0,0.0
2016-02-10 00:00:00+09:00,806.2819807496788,815.1324964549443,765.569608505458,775.30517578125,322200,0.0,0.0
2016-02-12 00:00:00+09:00,752.2937048709754,757.604013375947,730.1674194335938,730.1674194335938,468400,0.0,0.0
2016-02-15 00:00:00+09:00,760.2591867865272,793.006090059055,755.8339295875369,786.8107299804688,388600,0.0,0.0
2016-02-16 00:00:00+09:00,773.535059473536,800.971657692849,767.3396985853041,785.92578125,464800,0.0,0.0
2016-02-17 00:00:00+09:00,793.8912062806415,816.9025455931239,773.5350215042149,784.1556396484375,348800,0.0,0.0
2016-02-18 00:00:00+09:00,799.201416015625,809.8220328397529,792.1210047995397,799.201416015625,451100,0.0,0.0
2016-02-19 00:00:00+09:00,790.350980769443,794.7762382205597,775.3051054356462,783.2705688476562,320600,0.0,0.0
2016-02-22 00:00:00+09:00,777.0751729791815,788.5808418273926,770.8798128301447,778.8452758789062,221900,0.0,0.0
2016-02-23 00:00:00+09:00,780.6155648580411,781.5006165188779,757.6042216762849,762.0294799804688,315000,0.0,0.0
2016-02-24 00:00:00+09:00,751.4086944363642,757.6040546967347,737.2478709840888,748.7535400390625,350400,0.0,0.0
2016-02-25 00:00:00+09:00,754.0638279898357,770.8798053745855,748.7535193420199,767.339599609375,403500,0.0,0.0
2016-02-26 00:00:00+09:00,773.5350341796875,778.8453433388157,754.0639005962171,756.7190551757812,312400,0.0,0.0
2016-02-29 00:00:00+09:00,767.339532764762,780.6153032278202,753.1787109375,753.1787109375,458500,0.0,0.0
2016-03-01 00:00:00+09:00,753.1788106115594,766.4545828315047,740.7880898729438,754.9489135742188,317900,0.0,0.0
2016-03-02 00:00:00+09:00,781.5004302284934,782.3854816783559,765.5695041309704,778.8452758789062,364400,0.0,0.0
2016-03-03 00:00:00+09:00,773.5350148833494,785.0406844411109,765.5695513433607,772.6499633789062,336400,0.0,0.0
2016-03-04 00:00:00+09:00,769.1097069953063,789.4658902644571,767.3396041023367,781.5004272460938,296700,0.0,0.0
2016-03-07 00:00:00+09:00,785.9256844785178,786.8107359250026,774.4200156742152,781.5004272460938,310400,0.0,0.0
2016-03-08 00:00:00+09:00,775.3051274617512,777.9602820078532,754.0638910929362,764.6845092773438,568800,0.0,0.0
2016-03-09 00:00:00+09:00,754.9489105082004,760.2592193746121,746.0983957308475,757.6040649414062,315000,0.0,0.0
2016-03-10 00:00:00+09:00,762.914342402862,768.2246510506776,753.178776548533,767.339599609375,501600,0.0,0.0
2016-03-11 00:00:00+09:00,759.3741410839733,786.8107359250026,757.6040381910037,781.5004272460938,529400,0.0,0.0
2016-03-14 00:00:00+09:00,793.0060975609756,800.9715605945122,784.1555830792682,798.31640625,277200,0.0,0.0
2016-03-15 00:00:00+09:00,795.6613095784056,807.166979238605,786.8107944551753,800.9716186523438,386400,0.0,0.0
2016-03-16 00:00:00+09:00,792.1209910937717,803.6266591208322,790.3508883203779,793.0060424804688,231200,0.0,0.0
2016-03-17 00:00:00+09:00,800.9715892271174,811.592206984825,782.385508151129,791.2360229492188,326300,0.0,0.0
2016-03-18 00:00:00+09:00,792.1211035291135,813.3623398248662,791.2360520167904,800.9716186523438,608700,0.0,0.0
2016-03-22 00:00:00+09:00,805.3968891344572,813.3623528731496,793.8912192896793,807.1669921875,422300,0.0,0.0
2016-03-23 00:00:00+09:00,807.1668952849366,813.3622552268166,799.2014325025195,802.7416381835938,280200,0.0,0.0
2016-03-24 00:00:00+09:00,800.0864725372348,816.9024492830396,800.0864725372348,813.3622436523438,568800,0.0,0.0
2016-03-25 00:00:00+09:00,818.6725940579682,821.3277484170752,806.2818737154693,812.4772338867188,242800,0.0,0.0
2016-03-28 00:00:00+09:00,821.3278070977394,831.9484252929688,816.9025495163938,831.9484252929688,228900,0.0,0.0
2016-03-29 00:00:00+09:00,830.178236219618,839.9138018895709,828.4081333705357,836.3735961914062,235200,0.0,0.0
2016-03-30 00:00:00+09:00,831.0632740663312,839.0287367570629,825.7529656058435,830.17822265625,174900,0.0,0.0
2016-03-31 00:00:00+09:00,839.0287788904083,841.6839332539855,828.4081614360992,829.293212890625,272400,0.0,0.0
2016-04-01 00:00:00+09:00,823.9829013302541,825.7530042332191,793.8911519798473,795.6612548828125,412600,0.0,0.0
2016-04-04 00:00:00+09:00,794.7761754011766,811.5921523862795,789.4658668795652,802.7416381835938,390100,0.0,0.0
2016-04-05 00:00:00+09:00,797.4314123287157,804.5118244248642,782.3855366244004,784.1556396484375,279800,0.0,0.0
2016-04-06 00:00:00+09:00,780.6154852044092,781.5005367749358,768.2247632170377,775.30517578125,293400,0.0,0.0
2016-04-07 00:00:00+09:00,769.9949044681626,783.270678683131,769.9949044681626,777.0753173828125,281300,0.0,0.0
2016-04-08 00:00:00+09:00,764.6843741329079,802.7415825677633,756.7189119023568,797.4312744140625,552700,0.0,0.0
2016-04-11 00:00:00+09:00,794.7762288684546,800.9715892271174,776.1901477924662,791.2360229492188,245900,0.0,0.0
2016-04-12 00:00:00+09:00,790.3510352501502,808.9371178260216,788.5809321476862,805.3969116210938,258800,0.0,0.0
2016-04-13 00:00:00+09:00,813.3623755821815,817.7876333383413,792.1211383526141,805.3969116210938,469900,0.0,0.0
2016-04-14 00:00:00+09:00,818.6725536982218,849.6493530273438,812.4771938323975,849.6493530273438,307700,0.0,0.0
2016-04-15 00:00:00+09:00,837.2586699695122,838.1437214176829,826.6380525914634,834.603515625,188100,0.0,0.0
2016-04-18 00:00:00+09:00,809.8220750762194,835.4885670731707,808.051972179878,834.603515625,277200,0.0,0.0
2016-04-19 00:00:00+09:00,846.109218196279,859.3849904483126,843.4540637458722,858.4999389648438,287500,0.0,0.0
2016-04-20 00:00:00+09:00,866.4653602545097,877.9710289810763,856.7297944089535,859.3849487304688,202000,0.0,0.0
2016-04-21 00:00:00+09:00,883.2814589824081,883.2814589824081,869.1206339887023,878.856201171875,167700,0.0,0.0
2016-04-22 00:00:00+09:00,868.2354207029284,879.7410888671875,862.9251123194243,879.7410888671875,203100,0.0,0.0
2016-04-25 00:00:00+09:00,875.3158569335938,877.9710112013397,862.9251370174458,875.3158569335938,266900,0.0,0.0
2016-04-26 00:00:00+09:00,866.4654123734455,877.0860302983498,857.6148974360252,867.3504638671875,286600,0.0,0.0
2016-04-27 00:00:00+09:00,876.2010580704888,918.6835336133004,854.959820299083,901.8675537109375,671100,0.0,0.0
2016-04-28 00:00:00+09:00,893.0169609713267,919.5685058961432,859.3850040665592,881.5112915039062,588900,0.0,0.0
2016-05-02 00:00:00+09:00,841.6839827860683,858.4999614116574,839.9138797728484,856.7298583984375,239300,0.0,0.0
2016-05-06 00:00:00+09:00,857.6149165068927,870.8906892082377,852.3046074263546,868.2355346679688,269900,0.0,0.0
2016-05-09 00:00:00+09:00,874.4308563325939,877.0860107546564,854.9597239041352,866.4653930664062,346200,0.0,0.0
2016-05-10 00:00:00+09:00,863.8102836947804,897.4422414615854,863.8102836947804,896.5571899414062,262000,0.0,0.0
2016-05-11 00:00:00+09:00,907.177863153789,912.4881725966404,891.2469348252346,901.8675537109375,245200,0.0,0.0
2016-05-12 00:00:00+09:00,896.5570730315005,919.5684095555074,896.5570730315005,910.7178955078125,282300,0.0,0.0
2016-05-13 00:00:00+09:00,916.0282714485772,916.0282714485772,898.3272420486047,905.4076538085938,273200,0.0,0.0
2016-05-16 00:00:00+09:00,907.177756748591,915.1432199785786,901.8674479285993,905.4076538085938,197100,0.0,0.0
2016-05-17 00:00:00+09:00,911.603033542633,911.603033542633,895.6721067428589,906.292724609375,255100,0.0,0.0
2016-05-18 00:00:00+09:00,901.8675470417302,910.7180627143673,897.4422892054115,907.1778564453125,227400,0.0,0.0
2016-05-19 00:00:00+09:00,908.062833834725,910.7179883196218,894.7870614102407,900.982421875,181800,0.0,0.0
2016-05-20 00:00:00+09:00,895.6720906575521,904.5226053873697,887.7066274007161,902.7525024414062,286800,0.0,0.0
2016-05-23 00:00:00+09:00,895.6721926942774,903.6376568585547,887.7067285300003,901.8675537109375,195800,0.0,0.0
2016-05-24 00:00:00+09:00,901.8674479285993,920.4535287985703,900.097344988602,905.4076538085938,363000,0.0,0.0
2016-05-25 00:00:00+09:00,918.6834269283829,925.7638386966171,912.488066631178,922.2236328125,297300,0.0,0.0
2016-05-26 00:00:00+09:00,929.3040703209755,929.3040703209755,916.9133493833624,917.7984008789062,170000,0.0,0.0
2016-05-27 00:00:00+09:00,919.5684651102997,921.3385680267776,910.7179505279099,916.0282592773438,173500,0.0,0.0
2016-05-30 00:00:00+09:00,916.9132440074147,929.3039635210284,908.9477814629488,921.3385009765625,163800,0.0,0.0
2016-05-31 00:00:00+09:00,918.6835188406221,946.1201171875,915.1433126023153,946.1201171875,326500,0.0,0.0
2016-06-01 00:00:00+09:00,929.303955078125,937.2694175502232,919.5683898344494,929.303955078125,310900,0.0,0.0
2016-06-02 00:00:00+09:00,915.1432489705203,919.5685064607065,897.4422190097753,898.3272705078125,201400,0.0,0.0
2016-06-03 00:00:00+09:00,896.5571361043532,908.0628051757812,888.5916729010569,908.0628051757812,277500,0.0,0.0
2016-06-06 00:00:00+09:00,890.3618610019665,903.6376342773438,882.3963970367402,903.6376342773438,317100,0.0,0.0
2016-06-07 00:00:00+09:00,903.6374842696565,912.4879983173515,896.5570730315005,910.7178955078125,401300,0.0,0.0
2016-06-08 00:00:00+09:00,907.1777699294599,911.60302734375,895.6721006523059,911.60302734375,251600,0.0,0.0
2016-06-09 00:00:00+09:00,902.7525064475748,920.4535359857625,902.7525064475748,916.913330078125,229100,0.0,0.0
2016-06-10 00:00:00+09:00,923.1087005206778,926.6489064670658,910.7179797083197,925.7638549804688,376500,0.0,0.0
2016-06-13 00:00:00+09:00,908.0628465534915,911.6030525829398,890.36181640625,890.36181640625,242200,0.0,0.0
2016-06-14 00:00:00+09:00,885.0515621066214,888.5917683550479,870.8907371129154,878.856201171875,381600,0.0,0.0
2016-06-15 00:00:00+09:00,870.0055898442441,887.7066191391423,864.6952810557747,874.4308471679688,324700,0.0,0.0
2016-06-16 00:00:00+09:00,883.281429873837,909.8329758620285,877.9711206761988,885.9365844726562,833800,0.0,0.0
2016-06-17 00:00:00+09:00,881.5112681247606,884.1664225468231,865.5803415923854,866.4653930664062,576900,0.0,0.0
2016-06-20 00:00:00+09:00,876.2009500974585,878.8561044916933,869.1205383794993,874.4308471679688,294700,0.0,0.0
2016-06-21 00:00:00+09:00,863.8101721129441,872.6606861714783,847.8792468075825,871.775634765625,392000,0.0,0.0
2016-06-22 00:00:00+09:00,872.6607369290865,872.6607369290865,858.4999136117788,862.9251708984375,223600,0.0,0.0
2016-06-23 00:00:00+09:00,868.2355824265956,880.6263042960883,861.1551699297427,878.856201171875,277600,0.0,0.0
2016-06-24 00:00:00+09:00,884.1663382108095,884.1663382108095,806.2818159259734,809.822021484375,420800,0.0,0.0
2016-06-27 00:00:00+09:00,823.0977482243375,835.4884670148114,821.3276455399841,832.8333129882812,214500,0.0,0.0
2016-06-28 00:00:00+09:00,813.9869941554374,831.9359907189531,801.4226965609764,828.34619140625,387800,13.0,0.0
2016-06-29 00:00:00+09:00,835.5258959592225,840.0131456689927,820.2692469460036,831.9360961914062,239000,0.0,0.0
2016-06-30 00:00:00+09:00,851.6798702801215,855.2696695226088,837.3206733101721,841.8079223632812,496700,0.0,0.0
2016-07-01 00:00:00+09:00,845.3977283060792,898.347267552426,834.628330493263,886.680419921875,761600,0.0,0.0
2016-07-04 00:00:00+09:00,879.5009325371414,881.295832399462,868.7315333632172,875.9111328125,348400,0.0,0.0
2016-07-05 00:00:00+09:00,873.2187384511302,883.0906871900432,869.6289389097072,882.1932373046875,269600,0.0,0.0
2016-07-06 00:00:00+09:00,862.4492854026629,870.5263338611685,855.26968677288,867.833984375,503700,0.0,0.0
2016-07-07 00:00:00+09:00,864.2441625055277,873.2186605585447,852.5773150366058,856.1671142578125,469700,0.0,0.0
2016-07-08 00:00:00+09:00,860.6543402028261,865.1415891089931,843.6027943593916,844.500244140625,282000,0.0,0.0
2016-07-11 00:00:00+09:00,844.500244140625,844.500244140625,844.500244140625,844.500244140625,0,0.0,0.0
2016-07-12 00:00:00+09:00,900.1421841873563,921.6809802197557,899.244734352673,902.8345336914062,699300,0.0,0.0
2016-07-13 00:00:00+09:00,922.5784468650818,932.4503952264786,912.706498503685,918.9886474609375,291600,0.0,0.0
2016-07-14 00:00:00+09:00,927.9631566846497,951.2968530809754,917.1937583478839,939.6300048828125,466100,0.0,0.0
2016-07-15 00:00:00+09:00,939.6300939801096,950.3994933380478,933.3479443546456,936.937744140625,339400,0.0,0.0
2016-07-19 00:00:00+09:00,949.5019528966177,959.3739013671875,940.5274542870088,959.3739013671875,297100,0.0,0.0
2016-07-20 00:00:00+09:00,944.1172759433963,951.296875,933.3478773584906,951.296875,213800,0.0,0.0
2016-07-21 00:00:00+09:00,960.2714293573944,960.2714293573944,940.5275308098592,955.7841796875,308400,0.0,0.0
2016-07-22 00:00:00+09:00,938.7325001193169,954.8865966796875,918.0911545143988,954.8865966796875,313400,0.0,0.0
2016-07-25 00:00:00+09:00,953.9891914090508,953.9891914090508,927.0656958848067,938.7325439453125,479900,0.0,0.0
2016-07-26 00:00:00+09:00,933.3477889866505,941.4248371605735,914.501343247497,924.373291015625,344400,0.0,0.0
2016-07-27 00:00:00+09:00,942.3223819099896,953.9892304479229,929.7580834845231,946.8096313476562,356800,0.0,0.0
2016-07-28 00:00:00+09:00,930.6554678306907,942.3223155469867,918.0911702900642,941.4248657226562,258000,0.0,0.0
2016-07-29 00:00:00+09:00,943.2198045649584,946.8096040114473,907.3218101000695,929.758056640625,454500,0.0,0.0
2016-08-01 00:00:00+09:00,928.8605788972221,928.8605788972221,899.244734352673,902.8345336914062,558300,0.0,0.0
2016-08-02 00:00:00+09:00,892.9626183561811,909.1167159746849,888.4753690177079,905.5269165039062,444300,0.0,0.0
2016-08-03 00:00:00+09:00,895.655017428928,910.0142161051433,883.988168504503,904.6295166015625,544700,0.0,0.0
2016-08-04 00:00:00+09:00,915.3989465792896,929.7581457413178,914.5014966316629,927.0657958984375,458900,0.0,0.0
2016-08-05 00:00:00+09:00,924.373301786535,936.0401492848116,913.603904095818,915.3988037109375,301500,0.0,0.0
2016-08-08 00:00:00+09:00,924.3733242206612,926.168223879342,910.9115767805545,917.1937255859375,289300,0.0,0.0
2016-08-09 00:00:00+09:00,917.1937970100565,933.3478951961437,914.5014473123754,927.9631958007812,187300,0.0,0.0
2016-08-10 00:00:00+09:00,920.7834918272148,926.1681906098302,910.9115440590869,924.373291015625,189600,0.0,0.0
2016-08-12 00:00:00+09:00,932.4504504864033,934.2453502948468,927.0657510610728,933.347900390625,165200,0.0,0.0
2016-08-15 00:00:00+09:00,934.2453224130925,941.4249214325976,930.6555229033399,936.0402221679688,264500,0.0,0.0
2016-08-16 00:00:00+09:00,934.2452722204191,934.2452722204191,905.5268776853054,907.32177734375,287800,0.0,0.0
2016-08-17 00:00:00+09:00,897.4499056053536,917.1938035286714,892.0652061717216,913.60400390625,323900,0.0,0.0
2016-08-18 00:00:00+09:00,910.0141052186893,931.5529006084809,905.5268561791495,925.270751953125,371600,0.0,0.0
2016-08-19 00:00:00+09:00,927.0657510610728,939.6300497201773,920.7836017315204,933.347900390625,198300,0.0,0.0
2016-08-22 00:00:00+09:00,936.9377526066073,958.476551517104,936.9377526066073,957.5791015625,325300,0.0,0.0
2016-08-23 00:00:00+09:00,953.9892798195423,964.7586790272887,953.0918298855635,955.7841796875,287000,0.0,0.0
2016-08-24 00:00:00+09:00,961.168789756845,980.9126864652022,960.2713399064651,978.2203369140625,379400,0.0,0.0
2016-08-25 00:00:00+09:00,974.6304147630184,980.0151131871235,960.2712189654048,968.3482666015625,226600,0.0,0.0
2016-08-26 00:00:00+09:00,976.4253645350185,976.4253645350185,956.681469296259,967.4508666992188,258500,0.0,0.0
2016-08-29 00:00:00+09:00,981.8102035030242,983.605103326613,969.2459047379033,973.733154296875,188200,0.0,0.0
2016-08-30 00:00:00+09:00,974.6304219935063,984.5023691776025,971.9380727614799,983.6049194335938,204900,0.0,0.0
2016-08-31 00:00:00+09:00,987.1948297372993,992.5795288085938,973.7330820590635,992.5795288085938,272700,0.0,0.0
2016-09-01 00:00:00+09:00,991.6821406116225,991.6821406116225,977.3229421955266,982.7076416015625,137500,0.0,0.0
2016-09-02 00:00:00+09:00,981.8102917893698,982.7077417818647,971.9383418719265,980.912841796875,176600,0.0,0.0
2016-09-05 00:00:00+09:00,987.1949192368504,990.7847189431662,977.322970044482,980.0153198242188,252200,0.0,0.0
2016-09-06 00:00:00+09:00,977.3229919656757,984.5025915393445,970.1433923920068,981.8102416992188,328700,0.0,0.0
2016-09-07 00:00:00+09:00,967.451042551881,982.7076916459273,960.2714429782121,981.8102416992188,321100,0.0,0.0
2016-09-08 00:00:00+09:00,981.8101531251798,981.8101531251798,966.5535054075125,974.6305541992188,236900,0.0,0.0
2016-09-09 00:00:00+09:00,976.4253870081019,980.0151862250434,962.9636399445711,969.2457885742188,196900,0.0,0.0
2016-09-12 00:00:00+09:00,951.2969080726716,954.8867077257761,945.014758679739,953.9892578125,318000,0.0,0.0
2016-09-13 00:00:00+09:00,953.9892798195423,959.3739794234156,945.0147804797535,955.7841796875,274200,0.0,0.0
2016-09-14 00:00:00+09:00,945.9121924891616,953.9892415711373,943.2198427951697,947.7070922851562,283800,0.0,0.0
2016-09-15 00:00:00+09:00,939.629965718092,939.629965718092,915.3988204703475,921.6809692382812,568700,0.0,0.0
2016-09-16 00:00:00+09:00,927.0655803112429,942.3222258729962,927.0655803112429,934.2451782226562,251200,0.0,0.0
2016-09-20 00:00:00+09:00,912.7063747300748,952.1941628206581,912.7063747300748,943.2196655273438,316700,0.0,0.0
2016-09-21 00:00:00+09:00,960.2712684305789,971.0406658335387,945.9120718932992,967.4508666992188,445800,0.0,0.0
2016-09-23 00:00:00+09:00,962.963705944532,974.6305541992188,944.1172587638841,974.6305541992188,387100,0.0,0.0
2016-09-26 00:00:00+09:00,965.656005859375,976.425403694238,963.8611062202311,965.656005859375,244000,0.0,0.0
2016-09-27 00:00:00+09:00,963.8612427650465,983.605141592636,955.784193244669,981.8102416992188,432400,0.0,0.0
2016-09-28 00:00:00+09:00,987.1949413794704,995.2719908998479,979.1178918590929,981.8102416992188,294400,0.0,0.0
2016-09-29 00:00:00+09:00,994.3744450352369,1006.9387430771984,992.5795453149567,998.8616943359375,285800,0.0,0.0
2016-09-30 00:00:00+09:00,976.425520117903,984.5025694571136,971.0408205584292,980.0153198242188,380200,0.0,0.0
2016-10-03 00:00:00+09:00,997.0667891670372,1004.2463880089241,990.7846401803862,993.4769897460938,275300,0.0,0.0
2016-10-04 00:00:00+09:00,999.7591109535292,1010.5285089171219,994.3744119717328,1006.041259765625,269300,0.0,0.0
2016-10-05 00:00:00+09:00,1012.3232374469053,1025.7849826257204,1011.4257877683176,1016.8104858398438,299400,0.0,0.0
2016-10-06 00:00:00+09:00,1014.1183415215446,1023.0928401190804,1012.3234418020375,1018.6055908203125,237800,0.0,0.0
2016-10-07 00:00:00+09:00,1009.6312098085133,1013.2210096656103,997.9643602729483,1003.3490600585938,232700,0.0,0.0
2016-10-11 00:00:00+09:00,1007.8362368319897,1023.0928851188497,996.169388142038,1012.323486328125,240900,0.0,0.0
2016-10-12 00:00:00+09:00,1005.1438265862803,1017.7081244186088,997.0667779797833,1002.4514770507812,229500,0.0,0.0
2016-10-13 00:00:00+09:00,998.8618537780435,1014.1185038357495,996.1695037678601,1006.9389038085938,182500,0.0,0.0
2016-10-14 00:00:00+09:00,1006.0410316307227,1026.682373046875,1006.0410316307227,1026.682373046875,301800,0.0,0.0
2016-10-17 00:00:00+09:00,1025.785317423467,1026.682767394966,1014.1184677939788,1023.9904174804688,221700,0.0,0.0
2016-10-18 00:00:00+09:00,1027.580067027699,1040.144364790483,1021.2979181463069,1036.5545654296875,259200,0.0,0.0
2016-10-19 00:00:00+09:00,1039.2470483482914,1043.7342981252702,1032.9648986605212,1037.4521484375,168900,0.0,0.0
2016-10-20 00:00:00+09:00,1036.5546206770273,1041.9393200052195,1032.0673712368668,1041.0418701171875,206000,0.0,0.0
2016-10-21 00:00:00+09:00,1041.041781424656,1047.323930105667,1033.862182932072,1043.734130859375,221600,0.0,0.0
2016-10-24 00:00:00+09:00,1044.631723832111,1057.1960229160022,1041.0419240938563,1055.401123046875,152700,0.0,0.0
2016-10-25 00:00:00+09:00,1058.9909227851297,1067.0679721962026,1054.5036731123114,1055.401123046875,321300,0.0,0.0
2016-10-26 00:00:00+09:00,1050.9139820118176,1065.273182449212,1042.836931765783,1064.375732421875,217800,0.0,0.0
2016-10-27 00:00:00+09:00,1064.3755661501295,1064.3755661501295,1053.6061675044284,1060.7857666015625,181400,0.0,0.0
2016-10-28 00:00:00+09:00,1058.093282572867,1058.093282572867,1038.3493875630259,1040.144287109375,578100,0.0,0.0
2016-10-31 00:00:00+09:00,1023.9903217318932,1050.913818359375,1021.297972069145,1050.913818359375,478600,0.0,0.0
2016-11-01 00:00:00+09:00,1041.0416794824475,1041.0416794824475,1021.2977855612287,1025.7850341796875,292800,0.0,0.0
2016-11-02 00:00:00+09:00,1006.0415281666269,1006.0415281666269,982.7078263536632,997.9644775390625,595500,0.0,0.0
2016-11-04 00:00:00+09:00,1005.1438598632812,1011.4260089874268,997.9642608642579,1005.1438598632812,306400,0.0,0.0
2016-11-07 00:00:00+09:00,1013.220687125493,1021.2977342327821,1005.1436400182038,1016.8104858398438,260700,0.0,0.0
2016-11-08 00:00:00+09:00,1016.8105795355903,1018.6054790581597,1005.1437326388889,1009.6309814453125,136500,0.0,0.0
2016-11-09 00:00:00+09:00,1018.6056984755741,1021.2980483393861,955.7842016532919,957.5791015625,372000,0.0,0.0
2016-11-10 00:00:00+09:00,1015.9132025323631,1026.6826004390666,1010.5285035790113,1020.4004516601562,337900,0.0,0.0
2016-11-11 00:00:00+09:00,1032.06728758889,1032.06728758889,993.4769455312185,999.7590942382812,246100,0.0,0.0
2016-11-14 00:00:00+09:00,999.7589530070202,1017.7079467773438,994.3742548759232,1017.7079467773438,270900,0.0,0.0
2016-11-15 00:00:00+09:00,1017.7081581115723,1020.4005077362061,993.4770114898682,1005.1438598632812,415400,0.0,0.0
2016-11-16 00:00:00+09:00,1015.9132637308503,1015.9132637308503,1000.6566157772952,1010.528564453125,200900,0.0,0.0
2016-11-17 00:00:00+09:00,1000.6566267174329,1018.6056245060864,993.4770276019715,1011.426025390625,467100,0.0,0.0
2016-11-18 00:00:00+09:00,1021.2976752861396,1028.4772723004535,1010.5282797646689,1026.682373046875,280100,0.0,0.0
2016-11-21 00:00:00+09:00,1026.6826059725597,1031.1698551245377,1012.3234086862302,1015.9132080078125,272000,0.0,0.0
2016-11-22 00:00:00+09:00,1015.9132748377883,1015.9132748377883,1007.8362258328942,1011.426025390625,152600,0.0,0.0
2016-11-24 00:00:00+09:00,1023.0928739532498,1023.9903238426824,1007.8362258328942,1011.426025390625,175600,0.0,0.0
2016-11-25 00:00:00+09:00,1017.7081857234874,1018.6056356227144,1006.0413370335356,1012.323486328125,234100,0.0,0.0
2016-11-28 00:00:00+09:00,1003.3488331163194,1011.4258809678819,998.8615843098958,1009.6309814453125,269300,0.0,0.0
2016-11-29 00:00:00+09:00,998.8616943359375,1006.0412932170583,993.4769951750968,998.8616943359375,335600,0.0,0.0
2016-11-30 00:00:00+09:00,1000.6565885879807,1007.8361874298676,988.0922906146786,993.4769897460938,534800,0.0,0.0
2016-12-01 00:00:00+09:00,1006.0413370335356,1021.2979853203957,1001.5540875374003,1012.323486328125,490700,0.0,0.0
2016-12-02 00:00:00+09:00,1010.5286597727876,1010.5286597727876,997.9643602729483,1003.3490600585938,334400,0.0,0.0
2016-12-05 00:00:00+09:00,996.1693115234375,1000.656560674444,987.1948132214246,996.1693115234375,274300,0.0,0.0
2016-12-06 00:00:00+09:00,1006.0412877193958,1006.9387375746317,988.9897404699145,993.4769897460938,418500,0.0,0.0
2016-12-07 00:00:00+09:00,1005.143649474065,1010.5283475962475,1001.5538507259433,1007.8359985351562,289100,0.0,0.0
2016-12-08 00:00:00+09:00,1019.5029415967988,1031.1697886397199,1014.1182429616044,1030.2723388671875,300100,0.0,0.0
2016-12-09 00:00:00+09:00,1030.2723388671875,1031.1697886397199,1017.7080420517341,1030.2723388671875,440000,0.0,0.0
2016-12-12 00:00:00+09:00,1032.0673162286932,1039.246914950284,1023.9902676669034,1036.5545654296875,413000,0.0,0.0
2016-12-13 00:00:00+09:00,1023.9904548445992,1032.9649548870584,1015.9134048063859,1032.0675048828125,267000,0.0,0.0
2016-12-14 00:00:00+09:00,1023.9904695414568,1023.9904695414568,1009.6312692674311,1013.2210693359375,328800,0.0,0.0
2016-12-15 00:00:00+09:00,1023.0928288755458,1031.1698775245632,1018.6055796260916,1027.580078125,372000,0.0,0.0
2016-12-16 00:00:00+09:00,1020.4006175944724,1033.8623671669588,1020.4006175944724,1023.9904174804688,296200,0.0,0.0
2016-12-19 00:00:00+09:00,1017.7079532020971,1023.9901010613693,1010.5283556486431,1023.0926513671875,293800,0.0,0.0
2016-12-20 00:00:00+09:00,1018.6055252679243,1047.3239189318658,1017.7080754659262,1042.836669921875,409400,0.0,0.0
2016-12-21 00:00:00+09:00,1049.1190171063956,1064.3756666280456,1044.6317672470868,1058.990966796875,532700,0.0,0.0
2016-12-22 00:00:00+09:00,1057.1960668531515,1060.7858667405985,1045.5292172189486,1058.990966796875,234400,0.0,0.0
2016-12-26 00:00:00+09:00,1060.785934383311,1061.6833844124003,1051.8114340924203,1054.5037841796875,179500,0.0,0.0
2016-12-27 00:00:00+09:00,1052.7085846729767,1058.0932833158054,1046.4264362563435,1050.0162353515625,199300,0.0,0.0
2016-12-28 00:00:00+09:00,1059.0915001033711,1062.721633779818,1046.386032235807,1054.5538330078125,322800,13.0,0.0
2016-12-29 00:00:00+09:00,1044.5711113800155,1047.2937120178435,1032.7731752827608,1041.8485107421875,322400,0.0,0.0
2016-12-30 00:00:00+09:00,1043.6635114336718,1048.201178874688,1030.050509110624,1044.571044921875,148700,0.0,0.0
2017-01-04 00:00:00+09:00,1045.4786462743436,1074.5197197819643,1044.5711127272307,1071.797119140625,401300,0.0,0.0
2017-01-05 00:00:00+09:00,1075.4274703149515,1087.2254088078582,1068.167200473163,1084.5028076171875,446800,0.0,0.0
2017-01-06 00:00:00+09:00,1072.7048691242808,1089.0404762683054,1065.4445992824922,1084.5028076171875,277700,0.0,0.0
2017-01-10 00:00:00+09:00,1089.0404485887098,1100.838386781754,1086.317847467238,1097.208251953125,473400,0.0,0.0
2017-01-11 00:00:00+09:00,1099.9309617246786,1099.9309617246786,1072.7049478206025,1076.3350830078125,543500,0.0,0.0
2017-01-12 00:00:00+09:00,1077.242246788359,1081.7799142137521,1067.2593784524936,1078.1497802734375,300800,0.0,0.0
2017-01-13 00:00:00+09:00,1068.167021938305,1083.5950927734375,1065.4444212026933,1083.5950927734375,300200,0.0,0.0
2017-01-16 00:00:00+09:00,1077.2423059769897,1083.5950407215885,1071.7971047673334,1079.057373046875,151600,0.0,0.0
2017-01-17 00:00:00+09:00,1076.3348015072197,1079.0574021855684,1064.536865234375,1064.536865234375,194800,0.0,0.0
2017-01-18 00:00:00+09:00,1061.8142681952525,1066.3519360080527,1047.2937311942917,1062.7218017578125,263200,0.0,0.0
2017-01-19 00:00:00+09:00,1075.4272317686505,1090.8553017602683,1075.4272317686505,1082.6875,426700,0.0,0.0
2017-01-20 00:00:00+09:00,1077.242232919138,1087.2251011264761,1074.5196324989547,1085.4100341796875,147900,0.0,0.0
2017-01-23 00:00:00+09:00,1074.5197569880654,1087.2252270875865,1069.074555516842,1083.5950927734375,196400,0.0,0.0
2017-01-24 00:00:00+09:00,1079.057373046875,1082.687507186646,1069.0745041625053,1079.057373046875,261000,0.0,0.0
2017-01-25 00:00:00+09:00,1093.5780620416797,1107.1910669633603,1086.3177927501165,1094.485595703125,245800,0.0,0.0
2017-01-26 00:00:00+09:00,1107.1910991246928,1113.5438349393428,1101.7458969978502,1108.0986328125,328500,0.0,0.0
2017-01-27 00:00:00+09:00,1111.7287833142261,1112.6363170148907,1099.0233115049207,1100.83837890625,177800,0.0,0.0
2017-01-30 00:00:00+09:00,1107.191051502008,1112.6362533946408,1095.3931140679701,1101.745849609375,180800,0.0,0.0
2017-01-31 00:00:00+09:00,1092.6705207257232,1099.9307899664257,1083.5951841748451,1098.11572265625,230000,0.0,0.0
2017-02-01 00:00:00+09:00,1081.7797466077302,1103.560546875,1073.6119465075042,1103.560546875,180600,0.0,0.0
2017-02-02 00:00:00+09:00,1111.728819523895,1113.5438869843424,1080.8726726962932,1084.5028076171875,211900,0.0,0.0
2017-02-03 00:00:00+09:00,1082.6873813119882,1089.9476487474417,1069.0743798705132,1080.872314453125,203800,0.0,0.0
2017-02-06 00:00:00+09:00,1089.0404762683054,1094.4856786496468,1076.335004045175,1084.5028076171875,178500,0.0,0.0
2017-02-07 00:00:00+09:00,1069.074710975699,1107.1911268169376,1055.4617053181137,1067.2596435546875,399900,0.0,0.0
2017-02-08 00:00:00+09:00,1059.091567037162,1119.8963099604607,1057.2765000842276,1115.358642578125,634400,0.0,0.0
2017-02-09 00:00:00+09:00,1109.005908242855,1119.8963099604607,1096.3004395723149,1115.358642578125,341100,0.0,0.0
2017-02-10 00:00:00+09:00,1128.0642387269036,1147.1224438864087,1123.5265708317831,1143.4923095703125,326000,0.0,0.0
2017-02-13 00:00:00+09:00,1148.9374818233862,1158.0128173828125,1143.4922804877303,1158.0128173828125,228200,0.0,0.0
2017-02-14 00:00:00+09:00,1162.5505296996596,1175.2559999696011,1159.8279289275292,1166.1806640625,253700,0.0,0.0
2017-02-15 00:00:00+09:00,1168.903201849242,1170.7182689328588,1162.5504670565829,1167.088134765625,190300,0.0,0.0
2017-02-16 00:00:00+09:00,1161.6429516065832,1163.4580187184683,1140.7696798199024,1158.0128173828125,271900,0.0,0.0
2017-02-17 00:00:00+09:00,1157.105224609375,1161.642892156863,1149.8449565333947,1157.105224609375,178100,0.0,0.0
2017-02-20 00:00:00+09:00,1151.6600897447117,1158.0128246763218,1145.307354813102,1154.3826904296875,79900,0.0,0.0
2017-02-21 00:00:00+09:00,1158.0128210238422,1158.9203545826383,1146.2148847594929,1156.19775390625,100700,0.0,0.0
2017-02-22 00:00:00+09:00,1158.012998528656,1158.9205322265625,1148.0301278516847,1158.9205322265625,165200,0.0,0.0
2017-02-23 00:00:00+09:00,1158.9205322265625,1164.3657344140013,1149.8451952474977,1158.9205322265625,140300,0.0,0.0
2017-02-24 00:00:00+09:00,1150.7525745035161,1150.7525745035161,1134.4169701335925,1145.307373046875,227100,0.0,0.0
2017-02-27 00:00:00+09:00,1138.9546380141269,1148.9375073513024,1129.879302253058,1145.307373046875,207300,0.0,0.0
2017-02-28 00:00:00+09:00,1148.0300217937352,1161.6430260047282,1141.6772864952718,1151.66015625,360900,0.0,0.0
2017-03-01 00:00:00+09:00,1144.399748491253,1161.6428850664581,1140.7696144754202,1160.7353515625,237700,0.0,0.0
2017-03-02 00:00:00+09:00,1167.0882201093627,1168.903287325707,1149.8450815540923,1155.290283203125,292700,0.0,0.0
2017-03-03 00:00:00+09:00,1150.7525149775722,1150.7525149775722,1141.6771796859512,1144.3997802734375,147100,0.0,0.0
2017-03-06 00:00:00+09:00,1148.9375554078015,1155.2902907062648,1140.7697528812057,1151.66015625,215300,0.0,0.0
2017-03-07 00:00:00+09:00,1166.1806193862963,1171.625820721952,1147.1224147115008,1158.0128173828125,344600,0.0,0.0
2017-03-08 00:00:00+09:00,1159.827899150668,1159.827899150668,1145.3073620720993,1150.7525634765625,192500,0.0,0.0
2017-03-09 00:00:00+09:00,1158.9203729750234,1158.9203729750234,1132.6018993522548,1147.1224365234375,261300,0.0,0.0
2017-03-10 00:00:00+09:00,1164.3654370472098,1187.9613071666388,1158.0127027842866,1186.146240234375,514500,0.0,0.0
2017-03-13 00:00:00+09:00,1187.0538294668415,1190.6839635019085,1178.8860278879413,1188.868896484375,213900,0.0,0.0
2017-03-14 00:00:00+09:00,1187.0539588168788,1189.7765596398533,1178.8861563479554,1185.2388916015625,176700,0.0,0.0
2017-03-15 00:00:00+09:00,1177.0710559847926,1181.6087238952966,1168.903253745885,1171.6258544921875,160700,0.0,0.0
2017-03-16 00:00:00+09:00,1161.6429777992278,1178.886115750935,1158.0128434936053,1175.2559814453125,213500,0.0,0.0
2017-03-17 00:00:00+09:00,1161.642871017871,1176.1634069055945,1158.0127370459402,1167.99560546875,286700,0.0,0.0
2017-03-21 00:00:00+09:00,1167.995896777193,1179.7938351284777,1167.995896777193,1174.3486328125,193100,0.0,0.0
2017-03-22 00:00:00+09:00,1157.1053021327016,1164.3655706951026,1148.9375,1148.9375,163300,0.0,0.0
2017-03-23 00:00:00+09:00,1148.0299811674035,1148.0299811674035,1135.3245110200965,1141.67724609375,188600,0.0,0.0
2017-03-24 00:00:00+09:00,1144.3997554764094,1159.8278251378676,1140.769621438419,1157.105224609375,182700,0.0,0.0
2017-03-27 00:00:00+09:00,1135.3245698354658,1150.7526415278742,1134.4170362065006,1142.5848388671875,190000,0.0,0.0
2017-03-28 00:00:00+09:00,1159.8278040319055,1169.8106724547154,1158.0127370459402,1167.99560546875,244100,0.0,0.0
2017-03-29 00:00:00+09:00,1168.9032648346304,1177.0710671510215,1159.8279289275292,1166.1806640625,139400,0.0,0.0
2017-03-30 00:00:00+09:00,1167.088134765625,1184.331272059985,1162.5504670565829,1167.088134765625,227100,0.0,0.0
2017-03-31 00:00:00+09:00,1173.4410232183502,1176.1636242002953,1152.5677490234375,1152.5677490234375,344600,0.0,0.0
2017-04-03 00:00:00+09:00,1157.1053541710207,1160.7354886154787,1147.1224844487608,1153.4752197265625,254300,0.0,0.0
2017-04-04 00:00:00+09:00,1151.6600449079572,1158.9203131185668,1137.139508486738,1146.21484375,250100,0.0,0.0
2017-04-05 00:00:00+09:00,1148.0299737751957,1151.6601080796231,1139.8621715902339,1145.307373046875,224900,0.0,0.0
2017-04-06 00:00:00+09:00,1141.6772873764285,1144.3998882207284,1120.8040142367959,1121.7115478515625,221900,0.0,0.0
2017-04-07 00:00:00+09:00,1130.7868839992288,1134.4170184582954,1118.081413392496,1121.7115478515625,243200,0.0,0.0
2017-04-10 00:00:00+09:00,1131.6943766922943,1142.5847796757005,1124.43410803669,1141.67724609375,192200,0.0,0.0
2017-04-11 00:00:00+09:00,1128.064027549756,1134.4167614136725,1122.6188270949704,1127.156494140625,181900,0.0,0.0
2017-04-12 00:00:00+09:00,1117.1737796559053,1122.6189808565027,1108.0984443215764,1110.821044921875,222200,0.0,0.0
2017-04-13 00:00:00+09:00,1099.023112545232,1111.7285820544253,1099.023112545232,1109.0059814453125,284900,0.0,0.0
2017-04-14 00:00:00+09:00,1115.3584803531044,1118.0810803865131,1101.7454801860608,1103.560546875,177900,0.0,0.0
2017-04-17 00:00:00+09:00,1101.7455851568873,1115.3585866209344,1099.9305182950143,1112.635986328125,217000,0.0,0.0
2017-04-18 00:00:00+09:00,1115.358772022481,1131.6943764947387,1105.3759026227679,1111.7286376953125,241000,0.0,0.0
2017-04-19 00:00:00+09:00,1109.9136108595962,1126.2492159253957,1105.375942785763,1121.7115478515625,286900,0.0,0.0
2017-04-20 00:00:00+09:00,1120.8040293342515,1128.0642983501818,1114.4512939453125,1114.4512939453125,162800,0.0,0.0
2017-04-21 00:00:00+09:00,1119.8965319834056,1131.694469516456,1099.02325788647,1126.249267578125,242900,0.0,0.0
2017-04-24 00:00:00+09:00,1141.67724609375,1146.2149140035026,1133.5094438561953,1141.67724609375,294600,0.0,0.0
2017-04-25 00:00:00+09:00,1145.307288985907,1160.7353586473653,1142.5846884574144,1157.105224609375,255100,0.0,0.0
2017-04-26 00:00:00+09:00,1179.793953601225,1183.4240888430747,1170.7186154966,1176.163818359375,281500,0.0,0.0
2017-04-27 00:00:00+09:00,1172.5333807160955,1176.163515021718,1163.458044952039,1175.2559814453125,267100,0.0,0.0
2017-04-28 00:00:00+09:00,1175.2558352220506,1187.9613037109375,1160.7352998061797,1187.9613037109375,506600,0.0,0.0
2017-05-01 00:00:00+09:00,1146.2150298293395,1179.7937757546647,1145.3074961556822,1173.4410400390625,454600,0.0,0.0
2017-05-02 00:00:00+09:00,1177.9784703576538,1184.3312047894747,1167.9956019647923,1169.8106689453125,292700,0.0,0.0
2017-05-08 00:00:00+09:00,1186.146585798405,1225.1705362110536,1183.423984606825,1223.35546875,603700,0.0,0.0
2017-05-09 00:00:00+09:00,1216.0949150091155,1223.3551831584236,1213.372314453125,1213.372314453125,248100,0.0,0.0
2017-05-10 00:00:00+09:00,1211.557191680039,1212.464725156953,1205.2044573416417,1210.649658203125,324000,0.0,0.0
2017-05-11 00:00:00+09:00,1211.557428334326,1217.910163913607,1207.9272937175938,1214.280029296875,222800,0.0,0.0
2017-05-12 00:00:00+09:00,1207.0195242954696,1211.557191680039,1203.389390387814,1210.649658203125,193200,0.0,0.0
2017-05-15 00:00:00+09:00,1200.666951621451,1201.57448522056,1186.146414035704,1190.68408203125,234400,0.0,0.0
2017-05-16 00:00:00+09:00,1196.129150390625,1204.2969518728069,1189.7764159044837,1196.129150390625,213100,0.0,0.0
2017-05-17 00:00:00+09:00,1191.591497010675,1196.1291645545086,1186.146295958075,1188.868896484375,143700,0.0,0.0
2017-05-18 00:00:00+09:00,1174.3484738638028,1178.886141846275,1161.6430035128806,1162.550537109375,215600,0.0,0.0
2017-05-19 00:00:00+09:00,1163.4580078125,1166.1806084548068,1150.7525381484008,1163.4580078125,219100,0.0,0.0
2017-05-22 00:00:00+09:00,1164.365471496819,1169.8106724547154,1161.642871017871,1167.99560546875,188600,0.0,0.0
2017-05-23 00:00:00+09:00,1164.3656043023639,1170.718339477825,1159.8279363198917,1162.550537109375,185100,0.0,0.0
2017-05-24 00:00:00+09:00,1172.533354277895,1172.533354277895,1153.4751496030992,1158.0128173828125,252900,0.0,0.0
2017-05-25 00:00:00+09:00,1168.9031602328432,1169.8106937423408,1156.1976910998776,1157.105224609375,183200,0.0,0.0
2017-05-26 00:00:00+09:00,1159.8278502691935,1160.7353837983555,1138.9545790984646,1144.3997802734375,299100,0.0,0.0
2017-05-29 00:00:00+09:00,1147.1222790732586,1149.8448794191604,1131.6942104464822,1133.50927734375,294300,0.0,0.0
2017-05-30 00:00:00+09:00,1134.4170362065006,1153.4752424147698,1129.8793680616745,1142.5848388671875,190200,0.0,0.0
2017-05-31 00:00:00+09:00,1142.584929340522,1144.3999967421748,1124.4342553239926,1128.971923828125,348100,0.0,0.0
2017-06-01 00:00:00+09:00,1152.567624146911,1187.9614330774066,1141.677221399066,1184.331298828125,630200,0.0,0.0
2017-06-02 00:00:00+09:00,1188.8689854633378,1207.9271905738187,1185.2388511565794,1205.20458984375,331500,0.0,0.0
2017-06-05 00:00:00+09:00,1197.0369675566685,1215.1876418183315,1188.8691641389203,1206.1123046875,289100,0.0,0.0
2017-06-06 00:00:00+09:00,1205.2046158556886,1205.2046158556886,1187.961477526428,1192.4991455078125,214700,0.0,0.0
2017-06-07 00:00:00+09:00,1188.8688337266399,1195.2215679526603,1183.4236329614798,1189.7763671875,262100,0.0,0.0
2017-06-08 00:00:00+09:00,1187.0538995150862,1189.7765002020474,1180.7011645788434,1184.331298828125,211900,0.0,0.0
2017-06-09 00:00:00+09:00,1187.9613037109375,1197.0366383458568,1177.0709021490343,1187.9613037109375,306900,0.0,0.0
2017-06-12 00:00:00+09:00,1193.4068405439268,1207.019846329599,1192.499306824882,1202.482177734375,219100,0.0,0.0
2017-06-13 00:00:00+09:00,1194.3142127003662,1201.5744814705813,1191.5916119115357,1192.4991455078125,132500,0.0,0.0
2017-06-14 00:00:00+09:00,1201.5743021786805,1201.5743021786805,1189.7763671875,1189.7763671875,161700,0.0,0.0
2017-06-15 00:00:00+09:00,1182.516102929986,1192.4989710283971,1178.8859690760182,1187.9613037109375,240500,0.0,0.0
2017-06-16 00:00:00+09:00,1194.3143782035384,1204.2972491459693,1189.7767095933425,1200.6671142578125,266100,0.0,0.0
2017-06-19 00:00:00+09:00,1203.3893973214285,1209.7421316964285,1198.8517299107143,1207.01953125,191600,0.0,0.0
2017-06-20 00:00:00+09:00,1216.0949418959715,1233.33807913181,1213.3723412797865,1230.615478515625,266300,0.0,0.0
2017-06-21 00:00:00+09:00,1222.4476518839815,1245.1359898922217,1219.7250513229926,1243.3209228515625,349500,0.0,0.0
2017-06-22 00:00:00+09:00,1250.581452273251,1295.9581377693776,1249.6739185633285,1292.3280029296875,777900,0.0,0.0
2017-06-23 00:00:00+09:00,1296.865489581732,1301.403157494894,1290.5127545033051,1291.4202880859375,328600,0.0,0.0
2017-06-26 00:00:00+09:00,1292.3274762064054,1318.6459430673503,1291.4199428663728,1314.1082763671875,376300,0.0,0.0
2017-06-27 00:00:00+09:00,1321.3690147033608,1331.3518850067514,1316.8313463836375,1323.18408203125,230400,0.0,0.0
2017-06-28 00:00:00+09:00,1321.3526853779194,1330.5096686445718,1318.6055903979238,1323.18408203125,267100,13.0,0.0
2017-06-29 00:00:00+09:00,1336.0036375612613,1346.0763174880426,1334.1722412109375,1334.1722412109375,347000,0.0,0.0
2017-06-30 00:00:00+09:00,1322.2683824513056,1336.9195556640625,1315.8584941707245,1336.9195556640625,246700,0.0,0.0
2017-07-03 00:00:00+09:00,1325.9308601809662,1336.9192374752836,1321.3523696416673,1331.425048828125,341800,0.0,0.0
2017-07-04 00:00:00+09:00,1334.1722644502647,1340.582151788049,1310.3641114813513,1313.1112060546875,262800,0.0,0.0
2017-07-05 00:00:00+09:00,1313.1113276195329,1329.5938965854684,1306.7014396883358,1326.8468017578125,284400,0.0,0.0
2017-07-06 00:00:00+09:00,1321.3524657525898,1325.0152584504485,1314.026880356872,1320.436767578125,262700,0.0,0.0
2017-07-07 00:00:00+09:00,1310.3641357421875,1314.0269285744507,1304.8699464937927,1310.3641357421875,273500,0.0,0.0
2017-07-10 00:00:00+09:00,1320.436766896168,1320.436766896168,1305.7855961122991,1311.27978515625,256700,0.0,0.0
2017-07-11 00:00:00+09:00,1306.7013916015624,1311.2798828124999,1297.5444091796874,1309.448486328125,358500,0.0,0.0
2017-07-12 00:00:00+09:00,1300.2914795436577,1311.2798582440269,1295.712988418504,1303.03857421875,297900,0.0,0.0
2017-07-13 00:00:00+09:00,1303.0385495633054,1303.0385495633054,1288.3873782400358,1296.628662109375,203800,0.0,0.0
2017-07-14 00:00:00+09:00,1297.5443362975388,1307.6170163958259,1296.6286381067855,1303.9542236328125,197900,0.0,0.0
2017-07-17 00:00:00+09:00,1303.9542236328125,1303.9542236328125,1303.9542236328125,1303.9542236328125,0,0.0,0.0
2017-07-18 00:00:00+09:00,1300.2914551124868,1303.9542479437896,1291.1344730342298,1301.2071533203125,199500,0.0,0.0
2017-07-19 00:00:00+09:00,1301.2072021484375,1309.448486328125,1296.6287109375,1304.8699951171875,253800,0.0,0.0
2017-07-20 00:00:00+09:00,1308.5329088046064,1327.7625736645762,1307.6172104779412,1323.18408203125,219500,0.0,0.0
2017-07-21 00:00:00+09:00,1319.5213128691637,1327.7625979599495,1317.6899161823223,1325.0155029296875,227200,0.0,0.0
2017-07-24 00:00:00+09:00,1321.3524902850968,1323.1838866680282,1305.7856210301786,1322.2681884765625,265800,0.0,0.0
2017-07-25 00:00:00+09:00,1323.1839352562313,1323.1839352562313,1303.9542725293243,1307.6170654296875,249100,0.0,0.0
2017-07-26 00:00:00+09:00,1323.1839599609375,1323.1839599609375,1294.797314453125,1304.8699951171875,302200,0.0,0.0
2017-07-27 00:00:00+09:00,1297.5445322925934,1301.2073256088745,1281.0619623693283,1286.55615234375,357600,0.0,0.0
2017-07-28 00:00:00+09:00,1282.8932373046875,1303.954296875,1275.5676513671874,1295.7130126953125,1322400,0.0,0.0
2017-07-31 00:00:00+09:00,1275.5676513671874,1281.0618408203125,1218.7943603515625,1222.4571533203125,750500,0.0,0.0
2017-08-01 00:00:00+09:00,1228.8670410156249,1246.2653076171875,1227.9513427734375,1240.7711181640625,429700,0.0,0.0
2017-08-02 00:00:00+09:00,1245.349806718982,1250.8439970427423,1224.2887438112348,1232.530029296875,250800,0.0,0.0
2017-08-03 00:00:00+09:00,1227.9512206120278,1228.866918763118,1211.4686538924032,1227.0355224609375,272900,0.0,0.0
2017-08-04 00:00:00+09:00,1217.878564599756,1226.1198481196038,1210.55297924878,1219.7099609375,243800,0.0,0.0
2017-08-07 00:00:00+09:00,1227.03564453125,1253.5908935546875,1225.204248046875,1249.9281005859375,420200,0.0,0.0
2017-08-08 00:00:00+09:00,1249.9281250537754,1259.085107654902,1243.5182372329868,1247.1810302734375,328000,0.0,0.0
2017-08-09 00:00:00+09:00,1228.8671393312195,1234.3613292239074,1218.7944578612914,1220.6258544921875,340000,0.0,0.0
2017-08-10 00:00:00+09:00,1215.1316653343195,1223.3729501783353,1205.0589838583003,1211.4688720703125,279500,0.0,0.0
2017-08-11 00:00:00+09:00,1211.4688720703125,1211.4688720703125,1211.4688720703125,1211.4688720703125,0,0.0,0.0
2017-08-14 00:00:00+09:00,1190.4077877494497,1204.1432622234818,1181.2508047667616,1195.9019775390625,317900,0.0,0.0
2017-08-15 00:00:00+09:00,1205.974682174302,1217.8787602823247,1201.3961905942933,1211.4688720703125,219900,0.0,0.0
2017-08-16 00:00:00+09:00,1211.4685814353936,1231.6139395545008,1204.1429966648093,1226.1197509765625,259700,0.0,0.0
2017-08-17 00:00:00+09:00,1226.1198243098472,1231.6140132163887,1213.3000501945837,1227.0355224609375,142400,0.0,0.0
2017-08-18 00:00:00+09:00,1209.6372803473075,1214.2157711888947,1204.1430913374031,1210.552978515625,181300,0.0,0.0
2017-08-21 00:00:00+09:00,1220.6258791815965,1224.2886725174753,1215.1316891777783,1217.8787841796875,102900,0.0,0.0
2017-08-22 00:00:00+09:00,1215.1316398603537,1229.7828126092352,1211.4688466731334,1227.951416015625,142000,0.0,0.0
2017-08-23 00:00:00+09:00,1236.1927973466927,1243.5183842939323,1232.530003873073,1239.8555908203125,229600,0.0,0.0
2017-08-24 00:00:00+09:00,1239.8555908203125,1249.0125745043622,1238.0241940835026,1239.8555908203125,154600,0.0,0.0
2017-08-25 00:00:00+09:00,1251.7596435546875,1254.5067386027226,1240.7712633625467,1251.7596435546875,165900,0.0,0.0
2017-08-28 00:00:00+09:00,1249.01240234375,1252.6751953125,1240.7711181640625,1249.9281005859375,170200,0.0,0.0
2017-08-29 00:00:00+09:00,1238.93962537582,1258.169286967019,1236.1925308627915,1256.337890625,155600,0.0,0.0
2017-08-30 00:00:00+09:00,1264.5792969459196,1267.3263917256718,1252.6752195669935,1260.91650390625,153400,0.0,0.0
2017-08-31 00:00:00+09:00,1263.6635498576466,1270.9891356539226,1260.0007569595084,1266.41064453125,148700,0.0,0.0
2017-09-01 00:00:00+09:00,1279.2302493026548,1285.6401360207067,1273.7360606871816,1281.0616455078125,237100,0.0,0.0
2017-09-04 00:00:00+09:00,1273.7362548828125,1284.7246337890624,1257.2536865234374,1259.0850830078125,192600,0.0,0.0
2017-09-05 00:00:00+09:00,1270.9893088909337,1277.3991973363488,1249.0125485066524,1251.7596435546875,178700,0.0,0.0
2017-09-06 00:00:00+09:00,1247.1810778332995,1271.9049317991578,1245.3496812432359,1269.1578369140625,178100,0.0,0.0
2017-09-07 00:00:00+09:00,1272.820362584603,1281.9773436103915,1269.1575701742875,1281.0616455078125,178700,0.0,0.0
2017-09-08 00:00:00+09:00,1287.4718506728202,1291.1346439891015,1280.146264040258,1286.55615234375,225500,0.0,0.0
2017-09-11 00:00:00+09:00,1297.5443115234375,1305.7855950828664,1292.050122483818,1297.5443115234375,212400,0.0,0.0
2017-09-12 00:00:00+09:00,1309.448389147584,1317.6896727156457,1302.1228037537514,1315.8582763671875,284900,0.0,0.0
2017-09-13 00:00:00+09:00,1316.7739983033598,1316.7739983033598,1298.4600344882922,1303.9542236328125,340700,0.0,0.0
2017-09-14 00:00:00+09:00,1301.2072021484375,1312.1955810546874,1297.5444091796874,1304.8699951171875,208400,0.0,0.0
2017-09-15 00:00:00+09:00,1309.4485597757605,1313.1113529499585,1301.207275133815,1305.7857666015625,279200,0.0,0.0
2017-09-18 00:00:00+09:00,1305.7857666015625,1305.7857666015625,1305.7857666015625,1305.7857666015625,0,0.0,0.0
2017-09-19 00:00:00+09:00,1315.8585667872167,1336.003931066492,1311.2800749055632,1333.2568359375,322800,0.0,0.0
2017-09-20 00:00:00+09:00,1336.9194581423253,1345.1607424733395,1326.8467772933077,1329.5938720703125,179200,0.0,0.0
2017-09-21 00:00:00+09:00,1327.7625000336977,1333.2566896890096,1316.774120723074,1326.8468017578125,175500,0.0,0.0
2017-09-22 00:00:00+09:00,1321.3526614723683,1325.015454712763,1305.785790200691,1316.774169921875,207800,0.0,0.0
2017-09-25 00:00:00+09:00,1318.6053705481843,1324.0995595921352,1306.701294286291,1311.27978515625,248700,0.0,0.0
2017-09-26 00:00:00+09:00,1308.5327639922252,1325.9310302734375,1292.965894161667,1325.9310302734375,349800,0.0,0.0
2017-09-27 00:00:00+09:00,1331.4252683383393,1346.076440479614,1326.846777044191,1343.329345703125,179700,0.0,0.0
2017-09-28 00:00:00+09:00,1352.486232021931,1381.78857421875,1344.2449482790755,1381.78857421875,426800,0.0,0.0
2017-09-29 00:00:00+09:00,1379.9571533203125,1386.3670405620128,1363.474586127369,1379.9571533203125,272200,0.0,0.0
2017-10-02 00:00:00+09:00,1391.8611539025821,1399.186738923122,1359.81171943772,1365.305908203125,293800,0.0,0.0
2017-10-03 00:00:00+09:00,1373.547265101374,1379.9571523385139,1357.9803960968918,1366.2216796875,205900,0.0,0.0
2017-10-04 00:00:00+09:00,1366.221899577915,1370.8003911984847,1359.812011309118,1364.3905029296875,149900,0.0,0.0
2017-10-05 00:00:00+09:00,1358.8961181640625,1365.306005513893,1354.3176271998977,1358.8961181640625,194800,0.0,0.0
2017-10-06 00:00:00+09:00,1374.4630615234375,1379.041552734375,1363.4746826171875,1368.9688720703125,196500,0.0,0.0
2017-10-09 00:00:00+09:00,1368.9688720703125,1368.9688720703125,1368.9688720703125,1368.9688720703125,0,0.0,0.0
2017-10-10 00:00:00+09:00,1368.968632732454,1400.1023675236936,1365.3058404040728,1396.4395751953125,455300,0.0,0.0
2017-10-11 00:00:00+09:00,1391.861328125,1391.861328125,1370.8002685546874,1373.54736328125,208200,0.0,0.0
2017-10-12 00:00:00+09:00,1373.547437463074,1374.463135754716,1355.233471630233,1356.149169921875,190600,0.0,0.0
2017-10-13 00:00:00+09:00,1348.8235107421874,1349.739208984375,1336.91943359375,1346.076416015625,425300,0.0,0.0
2017-10-16 00:00:00+09:00,1355.2334472986392,1364.390430050657,1353.4020507482358,1354.3177490234375,242800,0.0,0.0
2017-10-17 00:00:00+09:00,1363.4747070640867,1368.053198357116,1356.1491209952399,1361.643310546875,199700,0.0,0.0
2017-10-18 00:00:00+09:00,1364.390380859375,1369.8845703125,1357.0647949218749,1368.9688720703125,176400,0.0,0.0
2017-10-19 00:00:00+09:00,1367.13730445826,1367.13730445826,1358.8960213101525,1365.305908203125,206600,0.0,0.0
2017-10-20 00:00:00+09:00,1366.2217292886296,1390.9455809580618,1366.2217292886296,1388.198486328125,375700,0.0,0.0
2017-10-23 00:00:00+09:00,1405.5967526417103,1407.4281490620904,1387.2827884379094,1397.35546875,469400,0.0,0.0
2017-10-24 00:00:00+09:00,1392.7770263671875,1407.4281982421874,1387.2828369140625,1405.5968017578125,359700,0.0,0.0
2017-10-25 00:00:00+09:00,1419.332127281831,1427.5734106015318,1400.1024662025286,1403.7652587890625,555600,0.0,0.0
2017-10-26 00:00:00+09:00,1401.9341060008433,1418.4166755031392,1393.6928212496953,1408.343994140625,286500,0.0,0.0
2017-10-27 00:00:00+09:00,1426.6579836339429,1428.4893802753215,1416.5853021063606,1423.910888671875,334800,0.0,0.0
2017-10-30 00:00:00+09:00,1424.8264648437498,1431.2363525390624,1412.9223876953124,1419.332275390625,453500,0.0,0.0
2017-10-31 00:00:00+09:00,1447.7188682400026,1455.9601521199268,1265.4949246727917,1342.41357421875,924100,0.0,0.0
2017-11-01 00:00:00+09:00,1328.6783229435466,1336.9196081995713,1298.460277004789,1308.532958984375,773600,0.0,0.0
2017-11-02 00:00:00+09:00,1309.4483874269654,1312.195481946043,1285.6402349282932,1292.9658203125,611600,0.0,0.0
2017-11-03 00:00:00+09:00,1292.9658203125,1292.9658203125,1292.9658203125,1292.9658203125,0,0.0,0.0
2017-11-06 00:00:00+09:00,1297.5444337672686,1303.0386233245047,1284.7246581337176,1288.387451171875,433700,0.0,0.0
2017-11-07 00:00:00+09:00,1288.3873784107527,1306.7013425672667,1286.5559819951013,1301.2071533203125,517500,0.0,0.0
2017-11-08 00:00:00+09:00,1293.8816403854787,1310.3642090528097,1286.5560543111094,1306.701416015625,386600,0.0,0.0
2017-11-09 00:00:00+09:00,1316.774096867883,1334.17236379451,1292.0502438668864,1306.701416015625,582400,0.0,0.0
2017-11-10 00:00:00+09:00,1292.0501956873147,1318.6054442166783,1289.3031010118632,1312.195556640625,541100,0.0,0.0
2017-11-13 00:00:00+09:00,1312.1956783713817,1326.8468513329603,1311.279980061283,1316.774169921875,396400,0.0,0.0
2017-11-14 00:00:00+09:00,1323.1841327728634,1330.5097196671077,1307.6172606225944,1308.532958984375,558100,0.0,0.0
2017-11-15 00:00:00+09:00,1303.9543217609162,1306.7014165399069,1272.8205809323551,1279.23046875,697100,0.0,0.0
2017-11-16 00:00:00+09:00,1274.6519051244702,1303.95424777101,1272.8205087090616,1296.628662109375,304500,0.0,0.0
2017-11-17 00:00:00+09:00,1301.2070782470703,1305.7855690220424,1278.31462437221,1281.9774169921875,950000,0.0,0.0
2017-11-20 00:00:00+09:00,1277.3989011568724,1299.3756564455928,1274.6518067457826,1275.5675048828125,525700,0.0,0.0
2017-11-21 00:00:00+09:00,1281.9776606983985,1292.0503423181717,1281.0619623693283,1286.55615234375,357000,0.0,0.0
2017-11-22 00:00:00+09:00,1299.3757809715787,1303.9542720955096,1282.8932129254276,1284.724609375,420500,0.0,0.0
2017-11-23 00:00:00+09:00,1284.724609375,1284.724609375,1284.724609375,1284.724609375,0,0.0,0.0
2017-11-24 00:00:00+09:00,1281.06186509556,1292.0502442100324,1276.4833737978634,1288.387451171875,304200,0.0,0.0
2017-11-27 00:00:00+09:00,1286.5560058245724,1290.218798723717,1282.8932129254276,1284.724609375,258200,0.0,0.0
2017-11-28 00:00:00+09:00,1289.303198608137,1293.8816900804673,1282.893310546875,1282.893310546875,265100,0.0,0.0
2017-11-29 00:00:00+09:00,1310.364087321813,1315.8582763671875,1293.8815201856896,1315.8582763671875,399600,0.0,0.0
2017-11-30 00:00:00+09:00,1306.7013674582033,1325.9310301888427,1295.7129887549809,1321.3525390625,387200,0.0,0.0
2017-12-01 00:00:00+09:00,1328.678100417099,1335.0879878760372,1315.858325499222,1324.099609375,284100,0.0,0.0
2017-12-04 00:00:00+09:00,1325.9309807302564,1334.1722644502647,1312.1955078635754,1313.1112060546875,191600,0.0,0.0
2017-12-05 00:00:00+09:00,1308.5326665260236,1315.8582517829923,1301.207081269055,1314.02685546875,174300,0.0,0.0
2017-12-06 00:00:00+09:00,1317.6896959706783,1321.352488732237,1293.881543020548,1294.7972412109375,281000,0.0,0.0
2017-12-07 00:00:00+09:00,1298.460083263368,1314.9426513160765,1295.7129885879165,1312.195556640625,175100,0.0,0.0
2017-12-08 00:00:00+09:00,1314.0270991855198,1326.8468757629394,1312.1957025316026,1318.6055908203125,323200,0.0,0.0
2017-12-11 00:00:00+09:00,1325.015233354203,1325.9309315113242,1299.3756849548126,1314.02685546875,202800,0.0,0.0
2017-12-12 00:00:00+09:00,1315.8583740234374,1319.5211669921875,1306.7013916015624,1309.448486328125,152500,0.0,0.0
2017-12-13 00:00:00+09:00,1312.1954569931572,1312.1954569931572,1288.387304947224,1291.1343994140625,278800,0.0,0.0
2017-12-14 00:00:00+09:00,1291.1344489622652,1307.6170163958259,1291.1344489622652,1303.9542236328125,133600,0.0,0.0
2017-12-15 00:00:00+09:00,1300.2915285458866,1303.954321584044,1283.8089598741783,1288.387451171875,187200,0.0,0.0
2017-12-18 00:00:00+09:00,1297.5444091796874,1304.8699951171875,1292.0502197265625,1304.8699951171875,212800,0.0,0.0
2017-12-19 00:00:00+09:00,1309.4484127773328,1309.4484127773328,1299.3757326790455,1303.9542236328125,109000,0.0,0.0
2017-12-20 00:00:00+09:00,1303.9541055923314,1334.1721431517044,1302.122709376612,1331.425048828125,243900,0.0,0.0
2017-12-21 00:00:00+09:00,1331.4253657092786,1339.6666506414545,1324.0997791029001,1336.9195556640625,150100,0.0,0.0
2017-12-22 00:00:00+09:00,1337.835302968643,1343.3294931245716,1334.172509531357,1336.00390625,137600,0.0,0.0
2017-12-25 00:00:00+09:00,1337.8351805640048,1340.582275390625,1333.2566891863046,1340.582275390625,103700,0.0,0.0
2017-12-26 00:00:00+09:00,1346.076588202536,1346.076588202536,1333.2568111720357,1336.00390625,118500,0.0,0.0
2017-12-27 00:00:00+09:00,1336.9276562093944,1336.9276562093944,1323.9926270546387,1333.23193359375,145900,13.0,0.0
2017-12-28 00:00:00+09:00,1335.0797209436878,1336.9275821491462,1320.2968313000206,1323.9925537109375,111000,0.0,0.0
2017-12-29 00:00:00+09:00,1325.8404541015625,1331.384037881778,1321.2208009513827,1325.8404541015625,124000,0.0,0.0
2018-01-01 00:00:00+09:00,1325.8404541015625,1325.8404541015625,1325.8404541015625,1325.8404541015625,0,0.0,0.0
2018-01-02 00:00:00+09:00,1325.8404541015625,1325.8404541015625,1325.8404541015625,1325.8404541015625,0,0.0,0.0
2018-01-03 00:00:00+09:00,1325.8404541015625,1325.8404541015625,1325.8404541015625,1325.8404541015625,0,0.0,0.0
2018-01-04 00:00:00+09:00,1321.220888080019,1341.54736328125,1316.6012346251937,1341.54736328125,255500,0.0,0.0
2018-01-05 00:00:00+09:00,1344.3190389356996,1360.0258593218898,1340.6233164918901,1359.1019287109375,217100,0.0,0.0
2018-01-08 00:00:00+09:00,1359.1019287109375,1359.1019287109375,1359.1019287109375,1359.1019287109375,0,0.0,0.0
2018-01-09 00:00:00+09:00,1370.1892284794317,1373.884951280455,1352.6345451745703,1371.1131591796875,252800,0.0,0.0
2018-01-10 00:00:00+09:00,1372.0370508109027,1376.6567041806363,1367.417397441169,1369.2652587890625,261800,0.0,0.0
2018-01-11 00:00:00+09:00,1372.9610648490286,1379.4285799593538,1360.0260346283783,1367.41748046875,352500,0.0,0.0
2018-01-12 00:00:00+09:00,1364.6456493744186,1371.1131643003637,1353.5584809299412,1365.569580078125,253700,0.0,0.0
2018-01-15 00:00:00+09:00,1372.9609568709388,1380.3524021300018,1347.0908984642185,1350.78662109375,186700,0.0,0.0
2018-01-16 00:00:00+09:00,1350.7866114871313,1365.569501900123,1350.7866114871313,1361.873779296875,179500,0.0,0.0
2018-01-17 00:00:00+09:00,1361.8738675605389,1367.4174518246932,1354.482421875,1354.482421875,208200,0.0,0.0
2018-01-18 00:00:00+09:00,1372.0370361328125,1375.7327587890625,1338.7755322265625,1339.699462890625,311500,0.0,0.0
2018-01-19 00:00:00+09:00,1345.2430468750001,1346.1669775390626,1332.308017578125,1339.699462890625,164100,0.0,0.0
2018-01-22 00:00:00+09:00,1337.8517872376035,1345.243233575933,1328.6124793146919,1336.9278564453125,143300,0.0,0.0
2018-01-23 00:00:00+09:00,1339.6994285213136,1342.4712204423922,1325.8404689159208,1332.3079833984375,123000,0.0,0.0
2018-01-24 00:00:00+09:00,1330.4602101856694,1336.9277250962941,1324.9166259765625,1324.9166259765625,123900,0.0,0.0
2018-01-25 00:00:00+09:00,1316.601201192521,1319.3729931950318,1309.209755852493,1311.0576171875,141900,0.0,0.0
2018-01-26 00:00:00+09:00,1307.361879862064,1311.0576024906493,1301.8182959191859,1304.590087890625,181500,0.0,0.0
2018-01-29 00:00:00+09:00,1307.3618415008439,1328.6122459916703,1306.4379108708079,1325.8404541015625,275800,0.0,0.0
2018-01-30 00:00:00+09:00,1326.7645675756369,1336.927805906648,1304.5902293988854,1305.51416015625,240800,0.0,0.0
2018-01-31 00:00:00+09:00,1311.9817201223163,1328.6124743210498,1299.9706198676754,1301.8184814453125,336300,0.0,0.0
2018-02-01 00:00:00+09:00,1299.970304424843,1315.6771240234375,1297.1985127309733,1315.6771240234375,183900,0.0,0.0
2018-02-02 00:00:00+09:00,1306.4379296252105,1316.6011667015027,1300.8943457654148,1303.6661376953125,208400,0.0,0.0
2018-02-05 00:00:00+09:00,1288.8833591968717,1297.1987357078192,1283.33977485624,1291.6551513671875,391400,0.0,0.0
2018-02-06 00:00:00+09:00,1239.9150353717876,1250.0782733666383,1202.0338755727985,1222.3603515625,339800,0.0,0.0
2018-02-07 00:00:00+09:00,1234.3713421934867,1261.1653309087644,1205.7294921875,1205.7294921875,240600,0.0,0.0
2018-02-08 00:00:00+09:00,1195.56620582758,1235.2952219408612,1186.3268997547239,1191.8704833984375,442000,0.0,0.0
2018-02-09 00:00:00+09:00,1177.0877706071105,1178.9356320994295,1143.8262637453713,1153.989501953125,329800,0.0,0.0
2018-02-12 00:00:00+09:00,1153.989501953125,1153.989501953125,1153.989501953125,1153.989501953125,0,0.0,0.0
2018-02-13 00:00:00+09:00,1181.7072628422789,1181.7072628422789,1120.7278419293855,1123.4996337890625,490400,0.0,0.0
2018-02-14 00:00:00+09:00,1122.5757770149075,1125.3475690569196,1083.770688426738,1086.54248046875,441400,0.0,0.0
2018-02-15 00:00:00+09:00,1095.7818120863578,1098.5536041911294,1078.227128756138,1081.9228515625,305100,0.0,0.0
2018-02-16 00:00:00+09:00,1089.3142770168672,1111.4886134446913,1089.3142770168672,1104.09716796875,276900,0.0,0.0
2018-02-19 00:00:00+09:00,1110.5647065088092,1128.119389889564,1110.5647065088092,1122.5758056640625,212700,0.0,0.0
2018-02-20 00:00:00+09:00,1116.108315308626,1118.8801074824057,1106.8690080626936,1117.9561767578125,184200,0.0,0.0
2018-02-21 00:00:00+09:00,1118.880097084857,1135.5108499729886,1117.0322356528425,1129.0433349609375,275000,0.0,0.0
2018-02-22 00:00:00+09:00,1117.9561820299523,1122.5758356747042,1105.021151824647,1112.41259765625,373800,0.0,0.0
2018-02-23 00:00:00+09:00,1111.4887033891716,1140.130556926216,1109.6408418706526,1137.3587646484375,250300,0.0,0.0
2018-02-26 00:00:00+09:00,1150.2935201303972,1151.2174506686545,1130.8909788269928,1147.521728515625,272900,0.0,0.0
2018-02-27 00:00:00+09:00,1157.6851611640125,1164.1526760308507,1145.674062125599,1156.76123046875,265400,0.0,0.0
2018-02-28 00:00:00+09:00,1161.3809035073637,1172.468072037267,1157.6851806640625,1157.6851806640625,355100,0.0,0.0
2018-03-01 00:00:00+09:00,1157.6852249377625,1167.8484631455165,1145.67412523769,1153.989501953125,431100,0.0,0.0
2018-03-02 00:00:00+09:00,1132.7392702809668,1139.2067865060621,1117.9563760521778,1121.652099609375,365200,0.0,0.0
2018-03-05 00:00:00+09:00,1146.5980276995824,1160.4569885501012,1120.727967445281,1141.054443359375,584300,0.0,0.0
2018-03-06 00:00:00+09:00,1160.456859702357,1163.2286515647033,1141.0543166659322,1146.597900390625,465500,0.0,0.0
2018-03-07 00:00:00+09:00,1138.282712124602,1174.3160122649101,1138.282712124602,1161.3809814453125,443400,0.0,0.0
2018-03-08 00:00:00+09:00,1171.5442027410388,1173.3920642595579,1131.8151800928806,1137.3587646484375,349700,0.0,0.0
2018-03-09 00:00:00+09:00,1158.6090868053832,1171.5441164826361,1151.217641275524,1162.3048095703125,354600,0.0,0.0
2018-03-12 00:00:00+09:00,1181.7073242572276,1181.7073242572276,1159.5329882273813,1172.468017578125,174400,0.0,0.0
2018-03-13 00:00:00+09:00,1151.2175691878804,1178.0115575558166,1143.8261241208636,1176.1636962890625,299500,0.0,0.0
2018-03-14 00:00:00+09:00,1167.8483159450743,1187.2508591688454,1167.8483159450743,1181.707275390625,186900,0.0,0.0
2018-03-15 00:00:00+09:00,1178.011518308818,1183.555101924389,1159.532906256915,1174.3157958984375,176000,0.0,0.0
2018-03-16 00:00:00+09:00,1174.3157016330294,1178.0114237467446,1159.5328131781685,1164.1524658203125,245900,0.0,0.0
2018-03-19 00:00:00+09:00,1153.06546875,1164.15263671875,1149.36974609375,1154.913330078125,170300,0.0,0.0
2018-03-20 00:00:00+09:00,1130.8911912153908,1142.9022904684955,1125.3476069447272,1134.5869140625,382800,0.0,0.0
2018-03-21 00:00:00+09:00,1134.5869140625,1134.5869140625,1134.5869140625,1134.5869140625,0,0.0,0.0
2018-03-22 00:00:00+09:00,1134.5868895098338,1143.8261964276662,1118.8800677495185,1139.20654296875,289000,0.0,0.0
2018-03-23 00:00:00+09:00,1115.1842769136365,1119.8039300905778,1097.6295948412594,1101.3253173828125,320300,0.0,0.0
2018-03-26 00:00:00+09:00,1091.1620810891923,1124.423583984375,1091.1620810891923,1124.423583984375,281900,0.0,0.0
2018-03-27 00:00:00+09:00,1128.119441060661,1156.7612941916032,1126.271579568342,1153.989501953125,347300,0.0,0.0
2018-03-28 00:00:00+09:00,1142.9021388216304,1146.5978611783696,1129.043179983858,1144.75,198100,0.0,0.0
2018-03-29 00:00:00+09:00,1156.761132577561,1163.2286468970842,1140.130381470216,1152.1414794921875,193600,0.0,0.0
2018-03-30 00:00:00+09:00,1156.7612499532372,1169.696279904791,1153.065527109936,1157.6851806640625,170300,0.0,0.0
2018-04-02 00:00:00+09:00,1156.76123046875,1166.0005374213758,1152.1415769924372,1156.76123046875,100800,0.0,0.0
2018-04-03 00:00:00+09:00,1142.9023085112017,1162.3048537648276,1141.0544470584755,1158.609130859375,137700,0.0,0.0
2018-04-04 00:00:00+09:00,1150.2938038129898,1152.1416653452195,1138.2827038534967,1149.369873046875,238000,0.0,0.0
2018-04-05 00:00:00+09:00,1167.8482147216798,1192.7943395614625,1166.0003536224365,1182.631103515625,407800,0.0,0.0
2018-04-06 00:00:00+09:00,1179.859562845589,1180.7834935917483,1153.0655712069656,1153.989501953125,354400,0.0,0.0
2018-04-09 00:00:00+09:00,1148.4457570238885,1159.5329244287852,1140.130381470216,1152.1414794921875,214400,0.0,0.0
2018-04-10 00:00:00+09:00,1149.3698042666351,1167.8484184831404,1148.4458735558098,1157.6851806640625,178200,0.0,0.0
2018-04-11 00:00:00+09:00,1150.2936620858054,1159.532968608583,1142.9022168675833,1148.44580078125,169500,0.0,0.0
2018-04-12 00:00:00+09:00,1153.0654882344124,1161.3808643514876,1142.9022507579873,1155.8372802734375,228000,0.0,0.0
2018-04-13 00:00:00+09:00,1166.0005996201064,1182.631353021978,1162.3048766419126,1177.0877685546875,274400,0.0,0.0
2018-04-16 00:00:00+09:00,1178.9354489114132,1181.7072407191988,1160.4568368595103,1174.3157958984375,147700,0.0,0.0
2018-04-17 00:00:00+09:00,1177.087587706223,1187.2508243347697,1170.620073488057,1174.3157958984375,175600,0.0,0.0
2018-04-18 00:00:00+09:00,1178.0116063467465,1196.4902197796366,1172.4680223168793,1190.022705078125,146200,0.0,0.0
2018-04-19 00:00:00+09:00,1199.2619872480423,1206.65343246991,1191.8705420261745,1194.642333984375,220900,0.0,0.0
2018-04-20 00:00:00+09:00,1197.4141700809737,1199.2620314545554,1186.3270018394833,1190.9466552734375,220200,0.0,0.0
2018-04-23 00:00:00+09:00,1201.109813883147,1213.1209120219783,1187.2508544921875,1187.2508544921875,225400,0.0,0.0
2018-04-24 00:00:00+09:00,1197.414057999712,1207.5772946031047,1186.326890796011,1202.9576416015625,179800,0.0,0.0
2018-04-25 00:00:00+09:00,1196.4903121842524,1202.033896642249,1181.7074202962617,1200.18603515625,130800,0.0,0.0
2018-04-26 00:00:00+09:00,1208.5013529459634,1209.4252836439343,1190.0227389865452,1197.4141845703125,184100,0.0,0.0
2018-04-27 00:00:00+09:00,1205.7296642170909,1205.7296642170909,1186.3271178963562,1196.4903564453125,224200,0.0,0.0
2018-04-30 00:00:00+09:00,1196.4903564453125,1196.4903564453125,1196.4903564453125,1196.4903564453125,0,0.0,0.0
2018-05-01 00:00:00+09:00,1185.4030711526923,1195.566308707392,1178.935556345156,1190.9466552734375,105300,0.0,0.0
2018-05-02 00:00:00+09:00,1195.56620582758,1197.4140670421511,1186.3268997547239,1191.8704833984375,98000,0.0,0.0
2018-05-03 00:00:00+09:00,1191.8704833984375,1191.8704833984375,1191.8704833984375,1191.8704833984375,0,0.0,0.0
2018-05-04 00:00:00+09:00,1191.8704833984375,1191.8704833984375,1191.8704833984375,1191.8704833984375,0,0.0,0.0
2018-05-07 00:00:00+09:00,1195.5662891079921,1195.5662891079921,1174.3158836601685,1190.022705078125,219000,0.0,0.0
2018-05-08 00:00:00+09:00,1198.338107242878,1239.9149883731245,1117.0322063659519,1139.20654296875,732100,0.0,0.0
2018-05-09 00:00:00+09:00,1139.2064843154535,1147.5218601133765,1113.3364262774708,1136.4346923828125,593000,0.0,0.0
2018-05-10 00:00:00+09:00,1134.5868358736725,1138.2825584660948,1124.4235987445109,1130.89111328125,306400,0.0,0.0
2018-05-11 00:00:00+09:00,1139.2065135333555,1175.2398095818558,1139.2065135333555,1172.468017578125,316900,0.0,0.0
2018-05-14 00:00:00+09:00,1173.391900559876,1207.577333883274,1173.391900559876,1204.8055419921875,276500,0.0,0.0
2018-05-15 00:00:00+09:00,1202.0337110012542,1216.8166006061888,1193.7183355984785,1202.9576416015625,228300,0.0,0.0
2018-05-16 00:00:00+09:00,1204.80570294554,1216.8168027448435,1199.2621184227844,1206.653564453125,219900,0.0,0.0
2018-05-17 00:00:00+09:00,1212.1969730994706,1226.0559323955772,1203.8815975218065,1221.436279296875,297200,0.0,0.0
2018-05-18 00:00:00+09:00,1216.8165915850634,1216.8165915850634,1202.9576326831834,1214.0447998046875,127700,0.0,0.0
2018-05-21 00:00:00+09:00,1214.0449996739853,1226.9800301119121,1207.577484455022,1217.74072265625,175100,0.0,0.0
2018-05-22 00:00:00+09:00,1217.7404154937074,1227.9036511313636,1216.8164849811933,1220.51220703125,133000,0.0,0.0
2018-05-23 00:00:00+09:00,1218.6645702940045,1230.6756691672585,1217.7406396114466,1219.5885009765625,183900,0.0,0.0
2018-05-24 00:00:00+09:00,1210.349007299391,1215.89259053893,1192.7943270408502,1199.2618408203125,287500,0.0,0.0
2018-05-25 00:00:00+09:00,1195.56627436451,1203.8816503067671,1180.7833838004976,1183.55517578125,197700,0.0,0.0
2018-05-28 00:00:00+09:00,1183.555107932867,1195.56620582758,1180.7833161110102,1191.8704833984375,128000,0.0,0.0
2018-05-29 00:00:00+09:00,1190.9465918762396,1199.2619676147083,1186.3269386882014,1193.7183837890625,157400,0.0,0.0
2018-05-30 00:00:00+09:00,1173.3917711046006,1176.1635626898872,1161.380674235026,1164.1524658203125,138800,0.0,0.0
2018-05-31 00:00:00+09:00,1167.8485051673229,1183.5553284172,1167.8485051673229,1173.39208984375,292000,0.0,0.0
2018-06-01 00:00:00+09:00,1164.1526702857072,1192.7945216974986,1163.2287395950043,1185.403076171875,221500,0.0,0.0
2018-06-04 00:00:00+09:00,1200.1857357559377,1223.2839985687926,1196.490013705881,1220.51220703125,284200,0.0,0.0
2018-06-05 00:00:00+09:00,1211.2732377231075,1215.892891566445,1198.3382069617624,1207.5775146484375,230300,0.0,0.0
2018-06-06 00:00:00+09:00,1205.7294874387694,1215.8927244976403,1195.5662503798985,1211.2730712890625,164800,0.0,0.0
2018-06-07 00:00:00+09:00,1220.5124170516888,1222.360278394689,1212.1970410081874,1213.1209716796875,183200,0.0,0.0
2018-06-08 00:00:00+09:00,1203.8816600970194,1225.1320654556007,1203.8816600970194,1218.66455078125,284300,0.0,0.0
2018-06-11 00:00:00+09:00,1218.66455078125,1229.7517187944227,1214.9688281101924,1218.66455078125,240100,0.0,0.0
2018-06-12 00:00:00+09:00,1221.4362445523568,1221.4362445523568,1206.6533550570182,1214.0447998046875,173900,0.0,0.0
2018-06-13 00:00:00+09:00,1216.8166364005442,1236.219179577774,1214.9687751455701,1233.4473876953125,177700,0.0,0.0
2018-06-14 00:00:00+09:00,1229.7519516363377,1231.5998133217415,1210.349403939596,1212.197265625,220000,0.0,0.0
2018-06-15 00:00:00+09:00,1218.664605211681,1218.664605211681,1202.0338524491258,1203.8817138671875,209900,0.0,0.0
2018-06-18 00:00:00+09:00,1196.490185733956,1205.7294921875,1194.6423244432472,1205.7294921875,192400,0.0,0.0
2018-06-19 00:00:00+09:00,1203.8818026627353,1214.9689719888693,1194.6424948909566,1196.4903564453125,225200,0.0,0.0
2018-06-20 00:00:00+09:00,1193.7184473338102,1195.566308707392,1178.935556345156,1190.9466552734375,239300,0.0,0.0
2018-06-21 00:00:00+09:00,1190.9465779311786,1216.816635481274,1190.9465779311786,1210.34912109375,436800,0.0,0.0
2018-06-22 00:00:00+09:00,1226.9799170031931,1231.5995703051628,1214.9688184180714,1229.751708984375,485400,0.0,0.0
2018-06-25 00:00:00+09:00,1228.8278666501324,1228.8278666501324,1211.2731828408446,1222.3603515625,292900,0.0,0.0
2018-06-26 00:00:00+09:00,1225.1321632408303,1225.1321632408303,1206.6535484106519,1223.2843017578125,223400,0.0,0.0
2018-06-27 00:00:00+09:00,1241.026511904341,1242.8941214030683,1227.0194406638857,1238.22509765625,257600,14.0,0.0
2018-06-28 00:00:00+09:00,1230.75465238131,1231.6884571251503,1207.4095337853064,1213.9461669921875,385200,0.0,0.0
2018-06-29 00:00:00+09:00,1211.1446994781493,1213.012308883667,1192.4686054229735,1195.27001953125,296700,0.0,0.0
2018-07-02 00:00:00+09:00,1192.4684839317488,1192.4684839317488,1161.6529318802627,1164.454345703125,208900,0.0,0.0
2018-07-03 00:00:00+09:00,1162.5869491515373,1167.2559730437122,1143.910853582838,1153.2489013671875,190600,0.0,0.0
2018-07-04 00:00:00+09:00,1144.844711450902,1165.3884175291398,1144.844711450902,1161.6531982421875,171700,0.0,0.0
2018-07-05 00:00:00+09:00,1160.7194087415885,1160.7194087415885,1141.109507226244,1144.8447265625,206700,0.0,0.0
2018-07-06 00:00:00+09:00,1154.1826397601124,1157.9178586590126,1144.8445925128624,1151.3812255859375,193300,0.0,0.0
2018-07-09 00:00:00+09:00,1156.0503342429226,1172.8588205243223,1151.3813102758672,1170.9912109375,164400,0.0,0.0
2018-07-10 00:00:00+09:00,1175.6601788952091,1183.1306168866006,1167.255936154894,1172.8587646484375,260000,0.0,0.0
2018-07-11 00:00:00+09:00,1158.8518195005445,1160.719429201593,1144.8447467426813,1152.315185546875,155900,0.0,0.0
2018-07-12 00:00:00+09:00,1152.3152085528154,1156.0504280294858,1142.9771598611394,1149.5137939453125,99500,0.0,0.0
2018-07-13 00:00:00+09:00,1153.2490204004375,1168.1898983975284,1145.7785814018923,1163.5208740234375,125000,0.0,0.0
2018-07-16 00:00:00+09:00,1163.5208740234375,1163.5208740234375,1163.5208740234375,1163.5208740234375,0,0.0,0.0
2018-07-17 00:00:00+09:00,1163.520725829502,1196.2038922853867,1163.520725829502,1186.8658447265625,137600,0.0,0.0
2018-07-18 00:00:00+09:00,1186.8659337321606,1195.2701771653544,1184.0645192544291,1185.93212890625,189000,0.0,0.0
2018-07-19 00:00:00+09:00,1185.9320294772347,1193.4024674581935,1176.5939820010358,1183.130615234375,96100,0.0,0.0
2018-07-20 00:00:00+09:00,1177.5278111828486,1183.1306397848289,1165.3883492118914,1170.057373046875,125600,0.0,0.0
2018-07-23 00:00:00+09:00,1167.2557595259873,1174.7261963869537,1162.5867364878834,1164.454345703125,112400,0.0,0.0
2018-07-24 00:00:00+09:00,1173.7925573063576,1183.1306046994073,1169.1235336098327,1179.3953857421875,127700,0.0,0.0
2018-07-25 00:00:00+09:00,1180.3292236328125,1180.3292236328125,1170.9911759774898,1180.3292236328125,119200,0.0,0.0
2018-07-26 00:00:00+09:00,1194.3363673915803,1210.2110493662926,1194.3363673915803,1206.475830078125,173700,0.0,0.0
2018-07-27 00:00:00+09:00,1208.3434102621422,1240.0927734375,1206.4758006635918,1240.0927734375,285400,0.0,0.0
2018-07-30 00:00:00+09:00,1241.9603271484375,1246.62935093471,1232.622279575893,1241.9603271484375,175200,0.0,0.0
2018-07-31 00:00:00+09:00,1244.7617111848162,1258.7687822034,1214.879959678504,1220.4827880859375,326300,0.0,0.0
2018-08-01 00:00:00+09:00,1207.4095377483425,1262.5040178157456,1202.740514013817,1258.768798828125,394200,0.0,0.0
2018-08-02 00:00:00+09:00,1230.7546718039234,1258.7688145612206,1225.151843252464,1231.6884765625,286400,0.0,0.0
2018-08-03 00:00:00+09:00,1227.953227478781,1228.8870322145062,1205.5419138213736,1210.2109375,276900,0.0,0.0
2018-08-06 00:00:00+09:00,1194.3364009749937,1207.4096688511859,1158.8518167396146,1162.5870361328125,306200,0.0,0.0
2018-08-07 00:00:00+09:00,1158.8516593077359,1184.064386786631,1156.0502451434143,1182.19677734375,260400,0.0,0.0
2018-08-08 00:00:00+09:00,1183.1305607005788,1198.07143597383,1170.057294836484,1174.726318359375,287700,0.0,0.0
2018-08-09 00:00:00+09:00,1175.6601756398854,1204.6081227763718,1172.8587614008704,1193.4024658203125,217700,0.0,0.0
2018-08-10 00:00:00+09:00,1189.66721648562,1196.2038495432334,1169.123512590264,1171.9249267578125,158300,0.0,0.0
2018-08-13 00:00:00+09:00,1167.2558170734064,1167.2558170734064,1130.8374355807161,1131.771240234375,188900,0.0,0.0
2018-08-14 00:00:00+09:00,1131.7715532856603,1157.9180908203125,1130.8377483737083,1157.9180908203125,104800,0.0,0.0
2018-08-15 00:00:00+09:00,1159.7855577345017,1161.653167328277,1145.7784857811866,1150.447509765625,98700,0.0,0.0
2018-08-16 00:00:00+09:00,1128.036165930004,1132.7051897956085,1114.962899106312,1128.969970703125,124000,0.0,0.0
2018-08-17 00:00:00+09:00,1129.9038818160402,1145.778564453125,1128.0362720940302,1145.778564453125,70800,0.0,0.0
2018-08-20 00:00:00+09:00,1121.499532518158,1138.3080184343337,1119.6319229719163,1128.969970703125,73600,0.0,0.0
2018-08-21 00:00:00+09:00,1121.4994453385634,1123.3670547396268,1110.2937889321831,1119.6318359375,108900,0.0,0.0
2018-08-22 00:00:00+09:00,1114.9629093431188,1132.7052001953125,1114.9629093431188,1132.7052001953125,138300,0.0,0.0
2018-08-23 00:00:00+09:00,1141.1095501228042,1151.3814036836477,1137.3743306461338,1149.5137939453125,101800,0.0,0.0
2018-08-24 00:00:00+09:00,1163.5206870073625,1164.4544917320875,1144.8445925128624,1151.3812255859375,76200,0.0,0.0
2018-08-27 00:00:00+09:00,1157.9178559200698,1175.6601456478772,1154.182637030005,1171.9249267578125,101700,0.0,0.0
2018-08-28 00:00:00+09:00,1181.2630511653697,1189.6672942171392,1171.9250033300705,1177.52783203125,89900,0.0,0.0
2018-08-29 00:00:00+09:00,1181.2630057391352,1190.6010532153339,1180.3292009915153,1183.130615234375,86400,0.0,0.0
2018-08-30 00:00:00+09:00,1198.0714895520039,1199.005294298342,1188.7334420886211,1193.4024658203125,132800,0.0,0.0
2018-08-31 00:00:00+09:00,1181.2629952207974,1193.402456831762,1179.3953857421875,1179.3953857421875,138100,0.0,0.0
2018-09-03 00:00:00+09:00,1183.130753039932,1183.130753039932,1157.9180219175341,1166.322265625,105900,0.0,0.0
2018-09-04 00:00:00+09:00,1166.3222555260102,1175.6603040090047,1153.248987649818,1162.5870361328125,126400,0.0,0.0
2018-09-05 00:00:00+09:00,1162.5867364878834,1173.7923917793328,1156.9839088421586,1164.454345703125,131400,0.0,0.0
2018-09-06 00:00:00+09:00,1161.6531443731024,1164.4545587084071,1151.3812918103176,1153.2489013671875,111900,0.0,0.0
2018-09-07 00:00:00+09:00,1141.1094661996385,1143.9108806011104,1116.8305413868802,1129.90380859375,135300,0.0,0.0
2018-09-10 00:00:00+09:00,1124.3010913855203,1143.9109941422446,1121.4996767059883,1126.168701171875,282200,0.0,0.0
2018-09-11 00:00:00+09:00,1123.367286492343,1138.3081647831805,1112.1616277742148,1126.168701171875,177100,0.0,0.0
2018-09-12 00:00:00+09:00,1131.7714614679785,1136.4404856489518,1109.3601453993056,1134.5728759765625,195400,0.0,0.0
2018-09-13 00:00:00+09:00,1135.5067053642915,1171.9250947633107,1134.5729005079063,1166.322265625,329600,0.0,0.0
2018-09-14 00:00:00+09:00,1166.3220001468812,1176.5938512290395,1146.7121026263974,1148.5797119140625,390300,0.0,0.0
2018-09-17 00:00:00+09:00,1148.5797119140625,1148.5797119140625,1148.5797119140625,1148.5797119140625,0,0.0,0.0
2018-09-18 00:00:00+09:00,1146.7123262180119,1195.2701771653544,1146.7123262180119,1185.93212890625,244100,0.0,0.0
2018-09-19 00:00:00+09:00,1204.6081666656519,1208.3433857870957,1190.601094960237,1198.071533203125,258700,0.0,0.0
2018-09-20 00:00:00+09:00,1205.5419504442402,1205.5419504442402,1179.3954170496324,1190.60107421875,222200,0.0,0.0
2018-09-21 00:00:00+09:00,1199.9392319320702,1216.7477192276167,1191.534988284297,1197.1378173828125,364400,0.0,0.0
2018-09-24 00:00:00+09:00,1197.1378173828125,1197.1378173828125,1197.1378173828125,1197.1378173828125,0,0.0,0.0
2018-09-25 00:00:00+09:00,1180.3291420650921,1216.747525404126,1177.5277279620896,1215.813720703125,464000,0.0,0.0
2018-09-26 00:00:00+09:00,1219.5491912706564,1265.3056310656505,1216.7477765893302,1264.371826171875,316900,0.0,0.0
2018-09-27 00:00:00+09:00,1261.5702163903422,1264.371630638433,1228.8870501626131,1238.22509765625,251100,0.0,0.0
2018-09-28 00:00:00+09:00,1239.1588934600854,1252.2321598568008,1220.482798607635,1224.218017578125,312100,0.0,0.0
2018-10-01 00:00:00+09:00,1224.2182641838947,1258.7690466208162,1223.2844592531671,1248.4971923828125,235600,0.0,0.0
2018-10-02 00:00:00+09:00,1249.4307333406439,1265.3054138090977,1228.887029204998,1230.754638671875,320700,0.0,0.0
2018-10-03 00:00:00+09:00,1229.8208811919017,1242.8941479623547,1206.47576195895,1214.8800048828125,298400,0.0,0.0
2018-10-04 00:00:00+09:00,1227.9532841442174,1234.4899175959356,1198.0715312220766,1208.3433837890625,240100,0.0,0.0
2018-10-05 00:00:00+09:00,1201.8068109467274,1203.6744205985483,1184.9983240803397,1185.93212890625,188900,0.0,0.0
2018-10-08 00:00:00+09:00,1185.93212890625,1185.93212890625,1185.93212890625,1185.93212890625,0,0.0,0.0
2018-10-09 00:00:00+09:00,1157.9178154850554,1168.189667074036,1133.6388935474656,1136.4403076171875,278100,0.0,0.0
2018-10-10 00:00:00+09:00,1130.8374361900565,1141.1092873858372,1115.896561723466,1121.4993896484375,246200,0.0,0.0
2018-10-11 00:00:00+09:00,1080.4121111858162,1090.6839635825697,1062.6698206823326,1070.1402587890625,287600,0.0,0.0
2018-10-12 00:00:00+09:00,1070.1403225099764,1086.9488092509707,1064.5374935963116,1082.27978515625,296800,0.0,0.0
2018-10-15 00:00:00+09:00,1078.544480469608,1095.3529658795242,1060.8021903146969,1062.6697998046875,240100,0.0,0.0
2018-10-16 00:00:00+09:00,1057.067099922756,1076.677001953125,1055.1994902055778,1076.677001953125,203400,0.0,0.0
2018-10-17 00:00:00+09:00,1094.4193085310121,1105.6249669801352,1086.01506469417,1104.691162109375,256100,0.0,0.0
2018-10-18 00:00:00+09:00,1108.426294507273,1109.3600993046675,1095.35302734375,1095.35302734375,321400,0.0,0.0
2018-10-19 00:00:00+09:00,1095.3529715550198,1100.0219953041887,1080.4120955576795,1097.2205810546875,293500,0.0,0.0
2018-10-22 00:00:00+09:00,1097.2205897739955,1117.7642944335937,1086.014932686942,1111.2276611328125,224000,0.0,0.0
2018-10-23 00:00:00+09:00,1101.8896117408542,1101.8896117408542,1053.3317644437998,1056.1331787109375,282700,0.0,0.0
2018-10-24 00:00:00+09:00,1064.5375646468942,1068.2727841719711,1040.2586377338948,1063.603759765625,338500,0.0,0.0
2018-10-25 00:00:00+09:00,1035.5894775390625,1047.7289394038125,1027.18523470962,1035.5894775390625,359700,0.0,0.0
2018-10-26 00:00:00+09:00,1044.9275360390516,1044.9275360390516,995.4358833044048,1006.6415405273438,343900,0.0,0.0
2018-10-29 00:00:00+09:00,1018.7811889648438,1030.9206531779905,1010.3769445095884,1018.7811889648438,183100,0.0,0.0
2018-10-30 00:00:00+09:00,1026.2514299507932,1044.9275251273318,1023.4500156743125,1035.5894775390625,368700,0.0,0.0
2018-10-31 00:00:00+09:00,1063.6037212503368,1092.551671521417,1041.192404911436,1083.213623046875,554500,0.0,0.0
2018-11-01 00:00:00+09:00,1106.5588669549852,1130.8377956814236,1093.4855976407491,1117.7645263671875,505000,0.0,0.0
2018-11-02 00:00:00+09:00,1108.4261238929068,1132.7050448880336,1106.5585145855894,1131.771240234375,253300,0.0,0.0
2018-11-05 00:00:00+09:00,1133.638914819834,1151.3812042610011,1125.2346724529655,1143.9107666015625,433700,0.0,0.0
2018-11-06 00:00:00+09:00,1138.3079622301752,1150.4474236813583,1130.8375244140625,1130.8375244140625,104500,0.0,0.0
2018-11-07 00:00:00+09:00,1141.109365695552,1152.3150223144935,1121.4994666124041,1127.102294921875,128500,0.0,0.0
2018-11-08 00:00:00+09:00,1150.447411548132,1150.447411548132,1136.4403407906468,1137.3741455078125,133200,0.0,0.0
2018-11-09 00:00:00+09:00,1141.1095994324032,1147.6462337990372,1128.9701356086541,1133.63916015625,135300,0.0,0.0
2018-11-12 00:00:00+09:00,1123.3672576086199,1151.3814036836477,1115.896818655279,1149.5137939453125,127800,0.0,0.0
2018-11-13 00:00:00+09:00,1121.499522152976,1128.0361555044087,1094.4191839827542,1125.2347412109375,145100,0.0,0.0
2018-11-14 00:00:00+09:00,1124.3010526500102,1149.513783897145,1124.3010526500102,1145.778564453125,136200,0.0,0.0
2018-11-15 00:00:00+09:00,1139.241829690663,1156.0503157024925,1132.7051962416183,1153.2489013671875,161600,0.0,0.0
2018-11-16 00:00:00+09:00,1151.3812149581722,1159.7854574031223,1146.7121913776443,1147.64599609375,183400,0.0,0.0
2018-11-19 00:00:00+09:00,1151.3813452030686,1165.3884175291398,1148.5799307378543,1161.6531982421875,125900,0.0,0.0
2018-11-20 00:00:00+09:00,1135.5066022028689,1149.513673776095,1132.7051878882237,1139.2418212890625,140900,0.0,0.0
2018-11-21 00:00:00+09:00,1115.896818655279,1151.3814036836477,1115.896818655279,1149.5137939453125,126700,0.0,0.0
2018-11-22 00:00:00+09:00,1148.579989076145,1156.9842328986533,1140.1757452536365,1149.5137939453125,204700,0.0,0.0
2018-11-23 00:00:00+09:00,1149.5137939453125,1149.5137939453125,1149.5137939453125,1149.5137939453125,0,0.0,0.0
2018-11-26 00:00:00+09:00,1142.0433248468262,1147.6461539139407,1135.5066909351926,1138.30810546875,230800,0.0,0.0
2018-11-27 00:00:00+09:00,1144.8445819454332,1153.2488243903833,1139.2417536487999,1147.64599609375,134900,0.0,0.0
2018-11-28 00:00:00+09:00,1151.381158358809,1163.520619071432,1141.1093069865892,1159.785400390625,138700,0.0,0.0
2018-11-29 00:00:00+09:00,1170.9912464595684,1181.2630994986876,1159.7855885987115,1161.6531982421875,98700,0.0,0.0
2018-11-30 00:00:00+09:00,1156.9839863800196,1163.520619071432,1147.6459396780017,1159.785400390625,202500,0.0,0.0
2018-12-03 00:00:00+09:00,1180.3291770345434,1205.5419047085406,1176.593958119877,1196.203857421875,225100,0.0,0.0
2018-12-04 00:00:00+09:00,1192.468673261857,1206.4757446000935,1182.1968209471504,1186.8658447265625,308200,0.0,0.0
2018-12-05 00:00:00+09:00,1172.858933384324,1211.1449335983027,1172.858933384324,1201.806884765625,335200,0.0,0.0
2018-12-06 00:00:00+09:00,1197.1377684961406,1199.9391829309989,1156.0503567848846,1168.1898193359375,290000,0.0,0.0
2018-12-07 00:00:00+09:00,1173.792629687817,1176.59404407848,1142.9770713905234,1150.447509765625,212200,0.0,0.0
2018-12-10 00:00:00+09:00,1128.0363109582297,1135.5067501036485,1120.565871812811,1126.168701171875,133500,0.0,0.0
2018-12-11 00:00:00+09:00,1117.7642409104567,1118.698045622997,1085.0810759715546,1092.551513671875,152500,0.0,0.0
2018-12-12 00:00:00+09:00,1109.3600704675869,1128.969970703125,1107.4924609213451,1128.969970703125,206900,0.0,0.0
2018-12-13 00:00:00+09:00,1131.7714316827787,1172.8588433940347,1131.7714316827787,1168.1898193359375,275800,0.0,0.0
2018-12-14 00:00:00+09:00,1158.8518426369885,1173.7927205436702,1145.778574468642,1149.5137939453125,400000,0.0,0.0
2018-12-17 00:00:00+09:00,1162.5868822826376,1171.9249295298875,1148.5798114117624,1151.3812255859375,167300,0.0,0.0
2018-12-18 00:00:00+09:00,1140.175715157788,1157.9180072036504,1129.9038618680784,1138.30810546875,241600,0.0,0.0
2018-12-19 00:00:00+09:00,1148.5797901387116,1154.1826183832907,1137.3741336495534,1143.9107666015625,197400,0.0,0.0
2018-12-20 00:00:00+09:00,1132.7050681392816,1132.7050681392816,1109.3599513186039,1118.697998046875,253800,0.0,0.0
2018-12-21 00:00:00+09:00,1117.7641158135946,1122.4331388537516,1105.6246559091862,1113.0950927734375,397900,0.0,0.0
2018-12-24 00:00:00+09:00,1113.0950927734375,1113.0950927734375,1113.0950927734375,1113.0950927734375,0,0.0,0.0
2018-12-25 00:00:00+09:00,1076.6769445248478,1077.610749333629,1007.5753886750309,1011.3106079101562,255300,0.0,0.0
2018-12-26 00:00:00+09:00,1032.123301747081,1035.907438508757,1014.1486521291209,1033.0693359375,286900,14.0,0.0
2018-12-27 00:00:00+09:00,1075.640946280856,1127.6728302258402,1073.7488777737658,1125.78076171875,218000,0.0,0.0
2018-12-28 00:00:00+09:00,1117.2663252928076,1156.0537252394672,1112.536154567605,1146.5933837890625,199300,0.0,0.0
2018-12-31 00:00:00+09:00,1146.5933837890625,1146.5933837890625,1146.5933837890625,1146.5933837890625,0,0.0,0.0
2019-01-04 00:00:00+09:00,1112.5361865606476,1125.780664972084,1097.3996398047204,1117.266357421875,289800,0.0,0.0
2019-01-07 00:00:00+09:00,1150.377632122213,1167.40624838718,1142.8093582266722,1145.6474609375,125700,0.0,0.0
2019-01-08 00:00:00+09:00,1149.4314898904036,1176.8664801840841,1145.6473532981718,1168.3521728515625,210400,0.0,0.0
2019-01-09 00:00:00+09:00,1180.6505775269138,1200.5172939756842,1177.8124751770897,1186.3267822265625,220300,0.0,0.0
2019-01-10 00:00:00+09:00,1172.1363456744728,1175.9204823836722,1159.8379013695753,1160.783935546875,193700,0.0,0.0
2019-01-11 00:00:00+09:00,1170.2443269221703,1186.326908617948,1169.2982927047717,1175.9205322265625,233000,0.0,0.0
2019-01-15 00:00:00+09:00,1176.8664485214258,1224.1681546517082,1168.352141417975,1197.67919921875,324300,0.0,0.0
2019-01-16 00:00:00+09:00,1187.2729751807346,1192.003146396594,1158.8919478855776,1178.7586669921875,181200,0.0,0.0
2019-01-17 00:00:00+09:00,1195.787348055611,1207.1397595877845,1176.8666621686552,1184.4349365234375,170400,0.0,0.0
2019-01-18 00:00:00+09:00,1182.5426779954132,1203.3554291281325,1175.920438998639,1189.1649169921875,179700,0.0,0.0
2019-01-21 00:00:00+09:00,1194.8413458470804,1197.6794488063372,1182.5428996903013,1187.2730712890625,172400,0.0,0.0
2019-01-22 00:00:00+09:00,1188.2191115120802,1190.1111801609848,1152.2698071828931,1155.10791015625,155300,0.0,0.0
2019-01-23 00:00:00+09:00,1139.9712767447702,1158.8919618359696,1132.4030027082904,1147.53955078125,142600,0.0,0.0
2019-01-24 00:00:00+09:00,1154.161494895456,1185.3806172983657,1154.161494895456,1174.9742431640625,191600,0.0,0.0
2019-01-25 00:00:00+09:00,1183.4889501364835,1187.2730874670556,1172.1365381447665,1177.812744140625,195900,0.0,0.0
2019-01-28 00:00:00+09:00,1174.9743465612921,1200.5172671387115,1162.6759033203125,1162.6759033203125,192000,0.0,0.0
2019-01-29 00:00:00+09:00,1171.1902428168755,1172.1362769386985,1158.8917992331765,1165.5140380859375,149700,0.0,0.0
2019-01-30 00:00:00+09:00,1172.1363456744728,1179.7046190928713,1156.9997988376758,1160.783935546875,303200,0.0,0.0
2019-01-31 00:00:00+09:00,1179.7046605769824,1209.9777553151248,1163.6220789973443,1196.7332763671875,342600,0.0,0.0
2019-02-01 00:00:00+09:00,1189.1649492536274,1209.977700950986,1187.2728809175037,1192.0030517578125,262000,0.0,0.0
2019-02-04 00:00:00+09:00,1206.193714950298,1215.6540578126533,1195.7873378017073,1205.2476806640625,174800,0.0,0.0
2019-02-05 00:00:00+09:00,1215.6540113577814,1234.5746963594588,1210.923840107362,1233.628662109375,288600,0.0,0.0
2019-02-06 00:00:00+09:00,1235.520670383219,1236.466704587188,1211.8698152839997,1217.5460205078125,135300,0.0,0.0
2019-02-07 00:00:00+09:00,1216.6000273791774,1218.4920958509956,1193.8952057173576,1199.5714111328125,99600,0.0,0.0
2019-02-08 00:00:00+09:00,1187.272927785814,1204.3015434831404,1184.4348251695928,1185.380859375,251400,0.0,0.0
2019-02-12 00:00:00+09:00,1169.2982141514635,1195.7871704591018,1156.0537359976445,1179.70458984375,379700,0.0,0.0
2019-02-13 00:00:00+09:00,1179.7047424316406,1201.4635307844296,1127.672857240189,1139.0252685546875,480900,0.0,0.0
2019-02-14 00:00:00+09:00,1136.1871926995773,1200.5175250089621,1134.2951241022424,1195.787353515625,363100,0.0,0.0
2019-02-15 00:00:00+09:00,1146.5932311502243,1152.2694352648293,1120.1042786154007,1133.3487548828125,256300,0.0,0.0
2019-02-18 00:00:00+09:00,1161.7301025390625,1167.406308251794,1142.8094168299572,1161.7301025390625,191100,0.0,0.0
2019-02-19 00:00:00+09:00,1172.1362769386985,1181.5966181569286,1165.5140380859375,1165.5140380859375,145300,0.0,0.0
2019-02-20 00:00:00+09:00,1173.0823789713024,1196.7332333860465,1167.406173911764,1192.9490966796875,154800,0.0,0.0
2019-02-21 00:00:00+09:00,1192.003058667453,1208.085639617728,1188.2189219732704,1203.35546875,186500,0.0,0.0
2019-02-22 00:00:00+09:00,1194.8412612074003,1213.7619462621494,1192.9491927019255,1201.4635009765625,169800,0.0,0.0
2019-02-25 00:00:00+09:00,1199.5715174458417,1204.3016890446029,1181.596865370549,1187.2730712890625,155500,0.0,0.0
2019-02-26 00:00:00+09:00,1188.218918885108,1193.8951239116293,1176.8665088320656,1181.5966796875,100600,0.0,0.0
2019-02-27 00:00:00+09:00,1188.2189770527455,1192.9491481397388,1170.2443269221703,1175.9205322265625,156400,0.0,0.0
2019-02-28 00:00:00+09:00,1183.4886453545475,1183.4886453545475,1150.3774522391127,1151.323486328125,285400,0.0,0.0
2019-03-01 00:00:00+09:00,1156.9998027399968,1169.2982470863744,1146.5934267546002,1150.3775634765625,136300,0.0,0.0
2019-03-04 00:00:00+09:00,1164.5680761839214,1165.514110364412,1139.0251533106755,1150.3775634765625,176300,0.0,0.0
2019-03-05 00:00:00+09:00,1139.025208805023,1144.7014141645166,1115.374353140467,1122.942626953125,382500,0.0,0.0
2019-03-06 00:00:00+09:00,1121.9966247045693,1134.2950700006566,1108.752145154937,1125.78076171875,302700,0.0,0.0
2019-03-07 00:00:00+09:00,1115.3743105039491,1121.996549836882,1102.1298318380839,1119.158447265625,297900,0.0,0.0
2019-03-08 00:00:00+09:00,1109.6981026485048,1118.21241034146,1095.5075898269126,1097.399658203125,251000,0.0,0.0
2019-03-11 00:00:00+09:00,1099.291748046875,1114.4282953521677,1094.561577013971,1099.291748046875,128400,0.0,0.0
2019-03-12 00:00:00+09:00,1114.4282656183905,1121.9965390691095,1103.0758554423119,1118.21240234375,133800,0.0,0.0
2019-03-13 00:00:00+09:00,1114.428193502,1123.8885347032056,1096.4535452197097,1101.1837158203125,172000,0.0,0.0
2019-03-14 00:00:00+09:00,1109.6981612656725,1116.3204009322194,1084.1552368375624,1091.7235107421875,141100,0.0,0.0
2019-03-15 00:00:00+09:00,1090.7772651481134,1111.590014353021,1086.0470948742707,1094.5614013671875,520500,0.0,0.0
2019-03-18 00:00:00+09:00,1110.64404296875,1115.3742135095029,1099.2916336709434,1110.64404296875,216400,0.0,0.0
2019-03-19 00:00:00+09:00,1103.0759753407435,1104.0220096249122,1083.2092553732002,1096.4537353515625,206400,0.0,0.0
2019-03-20 00:00:00+09:00,1111.5902526182476,1119.1585266786274,1107.806115588058,1115.3743896484375,380300,0.0,0.0
2019-03-22 00:00:00+09:00,1116.3203935408412,1134.2950439453125,1109.6981539181413,1134.2950439453125,506700,0.0,0.0
2019-03-25 00:00:00+09:00,1105.9141209635977,1107.8061896051095,1083.209297265457,1100.2379150390625,288500,0.0,0.0
2019-03-26 00:00:00+09:00,1125.7807838220165,1152.269743441358,1121.9966467335391,1149.431640625,210800,0.0,0.0
2019-03-27 00:00:00+09:00,1149.431614595301,1158.8919571022582,1139.9712720883438,1157.9459228515625,220700,0.0,0.0
2019-03-28 00:00:00+09:00,1121.0506267399496,1130.5109695816368,1091.723563930719,1096.4537353515625,236300,0.0,0.0
2019-03-29 00:00:00+09:00,1116.3204502203525,1123.8887244591347,1096.4537303435498,1106.860107421875,339000,0.0,0.0
2019-04-01 00:00:00+09:00,1123.8886734878201,1154.1617690699836,1123.8886734878201,1145.6474609375,163700,0.0,0.0
2019-04-02 00:00:00+09:00,1136.1870261703991,1141.8632311304511,1123.8885820902865,1126.7266845703125,220400,0.0,0.0
2019-04-03 00:00:00+09:00,1133.3489092748232,1140.9171824586283,1121.0504653511398,1136.18701171875,234500,0.0,0.0
2019-04-04 00:00:00+09:00,1144.7013545327782,1161.729969724175,1137.1330811143796,1160.783935546875,221300,0.0,0.0
2019-04-05 00:00:00+09:00,1165.5140056066925,1175.9203806567523,1156.0536646520927,1162.6759033203125,147700,0.0,0.0
2019-04-08 00:00:00+09:00,1170.2443573172718,1174.9745285271235,1151.3236724778658,1156.9998779296875,67600,0.0,0.0
2019-04-09 00:00:00+09:00,1157.945771726498,1159.837839980953,1141.86319156363,1144.7012939453125,94300,0.0,0.0
2019-04-10 00:00:00+09:00,1134.2949399035363,1148.4854520791434,1129.5647691783338,1146.5933837890625,84400,0.0,0.0
2019-04-11 00:00:00+09:00,1149.4316778415587,1171.1904668048144,1140.9173691168064,1163.6221923828125,114400,0.0,0.0
2019-04-12 00:00:00+09:00,1171.1902752957365,1174.0283777399102,1161.729933815157,1168.3521728515625,276300,0.0,0.0
2019-04-15 00:00:00+09:00,1191.0571241964506,1207.1397064929872,1190.111089943713,1201.4635009765625,332100,0.0,0.0
2019-04-16 00:00:00+09:00,1202.4095352293,1208.0857407457247,1196.7333297128753,1201.4635009765625,196200,0.0,0.0
2019-04-17 00:00:00+09:00,1201.4633681325108,1210.9237096138693,1192.0030266511526,1200.517333984375,185100,0.0,0.0
2019-04-18 00:00:00+09:00,1199.5715337914155,1209.9779114504895,1173.0825724774095,1177.812744140625,187800,0.0,0.0
2019-04-19 00:00:00+09:00,1201.4634733746766,1206.193644529695,1185.380891447614,1188.218994140625,107200,0.0,0.0
2019-04-22 00:00:00+09:00,1178.7586199371508,1188.218961991221,1177.8125857317439,1185.380859375,59000,0.0,0.0
2019-04-23 00:00:00+09:00,1190.1110088491707,1191.057043037445,1174.9744618367806,1183.48876953125,135500,0.0,0.0
2019-04-24 00:00:00+09:00,1192.003264836786,1192.003264836786,1163.6222347216244,1167.4063720703125,195400,0.0,0.0
2019-04-25 00:00:00+09:00,1163.6220198411208,1181.5966689280974,1149.431507404034,1180.650634765625,206700,0.0,0.0
2019-04-26 00:00:00+09:00,1178.7586592304915,1178.7586592304915,1134.2950500941888,1145.6474609375,556700,0.0,0.0
2019-05-07 00:00:00+09:00,1117.2662958623616,1122.942500583085,1087.939238138625,1101.1837158203125,234700,0.0,0.0
2019-05-08 00:00:00+09:00,1092.669624660326,1120.1046195652175,1092.669624660326,1109.6982421875,477800,0.0,0.0
2019-05-09 00:00:00+09:00,1101.1839869115258,1112.5363991477273,1084.155368557224,1092.669677734375,304000,0.0,0.0
2019-05-10 00:00:00+09:00,1092.6695255360705,1122.9426206158575,1092.6695255360705,1111.5902099609375,289600,0.0,0.0
2019-05-13 00:00:00+09:00,1107.805990780101,1112.5361615349264,1093.615478515625,1093.615478515625,217700,0.0,0.0
2019-05-14 00:00:00+09:00,1060.504335230943,1098.345703125,1058.6122668362402,1098.345703125,188600,0.0,0.0
2019-05-15 00:00:00+09:00,1110.6441395518546,1120.104481456044,1101.183797647665,1119.158447265625,215500,0.0,0.0
2019-05-16 00:00:00+09:00,1116.3203446943683,1120.104481456044,1101.183797647665,1119.158447265625,147100,0.0,0.0
2019-05-17 00:00:00+09:00,1134.2950759354526,1139.9712814864224,1119.1585277995334,1137.1331787109375,140300,0.0,0.0
2019-05-20 00:00:00+09:00,1128.6187636612246,1139.0251395206324,1122.9425586470022,1127.6727294921875,119900,0.0,0.0
2019-05-21 00:00:00+09:00,1112.5361865606476,1125.780664972084,1108.7520498716658,1117.266357421875,110700,0.0,0.0
2019-05-22 00:00:00+09:00,1120.1045242733783,1133.3490034455297,1120.1045242733783,1122.942626953125,108600,0.0,0.0
2019-05-23 00:00:00+09:00,1115.374289077384,1118.2123915941204,1106.859981527175,1117.266357421875,146300,0.0,0.0
2019-05-24 00:00:00+09:00,1108.7521301269533,1135.2410888671875,1105.9140274047852,1135.2410888671875,177600,0.0,0.0
2019-05-27 00:00:00+09:00,1135.2409593986742,1138.0790617971709,1119.1583791405262,1123.8885498046875,83700,0.0,0.0
2019-05-28 00:00:00+09:00,1123.8886142136464,1131.4568877100344,1121.9965458395493,1129.5648193359375,225900,0.0,0.0
2019-05-29 00:00:00+09:00,1113.4820404816949,1138.0789249783168,1113.4820404816949,1133.3487548828125,251800,0.0,0.0
2019-05-30 00:00:00+09:00,1122.9426648335132,1137.1331787109375,1122.9426648335132,1137.1331787109375,193600,0.0,0.0
2019-05-31 00:00:00+09:00,1130.5109861198139,1130.5109861198139,1107.8061629676167,1108.752197265625,312200,0.0,0.0
2019-06-03 00:00:00+09:00,1099.291765084774,1115.3743468459108,1095.5076281998004,1111.5902099609375,340100,0.0,0.0
2019-06-04 00:00:00+09:00,1125.7807146038926,1134.2950225294683,1117.266406678317,1132.4029541015625,217900,0.0,0.0
2019-06-05 00:00:00+09:00,1156.9996908621997,1158.8917590402245,1145.6472817940505,1151.323486328125,174800,0.0,0.0
2019-06-06 00:00:00+09:00,1134.2949399035363,1152.2695886593053,1132.4028716134553,1146.5933837890625,195800,0.0,0.0
2019-06-07 00:00:00+09:00,1148.48552720756,1165.514142932219,1139.9712193452303,1153.2156982421875,282200,0.0,0.0
2019-06-10 00:00:00+09:00,1167.4062178710144,1167.4062178710144,1156.0538073244568,1164.568115234375,168500,0.0,0.0
2019-06-11 00:00:00+09:00,1164.568153344609,1182.542803964875,1164.568153344609,1178.7586669921875,236400,0.0,0.0
2019-06-12 00:00:00+09:00,1179.7045089984979,1180.6505430875104,1146.5933158830628,1151.323486328125,308100,0.0,0.0
2019-06-13 00:00:00+09:00,1131.456994345022,1152.2697484216026,1130.5109600688136,1139.0252685546875,360100,0.0,0.0
2019-06-14 00:00:00+09:00,1139.0253003094647,1139.0253003094647,1118.2125456526473,1120.1046142578125,283900,0.0,0.0
2019-06-17 00:00:00+09:00,1111.5901630743708,1139.0251543332276,1110.644128893031,1118.21240234375,373500,0.0,0.0
2019-06-18 00:00:00+09:00,1117.2663142772276,1127.6726897700723,1112.536143598662,1113.482177734375,188600,0.0,0.0
2019-06-19 00:00:00+09:00,1127.6727980860362,1130.510900765783,1116.3203873670493,1122.942626953125,209200,0.0,0.0
2019-06-20 00:00:00+09:00,1129.5649626358695,1129.5649626358695,1104.968070652174,1109.6982421875,190700,0.0,0.0
2019-06-21 00:00:00+09:00,1104.0218797465875,1104.0218797465875,1083.20912794331,1085.1011962890625,350100,0.0,0.0
2019-06-24 00:00:00+09:00,1088.8853759765625,1092.6695128174888,1081.3171022947097,1088.8853759765625,144600,0.0,0.0
2019-06-25 00:00:00+09:00,1090.7772923237205,1095.5074627154106,1074.6947129919745,1075.6407470703125,180700,0.0,0.0
2019-06-26 00:00:00+09:00,1054.8097651890346,1121.0904506138393,1053.8628982543946,1060.490966796875,162100,1.0,0.0
2019-06-27 00:00:00+09:00,1066.1721904458643,1086.056396484375,1061.4378556747902,1086.056396484375,190600,0.0,0.0
2019-06-28 00:00:00+09:00,1069.959781498454,1081.3221862577298,1063.3317120555432,1071.853515625,172900,0.0,0.0
2019-07-01 00:00:00+09:00,1089.843830749354,1099.3125,1074.6939599483203,1099.3125,239900,0.0,0.0
2019-07-02 00:00:00+09:00,1099.312715253757,1122.0375259049977,1096.472113922352,1116.3563232421875,278400,0.0,0.0
2019-07-03 00:00:00+09:00,1104.0469375313687,1125.8248788377336,1098.3657354514476,1120.1436767578125,271700,0.0,0.0
2019-07-04 00:00:00+09:00,1132.452888590495,1140.0278243001303,1128.6654207356771,1136.2403564453125,221600,0.0,0.0
2019-07-05 00:00:00+09:00,1139.0809860663333,1173.1681976194404,1138.1341190787468,1165.59326171875,419300,0.0,0.0
2019-07-08 00:00:00+09:00,1160.8589713379715,1167.4870405054803,1141.921630859375,1141.921630859375,235400,0.0,0.0
2019-07-09 00:00:00+09:00,1145.70891138236,1145.70891138236,1107.8342366259183,1111.6217041015625,179400,0.0,0.0
2019-07-10 00:00:00+09:00,1093.6314049329533,1101.206341071017,1088.8970698466635,1091.7376708984375,262500,0.0,0.0
2019-07-11 00:00:00+09:00,1089.843830749354,1102.1531007751937,1087.9500968992247,1099.3125,246700,0.0,0.0
2019-07-12 00:00:00+09:00,1114.4623208602673,1123.9309896866077,1106.8873857991948,1119.1966552734375,193400,0.0,0.0
2019-07-16 00:00:00+09:00,1119.1968172454192,1129.6123544617471,1118.249950225753,1123.93115234375,135800,0.0,0.0
2019-07-17 00:00:00+09:00,1120.1435221560714,1130.559057865046,1112.5685870949992,1119.1966552734375,179700,0.0,0.0
2019-07-18 00:00:00+09:00,1108.7813386514154,1113.515674000055,1073.7472570714817,1075.6409912109375,175600,0.0,0.0
2019-07-19 00:00:00+09:00,1074.6939752609735,1107.834318110431,1069.012773629638,1106.887451171875,154000,0.0,0.0
2019-07-22 00:00:00+09:00,1111.621875919708,1113.5156099502356,1099.3126047212784,1105.940673828125,107200,0.0,0.0
2019-07-23 00:00:00+09:00,1093.631512590947,1118.2500574631242,1093.631512590947,1116.3563232421875,110000,0.0,0.0
2019-07-24 00:00:00+09:00,1108.7812898596937,1119.1968271683672,1108.7812898596937,1113.515625,135100,0.0,0.0
2019-07-25 00:00:00+09:00,1124.8780193634161,1127.7186204224147,1116.3562161864206,1123.93115234375,110200,0.0,0.0
2019-07-26 00:00:00+09:00,1116.356218565853,1120.1436866525903,1102.1532132405875,1109.7281494140625,85200,0.0,0.0
2019-07-29 00:00:00+09:00,1100.2594965464057,1104.0469646928648,1090.7908261802575,1103.10009765625,120400,0.0,0.0
2019-07-30 00:00:00+09:00,1117.3031903526557,1122.0375259049977,1104.9939179165672,1116.3563232421875,142900,0.0,0.0
2019-07-31 00:00:00+09:00,1089.8439239231886,1103.1000620073978,1065.2253817668004,1069.959716796875,549100,0.0,0.0
2019-08-01 00:00:00+09:00,1060.4910085867118,1065.2253434464737,1036.8193342879013,1051.0223388671875,205900,0.0,0.0
2019-08-02 00:00:00+09:00,1022.6163347271126,1031.1381375165054,1002.73212821853,1008.413330078125,265800,0.0,0.0
2019-08-05 00:00:00+09:00,998.944685260069,998.944685260069,962.9637392507017,975.2730102539062,244600,0.0,0.0
2019-08-06 00:00:00+09:00,942.1326990202657,963.9106408066638,936.4514968151183,962.0169067382812,221900,0.0,0.0
2019-08-07 00:00:00+09:00,944.9733385792767,961.0700788155971,941.1858702883778,950.654541015625,220900,0.0,0.0
2019-08-08 00:00:00+09:00,946.8670696224852,980.0074170592723,943.0796013439953,964.8575439453125,229800,0.0,0.0
2019-08-09 00:00:00+09:00,983.7947844126985,985.6885183576701,969.5917798254122,976.2198486328125,192200,0.0,0.0
2019-08-13 00:00:00+09:00,958.2294287156919,977.1667692041443,953.4950935935789,972.4324340820312,249400,0.0,0.0
2019-08-14 00:00:00+09:00,994.2103881835938,1004.6259255836125,986.6354518926712,994.2103881835938,188700,0.0,0.0
2019-08-15 00:00:00+09:00,969.5918660287082,997.0510106720993,965.8043978020336,989.47607421875,182200,0.0,0.0
2019-08-16 00:00:00+09:00,980.9542569878884,1002.7321989866542,980.9542569878884,997.9978637695312,164000,0.0,0.0
2019-08-19 00:00:00+09:00,1007.4663575141777,1008.4132243915407,998.9445556179112,1001.78515625,86100,0.0,0.0
2019-08-20 00:00:00+09:00,998.9446603121332,1010.3070640313233,998.9446603121332,1008.413330078125,107300,0.0,0.0
2019-08-21 00:00:00+09:00,986.6354592484361,1003.6790660300788,986.6354592484361,997.9978637695312,127700,0.0,0.0
2019-08-22 00:00:00+09:00,1009.3602824087919,1010.3071494654606,983.794871878738,989.47607421875,150300,0.0,0.0
2019-08-23 00:00:00+09:00,994.2103617900127,998.9446968461556,977.1667555878983,980.9542236328125,131600,0.0,0.0
2019-08-26 00:00:00+09:00,952.5481360310027,959.1762045719739,945.9200674900316,957.282470703125,207400,0.0,0.0
2019-08-27 00:00:00+09:00,970.5387249588966,976.219927251339,966.7512567639351,969.5918579101562,102900,0.0,0.0
2019-08-28 00:00:00+09:00,970.5387025011387,971.485569527969,953.4950960181918,958.2294311523438,142800,0.0,0.0
2019-08-29 00:00:00+09:00,958.2294274056311,962.0168954981435,941.1858209893254,956.335693359375,129700,0.0,0.0
2019-08-30 00:00:00+09:00,968.6449562028654,985.6885624703644,961.0700200839768,982.8479614257812,212500,0.0,0.0
2019-09-02 00:00:00+09:00,977.1667578507592,981.9010929178655,964.8574866762825,966.751220703125,98700,0.0,0.0
2019-09-03 00:00:00+09:00,967.6980329073392,992.3165738619291,965.8042989877554,984.7416381835938,99100,0.0,0.0
2019-09-04 00:00:00+09:00,979.0605283975601,980.0073954463005,968.6449908614159,969.5918579101562,81800,0.0,0.0
2019-09-05 00:00:00+09:00,984.7416329089506,1004.6258389580737,980.0072981353499,997.0509033203125,188200,0.0,0.0
2019-09-06 00:00:00+09:00,1004.6258928355315,1008.4133608575318,993.2634887695312,993.2634887695312,132300,0.0,0.0
2019-09-09 00:00:00+09:00,1000.8384449898531,1019.7757854816196,999.8915779652648,1018.8289184570312,167300,0.0,0.0
2019-09-10 00:00:00+09:00,1029.2445496869022,1055.7568287956726,1029.2445496869022,1051.9693603515625,277700,0.0,0.0
2019-09-11 00:00:00+09:00,1065.2254213845677,1075.6409588381057,1058.5973520959526,1074.694091796875,254300,0.0,0.0
2019-09-12 00:00:00+09:00,1093.6314984980452,1118.2500430529794,1090.790897203245,1108.7813720703125,345900,0.0,0.0
2019-09-13 00:00:00+09:00,1127.7186353867023,1138.1341727412396,1110.6750288065507,1131.506103515625,523200,0.0,0.0
2019-09-17 00:00:00+09:00,1126.7717037536672,1136.24037353311,1117.3030339742247,1129.6123046875,248900,0.0,0.0
2019-09-18 00:00:00+09:00,1129.6124194685003,1131.506153616813,1117.3031475044681,1125.824951171875,243300,0.0,0.0
2019-09-19 00:00:00+09:00,1135.2934910255142,1137.1872249554983,1117.3030186906644,1122.037353515625,209400,0.0,0.0
2019-09-20 00:00:00+09:00,1132.452791630314,1132.452791630314,1113.5154539776331,1119.1966552734375,280100,0.0,0.0
2019-09-24 00:00:00+09:00,1127.7185859521362,1147.6027927573375,1125.8248519706885,1137.187255859375,162500,0.0,0.0
2019-09-25 00:00:00+09:00,1125.8248350636059,1145.7090415701962,1122.984234134093,1143.8153076171875,264800,0.0,0.0
2019-09-26 00:00:00+09:00,1172.2212874297124,1203.4678968684689,1172.2212874297124,1189.264892578125,634200,0.0,0.0
2019-09-27 00:00:00+09:00,1177.9024919071167,1179.7962258169352,1146.6558823951111,1160.85888671875,249000,0.0,0.0
2019-09-30 00:00:00+09:00,1152.337003607499,1167.4868738274827,1143.8152016087583,1151.39013671875,303900,0.0,0.0
2019-10-01 00:00:00+09:00,1156.1245519442036,1172.221290177661,1155.1776849892944,1160.85888671875,183200,0.0,0.0
2019-10-02 00:00:00+09:00,1142.8684709337024,1158.9652099609375,1142.8684709337024,1158.9652099609375,250900,0.0,0.0
2019-10-03 00:00:00+09:00,1122.9842358418903,1133.3997725992772,1113.5155660624478,1129.6123046875,227100,0.0,0.0
2019-10-04 00:00:00+09:00,1118.2499179679266,1123.9311199220397,1102.1531790979395,1122.9842529296875,218600,0.0,0.0
2019-10-07 00:00:00+09:00,1121.0905863704177,1122.0374534197172,1104.0469794830296,1110.675048828125,198400,0.0,0.0
2019-10-08 00:00:00+09:00,1119.1969245735925,1123.9312601259342,1108.7813863584406,1116.3563232421875,197000,0.0,0.0
2019-10-09 00:00:00+09:00,1106.887474428285,1118.2498779296875,1105.940607469835,1118.2498779296875,127200,0.0,0.0
2019-10-10 00:00:00+09:00,1120.143636654917,1121.090503634338,1097.4188291488156,1115.4093017578125,159200,0.0,0.0
2019-10-11 00:00:00+09:00,1127.7185460731737,1137.1872156455765,1121.0904773724917,1132.452880859375,145700,0.0,0.0
2019-10-15 00:00:00+09:00,1159.9120867321144,1161.8058207512688,1143.8153475693014,1148.5496826171875,186300,0.0,0.0
2019-10-16 00:00:00+09:00,1167.4869227319834,1184.5305274433993,1153.2839188058035,1159.9119873046875,220600,0.0,0.0
2019-10-17 00:00:00+09:00,1160.8589037425015,1160.8589037425015,1143.815298304194,1154.2308349609375,183600,0.0,0.0
2019-10-18 00:00:00+09:00,1155.1779069224929,1164.64657829071,1147.6029698279192,1149.4967041015625,149900,0.0,0.0
2019-10-21 00:00:00+09:00,1154.2309021704627,1158.018370266182,1141.921630859375,1141.921630859375,95400,0.0,0.0
2019-10-23 00:00:00+09:00,1149.496532402664,1155.177734375,1130.5591924948772,1155.177734375,171800,0.0,0.0
2019-10-24 00:00:00+09:00,1168.4338799769582,1168.4338799769582,1155.1777419545292,1158.9652099609375,155300,0.0,0.0
2019-10-25 00:00:00+09:00,1165.593286570198,1168.433887593521,1145.709079406937,1162.752685546875,176300,0.0,0.0
2019-10-28 00:00:00+09:00,1163.6996423648252,1165.5933765265256,1145.7091678286724,1161.805908203125,151100,0.0,0.0
2019-10-29 00:00:00+09:00,1175.0620367638708,1182.6369733425258,1167.4871001852157,1172.221435546875,159700,0.0,0.0
2019-10-30 00:00:00+09:00,1171.2743649593976,1177.9024333140587,1160.8588289735017,1176.95556640625,241500,0.0,0.0
2019-10-31 00:00:00+09:00,1171.2744908470413,1173.1682248661957,1143.8153475693014,1148.5496826171875,261400,0.0,0.0
2019-11-01 00:00:00+09:00,1130.5592586134917,1145.7091314257327,1118.2499869535457,1142.8685302734375,180300,0.0,0.0
2019-11-05 00:00:00+09:00,1160.8588776399554,1174.115014905012,1151.390208164915,1171.2744140625,241100,0.0,0.0
2019-11-06 00:00:00+09:00,1178.849479927352,1178.849479927352,1169.3808094058472,1175.06201171875,165400,0.0,0.0
2019-11-07 00:00:00+09:00,1175.0619050904786,1193.052377448834,1175.0619050904786,1182.6368408203125,189000,0.0,0.0
2019-11-08 00:00:00+09:00,1202.5209810185067,1204.4147148468824,1176.9555743354363,1180.7430419921875,237500,0.0,0.0
2019-11-11 00:00:00+09:00,1187.3712731504593,1192.1056083703575,1178.8494697546425,1185.4775390625,161000,0.0,0.0
2019-11-12 00:00:00+09:00,1189.264900328621,1194.9461020817832,1179.7962307400173,1193.0523681640625,138400,0.0,0.0
2019-11-13 00:00:00+09:00,1207.25531402564,1230.9269868496722,1207.25531402564,1209.1490478515625,373600,0.0,0.0
2019-11-14 00:00:00+09:00,1201.5742130859376,1209.1491490234375,1178.8494052734375,1183.583740234375,278500,0.0,0.0
2019-11-15 00:00:00+09:00,1196.8398817781347,1219.564689659998,1195.8930147830572,1215.7772216796875,176900,0.0,0.0
2019-11-18 00:00:00+09:00,1210.0959147645237,1217.6708500682141,1200.6272456349109,1209.1490478515625,192400,0.0,0.0
2019-11-19 00:00:00+09:00,1200.627313178668,1208.2022489085018,1179.7962399216249,1182.6368408203125,141500,0.0,0.0
2019-11-20 00:00:00+09:00,1174.1150381242494,1188.318042617688,1173.1681711580202,1182.6368408203125,131100,0.0,0.0
2019-11-21 00:00:00+09:00,1176.0088364854992,1186.424373684646,1164.646432268248,1184.5306396484375,183800,0.0,0.0
2019-11-22 00:00:00+09:00,1188.3179843896562,1208.2021897061366,1185.477383630159,1198.7335205078125,212100,0.0,0.0
2019-11-25 00:00:00+09:00,1213.8835551024047,1216.72415624539,1198.7336823398161,1203.468017578125,153900,0.0,0.0
2019-11-26 00:00:00+09:00,1222.4051935036223,1222.4051935036223,1195.8929197483153,1198.7335205078125,362900,0.0,0.0
2019-11-27 00:00:00+09:00,1206.308729912673,1220.5117369367626,1206.308729912673,1213.8836669921875,129500,0.0,0.0
2019-11-28 00:00:00+09:00,1211.9898969889066,1213.8836312029516,1187.3713522063194,1194.9462890625,170200,0.0,0.0
2019-11-29 00:00:00+09:00,1194.9461364256244,1195.8930034116986,1175.0619297180665,1179.7962646484375,186400,0.0,0.0
2019-12-02 00:00:00+09:00,1192.1056203086703,1211.0429613779106,1189.2650191482844,1207.2554931640625,174200,0.0,0.0
2019-12-03 00:00:00+09:00,1183.5838049745407,1193.052475414337,1176.0088686227036,1185.4775390625,144300,0.0,0.0
2019-12-04 00:00:00+09:00,1174.1150778446472,1187.3712158203125,1172.2213438481235,1187.3712158203125,175800,0.0,0.0
2019-12-05 00:00:00+09:00,1195.8930167700946,1203.4679527433018,1188.3180807968872,1201.57421875,184300,0.0,0.0
2019-12-06 00:00:00+09:00,1201.5741046387102,1207.2553060790824,1194.9460362916095,1205.361572265625,124500,0.0,0.0
2019-12-09 00:00:00+09:00,1219.564689659998,1226.1927586255415,1207.255418723989,1215.7772216796875,79700,0.0,0.0
2019-12-10 00:00:00+09:00,1218.6178475945,1224.2990496811879,1212.9366455078125,1212.9366455078125,122100,0.0,0.0
2019-12-11 00:00:00+09:00,1213.8834706017622,1225.245874382746,1208.2022687112703,1222.4052734375,177100,0.0,0.0
2019-12-12 00:00:00+09:00,1226.192856487046,1229.9803247696314,1214.8304516392895,1218.617919921875,131900,0.0,0.0
2019-12-13 00:00:00+09:00,1252.7050304674124,1259.3330994116843,1242.2894935549848,1244.1832275390625,245900,0.0,0.0
2019-12-16 00:00:00+09:00,1245.1300228204454,1249.8643575079757,1224.2989501953125,1224.2989501953125,118700,0.0,0.0
2019-12-17 00:00:00+09:00,1240.395736577141,1240.395736577141,1220.5115301129272,1232.82080078125,130100,0.0,0.0
2019-12-18 00:00:00+09:00,1232.8209301421325,1251.7582716189702,1225.2459935513973,1236.6083984375,395500,0.0,0.0
2019-12-19 00:00:00+09:00,1233.767696165985,1278.2704449916191,1229.9802281808245,1262.1737060546875,338900,0.0,0.0
2019-12-20 00:00:00+09:00,1261.2268410944614,1263.1205750900988,1245.1301021315442,1247.970703125,171400,0.0,0.0
2019-12-23 00:00:00+09:00,1241.3426285318635,1241.3426285318635,1226.1927566352122,1229.980224609375,137300,0.0,0.0
2019-12-24 00:00:00+09:00,1234.714557618674,1245.1300945311013,1230.9270896505184,1244.1832275390625,84800,0.0,0.0
2019-12-25 00:00:00+09:00,1243.2362305619336,1243.2362305619336,1229.980094059369,1240.3956298828125,56800,0.0,0.0
2019-12-26 00:00:00+09:00,1243.2363586196152,1261.2268314404628,1242.2894916290443,1258.38623046875,166500,0.0,0.0
2019-12-27 00:00:00+09:00,1222.3781674624952,1236.5918670841522,1212.9023677147238,1235.644287109375,208800,1.0,0.0
2019-12-30 00:00:00+09:00,1235.644356699065,1236.5919367272086,1198.6887356014702,1203.4266357421875,188000,0.0,0.0
2020-01-06 00:00:00+09:00,1171.208722091453,1181.6321006861178,1164.575662985757,1173.1038818359375,150900,0.0,0.0
2020-01-07 00:00:00+09:00,1179.7369876748926,1191.107946592241,1178.7894077651138,1187.317626953125,187300,0.0,0.0
2020-01-08 00:00:00+09:00,1158.890399354877,1160.7855594519413,1138.0436382871685,1156.9952392578125,139600,0.0,0.0
2020-01-09 00:00:00+09:00,1172.1564540373972,1191.1080539409932,1169.313714051858,1182.579833984375,118200,0.0,0.0
2020-01-10 00:00:00+09:00,1187.3178525157184,1190.1605927851097,1176.8944715279506,1189.2130126953125,95400,0.0,0.0
2020-01-14 00:00:00+09:00,1186.3702992584747,1188.2654594809321,1163.628376588983,1174.0517578125,144300,0.0,0.0
2020-01-15 00:00:00+09:00,1177.8419189453125,1185.4225588098036,1171.2088590638828,1177.8419189453125,128000,0.0,0.0
2020-01-16 00:00:00+09:00,1168.366192453979,1177.8419928793965,1164.575872283812,1170.2613525390625,75700,0.0,0.0
2020-01-17 00:00:00+09:00,1174.9992306822749,1183.5274509049689,1173.1040706327874,1178.78955078125,86500,0.0,0.0
2020-01-20 00:00:00+09:00,1184.4748872237878,1191.107946592241,1180.6845675846716,1187.317626953125,58300,0.0,0.0
2020-01-21 00:00:00+09:00,1183.5274843217471,1193.0032848367332,1174.0516838067613,1181.63232421875,98200,0.0,0.0
2020-01-22 00:00:00+09:00,1181.6323389412876,1188.2653993844224,1172.156538308238,1186.3702392578125,115700,0.0,0.0
2020-01-23 00:00:00+09:00,1179.7370115016483,1183.5273312173163,1170.2612122124785,1172.1563720703125,93200,0.0,0.0
2020-01-24 00:00:00+09:00,1171.2089325816041,1173.1040926666876,1162.6807121987285,1170.2613525390625,127000,0.0,0.0
2020-01-27 00:00:00+09:00,1141.8338047772988,1160.785403196839,1141.8338047772988,1154.15234375,201600,0.0,0.0
2020-01-28 00:00:00+09:00,1138.043711537285,1152.2574131801318,1134.2533910991924,1149.4146728515625,174400,0.0,0.0
2020-01-29 00:00:00+09:00,1156.0476519009362,1176.8944128368548,1155.1000718583944,1170.2613525390625,181200,0.0,0.0
2020-01-30 00:00:00+09:00,1170.2612855940743,1174.0516055474154,1155.1000057807098,1164.5758056640625,257400,0.0,0.0
2020-01-31 00:00:00+09:00,1178.7894805785643,1186.3701203250503,1170.2612608637676,1179.737060546875,230200,0.0,0.0
2020-02-03 00:00:00+09:00,1166.4710069834757,1197.7411477068345,1162.6806868957958,1185.422607421875,326000,0.0,0.0
2020-02-04 00:00:00+09:00,1182.5798422701264,1202.4790223083255,1176.8943622592124,1200.5838623046875,142000,0.0,0.0
2020-02-05 00:00:00+09:00,1214.7975067354428,1215.7450866938948,1199.636227400211,1206.269287109375,285600,0.0,0.0
2020-02-06 00:00:00+09:00,1234.6967554790217,1247.962875645335,1226.1685353721061,1243.2249755859375,251200,0.0,0.0
2020-02-07 00:00:00+09:00,1249.8580053185904,1249.8580053185904,1224.2733456191197,1233.7491455078125,111300,0.0,0.0
2020-02-10 00:00:00+09:00,1219.5355990705818,1240.382361447857,1219.5355990705818,1236.592041015625,101600,0.0,0.0
2020-02-12 00:00:00+09:00,1231.8540444385183,1231.8540444385183,1217.640343925766,1221.4306640625,132100,0.0,0.0
2020-02-13 00:00:00+09:00,1209.112197197014,1224.2734786665692,1196.7936560030007,1213.85009765625,282200,0.0,0.0
2020-02-14 00:00:00+09:00,1218.5877896804034,1220.4829495399374,1199.6361910850626,1210.0595703125,283600,0.0,0.0
2020-02-17 00:00:00+09:00,1199.6363414417615,1205.3218217329545,1177.842000325521,1188.265380859375,201000,0.0,0.0
2020-02-18 00:00:00+09:00,1177.8419255007566,1177.8419255007566,1148.4669458623628,1164.5758056640625,127400,0.0,0.0
2020-02-19 00:00:00+09:00,1171.2088840922984,1171.2088840922984,1153.2048640293908,1162.6806640625,173200,0.0,0.0
2020-02-20 00:00:00+09:00,1163.6281401466836,1176.8942590082909,1156.99508071588,1160.785400390625,163900,0.0,0.0
2020-02-21 00:00:00+09:00,1163.628299597538,1173.10410008286,1156.0476592092803,1156.9952392578125,163800,0.0,0.0
2020-02-25 00:00:00+09:00,1102.0356631414527,1122.8824254708697,1092.5598620826268,1100.1405029296875,267600,0.0,0.0
2020-02-26 00:00:00+09:00,1083.0840506690602,1091.61227154047,1063.1848686357703,1088.76953125,298200,0.0,0.0
2020-02-27 00:00:00+09:00,1085.9266792459691,1086.8742592453111,1062.2371792624183,1068.8702392578125,319200,0.0,0.0
2020-02-28 00:00:00+09:00,1036.652552447204,1042.3380326251595,1013.9106317353824,1021.4912719726562,386400,0.0,0.0
2020-03-02 00:00:00+09:00,1000.6443925034154,1053.708867863445,995.9064929176984,1040.4427490234375,295800,0.0,0.0
2020-03-03 00:00:00+09:00,1049.9185881395706,1050.8661680927653,1011.0678100585938,1011.0678100585938,409800,0.0,0.0
2020-03-04 00:00:00+09:00,993.0638361066972,1021.4912359952477,982.6404561475621,1006.3299560546875,393400,0.0,0.0
2020-03-05 00:00:00+09:00,1016.7534352178159,1016.7534352178159,995.9066732655401,1002.5397338867188,339400,0.0,0.0
2020-03-06 00:00:00+09:00,985.4832012007389,985.4832012007389,957.0558011661022,961.793701171875,392900,0.0,0.0
2020-03-09 00:00:00+09:00,931.4710999495835,939.0517396236392,890.7251617015346,903.043701171875,363200,0.0,0.0
2020-03-10 00:00:00+09:00,888.8300048311972,901.1485443437831,854.7171261809593,896.41064453125,394900,0.0,0.0
2020-03-11 00:00:00+09:00,891.6727662305312,917.2574258354455,880.3018064061249,887.8824462890625,401100,0.0,0.0
2020-03-12 00:00:00+09:00,873.6687972095132,892.6203980166609,848.0841361198636,857.5599365234375,429000,0.0,0.0
2020-03-13 00:00:00+09:00,814.9188696431835,832.9228911818119,782.7011468898482,810.1809692382812,539400,0.0,0.0
2020-03-16 00:00:00+09:00,809.2333518852621,824.394632482644,778.9107906904982,782.7011108398438,357700,0.0,0.0
2020-03-17 00:00:00+09:00,755.2212622185338,811.1284823827665,733.4269221545107,804.4954223632812,615000,0.0,0.0
2020-03-18 00:00:00+09:00,801.6527132928815,835.7655947095999,758.0640314826303,763.74951171875,539600,0.0,0.0
2020-03-19 00:00:00+09:00,792.176907043457,797.8623872375489,753.3261257171631,758.0640258789062,500500,0.0,0.0
2020-03-23 00:00:00+09:00,857.5598946352102,857.5598946352102,778.9107551272297,836.713134765625,570300,0.0,0.0
2020-03-24 00:00:00+09:00,841.4510887993706,857.5599497335928,797.8624062714754,818.7091674804688,553400,0.0,0.0
2020-03-25 00:00:00+09:00,903.9913066502095,903.9913066502095,828.1849077696888,868.9308471679688,421800,0.0,0.0
2020-03-26 00:00:00+09:00,868.9308840698376,870.8260441223345,822.499462783663,865.1405639648438,452900,0.0,0.0
2020-03-27 00:00:00+09:00,873.6687423581999,933.3662811527407,867.0356824921398,932.418701171875,589100,0.0,0.0
2020-03-30 00:00:00+09:00,926.7332153320312,929.5759552563626,881.2493765427291,926.7332153320312,410000,0.0,0.0
2020-03-31 00:00:00+09:00,915.3623002721909,917.2574603141622,877.4590994327626,890.7252197265625,287500,0.0,0.0
2020-04-01 00:00:00+09:00,870.8260077537103,890.7251874738712,840.5034481801316,849.979248046875,271200,0.0,0.0
2020-04-02 00:00:00+09:00,821.5518983697616,845.2413994761561,812.0760979272037,819.65673828125,230200,0.0,0.0
2020-04-03 00:00:00+09:00,805.4429872341066,825.3421669187138,794.0720274143309,799.7575073242188,284300,0.0,0.0
2020-04-06 00:00:00+09:00,795.9672200520833,860.4026616753472,790.2817399088541,852.822021484375,299300,0.0,0.0
2020-04-07 00:00:00+09:00,867.0357079341494,892.6203681682719,856.6123278387662,879.354248046875,302800,0.0,0.0
2020-04-08 00:00:00+09:00,885.987319621634,915.3623002721909,879.354259474734,890.7252197265625,430000,0.0,0.0
2020-04-09 00:00:00+09:00,901.1486206054688,908.7292609470501,885.0397598796087,901.1486206054688,210200,0.0,0.0
2020-04-10 00:00:00+09:00,910.6243529640949,915.3622528234293,872.7211540894187,914.4146728515625,275600,0.0,0.0
2020-04-13 00:00:00+09:00,905.8865110046586,905.8865110046586,865.1405696100976,870.8260498046875,298100,0.0,0.0
2020-04-14 00:00:00+09:00,868.9308953362543,880.3018557986697,850.9268746040963,876.5115356445312,170500,0.0,0.0
2020-04-15 00:00:00+09:00,868.9308384001123,875.5638982352276,841.4510190832058,850.9268188476562,548700,0.0,0.0
2020-04-16 00:00:00+09:00,852.8219749813987,899.2533936192749,852.8219749813987,895.4630737304688,289900,0.0,0.0
2020-04-17 00:00:00+09:00,909.67679458682,930.5235544627681,891.672774693956,905.886474609375,265300,0.0,0.0
2020-04-20 00:00:00+09:00,907.7816828177678,916.3099032200224,899.2534624155131,913.4671630859375,185800,0.0,0.0
2020-04-21 00:00:00+09:00,906.8340972072147,920.1002177515209,897.3582968184246,907.7816772460938,214100,0.0,0.0
2020-04-22 00:00:00+09:00,900.2010369350616,917.2574776348838,891.6728165851505,907.7816772460938,186500,0.0,0.0
2020-04-23 00:00:00+09:00,907.7816519296634,929.5759922160751,906.8340719172108,922.9429321289062,230800,0.0,0.0
2020-04-24 00:00:00+09:00,922.9429297789575,929.5759898492374,891.6727894476376,910.6243896484375,481500,0.0,0.0
2020-04-27 00:00:00+09:00,918.204998305058,943.789657700555,916.309838349836,939.0517578125,221200,0.0,0.0
2020-04-28 00:00:00+09:00,938.1042573039766,945.684897767039,923.8905564357345,937.1566772460938,302100,0.0,0.0
2020-04-30 00:00:00+09:00,956.1082443639666,966.5316246295797,934.3139038085938,934.3139038085938,401500,0.0,0.0
2020-05-01 00:00:00+09:00,931.4710968017578,940.9468963623046,925.7856170654296,928.6283569335938,267600,0.0,0.0
2020-05-07 00:00:00+09:00,917.2574497187175,922.9429297789575,903.0437495681175,910.6243896484375,295400,0.0,0.0
2020-05-08 00:00:00+09:00,913.4671991046702,943.7897617305514,911.5720389405526,940.947021484375,390700,0.0,0.0
2020-05-11 00:00:00+09:00,944.7372495550458,955.1606294398056,940.9469295969513,950.4227294921875,226200,0.0,0.0
2020-05-12 00:00:00+09:00,955.1605864838286,955.1605864838286,937.1565674925661,948.5275268554688,166900,0.0,0.0
2020-05-13 00:00:00+09:00,935.2614611395475,968.4267611799569,928.6284011314655,961.793701171875,329700,0.0,0.0
2020-05-14 00:00:00+09:00,958.0033830378605,960.846123046875,923.8905029296875,923.8905029296875,156800,0.0,0.0
2020-05-15 00:00:00+09:00,943.7896609422637,943.7896609422637,905.8864617076346,932.418701171875,187100,0.0,0.0
2020-05-18 00:00:00+09:00,941.8945288857432,941.8945288857432,920.1001886801374,929.5759887695312,164800,0.0,0.0
2020-05-19 00:00:00+09:00,956.1081664307372,956.1081664307372,936.2089875456575,948.5275268554688,185900,0.0,0.0
2020-05-20 00:00:00+09:00,950.4227849564318,951.3703650012537,940.9469845082122,944.7373046875,196800,0.0,0.0
2020-05-21 00:00:00+09:00,955.1606294398056,959.8985293874237,946.6324095340931,950.4227294921875,146200,0.0,0.0
2020-05-22 00:00:00+09:00,948.5276323475648,949.4752123998601,927.6808711970689,931.47119140625,126000,0.0,0.0
2020-05-25 00:00:00+09:00,944.7372495550458,950.4227294921875,936.2090296493333,950.4227294921875,99500,0.0,0.0
2020-05-26 00:00:00+09:00,956.1081997156143,974.1122193336487,950.422719836235,970.3218994140625,200800,0.0,0.0
2020-05-27 00:00:00+09:00,976.0074390396761,994.0114597598255,973.1646989259683,989.2735595703125,252500,0.0,0.0
2020-05-28 00:00:00+09:00,1002.5396801009489,1003.4872601388514,973.1646989259683,989.2735595703125,307600,0.0,0.0
2020-05-29 00:00:00+09:00,991.1687176294632,997.8017778812856,976.0074370538691,976.9550170898438,395000,0.0,0.0
2020-06-01 00:00:00+09:00,976.9550170898438,980.7453372337424,968.4267967660721,976.9550170898438,192500,0.0,0.0
2020-06-02 00:00:00+09:00,984.5356924499687,999.6969735656563,979.7977921013162,992.1163330078125,390100,0.0,0.0
2020-06-03 00:00:00+09:00,1013.9106043304811,1032.8622044114247,1009.1727043102452,1024.333984375,381300,0.0,0.0
2020-06-04 00:00:00+09:00,1029.0718478350573,1030.9670077758217,1003.4871886347381,1009.1726684570312,291500,0.0,0.0
2020-06-05 00:00:00+09:00,1018.6484496841503,1018.6484496841503,1003.4871704330372,1011.0678100585938,201800,0.0,0.0
2020-06-08 00:00:00+09:00,1032.8621460184102,1038.5476257212638,1025.2815064146052,1036.6524658203125,280100,0.0,0.0
2020-06-09 00:00:00+09:00,1032.8622792040424,1032.8622792040424,1007.2776172421073,1016.75341796875,220700,0.0,0.0
2020-06-10 00:00:00+09:00,1027.176721011891,1040.4428410249598,1022.4388210072236,1030.967041015625,233100,0.0,0.0
2020-06-11 00:00:00+09:00,1021.4913342927632,1021.4913342927632,990.22119140625,990.22119140625,242000,0.0,0.0
2020-06-12 00:00:00+09:00,966.5316366941229,982.6404973056916,962.7413165502244,976.9550170898438,363700,0.0,0.0
2020-06-15 00:00:00+09:00,977.9026249392023,995.9066461347884,974.1123046875,974.1123046875,260500,0.0,0.0
2020-06-16 00:00:00+09:00,999.6968357840659,1032.8621336536794,995.9065160275387,1025.281494140625,391000,0.0,0.0
2020-06-17 00:00:00+09:00,1030.0195350929544,1041.3904959219474,1022.4388945402923,1023.386474609375,316900,0.0,0.0
2020-06-18 00:00:00+09:00,1016.75336615719,1021.4912662790782,999.6969257183929,1015.8057861328125,179100,0.0,0.0
2020-06-19 00:00:00+09:00,1021.4912419122703,1024.333981917592,1008.2251218874356,1012.0154418945312,204200,0.0,0.0
2020-06-22 00:00:00+09:00,995.906654847343,1015.8058363428656,991.1687544912662,1004.4348754882812,191400,0.0,0.0
2020-06-23 00:00:00+09:00,1009.172856520538,1026.2292991659556,1001.5922153447968,1014.8583374023438,117200,0.0,0.0
2020-06-24 00:00:00+09:00,1009.1726776352502,1014.8581575092517,1004.434777740249,1008.22509765625,128100,0.0,0.0
2020-06-25 00:00:00+09:00,1009.1726841517857,1010.1202641369048,991.1686644345239,994.958984375,168500,0.0,0.0
2020-06-26 00:00:00+09:00,1002.5396086643559,1012.0154083681779,995.9065488716807,1009.1726684570312,172600,0.0,0.0
2020-06-29 00:00:00+09:00,989.9503483184398,991.8725820044949,977.4558293590808,982.2614135742188,190200,15.0,0.0
2020-06-30 00:00:00+09:00,1009.1726835131419,1030.3172540248459,1008.2115666717009,1013.0171508789062,261900,0.0,0.0
2020-07-01 00:00:00+09:00,1020.7061877613337,1037.045175701016,1019.7450708237053,1023.5895385742188,426500,0.0,0.0
2020-07-02 00:00:00+09:00,1026.4728409799786,1032.2395423337987,1005.3282693493048,1011.094970703125,300700,0.0,0.0
2020-07-03 00:00:00+09:00,1025.5118007659912,1026.4729177301579,998.6005257693204,1014.9395141601562,266700,0.0,0.0
2020-07-06 00:00:00+09:00,1018.7839659238191,1047.6174743933611,1018.7839659238191,1042.8118896484375,246400,0.0,0.0
2020-07-07 00:00:00+09:00,1037.0450987101276,1037.0450987101276,1019.7449951171875,1019.7449951171875,168600,0.0,0.0
2020-07-08 00:00:00+09:00,1014.9393462558962,1041.8506168005601,1014.9393462558962,1018.7838134765625,186900,0.0,0.0
2020-07-09 00:00:00+09:00,1011.0949669864266,1024.5506034292118,999.5615643211822,1010.1338500976562,157500,0.0,0.0
2020-07-10 00:00:00+09:00,1004.3671352856375,1011.0949534167373,990.9114990234375,990.9114990234375,156000,0.0,0.0
2020-07-13 00:00:00+09:00,1012.0560214816699,1040.8895263671875,1010.1337878226353,1040.8895263671875,180000,0.0,0.0
2020-07-14 00:00:00+09:00,1040.889641097472,1047.6174596456551,1032.2395886783795,1038.9674072265625,133300,0.0,0.0
2020-07-15 00:00:00+09:00,1053.3841552734375,1063.9564415033717,1038.0062843935334,1053.3841552734375,180700,0.0,0.0
2020-07-16 00:00:00+09:00,1076.4508213141025,1076.4508213141025,1047.6173171717605,1049.53955078125,155200,0.0,0.0
2020-07-17 00:00:00+09:00,1039.9283215831204,1044.7339053242624,1027.4338038561514,1034.16162109375,121500,0.0,0.0
2020-07-20 00:00:00+09:00,1029.3562523626513,1043.7730065974222,1023.5895506687427,1042.8118896484375,110200,0.0,0.0
2020-07-21 00:00:00+09:00,1042.8118617530279,1056.2674986788734,1040.8896279064786,1051.4619140625,204600,0.0,0.0
2020-07-22 00:00:00+09:00,1054.3453437960302,1058.189811777055,1039.9285888671875,1039.9285888671875,158400,0.0,0.0
2020-07-27 00:00:00+09:00,1029.3561392944673,1045.6951256324746,1019.7449708603453,1044.7340087890625,146200,0.0,0.0
2020-07-28 00:00:00+09:00,1048.5786418244932,1052.423109805518,1037.0452378814189,1039.9285888671875,135600,0.0,0.0
2020-07-29 00:00:00+09:00,1033.2006968122867,1035.122930666821,1016.8617090487435,1020.7061767578125,167000,0.0,0.0
2020-07-30 00:00:00+09:00,1021.6672300785923,1026.4728144157446,1003.4060095974133,1004.3671264648438,190600,0.0,0.0
2020-07-31 00:00:00+09:00,992.8337201142431,992.8337201142431,939.9722926154209,956.311279296875,239100,0.0,0.0
2020-08-03 00:00:00+09:00,961.116913586128,992.8337717344702,961.116913586128,985.1448364257812,281100,0.0,0.0
2020-08-04 00:00:00+09:00,985.1448272029521,1023.589503386482,985.1448272029521,998.6004638671875,170600,0.0,0.0
2020-08-05 00:00:00+09:00,991.8727070201527,1020.706215945157,983.2226543426514,1014.9395141601562,189400,0.0,0.0
2020-08-06 00:00:00+09:00,1021.6672016464661,1038.9673047787676,1019.7449679650992,1028.39501953125,191600,0.0,0.0
2020-08-07 00:00:00+09:00,1025.5117371956585,1025.5117371956585,998.6004638671875,998.6004638671875,190600,0.0,0.0
2020-08-11 00:00:00+09:00,1014.9395114272388,1030.3173828125,1013.97839446566,1030.3173828125,165700,0.0,0.0
2020-08-12 00:00:00+09:00,1034.1618453316066,1066.8398218569548,1034.1618453316066,1061.0731201171875,193200,0.0,0.0
2020-08-13 00:00:00+09:00,1067.8009388135827,1071.6454066400943,1042.8118979412577,1061.0731201171875,193000,0.0,0.0
2020-08-14 00:00:00+09:00,1059.1508120153223,1061.0730457939344,1041.8507080078125,1041.8507080078125,121700,0.0,0.0
2020-08-17 00:00:00+09:00,1031.2784367710494,1031.2784367710494,1013.9783325195312,1013.9783325195312,210100,0.0,0.0
2020-08-18 00:00:00+09:00,1014.9394751942091,1026.472878321416,1009.1727736306055,1020.7061767578125,120800,0.0,0.0
2020-08-19 00:00:00+09:00,1013.9782218716771,1020.7060394575554,1010.1337546797465,1016.861572265625,53500,0.0,0.0
2020-08-20 00:00:00+09:00,1008.211602789123,1011.0949534167373,988.9892652716946,990.9114990234375,129400,0.0,0.0
2020-08-21 00:00:00+09:00,999.5615346731184,1006.2893526949567,996.6781840923306,1002.4448852539062,77000,0.0,0.0
2020-08-24 00:00:00+09:00,999.5615271899015,1002.4448777491032,995.7170597776327,1000.5226440429688,99700,0.0,0.0
2020-08-25 00:00:00+09:00,1018.7839225776154,1037.045143831365,1018.7839225776154,1031.2784423828125,147300,0.0,0.0
2020-08-26 00:00:00+09:00,1031.2784740752459,1031.2784740752459,1018.7839538860769,1023.5895385742188,83500,0.0,0.0
2020-08-27 00:00:00+09:00,1018.7839020965896,1020.7061358741303,1009.1727332088859,1010.1338500976562,68300,0.0,0.0
2020-08-28 00:00:00+09:00,1008.2115211999349,1024.550506767522,991.8725356323476,1001.4837036132812,256500,0.0,0.0
2020-08-31 00:00:00+09:00,1010.1338667222465,1015.900568149776,998.6004638671875,998.6004638671875,107200,0.0,0.0
2020-09-01 00:00:00+09:00,998.6004601627416,998.6004601627416,980.3392390433074,997.6393432617188,189200,0.0,0.0
2020-09-02 00:00:00+09:00,997.6393046762752,1004.367122723225,990.9114866293253,1003.406005859375,84300,0.0,0.0
2020-09-03 00:00:00+09:00,1010.1338389156429,1021.6672414532144,1007.25048828125,1007.25048828125,192400,0.0,0.0
2020-09-04 00:00:00+09:00,993.7949049532072,1005.3283081054688,988.9893203064314,1005.3283081054688,147100,0.0,0.0
2020-09-07 00:00:00+09:00,1000.522759697654,1015.900631124323,997.6394088051535,1014.9395141601562,152000,0.0,0.0
2020-09-08 00:00:00+09:00,1014.939357188369,1037.0450439453125,1013.9782403728497,1037.0450439453125,162300,0.0,0.0
2020-09-09 00:00:00+09:00,1013.9783036973741,1039.9284593370226,1009.1727193196615,1038.0062255859375,219900,0.0,0.0
2020-09-10 00:00:00+09:00,1041.8507049451166,1078.3731466313845,1039.928471172155,1072.6064453125,172400,0.0,0.0
2020-09-11 00:00:00+09:00,1091.8287726330716,1108.1677595474748,1076.450902595986,1101.43994140625,315500,0.0,0.0
2020-09-14 00:00:00+09:00,1112.0122441648928,1133.1568157911913,1098.5566076754299,1121.6234130859375,334400,0.0,0.0
2020-09-15 00:00:00+09:00,1113.9344135892943,1131.2345166476268,1110.0899462429982,1120.6622314453125,172400,0.0,0.0
2020-09-16 00:00:00+09:00,1121.62336331881,1133.1567655123197,1119.7011296198918,1124.5067138671875,167400,0.0,0.0
2020-09-17 00:00:00+09:00,1126.429014263731,1141.806884765625,1122.5845466382575,1141.806884765625,155000,0.0,0.0
2020-09-18 00:00:00+09:00,1144.6901241577452,1166.7958108543262,1144.6901241577452,1160.0679931640625,247400,0.0,0.0
2020-09-23 00:00:00+09:00,1102.4009891904634,1126.4289096174568,1096.6342882879849,1114.8955078125,278900,0.0,0.0
2020-09-24 00:00:00+09:00,1112.0122643705058,1124.5067841948935,1106.2455629130961,1111.0511474609375,173800,0.0,0.0
2020-09-25 00:00:00+09:00,1127.3900222323803,1137.9623071808512,1122.5844381648938,1129.312255859375,275600,0.0,0.0
2020-09-28 00:00:00+09:00,1137.0011937698262,1147.5734787499346,1122.584441524224,1145.6512451171875,389800,0.0,0.0
2020-09-29 00:00:00+09:00,1135.0789601370793,1153.3401796481753,1121.6233247078505,1145.6512451171875,242400,0.0,0.0
2020-09-30 00:00:00+09:00,1137.001255580357,1137.9623724489795,1080.2953603316325,1083.1787109375,295300,0.0,0.0
2020-10-02 00:00:00+09:00,1078.3731391399938,1092.7898923370526,1067.8008534621506,1070.6842041015625,232300,0.0,0.0
2020-10-05 00:00:00+09:00,1094.7122082777425,1108.167845605125,1084.139921806228,1091.828857421875,146300,0.0,0.0
2020-10-06 00:00:00+09:00,1092.7899743738308,1094.7122082777425,1081.2565709503604,1091.828857421875,110400,0.0,0.0
2020-10-07 00:00:00+09:00,1080.2954455642905,1081.2565625087427,1065.8786913975073,1073.567626953125,181400,0.0,0.0
2020-10-08 00:00:00+09:00,1082.2176513671875,1095.6732882403142,1078.3731836891513,1082.2176513671875,176700,0.0,0.0
2020-10-09 00:00:00+09:00,1078.3732327397433,1082.217700592648,1052.4230747326374,1062.995361328125,249400,0.0,0.0
2020-10-12 00:00:00+09:00,1056.2674063182353,1063.956341032108,1041.8506537297244,1059.1507568359375,117200,0.0,0.0
2020-10-13 00:00:00+09:00,1052.423003292689,1064.9175229664834,1048.5785357007521,1060.1119384765625,172000,0.0,0.0
2020-10-14 00:00:00+09:00,1051.4617804137026,1064.9174156292345,1046.6561964081554,1063.956298828125,150000,0.0,0.0
2020-10-15 00:00:00+09:00,1077.411941734706,1087.023109814409,1062.9951896151517,1065.8785400390625,178800,0.0,0.0
2020-10-16 00:00:00+09:00,1065.8786323956206,1073.567567525616,1058.189697265625,1058.189697265625,165500,0.0,0.0
2020-10-19 00:00:00+09:00,1072.6064675071023,1090.8676887281013,1066.839766068892,1078.3731689453125,175700,0.0,0.0
2020-10-20 00:00:00+09:00,1071.6453186424624,1075.4897861532875,1054.34521484375,1054.34521484375,180800,0.0,0.0
2020-10-21 00:00:00+09:00,1059.1507406319138,1092.789829490459,1059.1507406319138,1086.06201171875,283500,0.0,0.0
2020-10-22 00:00:00+09:00,1082.2175991140682,1087.9843003526867,1068.761962890625,1068.761962890625,190300,0.0,0.0
2020-10-23 00:00:00+09:00,1074.5286591198978,1087.9842952806123,1069.7230747767858,1083.1787109375,152100,0.0,0.0
2020-10-26 00:00:00+09:00,1083.178725832021,1100.4788297051143,1073.5675570136357,1087.023193359375,97600,0.0,0.0
2020-10-27 00:00:00+09:00,1081.2565551210412,1081.2565551210412,1057.228631673907,1071.6453857421875,126400,0.0,0.0
2020-10-28 00:00:00+09:00,1052.4229492405289,1080.295337850552,1042.811780754314,1077.4119873046875,176200,0.0,0.0
2020-10-29 00:00:00+09:00,1068.7619703419546,1078.3731391399938,1056.2674509045037,1070.6842041015625,99600,0.0,0.0
2020-10-30 00:00:00+09:00,1080.2953933342305,1081.2565102322146,1054.3452370886573,1060.1119384765625,176000,0.0,0.0
2020-11-02 00:00:00+09:00,1064.917510220654,1087.023198609711,1060.1119257882506,1072.6064453125,169800,0.0,0.0
2020-11-04 00:00:00+09:00,1088.945404622396,1088.945404622396,1067.8008336588541,1081.2564697265625,136400,0.0,0.0
2020-11-05 00:00:00+09:00,1077.411941734706,1083.178642582528,1052.4229047274785,1065.8785400390625,414300,0.0,0.0
2020-11-06 00:00:00+09:00,1064.9174879469313,1072.6064228779562,1044.7340337529913,1066.8397216796875,218000,0.0,0.0
2020-11-09 00:00:00+09:00,1082.2176089501822,1096.6343621777603,1067.8008557226044,1087.023193359375,212300,0.0,0.0
2020-11-10 00:00:00+09:00,1115.856674471289,1131.2345442314445,1100.4788047111333,1112.01220703125,348300,0.0,0.0
2020-11-11 00:00:00+09:00,1138.9235043283236,1149.4957900225106,1123.545634227688,1134.117919921875,274600,0.0,0.0
2020-11-12 00:00:00+09:00,1133.1567655123197,1137.9623497596153,1116.8177790715145,1124.5067138671875,268300,0.0,0.0
2020-11-13 00:00:00+09:00,1113.934591579105,1125.4679954608557,1077.4121459535604,1103.3623046875,181200,0.0,0.0
2020-11-16 00:00:00+09:00,1119.7011793017286,1136.0401664675048,1109.1288934885793,1121.6234130859375,258600,0.0,0.0
2020-11-17 00:00:00+09:00,1137.001275818133,1137.001275818133,1110.0900030177038,1119.701171875,175500,0.0,0.0
2020-11-18 00:00:00+09:00,1105.284347140235,1122.5844499650386,1097.5954125514334,1116.8177490234375,140500,0.0,0.0
2020-11-19 00:00:00+09:00,1114.895503656915,1133.1567231133645,1107.2065691489363,1129.312255859375,150500,0.0,0.0
2020-11-20 00:00:00+09:00,1122.5844040820643,1139.8845061997674,1122.5844040820643,1136.0400390625,142100,0.0,0.0
2020-11-24 00:00:00+09:00,1157.184821740905,1183.1349797035332,1157.184821740905,1159.1070556640625,300700,0.0,0.0
2020-11-25 00:00:00+09:00,1169.67924993294,1175.4459512473177,1116.8178212178111,1119.701171875,384000,0.0,0.0
2020-11-26 00:00:00+09:00,1115.856667654855,1162.9513935076438,1112.9733170924394,1157.1846923828125,576700,0.0,0.0
2020-11-27 00:00:00+09:00,1445.5197177844102,1445.5197177844102,1355.1747354228844,1368.63037109375,1995900,0.0,0.0
2020-11-30 00:00:00+09:00,1353.2525875000001,1354.2137043945313,1200.4350012695313,1201.3961181640625,1552400,0.0,0.0
2020-12-01 00:00:00+09:00,1201.3961009808534,1202.357217861638,1172.5625945573129,1181.212646484375,735000,0.0,0.0
2020-12-02 00:00:00+09:00,1190.8237903853335,1223.5017636485309,1182.173738639193,1206.20166015625,510200,0.0,0.0
2020-12-03 00:00:00+09:00,1201.3960758528385,1215.8128287630727,1186.9793229426045,1206.20166015625,441700,0.0,0.0
2020-12-04 00:00:00+09:00,1208.12395313422,1224.4629405672206,1205.2406024107493,1221.57958984375,343400,0.0,0.0
2020-12-07 00:00:00+09:00,1220.618418047505,1223.501768641318,1179.2903928695187,1191.784912109375,378700,0.0,0.0
2020-12-08 00:00:00+09:00,1185.0570068359375,1201.395992331648,1178.3291892788802,1185.0570068359375,235800,0.0,0.0
2020-12-09 00:00:00+09:00,1193.7071725845337,1230.2296142578125,1192.7460556983947,1230.2296142578125,232800,0.0,0.0
2020-12-10 00:00:00+09:00,1232.1518832773836,1242.7241693273456,1211.9684280910926,1223.5018310546875,294200,0.0,0.0
2020-12-11 00:00:00+09:00,1231.1906468591026,1241.762931882873,1220.6183618353318,1239.8406982421875,298300,0.0,0.0
2020-12-14 00:00:00+09:00,1241.762931882873,1258.1019178287004,1233.112880499788,1239.8406982421875,352600,0.0,0.0
2020-12-15 00:00:00+09:00,1227.3462139554815,1239.8407329699069,1221.5795128719005,1233.1129150390625,269400,0.0,0.0
2020-12-16 00:00:00+09:00,1239.8408055045927,1243.6852731185604,1229.2685195661816,1235.996337890625,136200,0.0,0.0
2020-12-17 00:00:00+09:00,1235.9961968101532,1238.8795471915143,1208.1238097903286,1215.812744140625,233500,0.0,0.0
2020-12-18 00:00:00+09:00,1210.046192533651,1214.8517770949443,1199.4739064988057,1207.162841796875,348200,0.0,0.0
2020-12-21 00:00:00+09:00,1199.4739284122425,1218.6962670085925,1197.5516945526074,1212.9295654296875,232700,0.0,0.0
2020-12-22 00:00:00+09:00,1196.5905465671106,1201.3961310914765,1185.0571437086323,1188.901611328125,174000,0.0,0.0
2020-12-23 00:00:00+09:00,1201.3960857780612,1207.162786989796,1172.5625797193877,1177.3681640625,162700,0.0,0.0
2020-12-24 00:00:00+09:00,1177.368272525621,1197.5517286260601,1176.4071555684573,1189.86279296875,178400,0.0,0.0
2020-12-25 00:00:00+09:00,1194.6682999023437,1202.357235058594,1190.8238323242188,1201.3961181640625,135000,0.0,0.0
2020-12-28 00:00:00+09:00,1202.35721266768,1211.0072645573755,1186.9793426415545,1195.62939453125,193600,0.0,0.0
2020-12-29 00:00:00+09:00,1187.8466207263539,1204.385025765132,1183.955231305465,1202.4393310546875,317200,15.0,0.0
2020-12-30 00:00:00+09:00,1191.7380272308526,1195.6294167075248,1173.2539272166598,1178.1181640625,272800,0.0,0.0
2021-01-04 00:00:00+09:00,1173.25393979604,1173.25393979604,1134.3400446120918,1146.987060546875,229300,0.0,0.0
2021-01-05 00:00:00+09:00,1134.340071795738,1147.95993543651,1127.5301399753519,1136.2857666015625,276200,0.0,0.0
2021-01-06 00:00:00+09:00,1140.1771769934196,1152.8241934617768,1136.2857873108483,1141.1500244140625,215200,0.0,0.0
2021-01-07 00:00:00+09:00,1148.9327124269216,1175.1995906957843,1141.149933680592,1159.634033203125,359100,0.0,0.0
2021-01-08 00:00:00+09:00,1164.4982699195812,1170.3353539793284,1145.0413230537567,1159.634033203125,397300,0.0,0.0
2021-01-12 00:00:00+09:00,1151.85123321281,1179.0909583225723,1145.0413019353693,1177.145263671875,258200,0.0,0.0
2021-01-13 00:00:00+09:00,1182.9823422206362,1196.602204713308,1174.22671633249,1192.7108154296875,271800,0.0,0.0
2021-01-14 00:00:00+09:00,1183.9553503033337,1189.7924350213452,1170.3354859613069,1173.2540283203125,266500,0.0,0.0
2021-01-15 00:00:00+09:00,1168.3897126958036,1174.2267970223438,1152.8241544916964,1160.60693359375,234700,0.0,0.0
2021-01-18 00:00:00+09:00,1147.9598759113483,1153.7969600261517,1143.095639149012,1150.87841796875,142000,0.0,0.0
2021-01-19 00:00:00+09:00,1163.5254335508241,1166.4439756082259,1150.87841796875,1150.87841796875,213600,0.0,0.0
2021-01-20 00:00:00+09:00,1147.9599287703231,1155.7427079484269,1135.3129126059043,1151.851318359375,238500,0.0,0.0
2021-01-21 00:00:00+09:00,1157.6883866051196,1175.1996395117517,1150.8784549192071,1153.7969970703125,163500,0.0,0.0
2021-01-22 00:00:00+09:00,1139.2042505724676,1142.1227926320043,1127.5300823343212,1128.5029296875,157200,0.0,0.0
2021-01-25 00:00:00+09:00,1142.122786748977,1146.9870234898158,1129.4757712227959,1144.0684814453125,168000,0.0,0.0
2021-01-26 00:00:00+09:00,1135.3129144712937,1141.1499988644623,1128.5029826792636,1129.475830078125,157000,0.0,0.0
2021-01-27 00:00:00+09:00,1132.3943401287554,1144.068508583691,1129.4757980150214,1133.3671875,156800,0.0,0.0
2021-01-28 00:00:00+09:00,1109.0459725744438,1128.5029194617148,1103.2088885082624,1114.883056640625,464200,0.0,0.0
2021-01-29 00:00:00+09:00,1113.9102541261966,1123.6387279613598,1079.860595703125,1079.860595703125,320900,0.0,0.0
2021-02-01 00:00:00+09:00,1074.02350379406,1120.7201778720625,1073.050656417435,1117.8016357421875,230900,0.0,0.0
2021-02-02 00:00:00+09:00,1135.3128983291797,1142.1228300243847,1126.557271863916,1131.4215087890625,289500,0.0,0.0
2021-02-03 00:00:00+09:00,1139.2042396095087,1144.0684763285929,1127.5300714837067,1137.258544921875,209600,0.0,0.0
2021-02-04 00:00:00+09:00,1124.6115243619568,1133.3671504166778,1120.7201350043028,1130.4486083984375,225500,0.0,0.0
2021-02-05 00:00:00+09:00,1137.2586508342895,1143.0957354407958,1132.394413662201,1139.204345703125,169300,0.0,0.0
2021-02-08 00:00:00+09:00,1147.9598650836303,1163.5254225762899,1143.0956283671744,1159.634033203125,248200,0.0,0.0
2021-02-09 00:00:00+09:00,1148.9326755006769,1149.905522812701,1127.5300346361425,1134.3399658203125,282100,0.0,0.0
2021-02-10 00:00:00+09:00,1123.6387939453125,1138.2315055549918,1120.7202516233765,1123.6387939453125,220100,0.0,0.0
2021-02-12 00:00:00+09:00,1124.6116093298783,1196.6023178855971,1124.6116093298783,1179.091064453125,529600,0.0,0.0
2021-02-15 00:00:00+09:00,1204.3850740758385,1211.1950058355565,1183.9552787966845,1196.602294921875,457700,0.0,0.0
2021-02-16 00:00:00+09:00,1195.629470472682,1199.5208601243426,1170.335437736889,1179.091064453125,357600,0.0,0.0
2021-02-17 00:00:00+09:00,1180.0638637198213,1198.5479638110633,1180.0638637198213,1184.9281005859375,248000,0.0,0.0
2021-02-18 00:00:00+09:00,1185.9009963435308,1195.629470472682,1176.1725222143796,1179.091064453125,304000,0.0,0.0
2021-02-19 00:00:00+09:00,1187.846631635372,1207.3035789185067,1183.955242178745,1193.6837158203125,399200,0.0,0.0
2021-02-22 00:00:00+09:00,1211.194962296674,1223.8419779672415,1204.385030781753,1209.249267578125,363200,0.0,0.0
2021-02-24 00:00:00+09:00,1216.0592476205663,1227.7334163977239,1201.4665366491197,1203.4122314453125,341700,0.0,0.0
2021-02-25 00:00:00+09:00,1211.194914526885,1211.194914526885,1186.8737315042567,1192.7108154296875,266700,0.0,0.0
2021-02-26 00:00:00+09:00,1174.2267000529146,1175.1995473603322,1127.530029296875,1127.530029296875,428200,0.0,0.0
2021-03-01 00:00:00+09:00,1156.7155784750885,1185.9010009765625,1149.905646558078,1185.9010009765625,331100,0.0,0.0
2021-03-02 00:00:00+09:00,1182.0096066918704,1186.873843756446,1166.4440480852286,1179.091064453125,271800,0.0,0.0
2021-03-03 00:00:00+09:00,1187.8466889786816,1204.3850949677378,1178.1182148674723,1201.466552734375,247700,0.0,0.0
2021-03-04 00:00:00+09:00,1189.7922213627742,1216.0590978769155,1182.9822904146636,1214.1134033203125,266200,0.0,0.0
2021-03-05 00:00:00+09:00,1216.0592298311212,1228.706245821365,1203.4122138408775,1227.7333984375,303600,0.0,0.0
2021-03-08 00:00:00+09:00,1243.2988760148744,1245.2445706565252,1202.4392885402071,1215.0863037109375,221500,0.0,0.0
2021-03-09 00:00:00+09:00,1240.3803551299739,1244.2717444794011,1215.086324358696,1242.3260498046875,246000,0.0,0.0
2021-03-10 00:00:00+09:00,1241.3531599157707,1241.3531599157707,1220.923366531577,1232.5975341796875,157000,0.0,0.0
2021-03-11 00:00:00+09:00,1261.7830857352976,1289.022813106607,1250.1089168618792,1268.593017578125,545300,0.0,0.0
2021-03-12 00:00:00+09:00,1276.37578541508,1278.32148020992,1253.0274478769993,1277.3486328125,407200,0.0,0.0
2021-03-15 00:00:00+09:00,1303.6155154184894,1328.9095478072063,1287.0771096258668,1306.5340576171875,534800,0.0,0.0
2021-03-16 00:00:00+09:00,1302.6426042377464,1316.2624671648027,1292.9141307184204,1314.3167724609375,303700,0.0,0.0
2021-03-17 00:00:00+09:00,1302.6425568953805,1320.15380859375,1292.9140837296195,1320.15380859375,263600,0.0,0.0
2021-03-18 00:00:00+09:00,1327.9367238170696,1342.5294350678066,1324.0453341502064,1340.583740234375,417000,0.0,0.0
2021-03-19 00:00:00+09:00,1326.96392448581,1339.6109413614079,1312.3712127062738,1334.7467041015625,382600,0.0,0.0
2021-03-22 00:00:00+09:00,1333.7737186881652,1342.529344850232,1312.371076958669,1336.6922607421875,320800,0.0,0.0
2021-03-23 00:00:00+09:00,1336.6922563825335,1337.6651037307013,1305.5611412411645,1307.5068359375,246200,0.0,0.0
2021-03-24 00:00:00+09:00,1289.0228744992182,1293.8871117614794,1252.054671306033,1254.0003662109375,352500,0.0,0.0
2021-03-25 00:00:00+09:00,1265.6743746903946,1277.3485426352715,1261.7829853754358,1273.4571533203125,225000,0.0,0.0
2021-03-26 00:00:00+09:00,1298.7512267187205,1302.6426161620725,1278.3214321411226,1283.1856689453125,335400,0.0,0.0
2021-03-29 00:00:00+09:00,1312.3711048638643,1317.2353417239972,1280.2671415869868,1303.615478515625,333600,0.0,0.0
2021-03-30 00:00:00+09:00,1293.8869577236276,1293.8869577236276,1271.5114689810384,1287.0770263671875,257600,0.0,0.0
2021-03-31 00:00:00+09:00,1259.837317327138,1277.3485696143105,1250.1088438342642,1262.755859375,175000,0.0,0.0
2021-04-01 00:00:00+09:00,1274.4300648764772,1291.9413176763067,1262.7558963432575,1265.6744384765625,194700,0.0,0.0
2021-04-02 00:00:00+09:00,1261.7830379107527,1278.3214431879176,1257.8916484337726,1274.4300537109375,226300,0.0,0.0
2021-04-05 00:00:00+09:00,1280.2670791568396,1290.9683997272996,1274.429995209316,1289.022705078125,146700,0.0,0.0
2021-04-06 00:00:00+09:00,1297.77837427651,1300.6969163475967,1260.810174709413,1276.375732421875,205900,0.0,0.0
2021-04-07 00:00:00+09:00,1268.5930062357197,1283.1857171970203,1254.9731426718392,1277.3486328125,326800,0.0,0.0
2021-04-08 00:00:00+09:00,1268.5928847202035,1274.4299685456033,1254.9730224609375,1254.9730224609375,270600,0.0,0.0
2021-04-09 00:00:00+09:00,1263.728792003499,1271.511571322997,1254.9731652690637,1259.83740234375,204600,0.0,0.0
2021-04-12 00:00:00+09:00,1277.3486421954478,1299.724132500471,1270.5387103634844,1290.968505859375,313700,0.0,0.0
2021-04-13 00:00:00+09:00,1283.1856370206501,1310.4253624464109,1276.37570566421,1287.0770263671875,223300,0.0,0.0
2021-04-14 00:00:00+09:00,1261.783001199969,1271.511474609375,1255.9459171543253,1271.511474609375,204700,0.0,0.0
2021-04-15 00:00:00+09:00,1283.1856427006624,1287.0770320644249,1265.6743905637313,1271.511474609375,72700,0.0,0.0
2021-04-16 00:00:00+09:00,1263.7286907489483,1266.6472327599158,1251.081675368089,1264.7015380859375,100200,0.0,0.0
2021-04-19 00:00:00+09:00,1264.7015167838344,1284.1584631958933,1264.7015167838344,1282.2127685546875,108200,0.0,0.0
2021-04-20 00:00:00+09:00,1266.6472648338035,1274.4300437267916,1253.0274017710744,1260.8101806640625,301300,0.0,0.0
2021-04-21 00:00:00+09:00,1231.624810810641,1232.5976582125452,1200.4936939497086,1210.22216796875,302100,0.0,0.0
2021-04-22 00:00:00+09:00,1231.6248041062129,1231.6248041062129,1216.0592457604787,1225.7877197265625,134300,0.0,0.0
2021-04-23 00:00:00+09:00,1205.3578731203543,1213.140651962132,1200.493636344243,1202.4393310546875,137800,0.0,0.0
2021-04-26 00:00:00+09:00,1214.1135643576954,1214.1135643576954,1194.6566162109375,1194.6566162109375,193900,0.0,0.0
2021-04-27 00:00:00+09:00,1187.8466377541804,1190.7651798616846,1178.1181640625,1178.1181640625,173200,0.0,0.0
2021-04-28 00:00:00+09:00,1181.036700086275,1215.0863578317606,1175.1996159013345,1193.6837158203125,425000,0.0,0.0
2021-04-30 00:00:00+09:00,1206.3307477678572,1209.2492898995536,1190.765189732143,1191.738037109375,311700,0.0,0.0
2021-05-06 00:00:00+09:00,1188.8194630733828,1217.0320362559753,1187.846615722259,1195.62939453125,351200,0.0,0.0
2021-05-07 00:00:00+09:00,1205.3579038338833,1227.733393574141,1201.4665143138384,1220.9234619140625,296200,0.0,0.0
2021-05-10 00:00:00+09:00,1218.977692994239,1225.787624240017,1210.2220671068105,1215.0863037109375,170800,0.0,0.0
2021-05-11 00:00:00+09:00,1206.3306887774754,1218.9777040630456,1181.0366582063348,1183.9552001953125,228500,0.0,0.0
2021-05-12 00:00:00+09:00,1177.145236660572,1178.1180839635972,1125.5843296002329,1143.0955810546875,347700,0.0,0.0
2021-05-13 00:00:00+09:00,1118.7744193377944,1145.0412970092036,1116.8287246954678,1125.5843505859375,257200,0.0,0.0
2021-05-14 00:00:00+09:00,1143.0956340971447,1159.634039015997,1136.2857026599702,1144.0684814453125,209100,0.0,0.0
2021-05-17 00:00:00+09:00,1147.9598759113483,1154.769807378619,1136.2857076817413,1150.87841796875,174500,0.0,0.0
2021-05-18 00:00:00+09:00,1158.6612595699864,1173.2539706476941,1155.742717354445,1165.47119140625,233600,0.0,0.0
2021-05-19 00:00:00+09:00,1147.9599609375,1162.5526723053495,1143.0957238148835,1147.9599609375,263200,0.0,0.0
2021-05-20 00:00:00+09:00,1147.9599016899845,1169.3625439248824,1147.9599016899845,1162.5526123046875,197500,0.0,0.0
2021-05-21 00:00:00+09:00,1160.6069015719638,1170.335375181117,1155.7426647673872,1164.498291015625,227400,0.0,0.0
2021-05-24 00:00:00+09:00,1172.28104805652,1192.7108422550155,1172.28104805652,1182.009521484375,200600,0.0,0.0
2021-05-25 00:00:00+09:00,1187.8466377541804,1191.7380272308526,1176.172469324164,1178.1181640625,178900,0.0,0.0
2021-05-26 00:00:00+09:00,1162.5525912757682,1170.335370129497,1153.796965065323,1157.6883544921875,260700,0.0,0.0
2021-05-27 00:00:00+09:00,1159.6341254062768,1169.3625996127053,1141.1500244140625,1141.1500244140625,438900,0.0,0.0
2021-05-28 00:00:00+09:00,1164.4982959836027,1177.1453117294564,1161.5797538884058,1171.3082275390625,232300,0.0,0.0
2021-05-31 00:00:00+09:00,1164.4983345237938,1170.3354189073718,1146.9870813730602,1151.851318359375,238600,0.0,0.0
2021-06-01 00:00:00+09:00,1143.095639149012,1151.8512653212172,1138.2314023866759,1150.87841796875,239400,0.0,0.0
2021-06-02 00:00:00+09:00,1148.9326702705293,1155.7426014236994,1136.2856552717851,1149.905517578125,226600,0.0,0.0
2021-06-03 00:00:00+09:00,1148.9327073238067,1163.5254174083595,1147.9598599848364,1152.8240966796875,227300,0.0,0.0
2021-06-04 00:00:00+09:00,1157.688285513749,1164.4982166050063,1146.9869652274874,1158.6611328125,287500,0.0,0.0
2021-06-07 00:00:00+09:00,1159.6341300317797,1160.606977456303,1147.9599609375,1147.9599609375,223900,0.0,0.0
2021-06-08 00:00:00+09:00,1147.9599563585625,1148.9328037792054,1136.2857873108483,1141.1500244140625,240900,0.0,0.0
2021-06-09 00:00:00+09:00,1143.0957354407958,1150.8785149161374,1139.204345703125,1139.204345703125,171900,0.0,0.0
2021-06-10 00:00:00+09:00,1141.150003616124,1143.0956984219486,1132.3943769899133,1136.2857666015625,280900,0.0,0.0
2021-06-11 00:00:00+09:00,1134.3400557558762,1143.0956822582798,1132.394360977564,1138.2314453125,307600,0.0,0.0
2021-06-14 00:00:00+09:00,1141.1500244140625,1146.9871089379196,1137.2586347314912,1141.1500244140625,204100,0.0,0.0
2021-06-15 00:00:00+09:00,1140.1770970916102,1153.7969600261517,1139.204249739143,1150.87841796875,207100,0.0,0.0
2021-06-16 00:00:00+09:00,1146.0141971597825,1157.6883655519025,1144.0685024277625,1148.9327392578125,163200,0.0,0.0
2021-06-17 00:00:00+09:00,1140.177135254326,1150.8784564896482,1131.4215087890625,1131.4215087890625,225400,0.0,0.0
2021-06-18 00:00:00+09:00,1136.285745714209,1145.0413721794725,1129.475814019004,1131.4215087890625,280000,0.0,0.0
2021-06-21 00:00:00+09:00,1112.9374116984668,1112.9374116984668,1085.6976848387142,1086.6705322265625,306400,0.0,0.0
2021-06-22 00:00:00+09:00,1115.8559360804784,1122.665867686898,1104.1817676123303,1110.99169921875,368700,0.0,0.0
2021-06-23 00:00:00+09:00,1110.991710423792,1116.8287947167366,1099.3175418379028,1102.236083984375,133700,0.0,0.0
2021-06-24 00:00:00+09:00,1092.507552408854,1096.3989417317707,1087.6433157552083,1094.4532470703125,170800,0.0,0.0
2021-06-25 00:00:00+09:00,1103.2089153272989,1110.991694271407,1102.2360679592855,1104.1817626953125,186600,0.0,0.0
2021-06-28 00:00:00+09:00,1102.2361029100048,1150.8784728530766,1091.534781522529,1129.475830078125,829700,0.0,0.0
2021-06-29 00:00:00+09:00,1121.5911465554293,1123.5623085001664,1094.980460301478,1110.749755859375,536200,15.0,0.0
2021-06-30 00:00:00+09:00,1126.519081244118,1136.374891228756,1110.7497852686975,1112.720947265625,309900,0.0,0.0
2021-07-01 00:00:00+09:00,1121.5911316676843,1121.5911316676843,1107.7929982376777,1109.76416015625,226700,0.0,0.0
2021-07-02 00:00:00+09:00,1119.6200200425392,1134.403735095918,1118.6344390389806,1129.475830078125,357000,0.0,0.0
2021-07-05 00:00:00+09:00,1127.504657782267,1131.4469817605266,1120.6055908203125,1120.6055908203125,171600,0.0,0.0
2021-07-06 00:00:00+09:00,1124.5478810387958,1132.432528758612,1122.5767191088419,1126.51904296875,149100,0.0,0.0
2021-07-07 00:00:00+09:00,1111.735303294627,1122.576693663635,1107.7929795240786,1116.6632080078125,238200,0.0,0.0
2021-07-08 00:00:00+09:00,1123.5623576934324,1125.5335197244735,1105.8218994140625,1105.8218994140625,373200,0.0,0.0
2021-07-09 00:00:00+09:00,1091.0381551470075,1109.7641939435687,1077.2400212969098,1103.8507080078125,500100,0.0,0.0
2021-07-12 00:00:00+09:00,1144.2595258251233,1148.2018497728413,1128.4902300342517,1136.3748779296875,388400,0.0,0.0
2021-07-13 00:00:00+09:00,1139.331597733171,1151.1585693359375,1136.3748548324793,1151.1585693359375,263500,0.0,0.0
2021-07-14 00:00:00+09:00,1145.2450688614638,1157.072040312701,1141.3027450443847,1150.1729736328125,203100,0.0,0.0
2021-07-15 00:00:00+09:00,1144.2595600104894,1149.1874650923605,1128.4902637485015,1130.46142578125,152700,0.0,0.0
2021-07-16 00:00:00+09:00,1132.4324951171875,1140.3171426027727,1126.5190095029984,1132.4324951171875,189300,0.0,0.0
2021-07-19 00:00:00+09:00,1115.6776162144129,1122.576682745774,1104.8362259508451,1107.79296875,233100,0.0,0.0
2021-07-20 00:00:00+09:00,1091.0381786225607,1095.9660836750566,1088.0814355910634,1089.0670166015625,196100,0.0,0.0
2021-07-21 00:00:00+09:00,1099.9083399486626,1111.73531134596,1096.9515970993384,1100.8939208984375,193800,0.0,0.0
2021-07-26 00:00:00+09:00,1121.5911718148775,1121.5911718148775,1111.7353618692282,1120.6055908203125,168700,0.0,0.0
2021-07-27 00:00:00+09:00,1125.5335206993789,1130.46142578125,1117.6488725683848,1130.46142578125,212400,0.0,0.0
2021-07-28 00:00:00+09:00,1118.6343806011246,1129.475771073911,1118.6343806011246,1125.533447265625,278900,0.0,0.0
2021-07-29 00:00:00+09:00,1125.5334432319974,1136.3748336659307,1112.720890900985,1133.4180908203125,879800,0.0,0.0
2021-07-30 00:00:00+09:00,1124.5479589629592,1145.245160661664,1114.6921486302426,1123.5623779296875,392100,0.0,0.0
2021-08-02 00:00:00+09:00,1149.187370080835,1167.9134078437303,1146.2306272761673,1164.9566650390625,371200,0.0,0.0
2021-08-03 00:00:00+09:00,1153.129805372235,1180.72607421875,1150.1730622815369,1180.72607421875,283400,0.0,0.0
2021-08-04 00:00:00+09:00,1174.8125530110262,1174.8125530110262,1159.0432569974555,1162.0,303700,0.0,0.0
2021-08-05 00:00:00+09:00,1157.0721096232787,1168.8990817829715,1154.1153665833554,1162.985595703125,211400,0.0,0.0
2021-08-06 00:00:00+09:00,1168.898999576905,1176.783647128857,1166.927837688917,1173.826904296875,228700,0.0,0.0
2021-08-10 00:00:00+09:00,1181.711635985315,1191.5674461269775,1179.7404739569827,1187.6251220703125,178600,0.0,0.0
2021-08-11 00:00:00+09:00,1194.5241175063775,1207.336669921875,1187.6250508211097,1207.336669921875,288000,0.0,0.0
2021-08-12 00:00:00+09:00,1225.0771569933654,1227.0483189515205,1205.365537411815,1209.307861328125,328300,0.0,0.0
2021-08-13 00:00:00+09:00,1206.3510995428992,1219.163652070724,1205.3655185792204,1216.2069091796875,177900,0.0,0.0
2021-08-16 00:00:00+09:00,1205.3655354885411,1207.3366974435512,1179.7404300734129,1184.6683349609375,191500,0.0,0.0
2021-08-17 00:00:00+09:00,1203.3943649818157,1212.2645937163254,1198.4664601293105,1200.4376220703125,273800,0.0,0.0
2021-08-18 00:00:00+09:00,1195.509702533606,1209.3078359511414,1186.6394739080474,1199.4520263671875,169000,0.0,0.0
2021-08-19 00:00:00+09:00,1182.6971435546875,1193.538534037272,1178.7548197428384,1182.6971435546875,180200,0.0,0.0
2021-08-20 00:00:00+09:00,1183.6827097328828,1195.5096810208051,1179.7403859702422,1181.7115478515625,216800,0.0,0.0
2021-08-23 00:00:00+09:00,1200.437592556602,1209.30782107303,1195.5096878252532,1198.4664306640625,196800,0.0,0.0
2021-08-24 00:00:00+09:00,1203.3943670492256,1226.0627294096942,1202.4087860770314,1225.0771484375,287500,0.0,0.0
2021-08-25 00:00:00+09:00,1227.0482808250656,1235.9185093611504,1222.1203760827962,1223.10595703125,190200,0.0,0.0
2021-08-26 00:00:00+09:00,1224.091601286189,1227.0483442844647,1216.2069532907867,1219.1636962890625,214400,0.0,0.0
2021-08-27 00:00:00+09:00,1220.1492288930406,1229.0194575360433,1220.1492288930406,1224.091552734375,159200,0.0,0.0
2021-08-30 00:00:00+09:00,1231.9762843429662,1240.8465135902356,1230.9907033154918,1237.8897705078125,184600,0.0,0.0
2021-08-31 00:00:00+09:00,1230.0050303060414,1247.745487473917,1225.077125537187,1239.86083984375,231100,0.0,0.0
2021-09-01 00:00:00+09:00,1245.774346713362,1260.5580612708782,1239.8608608903558,1257.601318359375,302200,0.0,0.0
2021-09-02 00:00:00+09:00,1257.601358006143,1268.4427490234375,1255.6301960029987,1268.4427490234375,233100,0.0,0.0
2021-09-03 00:00:00+09:00,1267.457086360326,1280.2696385552592,1261.5436007318951,1279.2840576171875,293300,0.0,0.0
2021-09-06 00:00:00+09:00,1291.111054493382,1296.0389592815247,1285.1975687476108,1289.139892578125,203500,0.0,0.0
2021-09-07 00:00:00+09:00,1299.9813526277737,1308.8515817207608,1296.039028586446,1301.9525146484375,290200,0.0,0.0
2021-09-08 00:00:00+09:00,1298.0102106027412,1319.6929931640625,1296.0390485517119,1319.6929931640625,381800,0.0,0.0
2021-09-09 00:00:00+09:00,1302.938111167177,1332.5055418290647,1298.0102060568624,1327.57763671875,411200,0.0,0.0
2021-09-10 00:00:00+09:00,1325.6064466490363,1350.2459716796875,1319.69296064168,1350.2459716796875,506600,0.0,0.0
2021-09-13 00:00:00+09:00,1349.2603465082354,1349.2603465082354,1330.5343080979676,1347.2891845703125,446000,0.0,0.0
2021-09-14 00:00:00+09:00,1345.3180535862402,1374.8854833353882,1339.4045676364105,1373.89990234375,391500,0.0,0.0
2021-09-15 00:00:00+09:00,1351.2314788483002,1352.217059795673,1336.447764637706,1345.3179931640625,324800,0.0,0.0
2021-09-16 00:00:00+09:00,1354.188280928997,1358.1306048909446,1346.3036330051018,1349.2603759765625,346600,0.0,0.0
2021-09-17 00:00:00+09:00,1355.1738239765511,1365.0296336054716,1343.3468524218467,1363.0584716796875,423500,0.0,0.0
2021-09-21 00:00:00+09:00,1330.534365060248,1345.318080227584,1324.6208789933135,1326.592041015625,263100,0.0,0.0
2021-09-22 00:00:00+09:00,1313.7794587271555,1336.4478214808873,1309.8371347699847,1324.620849609375,343500,0.0,0.0
2021-09-24 00:00:00+09:00,1354.1882257651298,1354.1882257651298,1332.5054448576823,1337.433349609375,267500,0.0,0.0
2021-09-27 00:00:00+09:00,1329.548733488287,1335.4622193303403,1305.8947901200745,1306.88037109375,234800,0.0,0.0
2021-09-28 00:00:00+09:00,1302.9380765248493,1310.8227244917168,1289.1399425828313,1308.8515625,317600,0.0,0.0
2021-09-29 00:00:00+09:00,1289.1398669979055,1294.0677716882644,1262.529181669967,1279.2840576171875,403500,0.0,0.0
2021-09-30 00:00:00+09:00,1285.1976465217913,1298.0101997463182,1279.2841604181633,1286.1832275390625,223800,0.0,0.0
2021-10-01 00:00:00+09:00,1274.3562441029762,1279.2841491459112,1249.7167188883016,1252.6734619140625,258700,0.0,0.0
2021-10-04 00:00:00+09:00,1267.4571065493342,1274.3561732257303,1239.86083984375,1239.86083984375,232200,0.0,0.0
2021-10-05 00:00:00+09:00,1224.091611516227,1242.8176506618054,1218.1781254702548,1228.033935546875,243200,0.0,0.0
2021-10-06 00:00:00+09:00,1232.961787822987,1262.529216787567,1232.961787822987,1240.846435546875,265900,0.0,0.0
2021-10-07 00:00:00+09:00,1247.7455557001153,1257.6013657767355,1226.062773531551,1228.033935546875,232500,0.0,0.0
2021-10-08 00:00:00+09:00,1249.716645299541,1261.5436167061612,1246.7599024478857,1247.7454833984375,186400,0.0,0.0
2021-10-11 00:00:00+09:00,1243.8031661404546,1265.4859471666748,1239.8608423175053,1264.5003662109375,139500,0.0,0.0
2021-10-12 00:00:00+09:00,1263.514799979617,1268.4427048157308,1255.6301522418346,1265.4859619140625,132100,0.0,0.0
2021-10-13 00:00:00+09:00,1259.5724655330882,1263.5147893688725,1251.6878178615195,1256.61572265625,156500,0.0,0.0
2021-10-14 00:00:00+09:00,1253.6590384333463,1262.5292674788652,1250.7022954181734,1260.55810546875,126600,0.0,0.0
2021-10-15 00:00:00+09:00,1265.4859206008327,1292.096605847112,1265.4859206008327,1287.168701171875,195300,0.0,0.0
2021-10-18 00:00:00+09:00,1293.0822205528846,1295.053382474459,1274.3561822979268,1281.2552490234375,207200,0.0,0.0
2021-10-19 00:00:00+09:00,1288.1543116204964,1292.0966354510106,1278.298502044211,1289.139892578125,121300,0.0,0.0
2021-10-20 00:00:00+09:00,1285.1975962123054,1291.1110820844478,1261.5436527237355,1266.4715576171875,291900,0.0,0.0
2021-10-21 00:00:00+09:00,1255.6301857913977,1274.3562246689773,1252.6734428107272,1259.572509765625,187200,0.0,0.0
2021-10-22 00:00:00+09:00,1243.8032328367797,1261.5436909913453,1239.8609088024316,1252.6734619140625,155100,0.0,0.0
2021-10-25 00:00:00+09:00,1240.8464167445757,1257.6012929039543,1238.8752548434722,1247.7454833984375,135600,0.0,0.0
2021-10-26 00:00:00+09:00,1253.6590282049706,1264.5004191721519,1250.7022852139212,1251.6878662109375,130400,0.0,0.0
2021-10-27 00:00:00+09:00,1245.77438465729,1252.6734516609301,1238.87531765365,1243.80322265625,155000,0.0,0.0
2021-10-28 00:00:00+09:00,1234.9330082377649,1257.6013715174684,1232.9618462134426,1244.788818359375,203700,0.0,0.0
2021-10-29 00:00:00+09:00,1234.9330037594966,1260.5581099827584,1229.0195177079747,1252.6734619140625,332200,0.0,0.0
2021-11-01 00:00:00+09:00,1266.471587020293,1274.3562350328707,1258.5869390077153,1268.4427490234375,405300,0.0,0.0
2021-11-02 00:00:00+09:00,1268.442782359518,1271.3995254419413,1237.8897705078125,1237.8897705078125,275400,0.0,0.0
2021-11-04 00:00:00+09:00,1246.7599758625406,1252.6734619140625,1235.9185847680837,1252.6734619140625,223900,0.0,0.0
2021-11-05 00:00:00+09:00,1238.875258889979,1241.8320017512917,1232.9617731673538,1239.86083984375,144800,0.0,0.0
2021-11-08 00:00:00+09:00,1246.7599849624937,1249.7167280098356,1230.9906887100037,1236.9041748046875,189500,0.0,0.0
2021-11-09 00:00:00+09:00,1236.9041794055734,1246.75998960004,1229.01953125,1229.01953125,302100,0.0,0.0
2021-11-10 00:00:00+09:00,1230.0050088205644,1236.904075376449,1217.1924566453504,1222.120361328125,182200,0.0,0.0
2021-11-11 00:00:00+09:00,1222.120401335182,1237.889696836281,1222.120401335182,1232.9617919921875,156400,0.0,0.0
2021-11-12 00:00:00+09:00,1233.9473709629333,1266.4715428812854,1233.9473709629333,1265.4859619140625,268500,0.0,0.0
2021-11-15 00:00:00+09:00,1265.4860399590164,1271.399526127049,1258.5869727629781,1262.529296875,173600,0.0,0.0
2021-11-16 00:00:00+09:00,1262.5291976567128,1266.4715214589196,1247.7454833984375,1247.7454833984375,176200,0.0,0.0
2021-11-17 00:00:00+09:00,1247.745498139367,1256.6157267991257,1244.788755252781,1248.7310791015625,214400,0.0,0.0
2021-11-18 00:00:00+09:00,1241.8319869667362,1250.7022154450701,1235.9185013145136,1238.875244140625,206300,0.0,0.0
2021-11-19 00:00:00+09:00,1241.8320228313578,1259.5724803003773,1241.8320228313578,1257.601318359375,181400,0.0,0.0
2021-11-22 00:00:00+09:00,1241.8320798835907,1245.7744039467132,1230.9906887100037,1236.9041748046875,168900,0.0,0.0
2021-11-24 00:00:00+09:00,1240.8464439926086,1254.6445776033286,1223.1059864931115,1225.0771484375,175900,0.0,0.0
2021-11-25 00:00:00+09:00,1229.01950764845,1250.70228965989,1229.01950764845,1243.80322265625,146400,0.0,0.0
2021-11-26 00:00:00+09:00,1243.8032212746944,1243.8032212746944,1215.2213722913614,1219.1636962890625,179700,0.0,0.0
2021-11-29 00:00:00+09:00,1198.4664579840737,1198.4664579840737,1175.798095703125,1175.798095703125,278800,0.0,0.0
2021-11-30 00:00:00+09:00,1193.538546607608,1209.307842021086,1159.043212890625,1159.043212890625,377600,0.0,0.0
2021-12-01 00:00:00+09:00,1156.0865286099709,1171.8558248228946,1144.259556450278,1162.985595703125,313900,0.0,0.0
2021-12-02 00:00:00+09:00,1148.2018327028943,1176.783680898932,1148.2018327028943,1167.9134521484375,284600,0.0,0.0
2021-12-03 00:00:00+09:00,1174.8125599854116,1204.3799901863867,1170.870235958615,1203.3944091796875,289700,0.0,0.0
2021-12-06 00:00:00+09:00,1210.2934807811212,1216.2069668435697,1190.5818605729596,1195.509765625,187500,0.0,0.0
2021-12-07 00:00:00+09:00,1218.1780877976191,1244.7887741815475,1211.2790209573413,1241.83203125,213900,0.0,0.0
2021-12-08 00:00:00+09:00,1241.8319760836089,1247.745461684007,1230.0050048828125,1230.0050048828125,153600,0.0,0.0
2021-12-09 00:00:00+09:00,1215.2214061944685,1231.9762836521375,1213.250244140625,1213.250244140625,110000,0.0,0.0
2021-12-10 00:00:00+09:00,1217.1925283963562,1224.0915953589267,1199.4520704926038,1202.4088134765625,130700,0.0,0.0
2021-12-13 00:00:00+09:00,1210.2933871045525,1215.2212917751735,1193.5385112244405,1197.4808349609375,95100,0.0,0.0
2021-12-14 00:00:00+09:00,1188.6106839321626,1204.3799799047288,1187.6251029338773,1194.524169921875,145800,0.0,0.0
2021-12-15 00:00:00+09:00,1188.6106883711197,1208.3223084104418,1185.6539453652213,1186.6395263671875,126500,0.0,0.0
2021-12-16 00:00:00+09:00,1209.3078359511414,1209.3078359511414,1198.4664454087922,1199.4520263671875,142300,0.0,0.0
2021-12-17 00:00:00+09:00,1202.408777597445,1205.3655204931763,1179.7404153968373,1183.6827392578125,193000,0.0,0.0
2021-12-20 00:00:00+09:00,1163.9711710437043,1171.8558191117395,1146.230712890625,1146.230712890625,160300,0.0,0.0
2021-12-21 00:00:00+09:00,1162.0000146898174,1168.8990817829715,1153.1297855700477,1162.985595703125,197100,0.0,0.0
2021-12-22 00:00:00+09:00,1164.9567623203525,1168.8990863891186,1150.17304706248,1155.1009521484375,113700,0.0,0.0
2021-12-23 00:00:00+09:00,1154.1152933843084,1162.9855219414894,1154.1152933843084,1158.0576171875,97300,0.0,0.0
2021-12-24 00:00:00+09:00,1165.9422796340216,1165.9422796340216,1158.0576319272827,1159.043212890625,99300,0.0,0.0
2021-12-27 00:00:00+09:00,1154.1152678002616,1160.0287533739606,1148.2017822265625,1148.2017822265625,131700,0.0,0.0
2021-12-28 00:00:00+09:00,1150.173027989822,1165.9423240033927,1150.173027989822,1162.0,181800,0.0,0.0
2021-12-29 00:00:00+09:00,1170.0,1178.0,1161.0,1166.0,138300,17.0,0.0
2021-12-30 00:00:00+09:00,1155.0,1167.0,1152.0,1156.0,127100,0.0,0.0
2022-01-04 00:00:00+09:00,1163.0,1175.0,1149.0,1173.0,185900,0.0,0.0
2022-01-05 00:00:00+09:00,1185.0,1191.0,1174.0,1186.0,228900,0.0,0.0
2022-01-06 00:00:00+09:00,1177.0,1196.0,1175.0,1177.0,211500,0.0,0.0
2022-01-07 00:00:00+09:00,1189.0,1198.0,1174.0,1177.0,176500,0.0,0.0
2022-01-11 00:00:00+09:00,1178.0,1183.0,1167.0,1177.0,143000,0.0,0.0
2022-01-12 00:00:00+09:00,1183.0,1195.0,1183.0,1191.0,153700,0.0,0.0
2022-01-13 00:00:00+09:00,1189.0,1191.0,1173.0,1176.0,174600,0.0,0.0
2022-01-14 00:00:00+09:00,1167.0,1167.0,1119.0,1126.0,420800,0.0,0.0
2022-01-17 00:00:00+09:00,1137.0,1148.0,1130.0,1134.0,123100,0.0,0.0
2022-01-18 00:00:00+09:00,1134.0,1136.0,1116.0,1119.0,162500,0.0,0.0
2022-01-19 00:00:00+09:00,1112.0,1123.0,1101.0,1103.0,290000,0.0,0.0
2022-01-20 00:00:00+09:00,1100.0,1127.0,1100.0,1114.0,224400,0.0,0.0
2022-01-21 00:00:00+09:00,1101.0,1114.0,1097.0,1109.0,188400,0.0,0.0
2022-01-24 00:00:00+09:00,1108.0,1133.0,1106.0,1131.0,185700,0.0,0.0
2022-01-25 00:00:00+09:00,1125.0,1136.0,1115.0,1131.0,226000,0.0,0.0
2022-01-26 00:00:00+09:00,1130.0,1134.0,1117.0,1117.0,172600,0.0,0.0
2022-01-27 00:00:00+09:00,1129.0,1139.0,1097.0,1104.0,236100,0.0,0.0
2022-01-28 00:00:00+09:00,1115.0,1130.0,1113.0,1130.0,367500,0.0,0.0
2022-01-31 00:00:00+09:00,1120.0,1130.0,1107.0,1125.0,186200,0.0,0.0
2022-02-01 00:00:00+09:00,1117.0,1129.0,1113.0,1113.0,224800,0.0,0.0
2022-02-02 00:00:00+09:00,1109.0,1135.0,1109.0,1134.0,204600,0.0,0.0
2022-02-03 00:00:00+09:00,1127.0,1138.0,1127.0,1128.0,132800,0.0,0.0
2022-02-04 00:00:00+09:00,1127.0,1145.0,1127.0,1142.0,142800,0.0,0.0
2022-02-07 00:00:00+09:00,1130.0,1140.0,1120.0,1128.0,122900,0.0,0.0
2022-02-08 00:00:00+09:00,1144.0,1150.0,1120.0,1125.0,155000,0.0,0.0
2022-02-09 00:00:00+09:00,1126.0,1128.0,1119.0,1122.0,180900,0.0,0.0
2022-02-10 00:00:00+09:00,1136.0,1136.0,1115.0,1118.0,166800,0.0,0.0
2022-02-14 00:00:00+09:00,1108.0,1110.0,1091.0,1096.0,237200,0.0,0.0
2022-02-15 00:00:00+09:00,1096.0,1109.0,1094.0,1098.0,260700,0.0,0.0
2022-02-16 00:00:00+09:00,1108.0,1120.0,1108.0,1117.0,241600,0.0,0.0
2022-02-17 00:00:00+09:00,1128.0,1128.0,1102.0,1108.0,187100,0.0,0.0
2022-02-18 00:00:00+09:00,1096.0,1108.0,1091.0,1094.0,205600,0.0,0.0
2022-02-21 00:00:00+09:00,1072.0,1079.0,1067.0,1074.0,172600,0.0,0.0
2022-02-22 00:00:00+09:00,1061.0,1074.0,1059.0,1069.0,239100,0.0,0.0
2022-02-24 00:00:00+09:00,1071.0,1081.0,1067.0,1077.0,257700,0.0,0.0
2022-02-25 00:00:00+09:00,1077.0,1081.0,1062.0,1072.0,293500,0.0,0.0
2022-02-28 00:00:00+09:00,1092.0,1095.0,1082.0,1093.0,292200,0.0,0.0
2022-03-01 00:00:00+09:00,1109.0,1114.0,1099.0,1099.0,296900,0.0,0.0
2022-03-02 00:00:00+09:00,1075.0,1091.0,1075.0,1077.0,237600,0.0,0.0
2022-03-03 00:00:00+09:00,1091.0,1091.0,1080.0,1085.0,314800,0.0,0.0
2022-03-04 00:00:00+09:00,1083.0,1083.0,1057.0,1059.0,264600,0.0,0.0
2022-03-07 00:00:00+09:00,1050.0,1052.0,1040.0,1042.0,245400,0.0,0.0
2022-03-08 00:00:00+09:00,1020.0,1039.0,1019.0,1023.0,264200,0.0,0.0
2022-03-09 00:00:00+09:00,1031.0,1032.0,1004.0,1005.0,279700,0.0,0.0
2022-03-10 00:00:00+09:00,1026.0,1058.0,1020.0,1058.0,466800,0.0,0.0
2022-03-11 00:00:00+09:00,1042.0,1053.0,1039.0,1045.0,303500,0.0,0.0
2022-03-14 00:00:00+09:00,1062.0,1074.0,1053.0,1067.0,189000,0.0,0.0
2022-03-15 00:00:00+09:00,1057.0,1092.0,1056.0,1089.0,182300,0.0,0.0
2022-03-16 00:00:00+09:00,1095.0,1100.0,1076.0,1081.0,218000,0.0,0.0
2022-03-17 00:00:00+09:00,1106.0,1113.0,1087.0,1095.0,363100,0.0,0.0
2022-03-18 00:00:00+09:00,1081.0,1094.0,1076.0,1084.0,499800,0.0,0.0
2022-03-22 00:00:00+09:00,1098.0,1102.0,1077.0,1081.0,271500,0.0,0.0
2022-03-23 00:00:00+09:00,1086.0,1111.0,1086.0,1108.0,301600,0.0,0.0
2022-03-24 00:00:00+09:00,1097.0,1098.0,1082.0,1096.0,318700,0.0,0.0
2022-03-25 00:00:00+09:00,1108.0,1128.0,1106.0,1119.0,261500,0.0,0.0
2022-03-28 00:00:00+09:00,1113.0,1117.0,1093.0,1101.0,179000,0.0,0.0
2022-03-29 00:00:00+09:00,1104.0,1118.0,1100.0,1118.0,257500,0.0,0.0
2022-03-30 00:00:00+09:00,1119.0,1123.0,1094.0,1102.0,224100,0.0,0.0
2022-03-31 00:00:00+09:00,1084.0,1098.0,1074.0,1079.0,236800,0.0,0.0
2022-04-01 00:00:00+09:00,1074.0,1093.0,1063.0,1087.0,192200,0.0,0.0
2022-04-04 00:00:00+09:00,1094.0,1124.0,1094.0,1117.0,210400,0.0,0.0
2022-04-05 00:00:00+09:00,1126.0,1131.0,1111.0,1112.0,264900,0.0,0.0
2022-04-06 00:00:00+09:00,1106.0,1107.0,1076.0,1076.0,184300,0.0,0.0
2022-04-07 00:00:00+09:00,1065.0,1070.0,1054.0,1066.0,167600,0.0,0.0
2022-04-08 00:00:00+09:00,1074.0,1086.0,1069.0,1074.0,209900,0.0,0.0
2022-04-11 00:00:00+09:00,1077.0,1091.0,1074.0,1080.0,228400,0.0,0.0
2022-04-12 00:00:00+09:00,1080.0,1084.0,1066.0,1069.0,323100,0.0,0.0
2022-04-13 00:00:00+09:00,1074.0,1085.0,1073.0,1079.0,378800,0.0,0.0
2022-04-14 00:00:00+09:00,1079.0,1090.0,1079.0,1085.0,125600,0.0,0.0
2022-04-15 00:00:00+09:00,1075.0,1078.0,1065.0,1067.0,140400,0.0,0.0
2022-04-18 00:00:00+09:00,1050.0,1060.0,1035.0,1048.0,107500,0.0,0.0
2022-04-19 00:00:00+09:00,1074.0,1075.0,1057.0,1064.0,132700,0.0,0.0
2022-04-20 00:00:00+09:00,1079.0,1086.0,1074.0,1080.0,134500,0.0,0.0
2022-04-21 00:00:00+09:00,1099.0,1101.0,1089.0,1092.0,188500,0.0,0.0
2022-04-22 00:00:00+09:00,1075.0,1080.0,1068.0,1078.0,145300,0.0,0.0
2022-04-25 00:00:00+09:00,1064.0,1072.0,1055.0,1070.0,179200,0.0,0.0
2022-04-26 00:00:00+09:00,1079.0,1079.0,1066.0,1066.0,273700,0.0,0.0
2022-04-27 00:00:00+09:00,1056.0,1057.0,1031.0,1035.0,679300,0.0,0.0
2022-04-28 00:00:00+09:00,1039.0,1087.0,1033.0,1069.0,385400,0.0,0.0
2022-05-02 00:00:00+09:00,1066.0,1080.0,1047.0,1053.0,192900,0.0,0.0
2022-05-06 00:00:00+09:00,1061.0,1065.0,1051.0,1057.0,221900,0.0,0.0
2022-05-09 00:00:00+09:00,1045.0,1053.0,1039.0,1039.0,195500,0.0,0.0
2022-05-10 00:00:00+09:00,1028.0,1045.0,1021.0,1044.0,164600,0.0,0.0
2022-05-11 00:00:00+09:00,1029.0,1040.0,1024.0,1034.0,190800,0.0,0.0
2022-05-12 00:00:00+09:00,1026.0,1030.0,1015.0,1015.0,195700,0.0,0.0
2022-05-13 00:00:00+09:00,1013.0,1023.0,1006.0,1021.0,254000,0.0,0.0
2022-05-16 00:00:00+09:00,1039.0,1042.0,1009.0,1010.0,172200,0.0,0.0
2022-05-17 00:00:00+09:00,1008.0,1018.0,1002.0,1005.0,94100,0.0,0.0
2022-05-18 00:00:00+09:00,1002.0,1008.0,997.0,1002.0,185300,0.0,0.0
2022-05-19 00:00:00+09:00,980.0,990.0,973.0,988.0,254200,0.0,0.0
2022-05-20 00:00:00+09:00,985.0,1001.0,983.0,998.0,177400,0.0,0.0
2022-05-23 00:00:00+09:00,1011.0,1014.0,996.0,996.0,164300,0.0,0.0
2022-05-24 00:00:00+09:00,998.0,1003.0,983.0,985.0,179600,0.0,0.0
2022-05-25 00:00:00+09:00,990.0,997.0,987.0,989.0,202700,0.0,0.0
2022-05-26 00:00:00+09:00,984.0,1002.0,984.0,988.0,229300,0.0,0.0
2022-05-27 00:00:00+09:00,1006.0,1012.0,997.0,1005.0,236100,0.0,0.0
2022-05-30 00:00:00+09:00,1016.0,1036.0,1014.0,1033.0,609100,0.0,0.0
2022-05-31 00:00:00+09:00,1033.0,1037.0,1020.0,1024.0,380800,0.0,0.0
2022-06-01 00:00:00+09:00,1024.0,1053.0,1024.0,1047.0,261100,0.0,0.0
2022-06-02 00:00:00+09:00,1045.0,1048.0,1038.0,1045.0,154800,0.0,0.0
2022-06-03 00:00:00+09:00,1060.0,1065.0,1047.0,1051.0,203900,0.0,0.0
2022-06-06 00:00:00+09:00,1040.0,1048.0,1036.0,1046.0,158300,0.0,0.0
2022-06-07 00:00:00+09:00,1055.0,1066.0,1054.0,1056.0,156900,0.0,0.0
2022-06-08 00:00:00+09:00,1057.0,1075.0,1057.0,1065.0,196400,0.0,0.0
2022-06-09 00:00:00+09:00,1065.0,1072.0,1061.0,1061.0,219600,0.0,0.0
2022-06-10 00:00:00+09:00,1052.0,1063.0,1045.0,1056.0,200500,0.0,0.0
2022-06-13 00:00:00+09:00,1035.0,1044.0,1027.0,1038.0,217100,0.0,0.0
2022-06-14 00:00:00+09:00,1022.0,1039.0,1022.0,1034.0,161600,0.0,0.0
2022-06-15 00:00:00+09:00,1030.0,1039.0,1030.0,1031.0,159700,0.0,0.0
2022-06-16 00:00:00+09:00,1035.0,1050.0,1032.0,1036.0,178700,0.0,0.0
2022-06-17 00:00:00+09:00,1010.0,1023.0,1005.0,1020.0,262600,0.0,0.0
2022-06-20 00:00:00+09:00,1023.0,1026.0,998.0,999.0,202800,0.0,0.0
2022-06-21 00:00:00+09:00,1022.0,1025.0,1009.0,1019.0,299700,0.0,0.0
2022-06-22 00:00:00+09:00,1026.0,1030.0,1012.0,1014.0,273100,0.0,0.0
2022-06-23 00:00:00+09:00,1012.0,1021.0,1008.0,1011.0,283800,0.0,0.0
2022-06-24 00:00:00+09:00,1014.0,1035.0,1007.0,1034.0,428700,0.0,0.0
2022-06-27 00:00:00+09:00,1040.0,1045.0,1029.0,1038.0,212700,0.0,0.0
2022-06-28 00:00:00+09:00,1041.0,1057.0,1038.0,1054.0,414800,0.0,0.0
2022-06-29 00:00:00+09:00,1035.0,1036.0,1023.0,1029.0,681500,0.0,0.0
2022-06-30 00:00:00+09:00,1032.0,1036.0,1007.0,1009.0,407900,0.0,0.0
2022-07-01 00:00:00+09:00,1023.0,1037.0,1021.0,1028.0,511700,0.0,0.0
2022-07-04 00:00:00+09:00,1045.0,1050.0,1037.0,1042.0,207600,0.0,0.0
2022-07-05 00:00:00+09:00,1044.0,1044.0,1033.0,1035.0,172000,0.0,0.0
2022-07-06 00:00:00+09:00,1020.0,1030.0,1019.0,1024.0,298700,0.0,0.0
2022-07-07 00:00:00+09:00,1032.0,1037.0,1022.0,1034.0,334600,0.0,0.0
2022-07-08 00:00:00+09:00,1033.0,1051.0,1032.0,1037.0,436600,0.0,0.0
2022-07-11 00:00:00+09:00,1055.0,1065.0,1053.0,1061.0,298800,0.0,0.0
2022-07-12 00:00:00+09:00,1048.0,1053.0,1035.0,1035.0,224500,0.0,0.0
2022-07-13 00:00:00+09:00,1037.0,1046.0,1034.0,1034.0,228400,0.0,0.0
2022-07-14 00:00:00+09:00,1030.0,1035.0,1027.0,1035.0,176300,0.0,0.0
2022-07-15 00:00:00+09:00,1027.0,1027.0,1015.0,1023.0,455200,0.0,0.0
2022-07-19 00:00:00+09:00,1030.0,1037.0,1028.0,1034.0,266300,0.0,0.0
2022-07-20 00:00:00+09:00,1059.0,1067.0,1052.0,1067.0,221800,0.0,0.0
2022-07-21 00:00:00+09:00,1057.0,1072.0,1055.0,1069.0,159200,0.0,0.0
2022-07-22 00:00:00+09:00,1071.0,1079.0,1067.0,1076.0,199100,0.0,0.0
2022-07-25 00:00:00+09:00,1071.0,1072.0,1059.0,1061.0,185500,0.0,0.0
2022-07-26 00:00:00+09:00,1066.0,1069.0,1057.0,1060.0,202700,0.0,0.0
2022-07-27 00:00:00+09:00,1052.0,1062.0,1043.0,1062.0,225000,0.0,0.0
2022-07-28 00:00:00+09:00,1061.0,1063.0,1048.0,1059.0,1002900,0.0,0.0
2022-07-29 00:00:00+09:00,1067.0,1067.0,1028.0,1029.0,426000,0.0,0.0
2022-08-01 00:00:00+09:00,1042.0,1074.0,1038.0,1074.0,350800,0.0,0.0
2022-08-02 00:00:00+09:00,1057.0,1073.0,1055.0,1058.0,298800,0.0,0.0
2022-08-03 00:00:00+09:00,1062.0,1069.0,1055.0,1064.0,241900,0.0,0.0
2022-08-04 00:00:00+09:00,1068.0,1068.0,1045.0,1051.0,205000,0.0,0.0
2022-08-05 00:00:00+09:00,1043.0,1074.0,1043.0,1071.0,257700,0.0,0.0
2022-08-08 00:00:00+09:00,1071.0,1080.0,1067.0,1078.0,134400,0.0,0.0
2022-08-09 00:00:00+09:00,1079.0,1081.0,1068.0,1072.0,111100,0.0,0.0
2022-08-10 00:00:00+09:00,1072.0,1078.0,1067.0,1078.0,104200,0.0,0.0
2022-08-12 00:00:00+09:00,1088.0,1116.0,1088.0,1109.0,283800,0.0,0.0
2022-08-15 00:00:00+09:00,1116.0,1118.0,1093.0,1094.0,247900,0.0,0.0
2022-08-16 00:00:00+09:00,1108.0,1108.0,1093.0,1099.0,193100,0.0,0.0
2022-08-17 00:00:00+09:00,1118.0,1123.0,1108.0,1119.0,339300,0.0,0.0
2022-08-18 00:00:00+09:00,1119.0,1121.0,1104.0,1105.0,145200,0.0,0.0
2022-08-19 00:00:00+09:00,1122.0,1125.0,1112.0,1113.0,146300,0.0,0.0
2022-08-22 00:00:00+09:00,1106.0,1116.0,1100.0,1107.0,143400,0.0,0.0
2022-08-23 00:00:00+09:00,1100.0,1107.0,1093.0,1101.0,117500,0.0,0.0
2022-08-24 00:00:00+09:00,1103.0,1113.0,1103.0,1106.0,119300,0.0,0.0
2022-08-25 00:00:00+09:00,1114.0,1120.0,1108.0,1114.0,104600,0.0,0.0
2022-08-26 00:00:00+09:00,1116.0,1122.0,1115.0,1118.0,111900,0.0,0.0
2022-08-29 00:00:00+09:00,1093.0,1103.0,1092.0,1102.0,161300,0.0,0.0
2022-08-30 00:00:00+09:00,1108.0,1111.0,1102.0,1106.0,125500,0.0,0.0
2022-08-31 00:00:00+09:00,1090.0,1093.0,1083.0,1089.0,222200,0.0,0.0
2022-09-01 00:00:00+09:00,1080.0,1088.0,1080.0,1085.0,180000,0.0,0.0
2022-09-02 00:00:00+09:00,1096.0,1096.0,1075.0,1085.0,254200,0.0,0.0
2022-09-05 00:00:00+09:00,1084.0,1088.0,1076.0,1084.0,213000,0.0,0.0
2022-09-06 00:00:00+09:00,1092.0,1093.0,1082.0,1086.0,153000,0.0,0.0
2022-09-07 00:00:00+09:00,1086.0,1090.0,1082.0,1089.0,176200,0.0,0.0
2022-09-08 00:00:00+09:00,1107.0,1120.0,1107.0,1117.0,233900,0.0,0.0
2022-09-09 00:00:00+09:00,1116.0,1130.0,1115.0,1129.0,223400,0.0,0.0
2022-09-12 00:00:00+09:00,1133.0,1137.0,1128.0,1132.0,154000,0.0,0.0
2022-09-13 00:00:00+09:00,1129.0,1138.0,1124.0,1137.0,195000,0.0,0.0
2022-09-14 00:00:00+09:00,1121.0,1121.0,1109.0,1109.0,128200,0.0,0.0
2022-09-15 00:00:00+09:00,1109.0,1109.0,1099.0,1107.0,124900,0.0,0.0
2022-09-16 00:00:00+09:00,1100.0,1111.0,1097.0,1100.0,139600,0.0,0.0
2022-09-20 00:00:00+09:00,1108.0,1122.0,1106.0,1109.0,130900,0.0,0.0
2022-09-21 00:00:00+09:00,1105.0,1105.0,1095.0,1100.0,146600,0.0,0.0
2022-09-22 00:00:00+09:00,1089.0,1101.0,1089.0,1100.0,167000,0.0,0.0
2022-09-26 00:00:00+09:00,1092.0,1092.0,1059.0,1063.0,283500,0.0,0.0
2022-09-27 00:00:00+09:00,1074.0,1076.0,1059.0,1063.0,190900,0.0,0.0
2022-09-28 00:00:00+09:00,1055.0,1063.0,1050.0,1063.0,165800,0.0,0.0
2022-09-29 00:00:00+09:00,1083.0,1093.0,1074.0,1086.0,162900,0.0,0.0
2022-09-30 00:00:00+09:00,1078.0,1086.0,1070.0,1079.0,177500,0.0,0.0
2022-10-03 00:00:00+09:00,1077.0,1084.0,1070.0,1077.0,138000,0.0,0.0
2022-10-04 00:00:00+09:00,1095.0,1121.0,1094.0,1114.0,231700,0.0,0.0
2022-10-05 00:00:00+09:00,1142.0,1153.0,1131.0,1138.0,314000,0.0,0.0
2022-10-06 00:00:00+09:00,1141.0,1156.0,1141.0,1145.0,260700,0.0,0.0
2022-10-07 00:00:00+09:00,1134.0,1148.0,1132.0,1141.0,194600,0.0,0.0
2022-10-11 00:00:00+09:00,1137.0,1141.0,1125.0,1131.0,244300,0.0,0.0
2022-10-12 00:00:00+09:00,1131.0,1138.0,1122.0,1122.0,229600,0.0,0.0
2022-10-13 00:00:00+09:00,1118.0,1122.0,1107.0,1119.0,181600,0.0,0.0
2022-10-14 00:00:00+09:00,1149.0,1149.0,1131.0,1138.0,218600,0.0,0.0
2022-10-17 00:00:00+09:00,1133.0,1133.0,1119.0,1120.0,149400,0.0,0.0
2022-10-18 00:00:00+09:00,1140.0,1141.0,1130.0,1134.0,158200,0.0,0.0
2022-10-19 00:00:00+09:00,1136.0,1146.0,1136.0,1139.0,131800,0.0,0.0
2022-10-20 00:00:00+09:00,1132.0,1144.0,1132.0,1133.0,153900,0.0,0.0
2022-10-21 00:00:00+09:00,1136.0,1141.0,1131.0,1131.0,180700,0.0,0.0
2022-10-24 00:00:00+09:00,1149.0,1153.0,1139.0,1143.0,256000,0.0,0.0
2022-10-25 00:00:00+09:00,1153.0,1156.0,1149.0,1154.0,178600,0.0,0.0
2022-10-26 00:00:00+09:00,1155.0,1160.0,1151.0,1153.0,215500,0.0,0.0
2022-10-27 00:00:00+09:00,1155.0,1157.0,1141.0,1143.0,197200,0.0,0.0
2022-10-28 00:00:00+09:00,1131.0,1146.0,1127.0,1127.0,960000,0.0,0.0
2022-10-31 00:00:00+09:00,1138.0,1151.0,1120.0,1143.0,409000,0.0,0.0
2022-11-01 00:00:00+09:00,1157.0,1174.0,1149.0,1150.0,235500,0.0,0.0
2022-11-02 00:00:00+09:00,1145.0,1157.0,1142.0,1144.0,515400,0.0,0.0
2022-11-04 00:00:00+09:00,1140.0,1147.0,1137.0,1140.0,289000,0.0,0.0
2022-11-07 00:00:00+09:00,1146.0,1154.0,1145.0,1149.0,172500,0.0,0.0
2022-11-08 00:00:00+09:00,1154.0,1169.0,1150.0,1166.0,189900,0.0,0.0
2022-11-09 00:00:00+09:00,1168.0,1175.0,1165.0,1170.0,162000,0.0,0.0
2022-11-10 00:00:00+09:00,1161.0,1164.0,1153.0,1158.0,171000,0.0,0.0
2022-11-11 00:00:00+09:00,1176.0,1177.0,1160.0,1164.0,210400,0.0,0.0
2022-11-14 00:00:00+09:00,1153.0,1155.0,1138.0,1138.0,192800,0.0,0.0
2022-11-15 00:00:00+09:00,1138.0,1144.0,1136.0,1141.0,120800,0.0,0.0
2022-11-16 00:00:00+09:00,1138.0,1143.0,1127.0,1142.0,136400,0.0,0.0
2022-11-17 00:00:00+09:00,1143.0,1156.0,1142.0,1150.0,133500,0.0,0.0
2022-11-18 00:00:00+09:00,1151.0,1153.0,1145.0,1145.0,147300,0.0,0.0
2022-11-21 00:00:00+09:00,1150.0,1157.0,1143.0,1146.0,147400,0.0,0.0
2022-11-22 00:00:00+09:00,1151.0,1168.0,1151.0,1166.0,241300,0.0,0.0
2022-11-24 00:00:00+09:00,1176.0,1184.0,1173.0,1178.0,160300,0.0,0.0
2022-11-25 00:00:00+09:00,1182.0,1187.0,1176.0,1184.0,112900,0.0,0.0
2022-11-28 00:00:00+09:00,1179.0,1180.0,1170.0,1178.0,206500,0.0,0.0
2022-11-29 00:00:00+09:00,1176.0,1181.0,1166.0,1173.0,134100,0.0,0.0
2022-11-30 00:00:00+09:00,1171.0,1179.0,1168.0,1177.0,284600,0.0,0.0
2022-12-01 00:00:00+09:00,1179.0,1180.0,1151.0,1165.0,204700,0.0,0.0
2022-12-02 00:00:00+09:00,1159.0,1159.0,1130.0,1137.0,223200,0.0,0.0
2022-12-05 00:00:00+09:00,1143.0,1144.0,1117.0,1126.0,191100,0.0,0.0
2022-12-06 00:00:00+09:00,1120.0,1137.0,1120.0,1131.0,120600,0.0,0.0
2022-12-07 00:00:00+09:00,1128.0,1142.0,1124.0,1128.0,82000,0.0,0.0
2022-12-08 00:00:00+09:00,1125.0,1128.0,1116.0,1127.0,187400,0.0,0.0
2022-12-09 00:00:00+09:00,1122.0,1136.0,1122.0,1130.0,139500,0.0,0.0
2022-12-12 00:00:00+09:00,1125.0,1134.0,1124.0,1130.0,148500,0.0,0.0
2022-12-13 00:00:00+09:00,1141.0,1143.0,1130.0,1130.0,109600,0.0,0.0
2022-12-14 00:00:00+09:00,1138.0,1140.0,1132.0,1137.0,78800,0.0,0.0
2022-12-15 00:00:00+09:00,1134.0,1150.0,1134.0,1140.0,105500,0.0,0.0
2022-12-16 00:00:00+09:00,1134.0,1143.0,1124.0,1129.0,240900,0.0,0.0
2022-12-19 00:00:00+09:00,1121.0,1130.0,1121.0,1123.0,67000,0.0,0.0
2022-12-20 00:00:00+09:00,1129.0,1132.0,1104.0,1113.0,158400,0.0,0.0
2022-12-21 00:00:00+09:00,1110.0,1122.0,1107.0,1107.0,168800,0.0,0.0
2022-12-22 00:00:00+09:00,1111.0,1125.0,1110.0,1123.0,143900,0.0,0.0
2022-12-23 00:00:00+09:00,1121.0,1125.0,1118.0,1122.0,125400,0.0,0.0
2022-12-26 00:00:00+09:00,1133.0,1136.0,1127.0,1134.0,102900,0.0,0.0
2022-12-27 00:00:00+09:00,1134.0,1137.0,1126.0,1129.0,65100,0.0,0.0
2022-12-28 00:00:00+09:00,1124.0,1128.0,1120.0,1122.0,158700,0.0,0.0
2022-12-29 00:00:00+09:00,1095.0,1109.0,1090.0,1109.0,189000,0.0,0.0
2022-12-30 00:00:00+09:00,1109.0,1121.0,1109.0,1112.0,145500,0.0,0.0
2023-01-04 00:00:00+09:00,1108.0,1112.0,1101.0,1102.0,143700,0.0,0.0
2023-01-05 00:00:00+09:00,1101.0,1106.0,1091.0,1104.0,133800,0.0,0.0
2023-01-06 00:00:00+09:00,1104.0,1115.0,1099.0,1113.0,152300,0.0,0.0
2023-01-10 00:00:00+09:00,1117.0,1122.0,1104.0,1108.0,133600,0.0,0.0
2023-01-11 00:00:00+09:00,1114.0,1118.0,1112.0,1116.0,107600,0.0,0.0
2023-01-12 00:00:00+09:00,1114.0,1118.0,1110.0,1113.0,90000,0.0,0.0
2023-01-13 00:00:00+09:00,1111.0,1119.0,1106.0,1109.0,138200,0.0,0.0
2023-01-16 00:00:00+09:00,1103.0,1106.0,1093.0,1093.0,109900,0.0,0.0
2023-01-17 00:00:00+09:00,1097.0,1111.0,1095.0,1111.0,105300,0.0,0.0
2023-01-18 00:00:00+09:00,1114.0,1133.0,1106.0,1116.0,200400,0.0,0.0
2023-01-19 00:00:00+09:00,1135.0,1144.0,1129.0,1140.0,194900,0.0,0.0
2023-01-20 00:00:00+09:00,1136.0,1149.0,1129.0,1140.0,132100,0.0,0.0
2023-01-23 00:00:00+09:00,1147.0,1155.0,1137.0,1152.0,124500,0.0,0.0
2023-01-24 00:00:00+09:00,1157.0,1166.0,1151.0,1164.0,150700,0.0,0.0
2023-01-25 00:00:00+09:00,1160.0,1176.0,1159.0,1175.0,86900,0.0,0.0
2023-01-26 00:00:00+09:00,1178.0,1179.0,1168.0,1175.0,91100,0.0,0.0
2023-01-27 00:00:00+09:00,1178.0,1179.0,1166.0,1172.0,88300,0.0,0.0
2023-01-30 00:00:00+09:00,1172.0,1178.0,1162.0,1169.0,294200,0.0,0.0
2023-01-31 00:00:00+09:00,1176.0,1183.0,1173.0,1175.0,106100,0.0,0.0
2023-02-01 00:00:00+09:00,1179.0,1187.0,1176.0,1179.0,109300,0.0,0.0
2023-02-02 00:00:00+09:00,1180.0,1181.0,1148.0,1149.0,156700,0.0,0.0
2023-02-03 00:00:00+09:00,1133.0,1139.0,1125.0,1132.0,132200,0.0,0.0
2023-02-06 00:00:00+09:00,1143.0,1147.0,1130.0,1138.0,161700,0.0,0.0
2023-02-07 00:00:00+09:00,1140.0,1142.0,1132.0,1133.0,99900,0.0,0.0
2023-02-08 00:00:00+09:00,1136.0,1145.0,1135.0,1137.0,88500,0.0,0.0
2023-02-09 00:00:00+09:00,1131.0,1166.0,1131.0,1161.0,144000,0.0,0.0
2023-02-10 00:00:00+09:00,1146.0,1250.0,1145.0,1179.0,514700,0.0,0.0
2023-02-13 00:00:00+09:00,1180.0,1186.0,1126.0,1146.0,274300,0.0,0.0
2023-02-14 00:00:00+09:00,1154.0,1171.0,1148.0,1164.0,177800,0.0,0.0
2023-02-15 00:00:00+09:00,1165.0,1179.0,1155.0,1162.0,145500,0.0,0.0
2023-02-16 00:00:00+09:00,1168.0,1178.0,1161.0,1163.0,110600,0.0,0.0
2023-02-17 00:00:00+09:00,1162.0,1192.0,1159.0,1186.0,142800,0.0,0.0
2023-02-20 00:00:00+09:00,1197.0,1232.0,1195.0,1225.0,295200,0.0,0.0
2023-02-21 00:00:00+09:00,1224.0,1261.0,1220.0,1249.0,263700,0.0,0.0
2023-02-22 00:00:00+09:00,1254.0,1265.0,1242.0,1249.0,257100,0.0,0.0
2023-02-24 00:00:00+09:00,1249.0,1258.0,1237.0,1245.0,261700,0.0,0.0
2023-02-27 00:00:00+09:00,1255.0,1273.0,1252.0,1268.0,196200,0.0,0.0
2023-02-28 00:00:00+09:00,1269.0,1275.0,1253.0,1253.0,260000,0.0,0.0
2023-03-01 00:00:00+09:00,1253.0,1276.0,1253.0,1269.0,204500,0.0,0.0
2023-03-02 00:00:00+09:00,1285.0,1292.0,1268.0,1275.0,218200,0.0,0.0
2023-03-03 00:00:00+09:00,1277.0,1290.0,1270.0,1289.0,228900,0.0,0.0
2023-03-06 00:00:00+09:00,1289.0,1290.0,1276.0,1287.0,187600,0.0,0.0
2023-03-07 00:00:00+09:00,1290.0,1307.0,1289.0,1293.0,210500,0.0,0.0
2023-03-08 00:00:00+09:00,1291.0,1310.0,1286.0,1307.0,182900,0.0,0.0
2023-03-09 00:00:00+09:00,1311.0,1323.0,1311.0,1317.0,145800,0.0,0.0
2023-03-10 00:00:00+09:00,1297.0,1309.0,1281.0,1292.0,372000,0.0,0.0
2023-03-13 00:00:00+09:00,1283.0,1284.0,1247.0,1257.0,185500,0.0,0.0
2023-03-14 00:00:00+09:00,1220.0,1229.0,1179.0,1199.0,369600,0.0,0.0
2023-03-15 00:00:00+09:00,1212.0,1235.0,1211.0,1228.0,129800,0.0,0.0
2023-03-16 00:00:00+09:00,1199.0,1216.0,1198.0,1213.0,179800,0.0,0.0
2023-03-17 00:00:00+09:00,1225.0,1227.0,1202.0,1205.0,259100,0.0,0.0
2023-03-20 00:00:00+09:00,1197.0,1206.0,1189.0,1198.0,170500,0.0,0.0
2023-03-22 00:00:00+09:00,1228.0,1228.0,1198.0,1198.0,160800,0.0,0.0
2023-03-23 00:00:00+09:00,1176.0,1194.0,1172.0,1194.0,125000,0.0,0.0
2023-03-24 00:00:00+09:00,1194.0,1195.0,1183.0,1188.0,122000,0.0,0.0
2023-03-27 00:00:00+09:00,1205.0,1205.0,1192.0,1197.0,102700,0.0,0.0
2023-03-28 00:00:00+09:00,1210.0,1212.0,1181.0,1191.0,144700,0.0,0.0
2023-03-29 00:00:00+09:00,1205.0,1229.0,1201.0,1228.0,236000,0.0,0.0
2023-03-30 00:00:00+09:00,1227.0,1232.0,1216.0,1223.0,169400,0.0,0.0
2023-03-31 00:00:00+09:00,1226.0,1237.0,1224.0,1232.0,146600,0.0,0.0
2023-04-03 00:00:00+09:00,1238.0,1251.0,1231.0,1249.0,111000,0.0,0.0
2023-04-04 00:00:00+09:00,1246.0,1247.0,1230.0,1236.0,226700,0.0,0.0
2023-04-05 00:00:00+09:00,1217.0,1222.0,1194.0,1195.0,152400,0.0,0.0
2023-04-06 00:00:00+09:00,1181.0,1181.0,1162.0,1166.0,190000,0.0,0.0
2023-04-07 00:00:00+09:00,1167.0,1183.0,1166.0,1180.0,128100,0.0,0.0
2023-04-10 00:00:00+09:00,1191.0,1193.0,1177.0,1189.0,103800,0.0,0.0
2023-04-11 00:00:00+09:00,1204.0,1207.0,1190.0,1191.0,140400,0.0,0.0
2023-04-12 00:00:00+09:00,1199.0,1211.0,1197.0,1209.0,152200,0.0,0.0
2023-04-13 00:00:00+09:00,1208.0,1211.0,1198.0,1208.0,170800,0.0,0.0
2023-04-14 00:00:00+09:00,1220.0,1224.0,1214.0,1217.0,115300,0.0,0.0
2023-04-17 00:00:00+09:00,1219.0,1228.0,1215.0,1228.0,113000,0.0,0.0
2023-04-18 00:00:00+09:00,1229.0,1242.0,1226.0,1234.0,208400,0.0,0.0
2023-04-19 00:00:00+09:00,1234.0,1238.0,1228.0,1234.0,134200,0.0,0.0
2023-04-20 00:00:00+09:00,1232.0,1235.0,1226.0,1227.0,140600,0.0,0.0
2023-04-21 00:00:00+09:00,1227.0,1239.0,1226.0,1231.0,82600,0.0,0.0
2023-04-24 00:00:00+09:00,1233.0,1240.0,1229.0,1229.0,87300,0.0,0.0
2023-04-25 00:00:00+09:00,1237.0,1249.0,1236.0,1238.0,195300,0.0,0.0
2023-04-26 00:00:00+09:00,1230.0,1230.0,1215.0,1218.0,155500,0.0,0.0
2023-04-27 00:00:00+09:00,1202.0,1216.0,1202.0,1216.0,117000,0.0,0.0
2023-04-28 00:00:00+09:00,1232.0,1244.0,1163.0,1170.0,614800,0.0,0.0
2023-05-01 00:00:00+09:00,1176.0,1218.0,1176.0,1212.0,318700,0.0,0.0
2023-05-02 00:00:00+09:00,1215.0,1221.0,1196.0,1204.0,136100,0.0,0.0
2023-05-08 00:00:00+09:00,1204.0,1225.0,1203.0,1214.0,195600,0.0,0.0
2023-05-09 00:00:00+09:00,1209.0,1225.0,1208.0,1219.0,148900,0.0,0.0
2023-05-10 00:00:00+09:00,1218.0,1231.0,1218.0,1223.0,148600,0.0,0.0
2023-05-11 00:00:00+09:00,1222.0,1225.0,1214.0,1219.0,91200,0.0,0.0
2023-05-12 00:00:00+09:00,1219.0,1230.0,1217.0,1227.0,141400,0.0,0.0
2023-05-15 00:00:00+09:00,1234.0,1247.0,1234.0,1246.0,173800,0.0,0.0
2023-05-16 00:00:00+09:00,1252.0,1261.0,1244.0,1261.0,196300,0.0,0.0
2023-05-17 00:00:00+09:00,1256.0,1260.0,1243.0,1249.0,118400,0.0,0.0
2023-05-18 00:00:00+09:00,1261.0,1269.0,1251.0,1269.0,197500,0.0,0.0
2023-05-19 00:00:00+09:00,1270.0,1273.0,1251.0,1255.0,118400,0.0,0.0
2023-05-22 00:00:00+09:00,1255.0,1258.0,1239.0,1247.0,127700,0.0,0.0
2023-05-23 00:00:00+09:00,1249.0,1259.0,1235.0,1243.0,175000,0.0,0.0
2023-05-24 00:00:00+09:00,1242.0,1253.0,1242.0,1250.0,93400,0.0,0.0
2023-05-25 00:00:00+09:00,1248.0,1263.0,1240.0,1257.0,190400,0.0,0.0
2023-05-26 00:00:00+09:00,1247.0,1253.0,1229.0,1230.0,171100,0.0,0.0
2023-05-29 00:00:00+09:00,1236.0,1250.0,1235.0,1238.0,149900,0.0,0.0
2023-05-30 00:00:00+09:00,1235.0,1239.0,1227.0,1235.0,121300,0.0,0.0
2023-05-31 00:00:00+09:00,1220.0,1220.0,1200.0,1201.0,259100,0.0,0.0
2023-06-01 00:00:00+09:00,1192.0,1211.0,1190.0,1210.0,145900,0.0,0.0
2023-06-02 00:00:00+09:00,1211.0,1241.0,1209.0,1238.0,141800,0.0,0.0
2023-06-05 00:00:00+09:00,1254.0,1269.5,1254.0,1263.5,185500,0.0,0.0
2023-06-06 00:00:00+09:00,1257.0,1281.0,1252.5,1277.0,154800,0.0,0.0
2023-06-07 00:00:00+09:00,1285.5,1296.0,1268.0,1272.0,258000,0.0,0.0
2023-06-08 00:00:00+09:00,1283.0,1292.5,1259.0,1269.5,196300,0.0,0.0
2023-06-09 00:00:00+09:00,1274.5,1280.5,1263.5,1278.5,282000,0.0,0.0
2023-06-12 00:00:00+09:00,1278.5,1282.5,1272.5,1277.0,165100,0.0,0.0
2023-06-13 00:00:00+09:00,1277.0,1291.0,1274.0,1284.0,196400,0.0,0.0
2023-06-14 00:00:00+09:00,1299.0,1303.0,1292.0,1299.5,167000,0.0,0.0
2023-06-15 00:00:00+09:00,1299.0,1312.0,1287.0,1295.5,233400,0.0,0.0
2023-06-16 00:00:00+09:00,1286.5,1297.0,1282.0,1285.0,270100,0.0,0.0
2023-06-19 00:00:00+09:00,1292.5,1296.5,1282.0,1291.0,145700,0.0,0.0
2023-06-20 00:00:00+09:00,1283.0,1288.5,1276.5,1288.5,152400,0.0,0.0
2023-06-21 00:00:00+09:00,1281.0,1295.0,1280.5,1290.0,189900,0.0,0.0
2023-06-22 00:00:00+09:00,1295.0,1308.0,1295.0,1299.5,174500,0.0,0.0
2023-06-23 00:00:00+09:00,1299.5,1311.0,1285.5,1290.5,144600,0.0,0.0
2023-06-26 00:00:00+09:00,1294.0,1310.0,1287.0,1297.0,87600,0.0,0.0
2023-06-27 00:00:00+09:00,1301.5,1305.0,1285.5,1295.0,85400,0.0,0.0
2023-06-28 00:00:00+09:00,1304.5,1317.0,1301.5,1315.5,198500,0.0,0.0
2023-06-29 00:00:00+09:00,1305.5,1312.0,1292.0,1298.5,174300,0.0,0.0
2023-06-30 00:00:00+09:00,1298.5,1303.5,1279.5,1288.0,196200,0.0,0.0
2023-07-03 00:00:00+09:00,1301.5,1331.5,1301.5,1323.0,217600,0.0,0.0
2023-07-04 00:00:00+09:00,1314.5,1320.0,1305.0,1305.0,202100,0.0,0.0
2023-07-05 00:00:00+09:00,1295.5,1315.0,1293.5,1309.5,155500,0.0,0.0
2023-07-06 00:00:00+09:00,1297.5,1309.0,1296.5,1305.0,144600,0.0,0.0
2023-07-07 00:00:00+09:00,1297.5,1307.0,1292.0,1296.0,245100,0.0,0.0
2023-07-10 00:00:00+09:00,1304.0,1317.5,1299.0,1299.5,245300,0.0,0.0
2023-07-11 00:00:00+09:00,1302.0,1306.5,1287.0,1287.0,187600,0.0,0.0
2023-07-12 00:00:00+09:00,1296.0,1296.0,1277.5,1278.0,149700,0.0,0.0
2023-07-13 00:00:00+09:00,1277.0,1281.5,1271.5,1273.5,198200,0.0,0.0
2023-07-14 00:00:00+09:00,1278.0,1282.0,1262.0,1265.5,388800,0.0,0.0
2023-07-18 00:00:00+09:00,1269.5,1282.5,1266.0,1280.0,166300,0.0,0.0
2023-07-19 00:00:00+09:00,1297.5,1300.0,1284.5,1293.5,192300,0.0,0.0
2023-07-20 00:00:00+09:00,1294.5,1304.0,1282.5,1285.5,134500,0.0,0.0
2023-07-21 00:00:00+09:00,1295.0,1295.0,1279.0,1280.0,153600,0.0,0.0
2023-07-24 00:00:00+09:00,1294.5,1295.5,1281.0,1288.0,176700,0.0,0.0
2023-07-25 00:00:00+09:00,1288.0,1298.5,1285.0,1296.0,142100,0.0,0.0
2023-07-26 00:00:00+09:00,1297.0,1299.5,1287.0,1293.0,258700,0.0,0.0
2023-07-27 00:00:00+09:00,1288.0,1293.5,1280.5,1293.5,181100,0.0,0.0
2023-07-28 00:00:00+09:00,1280.0,1300.5,1275.0,1299.5,401800,0.0,0.0
2023-07-31 00:00:00+09:00,1313.0,1352.0,1266.0,1346.5,724400,0.0,0.0
2023-08-01 00:00:00+09:00,1340.5,1396.0,1338.0,1368.0,537900,0.0,0.0
2023-08-02 00:00:00+09:00,1350.0,1372.0,1332.0,1363.5,365500,0.0,0.0
2023-08-03 00:00:00+09:00,1340.5,1341.0,1302.5,1325.5,426600,0.0,0.0
2023-08-04 00:00:00+09:00,1320.0,1375.5,1309.0,1370.0,1156700,0.0,0.0
2023-08-07 00:00:00+09:00,1364.5,1367.5,1339.5,1340.0,606900,0.0,0.0
2023-08-08 00:00:00+09:00,1339.0,1355.0,1334.5,1344.0,358800,0.0,0.0
2023-08-09 00:00:00+09:00,1336.0,1356.0,1336.0,1348.0,346500,0.0,0.0
2023-08-10 00:00:00+09:00,1343.0,1385.5,1343.0,1355.5,799100,0.0,0.0
2023-08-14 00:00:00+09:00,1361.5,1369.5,1349.5,1358.0,132300,0.0,0.0
2023-08-15 00:00:00+09:00,1352.5,1356.0,1333.0,1333.5,197000,0.0,0.0
2023-08-16 00:00:00+09:00,1323.0,1333.0,1313.5,1317.0,295400,0.0,0.0
2023-08-17 00:00:00+09:00,1316.5,1329.0,1298.0,1326.5,331100,0.0,0.0
2023-08-18 00:00:00+09:00,1317.5,1317.5,1306.0,1313.5,140000,0.0,0.0
2023-08-21 00:00:00+09:00,1313.5,1320.5,1304.0,1314.5,110300,0.0,0.0
2023-08-22 00:00:00+09:00,1317.0,1336.5,1310.5,1336.5,132400,0.0,0.0
2023-08-23 00:00:00+09:00,1333.0,1365.0,1330.0,1364.5,148700,0.0,0.0
2023-08-24 00:00:00+09:00,1356.0,1369.0,1354.5,1366.0,108800,0.0,0.0
2023-08-25 00:00:00+09:00,1366.0,1369.0,1354.5,1360.5,148500,0.0,0.0
2023-08-28 00:00:00+09:00,1373.5,1387.0,1372.5,1379.5,128700,0.0,0.0
2023-08-29 00:00:00+09:00,1380.0,1386.5,1371.0,1378.0,100300,0.0,0.0
2023-08-30 00:00:00+09:00,1378.0,1388.5,1375.5,1383.5,140700,0.0,0.0
2023-08-31 00:00:00+09:00,1383.0,1396.0,1375.5,1389.0,282300,0.0,0.0
2023-09-01 00:00:00+09:00,1389.0,1412.0,1386.0,1407.0,225000,0.0,0.0
2023-09-04 00:00:00+09:00,1407.0,1413.5,1396.0,1413.5,272100,0.0,0.0
2023-09-05 00:00:00+09:00,1412.5,1412.5,1390.5,1402.0,210900,0.0,0.0
2023-09-06 00:00:00+09:00,1395.0,1404.0,1391.0,1398.0,199100,0.0,0.0
2023-09-07 00:00:00+09:00,1389.0,1401.0,1386.0,1388.5,206300,0.0,0.0
2023-09-08 00:00:00+09:00,1374.0,1389.0,1363.0,1367.0,323500,0.0,0.0
2023-09-11 00:00:00+09:00,1380.5,1392.5,1368.0,1376.5,172300,0.0,0.0
2023-09-12 00:00:00+09:00,1380.5,1391.5,1374.0,1384.5,193500,0.0,0.0
2023-09-13 00:00:00+09:00,1384.5,1384.5,1364.5,1366.5,355800,0.0,0.0
2023-09-14 00:00:00+09:00,1372.5,1378.5,1368.5,1375.5,247300,0.0,0.0
2023-09-15 00:00:00+09:00,1393.0,1407.0,1386.5,1395.0,295100,0.0,0.0
2023-09-19 00:00:00+09:00,1408.0,1413.5,1377.0,1388.0,379500,0.0,0.0
2023-09-20 00:00:00+09:00,1387.5,1388.0,1348.0,1349.0,352700,0.0,0.0
2023-09-21 00:00:00+09:00,1349.0,1363.0,1342.5,1349.0,156100,0.0,0.0
2023-09-22 00:00:00+09:00,1337.5,1349.5,1332.5,1343.0,178600,0.0,0.0
2023-09-25 00:00:00+09:00,1350.0,1352.0,1336.5,1346.0,186900,0.0,0.0
2023-09-26 00:00:00+09:00,1350.0,1350.5,1337.0,1344.0,368800,0.0,0.0
2023-09-27 00:00:00+09:00,1332.0,1350.0,1322.0,1350.0,317000,0.0,0.0
2023-09-28 00:00:00+09:00,1346.5,1358.5,1336.5,1346.0,253900,0.0,0.0
2023-09-29 00:00:00+09:00,1350.5,1360.0,1336.0,1344.0,299300,0.0,0.0
2023-10-02 00:00:00+09:00,1355.0,1363.0,1331.0,1332.5,233000,0.0,0.0
2023-10-03 00:00:00+09:00,1331.5,1336.0,1310.0,1313.0,197500,0.0,0.0
2023-10-04 00:00:00+09:00,1302.0,1307.0,1286.5,1288.5,246100,0.0,0.0
2023-10-05 00:00:00+09:00,1289.0,1313.5,1289.0,1313.5,182700,0.0,0.0
2023-10-06 00:00:00+09:00,1313.5,1332.5,1311.0,1326.0,112900,0.0,0.0
2023-10-10 00:00:00+09:00,1349.0,1361.0,1346.5,1358.0,184000,0.0,0.0
2023-10-11 00:00:00+09:00,1358.0,1361.0,1350.5,1352.5,132900,0.0,0.0
2023-10-12 00:00:00+09:00,1352.5,1379.0,1352.5,1377.0,140500,0.0,0.0
2023-10-13 00:00:00+09:00,1367.5,1374.0,1352.5,1355.0,266800,0.0,0.0
2023-10-16 00:00:00+09:00,1355.0,1362.5,1335.5,1348.0,215800,0.0,0.0
2023-10-17 00:00:00+09:00,1351.5,1368.0,1346.0,1351.5,98700,0.0,0.0
2023-10-18 00:00:00+09:00,1363.0,1367.0,1352.0,1355.5,117800,0.0,0.0
2023-10-19 00:00:00+09:00,1330.5,1351.0,1330.0,1342.5,135900,0.0,0.0
2023-10-20 00:00:00+09:00,1342.5,1349.5,1334.5,1338.5,127000,0.0,0.0
2023-10-23 00:00:00+09:00,1338.5,1343.5,1328.0,1328.0,169000,0.0,0.0
2023-10-24 00:00:00+09:00,1328.0,1342.5,1308.0,1338.0,157400,0.0,0.0
2023-10-25 00:00:00+09:00,1351.5,1351.5,1328.5,1330.5,154100,0.0,0.0
2023-10-26 00:00:00+09:00,1327.0,1338.5,1310.5,1314.0,161300,0.0,0.0
2023-10-27 00:00:00+09:00,1328.0,1345.5,1325.0,1345.5,122400,0.0,0.0
2023-10-30 00:00:00+09:00,1328.5,1337.5,1317.0,1327.5,192500,0.0,0.0
2023-10-31 00:00:00+09:00,1327.5,1380.5,1327.5,1375.5,479000,0.0,0.0
2023-11-01 00:00:00+09:00,1396.5,1413.5,1387.0,1390.0,260700,0.0,0.0
2023-11-02 00:00:00+09:00,1400.5,1416.5,1382.5,1389.0,249000,0.0,0.0
2023-11-06 00:00:00+09:00,1410.0,1432.0,1405.5,1423.0,324200,0.0,0.0
2023-11-07 00:00:00+09:00,1423.0,1423.0,1407.5,1407.5,203300,0.0,0.0
2023-11-08 00:00:00+09:00,1407.5,1408.0,1365.0,1374.5,348500,0.0,0.0
2023-11-09 00:00:00+09:00,1374.5,1391.0,1374.5,1385.5,115400,0.0,0.0
2023-11-10 00:00:00+09:00,1382.5,1406.5,1382.0,1402.5,123900,0.0,0.0
2023-11-13 00:00:00+09:00,1409.5,1412.0,1376.0,1386.5,149300,0.0,0.0
2023-11-14 00:00:00+09:00,1393.0,1396.5,1378.5,1383.0,134200,0.0,0.0
2023-11-15 00:00:00+09:00,1387.0,1396.5,1380.5,1389.0,114400,0.0,0.0
2023-11-16 00:00:00+09:00,1384.0,1390.0,1363.0,1363.5,179000,0.0,0.0
2023-11-17 00:00:00+09:00,1364.0,1383.0,1364.0,1379.5,161200,0.0,0.0
2023-11-20 00:00:00+09:00,1379.5,1380.0,1346.5,1347.0,203100,0.0,0.0
2023-11-21 00:00:00+09:00,1344.0,1352.5,1330.5,1346.5,159500,0.0,0.0
2023-11-22 00:00:00+09:00,1334.0,1357.0,1332.0,1351.0,122300,0.0,0.0
2023-11-24 00:00:00+09:00,1363.5,1364.5,1341.5,1356.0,226000,0.0,0.0
2023-11-27 00:00:00+09:00,1360.0,1366.5,1353.0,1353.5,128200,0.0,0.0
2023-11-28 00:00:00+09:00,1353.0,1357.5,1347.0,1349.5,135500,0.0,0.0
2023-11-29 00:00:00+09:00,1343.5,1362.0,1343.5,1356.5,182900,0.0,0.0
2023-11-30 00:00:00+09:00,1354.0,1362.5,1347.5,1360.0,243100,0.0,0.0
2023-12-01 00:00:00+09:00,1374.5,1375.0,1351.0,1356.0,405600,0.0,0.0
2023-12-04 00:00:00+09:00,1339.0,1359.0,1327.0,1350.0,244800,0.0,0.0
2023-12-05 00:00:00+09:00,1334.0,1347.5,1324.0,1324.5,184700,0.0,0.0
2023-12-06 00:00:00+09:00,1326.0,1348.5,1326.0,1344.5,169800,0.0,0.0
2023-12-07 00:00:00+09:00,1321.5,1339.0,1321.5,1323.0,182800,0.0,0.0
2023-12-08 00:00:00+09:00,1313.5,1329.0,1302.0,1305.0,369600,0.0,0.0
2023-12-11 00:00:00+09:00,1309.5,1317.5,1302.5,1313.0,195500,0.0,0.0
2023-12-12 00:00:00+09:00,1325.0,1325.0,1295.0,1295.0,195100,0.0,0.0
2023-12-13 00:00:00+09:00,1291.0,1296.5,1287.5,1292.0,207100,0.0,0.0
2023-12-14 00:00:00+09:00,1292.0,1298.0,1282.5,1289.0,169100,0.0,0.0
2023-12-15 00:00:00+09:00,1288.5,1297.5,1284.5,1292.5,224300,0.0,0.0
2023-12-18 00:00:00+09:00,1288.0,1292.0,1277.0,1290.5,151800,0.0,0.0
2023-12-19 00:00:00+09:00,1288.0,1303.0,1283.5,1301.0,245000,0.0,0.0
2023-12-20 00:00:00+09:00,1300.0,1322.0,1300.0,1312.5,204900,0.0,0.0
2023-12-21 00:00:00+09:00,1311.0,1316.0,1297.5,1301.5,212700,0.0,0.0
2023-12-22 00:00:00+09:00,1301.5,1321.5,1301.5,1320.5,139700,0.0,0.0
2023-12-25 00:00:00+09:00,1333.5,1347.0,1331.5,1345.0,163600,0.0,0.0
2023-12-26 00:00:00+09:00,1348.5,1350.0,1339.5,1346.0,235200,0.0,0.0
2023-12-27 00:00:00+09:00,1350.5,1358.5,1350.5,1354.5,268700,0.0,0.0
2023-12-28 00:00:00+09:00,1325.0,1354.5,1322.5,1345.5,178600,0.0,0.0
2023-12-29 00:00:00+09:00,1345.5,1372.0,1345.5,1372.0,217100,0.0,0.0
2024-01-04 00:00:00+09:00,1352.0,1363.5,1340.0,1360.5,267200,0.0,0.0
2024-01-05 00:00:00+09:00,1361.0,1366.5,1338.0,1342.5,188500,0.0,0.0
2024-01-09 00:00:00+09:00,1341.0,1357.5,1336.0,1350.0,382000,0.0,0.0
2024-01-10 00:00:00+09:00,1347.0,1363.0,1342.5,1354.0,238900,0.0,0.0
2024-01-11 00:00:00+09:00,1361.5,1367.0,1354.5,1357.0,218000,0.0,0.0
2024-01-12 00:00:00+09:00,1354.0,1354.0,1336.0,1339.5,459100,0.0,0.0
2024-01-15 00:00:00+09:00,1340.0,1343.5,1335.5,1342.0,37000,0.0,0.0
2024-01-16 00:00:00+09:00,1340.0,1352.0,1335.5,1335.5,268800,0.0,0.0
2024-01-17 00:00:00+09:00,1338.5,1348.5,1332.5,1332.5,293000,0.0,0.0
2024-01-18 00:00:00+09:00,1329.0,1341.5,1328.0,1336.5,289100,0.0,0.0
2024-01-19 00:00:00+09:00,1340.5,1351.5,1340.5,1346.5,218300,0.0,0.0
2024-01-22 00:00:00+09:00,1350.0,1357.5,1349.5,1355.5,139800,0.0,0.0
2024-01-23 00:00:00+09:00,1350.0,1359.0,1347.5,1350.5,335800,0.0,0.0
2024-01-24 00:00:00+09:00,1353.0,1364.5,1351.0,1359.0,189500,0.0,0.0
2024-01-25 00:00:00+09:00,1356.5,1366.5,1356.5,1362.0,170600,0.0,0.0
2024-01-26 00:00:00+09:00,1358.0,1364.0,1352.5,1357.5,290800,0.0,0.0
2024-01-29 00:00:00+09:00,1357.0,1372.5,1357.0,1371.5,263600,0.0,0.0
2024-01-30 00:00:00+09:00,1375.0,1379.5,1369.5,1377.5,629000,0.0,0.0
2024-01-31 00:00:00+09:00,1368.5,1431.5,1367.5,1420.0,915600,0.0,0.0
2024-02-01 00:00:00+09:00,1409.0,1483.0,1409.0,1476.0,543000,0.0,0.0
2024-02-02 00:00:00+09:00,1485.0,1509.5,1484.5,1497.5,477700,0.0,0.0
2024-02-05 00:00:00+09:00,1501.5,1523.5,1496.0,1518.0,366300,0.0,0.0
2024-02-06 00:00:00+09:00,1520.5,1548.5,1515.0,1533.0,356100,0.0,0.0
2024-02-07 00:00:00+09:00,1529.5,1546.5,1524.0,1539.5,192600,0.0,0.0
2024-02-08 00:00:00+09:00,1545.0,1545.0,1506.5,1518.0,235000,0.0,0.0
2024-02-09 00:00:00+09:00,1499.0,1526.0,1498.0,1517.0,213900,0.0,0.0
2024-02-13 00:00:00+09:00,1537.0,1711.5,1525.5,1548.5,1126300,0.0,0.0
2024-02-14 00:00:00+09:00,1548.0,1591.0,1537.0,1561.0,965300,0.0,0.0
2024-02-15 00:00:00+09:00,1586.5,1586.5,1536.5,1549.0,520900,0.0,0.0
2024-02-16 00:00:00+09:00,1557.0,1567.0,1547.5,1556.5,397000,0.0,0.0
2024-02-19 00:00:00+09:00,1556.0,1558.0,1513.5,1520.0,486700,0.0,0.0
2024-02-20 00:00:00+09:00,1525.0,1535.0,1504.0,1523.5,281600,0.0,0.0
2024-02-21 00:00:00+09:00,1525.0,1549.5,1522.0,1542.5,496200,0.0,0.0
2024-02-22 00:00:00+09:00,1550.0,1555.0,1528.5,1552.5,286800,0.0,0.0
2024-02-26 00:00:00+09:00,1569.0,1570.5,1543.0,1545.5,342400,0.0,0.0
2024-02-27 00:00:00+09:00,1544.0,1549.0,1515.5,1527.5,399300,0.0,0.0
2024-02-28 00:00:00+09:00,1540.0,1542.0,1520.0,1533.5,261100,0.0,0.0
2024-02-29 00:00:00+09:00,1533.5,1543.0,1518.0,1542.0,625600,0.0,0.0
2024-03-01 00:00:00+09:00,1532.0,1535.0,1519.5,1528.0,504200,0.0,0.0
2024-03-04 00:00:00+09:00,1502.0,1505.5,1461.0,1470.5,569600,0.0,0.0
2024-03-05 00:00:00+09:00,1460.5,1477.5,1451.5,1472.5,659200,0.0,0.0
2024-03-06 00:00:00+09:00,1472.5,1526.0,1457.5,1521.5,615200,0.0,0.0
2024-03-07 00:00:00+09:00,1533.0,1564.5,1527.5,1552.5,680200,0.0,0.0
2024-03-08 00:00:00+09:00,1548.0,1575.5,1542.0,1569.0,465100,0.0,0.0
2024-03-11 00:00:00+09:00,1540.0,1540.0,1470.5,1491.0,360100,0.0,0.0
2024-03-12 00:00:00+09:00,1492.5,1527.0,1484.5,1527.0,291400,0.0,0.0
2024-03-13 00:00:00+09:00,1535.0,1556.5,1515.5,1525.5,303300,0.0,0.0
2024-03-14 00:00:00+09:00,1541.0,1547.0,1520.0,1544.5,224500,0.0,0.0
2024-03-15 00:00:00+09:00,1541.0,1562.0,1535.5,1552.5,352800,0.0,0.0
2024-03-18 00:00:00+09:00,1558.0,1560.0,1543.5,1548.5,183100,0.0,0.0
2024-03-19 00:00:00+09:00,1548.5,1575.0,1542.5,1569.0,195100,0.0,0.0
2024-03-21 00:00:00+09:00,1577.0,1588.0,1568.5,1569.0,231500,0.0,0.0
2024-03-22 00:00:00+09:00,1596.0,1626.5,1585.5,1613.5,538800,0.0,0.0
2024-03-25 00:00:00+09:00,1610.0,1619.5,1586.0,1602.0,251700,0.0,0.0
2024-03-26 00:00:00+09:00,1607.0,1617.5,1579.5,1586.5,219500,0.0,0.0
2024-03-27 00:00:00+09:00,1595.0,1624.0,1595.0,1610.0,309100,0.0,0.0
2024-03-28 00:00:00+09:00,1597.0,1625.5,1575.0,1581.0,225500,0.0,0.0
2024-03-29 00:00:00+09:00,1581.0,1607.0,1576.0,1603.0,77700,0.0,0.0
2024-04-01 00:00:00+09:00,1603.0,1608.0,1574.5,1582.0,220400,0.0,0.0
2024-04-02 00:00:00+09:00,1584.5,1590.5,1565.0,1577.0,192000,0.0,0.0
2024-04-03 00:00:00+09:00,1566.0,1591.0,1565.5,1584.5,193700,0.0,0.0
2024-04-04 00:00:00+09:00,1600.0,1602.5,1580.0,1590.5,266800,0.0,0.0
2024-04-05 00:00:00+09:00,1576.5,1587.0,1565.5,1585.0,170400,0.0,0.0
2024-04-08 00:00:00+09:00,1597.5,1602.0,1586.5,1597.0,181700,0.0,0.0
2024-04-09 00:00:00+09:00,1601.5,1629.0,1601.5,1627.0,204400,0.0,0.0
2024-04-10 00:00:00+09:00,1627.0,1650.0,1624.5,1646.0,235200,0.0,0.0
2024-04-11 00:00:00+09:00,1627.0,1646.5,1616.0,1640.0,177900,0.0,0.0
2024-04-12 00:00:00+09:00,1643.0,1657.0,1637.5,1647.0,192900,0.0,0.0
2024-04-15 00:00:00+09:00,1640.0,1653.5,1628.0,1653.5,267400,0.0,0.0
2024-04-16 00:00:00+09:00,1637.5,1637.5,1599.5,1608.5,226500,0.0,0.0
2024-04-17 00:00:00+09:00,1620.0,1620.0,1581.5,1590.5,144200,0.0,0.0
2024-04-18 00:00:00+09:00,1600.0,1619.5,1580.5,1611.0,157700,0.0,0.0
2024-04-19 00:00:00+09:00,1600.0,1603.0,1556.0,1574.0,231100,0.0,0.0
2024-04-22 00:00:00+09:00,1605.5,1605.5,1587.5,1602.5,129300,0.0,0.0
2024-04-23 00:00:00+09:00,1602.0,1604.5,1579.5,1586.0,197200,0.0,0.0
2024-04-24 00:00:00+09:00,1591.0,1592.5,1568.0,1587.5,169200,0.0,0.0
2024-04-25 00:00:00+09:00,1583.0,1593.5,1569.5,1582.0,195000,0.0,0.0
2024-04-26 00:00:00+09:00,1596.0,1621.0,1578.0,1606.0,494200,0.0,0.0
2024-04-30 00:00:00+09:00,1620.0,1620.0,1573.0,1588.5,292600,0.0,0.0
2024-05-01 00:00:00+09:00,1570.0,1602.0,1570.0,1590.0,189000,0.0,0.0
2024-05-02 00:00:00+09:00,1607.5,1609.5,1583.5,1601.5,239400,0.0,0.0
2024-05-07 00:00:00+09:00,1610.0,1624.5,1605.0,1608.0,218600,0.0,0.0
2024-05-08 00:00:00+09:00,1603.0,1623.5,1603.0,1616.0,234500,0.0,0.0
2024-05-09 00:00:00+09:00,1620.5,1646.0,1616.0,1625.5,191000,0.0,0.0
2024-05-10 00:00:00+09:00,1620.0,1639.0,1611.0,1621.0,149500,0.0,0.0
2024-05-13 00:00:00+09:00,1625.0,1631.0,1612.0,1627.5,114700,0.0,0.0
2024-05-14 00:00:00+09:00,1630.0,1630.0,1593.5,1609.5,144700,0.0,0.0
2024-05-15 00:00:00+09:00,1608.5,1613.0,1598.0,1602.5,96300,0.0,0.0
2024-05-16 00:00:00+09:00,1600.0,1600.0,1571.0,1578.0,131600,0.0,0.0
2024-05-17 00:00:00+09:00,1562.0,1582.0,1560.5,1576.5,112600,0.0,0.0
2024-05-20 00:00:00+09:00,1570.5,1589.0,1567.5,1578.5,135900,0.0,0.0
2024-05-21 00:00:00+09:00,1559.0,1583.5,1559.0,1567.5,147600,0.0,0.0
2024-05-22 00:00:00+09:00,1565.0,1582.5,1558.5,1560.0,161800,0.0,0.0
2024-05-23 00:00:00+09:00,1558.0,1565.0,1532.0,1553.5,148600,0.0,0.0
2024-05-24 00:00:00+09:00,1532.0,1554.0,1525.0,1539.5,250100,0.0,0.0
2024-05-27 00:00:00+09:00,1552.5,1552.5,1520.5,1532.5,150200,0.0,0.0
2024-05-28 00:00:00+09:00,1538.0,1538.0,1527.0,1530.5,140100,0.0,0.0
2024-05-29 00:00:00+09:00,1522.0,1534.0,1516.0,1517.0,149800,0.0,0.0
2024-05-30 00:00:00+09:00,1505.0,1511.0,1491.5,1507.5,250300,0.0,0.0
2024-05-31 00:00:00+09:00,1518.0,1545.5,1518.0,1540.0,281900,0.0,0.0
2024-06-03 00:00:00+09:00,1553.0,1560.0,1537.5,1546.5,218700,0.0,0.0
2024-06-04 00:00:00+09:00,1538.0,1542.0,1520.0,1526.0,187500,0.0,0.0
2024-06-05 00:00:00+09:00,1511.0,1513.5,1500.5,1502.5,266300,0.0,0.0
2024-06-06 00:00:00+09:00,1505.0,1506.5,1490.0,1497.0,219800,0.0,0.0
2024-06-07 00:00:00+09:00,1491.0,1500.0,1490.0,1496.5,141600,0.0,0.0
2024-06-10 00:00:00+09:00,1498.0,1515.0,1498.0,1514.5,127000,0.0,0.0
2024-06-11 00:00:00+09:00,1508.5,1509.5,1487.0,1487.5,265000,0.0,0.0
2024-06-12 00:00:00+09:00,1488.0,1495.0,1486.0,1494.0,166100,0.0,0.0
2024-06-13 00:00:00+09:00,1494.0,1506.0,1465.0,1465.0,203000,0.0,0.0
2024-06-14 00:00:00+09:00,1461.0,1500.0,1461.0,1491.0,236400,0.0,0.0
2024-06-17 00:00:00+09:00,1485.0,1485.5,1466.0,1479.5,220100,0.0,0.0
2024-06-18 00:00:00+09:00,1486.5,1498.5,1486.5,1491.0,199200,0.0,0.0
2024-06-19 00:00:00+09:00,1492.0,1515.5,1492.0,1493.0,180300,0.0,0.0
2024-06-20 00:00:00+09:00,1505.0,1509.0,1498.0,1505.0,190600,0.0,0.0
2024-06-21 00:00:00+09:00,1516.0,1526.5,1504.0,1516.0,937500,0.0,0.0
2024-06-24 00:00:00+09:00,1523.0,1535.0,1517.0,1531.0,191500,0.0,0.0
2024-06-25 00:00:00+09:00,1531.0,1544.5,1529.0,1544.0,176300,0.0,0.0
2024-06-26 00:00:00+09:00,1535.5,1541.5,1526.5,1528.5,397400,0.0,0.0
2024-06-27 00:00:00+09:00,1501.0,1510.5,1497.0,1506.5,180800,0.0,0.0
2024-06-28 00:00:00+09:00,1511.0,1519.5,1508.5,1514.5,174700,0.0,0.0
2024-07-01 00:00:00+09:00,1535.0,1546.0,1528.5,1540.5,266100,0.0,0.0
2024-07-02 00:00:00+09:00,1532.0,1541.0,1528.5,1533.0,203400,0.0,0.0
2024-07-03 00:00:00+09:00,1540.5,1568.0,1537.5,1560.0,335500,0.0,0.0
2024-07-04 00:00:00+09:00,1567.0,1570.5,1541.0,1556.0,172100,0.0,0.0
2024-07-05 00:00:00+09:00,1559.5,1559.5,1525.5,1530.0,200800,0.0,0.0
2024-07-08 00:00:00+09:00,1522.0,1525.0,1506.5,1520.5,175700,0.0,0.0
2024-07-09 00:00:00+09:00,1533.0,1541.5,1519.5,1533.5,157000,0.0,0.0
2024-07-10 00:00:00+09:00,1526.0,1530.0,1517.0,1530.0,209300,0.0,0.0
2024-07-11 00:00:00+09:00,1541.5,1549.0,1538.0,1544.0,211100,0.0,0.0
2024-07-12 00:00:00+09:00,1516.5,1542.5,1513.0,1541.0,175800,0.0,0.0
2024-07-16 00:00:00+09:00,1541.5,1546.0,1533.5,1536.0,153100,0.0,0.0
2024-07-17 00:00:00+09:00,1546.5,1563.0,1543.5,1555.5,146400,0.0,0.0
2024-07-18 00:00:00+09:00,1546.0,1555.0,1540.0,1542.0,157500,0.0,0.0
2024-07-19 00:00:00+09:00,1541.0,1546.0,1524.5,1534.5,122700,0.0,0.0
2024-07-22 00:00:00+09:00,1530.0,1530.0,1511.5,1513.5,126900,0.0,0.0
2024-07-23 00:00:00+09:00,1528.5,1531.5,1519.0,1523.5,90500,0.0,0.0
2024-07-24 00:00:00+09:00,1511.0,1515.0,1492.0,1492.0,130600,0.0,0.0
2024-07-25 00:00:00+09:00,1492.0,1494.5,1470.0,1480.0,217800,0.0,0.0
2024-07-26 00:00:00+09:00,1506.0,1517.0,1494.5,1510.5,246600,0.0,0.0
2024-07-29 00:00:00+09:00,1530.0,1552.5,1519.0,1547.0,209700,0.0,0.0
2024-07-30 00:00:00+09:00,1549.0,1556.5,1529.0,1534.0,223100,0.0,0.0
2024-07-31 00:00:00+09:00,1548.0,1625.0,1508.0,1618.5,1247800,0.0,0.0
2024-08-01 00:00:00+09:00,1591.0,1600.0,1547.5,1577.5,430700,0.0,0.0
2024-08-02 00:00:00+09:00,1538.5,1558.5,1503.0,1509.0,385700,0.0,0.0
2024-08-05 00:00:00+09:00,1441.0,1445.5,1342.5,1354.0,480500,0.0,0.0
2024-08-06 00:00:00+09:00,1444.0,1528.5,1436.0,1496.0,355100,0.0,0.0
2024-08-07 00:00:00+09:00,1436.0,1492.5,1427.5,1457.5,337800,0.0,0.0
2024-08-08 00:00:00+09:00,1450.0,1485.5,1441.5,1458.0,197700,0.0,0.0
2024-08-09 00:00:00+09:00,1482.0,1494.0,1451.5,1468.5,285200,0.0,0.0
2024-08-13 00:00:00+09:00,1483.0,1539.0,1474.5,1539.0,358700,0.0,0.0
2024-08-14 00:00:00+09:00,1528.5,1534.0,1494.0,1503.0,236800,0.0,0.0
2024-08-15 00:00:00+09:00,1517.0,1527.0,1503.0,1511.0,172200,0.0,0.0
2024-08-16 00:00:00+09:00,1530.0,1549.0,1526.0,1539.5,123100,0.0,0.0
2024-08-19 00:00:00+09:00,1547.0,1599.0,1538.5,1567.0,321400,0.0,0.0
2024-08-20 00:00:00+09:00,1570.0,1585.5,1567.5,1577.5,175300,0.0,0.0
2024-08-21 00:00:00+09:00,1560.0,1583.0,1560.0,1569.5,117800,0.0,0.0
2024-08-22 00:00:00+09:00,1573.0,1580.5,1563.0,1575.0,88000,0.0,0.0
2024-08-23 00:00:00+09:00,1575.0,1593.0,1570.5,1579.5,90500,0.0,0.0
2024-08-26 00:00:00+09:00,1582.0,1585.0,1561.0,1564.0,155600,0.0,0.0
2024-08-27 00:00:00+09:00,1570.0,1590.5,1570.0,1590.5,95900,0.0,0.0
2024-08-28 00:00:00+09:00,1572.0,1592.0,1566.5,1572.5,95100,0.0,0.0
2024-08-29 00:00:00+09:00,1581.0,1605.5,1580.5,1592.0,182900,0.0,0.0
2024-08-30 00:00:00+09:00,1601.0,1604.0,1575.5,1580.0,184900,0.0,0.0
2024-09-02 00:00:00+09:00,1585.0,1593.5,1568.5,1592.5,169300,0.0,0.0
2024-09-03 00:00:00+09:00,1598.0,1624.0,1598.0,1610.5,161900,0.0,0.0
2024-09-04 00:00:00+09:00,1570.5,1601.5,1567.0,1572.5,190700,0.0,0.0
2024-09-05 00:00:00+09:00,1584.0,1598.5,1568.5,1585.5,110400,0.0,0.0
2024-09-06 00:00:00+09:00,1599.0,1612.0,1585.5,1594.5,204700,0.0,0.0
2024-09-09 00:00:00+09:00,1556.0,1578.0,1541.0,1576.0,156600,0.0,0.0
2024-09-10 00:00:00+09:00,1575.0,1590.0,1573.0,1589.5,246300,0.0,0.0
2024-09-11 00:00:00+09:00,1565.5,1589.0,1538.0,1551.5,210600,0.0,0.0
2024-09-12 00:00:00+09:00,1579.0,1595.0,1569.5,1584.0,175400,0.0,0.0
2024-09-13 00:00:00+09:00,1591.0,1595.0,1565.5,1568.5,308500,0.0,0.0
2024-09-17 00:00:00+09:00,1590.0,1590.0,1552.5,1576.5,185200,0.0,0.0
2024-09-18 00:00:00+09:00,1590.0,1597.5,1567.0,1584.5,170000,0.0,0.0
2024-09-19 00:00:00+09:00,1595.0,1614.0,1591.5,1611.5,208100,0.0,0.0
2024-09-20 00:00:00+09:00,1615.0,1620.0,1581.0,1593.0,455100,0.0,0.0
2024-09-24 00:00:00+09:00,1607.5,1607.5,1584.0,1595.5,151500,0.0,0.0
2024-09-25 00:00:00+09:00,1593.0,1607.5,1578.5,1602.5,136600,0.0,0.0
2024-09-26 00:00:00+09:00,1620.0,1647.0,1615.5,1645.5,316900,0.0,0.0
2024-09-27 00:00:00+09:00,1650.0,1653.5,1630.5,1644.5,143400,0.0,0.0
2024-09-30 00:00:00+09:00,1593.0,1626.5,1588.0,1615.5,202800,0.0,0.0
2024-10-01 00:00:00+09:00,1612.5,1630.0,1612.5,1623.5,117900,0.0,0.0
2024-10-02 00:00:00+09:00,1624.0,1649.0,1619.5,1623.0,133400,0.0,0.0
2024-10-03 00:00:00+09:00,1654.5,1663.0,1631.5,1631.5,145800,0.0,0.0
2024-10-04 00:00:00+09:00,1630.0,1657.5,1630.0,1651.0,180600,0.0,0.0
2024-10-07 00:00:00+09:00,1671.5,1678.0,1663.0,1663.0,224500,0.0,0.0
2024-10-08 00:00:00+09:00,1638.0,1659.0,1637.5,1654.0,143500,0.0,0.0
2024-10-09 00:00:00+09:00,1651.5,1668.0,1651.5,1656.5,169900,0.0,0.0
2024-10-10 00:00:00+09:00,1671.5,1673.0,1661.0,1669.5,139100,0.0,0.0
2024-10-11 00:00:00+09:00,1669.5,1675.0,1663.5,1666.5,255800,0.0,0.0
2024-10-15 00:00:00+09:00,1680.0,1690.0,1669.5,1669.5,278100,0.0,0.0
2024-10-16 00:00:00+09:00,1669.0,1680.0,1637.0,1637.0,149800,0.0,0.0
2024-10-17 00:00:00+09:00,1637.0,1640.0,1622.5,1623.0,110700,0.0,0.0
2024-10-18 00:00:00+09:00,1625.5,1629.5,1609.0,1618.0,134800,0.0,0.0
2024-10-21 00:00:00+09:00,1620.0,1620.0,1600.5,1610.0,181200,0.0,0.0
2024-10-22 00:00:00+09:00,1600.5,1603.5,1586.0,1591.5,180600,0.0,0.0
2024-10-23 00:00:00+09:00,1591.0,1596.0,1580.5,1583.0,120700,0.0,0.0
2024-10-24 00:00:00+09:00,1577.5,1582.0,1565.5,1582.0,161600,0.0,0.0
2024-10-25 00:00:00+09:00,1581.5,1581.5,1557.0,1567.5,182600,0.0,0.0
2024-10-28 00:00:00+09:00,1560.0,1578.0,1548.0,1567.5,168900,0.0,0.0
2024-10-29 00:00:00+09:00,1579.0,1581.0,1564.0,1578.5,190700,0.0,0.0
2024-10-30 00:00:00+09:00,1578.5,1588.5,1573.5,1573.5,502400,0.0,0.0
2024-10-31 00:00:00+09:00,1588.5,1599.5,1523.0,1567.5,344100,0.0,0.0
2024-11-01 00:00:00+09:00,1530.0,1557.5,1525.0,1530.0,213700,0.0,0.0
2024-11-05 00:00:00+09:00,1540.0,1542.5,1525.5,1530.0,233400,0.0,0.0
2024-11-06 00:00:00+09:00,1543.0,1559.0,1530.5,1535.0,199300,0.0,0.0
2024-11-07 00:00:00+09:00,1545.0,1565.5,1539.5,1562.0,181600,0.0,0.0
2024-11-08 00:00:00+09:00,1565.0,1569.0,1545.5,1547.0,142700,0.0,0.0
2024-11-11 00:00:00+09:00,1543.5,1549.0,1535.5,1541.0,127500,0.0,0.0
2024-11-12 00:00:00+09:00,1540.5,1551.5,1531.0,1538.0,185600,0.0,0.0
2024-11-13 00:00:00+09:00,1536.5,1540.5,1527.0,1531.5,155300,0.0,0.0
2024-11-14 00:00:00+09:00,1528.0,1532.0,1512.0,1512.0,135000,0.0,0.0
2024-11-15 00:00:00+09:00,1521.5,1530.0,1512.5,1520.0,128700,0.0,0.0
2024-11-18 00:00:00+09:00,1513.0,1531.5,1510.0,1520.0,101900,0.0,0.0
2024-11-19 00:00:00+09:00,1520.0,1529.5,1514.5,1514.5,119200,0.0,0.0
2024-11-20 00:00:00+09:00,1511.0,1523.0,1510.0,1511.5,118500,0.0,0.0
2024-11-21 00:00:00+09:00,1505.0,1512.0,1501.0,1503.0,209700,0.0,0.0
2024-11-22 00:00:00+09:00,1503.0,1514.0,1502.0,1507.0,192900,0.0,0.0
2024-11-25 00:00:00+09:00,1526.0,1526.5,1514.5,1518.5,181100,0.0,0.0
2024-11-26 00:00:00+09:00,1514.5,1523.5,1505.0,1518.5,233200,0.0,0.0
2024-11-27 00:00:00+09:00,1515.0,1520.0,1505.0,1518.0,160000,0.0,0.0
2024-11-28 00:00:00+09:00,1514.5,1523.0,1512.0,1520.5,176400,0.0,0.0
2024-11-29 00:00:00+09:00,1515.5,1526.5,1515.5,1520.0,111100,0.0,0.0
2024-12-02 00:00:00+09:00,1520.0,1533.5,1520.0,1530.0,156200,0.0,0.0
2024-12-03 00:00:00+09:00,1530.0,1540.0,1523.0,1523.0,309700,0.0,0.0
2024-12-04 00:00:00+09:00,1520.0,1522.0,1502.0,1502.0,208300,0.0,0.0
2024-12-05 00:00:00+09:00,1512.0,1512.0,1496.0,1503.0,212500,0.0,0.0
2024-12-06 00:00:00+09:00,1503.0,1508.5,1499.5,1503.5,292300,0.0,0.0
2024-12-09 00:00:00+09:00,1504.5,1515.0,1504.5,1505.0,230600,0.0,0.0
2024-12-10 00:00:00+09:00,1512.5,1514.0,1503.5,1506.5,155500,0.0,0.0
2024-12-11 00:00:00+09:00,1507.0,1512.5,1504.0,1506.5,158600,0.0,0.0
2024-12-12 00:00:00+09:00,1515.0,1516.0,1503.5,1503.5,225000,0.0,0.0
2024-12-13 00:00:00+09:00,1489.0,1512.0,1489.0,1511.5,327900,0.0,0.0
2024-12-16 00:00:00+09:00,1513.0,1515.0,1501.0,1503.0,105800,0.0,0.0
2024-12-17 00:00:00+09:00,1505.5,1507.0,1492.0,1492.0,162800,0.0,0.0
2024-12-18 00:00:00+09:00,1494.0,1499.5,1490.5,1493.5,131500,0.0,0.0
2024-12-19 00:00:00+09:00,1490.0,1506.5,1483.0,1501.0,169200,0.0,0.0
2024-12-20 00:00:00+09:00,1512.0,1514.0,1502.0,1502.0,249200,0.0,0.0
2024-12-23 00:00:00+09:00,1503.0,1512.0,1501.0,1506.5,156900,0.0,0.0
2024-12-24 00:00:00+09:00,1512.0,1512.0,1501.0,1502.5,116500,0.0,0.0
2024-12-25 00:00:00+09:00,1503.0,1507.0,1492.5,1507.0,183100,0.0,0.0
2024-12-26 00:00:00+09:00,1500.5,1514.5,1500.5,1514.0,304000,0.0,0.0
2024-12-27 00:00:00+09:00,1487.5,1506.0,1487.5,1505.0,331400,0.0,0.0
