Date,Open,High,Low,Close,Volume,Dividends,Stock Splits
2002-12-11 00:00:00+09:00,281.79310663164824,293.06483089691415,281.79310663164824,289.0392150878906,11000,0.0,0.0
2002-12-12 00:00:00+09:00,289.03918448783253,305.9467690957559,289.03918448783253,297.8955383300781,74000,0.0,0.0
2002-12-13 00:00:00+09:00,297.8954984876845,297.8954984876845,289.8442687988281,289.8442687988281,24000,0.0,0.0
2002-12-16 00:00:00+09:00,277.7674451555525,281.7930603027344,277.7674451555525,281.7930603027344,11000,0.0,0.0
2002-12-17 00:00:00+09:00,281.7930031938162,285.81861752515647,275.3520202636719,275.3520202636719,15000,0.0,0.0
2002-12-18 00:00:00+09:00,281.7931642394135,289.84439750339675,277.7675476074219,277.7675476074219,38000,0.0,0.0
2002-12-19 00:00:00+09:00,281.79304955710825,285.81866455078125,281.79304955710825,285.81866455078125,28000,0.0,0.0
2002-12-20 00:00:00+09:00,297.8954924254858,297.8954924254858,285.81864813796614,287.42889404296875,108000,0.0,0.0
2002-12-23 00:00:00+09:00,287.42889404296875,287.42889404296875,287.42889404296875,287.42889404296875,0,0.0,0.0
2002-12-24 00:00:00+09:00,301.11605610444695,301.11605610444695,281.79310063250387,295.4801940917969,28000,0.0,0.0
2002-12-25 00:00:00+09:00,301.115990363227,301.115990363227,281.7930391099718,289.8442687988281,23000,0.0,0.0
2002-12-26 00:00:00+09:00,297.09037551879885,297.09037551879885,289.8442687988281,289.8442687988281,7000,0.0,0.0
2002-12-27 00:00:00+09:00,289.8442629004727,290.64938585297404,287.42889404296875,287.42889404296875,12000,0.0,0.0
2002-12-30 00:00:00+09:00,299.5058288574219,299.5058288574219,299.5058288574219,299.5058288574219,5000,0.0,0.0
2002-12-31 00:00:00+09:00,299.5058288574219,299.5058288574219,299.5058288574219,299.5058288574219,0,0.0,0.0
2003-01-01 00:00:00+09:00,299.5058288574219,299.5058288574219,299.5058288574219,299.5058288574219,0,0.0,0.0
2003-01-02 00:00:00+09:00,299.5058288574219,299.5058288574219,299.5058288574219,299.5058288574219,0,0.0,0.0
2003-01-03 00:00:00+09:00,299.5058288574219,299.5058288574219,299.5058288574219,299.5058288574219,0,0.0,0.0
2003-01-06 00:00:00+09:00,305.94680468241376,309.16729736328125,305.94680468241376,309.16729736328125,20000,0.0,0.0
2003-01-07 00:00:00+09:00,309.9723844785948,309.9723844785948,297.8955383300781,297.8955383300781,24000,0.0,0.0
2003-01-08 00:00:00+09:00,297.8955383300781,297.8955383300781,297.8955383300781,297.8955383300781,1000,0.0,0.0
2003-01-09 00:00:00+09:00,297.8955383300781,297.8955383300781,290.6494306409681,297.8955383300781,9000,0.0,0.0
2003-01-10 00:00:00+09:00,297.8955383300781,297.8955383300781,297.8955383300781,297.8955383300781,0,0.0,0.0
2003-01-13 00:00:00+09:00,297.8955383300781,297.8955383300781,297.8955383300781,297.8955383300781,0,0.0,0.0
2003-01-14 00:00:00+09:00,297.8955383300781,301.92115371291703,297.8955383300781,297.8955383300781,5000,0.0,0.0
2003-01-15 00:00:00+09:00,298.700650390625,305.9467578125,298.700650390625,301.921142578125,7000,0.0,0.0
2003-01-16 00:00:00+09:00,301.9211317363538,305.9467468261719,301.1160087183902,305.9467468261719,10000,0.0,0.0
2003-01-17 00:00:00+09:00,305.9467941364914,305.9467941364914,303.531424709098,304.3365478515625,5000,0.0,0.0
2003-01-20 00:00:00+09:00,300.3108685023059,300.3108685023059,298.70062255859375,298.70062255859375,6000,0.0,0.0
2003-01-21 00:00:00+09:00,305.9467468261719,309.1672388980263,299.505762682463,305.9467468261719,13000,0.0,0.0
2003-01-22 00:00:00+09:00,305.94690811036446,305.94690811036446,305.14178466796875,305.14178466796875,10000,0.0,0.0
2003-01-23 00:00:00+09:00,303.5315377831773,305.14178466796875,302.7264143407817,305.14178466796875,9000,0.0,0.0
2003-01-24 00:00:00+09:00,308.3622741699219,309.1673976011749,305.9469038761627,308.3622741699219,12000,0.0,0.0
2003-01-27 00:00:00+09:00,308.3621741930644,309.97242053349817,306.7519278526306,309.16729736328125,9000,0.0,0.0
2003-01-28 00:00:00+09:00,306.75191727895583,306.75191727895583,304.3365478515625,304.3365478515625,5000,0.0,0.0
2003-01-29 00:00:00+09:00,305.1416709940269,305.1416709940269,304.3365478515625,304.3365478515625,27000,0.0,0.0
2003-01-30 00:00:00+09:00,305.14178466796875,305.14178466796875,305.14178466796875,305.14178466796875,2000,0.0,0.0
2003-01-31 00:00:00+09:00,304.3365478515625,304.3365478515625,304.3365478515625,304.3365478515625,1000,0.0,0.0
2003-02-03 00:00:00+09:00,305.9467468261719,305.9467468261719,303.531377772281,305.9467468261719,6000,0.0,0.0
2003-02-04 00:00:00+09:00,305.1416571596835,305.1416571596835,302.7262878417969,302.7262878417969,20000,0.0,0.0
2003-02-05 00:00:00+09:00,305.141634765625,305.9467578125,301.921142578125,301.921142578125,65000,0.0,0.0
2003-02-06 00:00:00+09:00,301.9211984449817,301.9211984449817,297.89558246571534,299.5058288574219,18000,0.0,0.0
2003-02-07 00:00:00+09:00,301.921142578125,301.921142578125,299.5057734375,301.921142578125,5000,0.0,0.0
2003-02-10 00:00:00+09:00,309.97236191598995,309.97236191598995,304.33650079024466,305.9467468261719,8000,0.0,0.0
2003-02-11 00:00:00+09:00,305.9467468261719,305.9467468261719,305.9467468261719,305.9467468261719,0,0.0,0.0
2003-02-12 00:00:00+09:00,305.9469038761627,308.3622741699219,305.9469038761627,308.3622741699219,19000,0.0,0.0
2003-02-13 00:00:00+09:00,305.9467468261719,305.9467468261719,305.9467468261719,305.9467468261719,12000,0.0,0.0
2003-02-14 00:00:00+09:00,305.94690811036446,305.94690811036446,301.92129089838596,305.14178466796875,12000,0.0,0.0
2003-02-17 00:00:00+09:00,305.9467468261719,305.9467468261719,301.9211317363538,305.9467468261719,11000,0.0,0.0
2003-02-18 00:00:00+09:00,305.9467468261719,305.9467468261719,304.33650079024466,305.9467468261719,15000,0.0,0.0
2003-02-19 00:00:00+09:00,305.9467578125,305.9467578125,301.921142578125,301.921142578125,8000,0.0,0.0
2003-02-20 00:00:00+09:00,301.921142578125,301.921142578125,298.700650390625,301.921142578125,11000,0.0,0.0
2003-02-21 00:00:00+09:00,301.921142578125,301.921142578125,301.921142578125,301.921142578125,0,0.0,0.0
2003-02-24 00:00:00+09:00,301.9211984449817,301.9211984449817,298.7007056615686,299.5058288574219,12000,0.0,0.0
2003-02-25 00:00:00+09:00,301.921142578125,301.921142578125,301.921142578125,301.921142578125,3000,0.0,0.0
2003-02-26 00:00:00+09:00,301.921142578125,301.921142578125,301.921142578125,301.921142578125,2000,0.0,0.0
2003-02-27 00:00:00+09:00,301.921142578125,301.921142578125,301.921142578125,301.921142578125,4000,0.0,0.0
2003-02-28 00:00:00+09:00,301.921142578125,301.921142578125,301.921142578125,301.921142578125,9000,0.0,0.0
2003-03-03 00:00:00+09:00,301.9211317363538,305.9467468261719,301.9211317363538,305.9467468261719,23000,0.0,0.0
2003-03-04 00:00:00+09:00,305.94678026564577,305.94678026564577,301.9211647358346,302.7262878417969,13000,0.0,0.0
2003-03-05 00:00:00+09:00,309.97240984881364,309.97240984881364,304.3365478515625,304.3365478515625,18000,0.0,0.0
2003-03-06 00:00:00+09:00,318.8287772042411,338.1517333984375,313.998038155692,338.1517333984375,42000,0.0,0.0
2003-03-07 00:00:00+09:00,330.9055158233643,334.1260074615479,322.0491638183594,322.0491638183594,16000,0.0,0.0
2003-03-10 00:00:00+09:00,318.8287754058838,318.8287754058838,305.94680468241376,309.16729736328125,25000,0.0,0.0
2003-03-11 00:00:00+09:00,305.9468214424493,309.1673142997382,305.9468214424493,307.55706787109375,9000,0.0,0.0
2003-03-12 00:00:00+09:00,306.7518893155185,313.1928738680753,306.7518893155185,309.9723815917969,17000,0.0,0.0
2003-03-13 00:00:00+09:00,310.7775046608665,310.7775046608665,309.9723815917969,309.9723815917969,2000,0.0,0.0
2003-03-14 00:00:00+09:00,309.9724276779872,321.2441523208231,309.9724276779872,317.2185363769531,16000,0.0,0.0
2003-03-17 00:00:00+09:00,321.2440409088135,322.0491638183594,317.218426361084,322.0491638183594,36000,0.0,0.0
2003-03-18 00:00:00+09:00,319.6338172208638,322.85430908203125,318.828694255572,322.85430908203125,29000,0.0,0.0
2003-03-19 00:00:00+09:00,322.85437066493887,322.85437066493887,313.9980163574219,313.9980163574219,26000,0.0,0.0
2003-03-20 00:00:00+09:00,322.0491765405211,322.0491765405211,313.9979471270081,314.8030700683594,11000,0.0,0.0
2003-03-21 00:00:00+09:00,314.8030700683594,314.8030700683594,314.8030700683594,314.8030700683594,0,0.0,0.0
2003-03-24 00:00:00+09:00,322.049244068287,326.0748596191406,319.6338747377749,326.0748596191406,13000,0.0,0.0
2003-03-25 00:00:00+09:00,321.2440409088135,322.0491638183594,319.6337950897217,322.0491638183594,18000,0.0,0.0
2003-03-26 00:00:00+09:00,326.1781005859375,326.1781005859375,326.1781005859375,326.1781005859375,0,10.0,0.0
2003-03-27 00:00:00+09:00,326.17806106958636,326.17806106958636,322.0492248535156,322.0492248535156,18000,0.0,0.0
2003-03-28 00:00:00+09:00,322.0492545804829,322.0492545804829,318.7461853027344,318.7461853027344,7000,0.0,0.0
2003-03-31 00:00:00+09:00,322.04930871801696,323.7008436345196,321.2235412597656,321.2235412597656,22000,0.0,0.0
2003-04-01 00:00:00+09:00,324.52652658315805,324.52652658315805,321.22345761030147,322.0492248535156,6000,0.0,0.0
2003-04-02 00:00:00+09:00,328.6554408170739,330.30697569555167,323.7008361816406,323.7008361816406,13000,0.0,0.0
2003-04-03 00:00:00+09:00,323.7007907925523,325.3523254394531,323.7007907925523,325.3523254394531,4000,0.0,0.0
2003-04-04 00:00:00+09:00,326.1781005859375,326.1781005859375,326.1781005859375,326.1781005859375,6000,0.0,0.0
2003-04-07 00:00:00+09:00,329.481201171875,329.481201171875,326.17813148594144,329.481201171875,27000,0.0,0.0
2003-04-08 00:00:00+09:00,330.3068542480469,330.3068542480469,329.48108711242674,330.3068542480469,18000,0.0,0.0
2003-04-09 00:00:00+09:00,331.1327363953697,334.43580608509905,331.1327363953697,332.7842712402344,9000,0.0,0.0
2003-04-10 00:00:00+09:00,337.7387774955936,338.5645446777344,332.78417440274865,338.5645446777344,8000,0.0,0.0
2003-04-11 00:00:00+09:00,336.91300896705667,338.56454332473834,335.261474609375,335.261474609375,8000,0.0,0.0
2003-04-14 00:00:00+09:00,335.261474609375,337.7387761458975,335.261474609375,335.261474609375,9000,0.0,0.0
2003-04-15 00:00:00+09:00,336.08729427651576,336.08729427651576,331.1326904296875,331.1326904296875,5000,0.0,0.0
2003-04-16 00:00:00+09:00,332.78419878843016,344.3449401855469,331.958431545779,344.3449401855469,33000,0.0,0.0
2003-04-17 00:00:00+09:00,350.1253763606039,367.46649169921875,350.1253763606039,367.46649169921875,89000,0.0,0.0
2003-04-18 00:00:00+09:00,433.5278625488281,433.5278625488281,433.5278625488281,433.5278625488281,166000,0.0,0.0
2003-04-21 00:00:00+09:00,433.5277673383518,461.6038513183594,412.88358794128743,461.6038513183594,365000,0.0,0.0
2003-04-22 00:00:00+09:00,462.42971735892536,464.08125206377866,454.17204383465884,459.12664794921875,165000,0.0,0.0
2003-04-23 00:00:00+09:00,461.60383230740905,503.71795654296875,458.3007637399142,503.71795654296875,308000,0.0,0.0
2003-04-24 00:00:00+09:00,509.4983039977059,528.4909474206349,487.2025921533978,520.2332763671875,301000,0.0,0.0
2003-04-25 00:00:00+09:00,511.14997598947576,511.14997598947576,495.46039675878103,499.5892333984375,210000,0.0,0.0
2003-04-28 00:00:00+09:00,494.6348341369629,496.2863694763184,487.2029251098633,495.4606018066406,84000,0.0,0.0
2003-04-29 00:00:00+09:00,495.4606018066406,495.4606018066406,495.4606018066406,495.4606018066406,0,0.0,0.0
2003-04-30 00:00:00+09:00,487.2029251098633,495.4606018066406,487.2029251098633,495.4606018066406,54000,0.0,0.0
2003-05-01 00:00:00+09:00,496.28613837890623,520.2333896484375,496.28613837890623,516.1045532226562,121000,0.0,0.0
2003-05-02 00:00:00+09:00,516.9303720511642,555.7414383233762,507.84693100873164,547.4837646484375,279000,0.0,0.0
2003-05-05 00:00:00+09:00,547.4837646484375,547.4837646484375,547.4837646484375,547.4837646484375,0,0.0,0.0
2003-05-06 00:00:00+09:00,554.0898835126092,575.5598342895508,538.4003040986903,561.5217895507812,142000,0.0,0.0
2003-05-07 00:00:00+09:00,560.6959150153798,585.4689304063392,549.9609416792974,578.86279296875,145000,0.0,0.0
2003-05-08 00:00:00+09:00,577.211403023856,585.4690768868583,565.6506596156529,578.0371704101562,79000,0.0,0.0
2003-05-09 00:00:00+09:00,561.5216847838063,590.4235362065023,561.5216847838063,585.4689331054688,109000,0.0,0.0
2003-05-12 00:00:00+09:00,577.2113420758928,606.93896484375,577.2113420758928,606.93896484375,112000,0.0,0.0
2003-05-13 00:00:00+09:00,605.2875027703901,606.1132701684397,580.5144808289007,582.166015625,66000,0.0,0.0
2003-05-14 00:00:00+09:00,573.9083334786551,580.5144725690569,561.5218226841517,578.0371704101562,88000,0.0,0.0
2003-05-15 00:00:00+09:00,570.6052639334542,582.1660073416573,565.6506596156529,578.0371704101562,70000,0.0,0.0
2003-05-16 00:00:00+09:00,565.6506596156529,578.0371704101562,553.2641488211495,578.0371704101562,107000,0.0,0.0
2003-05-19 00:00:00+09:00,553.2641488211495,586.2948442731584,553.2641488211495,578.0371704101562,168000,0.0,0.0
2003-05-20 00:00:00+09:00,574.7339224288713,574.7339224288713,553.2639770507812,553.2639770507812,20000,0.0,0.0
2003-05-21 00:00:00+09:00,553.2641161750345,561.5217895507812,553.2641161750345,561.5217895507812,37000,0.0,0.0
2003-05-22 00:00:00+09:00,553.2639770507812,561.5216483500467,528.4909631529852,553.2639770507812,91000,0.0,0.0
2003-05-23 00:00:00+09:00,542.5291155133929,553.2640904017857,542.5291155133929,549.13525390625,26000,0.0,0.0
2003-05-26 00:00:00+09:00,548.3095121495865,561.5217895507812,548.3095121495865,561.5217895507812,42000,0.0,0.0
2003-05-27 00:00:00+09:00,562.347694197945,579.6888125212296,562.347694197945,569.7796020507812,88000,0.0,0.0
2003-05-28 00:00:00+09:00,569.7795792608301,577.2114868164062,548.3096241002771,577.2114868164062,20000,0.0,0.0
2003-05-29 00:00:00+09:00,568.9537372562056,582.166015625,564.8249002659575,582.166015625,66000,0.0,0.0
2003-05-30 00:00:00+09:00,578.0371786347517,584.6433178191489,578.0371786347517,582.166015625,54000,0.0,0.0
2003-06-02 00:00:00+09:00,582.166015625,582.9917830230496,578.0371786347517,582.166015625,22000,0.0,0.0
2003-06-03 00:00:00+09:00,582.1659916656406,582.1659916656406,576.3856201171875,576.3856201171875,15000,0.0,0.0
2003-06-04 00:00:00+09:00,569.7792543923803,578.036924745893,562.3473510742188,562.3473510742188,30000,0.0,0.0
2003-06-05 00:00:00+09:00,554.0896930157697,562.3473635525174,554.0896930157697,557.3927612304688,41000,0.0,0.0
2003-06-06 00:00:00+09:00,554.915625,557.3929268973214,549.13525390625,549.13525390625,41000,0.0,0.0
2003-06-09 00:00:00+09:00,549.9610896269,550.7868570287422,543.3549504121625,546.6580200195312,46000,0.0,0.0
2003-06-10 00:00:00+09:00,548.3095392400568,548.3095392400568,538.4003306995738,545.0064697265625,16000,0.0,0.0
2003-06-11 00:00:00+09:00,545.0064625459559,553.2641362208947,545.0064625459559,547.4837646484375,12000,0.0,0.0
2003-06-12 00:00:00+09:00,547.4837718616832,547.4837718616832,545.0064697265625,545.0064697265625,14000,0.0,0.0
2003-06-13 00:00:00+09:00,545.832275390625,545.832275390625,545.0065079543306,545.832275390625,16000,0.0,0.0
2003-06-16 00:00:00+09:00,546.6579774744371,561.5217895507812,546.6579774744371,561.5217895507812,65000,0.0,0.0
2003-06-17 00:00:00+09:00,565.6506050896056,568.9536743164062,562.347535862805,568.9536743164062,23000,0.0,0.0
2003-06-18 00:00:00+09:00,577.2115018015894,598.6814575195312,573.0826641635236,598.6814575195312,187000,0.0,0.0
2003-06-19 00:00:00+09:00,597.8554274338942,597.8554274338942,578.0370154747596,590.4235229492188,66000,0.0,0.0
2003-06-20 00:00:00+09:00,586.2948681778753,593.7267749575948,579.6887288181246,583.8175659179688,83000,0.0,0.0
2003-06-23 00:00:00+09:00,578.0369178921569,589.59765625,576.3853838410364,589.59765625,35000,0.0,0.0
2003-06-24 00:00:00+09:00,587.9464030178129,587.9464030178129,578.0371939781869,583.8175659179688,20000,0.0,0.0
2003-06-25 00:00:00+09:00,583.8173762791594,586.294677734375,583.8173762791594,586.294677734375,86000,0.0,0.0
2003-06-26 00:00:00+09:00,588.7719791895906,597.8554178587148,585.4689105826365,586.294677734375,64000,0.0,0.0
2003-06-27 00:00:00+09:00,594.5523492517606,594.5523492517606,573.9081704582966,586.294677734375,20000,0.0,0.0
2003-06-30 00:00:00+09:00,584.6431434308979,592.9008149482835,582.1658419756822,586.294677734375,20000,0.0,0.0
2003-07-01 00:00:00+09:00,584.6431434308979,586.294677734375,578.0370062169894,586.294677734375,59000,0.0,0.0
2003-07-02 00:00:00+09:00,571.4309976016774,572.2567649392521,561.5217895507812,561.5217895507812,38000,0.0,0.0
2003-07-03 00:00:00+09:00,561.5219266587409,569.7796020507812,561.5219266587409,569.7796020507812,41000,0.0,0.0
2003-07-04 00:00:00+09:00,573.908447265625,574.7342148156475,570.6053770655351,573.908447265625,16000,0.0,0.0
2003-07-07 00:00:00+09:00,578.0371704101562,585.4690768868583,578.0371704101562,578.0371704101562,57000,0.0,0.0
2003-07-08 00:00:00+09:00,578.0372230940684,578.0372230940684,561.5218738628093,567.30224609375,36000,0.0,0.0
2003-07-09 00:00:00+09:00,563.1731728001645,568.9535426089639,559.0443372224506,564.82470703125,19000,0.0,0.0
2003-07-10 00:00:00+09:00,566.476486470658,575.5599286735402,561.5218816327222,571.4310913085938,39000,0.0,0.0
2003-07-11 00:00:00+09:00,578.0371391910246,578.0371391910246,568.127931090607,574.7340698242188,30000,0.0,0.0
2003-07-14 00:00:00+09:00,578.0371363022748,578.0371363022748,561.5217895507812,561.5217895507812,19000,0.0,0.0
2003-07-15 00:00:00+09:00,561.5217895507812,565.6506262386547,561.5217895507812,561.5217895507812,25000,0.0,0.0
2003-07-16 00:00:00+09:00,563.9991762474982,569.7795484784389,563.9991762474982,567.30224609375,16000,0.0,0.0
2003-07-17 00:00:00+09:00,562.347694197945,569.7796020507812,562.347694197945,569.7796020507812,14000,0.0,0.0
2003-07-18 00:00:00+09:00,565.6504192156239,565.6504192156239,562.3473510742188,562.3473510742188,3000,0.0,0.0
2003-07-21 00:00:00+09:00,562.3473510742188,562.3473510742188,562.3473510742188,562.3473510742188,0,0.0,0.0
2003-07-22 00:00:00+09:00,578.0371786347517,582.166015625,565.6506676640071,582.166015625,78000,0.0,0.0
2003-07-23 00:00:00+09:00,586.2948442731584,594.5525181361606,570.6052639334542,578.0371704101562,78000,0.0,0.0
2003-07-24 00:00:00+09:00,582.166015625,582.9917830230496,577.2114112367021,582.166015625,47000,0.0,0.0
2003-07-25 00:00:00+09:00,581.3402482269504,582.166015625,581.3402482269504,582.166015625,8000,0.0,0.0
2003-07-28 00:00:00+09:00,584.6432528838268,597.8555297851562,583.8174855774937,597.8555297851562,53000,0.0,0.0
2003-07-29 00:00:00+09:00,602.8100569639728,619.3254009903831,600.3327553600113,618.4996337890625,91000,0.0,0.0
2003-07-30 00:00:00+09:00,626.7575532859154,635.8409960871605,611.0679702655829,611.8937377929688,65000,0.0,0.0
2003-07-31 00:00:00+09:00,619.3253756212096,619.3253756212096,603.6357994388055,612.71923828125,17000,0.0,0.0
2003-08-01 00:00:00+09:00,617.6739049479166,619.325439453125,606.9389306640625,619.325439453125,98000,0.0,0.0
2003-08-04 00:00:00+09:00,635.8409803782079,635.8409803782079,623.4544677734375,623.4544677734375,77000,0.0,0.0
2003-08-05 00:00:00+09:00,615.1968079025124,615.1968079025124,611.8937377929688,611.8937377929688,47000,0.0,0.0
2003-08-06 00:00:00+09:00,614.3707173665364,615.196484459771,592.900772942437,594.5523071289062,26000,0.0,0.0
2003-08-07 00:00:00+09:00,592.075317298626,602.810295157597,592.075317298626,598.6814575195312,42000,0.0,0.0
2003-08-08 00:00:00+09:00,598.6812335818839,601.1585352380848,591.2493286132812,591.2493286132812,74000,0.0,0.0
2003-08-11 00:00:00+09:00,591.2493286132812,592.0750958320149,590.4235613945476,591.2493286132812,8000,0.0,0.0
2003-08-12 00:00:00+09:00,588.7718892244397,592.0749573266806,587.9461221988795,589.59765625,13000,0.0,0.0
2003-08-13 00:00:00+09:00,590.4235948835101,602.8101038670802,590.4235948835101,601.1585693359375,61000,0.0,0.0
2003-08-14 00:00:00+09:00,601.1587224187077,611.0679321289062,597.0298850394583,611.0679321289062,46000,0.0,0.0
2003-08-15 00:00:00+09:00,609.4161987304688,609.4161987304688,609.4161987304688,609.4161987304688,23000,0.0,0.0
2003-08-18 00:00:00+09:00,611.0678186608641,615.1966552734375,598.6813088231439,615.1966552734375,31000,0.0,0.0
2003-08-19 00:00:00+09:00,619.3252887270495,623.4541239852298,616.8479875721413,622.6283569335938,48000,0.0,0.0
2003-08-20 00:00:00+09:00,622.6284740416984,623.4542412486503,608.5904315235169,609.4161987304688,26000,0.0,0.0
2003-08-21 00:00:00+09:00,584.6431632266405,584.6431632266405,569.7793539920649,578.86279296875,201000,0.0,0.0
2003-08-22 00:00:00+09:00,579.6885601484486,587.9462319454351,578.86279296875,578.86279296875,67000,0.0,0.0
2003-08-25 00:00:00+09:00,580.5143273281473,582.1658616875445,578.86279296875,578.86279296875,24000,0.0,0.0
2003-08-26 00:00:00+09:00,579.6885986328125,582.1659003363716,578.8628313982929,579.6885986328125,22000,0.0,0.0
2003-08-27 00:00:00+09:00,578.0372774428215,578.0372774428215,569.7796020507812,569.7796020507812,14000,0.0,0.0
2003-08-28 00:00:00+09:00,569.7796109032085,569.7796109032085,536.7489088218631,540.8777465820312,63000,0.0,0.0
2003-08-29 00:00:00+09:00,557.3928029913651,565.6504741467928,557.3928029913651,564.82470703125,21000,0.0,0.0
2003-09-01 00:00:00+09:00,578.0372310925081,578.0372310925081,571.4310913085938,571.4310913085938,41000,0.0,0.0
2003-09-02 00:00:00+09:00,578.0371704101562,582.1660073416573,573.9083334786551,578.0371704101562,31000,0.0,0.0
2003-09-03 00:00:00+09:00,577.2113490713549,582.1659529260447,573.9082798348951,575.559814453125,11000,0.0,0.0
2003-09-04 00:00:00+09:00,578.0370416546275,582.1658776664462,575.5597400475363,580.5143432617188,27000,0.0,0.0
2003-09-05 00:00:00+09:00,582.1658616875445,582.9916288672432,575.5597242499554,578.86279296875,75000,0.0,0.0
2003-09-08 00:00:00+09:00,582.9917830230496,583.8175504210993,582.166015625,582.166015625,26000,0.0,0.0
2003-09-09 00:00:00+09:00,589.5979231611041,589.5979231611041,582.9917839660217,588.7721557617188,22000,0.0,0.0
2003-09-10 00:00:00+09:00,580.5144569375111,580.5144569375111,574.734085389058,576.3856201171875,13000,0.0,0.0
2003-09-11 00:00:00+09:00,576.3857499156925,578.0372850157374,573.908447265625,573.908447265625,11000,0.0,0.0
2003-09-12 00:00:00+09:00,573.908447265625,573.908447265625,573.908447265625,573.908447265625,2000,0.0,0.0
2003-09-15 00:00:00+09:00,573.908447265625,573.908447265625,573.908447265625,573.908447265625,0,0.0,0.0
2003-09-16 00:00:00+09:00,573.9082781566071,573.9082781566071,568.9536743164062,568.9536743164062,25000,0.0,0.0
2003-09-17 00:00:00+09:00,569.7794416231064,579.6886493035082,568.9536743164062,568.9536743164062,34000,0.0,0.0
2003-09-18 00:00:00+09:00,570.6052302641027,574.7340669519762,561.5217895507812,561.5217895507812,16000,0.0,0.0
2003-09-19 00:00:00+09:00,561.5215801448737,561.5215801448737,555.7412109375,555.7412109375,25000,0.0,0.0
2003-09-22 00:00:00+09:00,561.5216768362226,566.4762798671304,557.3928409771328,565.6505126953125,20000,0.0,0.0
2003-09-23 00:00:00+09:00,565.6505126953125,565.6505126953125,565.6505126953125,565.6505126953125,0,0.0,0.0
2003-09-24 00:00:00+09:00,561.5217562921033,561.5217562921033,551.612548828125,551.612548828125,41000,0.0,0.0
2003-09-25 00:00:00+09:00,552.4383334269565,559.8702392578125,552.4383334269565,559.8702392578125,16000,0.0,0.0
2003-09-26 00:00:00+09:00,554.0896606445312,554.0896606445312,553.2638936390997,554.0896606445312,9000,0.0,0.0
2003-09-29 00:00:00+09:00,553.2640904017857,553.2640904017857,549.13525390625,549.13525390625,13000,0.0,0.0
2003-09-30 00:00:00+09:00,550.786703602589,565.6505126953125,550.786703602589,565.6505126953125,10000,0.0,0.0
2003-10-01 00:00:00+09:00,564.8246647135417,564.8246647135417,557.3927612304688,557.3927612304688,7000,0.0,0.0
2003-10-02 00:00:00+09:00,565.6505099004974,565.6505099004974,557.3928382231178,559.0443725585938,22000,0.0,0.0
2003-10-03 00:00:00+09:00,561.5217895507812,567.3021609138041,560.6960222132066,561.5217895507812,25000,0.0,0.0
2003-10-06 00:00:00+09:00,569.7796020507812,576.3857423644135,568.1280669723732,569.7796020507812,69000,0.0,0.0
2003-10-07 00:00:00+09:00,571.4308895882973,571.4308895882973,563.1732177734375,563.1732177734375,29000,0.0,0.0
2003-10-08 00:00:00+09:00,568.1280669723732,569.7796020507812,565.6507643547611,569.7796020507812,65000,0.0,0.0
2003-10-09 00:00:00+09:00,569.7792670355904,569.7792670355904,557.3927612304688,557.3927612304688,45000,0.0,0.0
2003-10-10 00:00:00+09:00,561.5217738868915,562.3475412014311,557.3929373141939,559.8702392578125,53000,0.0,0.0
2003-10-13 00:00:00+09:00,559.8702392578125,559.8702392578125,559.8702392578125,559.8702392578125,0,0.0,0.0
2003-10-14 00:00:00+09:00,565.6505126953125,565.6505126953125,560.6959096644047,565.6505126953125,33000,0.0,0.0
2003-10-15 00:00:00+09:00,561.5216483500467,561.5216483500467,553.2639770507812,553.2639770507812,13000,0.0,0.0
2003-10-16 00:00:00+09:00,563.9991535807765,568.1279907226562,558.2187815821449,568.1279907226562,23000,0.0,0.0
2003-10-17 00:00:00+09:00,576.3854859289462,578.8627874444,565.6505126953125,565.6505126953125,99000,0.0,0.0
2003-10-20 00:00:00+09:00,581.3400748239436,586.294677734375,573.9081704582966,586.294677734375,74000,0.0,0.0
2003-10-21 00:00:00+09:00,602.8102573704075,611.8936996047561,598.6814199911581,611.0679321289062,120000,0.0,0.0
2003-10-22 00:00:00+09:00,611.0677306292808,616.0223338505994,595.3781537617723,602.81005859375,79000,0.0,0.0
2003-10-23 00:00:00+09:00,627.5829482660062,652.3559593817695,624.2798801172377,643.2725219726562,259000,0.0,0.0
2003-10-24 00:00:00+09:00,635.8409428535206,652.3562920185472,625.9317333545047,642.4470825195312,63000,0.0,0.0
2003-10-27 00:00:00+09:00,634.1892427884616,644.0984497070312,630.0604065723908,644.0984497070312,67000,0.0,0.0
2003-10-28 00:00:00+09:00,640.7954711914062,650.7046795087991,640.7954711914062,640.7954711914062,63000,0.0,0.0
2003-10-29 00:00:00+09:00,640.7952752857257,652.3560147883032,639.9695081783988,645.7498779296875,63000,0.0,0.0
2003-10-30 00:00:00+09:00,652.3563905238517,681.2582559268072,652.3563905238517,669.697509765625,99000,0.0,0.0
2003-10-31 00:00:00+09:00,673.826315995794,700.2508774073938,665.5686405546691,699.4251098632812,96000,0.0,0.0
2003-11-03 00:00:00+09:00,699.4251098632812,699.4251098632812,699.4251098632812,699.4251098632812,0,0.0,0.0
2003-11-04 00:00:00+09:00,714.2887862318426,718.4176231464775,704.3795776367188,704.3795776367188,126000,0.0,0.0
2003-11-05 00:00:00+09:00,710.1598861062315,710.1598861062315,689.5157033705852,697.7733764648438,55000,0.0,0.0
2003-11-06 00:00:00+09:00,693.6445025627295,697.7733388875076,669.6972518790162,674.65185546875,65000,0.0,0.0
2003-11-07 00:00:00+09:00,668.871520634939,701.902213011973,668.871520634939,697.7733764648438,72000,0.0,0.0
2003-11-10 00:00:00+09:00,697.7734520495009,697.7734520495009,681.2581040719979,692.81884765625,13000,0.0,0.0
2003-11-11 00:00:00+09:00,684.560991259044,684.560991259044,668.8714148610684,670.52294921875,57000,0.0,0.0
2003-11-12 00:00:00+09:00,672.1745379301667,673.0003051757812,666.3941672108656,673.0003051757812,32000,0.0,0.0
2003-11-13 00:00:00+09:00,683.7352268125953,683.7352268125953,668.8714175340606,677.1290893554688,35000,0.0,0.0
2003-11-14 00:00:00+09:00,681.2580271992335,687.0383983391058,644.9242657486077,655.6592407226562,130000,0.0,0.0
2003-11-17 00:00:00+09:00,654.833594393301,656.4851293098037,641.6213150612799,642.4470825195312,63000,0.0,0.0
2003-11-18 00:00:00+09:00,634.1892641129032,635.0150313838835,613.5450823383946,614.370849609375,32000,0.0,0.0
2003-11-19 00:00:00+09:00,602.8100304236779,619.3253737229568,587.946221454327,590.4235229492188,49000,0.0,0.0
2003-11-20 00:00:00+09:00,588.7721105087401,625.931640625,588.7721105087401,625.931640625,37000,0.0,0.0
2003-11-21 00:00:00+09:00,604.461604923397,635.8407592773438,603.6358377035563,635.8407592773438,22000,0.0,0.0
2003-11-24 00:00:00+09:00,635.8407592773438,635.8407592773438,635.8407592773438,635.8407592773438,0,0.0,0.0
2003-11-25 00:00:00+09:00,635.8406789679276,635.8406789679276,627.5830078125,627.5830078125,16000,0.0,0.0
2003-11-26 00:00:00+09:00,635.840844506616,641.6212158203125,635.840844506616,641.6212158203125,12000,0.0,0.0
2003-11-27 00:00:00+09:00,644.9241329193115,673.0002155303955,644.9241329193115,660.6137084960938,104000,0.0,0.0
2003-11-28 00:00:00+09:00,668.8713798522949,673.0002155303955,660.6137084960938,660.6137084960938,29000,0.0,0.0
2003-12-01 00:00:00+09:00,659.7880719866072,664.74267578125,652.3561662946429,664.74267578125,31000,0.0,0.0
2003-12-02 00:00:00+09:00,673.0003402618592,689.5156860351562,670.5230383958645,689.5156860351562,86000,0.0,0.0
2003-12-03 00:00:00+09:00,697.7732221026754,718.4174002713935,697.7732221026754,710.1597290039062,121000,0.0,0.0
2003-12-04 00:00:00+09:00,710.985496130655,710.985496130655,698.5989892294241,710.1597290039062,19000,0.0,0.0
2003-12-05 00:00:00+09:00,710.1598540497733,714.2886904105278,694.4702758789062,694.4702758789062,59000,0.0,0.0
2003-12-08 00:00:00+09:00,708.5084357010691,708.5084357010691,690.341552734375,690.341552734375,33000,0.0,0.0
2003-12-09 00:00:00+09:00,691.1671047944288,693.6444062453049,687.0382690429688,687.0382690429688,10000,0.0,0.0
2003-12-10 00:00:00+09:00,686.2125283590177,687.0382955411585,677.1290893554688,677.1290893554688,24000,0.0,0.0
2003-12-11 00:00:00+09:00,673.0002893351688,675.4775910137031,669.6972204304562,671.3487548828125,28000,0.0,0.0
2003-12-12 00:00:00+09:00,677.955037175573,714.2888028707316,677.955037175573,712.6372680664062,42000,0.0,0.0
2003-12-15 00:00:00+09:00,705.2053589136658,748.145263671875,700.2507545184878,748.145263671875,195000,0.0,0.0
2003-12-16 00:00:00+09:00,753.9256208988659,753.9256208988659,744.016412299976,753.099853515625,92000,0.0,0.0
2003-12-17 00:00:00+09:00,756.402618986431,787.7817669356497,755.5768519351358,784.4786987304688,119000,0.0,0.0
2003-12-18 00:00:00+09:00,789.4336440529767,800.9943877943383,759.7060172894755,765.4863891601562,176000,0.0,0.0
2003-12-19 00:00:00+09:00,776.2212922525356,783.6531982421875,764.6605496019658,783.6531982421875,69000,0.0,0.0
2003-12-22 00:00:00+09:00,784.4789811865388,792.7366546727129,776.2213077003647,785.3047485351562,63000,0.0,0.0
2003-12-23 00:00:00+09:00,785.3047485351562,785.3047485351562,785.3047485351562,785.3047485351562,0,0.0,0.0
2003-12-24 00:00:00+09:00,801.8200645369714,817.5096435546875,796.8654606366399,817.5096435546875,71000,0.0,0.0
2003-12-25 00:00:00+09:00,823.2898719031532,842.2825168918919,817.5095016891892,824.94140625,71000,0.0,0.0
2003-12-26 00:00:00+09:00,822.4643804295733,848.0631713867188,822.4643804295733,848.0631713867188,69000,0.0,0.0
2003-12-29 00:00:00+09:00,862.9267443394683,924.8592857992388,862.9267443394683,867.88134765625,76000,0.0,0.0
2003-12-30 00:00:00+09:00,883.5710100446429,899.2605887276786,879.4421735491071,895.95751953125,49000,0.0,0.0
2003-12-31 00:00:00+09:00,895.95751953125,895.95751953125,895.95751953125,895.95751953125,0,0.0,0.0
2004-01-01 00:00:00+09:00,895.95751953125,895.95751953125,895.95751953125,895.95751953125,0,0.0,0.0
2004-01-02 00:00:00+09:00,895.95751953125,895.95751953125,895.95751953125,895.95751953125,0,0.0,0.0
2004-01-05 00:00:00+09:00,895.95751953125,924.859375,892.6544503348214,924.859375,63000,0.0,0.0
2004-01-06 00:00:00+09:00,933.1171264648438,933.1171264648438,909.1698727768079,933.1171264648438,44000,0.0,0.0
2004-01-07 00:00:00+09:00,933.117012162642,933.117012162642,908.343994140625,908.343994140625,36000,0.0,0.0
2004-01-08 00:00:00+09:00,908.3440465361016,923.2078582066923,900.9121407008063,904.2152099609375,37000,0.0,0.0
2004-01-09 00:00:00+09:00,904.2151399664923,908.343976222047,891.828631199828,900.0863037109375,45000,0.0,0.0
2004-01-12 00:00:00+09:00,900.0863037109375,900.0863037109375,900.0863037109375,900.0863037109375,0,0.0,0.0
2004-01-13 00:00:00+09:00,899.2605541992187,912.4728304776278,899.2605541992187,908.343994140625,37000,0.0,0.0
2004-01-14 00:00:00+09:00,908.3440465361016,916.6017196864298,902.5636753308719,904.2152099609375,41000,0.0,0.0
2004-01-15 00:00:00+09:00,905.8668348712164,905.8668348712164,894.3060913085938,894.3060913085938,27000,0.0,0.0
2004-01-16 00:00:00+09:00,893.4803311948423,904.2153074476454,891.8287963867188,891.8287963867188,39000,0.0,0.0
2004-01-19 00:00:00+09:00,894.3059014589089,908.3439442334254,894.3059014589089,896.783203125,50000,0.0,0.0
2004-01-20 00:00:00+09:00,908.3440290178571,924.859375,908.3440290178571,924.859375,39000,0.0,0.0
2004-01-21 00:00:00+09:00,924.8591823150224,933.1168535856923,919.9045795526205,920.7303466796875,42000,0.0,0.0
2004-01-22 00:00:00+09:00,917.4275740339949,920.7306436074747,912.4729696737753,916.601806640625,29000,0.0,0.0
2004-01-23 00:00:00+09:00,924.8595602101293,957.8902587890625,924.8595602101293,957.8902587890625,129000,0.0,0.0
2004-01-26 00:00:00+09:00,957.8896378686417,966.1473071606127,949.6319685766707,953.7608032226562,79000,0.0,0.0
2004-01-27 00:00:00+09:00,952.9354158804871,952.9354158804871,941.3746742666857,948.8065795898438,18000,0.0,0.0
2004-01-28 00:00:00+09:00,953.7612637606535,999.178466796875,953.7612637606535,999.178466796875,176000,0.0,0.0
2004-01-29 00:00:00+09:00,986.7919311523438,999.1784407483983,966.1477484922528,986.7919311523438,150000,0.0,0.0
2004-01-30 00:00:00+09:00,985.9661638459401,986.7919311523438,978.5342580883074,986.7919311523438,8000,0.0,0.0
2004-02-02 00:00:00+09:00,987.617812417936,990.9208820246848,979.3601384010635,982.6632080078125,43000,0.0,0.0
2004-02-03 00:00:00+09:00,982.6632715240727,1015.6939697265625,967.7994573329522,1015.6939697265625,128000,0.0,0.0
2004-02-04 00:00:00+09:00,1012.390869140625,1015.6939388604965,999.1785902611389,1012.390869140625,50000,0.0,0.0
2004-02-05 00:00:00+09:00,1000.004008809074,1017.3451187884222,1000.004008809074,1007.4359130859375,62000,0.0,0.0
2004-02-06 00:00:00+09:00,1010.7389816534323,1011.5647487953061,1000.004008809074,1007.4359130859375,19000,0.0,0.0
2004-02-09 00:00:00+09:00,1009.087302667991,1014.0419048087505,1008.2615356445311,1008.2615356445312,33000,0.0,0.0
2004-02-10 00:00:00+09:00,1007.4362192557767,1014.0423583984375,1003.3073822916136,1014.0423583984375,58000,0.0,0.0
2004-02-11 00:00:00+09:00,1014.0423583984375,1014.0423583984375,1014.0423583984375,1014.0423583984375,0,0.0,0.0
2004-02-12 00:00:00+09:00,1014.0421392649291,1019.822509765625,1010.7390704073887,1019.822509765625,119000,0.0,0.0
2004-02-13 00:00:00+09:00,1018.1709553513114,1027.25439453125,1015.6936537567826,1027.25439453125,103000,0.0,0.0
2004-02-16 00:00:00+09:00,1027.25443296624,1031.3832691116027,1021.4740623627322,1028.0802001953125,99000,0.0,0.0
2004-02-17 00:00:00+09:00,1020.648385270911,1020.648385270911,986.7919258889472,995.8753662109375,50000,0.0,0.0
2004-02-18 00:00:00+09:00,995.875213390876,1002.4813507931372,974.4052668335271,976.882568359375,110000,0.0,0.0
2004-02-19 00:00:00+09:00,974.4050326701479,974.4050326701479,949.6320233649747,956.2381591796875,112000,0.0,0.0
2004-02-20 00:00:00+09:00,957.0643330723786,999.178466796875,952.1097291047909,999.178466796875,190000,0.0,0.0
2004-02-23 00:00:00+09:00,1032.2090301279281,1077.626227453557,1029.7317284556211,1075.14892578125,534000,0.0,0.0
2004-02-24 00:00:00+09:00,1071.8461919636486,1085.0584716796875,1063.5885171411244,1085.0584716796875,220000,0.0,0.0
2004-02-25 00:00:00+09:00,1088.361350923426,1147.816599228803,1087.5355835858513,1123.0435791015625,395000,0.0,0.0
2004-02-26 00:00:00+09:00,1061.1109098685804,1073.4974185440892,1056.9820736434108,1065.23974609375,472000,0.0,0.0
2004-02-27 00:00:00+09:00,1081.7552491131291,1151.9454752006222,1081.7552491131291,1123.869384765625,1316000,0.0,0.0
2004-03-01 00:00:00+09:00,1114.7859715053012,1171.7639211600167,1114.7859715053012,1156.0743408203125,764000,0.0,0.0
2004-03-02 00:00:00+09:00,1180.8472957167514,1208.9233852652617,1172.5896223201307,1207.2718505859375,320000,0.0,0.0
2004-03-03 00:00:00+09:00,1218.0064768320287,1279.9390095523013,1218.0064768320287,1262.597900390625,327000,0.0,0.0
2004-03-04 00:00:00+09:00,1263.4240117348916,1267.5528483745481,1197.3626255003874,1199.01416015625,241000,0.0,0.0
2004-03-05 00:00:00+09:00,1184.975965645365,1184.975965645365,1164.3317850592089,1180.0213623046875,460000,0.0,0.0
2004-03-08 00:00:00+09:00,1184.9760388485536,1184.9760388485536,1164.3318569870805,1168.460693359375,178000,0.0,0.0
2004-03-09 00:00:00+09:00,1162.6804964539008,1165.1577986480497,1151.9455202792553,1164.33203125,373000,0.0,0.0
2004-03-10 00:00:00+09:00,1132.9526615046002,1160.2029806224223,1127.9980580286326,1138.7330322265625,163000,0.0,0.0
2004-03-11 00:00:00+09:00,1123.8689273193722,1135.4296657341197,1104.8762856380015,1111.482421875,151000,0.0,0.0
2004-03-12 00:00:00+09:00,1102.3991184519298,1118.9144610504607,1102.3991184519298,1106.5279541015625,164000,0.0,0.0
2004-03-15 00:00:00+09:00,1106.5278014010607,1130.475044864218,1098.2701312413515,1118.914306640625,215000,0.0,0.0
2004-03-16 00:00:00+09:00,1124.6952345711843,1143.6878853752498,1106.5283511933826,1109.8314208984375,111000,0.0,0.0
2004-03-17 00:00:00+09:00,1109.8311298076924,1137.907214936756,1102.3992249205871,1127.1722412109375,150000,0.0,0.0
2004-03-18 00:00:00+09:00,1118.914886180954,1142.8621420475574,1110.6572117441942,1115.61181640625,151000,0.0,0.0
2004-03-19 00:00:00+09:00,1113.9601950449487,1145.33935546875,1113.9601950449487,1145.33935546875,132000,0.0,0.0
2004-03-22 00:00:00+09:00,1146.9911119543988,1146.9911119543988,1121.3923182390738,1139.5592041015625,91000,0.0,0.0
2004-03-23 00:00:00+09:00,1115.611224337946,1130.4750304357128,1099.095884229316,1108.1793212890625,80000,0.0,0.0
2004-03-24 00:00:00+09:00,1115.6112895146123,1127.9977953197338,1110.6566871925636,1114.7855224609375,140000,0.0,0.0
2004-03-25 00:00:00+09:00,1114.7857642808342,1118.9146004448373,1075.1489371064044,1085.8839111328125,122000,0.0,0.0
2004-03-26 00:00:00+09:00,1119.1677895383211,1119.1677895383211,1031.7978134033592,1043.4471435546875,144000,10.0,0.0
2004-03-29 00:00:00+09:00,1073.4024146295362,1115.007159382619,1060.9209912036115,1109.1824951171875,135000,0.0,0.0
2004-03-30 00:00:00+09:00,1092.540804974297,1120.8320367862743,1092.540804974297,1119.1678466796875,87000,0.0,0.0
2004-03-31 00:00:00+09:00,1118.3354567307692,1135.8094482421875,1110.8466032258757,1135.8094482421875,104000,0.0,0.0
2004-04-01 00:00:00+09:00,1130.8168586011202,1131.6489534198113,1090.0442124852595,1102.525634765625,165000,0.0,0.0
2004-04-02 00:00:00+09:00,1090.8763685761553,1100.8615069612918,1080.8912301910188,1082.555419921875,120000,0.0,0.0
2004-04-05 00:00:00+09:00,1065.9136908658297,1102.5258707238283,1065.9136908658297,1067.577880859375,239000,0.0,0.0
2004-04-06 00:00:00+09:00,1090.0445912948967,1100.029732589201,1071.7384989220054,1097.533447265625,115000,0.0,0.0
2004-04-07 00:00:00+09:00,1105.8543118396437,1106.6864068824125,1084.2198407276567,1105.022216796875,118000,0.0,0.0
2004-04-08 00:00:00+09:00,1104.190177707497,1104.190177707497,1086.716180923882,1088.38037109375,44000,0.0,0.0
2004-04-09 00:00:00+09:00,1081.7235912727185,1085.8840666237675,1066.7458800089423,1075.89892578125,57000,0.0,0.0
2004-04-12 00:00:00+09:00,1074.2346610846616,1086.7160862715477,1074.2346610846616,1080.059326171875,35000,0.0,0.0
2004-04-13 00:00:00+09:00,1080.0594202444092,1090.044561263618,1058.4249480361239,1088.38037109375,112000,0.0,0.0
2004-04-14 00:00:00+09:00,1073.4028900879284,1094.2052716787798,1073.4028900879284,1074.2349853515625,83000,0.0,0.0
2004-04-15 00:00:00+09:00,1075.898875103283,1075.898875103283,1046.775549017734,1054.264404296875,100000,0.0,0.0
2004-04-16 00:00:00+09:00,1071.7383242433177,1071.7383242433177,1048.4396650206368,1058.4248046875,93000,0.0,0.0
2004-04-19 00:00:00+09:00,1061.753021830897,1061.753021830897,1031.797607421875,1031.797607421875,73000,0.0,0.0
2004-04-20 00:00:00+09:00,1040.1188377622293,1075.89892578125,1033.462077200551,1075.89892578125,201000,0.0,0.0
2004-04-21 00:00:00+09:00,1081.7235773259943,1099.1975735751064,1074.2347217906604,1098.365478515625,244000,0.0,0.0
2004-04-22 00:00:00+09:00,1102.5256983823288,1105.0219829824396,1090.8763702484778,1101.693603515625,91000,0.0,0.0
2004-04-23 00:00:00+09:00,1105.0223560419818,1105.0223560419818,1094.2051191228961,1100.02978515625,98000,0.0,0.0
2004-04-26 00:00:00+09:00,1100.0296064708928,1104.190081533188,1080.059326171875,1080.059326171875,134000,0.0,0.0
2004-04-27 00:00:00+09:00,1113.3431506292752,1113.3431506292752,1100.86172517379,1110.0147705078125,155000,0.0,0.0
2004-04-28 00:00:00+09:00,1110.8466334036343,1135.809479098098,1110.8466334036343,1125.8243408203125,185000,0.0,0.0
2004-04-29 00:00:00+09:00,1125.8243408203125,1125.8243408203125,1125.8243408203125,1125.8243408203125,0,0.0,0.0
2004-04-30 00:00:00+09:00,1115.0074978134455,1118.3358784039333,1081.7236919085665,1100.02978515625,56000,0.0,0.0
2004-05-03 00:00:00+09:00,1100.02978515625,1100.02978515625,1100.02978515625,1100.02978515625,0,0.0,0.0
2004-05-04 00:00:00+09:00,1100.02978515625,1100.02978515625,1100.02978515625,1100.02978515625,0,0.0,0.0
2004-05-05 00:00:00+09:00,1100.02978515625,1100.02978515625,1100.02978515625,1100.02978515625,0,0.0,0.0
2004-05-06 00:00:00+09:00,1083.3877758129222,1100.0296771310932,1077.5631103515625,1077.5631103515625,107000,0.0,0.0
2004-05-07 00:00:00+09:00,1081.7235403203927,1081.7235403203927,1047.6076440487495,1054.264404296875,83000,0.0,0.0
2004-05-10 00:00:00+09:00,1060.920714059405,1060.920714059405,981.8717196785082,997.6815185546875,98000,0.0,0.0
2004-05-11 00:00:00+09:00,930.2817792819657,1019.3159030593989,930.2817792819657,981.03955078125,117000,0.0,0.0
2004-05-12 00:00:00+09:00,1039.2866889331583,1039.2866889331583,992.6893674117356,1000.17822265625,56000,0.0,0.0
2004-05-13 00:00:00+09:00,1016.81999453125,1040.11865234375,1000.17809609375,1040.11865234375,63000,0.0,0.0
2004-05-14 00:00:00+09:00,1040.9510904624467,1046.7757568359375,1010.995663398779,1046.7757568359375,69000,0.0,0.0
2004-05-17 00:00:00+09:00,1063.4172335997323,1063.4172335997323,998.5138343659459,1005.1705932617188,62000,0.0,0.0
2004-05-18 00:00:00+09:00,1005.1706644263336,1006.8348542680991,981.8720066416173,982.7041015625,81000,0.0,0.0
2004-05-19 00:00:00+09:00,1015.9882406269306,1015.9882406269306,990.1932893907023,1010.16357421875,42000,0.0,0.0
2004-05-20 00:00:00+09:00,1015.1559780710112,1051.768160886687,1000.1782669191438,1023.4769287109375,101000,0.0,0.0
2004-05-21 00:00:00+09:00,1040.11865234375,1048.4396015625,1039.286557421875,1040.11865234375,48000,0.0,0.0
2004-05-24 00:00:00+09:00,1040.11865234375,1056.76055078125,1023.47675390625,1040.11865234375,82000,0.0,0.0
2004-05-25 00:00:00+09:00,1041.7831626277398,1060.9213517175465,1041.7831626277398,1053.4324951171875,61000,0.0,0.0
2004-05-26 00:00:00+09:00,1069.2421841402665,1097.5334170280246,1069.2421841402665,1088.38037109375,124000,0.0,0.0
2004-05-27 00:00:00+09:00,1081.7235692814822,1128.3208922659153,1081.7235692814822,1119.1678466796875,190000,0.0,0.0
2004-05-28 00:00:00+09:00,1127.4884999034168,1139.9699224115727,1123.3280257340316,1135.8094482421875,197000,0.0,0.0
2004-05-31 00:00:00+09:00,1137.473963067528,1137.473963067528,1113.3432059870904,1129.985107421875,119000,0.0,0.0
2004-06-01 00:00:00+09:00,1123.328369140625,1128.3209396701388,1102.525991934317,1123.328369140625,106000,0.0,0.0
2004-06-02 00:00:00+09:00,1123.3281833696683,1131.6491328761101,1119.1677086164473,1124.1602783203125,161000,0.0,0.0
2004-06-03 00:00:00+09:00,1123.3280530688726,1146.626708984375,1123.3280530688726,1146.626708984375,290000,0.0,0.0
2004-06-04 00:00:00+09:00,1140.8021765480578,1185.7353038519202,1139.9700815979863,1181.5748291015625,655000,0.0,0.0
2004-06-07 00:00:00+09:00,1180.7429332680024,1198.2169301662605,1173.2540774544632,1194.8885498046875,650000,0.0,0.0
2004-06-08 00:00:00+09:00,1199.0487478584155,1199.880842756305,1184.9031345942983,1185.7352294921875,276000,0.0,0.0
2004-06-09 00:00:00+09:00,1189.8959868650666,1218.187220119201,1189.8959868650666,1210.6983642578125,419000,0.0,0.0
2004-06-10 00:00:00+09:00,1202.3774569085303,1252.3031644618256,1200.7132666567538,1251.4710693359375,561000,0.0,0.0
2004-06-11 00:00:00+09:00,1301.3963623046875,1309.7173109127737,1273.1051370371943,1301.3963623046875,854000,0.0,0.0
2004-06-14 00:00:00+09:00,1290.5794118944928,1290.5794118944928,1231.500663832269,1270.609130859375,259000,0.0,0.0
2004-06-15 00:00:00+09:00,1264.7846155034606,1264.7846155034606,1248.1427126678889,1262.288330078125,124000,0.0,0.0
2004-06-16 00:00:00+09:00,1264.784416717233,1288.9151720361801,1260.623941662242,1285.5867919921875,244000,0.0,0.0
2004-06-17 00:00:00+09:00,1281.4261266427445,1289.7470755170482,1274.7693675433018,1288.0828857421875,219000,0.0,0.0
2004-06-18 00:00:00+09:00,1279.7621467785957,1301.3966174003406,1279.7621467785957,1298.0682373046875,139000,0.0,0.0
2004-06-21 00:00:00+09:00,1304.7250161769184,1372.9568091147419,1304.7250161769184,1366.300048828125,450000,0.0,0.0
2004-06-22 00:00:00+09:00,1372.9567337036133,1481.1290824196553,1372.9567337036133,1464.4871826171875,698000,0.0,0.0
2004-06-23 00:00:00+09:00,1466.983290190248,1531.0545966818245,1460.3265310742402,1521.0694580078125,532000,0.0,0.0
2004-06-24 00:00:00+09:00,1496.1071199893427,1514.4132137823158,1481.129406886001,1512.7490234375,258000,0.0,0.0
2004-06-25 00:00:00+09:00,1487.7857981539223,1503.5956024967213,1483.62532332687,1496.9388427734375,173000,0.0,0.0
2004-06-28 00:00:00+09:00,1456.1666250228882,1491.1146240234375,1447.8456728799003,1491.1146240234375,243000,0.0,0.0
2004-06-29 00:00:00+09:00,1489.4497273078002,1489.4497273078002,1476.968305011925,1482.79296875,120000,0.0,0.0
2004-06-30 00:00:00+09:00,1465.3193422694894,1564.3386504637367,1465.3193422694894,1556.0177001953125,274000,0.0,0.0
2004-07-01 00:00:00+09:00,1551.8572250611005,1580.980551000585,1550.1930350074156,1556.0177001953125,217000,0.0,0.0
2004-07-02 00:00:00+09:00,1531.054439484127,1572.6591796875,1512.7483537946428,1572.6591796875,76000,0.0,0.0
2004-07-05 00:00:00+09:00,1572.6598206519088,1605.9436263799914,1569.3314400791005,1599.286865234375,430000,0.0,0.0
2004-07-06 00:00:00+09:00,1576.8195269291616,1587.6367585123169,1518.5728953275568,1532.718505859375,93000,0.0,0.0
2004-07-07 00:00:00+09:00,1510.2524855049492,1595.1261789052273,1506.924105371605,1589.301513671875,169000,0.0,0.0
2004-07-08 00:00:00+09:00,1589.3013332201087,1589.3013332201087,1540.2077318274457,1569.3310546875,90000,0.0,0.0
2004-07-09 00:00:00+09:00,1569.3310234232658,1614.2641492264772,1543.5360808325336,1598.454345703125,353000,0.0,0.0
2004-07-12 00:00:00+09:00,1569.3313093492422,1605.943492600232,1569.3313093492422,1602.6151123046875,93000,0.0,0.0
2004-07-13 00:00:00+09:00,1602.614472104042,1668.3499566815183,1595.9577141721456,1633.4019775390625,559000,0.0,0.0
2004-07-14 00:00:00+09:00,1668.350341796875,1693.3131898038107,1663.3577721954878,1668.350341796875,275000,0.0,0.0
2004-07-15 00:00:00+09:00,1651.708749265087,1655.0371296162507,1618.424945753448,1630.9063720703125,274000,0.0,0.0
2004-07-16 00:00:00+09:00,1655.8692346191406,1680.8320874023439,1643.3878082275392,1664.190185546875,99000,0.0,0.0
2004-07-19 00:00:00+09:00,1664.190185546875,1664.190185546875,1664.190185546875,1664.190185546875,0,0.0,0.0
2004-07-20 00:00:00+09:00,1648.3802046227331,1648.3802046227331,1602.61497935557,1605.943359375,153000,0.0,0.0
2004-07-21 00:00:00+09:00,1655.037265899149,1655.869361055458,1618.4250790215408,1645.0521240234375,171000,0.0,0.0
2004-07-22 00:00:00+09:00,1640.8914102056963,1672.5110215585444,1635.8988399920886,1643.3876953125,124000,0.0,0.0
2004-07-23 00:00:00+09:00,1632.5705318382422,1642.5556727057544,1618.4249156092667,1621.7532958984375,83000,0.0,0.0
2004-07-26 00:00:00+09:00,1572.6596348518829,1598.4545812436334,1572.6596348518829,1582.644775390625,60000,0.0,0.0
2004-07-27 00:00:00+09:00,1532.7192475248817,1555.1858162996764,1461.1590655014616,1494.44287109375,178000,0.0,0.0
2004-07-28 00:00:00+09:00,1499.4349653474396,1539.3755193633535,1499.4349653474396,1529.390380859375,190000,0.0,0.0
2004-07-29 00:00:00+09:00,1506.0916315418315,1518.5730539026754,1490.2818298847624,1500.2669677734375,111000,0.0,0.0
2004-07-30 00:00:00+09:00,1514.41308030967,1539.3759332818074,1513.5809852105988,1516.0772705078125,52000,0.0,0.0
2004-08-02 00:00:00+09:00,1507.7560502098117,1544.368228029476,1506.0918603089178,1524.39794921875,42100,0.0,0.0
2004-08-03 00:00:00+09:00,1515.2449637565824,1526.0621985335376,1502.7635390139417,1506.0919189453125,34600,0.0,0.0
2004-08-04 00:00:00+09:00,1501.93124852036,1519.4052408854168,1501.93124852036,1510.252197265625,50400,0.0,0.0
2004-08-05 00:00:00+09:00,1485.2898368688163,1511.084786416678,1469.4800290814171,1508.5885009765625,129000,0.0,0.0
2004-08-06 00:00:00+09:00,1472.8084249955737,1481.129376549221,1441.188809091714,1468.64794921875,79800,0.0,0.0
2004-08-09 00:00:00+09:00,1374.6207680410043,1447.845118880961,1374.6207680410043,1439.524169921875,82400,0.0,0.0
2004-08-10 00:00:00+09:00,1439.5244391348879,1452.0058649077337,1408.7369222285347,1450.3416748046875,40900,0.0,0.0
2004-08-11 00:00:00+09:00,1451.1734228214386,1483.6251220703125,1439.5240948859453,1483.6251220703125,55500,0.0,0.0
2004-08-12 00:00:00+09:00,1483.6253393187046,1509.42028352447,1456.1662051641802,1491.9462890625,46400,0.0,0.0
2004-08-13 00:00:00+09:00,1456.1661430027175,1466.9833772078805,1433.6995796535327,1454.501953125,26000,0.0,0.0
2004-08-16 00:00:00+09:00,1454.5016564657521,1454.5016564657521,1398.751306933026,1431.2030029296875,58200,0.0,0.0
2004-08-17 00:00:00+09:00,1406.2404259683353,1447.8451722987593,1405.4083310417268,1442.0205078125,73700,0.0,0.0
2004-08-18 00:00:00+09:00,1431.203443877551,1431.203443877551,1414.561543367347,1427.04296875,61600,0.0,0.0
2004-08-19 00:00:00+09:00,1422.882674617471,1446.1813382954178,1419.55429409205,1445.3492431640625,106100,0.0,0.0
2004-08-20 00:00:00+09:00,1456.1663326575003,1511.0846057748688,1433.699766382213,1507.7562255859375,88700,0.0,0.0
2004-08-23 00:00:00+09:00,1498.603064099728,1512.7486788080541,1496.9388741340426,1506.0919189453125,93400,0.0,0.0
2004-08-24 00:00:00+09:00,1513.5810126750216,1567.6671950960642,1498.6033006199636,1561.842529296875,137400,0.0,0.0
2004-08-25 00:00:00+09:00,1572.6598272728643,1597.622681674021,1506.0922155364467,1508.5885009765625,125000,0.0,0.0
2004-08-26 00:00:00+09:00,1533.5511344705674,1560.1781753295245,1526.894374255828,1556.0177001953125,54100,0.0,0.0
2004-08-27 00:00:00+09:00,1541.0395771329365,1580.1480329241072,1541.0395771329365,1572.6591796875,73700,0.0,0.0
2004-08-30 00:00:00+09:00,1541.0399017583447,1548.5287565725052,1523.5659071919704,1526.894287109375,35900,0.0,0.0
2004-08-31 00:00:00+09:00,1501.9315112171278,1538.5436920999828,1501.9315112171278,1522.73388671875,16300,0.0,0.0
2004-09-01 00:00:00+09:00,1507.7562099829652,1555.185627184416,1507.7562099829652,1549.3609619140625,118200,0.0,0.0
2004-09-02 00:00:00+09:00,1555.1853338928715,1565.170472473243,1541.0397209040118,1545.2001953125,82000,0.0,0.0
2004-09-03 00:00:00+09:00,1535.2152153259376,1564.3385391939094,1526.8942656493741,1533.551025390625,107600,0.0,0.0
2004-09-06 00:00:00+09:00,1483.6257210066512,1556.018002401816,1483.6257210066512,1539.3760986328125,108700,0.0,0.0
2004-09-07 00:00:00+09:00,1539.375636888587,1539.375636888587,1516.0769786005435,1531.0546875,44100,0.0,0.0
2004-09-08 00:00:00+09:00,1512.7487573696776,1539.3757982034672,1512.7487573696776,1519.405517578125,55500,0.0,0.0
2004-09-09 00:00:00+09:00,1518.5733436879532,1519.405438670796,1497.7709691168855,1506.0919189453125,26500,0.0,0.0
2004-09-10 00:00:00+09:00,1456.166310353322,1488.6180166983388,1456.166310353322,1477.80078125,165800,0.0,0.0
2004-09-13 00:00:00+09:00,1481.1292284264412,1481.961323498591,1456.1663762619505,1457.83056640625,94400,0.0,0.0
2004-09-14 00:00:00+09:00,1447.8453723538307,1447.8453723538307,1413.7294756489416,1418.7220458984375,134300,0.0,0.0
2004-09-15 00:00:00+09:00,1414.561481329371,1429.539191131682,1402.080056494112,1408.73681640625,112800,0.0,0.0
2004-09-16 00:00:00+09:00,1385.4382124467331,1401.2480178740532,1372.956787109375,1372.956787109375,210100,0.0,0.0
2004-09-17 00:00:00+09:00,1347.993501332063,1347.993501332063,1314.7097111757157,1337.17626953125,324700,0.0,0.0
2004-09-20 00:00:00+09:00,1337.17626953125,1337.17626953125,1337.17626953125,1337.17626953125,0,0.0,0.0
2004-09-21 00:00:00+09:00,1350.4905260957469,1355.483097356729,1298.900623065595,1302.22900390625,182500,0.0,0.0
2004-09-22 00:00:00+09:00,1273.105123071257,1281.4260715880625,1230.6682856355483,1266.4483642578125,232500,0.0,0.0
2004-09-23 00:00:00+09:00,1266.4483642578125,1266.4483642578125,1266.4483642578125,1266.4483642578125,0,0.0,0.0
2004-09-24 00:00:00+09:00,1266.4484915468959,1266.4484915468959,1232.3325991990491,1245.6461181640625,212000,0.0,0.0
2004-09-27 00:00:00+09:00,1256.4634934217224,1289.7472945719667,1252.3030182779419,1277.265869140625,150400,0.0,0.0
2004-09-28 00:00:00+09:00,1277.2660514042295,1278.0981465517243,1188.2318706223061,1206.5379638671875,180900,0.0,0.0
2004-09-29 00:00:00+09:00,1189.895778346706,1223.1795763424182,1131.6491318542098,1200.7130126953125,230900,0.0,0.0
2004-09-30 00:00:00+09:00,1199.0488339009257,1199.8809288585253,1177.414365003338,1178.2464599609375,143100,0.0,0.0
2004-10-01 00:00:00+09:00,1161.6047683906136,1164.9331488158016,1124.1604886072485,1134.1456298828125,232800,0.0,0.0
2004-10-04 00:00:00+09:00,1200.7130503671165,1223.1796147190998,1173.2539161591367,1189.063720703125,160600,0.0,0.0
2004-10-05 00:00:00+09:00,1185.7353189546768,1238.9893964375535,1185.7353189546768,1214.858642578125,188300,0.0,0.0
2004-10-06 00:00:00+09:00,1198.2170046542553,1206.5379560754654,1171.589960106383,1173.254150390625,146200,0.0,0.0
2004-10-07 00:00:00+09:00,1205.7055556504042,1219.851169484812,1187.3994671588177,1189.895751953125,192600,0.0,0.0
2004-10-08 00:00:00+09:00,1189.8957039816337,1202.3771274499727,1183.2389447985197,1185.7352294921875,201200,0.0,0.0
2004-10-11 00:00:00+09:00,1185.7352294921875,1185.7352294921875,1185.7352294921875,1185.7352294921875,0,0.0,0.0
2004-10-12 00:00:00+09:00,1185.735417433418,1185.735417433418,1165.76513671875,1165.76513671875,181300,0.0,0.0
2004-10-13 00:00:00+09:00,1156.6121410444346,1181.5749930094223,1148.2911903894387,1150.7874755859375,194600,0.0,0.0
2004-10-14 00:00:00+09:00,1149.123047918336,1169.093325362246,1133.313244941907,1168.26123046875,148500,0.0,0.0
2004-10-15 00:00:00+09:00,1164.9328985816626,1178.2464174225959,1164.100803654104,1172.4217529296875,141500,0.0,0.0
2004-10-18 00:00:00+09:00,1176.5824669311437,1179.0787522216624,1164.9331355753898,1174.086181640625,126800,0.0,0.0
2004-10-19 00:00:00+09:00,1169.9255050852873,1189.8957839772127,1169.9255050852873,1179.91064453125,322300,0.0,0.0
2004-10-20 00:00:00+09:00,1180.742627695561,1189.895671321108,1168.2612045698152,1176.5821533203125,158500,0.0,0.0
2004-10-21 00:00:00+09:00,1177.4147020461241,1181.5751780250857,1151.6197509765625,1151.6197509765625,213100,0.0,0.0
2004-10-22 00:00:00+09:00,1164.1009360001226,1164.1009360001226,1112.5110446262786,1113.3431396484375,204900,0.0,0.0
2004-10-25 00:00:00+09:00,1040.1186415097416,1040.1186415097416,946.9240112304688,946.9240112304688,534000,0.0,0.0
2004-10-26 00:00:00+09:00,900.3267697212391,930.2821890465299,804.6358468765602,885.3490600585938,778000,0.0,0.0
2004-10-27 00:00:00+09:00,898.6626696977459,931.9464722791438,898.6626696977459,913.640380859375,295300,0.0,0.0
2004-10-28 00:00:00+09:00,916.1363107752928,947.7559109655391,914.4721212915956,930.2819213867188,144600,0.0,0.0
2004-10-29 00:00:00+09:00,926.1217569330687,951.0846075242565,926.1217569330687,928.6180419921875,130800,0.0,0.0
2004-11-01 00:00:00+09:00,926.1217902337679,955.2451169706789,882.0207526035884,936.9390258789062,164800,0.0,0.0
2004-11-02 00:00:00+09:00,920.2971385237789,940.2674200107325,920.2971385237789,932.778564453125,78300,0.0,0.0
2004-11-03 00:00:00+09:00,932.7785644531249,932.7785644531249,932.7785644531249,932.778564453125,0,0.0,0.0
2004-11-04 00:00:00+09:00,925.2896389554503,936.9389689422995,888.6774589967814,916.9686889648438,207900,0.0,0.0
2004-11-05 00:00:00+09:00,924.4578118660081,947.7564785917041,924.4578118660081,945.2601928710938,91200,0.0,0.0
2004-11-08 00:00:00+09:00,956.9093097261375,956.9093097261375,908.6477967138627,917.8008422851562,133500,0.0,0.0
2004-11-09 00:00:00+09:00,927.7858648897842,938.6030991889476,905.3193013453679,916.1365356445312,91600,0.0,0.0
2004-11-10 00:00:00+09:00,906.9835659212208,917.8008011111069,868.7071952493161,874.5318603515625,160500,0.0,0.0
2004-11-11 00:00:00+09:00,857.0577013574314,874.5316933268548,844.576278522129,849.56884765625,351700,0.0,0.0
2004-11-12 00:00:00+09:00,848.7369579370471,877.8602849250831,848.7369579370471,861.2183837890625,161300,0.0,0.0
2004-11-15 00:00:00+09:00,841.248046875,855.3936619065282,833.7591918583086,841.248046875,357900,0.0,0.0
2004-11-16 00:00:00+09:00,842.0801564969905,869.5392920349359,842.0801564969905,855.3936767578125,129900,0.0,0.0
2004-11-17 00:00:00+09:00,851.2331868972552,863.7146119250742,836.2554768638724,841.248046875,239700,0.0,0.0
2004-11-18 00:00:00+09:00,844.5763493927432,865.3787225304955,822.1097864039707,827.1023559570312,116800,0.0,0.0
2004-11-19 00:00:00+09:00,823.7740560143191,838.7517661236702,816.2852009596434,821.2777709960938,192100,0.0,0.0
2004-11-22 00:00:00+09:00,815.4529624907568,815.4529624907568,802.9715395954902,808.7962036132812,182200,0.0,0.0
2004-11-23 00:00:00+09:00,808.7962036132812,808.7962036132812,808.7962036132812,808.7962036132812,0,0.0,0.0
2004-11-24 00:00:00+09:00,810.4603933326501,820.4455316488635,798.8110652970679,808.7962036132812,217400,0.0,0.0
2004-11-25 00:00:00+09:00,807.1322889060061,807.1322889060061,790.4903860419647,799.6434326171875,215900,0.0,0.0
2004-11-26 00:00:00+09:00,799.6433493464147,806.3001097988302,786.3298284415837,787.9940185546875,218900,0.0,0.0
2004-11-29 00:00:00+09:00,789.658102201723,811.2925707551949,789.658102201723,802.1395263671875,129000,0.0,0.0
2004-11-30 00:00:00+09:00,794.6505252235814,803.8035679224918,785.4974825246711,790.4900512695312,127000,0.0,0.0
2004-12-01 00:00:00+09:00,786.3297172214674,787.1618121603261,757.2063943614131,765.52734375,178900,0.0,0.0
2004-12-02 00:00:00+09:00,768.0237735949064,782.1693902266653,753.0460618671617,758.8707275390625,132300,0.0,0.0
2004-12-03 00:00:00+09:00,752.2141383336243,757.206710048228,733.9080420467441,744.7252807617188,256500,0.0,0.0
2004-12-06 00:00:00+09:00,744.7250257583296,758.0385457718863,736.4040757498566,748.0534057617188,148000,0.0,0.0
2004-12-07 00:00:00+09:00,748.8854828399278,748.8854828399278,732.2435832212627,734.7398681640625,123100,0.0,0.0
2004-12-08 00:00:00+09:00,726.4188710692803,743.8928645314279,726.4188710692803,730.579345703125,102500,0.0,0.0
2004-12-09 00:00:00+09:00,733.9077686566487,741.3966234388595,714.7695842132214,717.265869140625,108500,0.0,0.0
2004-12-10 00:00:00+09:00,713.9373526155674,726.4187748640912,713.9373526155674,722.25830078125,128500,0.0,0.0
2004-12-13 00:00:00+09:00,719.7621406458378,731.4114700898167,719.7621406458378,721.4263305664062,104300,0.0,0.0
2004-12-14 00:00:00+09:00,719.7621326665768,724.7547023729346,718.0979427644576,723.922607421875,109200,0.0,0.0
2004-12-15 00:00:00+09:00,732.243396847747,732.243396847747,715.6015014648438,715.6015014648438,121900,0.0,0.0
2004-12-16 00:00:00+09:00,719.7620823532,725.5867466034571,715.6016078887305,720.5941772460938,86800,0.0,0.0
2004-12-17 00:00:00+09:00,720.5942455834244,738.9003349631419,720.5942455834244,737.2361450195312,136600,0.0,0.0
2004-12-20 00:00:00+09:00,765.5274355321898,779.6730511887629,758.0385801845923,774.6804809570312,208600,0.0,0.0
2004-12-21 00:00:00+09:00,794.6506995887489,837.9196382050995,794.6506995887489,831.2628784179688,527500,0.0,0.0
2004-12-22 00:00:00+09:00,847.9048068898368,850.4010918954006,832.0950018545994,841.248046875,294400,0.0,0.0
2004-12-23 00:00:00+09:00,841.248046875,841.248046875,841.248046875,841.248046875,0,0.0,0.0
2004-12-24 00:00:00+09:00,846.2406141560068,862.8825141394091,834.5912841676252,842.0801391601562,197300,0.0,0.0
2004-12-27 00:00:00+09:00,856.2257431510866,856.2257431510866,838.7517483929012,845.4085083007812,71800,0.0,0.0
2004-12-28 00:00:00+09:00,842.9122588289817,842.9122588289817,825.438263334995,834.59130859375,67100,0.0,0.0
2004-12-29 00:00:00+09:00,838.7518422404133,839.583937322001,832.0950815877117,835.4234619140625,76900,0.0,0.0
2004-12-30 00:00:00+09:00,836.2554904338617,844.5764405874324,832.0950153570764,837.0875854492188,50700,0.0,0.0
2004-12-31 00:00:00+09:00,837.0875854492188,837.0875854492188,837.0875854492188,837.0875854492188,0,0.0,0.0
2005-01-03 00:00:00+09:00,837.0875854492188,837.0875854492188,837.0875854492188,837.0875854492188,0,0.0,0.0
2005-01-04 00:00:00+09:00,837.9195556640625,843.7442199040312,833.759081206942,837.9195556640625,69000,0.0,0.0
2005-01-05 00:00:00+09:00,844.5765156526836,854.5616567244396,837.9197549381797,851.2332763671875,133700,0.0,0.0
2005-01-06 00:00:00+09:00,859.5541829388733,887.0133194703184,854.5616126604288,882.8528442382812,163500,0.0,0.0
2005-01-07 00:00:00+09:00,882.0207099878323,882.0207099878323,867.0429998182277,876.196044921875,147400,0.0,0.0
2005-01-10 00:00:00+09:00,876.196044921875,876.196044921875,876.196044921875,876.196044921875,0,0.0,0.0
2005-01-11 00:00:00+09:00,873.6998403049564,877.86031573498,861.2184140148856,870.3714599609375,164700,0.0,0.0
2005-01-12 00:00:00+09:00,862.050361980427,873.6996911963788,857.0577923164478,859.5540771484375,130500,0.0,0.0
2005-01-13 00:00:00+09:00,857.8899331280566,863.7145980474518,841.2480333583562,845.4085083007812,154700,0.0,0.0
2005-01-14 00:00:00+09:00,832.9271185467036,852.8973991112599,826.2703583585181,834.59130859375,126600,0.0,0.0
2005-01-17 00:00:00+09:00,840.415877450749,841.247972378918,818.7814093183534,826.270263671875,309400,0.0,0.0
2005-01-18 00:00:00+09:00,826.2704411338921,832.0951068820666,821.2778704925997,827.9346313476562,241300,0.0,0.0
2005-01-19 00:00:00+09:00,836.2554216675053,836.2554216675053,817.9493328349828,820.4456176757812,122200,0.0,0.0
2005-01-20 00:00:00+09:00,815.4531860351562,821.277851649693,805.4680449816645,815.4531860351562,127500,0.0,0.0
2005-01-21 00:00:00+09:00,807.1320825298543,810.4604622516268,784.6655194078893,787.1618041992188,183400,0.0,0.0
2005-01-24 00:00:00+09:00,783.0011981522409,790.4900512695312,776.3444398257607,790.4900512695312,155300,0.0,0.0
2005-01-25 00:00:00+09:00,783.0014202587107,790.4902755002925,773.8483749634441,778.0088500976562,116600,0.0,0.0
2005-01-26 00:00:00+09:00,779.6730401513411,783.8335152855532,778.0088500976562,778.0088500976562,127300,0.0,0.0
2005-01-27 00:00:00+09:00,782.1693753536008,785.4977556742544,779.6730901131107,781.3372802734375,102500,0.0,0.0
2005-01-28 00:00:00+09:00,782.169199886485,786.3296743539663,774.6803458450187,778.8408203125,127100,0.0,0.0
2005-01-31 00:00:00+09:00,782.1693422014656,802.971718323845,779.6730570667801,791.3223876953125,189900,0.0,0.0
2005-02-01 00:00:00+09:00,805.4680203553193,808.7964006047214,794.6507845447622,804.6359252929688,145500,0.0,0.0
2005-02-02 00:00:00+09:00,807.1320565119462,818.781385162634,803.8036768974639,814.6209106445312,195500,0.0,0.0
2005-02-03 00:00:00+09:00,818.7814968726158,823.7740669754976,814.6210217868809,817.9494018554688,180700,0.0,0.0
2005-02-04 00:00:00+09:00,815.4530055481517,817.9492902590134,807.9641514155667,814.6209106445312,178300,0.0,0.0
2005-02-07 00:00:00+09:00,822.1097969440498,824.6060817525844,817.9493222631589,823.7739868164062,77300,0.0,0.0
2005-02-08 00:00:00+09:00,827.9344668369062,828.7665617784508,819.6135174214598,822.1098022460938,129200,0.0,0.0
2005-02-09 00:00:00+09:00,827.9344905160382,837.0875351348085,825.43820562001,833.7591552734375,94900,0.0,0.0
2005-02-10 00:00:00+09:00,843.7443210244766,846.2406059979218,832.094991148399,844.576416015625,136500,0.0,0.0
2005-02-11 00:00:00+09:00,844.576416015625,844.576416015625,844.576416015625,844.576416015625,0,0.0,0.0
2005-02-14 00:00:00+09:00,852.0653190978887,871.203504976064,852.0653190978887,867.0430297851562,152500,0.0,0.0
2005-02-15 00:00:00+09:00,865.3787231445312,867.0429129967323,857.0577738835261,865.3787231445312,129900,0.0,0.0
2005-02-16 00:00:00+09:00,857.0579958736271,871.20361328125,847.0728541741285,871.20361328125,150300,0.0,0.0
2005-02-17 00:00:00+09:00,865.3787814826488,870.371351375818,862.0504015538694,866.2108764648438,140800,0.0,0.0
2005-02-18 00:00:00+09:00,857.0578316607003,869.5392563936231,856.2257366785054,866.2108764648438,79100,0.0,0.0
2005-02-21 00:00:00+09:00,872.0355698747626,880.3565199689874,867.8750948276502,876.196044921875,107100,0.0,0.0
2005-02-22 00:00:00+09:00,882.0205647316052,882.0205647316052,862.0502877942859,863.7144775390625,150000,0.0,0.0
2005-02-23 00:00:00+09:00,864.5468296430687,877.8603515625,864.5468296430687,877.8603515625,111100,0.0,0.0
2005-02-24 00:00:00+09:00,875.3639499124525,876.196044921875,869.5392848464951,876.196044921875,77500,0.0,0.0
2005-02-25 00:00:00+09:00,875.3639635857735,877.8602486530333,869.539298428834,872.0355834960938,120000,0.0,0.0
2005-02-28 00:00:00+09:00,875.3640081126957,879.5244834364253,874.5319130479497,877.0281982421875,96900,0.0,0.0
2005-03-01 00:00:00+09:00,881.188670512842,969.3907470703125,878.6923853272532,969.3907470703125,400700,0.0,0.0
2005-03-02 00:00:00+09:00,998.5140244100103,1023.4768750202605,986.0325991048852,1002.6744995117188,548900,0.0,0.0
2005-03-03 00:00:00+09:00,1002.674740716988,1012.6598833631323,973.5514079990671,1003.5068359375,317900,0.0,0.0
2005-03-04 00:00:00+09:00,1001.0103642879766,1077.5631103515625,994.3536037607082,1077.5631103515625,346400,0.0,0.0
2005-03-07 00:00:00+09:00,1078.3951970880682,1106.6864291104403,1078.3951970880682,1098.365478515625,285900,0.0,0.0
2005-03-08 00:00:00+09:00,1095.869462206048,1095.869462206048,1027.6376505880555,1074.2349853515625,252200,0.0,0.0
2005-03-09 00:00:00+09:00,1040.9508056640625,1056.7606100666342,1023.476811324378,1040.9508056640625,226500,0.0,0.0
2005-03-10 00:00:00+09:00,1040.1186261858259,1071.738232421875,1032.629772077288,1048.4395751953125,80500,0.0,0.0
2005-03-11 00:00:00+09:00,1081.7235437239178,1081.7235437239178,1055.096502647637,1071.7384033203125,195000,0.0,0.0
2005-03-14 00:00:00+09:00,1079.2273860162427,1079.2273860162427,1052.600341796875,1052.600341796875,71700,0.0,0.0
2005-03-15 00:00:00+09:00,1048.4398822445476,1071.7385462944264,1030.1337890625,1030.1337890625,169000,0.0,0.0
2005-03-16 00:00:00+09:00,1027.6373740443141,1060.089080593082,1009.3312831706503,1050.93603515625,139200,0.0,0.0
2005-03-17 00:00:00+09:00,1060.088832141507,1060.088832141507,1025.9729435090096,1031.797607421875,104000,0.0,0.0
2005-03-18 00:00:00+09:00,1030.1338590467979,1047.6078582713396,1008.4993838164127,1010.16357421875,140200,0.0,0.0
2005-03-21 00:00:00+09:00,1010.16357421875,1010.16357421875,1010.16357421875,1010.16357421875,0,0.0,0.0
2005-03-22 00:00:00+09:00,1007.6668760404305,1014.3236349242649,981.0398405050929,986.0324096679688,210100,0.0,0.0
2005-03-23 00:00:00+09:00,969.3907332461104,977.711683746077,965.2302579961271,973.5512084960938,136600,0.0,0.0
2005-03-24 00:00:00+09:00,961.0697118184027,996.0177013390719,951.9166669439417,976.8795166015625,111300,0.0,0.0
2005-03-25 00:00:00+09:00,963.5660561350594,976.879576772504,918.6329239836836,940.2673950195312,141300,0.0,0.0
2005-03-28 00:00:00+09:00,923.4767145487108,962.094831702566,923.4767145487108,950.3414916992188,45500,10.0,0.0
2005-03-29 00:00:00+09:00,1017.5037537842774,1074.5914231385107,1007.4294591923539,1048.566162109375,591000,0.0,0.0
2005-03-30 00:00:00+09:00,1018.3427715579734,1041.0099231095523,1016.6637232948934,1035.9727783203125,249100,0.0,0.0
2005-03-31 00:00:00+09:00,1029.2572384824234,1041.0105837832016,1025.8991398250582,1035.1339111328125,170700,0.0,0.0
2005-04-01 00:00:00+09:00,1030.0961951471145,1042.689058168473,1023.3800015357233,1041.010009765625,86200,0.0,0.0
2005-04-04 00:00:00+09:00,1041.849533967049,1057.800493794103,1026.738098341419,1041.010009765625,107700,0.0,0.0
2005-04-05 00:00:00+09:00,1024.2199566835648,1031.7756776754927,1021.7013830195889,1023.3804321289062,105300,0.0,0.0
2005-04-06 00:00:00+09:00,1020.0221635828066,1020.0221635828066,992.3178579052488,1002.3921508789062,156600,0.0,0.0
2005-04-07 00:00:00+09:00,999.0342910517318,1003.2319141233777,974.6880772361853,976.3671264648438,111000,0.0,0.0
2005-04-08 00:00:00+09:00,973.8482400192144,989.7992025712532,959.5763261568637,983.0830078125,137000,0.0,0.0
2005-04-11 00:00:00+09:00,981.4040016291292,986.4411479163616,973.8482821982805,985.6016235351562,48700,0.0,0.0
2005-04-12 00:00:00+09:00,967.971670750397,982.2435861040456,961.2554752898565,974.6878662109375,53300,0.0,0.0
2005-04-13 00:00:00+09:00,965.4528734803405,980.5643097609023,962.0947765291046,972.1690673828125,59300,0.0,0.0
2005-04-14 00:00:00+09:00,973.8485996160983,980.5647968548301,967.9719270322081,975.5276489257812,68700,0.0,0.0
2005-04-15 00:00:00+09:00,975.5272055979221,982.2433997844828,949.501953125,949.501953125,54000,0.0,0.0
2005-04-18 00:00:00+09:00,885.698331401612,909.2050169743562,864.7102192830904,887.3773803710938,130700,0.0,0.0
2005-04-19 00:00:00+09:00,887.3772156775217,920.1186645057368,887.3772156775217,910.0443725585938,83700,0.0,0.0
2005-04-20 00:00:00+09:00,923.4766272093301,939.4275871338549,910.883764111021,934.3904418945312,47200,0.0,0.0
2005-04-21 00:00:00+09:00,910.8841845975908,925.9956272913757,889.8960697451117,901.6494140625,100800,0.0,0.0
2005-04-22 00:00:00+09:00,931.8722200520833,944.465087890625,913.4026805555555,944.465087890625,77900,0.0,0.0
2005-04-25 00:00:00+09:00,945.3045331201043,973.008840041031,945.3045331201043,957.8973999023438,111400,0.0,0.0
2005-04-26 00:00:00+09:00,959.5762614820721,974.6876986707662,926.8348142399017,961.2553100585938,76800,0.0,0.0
2005-04-27 00:00:00+09:00,972.1694704767972,981.4042409217409,966.2927983754694,978.046142578125,61600,0.0,0.0
2005-04-28 00:00:00+09:00,990.6387269160973,990.6387269160973,978.0458617434351,983.0830078125,81500,0.0,0.0
2005-04-29 00:00:00+09:00,983.0830078125,983.0830078125,983.0830078125,983.0830078125,0,0.0,0.0
2005-05-02 00:00:00+09:00,999.873732291612,1003.2318304689138,973.848471417523,1000.7132568359375,62500,0.0,0.0
2005-05-03 00:00:00+09:00,1000.7132568359374,1000.7132568359374,1000.7132568359374,1000.7132568359375,0,0.0,0.0
2005-05-04 00:00:00+09:00,1000.7132568359374,1000.7132568359374,1000.7132568359374,1000.7132568359375,0,0.0,0.0
2005-05-05 00:00:00+09:00,1000.7132568359374,1000.7132568359374,1000.7132568359374,1000.7132568359375,0,0.0,0.0
2005-05-06 00:00:00+09:00,990.6388509522504,1007.4293399514411,988.9598020523314,1004.9107666015625,60100,0.0,0.0
2005-05-09 00:00:00+09:00,1007.42920527683,1015.824448654137,994.8363402108696,1014.9849243164062,60600,0.0,0.0
2005-05-10 00:00:00+09:00,1015.8246659579343,1019.1827640272168,970.4903420226215,980.5646362304688,47000,0.0,0.0
2005-05-11 00:00:00+09:00,965.4531445475396,1007.4293682235196,965.4531445475396,1006.58984375,89400,0.0,0.0
2005-05-12 00:00:00+09:00,993.9966007799457,1020.0218496179341,992.3175524678174,1005.7499389648438,45300,0.0,0.0
2005-05-13 00:00:00+09:00,999.0337627002864,1007.4290044036502,988.1199484859136,988.95947265625,42800,0.0,0.0
2005-05-16 00:00:00+09:00,970.4900772294623,975.527222959027,940.2672028520742,961.2553100585938,178400,0.0,0.0
2005-05-17 00:00:00+09:00,957.0578646273226,967.1321579391891,931.8721313476562,931.8721313476562,87000,0.0,0.0
2005-05-18 00:00:00+09:00,927.6743410730234,932.7114868164062,898.2909909032896,932.7114868164062,156500,0.0,0.0
2005-05-19 00:00:00+09:00,931.8720646580169,940.2673084837649,915.0815770065211,924.3163452148438,97700,0.0,0.0
2005-05-20 00:00:00+09:00,929.3536000754616,938.588369362571,915.9212083851207,923.4769287109375,141100,0.0,0.0
2005-05-23 00:00:00+09:00,915.0814946033464,931.8719807428573,907.5257758405664,930.1929321289062,78100,0.0,0.0
2005-05-24 00:00:00+09:00,923.4767638530927,923.4767638530927,889.8957906220712,895.7724609375,127000,0.0,0.0
2005-05-25 00:00:00+09:00,902.4885217124234,902.4885217124234,887.3770860000294,891.57470703125,61800,0.0,0.0
2005-05-26 00:00:00+09:00,889.8958873020784,893.2539849900108,867.2287279085349,879.8215942382812,106000,0.0,0.0
2005-05-27 00:00:00+09:00,879.8216179806096,884.8587646484375,856.314933530746,884.8587646484375,89100,0.0,0.0
2005-05-30 00:00:00+09:00,884.8586164447623,911.7233941736356,873.1052761883802,894.0933837890625,123200,0.0,0.0
2005-05-31 00:00:00+09:00,905.8467529068065,905.8467529068065,889.0562662912957,895.7724609375,98100,0.0,0.0
2005-06-01 00:00:00+09:00,899.9702618026378,905.007408790339,895.7726393128867,899.1307373046875,75700,0.0,0.0
2005-06-02 00:00:00+09:00,906.6864624023438,923.4769524468315,898.2912173800999,906.6864624023438,72400,0.0,0.0
2005-06-03 00:00:00+09:00,920.9583932204339,920.9583932204339,902.4888538851108,907.5260009765625,30500,0.0,0.0
2005-06-06 00:00:00+09:00,910.0445078272544,910.0445078272544,880.6611519472232,889.056396484375,76500,0.0,0.0
2005-06-07 00:00:00+09:00,905.8469332882893,905.8469332882893,885.6983453374839,899.1307373046875,72400,0.0,0.0
2005-06-08 00:00:00+09:00,898.2912128067373,899.1307373046875,884.8588208395338,899.1307373046875,85900,0.0,0.0
2005-06-09 00:00:00+09:00,901.6492167932346,901.6492167932346,890.7353994577485,900.8096923828125,38200,0.0,0.0
2005-06-10 00:00:00+09:00,900.8097677334872,935.2302714399858,877.3030822753906,923.4769287109375,110900,0.0,0.0
2005-06-13 00:00:00+09:00,955.378729974786,955.378729974786,923.4768040178072,937.7487182617188,150300,0.0,0.0
2005-06-14 00:00:00+09:00,940.2671508789062,946.9833448137555,936.9090539114816,940.2671508789062,119400,0.0,0.0
2005-06-15 00:00:00+09:00,939.4277627963662,941.9463358869731,931.8720435245456,941.1068115234375,90000,0.0,0.0
2005-06-16 00:00:00+09:00,940.2673757742117,941.1069002168672,931.0326069050006,931.8721313476562,78700,0.0,0.0
2005-06-17 00:00:00+09:00,940.2671471863879,951.1809622876585,925.9952351308802,943.625244140625,54300,0.0,0.0
2005-06-20 00:00:00+09:00,961.25535890782,980.5644185190688,953.6996399295052,971.3296508789062,95200,0.0,0.0
2005-06-21 00:00:00+09:00,979.7251311937968,980.5646557278103,963.7741650475396,967.1322631835938,61400,0.0,0.0
2005-06-22 00:00:00+09:00,951.1812279010642,973.848388671875,951.1812279010642,973.848388671875,26500,0.0,0.0
2005-06-23 00:00:00+09:00,972.1691258059839,973.8481743825054,957.0576886172898,961.2553100585938,31600,0.0,0.0
2005-06-24 00:00:00+09:00,957.0578895475318,958.7369384765625,941.946449186255,958.7369384765625,29800,0.0,0.0
2005-06-27 00:00:00+09:00,931.8721364202833,952.8602476009202,919.279269711901,939.4278564453125,63300,0.0,0.0
2005-06-28 00:00:00+09:00,943.6252478463309,953.6995387486048,924.316190283639,940.2671508789062,21700,0.0,0.0
2005-06-29 00:00:00+09:00,936.0698607860684,961.2555969507159,915.0817473155287,952.8603515625,103700,0.0,0.0
2005-06-30 00:00:00+09:00,965.4533064785643,999.0342910517318,941.9466172773471,976.3671264648438,92800,0.0,0.0
2005-07-01 00:00:00+09:00,993.1574059041341,1020.0221878051758,982.2435882568359,1007.4293212890625,226000,0.0,0.0
2005-07-04 00:00:00+09:00,1003.2316991170247,1007.4293212890625,983.0831126912435,1007.4293212890625,41200,0.0,0.0
2005-07-05 00:00:00+09:00,1007.4293212890625,1013.3059923299154,983.0831126912435,1007.4293212890625,71300,0.0,0.0
2005-07-06 00:00:00+09:00,1007.4294155458861,1015.8246606754351,991.4784497997429,994.8365478515625,79300,0.0,0.0
2005-07-07 00:00:00+09:00,990.6386006146103,990.6386006146103,969.6504946693855,972.1690673828125,129900,0.0,0.0
2005-07-08 00:00:00+09:00,969.6506839040982,996.5154647568525,967.9716351008011,990.6387939453125,137600,0.0,0.0
2005-07-11 00:00:00+09:00,982.243279293559,999.0337627002864,982.243279293559,988.95947265625,64200,0.0,0.0
2005-07-12 00:00:00+09:00,992.3181398562168,996.51576312126,985.6019426321476,986.4414672851562,29300,0.0,0.0
2005-07-13 00:00:00+09:00,986.4411719370696,998.1945135601496,977.2064035189353,990.6387939453125,32400,0.0,0.0
2005-07-14 00:00:00+09:00,989.7990652231069,990.6385894514557,978.885250254574,982.2433471679688,22500,0.0,0.0
2005-07-15 00:00:00+09:00,965.4530129701028,986.4411219477138,965.4530129701028,969.650634765625,39100,0.0,0.0
2005-07-18 00:00:00+09:00,969.650634765625,969.650634765625,969.650634765625,969.650634765625,0,0.0,0.0
2005-07-19 00:00:00+09:00,965.4527858672714,976.3665999683797,931.8718194023228,938.5880126953125,112200,0.0,0.0
2005-07-20 00:00:00+09:00,972.1693299088087,975.5274277668701,958.7369384765625,958.7369384765625,75200,0.0,0.0
2005-07-21 00:00:00+09:00,975.5276229046902,982.243819964275,962.9347534179688,962.9347534179688,71100,0.0,0.0
2005-07-22 00:00:00+09:00,961.2556061326411,968.8113270542077,948.6627379300302,957.0579833984375,46700,0.0,0.0
2005-07-25 00:00:00+09:00,957.05768092239,973.8481665526074,948.6624381072813,967.9714965820312,119400,0.0,0.0
2005-07-26 00:00:00+09:00,968.811241833917,977.206486563847,963.7740949959591,973.848388671875,43100,0.0,0.0
2005-07-27 00:00:00+09:00,982.2434834676558,985.6015808470324,976.3668130537468,983.0830078125,37100,0.0,0.0
2005-07-28 00:00:00+09:00,983.0829105814737,1001.5524443413306,983.0829105814737,988.1200561523438,69600,0.0,0.0
2005-07-29 00:00:00+09:00,990.6387927946927,996.5154635994069,972.1692559798763,979.7249755859375,68800,0.0,0.0
2005-08-01 00:00:00+09:00,989.7992969835998,989.7992969835998,979.72500388453,981.404052734375,47800,0.0,0.0
2005-08-02 00:00:00+09:00,983.0828534294577,988.1199987074908,965.4528449563419,970.489990234375,59000,0.0,0.0
2005-08-03 00:00:00+09:00,957.8971341761147,969.6504732457603,948.6623677642503,963.7738037109375,61900,0.0,0.0
2005-08-04 00:00:00+09:00,973.0090749612569,984.7624201290374,973.0090749612569,975.5276489257812,54500,0.0,0.0
2005-08-05 00:00:00+09:00,978.0457081514246,988.1199987074908,969.6504660213695,970.489990234375,148400,0.0,0.0
2005-08-08 00:00:00+09:00,969.6504837427384,993.9966863648505,957.057620317508,982.2433471679688,95300,0.0,0.0
2005-08-09 00:00:00+09:00,990.6387370622077,990.6387370622077,979.7249204674546,987.2806396484375,62500,0.0,0.0
2005-08-10 00:00:00+09:00,990.6385209969227,990.6385209969227,981.4037551232226,988.95947265625,83500,0.0,0.0
2005-08-11 00:00:00+09:00,989.7993265022909,1006.5898155014816,988.1202776023717,1004.9107666015625,82700,0.0,0.0
2005-08-12 00:00:00+09:00,1004.9108229104327,1011.6270188864423,990.6389064614124,1008.2689208984375,112300,0.0,0.0
2005-08-15 00:00:00+09:00,1011.6264446497751,1030.9354971202688,1009.1078725884063,1017.5031127929688,169400,0.0,0.0
2005-08-16 00:00:00+09:00,1029.2569611718422,1030.0964856099922,988.9597881406445,1004.0712280273438,113300,0.0,0.0
2005-08-17 00:00:00+09:00,1004.9106282792853,1021.7011149673268,993.1572875976562,993.1572875976562,112300,0.0,0.0
2005-08-18 00:00:00+09:00,1007.429229359568,1024.2197165155608,999.0339857815716,1020.0220947265625,83700,0.0,0.0
2005-08-19 00:00:00+09:00,1019.182611615826,1020.0221360076018,993.9968798625519,1011.6268920898438,45300,0.0,0.0
2005-08-22 00:00:00+09:00,1028.4170387617123,1032.6146593280866,1007.4289359298407,1027.5775146484375,134800,0.0,0.0
2005-08-23 00:00:00+09:00,1031.7751352148118,1032.6146593280866,1015.8241770625893,1027.5775146484375,84000,0.0,0.0
2005-08-24 00:00:00+09:00,1021.7012846779336,1028.41748046875,1016.6641378348214,1028.41748046875,60000,0.0,0.0
2005-08-25 00:00:00+09:00,1028.4172258220735,1029.2567500880507,1020.0219831623015,1024.2196044921875,43500,0.0,0.0
2005-08-26 00:00:00+09:00,1025.0592806055479,1036.8126220703125,1020.8616586538461,1036.8126220703125,148400,0.0,0.0
2005-08-29 00:00:00+09:00,1035.9727783203125,1037.6518265833924,1024.219440478753,1035.9727783203125,115600,0.0,0.0
2005-08-30 00:00:00+09:00,1032.6148471519596,1034.293895683914,1013.3057890344838,1024.2196044921875,99700,0.0,0.0
2005-08-31 00:00:00+09:00,1028.417338304559,1030.0963870201583,1016.663997295364,1020.0220947265625,46800,0.0,0.0
2005-09-01 00:00:00+09:00,1029.2571040115167,1039.3313986674207,1021.7013830195889,1023.3804321289062,66200,0.0,0.0
2005-09-02 00:00:00+09:00,1028.4176775137323,1036.8129238607833,1024.2200543402068,1029.2572021484375,58300,0.0,0.0
2005-09-05 00:00:00+09:00,1012.4667094543357,1034.294349956668,999.0343152990544,1029.2572021484375,56900,0.0,0.0
2005-09-06 00:00:00+09:00,1030.935800484823,1031.7753247523187,993.9967327150084,995.67578125,81900,0.0,0.0
2005-09-07 00:00:00+09:00,995.6762519087719,1036.812960461495,992.3181532514067,1035.1339111328125,173400,0.0,0.0
2005-09-08 00:00:00+09:00,1031.7758039542828,1036.81295189873,1026.7386560098355,1030.936279296875,80600,0.0,0.0
2005-09-09 00:00:00+09:00,1036.8126121458968,1036.8126121458968,1026.7383195582443,1032.614990234375,156600,0.0,0.0
2005-09-12 00:00:00+09:00,1041.0103942436165,1072.9123256801142,1041.0103942436165,1060.3194580078125,198900,0.0,0.0
2005-09-13 00:00:00+09:00,1064.5168195520182,1073.7515869140625,1047.7263334392103,1073.7515869140625,142000,0.0,0.0
2005-09-14 00:00:00+09:00,1056.9613599618654,1061.9985070307862,1051.9242128929445,1060.3194580078125,114900,0.0,0.0
2005-09-15 00:00:00+09:00,1066.1959683363605,1074.5912121815288,1049.4054806460242,1054.442626953125,91000,0.0,0.0
2005-09-16 00:00:00+09:00,1071.232998386221,1091.381581427968,1063.6772797455658,1087.1839599609375,75400,0.0,0.0
2005-09-19 00:00:00+09:00,1087.1839599609375,1087.1839599609375,1087.1839599609375,1087.1839599609375,0,0.0,0.0
2005-09-20 00:00:00+09:00,1103.9743507436842,1122.443883607837,1083.8257694373356,1117.40673828125,144400,0.0,0.0
2005-09-21 00:00:00+09:00,1118.2467169260701,1118.2467169260701,1077.1100133754865,1078.7890625,101200,0.0,0.0
2005-09-22 00:00:00+09:00,1073.751775508473,1094.7398868358475,1060.3193842589535,1092.2213134765625,94200,0.0,0.0
2005-09-23 00:00:00+09:00,1092.2213134765625,1092.2213134765625,1092.2213134765625,1092.2213134765625,0,0.0,0.0
2005-09-26 00:00:00+09:00,1092.2211366143847,1109.011622957419,1077.9492232228054,1099.77685546875,84500,0.0,0.0
2005-09-27 00:00:00+09:00,1099.7767801190078,1115.7277410520317,1082.9862949263513,1098.937255859375,94900,0.0,0.0
2005-09-28 00:00:00+09:00,1094.739686528749,1098.09778372669,1060.3191902498543,1080.4677734375,77700,0.0,0.0
2005-09-29 00:00:00+09:00,1063.6773416104265,1080.4678284551057,1040.1706600278756,1072.912109375,102400,0.0,0.0
2005-09-30 00:00:00+09:00,1072.9122217602367,1077.1098439110983,1054.4426842964453,1068.714599609375,203300,0.0,0.0
2005-10-03 00:00:00+09:00,1051.9239888509114,1114.8883138020833,1051.9239888509114,1108.172119140625,136300,0.0,0.0
2005-10-04 00:00:00+09:00,1074.5914824263039,1112.3700892303536,1074.5914824263039,1110.6910400390625,180100,0.0,0.0
2005-10-05 00:00:00+09:00,1077.9490482159515,1124.96240234375,1077.1095240350978,1124.96240234375,411800,0.0,0.0
2005-10-06 00:00:00+09:00,1123.2834886075157,1123.2834886075157,1091.3815659116372,1100.6163330078125,201200,0.0,0.0
2005-10-07 00:00:00+09:00,1083.825820791207,1095.5791604434742,1041.8496077473958,1070.3934326171875,246300,0.0,0.0
2005-10-10 00:00:00+09:00,1070.3934326171875,1070.3934326171875,1070.3934326171875,1070.3934326171875,0,0.0,0.0
2005-10-11 00:00:00+09:00,1141.7532958984375,1145.9509183098287,1129.1604286642635,1141.7532958984375,823300,0.0,0.0
2005-10-12 00:00:00+09:00,1174.4949567149968,1198.0016463418872,1167.7787596787423,1179.5321044921875,746100,0.0,0.0
2005-10-13 00:00:00+09:00,1150.148265990312,1164.420178779973,1108.1720519030744,1140.073974609375,212800,0.0,0.0
2005-10-14 00:00:00+09:00,1150.148220794808,1191.2849089838194,1149.3086965460527,1180.37109375,196300,0.0,0.0
2005-10-17 00:00:00+09:00,1181.2103912723294,1190.445156236079,1171.9756263085799,1177.852294921875,199200,0.0,0.0
2005-10-18 00:00:00+09:00,1182.8896161247703,1187.0872371897979,1167.778180290671,1170.2967529296875,131300,0.0,0.0
2005-10-19 00:00:00+09:00,1166.938935546875,1181.2108505859376,1141.753203125,1154.3460693359375,123300,0.0,0.0
2005-10-20 00:00:00+09:00,1154.3457508087158,1183.7290971929376,1139.2343155254016,1182.050048828125,92900,0.0,0.0
2005-10-21 00:00:00+09:00,1182.0505553596615,1192.1248498655677,1167.778638142961,1190.44580078125,195000,0.0,0.0
2005-10-24 00:00:00+09:00,1198.0016060304106,1199.6806552329758,1186.2482616124528,1195.4830322265625,152600,0.0,0.0
2005-10-25 00:00:00+09:00,1197.1616220574629,1276.076904296875,1187.9268549868934,1276.076904296875,524300,0.0,0.0
2005-10-26 00:00:00+09:00,1271.8793640136719,1284.4722290039062,1242.4960123697917,1259.2864990234375,366700,0.0,0.0
2005-10-27 00:00:00+09:00,1271.8793352073599,1275.2374324620328,1250.0517030519861,1257.607421875,258100,0.0,0.0
2005-10-28 00:00:00+09:00,1259.2869526631123,1266.0031497439822,1242.4964599609375,1242.4964599609375,161200,0.0,0.0
2005-10-31 00:00:00+09:00,1259.2866866983832,1276.0771758543617,1255.9285888671875,1255.9285888671875,128500,0.0,0.0
2005-11-01 00:00:00+09:00,1274.397946878744,1326.4484559080472,1272.7188982003793,1313.8555908203125,198400,0.0,0.0
2005-11-02 00:00:00+09:00,1321.4115459735576,1322.2510704627402,1298.744384765625,1309.658203125,243200,0.0,0.0
2005-11-03 00:00:00+09:00,1309.658203125,1309.658203125,1309.658203125,1309.658203125,0,0.0,0.0
2005-11-04 00:00:00+09:00,1308.8186597467238,1317.213904517389,1301.262939453125,1301.262939453125,220700,0.0,0.0
2005-11-07 00:00:00+09:00,1260.9654672723068,1292.8673898797285,1260.125942993164,1276.076904296875,194000,0.0,0.0
2005-11-08 00:00:00+09:00,1261.8053548891428,1272.719173660639,1230.7429476164227,1243.3358154296875,170500,0.0,0.0
2005-11-09 00:00:00+09:00,1226.5454395373115,1239.1383085264008,1200.52017695986,1217.3106689453125,204500,0.0,0.0
2005-11-10 00:00:00+09:00,1225.7056435724194,1266.002815415896,1218.1499238517674,1248.372802734375,156100,0.0,0.0
2005-11-11 00:00:00+09:00,1250.8914703631701,1286.15149838683,1250.0519458864164,1268.521484375,123700,0.0,0.0
2005-11-14 00:00:00+09:00,1243.3357071718865,1250.8914272019654,1099.7770266003856,1142.5927734375,514000,0.0,0.0
2005-11-15 00:00:00+09:00,1135.0371000402113,1145.9509183098287,1124.9628062528723,1141.7532958984375,173500,0.0,0.0
2005-11-16 00:00:00+09:00,1125.801780762803,1141.7527381337898,1117.406540041231,1134.197021484375,138900,0.0,0.0
2005-11-17 00:00:00+09:00,1157.7040775784956,1250.8912803422468,1149.3088340862657,1239.137939453125,301400,0.0,0.0
2005-11-18 00:00:00+09:00,1222.3475231441237,1234.1008647128172,1198.0013156089728,1207.236083984375,204500,0.0,0.0
2005-11-21 00:00:00+09:00,1239.9776126949055,1257.607626145544,1208.07568359375,1208.07568359375,173900,0.0,0.0
2005-11-22 00:00:00+09:00,1208.075767986997,1233.2615032473238,1201.359571917577,1213.1129150390625,129300,0.0,0.0
2005-11-23 00:00:00+09:00,1213.1129150390625,1213.1129150390625,1213.1129150390625,1213.1129150390625,0,0.0,0.0
2005-11-24 00:00:00+09:00,1246.693615189709,1246.693615189709,1202.1988262300763,1211.43359375,148200,0.0,0.0
2005-11-25 00:00:00+09:00,1228.2241229132262,1242.496036850017,1213.1126846272125,1239.137939453125,107000,0.0,0.0
2005-11-28 00:00:00+09:00,1205.5570916587205,1219.8290070892208,1204.7175672216324,1210.59423828125,150000,0.0,0.0
2005-11-29 00:00:00+09:00,1217.3107038225446,1245.015016392299,1217.3107038225446,1234.1011962890625,104100,0.0,0.0
2005-11-30 00:00:00+09:00,1249.2122131719068,1267.6817485817064,1228.2241047516798,1241.656494140625,157400,0.0,0.0
2005-12-01 00:00:00+09:00,1266.0031422747022,1292.028405809527,1248.3731250414337,1286.1517333984375,192100,0.0,0.0
2005-12-02 00:00:00+09:00,1292.028170205393,1307.1396107925907,1286.1514988659274,1301.262939453125,203000,0.0,0.0
2005-12-05 00:00:00+09:00,1250.8913314819335,1343.239013671875,1243.3356120300293,1343.239013671875,181700,0.0,0.0
2005-12-06 00:00:00+09:00,1344.0786796140787,1385.215378740306,1344.0786796140787,1373.4620361328125,221600,0.0,0.0
2005-12-07 00:00:00+09:00,1348.2763203926343,1372.6225304121776,1309.6581941547383,1370.9434814453125,116100,0.0,0.0
2005-12-08 00:00:00+09:00,1360.0292106543332,1371.7825495118398,1342.3992023680732,1354.9920654296875,105800,0.0,0.0
2005-12-09 00:00:00+09:00,1376.8198102678573,1376.8198102678573,1316.3740625,1322.250732421875,226000,0.0,0.0
2005-12-12 00:00:00+09:00,1343.2391634676903,1363.3877509197057,1312.1767578125,1312.1767578125,120700,0.0,0.0
2005-12-13 00:00:00+09:00,1342.39948928833,1343.239013671875,1319.7323309326173,1343.239013671875,85700,0.0,0.0
2005-12-14 00:00:00+09:00,1319.732273200608,1343.2389549115603,1315.5346514665093,1328.967041015625,100100,0.0,0.0
2005-12-15 00:00:00+09:00,1312.1766901465612,1316.3743123159359,1275.2376150560629,1282.7933349609375,170900,0.0,0.0
2005-12-16 00:00:00+09:00,1282.7934009576613,1319.7324779485887,1278.5957785723285,1301.262939453125,160800,0.0,0.0
2005-12-19 00:00:00+09:00,1276.0771666181847,1281.9538377802423,1239.1380907423952,1262.644775390625,323500,0.0,0.0
2005-12-20 00:00:00+09:00,1262.644861051038,1262.644861051038,1213.1129150390625,1213.1129150390625,439200,0.0,0.0
2005-12-21 00:00:00+09:00,1224.866040359634,1229.9031865160136,1208.9150775310989,1214.791748046875,257500,0.0,0.0
2005-12-22 00:00:00+09:00,1208.9151099420362,1257.6075240924795,1208.9151099420362,1249.2122802734375,152900,0.0,0.0
2005-12-23 00:00:00+09:00,1249.2122802734375,1249.2122802734375,1249.2122802734375,1249.2122802734375,0,0.0,0.0
2005-12-26 00:00:00+09:00,1250.0516721245733,1256.7678664677544,1217.3102247015656,1245.0145263671875,155100,0.0,0.0
2005-12-27 00:00:00+09:00,1245.0145914878615,1255.9284078663793,1229.0636290884888,1241.656494140625,86200,0.0,0.0
2005-12-28 00:00:00+09:00,1229.06349040043,1246.6934994840428,1226.5449176741997,1244.1749267578125,70100,0.0,0.0
2005-12-29 00:00:00+09:00,1251.730966578193,1271.0400291075682,1235.7800018800135,1255.9285888671875,268300,0.0,0.0
2005-12-30 00:00:00+09:00,1259.2867813264897,1262.644879410027,1235.7800947417286,1243.3358154296875,46500,0.0,0.0
2006-01-02 00:00:00+09:00,1243.3358154296875,1243.3358154296875,1243.3358154296875,1243.3358154296875,0,0.0,0.0
2006-01-03 00:00:00+09:00,1243.3358154296875,1243.3358154296875,1243.3358154296875,1243.3358154296875,0,0.0,0.0
2006-01-04 00:00:00+09:00,1259.2867813264897,1266.0029774935645,1237.4591437834972,1243.3358154296875,102100,0.0,0.0
2006-01-05 00:00:00+09:00,1239.1380795831549,1242.4961773598031,1208.9151995933219,1225.7056884765625,230400,0.0,0.0
2006-01-06 00:00:00+09:00,1229.0635963613456,1234.1007422480725,1215.6312073300742,1218.1497802734375,145000,0.0,0.0
2006-01-09 00:00:00+09:00,1218.1497802734375,1218.1497802734375,1218.1497802734375,1218.1497802734375,0,0.0,0.0
2006-01-10 00:00:00+09:00,1234.1008847062758,1234.9404091176407,1213.1127744221556,1215.63134765625,147100,0.0,0.0
2006-01-11 00:00:00+09:00,1225.7055498655573,1239.137939453125,1218.9893550717734,1239.137939453125,67900,0.0,0.0
2006-01-12 00:00:00+09:00,1234.1009357389858,1301.2628914254612,1229.0637890625,1280.2747802734375,252700,0.0,0.0
2006-01-13 00:00:00+09:00,1291.1886547542936,1291.1886547542936,1260.1262488856921,1261.8052978515625,125600,0.0,0.0
2006-01-16 00:00:00+09:00,1260.9656329110642,1292.028035319659,1260.9656329110642,1264.32373046875,98400,0.0,0.0
2006-01-17 00:00:00+09:00,1264.3236244560087,1279.4350621985109,1246.693613756423,1250.8912353515625,89000,0.0,0.0
2006-01-18 00:00:00+09:00,1238.2983742179451,1243.3355201469672,1175.3340501051682,1222.347412109375,141000,0.0,0.0
2006-01-19 00:00:00+09:00,1175.3341346658685,1250.891329037246,1175.3341346658685,1249.2122802734375,125000,0.0,0.0
2006-01-20 00:00:00+09:00,1242.496128819924,1246.693750876748,1204.7175303085073,1215.63134765625,80800,0.0,0.0
2006-01-23 00:00:00+09:00,1198.8405797297885,1242.495838935635,1192.124386005812,1209.75439453125,79500,0.0,0.0
2006-01-24 00:00:00+09:00,1250.891442919216,1293.7071902943032,1244.1752472525357,1277.7562255859375,201200,0.0,0.0
2006-01-25 00:00:00+09:00,1264.3237565063323,1346.5971483639821,1264.3237565063323,1338.201904296875,265000,0.0,0.0
2006-01-26 00:00:00+09:00,1336.5228087039577,1339.880906213264,1318.892796780099,1339.0413818359375,108600,0.0,0.0
2006-01-27 00:00:00+09:00,1334.8439565099272,1351.6344465289199,1334.8439565099272,1339.881103515625,56100,0.0,0.0
2006-01-30 00:00:00+09:00,1339.0414858722745,1387.7339035403572,1335.6833881020618,1352.473876953125,226600,0.0,0.0
2006-01-31 00:00:00+09:00,1377.659642214031,1452.3773193359375,1354.1529572768018,1452.3773193359375,280600,0.0,0.0
2006-02-01 00:00:00+09:00,1402.0056656468935,1427.1913961674964,1392.7708977893392,1422.9937744140625,187600,0.0,0.0
2006-02-02 00:00:00+09:00,1422.99399036243,1442.3030533584983,1343.2391649438866,1421.31494140625,153300,0.0,0.0
2006-02-03 00:00:00+09:00,1396.1293932202323,1417.9570325610177,1386.0550981398699,1407.043212890625,77900,0.0,0.0
2006-02-06 00:00:00+09:00,1385.2153061265838,1421.3148565286706,1385.2153061265838,1416.2777099609375,109700,0.0,0.0
2006-02-07 00:00:00+09:00,1418.7962439250432,1421.3148171391113,1396.12908499843,1399.4871826171875,38800,0.0,0.0
2006-02-08 00:00:00+09:00,1374.301665029981,1405.3640728528944,1343.2392572070676,1354.153076171875,102200,0.0,0.0
2006-02-09 00:00:00+09:00,1454.8959397536057,1497.711688701923,1435.5868765024038,1451.537841796875,448400,0.0,0.0
2006-02-10 00:00:00+09:00,1456.574969632684,1465.8097388926033,1428.0311373747527,1432.228759765625,243400,0.0,0.0
2006-02-13 00:00:00+09:00,1482.5999279421771,1523.7366190345704,1458.2537230099442,1522.8970947265625,497600,0.0,0.0
2006-02-14 00:00:00+09:00,1414.5985886760961,1451.5376616148192,1397.8081009766765,1437.2657470703125,317400,0.0,0.0
2006-02-15 00:00:00+09:00,1438.1053497228002,1511.1439751903329,1437.2658252921387,1481.7606201171875,266000,0.0,0.0
2006-02-16 00:00:00+09:00,1471.6865415784084,1505.267523702274,1460.7727223881523,1480.081787109375,107300,0.0,0.0
2006-02-17 00:00:00+09:00,1502.7485679305319,1522.0576277419298,1470.846643024744,1475.8837890625,287300,0.0,0.0
2006-02-20 00:00:00+09:00,1432.2289505915312,1448.1799178021051,1396.9689178102626,1407.043212890625,158200,0.0,0.0
2006-02-21 00:00:00+09:00,1426.351559874069,1453.216333220726,1410.4006006994914,1443.9815673828125,122800,0.0,0.0
2006-02-22 00:00:00+09:00,1449.0191626512021,1475.8839443457782,1407.8824656813824,1416.2777099609375,112900,0.0,0.0
2006-02-23 00:00:00+09:00,1416.2777099609375,1447.3401137952912,1397.8081725459162,1416.2777099609375,165100,0.0,0.0
2006-02-24 00:00:00+09:00,1417.1172359575671,1443.9820176818812,1393.6105519487921,1438.1053466796875,242000,0.0,0.0
2006-02-27 00:00:00+09:00,1437.2656067784255,1452.3770442328716,1419.6355964149052,1439.7841796875,141200,0.0,0.0
2006-02-28 00:00:00+09:00,1475.8839491025583,1502.7487308837199,1468.3282292266067,1481.7606201171875,312900,0.0,0.0
2006-03-01 00:00:00+09:00,1481.760559790918,1481.760559790918,1418.7962300547601,1445.6610107421875,140400,0.0,0.0
2006-03-02 00:00:00+09:00,1470.8467537715517,1498.5510590651938,1449.8586437006106,1460.7724609375,91000,0.0,0.0
2006-03-03 00:00:00+09:00,1435.5867678259835,1498.5510997481758,1434.7472434003544,1488.476806640625,130200,0.0,0.0
2006-03-06 00:00:00+09:00,1502.748555501302,1511.143798828125,1477.5628255208333,1511.143798828125,211500,0.0,0.0
2006-03-07 00:00:00+09:00,1511.1440132665932,1511.1440132665932,1452.377301639559,1476.7235107421875,97900,0.0,0.0
2006-03-08 00:00:00+09:00,1476.7230942916651,1505.266917603727,1452.3768920549066,1466.6488037109375,159800,0.0,0.0
2006-03-09 00:00:00+09:00,1456.575007468822,1483.439791468247,1437.2659439692352,1459.93310546875,181700,0.0,0.0
2006-03-10 00:00:00+09:00,1439.7845441839668,1506.1069809131407,1439.7845441839668,1494.3536376953125,194200,0.0,0.0
2006-03-13 00:00:00+09:00,1495.1930132610044,1519.5392217868712,1490.995391101372,1514.5020751953125,171600,0.0,0.0
2006-03-14 00:00:00+09:00,1517.8605894291202,1521.2186880782997,1496.0329482094535,1502.7491455078125,82800,0.0,0.0
2006-03-15 00:00:00+09:00,1503.588360126202,1546.4041090745193,1482.6002478966345,1506.10693359375,261800,0.0,0.0
2006-03-16 00:00:00+09:00,1515.3415459487642,1515.3415459487642,1449.858642578125,1449.858642578125,108600,0.0,0.0
2006-03-17 00:00:00+09:00,1449.8589780449117,1474.2051913415548,1449.8589780449117,1470.007568359375,188800,0.0,0.0
2006-03-20 00:00:00+09:00,1464.970158889057,1491.8349411724096,1460.7725366572834,1472.52587890625,100400,0.0,0.0
2006-03-21 00:00:00+09:00,1472.52587890625,1472.52587890625,1472.52587890625,1472.52587890625,0,0.0,0.0
2006-03-22 00:00:00+09:00,1452.377072991364,1460.772316187846,1428.8703920412147,1441.4632568359375,174400,0.0,0.0
2006-03-23 00:00:00+09:00,1443.982359186359,1452.3776054606983,1411.2408987164358,1425.5128173828125,209000,0.0,0.0
2006-03-24 00:00:00+09:00,1424.673123795822,1442.3031388810973,1418.7964521007302,1426.3521728515625,110200,0.0,0.0
2006-03-27 00:00:00+09:00,1426.351450478374,1467.4881315104167,1426.351450478374,1448.1790771484375,169300,0.0,0.0
2006-03-28 00:00:00+09:00,1434.6691300695084,1444.802166891659,1427.0693524528954,1435.5135498046875,76300,10.0,0.0
2006-03-29 00:00:00+09:00,1444.8022493005008,1460.0018054006814,1443.113409733814,1446.4910888671875,61800,0.0,0.0
2006-03-30 00:00:00+09:00,1447.335156703951,1469.2900657321325,1438.8909609238815,1453.24609375,92700,0.0,0.0
2006-03-31 00:00:00+09:00,1468.4458499758678,1473.5123681471473,1462.534912109375,1462.534912109375,86200,0.0,0.0
2006-04-03 00:00:00+09:00,1463.3790764836283,1473.5121110582409,1443.1130073344032,1457.4681396484375,84100,0.0,0.0
2006-04-04 00:00:00+09:00,1443.9572945528253,1465.9122007857923,1443.1128750823266,1452.4014892578125,82800,0.0,0.0
2006-04-05 00:00:00+09:00,1436.3581167367788,1454.0909329927886,1410.1811022636218,1416.092041015625,150500,0.0,0.0
2006-04-06 00:00:00+09:00,1437.2022082069502,1473.512252245081,1436.3577885781565,1465.9124755859375,168800,0.0,0.0
2006-04-07 00:00:00+09:00,1460.84533267551,1460.84533267551,1439.7348509894478,1459.156494140625,101500,0.0,0.0
2006-04-10 00:00:00+09:00,1454.9349544853126,1473.5121854769998,1444.8019193989378,1463.379150390625,71600,0.0,0.0
2006-04-11 00:00:00+09:00,1476.045317980708,1508.1332596759407,1460.845766651387,1489.5560302734375,207900,0.0,0.0
2006-04-12 00:00:00+09:00,1485.3337993252942,1507.2887048298182,1470.9786688031054,1484.4893798828125,147600,0.0,0.0
2006-04-13 00:00:00+09:00,1494.622606784866,1502.2223827515686,1454.9348878476408,1488.711669921875,91700,0.0,0.0
2006-04-14 00:00:00+09:00,1502.2223713283431,1523.332859964211,1492.9337563285615,1511.510986328125,182000,0.0,0.0
2006-04-17 00:00:00+09:00,1535.1546957759533,1535.9991153005826,1490.400460970604,1494.62255859375,100000,0.0,0.0
2006-04-18 00:00:00+09:00,1469.290150573097,1470.1345701998632,1455.7794365448385,1464.2236328125,142200,0.0,0.0
2006-04-19 00:00:00+09:00,1489.5562571580497,1494.6227750395396,1448.179694459215,1451.557373046875,96000,0.0,0.0
2006-04-20 00:00:00+09:00,1452.4019511056863,1486.1787406662838,1452.4019511056863,1470.134765625,109700,0.0,0.0
2006-04-21 00:00:00+09:00,1465.0680003240234,1481.9563922585942,1455.7793847600094,1468.4456787109375,79400,0.0,0.0
2006-04-24 00:00:00+09:00,1537.6880085631185,1671.106298158381,1515.7331001487084,1631.4185791015625,1409500,0.0,0.0
2006-04-25 00:00:00+09:00,1566.3981531926163,1595.952835328326,1562.1760557446578,1575.686767578125,410500,0.0,0.0
2006-04-26 00:00:00+09:00,1604.3969664281728,1657.595392157107,1585.8197383958466,1655.0621337890625,503200,0.0,0.0
2006-04-27 00:00:00+09:00,1655.062322397956,1685.4614262787347,1648.306965980005,1657.5955810546875,483800,0.0,0.0
2006-04-28 00:00:00+09:00,1642.3958359520034,1714.171489451191,1636.484899781482,1705.727294921875,507300,0.0,0.0
2006-05-01 00:00:00+09:00,1705.7275591612438,1752.1706362671193,1705.7275591612438,1743.7264404296875,305000,0.0,0.0
2006-05-02 00:00:00+09:00,1747.9489173346788,1798.6141033443796,1726.83842316397,1781.7257080078125,327400,0.0,0.0
2006-05-03 00:00:00+09:00,1781.7257080078125,1781.7257080078125,1781.7257080078125,1781.7257080078125,0,0.0,0.0
2006-05-04 00:00:00+09:00,1781.7257080078125,1781.7257080078125,1781.7257080078125,1781.7257080078125,0,0.0,0.0
2006-05-05 00:00:00+09:00,1781.7257080078125,1781.7257080078125,1781.7257080078125,1781.7257080078125,0,0.0,0.0
2006-05-08 00:00:00+09:00,1815.502178708618,1840.8347672487382,1777.5032958984375,1777.5032958984375,251200,0.0,0.0
2006-05-09 00:00:00+09:00,1777.5034666281142,1836.6128455658663,1777.5034666281142,1832.3907470703125,192200,0.0,0.0
2006-05-10 00:00:00+09:00,1853.5010257936874,1857.7231238023292,1785.947457655421,1790.1695556640625,288100,0.0,0.0
2006-05-11 00:00:00+09:00,1794.3914033812014,1823.9460853192445,1760.6146240234375,1760.6146240234375,130500,0.0,0.0
2006-05-12 00:00:00+09:00,1747.9484240065133,1832.3903768570697,1747.9484240065133,1802.835693359375,314600,0.0,0.0
2006-05-15 00:00:00+09:00,1785.9476636192217,1874.6117320258497,1777.5034666281142,1832.3907470703125,512200,0.0,0.0
2006-05-16 00:00:00+09:00,1832.3903292250359,1883.0554996183548,1823.9461341594827,1836.6124267578125,327200,0.0,0.0
2006-05-17 00:00:00+09:00,1836.6128455658663,1853.501239548081,1790.1697621147755,1832.3907470703125,181300,0.0,0.0
2006-05-18 00:00:00+09:00,1802.8360576014366,1832.3907470703125,1798.6139591058827,1832.3907470703125,124200,0.0,0.0
2006-05-19 00:00:00+09:00,1832.3907470703125,1832.3907470703125,1798.6139591058827,1832.3907470703125,184600,0.0,0.0
2006-05-22 00:00:00+09:00,1857.7228760332077,1891.4996555974478,1815.5019015779076,1819.7239990234375,222800,0.0,0.0
2006-05-23 00:00:00+09:00,1836.6124598185222,1853.500850253635,1819.7240693834094,1823.9461669921875,268600,0.0,0.0
2006-05-24 00:00:00+09:00,1849.278752644857,1857.7229478624133,1823.9461669921875,1823.9461669921875,226100,0.0,0.0
2006-05-25 00:00:00+09:00,1836.6122799991224,1883.0553491485255,1819.7238912175212,1878.833251953125,372200,0.0,0.0
2006-05-26 00:00:00+09:00,1883.0553491485255,1887.2774463439257,1845.0564743899229,1878.833251953125,259200,0.0,0.0
2006-05-29 00:00:00+09:00,1861.9456208023037,1895.722412109375,1849.279324062152,1895.722412109375,252300,0.0,0.0
2006-05-30 00:00:00+09:00,1899.9440556684417,1899.9440556684417,1866.1672724565583,1883.0556640625,104700,0.0,0.0
2006-05-31 00:00:00+09:00,1883.055680117099,1895.7219739295458,1857.7230924922053,1861.9451904296875,408100,0.0,0.0
2006-06-01 00:00:00+09:00,1891.499620584989,1933.7205942587611,1861.9449390133486,1912.610107421875,326000,0.0,0.0
2006-06-02 00:00:00+09:00,1942.1647876804157,2005.4962481482553,1929.4984955868479,1992.8299560546875,628100,0.0,0.0
2006-06-05 00:00:00+09:00,1975.9420182148265,1980.1641165443455,1904.166346613006,1916.8326416015625,446500,0.0,0.0
2006-06-06 00:00:00+09:00,1912.6104910714287,1925.2767857142858,1874.611607142857,1891.5,233500,0.0,0.0
2006-06-07 00:00:00+09:00,1861.9450410730697,1887.2776266659007,1769.0588938993565,1794.3914794921875,352700,0.0,0.0
2006-06-08 00:00:00+09:00,1764.8368402248475,1777.503133336509,1726.8379608898626,1731.06005859375,279800,0.0,0.0
2006-06-09 00:00:00+09:00,1731.0599742649836,1769.058851748849,1718.3936817703616,1747.9483642578125,280100,0.0,0.0
2006-06-12 00:00:00+09:00,1714.171667778201,1747.9484494092987,1701.5053746665396,1731.06005859375,153100,0.0,0.0
2006-06-13 00:00:00+09:00,1688.8392120299925,1739.5043883908922,1671.9508199096924,1678.7061767578125,172000,0.0,0.0
2006-06-14 00:00:00+09:00,1653.3737112991898,1726.838222475405,1647.4627736183447,1709.9498291015625,226900,0.0,0.0
2006-06-15 00:00:00+09:00,1687.1504644349563,1697.2835002573886,1628.8855084559714,1633.9520263671875,228000,0.0,0.0
2006-06-16 00:00:00+09:00,1659.2844420614122,1697.2833224139636,1639.0183725400514,1667.7286376953125,287600,0.0,0.0
2006-06-19 00:00:00+09:00,1669.4174768220926,1709.9496158648142,1656.7511833712422,1667.7286376953125,133300,0.0,0.0
2006-06-20 00:00:00+09:00,1666.884077185711,1676.1726915975867,1652.5289458219029,1659.2843017578125,122700,0.0,0.0
2006-06-21 00:00:00+09:00,1662.66233637967,1671.9509527840257,1646.6183625903284,1654.2181396484375,156300,0.0,0.0
2006-06-22 00:00:00+09:00,1671.9507573151263,1701.5054424191817,1660.1288832735042,1677.8616943359375,108200,0.0,0.0
2006-06-23 00:00:00+09:00,1655.0622965703567,1677.8616241251523,1630.5741299374279,1645.773681640625,97300,0.0,0.0
2006-06-26 00:00:00+09:00,1645.7739046108409,1686.306047977347,1621.2857346602434,1665.195556640625,185100,0.0,0.0
2006-06-27 00:00:00+09:00,1687.150239054884,1688.839078133017,1632.2629690155609,1645.773681640625,168200,0.0,0.0
2006-06-28 00:00:00+09:00,1642.3960480050941,1651.684663186614,1627.19649588988,1638.1739501953125,211400,0.0,0.0
2006-06-29 00:00:00+09:00,1621.2857346602434,1682.0839497100026,1621.2857346602434,1665.195556640625,281300,0.0,0.0
2006-06-30 00:00:00+09:00,1693.0614357277198,1722.6161241319444,1687.994917715567,1709.9498291015625,221500,0.0,0.0
2006-07-03 00:00:00+09:00,1722.6156839805074,1739.5040730391397,1705.727294921875,1705.727294921875,147200,0.0,0.0
2006-07-04 00:00:00+09:00,1705.727346415555,1709.9494438076729,1680.394762062849,1701.5052490234375,130300,0.0,0.0
2006-07-05 00:00:00+09:00,1671.9508199096924,1682.9282747878874,1648.3070709412725,1678.7061767578125,187200,0.0,0.0
2006-07-06 00:00:00+09:00,1671.9507573151263,1693.0612466751659,1647.4625896574805,1677.8616943359375,187800,0.0,0.0
2006-07-07 00:00:00+09:00,1701.5055453931514,1709.9497416482043,1685.461572508551,1697.283447265625,119300,0.0,0.0
2006-07-10 00:00:00+09:00,1663.5066651502038,1693.0613520944967,1638.1740763408097,1669.4176025390625,197000,0.0,0.0
2006-07-11 00:00:00+09:00,1663.5067173336872,1683.7727890169404,1649.9960028781852,1665.195556640625,91600,0.0,0.0
2006-07-12 00:00:00+09:00,1671.9507609233597,1687.9947328716141,1652.5291106702095,1679.550537109375,177300,0.0,0.0
2006-07-13 00:00:00+09:00,1655.062472366094,1680.3950612288402,1652.5292134798194,1671.1064453125,111800,0.0,0.0
2006-07-14 00:00:00+09:00,1676.1727132914978,1676.1727132914978,1630.5740601339457,1641.551513671875,124300,0.0,0.0
2006-07-17 00:00:00+09:00,1641.551513671875,1641.551513671875,1641.551513671875,1641.551513671875,0,0.0,0.0
2006-07-18 00:00:00+09:00,1630.57467573117,1633.1079351963142,1537.688495342548,1547.821533203125,210100,0.0,0.0
2006-07-19 00:00:00+09:00,1548.6654562273252,1657.5955782847543,1546.9766171256597,1600.175048828125,260400,0.0,0.0
2006-07-20 00:00:00+09:00,1625.5076312325577,1626.35205078125,1579.0645560544847,1626.35205078125,137000,0.0,0.0
2006-07-21 00:00:00+09:00,1619.5968964979747,1619.5968964979747,1574.8426548324935,1576.531494140625,121100,0.0,0.0
2006-07-24 00:00:00+09:00,1546.976837521115,1579.064785024282,1537.6882211386192,1562.1763916015625,86500,0.0,0.0
2006-07-25 00:00:00+09:00,1598.4863839285715,1642.396205357143,1566.3984375,1595.953125,138000,0.0,0.0
2006-07-26 00:00:00+09:00,1612.8417080846327,1612.8417080846327,1566.398622249735,1567.2430419921875,69500,0.0,0.0
2006-07-27 00:00:00+09:00,1537.6879114662727,1573.1535305116233,1519.9551019435974,1557.9539794921875,202800,0.0,0.0
2006-07-28 00:00:00+09:00,1553.7322303519927,1613.6860283710098,1537.6882562342275,1610.308349609375,219700,0.0,0.0
2006-07-31 00:00:00+09:00,1621.2854246183206,1660.97314074179,1621.2854246183206,1659.2843017578125,223600,0.0,0.0
2006-08-01 00:00:00+09:00,1633.951690749554,1701.5052490234375,1633.951690749554,1701.5052490234375,199000,0.0,0.0
2006-08-02 00:00:00+09:00,1701.5056506347655,1705.7277490234376,1654.2181486816405,1688.83935546875,318500,0.0,0.0
2006-08-03 00:00:00+09:00,1709.9498592010916,1747.9487449611158,1660.129097871282,1664.3511962890625,234100,0.0,0.0
2006-08-04 00:00:00+09:00,1680.395155287123,1701.505647187715,1646.6183682461758,1687.1505126953125,257900,0.0,0.0
2006-08-07 00:00:00+09:00,1684.6170373271696,1684.6170373271696,1612.8413740826536,1643.240478515625,194100,0.0,0.0
2006-08-08 00:00:00+09:00,1675.3281979761286,1675.3281979761286,1615.374416697749,1627.1962890625,143000,0.0,0.0
2006-08-09 00:00:00+09:00,1614.5301550662878,1644.929258404356,1595.9529252485795,1644.0848388671875,95300,0.0,0.0
2006-08-10 00:00:00+09:00,1645.7736779415245,1677.0172008167613,1633.9518044211648,1671.95068359375,145900,0.0,0.0
2006-08-11 00:00:00+09:00,1665.1951555703045,1668.57283337065,1635.640474817282,1649.99560546875,80200,0.0,0.0
2006-08-14 00:00:00+09:00,1638.174260365736,1655.0626548024961,1621.285865928976,1640.70751953125,19400,0.0,0.0
2006-08-15 00:00:00+09:00,1629.7299284282483,1635.640865992496,1581.5980082622327,1604.3973388671875,311500,0.0,0.0
2006-08-16 00:00:00+09:00,1629.72948845525,1629.72948845525,1588.3529366758162,1601.8636474609375,119300,0.0,0.0
2006-08-17 00:00:00+09:00,1604.3974050019706,1619.596959365147,1596.7976278203823,1606.9306640625,141200,0.0,0.0
2006-08-18 00:00:00+09:00,1620.4410249639218,1629.7296394895097,1606.0858934243768,1613.6856689453125,73800,0.0,0.0
2006-08-21 00:00:00+09:00,1635.6409403216358,1637.3297797024532,1606.0862511573316,1610.308349609375,109000,0.0,0.0
2006-08-22 00:00:00+09:00,1629.7296957009112,1644.9292472670338,1616.2189831976914,1639.018310546875,95300,0.0,0.0
2006-08-23 00:00:00+09:00,1646.6181458148758,1646.6181458148758,1621.2855589561855,1638.1739501953125,82400,0.0,0.0
2006-08-24 00:00:00+09:00,1621.2857319078948,1625.5078301680715,1590.8866244346218,1604.3973388671875,130700,0.0,0.0
2006-08-25 00:00:00+09:00,1593.4198590922836,1617.9080286278831,1592.575439453125,1592.575439453125,139200,0.0,0.0
2006-08-28 00:00:00+09:00,1580.7534032993563,1587.5087597237125,1565.5538513445547,1573.998046875,144600,0.0,0.0
2006-08-29 00:00:00+09:00,1571.4648338472603,1628.0409455440717,1571.4648338472603,1623.81884765625,89900,0.0,0.0
2006-08-30 00:00:00+09:00,1621.285588923557,1633.9518825870223,1597.6418407517551,1623.81884765625,96900,0.0,0.0
2006-08-31 00:00:00+09:00,1619.5966465965307,1649.9957494523571,1606.0859342161634,1632.262939453125,67300,0.0,0.0
2006-09-01 00:00:00+09:00,1627.1964148664301,1649.9957419039984,1608.6191854284118,1628.88525390625,96400,0.0,0.0
2006-09-04 00:00:00+09:00,1622.1298651047694,1653.3733867127216,1614.5300895785108,1641.551513671875,75400,0.0,0.0
2006-09-05 00:00:00+09:00,1659.2843017578125,1674.4838526136093,1653.3733653138916,1659.2843017578125,146500,0.0,0.0
2006-09-06 00:00:00+09:00,1660.1289725858223,1687.150400420383,1648.3070979082022,1662.6622314453125,96800,0.0,0.0
2006-09-07 00:00:00+09:00,1657.5954689467248,1661.8175664223916,1621.2854306559918,1634.796142578125,78100,0.0,0.0
2006-09-08 00:00:00+09:00,1644.9295979859853,1645.774017697477,1612.8416489492977,1630.574462890625,208300,0.0,0.0
2006-09-11 00:00:00+09:00,1621.2855408031087,1646.6181273781574,1616.219023488099,1629.729736328125,147200,0.0,0.0
2006-09-12 00:00:00+09:00,1616.2191233391309,1636.4851938512204,1601.0195704550638,1619.5968017578125,106200,0.0,0.0
2006-09-13 00:00:00+09:00,1627.196743417549,1642.3962978449053,1606.0862511573316,1610.308349609375,63400,0.0,0.0
2006-09-14 00:00:00+09:00,1622.974216293239,1622.974216293239,1604.3969880110062,1611.15234375,146100,0.0,0.0
2006-09-15 00:00:00+09:00,1606.0863070447906,1616.2193436822972,1598.4865295666607,1607.775146484375,44200,0.0,0.0
2006-09-18 00:00:00+09:00,1607.775146484375,1607.775146484375,1607.775146484375,1607.775146484375,0,0.0,0.0
2006-09-19 00:00:00+09:00,1607.775090538149,1618.752546513462,1597.6420542532446,1610.308349609375,105400,0.0,0.0
2006-09-20 00:00:00+09:00,1618.7522564531616,1636.4850667742448,1600.1750265929793,1617.9078369140625,148300,0.0,0.0
2006-09-21 00:00:00+09:00,1644.9293925172126,1697.2834080901423,1633.1075180330026,1678.7061767578125,232900,0.0,0.0
2006-09-22 00:00:00+09:00,1676.1729736328125,1688.8392681438918,1651.6848042447261,1676.1729736328125,170600,0.0,0.0
2006-09-25 00:00:00+09:00,1687.1502205180407,1693.0611572265625,1667.7285713328981,1693.0611572265625,177400,0.0,0.0
2006-09-26 00:00:00+09:00,1706.6126118224345,1736.256007065008,1692.2143912760419,1715.0821533203125,183000,6.0,0.0
2006-09-27 00:00:00+09:00,1723.5518523281062,1744.7257080078125,1702.3779966483996,1744.7257080078125,126400,0.0,0.0
2006-09-28 00:00:00+09:00,1727.786318597561,1740.4906297637194,1719.3167778201218,1736.255859375,88500,0.0,0.0
2006-09-29 00:00:00+09:00,1736.2558749953716,1795.5426609708234,1727.7863341417358,1787.0731201171875,153000,0.0,0.0
2006-10-02 00:00:00+09:00,1778.6037666106893,1820.9514753395151,1765.8994539920413,1812.48193359375,152800,0.0,0.0
2006-10-03 00:00:00+09:00,1778.6038818359375,1791.3081952776229,1761.664797247024,1778.6038818359375,178700,0.0,0.0
2006-10-04 00:00:00+09:00,1778.6033648493171,1804.0119843471643,1770.1338250167012,1782.838134765625,221100,0.0,0.0
2006-10-05 00:00:00+09:00,1748.9604838053385,1787.0734241303944,1748.9604838053385,1778.6038818359375,171700,0.0,0.0
2006-10-06 00:00:00+09:00,1782.8381856527674,1782.8381856527674,1753.1947953925076,1757.4295654296875,75200,0.0,0.0
2006-10-09 00:00:00+09:00,1757.4295654296875,1757.4295654296875,1757.4295654296875,1757.4295654296875,0,0.0,0.0
2006-10-10 00:00:00+09:00,1753.195068359375,1761.6646097524153,1736.2559855732939,1753.195068359375,129100,0.0,0.0
2006-10-11 00:00:00+09:00,1757.429830616918,1757.429830616918,1719.31689453125,1719.31689453125,75300,0.0,0.0
2006-10-12 00:00:00+09:00,1710.8473531788793,1736.2559772359914,1710.8473531788793,1719.31689453125,27200,0.0,0.0
2006-10-13 00:00:00+09:00,1753.195250279695,1753.195250279695,1719.3170811921648,1744.7257080078125,92300,0.0,0.0
2006-10-16 00:00:00+09:00,1761.6648228406325,1761.6648228406325,1727.7866531706204,1740.490966796875,119100,0.0,0.0
2006-10-17 00:00:00+09:00,1757.4297113185976,1757.4297113185976,1723.5515482088415,1736.255859375,69500,0.0,0.0
2006-10-18 00:00:00+09:00,1715.081693441561,1723.551232668433,1685.4383061475094,1710.846923828125,88100,0.0,0.0
2006-10-19 00:00:00+09:00,1736.2555415087406,1736.2555415087406,1693.060891451694,1710.846923828125,86800,0.0,0.0
2006-10-20 00:00:00+09:00,1693.9082324953008,1706.6125442390155,1643.9379396366894,1689.6734619140625,129300,0.0,0.0
2006-10-23 00:00:00+09:00,1689.6735288266784,1715.0821533203125,1689.6735288266784,1715.0821533203125,102300,0.0,0.0
2006-10-24 00:00:00+09:00,1693.908134854673,1698.1429051918099,1658.336064022725,1671.8873291015625,212000,0.0,0.0
2006-10-25 00:00:00+09:00,1660.8770155564866,1684.5917307199652,1660.8770155564866,1665.958740234375,193000,0.0,0.0
2006-10-26 00:00:00+09:00,1706.6124852054434,1710.8472556401964,1692.2142657272834,1698.1429443359375,366800,0.0,0.0
2006-10-27 00:00:00+09:00,1698.1428768679282,1706.6124174009353,1665.958622842501,1679.5098876953125,153000,0.0,0.0
2006-10-30 00:00:00+09:00,1676.9690172434464,1677.8159712925592,1653.2543038682863,1655.795166015625,227100,0.0,0.0
2006-10-31 00:00:00+09:00,1656.6422119140625,1674.4282479315448,1643.0909463769333,1656.6422119140625,193900,0.0,0.0
2006-11-01 00:00:00+09:00,1667.6526779190358,1672.7344026866917,1648.1727329763555,1661.7239990234375,133000,0.0,0.0
2006-11-02 00:00:00+09:00,1648.1726925339533,1648.1726925339533,1618.5292987833425,1625.304931640625,115100,0.0,0.0
2006-11-03 00:00:00+09:00,1625.304931640625,1625.304931640625,1625.304931640625,1625.304931640625,0,0.0,0.0
2006-11-06 00:00:00+09:00,1599.8963949424342,1621.0702487664473,1592.2738075657894,1609.212890625,182500,0.0,0.0
2006-11-07 00:00:00+09:00,1626.1519537250383,1656.642302857383,1626.1519537250383,1654.1014404296875,198500,0.0,0.0
2006-11-08 00:00:00+09:00,1643.0906649617662,1652.4071584228896,1615.1411845783957,1637.1619873046875,140500,0.0,0.0
2006-11-09 00:00:00+09:00,1638.009007372119,1654.101133090873,1626.1516515793528,1649.0194091796875,134700,0.0,0.0
2006-11-10 00:00:00+09:00,1664.2649559880701,1688.8266270942554,1664.2649559880701,1676.122314453125,483800,0.0,0.0
2006-11-13 00:00:00+09:00,1710.8470815897572,1744.7252416212377,1691.367139571656,1723.5513916015625,758200,0.0,0.0
2006-11-14 00:00:00+09:00,1748.960205078125,1770.1340574398455,1740.4906641334367,1748.960205078125,293500,0.0,0.0
2006-11-15 00:00:00+09:00,1740.4903111221768,1744.7250807356127,1710.846923828125,1710.846923828125,120200,0.0,0.0
2006-11-16 00:00:00+09:00,1698.1431938488502,1748.960446532606,1698.1431938488502,1732.0213623046875,140000,0.0,0.0
2006-11-17 00:00:00+09:00,1702.3778410734956,1736.256007065008,1702.3778410734956,1715.0821533203125,113500,0.0,0.0
2006-11-20 00:00:00+09:00,1698.1431568898,1736.2560955731121,1687.97970657425,1692.2144775390625,173000,0.0,0.0
2006-11-21 00:00:00+09:00,1692.2142657272834,1723.5515669444553,1664.2647808579138,1698.1429443359375,98000,0.0,0.0
2006-11-22 00:00:00+09:00,1719.3167778201218,1740.4906297637194,1679.5099361661585,1736.255859375,122400,0.0,0.0
2006-11-23 00:00:00+09:00,1736.255859375,1736.255859375,1736.255859375,1736.255859375,0,0.0,0.0
2006-11-24 00:00:00+09:00,1710.8473531788793,1723.5516652074355,1693.908270474138,1719.31689453125,111800,0.0,0.0
2006-11-27 00:00:00+09:00,1693.908483500608,1748.960509214378,1693.908483500608,1740.490966796875,109700,0.0,0.0
2006-11-28 00:00:00+09:00,1706.6125906976524,1761.6646097524153,1706.6125906976524,1753.195068359375,136900,0.0,0.0
2006-11-29 00:00:00+09:00,1761.6643354668677,1770.1338755412276,1736.2557152437878,1757.4295654296875,72000,0.0,0.0
2006-11-30 00:00:00+09:00,1761.6641845703125,1761.6641845703125,1740.490336198073,1761.6641845703125,91100,0.0,0.0
2006-12-01 00:00:00+09:00,1744.7256754756265,1770.1343018175046,1732.0213623046875,1732.0213623046875,117200,0.0,0.0
2006-12-04 00:00:00+09:00,1719.3169240692516,1727.7864655671297,1702.3778410734956,1715.0821533203125,114600,0.0,0.0
2006-12-05 00:00:00+09:00,1710.8471274627639,1723.5514378152102,1676.9689665229073,1684.591552734375,149000,0.0,0.0
2006-12-06 00:00:00+09:00,1698.1429258765243,1744.725400152439,1682.8977524771342,1736.255859375,142800,0.0,0.0
2006-12-07 00:00:00+09:00,1744.725400152439,1761.664481707317,1719.3167778201218,1736.255859375,116100,0.0,0.0
2006-12-08 00:00:00+09:00,1719.3164916689284,1732.0208007206693,1702.377412933274,1706.6121826171875,108600,0.0,0.0
2006-12-11 00:00:00+09:00,1710.8470815897572,1727.7861616054975,1698.142771577952,1723.5513916015625,53000,0.0,0.0
2006-12-12 00:00:00+09:00,1710.8472708270278,1753.194975550469,1710.8472708270278,1748.960205078125,123000,0.0,0.0
2006-12-13 00:00:00+09:00,1757.4298431542502,1774.3689259798332,1748.9603017414586,1770.1341552734375,87300,0.0,0.0
2006-12-14 00:00:00+09:00,1770.1342214908238,1804.0123884093086,1761.6646797612027,1795.5428466796875,196000,0.0,0.0
2006-12-15 00:00:00+09:00,1795.5428466796875,1804.0123884093086,1787.0733049500664,1795.5428466796875,99900,0.0,0.0
2006-12-18 00:00:00+09:00,1795.5428170955881,1799.777587890625,1770.1341923253676,1799.777587890625,91500,0.0,0.0
2006-12-19 00:00:00+09:00,1804.0122018244595,1804.0122018244595,1774.3688088367335,1787.0731201171875,74400,0.0,0.0
2006-12-20 00:00:00+09:00,1791.3078957141283,1804.01220703125,1778.603584397007,1804.01220703125,88100,0.0,0.0
2006-12-21 00:00:00+09:00,1808.2474979814701,1833.6561279296875,1799.7779546653976,1833.6561279296875,209600,0.0,0.0
2006-12-22 00:00:00+09:00,1833.6555704657312,1833.6555704657312,1795.5426371304156,1808.2469482421875,94500,0.0,0.0
2006-12-25 00:00:00+09:00,1799.777587890625,1804.0123586856619,1791.3080463005515,1799.777587890625,45700,0.0,0.0
2006-12-26 00:00:00+09:00,1799.7774365922094,1804.01220703125,1782.8383548360475,1804.01220703125,42500,0.0,0.0
2006-12-27 00:00:00+09:00,1795.5428501022195,1820.9514753395151,1791.308079229337,1812.48193359375,51600,0.0,0.0
2006-12-28 00:00:00+09:00,1820.9518129555788,1854.8299862198687,1812.4822696395063,1833.6561279296875,77800,0.0,0.0
2006-12-29 00:00:00+09:00,1837.8899490921585,1842.1247185601128,1820.9508712203415,1829.42041015625,22500,0.0,0.0
2007-01-04 00:00:00+09:00,1846.3601698505279,1876.003567072899,1829.4210857234589,1854.8297119140625,56500,0.0,0.0
2007-01-05 00:00:00+09:00,1863.298915278175,1863.298915278175,1837.8902937061998,1850.5946044921875,91300,0.0,0.0
2007-01-09 00:00:00+09:00,1850.5950327115072,1863.2993464372153,1829.4211765019934,1859.0645751953125,91300,0.0,0.0
2007-01-10 00:00:00+09:00,1854.8294874071241,1854.8294874071241,1804.012241176792,1816.716552734375,113500,0.0,0.0
2007-01-11 00:00:00+09:00,1816.7164889833687,1837.8903408363217,1791.3078667598252,1808.2469482421875,136400,0.0,0.0
2007-01-12 00:00:00+09:00,1812.48193359375,1829.4210170852803,1748.960370500511,1812.48193359375,108100,0.0,0.0
2007-01-15 00:00:00+09:00,1820.9512939453125,1859.064228004633,1791.3079007880633,1820.9512939453125,91500,0.0,0.0
2007-01-16 00:00:00+09:00,1808.2471294806985,1825.1862126608455,1787.0732755055146,1799.777587890625,94500,0.0,0.0
2007-01-17 00:00:00+09:00,1791.3076745982407,1804.0119843471643,1765.8990551003933,1782.838134765625,100600,0.0,0.0
2007-01-18 00:00:00+09:00,1816.7164889833687,1833.6555704657312,1799.7774075010063,1808.2469482421875,99500,0.0,0.0
2007-01-19 00:00:00+09:00,1778.6035792635514,1804.0122018244595,1770.1340384099155,1787.0731201171875,62000,0.0,0.0
2007-01-22 00:00:00+09:00,1820.9512593539594,1825.18602972455,1795.5426371304156,1808.2469482421875,73800,0.0,0.0
2007-01-23 00:00:00+09:00,1812.4815241797803,1812.4815241797803,1782.838134765625,1782.838134765625,104700,0.0,0.0
2007-01-24 00:00:00+09:00,1795.5424445145486,1804.0119843471643,1778.6033648493171,1782.838134765625,66500,0.0,0.0
2007-01-25 00:00:00+09:00,1850.5952145618326,1876.00384451005,1825.1865846136152,1833.6561279296875,622800,0.0,0.0
2007-01-26 00:00:00+09:00,1842.12567124576,1846.3604429037962,1825.1865846136152,1833.6561279296875,188100,0.0,0.0
2007-01-29 00:00:00+09:00,1842.1251462004905,1850.5946871025617,1812.4817530432413,1820.9512939453125,144700,0.0,0.0
2007-01-30 00:00:00+09:00,1820.9514418658089,1829.4209834558824,1799.777587890625,1799.777587890625,145000,0.0,0.0
2007-01-31 00:00:00+09:00,1816.7168221609934,1816.7168221609934,1761.664797247024,1778.6038818359375,163000,0.0,0.0
2007-02-01 00:00:00+09:00,1774.3683254198097,1842.1246337890627,1774.3683254198097,1842.1246337890625,174200,0.0,0.0
2007-02-02 00:00:00+09:00,1846.3604429037962,1850.5952145618326,1825.1865846136152,1833.6561279296875,136100,0.0,0.0
2007-02-05 00:00:00+09:00,1787.0732755055146,1816.716671070772,1782.838504710478,1799.777587890625,104400,0.0,0.0
2007-02-06 00:00:00+09:00,1820.9512939453125,1829.4208348473837,1812.4817530432413,1820.9512939453125,74600,0.0,0.0
2007-02-07 00:00:00+09:00,1808.2469482421875,1825.18602972455,1791.3078667598252,1808.2469482421875,89300,0.0,0.0
2007-02-08 00:00:00+09:00,1816.7165183483714,1833.6556001045333,1804.01220703125,1804.01220703125,78500,0.0,0.0
2007-02-09 00:00:00+09:00,1787.0731591000147,1825.1860937727638,1787.0731591000147,1816.716552734375,143100,0.0,0.0
2007-02-13 00:00:00+09:00,1829.4209278929814,1842.1252398922381,1816.7166158937246,1825.1861572265625,72900,0.0,0.0
2007-02-14 00:00:00+09:00,1837.8904053303468,1842.1251758495412,1816.716552734375,1816.716552734375,93400,0.0,0.0
2007-02-15 00:00:00+09:00,1825.1860937727638,1829.4208642919582,1812.4817822151806,1816.716552734375,109200,0.0,0.0
2007-02-16 00:00:00+09:00,1795.5424445145486,1804.0119843471643,1770.1338250167012,1782.838134765625,162000,0.0,0.0
2007-02-19 00:00:00+09:00,1782.838134765625,1795.5424445145486,1778.6033648493171,1782.838134765625,97700,0.0,0.0
2007-02-20 00:00:00+09:00,1761.6646138606459,1782.8384673926248,1757.4298431542502,1770.1341552734375,103000,0.0,0.0
2007-02-21 00:00:00+09:00,1791.3080088054164,1791.3080088054164,1748.9603017414586,1770.1341552734375,134600,0.0,0.0
2007-02-22 00:00:00+09:00,1791.3081952776229,1795.5429664248513,1765.8995683942524,1778.6038818359375,97500,0.0,0.0
2007-02-23 00:00:00+09:00,1795.5428501022195,1816.7167044666326,1782.8385374835718,1812.48193359375,141300,0.0,0.0
2007-02-26 00:00:00+09:00,1820.9513865601434,1837.8904692258193,1812.4818452273055,1825.1861572265625,119600,0.0,0.0
2007-02-27 00:00:00+09:00,1842.1253988187607,1859.0644829458297,1829.4210857234589,1854.8297119140625,166300,0.0,0.0
2007-02-28 00:00:00+09:00,1761.6646797612027,1846.3600970574144,1761.6646797612027,1795.5428466796875,199500,0.0,0.0
2007-03-01 00:00:00+09:00,1808.2471592741192,1808.2471592741192,1778.6037632204452,1795.5428466796875,151400,0.0,0.0
2007-03-02 00:00:00+09:00,1774.3691059594016,1782.8386482312842,1740.4909368718713,1744.7257080078125,153200,0.0,0.0
2007-03-05 00:00:00+09:00,1702.3776518386146,1723.551503229642,1688.8263869483571,1693.0611572265625,105900,0.0,0.0
2007-03-06 00:00:00+09:00,1686.2852881344022,1719.3164916689284,1686.2852881344022,1706.6121826171875,113200,0.0,0.0
2007-03-07 00:00:00+09:00,1710.8473825713736,1736.256007065008,1706.6126118224345,1715.0821533203125,102700,0.0,0.0
2007-03-08 00:00:00+09:00,1706.6125242943856,1732.0211474848727,1706.6125242943856,1727.786376953125,62200,0.0,0.0
2007-03-09 00:00:00+09:00,1723.5516652074355,1744.725518588362,1719.31689453125,1719.31689453125,109900,0.0,0.0
2007-03-12 00:00:00+09:00,1740.4906297637194,1748.9601705411585,1727.786318597561,1736.255859375,76400,0.0,0.0
2007-03-13 00:00:00+09:00,1740.4904716173025,1748.9600116251727,1715.0818515936924,1723.5513916015625,110100,0.0,0.0
2007-03-14 00:00:00+09:00,1689.6733961553964,1698.1429369882555,1669.3464981565346,1674.42822265625,140600,0.0,0.0
2007-03-15 00:00:00+09:00,1680.3571767459514,1682.0510851902518,1641.3972825270432,1673.58154296875,220000,0.0,0.0
2007-03-16 00:00:00+09:00,1682.8978531023495,1685.4387154875064,1655.7953209940076,1665.11181640625,155800,0.0,0.0
2007-03-19 00:00:00+09:00,1665.1119727150497,1692.2145073675833,1649.0198427651076,1687.979736328125,128300,0.0,0.0
2007-03-20 00:00:00+09:00,1682.0510524066963,1693.908411285696,1660.877197265625,1660.877197265625,147800,0.0,0.0
2007-03-22 00:00:00+09:00,1676.968958730916,1685.4384989265268,1658.3359703005726,1664.2646484375,155000,0.0,0.0
2007-03-23 00:00:00+09:00,1664.2647808579138,1698.1429443359375,1664.2647808579138,1698.1429443359375,122600,0.0,0.0
2007-03-26 00:00:00+09:00,1702.3779880208988,1702.3779880208988,1676.9693613340198,1683.7449951171875,110600,0.0,0.0
2007-03-27 00:00:00+09:00,1690.540987991094,1699.0361688352705,1671.851590133906,1681.1962890625,140200,6.0,0.0
2007-03-28 00:00:00+09:00,1686.2931785773283,1720.2738975411032,1676.9484808622901,1707.5311279296875,182500,0.0,0.0
2007-03-29 00:00:00+09:00,1707.5311432972092,1796.730531379899,1699.03596347981,1788.2353515625,359100,0.0,0.0
2007-03-30 00:00:00+09:00,1788.235438100609,1822.2161590146347,1775.4926677578492,1809.473388671875,200700,0.0,0.0
2007-04-02 00:00:00+09:00,1792.4828232587395,1805.225592144465,1750.0069269729872,1754.2545166015625,137500,0.0,0.0
2007-04-03 00:00:00+09:00,1766.9975903614459,1775.4927710843374,1745.759638554217,1762.75,86100,0.0,0.0
2007-04-04 00:00:00+09:00,1796.7306223503222,1796.7306223503222,1766.9974914840047,1792.4830322265625,96600,0.0,0.0
2007-04-05 00:00:00+09:00,1758.5021350567158,1779.7400835477388,1754.2545453585112,1766.997314453125,148400,0.0,0.0
2007-04-06 00:00:00+09:00,1771.2451807228915,1779.7403614457833,1758.5024096385544,1762.75,50600,0.0,0.0
2007-04-09 00:00:00+09:00,1783.9877616538006,1792.4829414711996,1766.9974020190025,1788.2353515625,62900,0.0,0.0
2007-04-10 00:00:00+09:00,1754.2547924449143,1766.9975633343447,1745.759611851961,1750.0072021484375,104800,0.0,0.0
2007-04-11 00:00:00+09:00,1750.0071390492906,1766.9974996225847,1745.759548905967,1758.5023193359375,72300,0.0,0.0
2007-04-12 00:00:00+09:00,1745.7598876953125,1754.2550696305693,1733.0171147924268,1745.7598876953125,87700,0.0,0.0
2007-04-13 00:00:00+09:00,1737.264532093943,1745.7597131799769,1711.7789888358411,1720.274169921875,90400,0.0,0.0
2007-04-16 00:00:00+09:00,1724.52193285717,1771.2454335010834,1724.52193285717,1745.7598876953125,111900,0.0,0.0
2007-04-17 00:00:00+09:00,1758.502078803302,1758.502078803302,1707.5310040553804,1724.5213623046875,126600,0.0,0.0
2007-04-18 00:00:00+09:00,1690.5411042923806,1720.274239292498,1690.5411042923806,1698.186767578125,163200,0.0,0.0
2007-04-19 00:00:00+09:00,1693.089081273402,1707.5308847764866,1673.5501706515815,1680.3463134765625,125400,0.0,0.0
2007-04-20 00:00:00+09:00,1670.1524044129906,1690.5408366133527,1652.3125262376739,1671.8514404296875,138800,0.0,0.0
2007-04-23 00:00:00+09:00,1672.7008976824773,1696.4874010522635,1664.2057179075534,1670.15234375,92200,0.0,0.0
2007-04-24 00:00:00+09:00,1671.0018580451083,1693.9388433868562,1667.6037861426273,1690.540771484375,95800,0.0,0.0
2007-04-25 00:00:00+09:00,1682.0456270318077,1689.6912889728612,1660.8076771955475,1665.90478515625,115800,0.0,0.0
2007-04-26 00:00:00+09:00,1666.75414817787,1695.6377572696374,1659.9580048621601,1687.142578125,108400,0.0,0.0
2007-04-27 00:00:00+09:00,1687.1426657248371,1711.7786865234375,1675.2494143048232,1711.7786865234375,134700,0.0,0.0
2007-05-01 00:00:00+09:00,1711.7788427465553,1716.0264329270676,1686.29330166348,1697.3370361328125,99500,0.0,0.0
2007-05-02 00:00:00+09:00,1688.8418557717873,1699.0360722050175,1676.0990852302498,1697.3370361328125,103400,0.0,0.0
2007-05-07 00:00:00+09:00,1711.7785336333927,1716.026123046875,1707.5309442199102,1716.026123046875,61000,0.0,0.0
2007-05-08 00:00:00+09:00,1687.992433737841,1687.992433737841,1676.0991805559943,1681.1962890625,122800,0.0,0.0
2007-05-09 00:00:00+09:00,1676.0987242109493,1683.744384889053,1675.2492063578268,1680.3463134765625,95200,0.0,0.0
2007-05-10 00:00:00+09:00,1680.3464983223412,1682.8950521620618,1661.6571034977246,1668.4532470703125,106000,0.0,0.0
2007-05-11 00:00:00+09:00,1716.0263262046615,1779.740174949884,1711.7787362883132,1771.2449951171875,420000,0.0,0.0
2007-05-14 00:00:00+09:00,1817.9685689003816,1822.2161590146347,1805.2257985576218,1809.473388671875,257600,0.0,0.0
2007-05-15 00:00:00+09:00,1813.7209787861284,1822.2161590146347,1809.473388671875,1809.473388671875,150500,0.0,0.0
2007-05-16 00:00:00+09:00,1800.97802734375,1805.2256170308815,1796.7304376566187,1800.97802734375,64600,0.0,0.0
2007-05-17 00:00:00+09:00,1800.9784642269738,1805.2260549444902,1775.492919921875,1775.492919921875,89600,0.0,0.0
2007-05-18 00:00:00+09:00,1775.492766095801,1805.2258985423814,1775.492766095801,1779.7403564453125,85900,0.0,0.0
2007-05-21 00:00:00+09:00,1783.988101356908,1800.9784642269738,1766.997738486842,1775.492919921875,58100,0.0,0.0
2007-05-22 00:00:00+09:00,1775.4924647444386,1775.4924647444386,1754.2545166015625,1754.2545166015625,158200,0.0,0.0
2007-05-23 00:00:00+09:00,1758.502382741391,1762.749973037868,1745.759611851961,1750.0072021484375,50300,0.0,0.0
2007-05-24 00:00:00+09:00,1741.5123616337485,1750.0075438856204,1733.0171793818765,1737.2647705078125,74900,0.0,0.0
2007-05-25 00:00:00+09:00,1728.7691103916618,1741.5118802471286,1682.8951389119813,1696.4874267578125,206600,0.0,0.0
2007-05-28 00:00:00+09:00,1707.5311606325504,1707.5311606325504,1690.5408008252614,1696.4874267578125,120000,0.0,0.0
2007-05-29 00:00:00+09:00,1716.026123046875,1724.5213018738398,1711.7785336333927,1716.026123046875,37500,0.0,0.0
2007-05-30 00:00:00+09:00,1696.4877005004882,1707.5314361572264,1691.3905917358397,1699.0362548828125,74800,0.0,0.0
2007-05-31 00:00:00+09:00,1724.5216967233569,1728.769287109375,1716.0265159513206,1728.769287109375,68400,0.0,0.0
2007-06-01 00:00:00+09:00,1775.4924938495342,1779.7400835477388,1762.7497247549204,1766.997314453125,130000,0.0,0.0
2007-06-04 00:00:00+09:00,1762.75,1766.9975903614459,1758.5024096385544,1762.75,72300,0.0,0.0
2007-06-05 00:00:00+09:00,1766.9975903614459,1766.9975903614459,1758.5024096385544,1762.75,66700,0.0,0.0
2007-06-06 00:00:00+09:00,1750.0069269729872,1762.7496958587128,1750.0069269729872,1754.2545166015625,83800,0.0,0.0
2007-06-07 00:00:00+09:00,1737.2644312590073,1754.2547924449143,1737.2644312590073,1750.0072021484375,43900,0.0,0.0
2007-06-08 00:00:00+09:00,1695.6381823730467,1703.2838455200194,1693.939146118164,1699.0362548828125,200900,0.0,0.0
2007-06-11 00:00:00+09:00,1703.283447265625,1703.283447265625,1698.1863396927604,1703.283447265625,69600,0.0,0.0
2007-06-12 00:00:00+09:00,1707.5312525660427,1711.7788427465553,1697.3370361328125,1697.3370361328125,87500,0.0,0.0
2007-06-13 00:00:00+09:00,1707.5310967305752,1711.7786865234375,1703.2835069377131,1711.7786865234375,55800,0.0,0.0
2007-06-14 00:00:00+09:00,1728.7695882559406,1745.7599527596844,1728.7695882559406,1737.2647705078125,68000,0.0,0.0
2007-06-15 00:00:00+09:00,1754.254635451795,1771.2449951171875,1745.7594556190986,1771.2449951171875,59100,0.0,0.0
2007-06-18 00:00:00+09:00,1766.9974052008395,1771.2449951171875,1754.254635451795,1771.2449951171875,55600,0.0,0.0
2007-06-19 00:00:00+09:00,1783.9877616538006,1796.730531379899,1771.244991927702,1788.2353515625,93200,0.0,0.0
2007-06-20 00:00:00+09:00,1792.4832443345522,1796.7308349609375,1783.9880630817818,1796.7308349609375,62200,0.0,0.0
2007-06-21 00:00:00+09:00,1779.7403564453125,1783.987946794824,1771.2451757462895,1779.7403564453125,67800,0.0,0.0
2007-06-22 00:00:00+09:00,1766.9975903614459,1766.9975903614459,1754.2548192771085,1762.75,30800,0.0,0.0
2007-06-25 00:00:00+09:00,1771.2448751158634,1771.2448751158634,1754.2545166015625,1754.2545166015625,50900,0.0,0.0
2007-06-26 00:00:00+09:00,1745.759548905967,1762.749909479261,1745.759548905967,1758.5023193359375,43900,0.0,0.0
2007-06-27 00:00:00+09:00,1733.0166015625,1733.0166015625,1720.2738324333639,1733.0166015625,69000,0.0,0.0
2007-06-28 00:00:00+09:00,1754.2545166015625,1754.2545166015625,1741.511747715837,1754.2545166015625,51900,0.0,0.0
2007-06-29 00:00:00+09:00,1754.2545166015625,1771.2448751158634,1745.759337344412,1754.2545166015625,68200,0.0,0.0
2007-07-02 00:00:00+09:00,1762.7497201595668,1805.2256170308815,1762.7497201595668,1800.97802734375,146700,0.0,0.0
2007-07-03 00:00:00+09:00,1737.2644529501977,1783.987946794824,1737.2644529501977,1779.7403564453125,107200,0.0,0.0
2007-07-04 00:00:00+09:00,1762.749909479261,1771.2450897659082,1758.5023193359375,1758.5023193359375,34200,0.0,0.0
2007-07-05 00:00:00+09:00,1762.7501099498559,1800.9784255873226,1762.7501099498559,1796.7308349609375,93900,0.0,0.0
2007-07-06 00:00:00+09:00,1800.9781529017857,1800.9781529017857,1775.4926130022322,1783.98779296875,103800,0.0,0.0
2007-07-09 00:00:00+09:00,1796.7306143827218,1830.7113352221113,1775.4926638581032,1826.4637451171875,150200,0.0,0.0
2007-07-10 00:00:00+09:00,1805.2257635200658,1834.9588937427493,1796.730583456442,1830.7113037109375,95600,0.0,0.0
2007-07-11 00:00:00+09:00,1826.463565466539,1830.7111551536705,1788.2352582823557,1800.97802734375,91600,0.0,0.0
2007-07-12 00:00:00+09:00,1800.97802734375,1813.7207964051445,1783.9876685952242,1800.97802734375,53500,0.0,0.0
2007-07-13 00:00:00+09:00,1800.9781212885987,1809.4733011059977,1779.740171745101,1788.2353515625,59400,0.0,0.0
2007-07-17 00:00:00+09:00,1775.492766095801,1788.2355371443355,1771.2451757462895,1779.7403564453125,38900,0.0,0.0
2007-07-18 00:00:00+09:00,1737.2647705078125,1741.5123616337485,1728.7695882559406,1737.2647705078125,60700,0.0,0.0
2007-07-19 00:00:00+09:00,1762.749909479261,1762.749909479261,1754.2547291926141,1758.5023193359375,61200,0.0,0.0
2007-07-20 00:00:00+09:00,1779.740174949884,1779.740174949884,1766.9974052008395,1771.2449951171875,77300,0.0,0.0
2007-07-23 00:00:00+09:00,1728.7695882559406,1745.7599527596844,1728.7695882559406,1737.2647705078125,57100,0.0,0.0
2007-07-24 00:00:00+09:00,1741.511747715837,1758.5021062301378,1724.521389201536,1754.2545166015625,80500,0.0,0.0
2007-07-25 00:00:00+09:00,1711.7787178001595,1724.521487411575,1699.0359481887438,1707.5311279296875,237600,0.0,0.0
2007-07-26 00:00:00+09:00,1682.895234669354,1693.9389691724846,1674.4000542823305,1676.9486083984375,215500,0.0,0.0
2007-07-27 00:00:00+09:00,1637.8708198051947,1646.366000405844,1631.9241933847402,1635.322265625,157700,0.0,0.0
2007-07-30 00:00:00+09:00,1614.0843122534598,1642.118408203125,1614.0843122534598,1642.118408203125,151500,0.0,0.0
2007-07-31 00:00:00+09:00,1667.6037291237392,1674.3998726963268,1660.8075855511513,1668.4532470703125,146900,0.0,0.0
2007-08-01 00:00:00+09:00,1670.152283462213,1686.2931244519293,1662.5066219407686,1665.05517578125,173600,0.0,0.0
2007-08-02 00:00:00+09:00,1665.904693230592,1683.7445701086351,1656.5599958182838,1668.4532470703125,210500,0.0,0.0
2007-08-03 00:00:00+09:00,1688.841955001668,1688.841955001668,1658.2593039050585,1671.0020751953125,241900,0.0,0.0
2007-08-06 00:00:00+09:00,1620.0307305627286,1639.5696434116762,1605.5889254135068,1624.2783203125,264200,0.0,0.0
2007-08-07 00:00:00+09:00,1595.3949002085008,1601.3415265671053,1572.4579128253115,1585.20068359375,403800,0.0,0.0
2007-08-08 00:00:00+09:00,1585.2007462040071,1608.987252577915,1570.7589387627058,1580.1036376953125,481300,0.0,0.0
2007-08-09 00:00:00+09:00,1529.1327690724772,1548.6716877884032,1480.7102313851822,1490.054931640625,831100,0.0,0.0
2007-08-10 00:00:00+09:00,1330.3451560108933,1374.5200909486753,1315.0538323785843,1318.451904296875,1142900,0.0,0.0
2007-08-13 00:00:00+09:00,1543.5744024271478,1569.909463778409,1520.6374135083074,1541.8753662109375,1148500,0.0,0.0
2007-08-14 00:00:00+09:00,1535.9286402027028,1573.307434543919,1521.486833298142,1571.6083984375,311400,0.0,0.0
2007-08-15 00:00:00+09:00,1586.8999062899886,1597.0941241034145,1569.0600251164929,1576.7056884765625,372400,0.0,0.0
2007-08-16 00:00:00+09:00,1577.5548782053083,1597.0937916133441,1518.9381379812016,1535.0789794921875,336700,0.0,0.0
2007-08-17 00:00:00+09:00,1535.9287186183287,1553.7685986465283,1496.0013680790248,1512.1422119140625,447900,0.0,0.0
2007-08-20 00:00:00+09:00,1534.2295266544118,1538.4771167060574,1494.3021801689426,1516.3896484375,348800,0.0,0.0
2007-08-21 00:00:00+09:00,1592.8461576762952,1646.3657885742189,1576.7053166118421,1614.0841064453125,509200,0.0,0.0
2007-08-22 00:00:00+09:00,1601.341591952429,1611.535808983426,1567.3608685157728,1573.3074951171875,369600,0.0,0.0
2007-08-23 00:00:00+09:00,1594.5449825566086,1613.234375,1592.8459468799367,1613.234375,252900,0.0,0.0
2007-08-24 00:00:00+09:00,1613.2347979478432,1629.3756411079323,1606.4386534593848,1628.526123046875,156300,0.0,0.0
2007-08-27 00:00:00+09:00,1624.2785593984538,1647.2155474234319,1624.2785593984538,1641.2689208984375,99500,0.0,0.0
2007-08-28 00:00:00+09:00,1641.2685868818683,1642.118104783981,1605.588834993132,1623.4287109375,124500,0.0,0.0
2007-08-29 00:00:00+09:00,1571.6082731032755,1592.846222739806,1571.6082731032755,1588.5986328125,203200,0.0,0.0
2007-08-30 00:00:00+09:00,1597.0942627597294,1609.8370361328125,1597.0942627597294,1609.8370361328125,99400,0.0,0.0
2007-08-31 00:00:00+09:00,1682.0456209216168,1696.4874267578125,1650.613455278132,1696.4874267578125,284100,0.0,0.0
2007-09-03 00:00:00+09:00,1697.3369152893374,1697.3369152893374,1665.9047501913867,1690.540771484375,94900,0.0,0.0
2007-09-04 00:00:00+09:00,1707.5310040553804,1733.0165414293413,1707.5310040553804,1724.5213623046875,132600,0.0,0.0
2007-09-05 00:00:00+09:00,1720.273936737076,1720.273936737076,1661.6571951889978,1665.90478515625,204500,0.0,0.0
2007-09-06 00:00:00+09:00,1665.9048143712484,1672.7009584380357,1614.084215861995,1671.8514404296875,212700,0.0,0.0
2007-09-07 00:00:00+09:00,1672.7008018284369,1707.531036909679,1671.851283899626,1703.283447265625,164900,0.0,0.0
2007-09-10 00:00:00+09:00,1703.2836684793385,1703.2836684793385,1659.9582484831058,1673.550537109375,158600,0.0,0.0
2007-09-11 00:00:00+09:00,1673.5506263027414,1690.540987991094,1629.3756859130244,1681.1962890625,133700,0.0,0.0
2007-09-12 00:00:00+09:00,1682.0458103135327,1693.0895454317529,1663.35641242116,1671.0020751953125,135600,0.0,0.0
2007-09-13 00:00:00+09:00,1667.6039682203723,1690.5409560665007,1659.9583056049962,1685.44384765625,131300,0.0,0.0
2007-09-14 00:00:00+09:00,1659.9585593848258,1677.7984415481224,1648.9148228075471,1654.8614501953125,220000,0.0,0.0
2007-09-18 00:00:00+09:00,1637.871137553595,1665.055720749505,1604.7399267835792,1609.8370361328125,223000,0.0,0.0
2007-09-19 00:00:00+09:00,1649.7637947027292,1652.3123484535572,1631.9239184469325,1642.9676513671875,173400,0.0,0.0
2007-09-20 00:00:00+09:00,1620.0306415932646,1625.127749013065,1595.394622397562,1599.6422119140625,266900,0.0,0.0
2007-09-21 00:00:00+09:00,1599.6428174343462,1630.2254735297452,1581.80293471203,1609.8370361328125,144200,0.0,0.0
2007-09-25 00:00:00+09:00,1620.0739622051483,1651.6393843228896,1612.395886554887,1637.1363525390625,74100,8.0,0.0
2007-09-26 00:00:00+09:00,1663.5835028824183,1679.7927780387085,1614.9556774135476,1656.758544921875,96200,0.0,0.0
2007-09-27 00:00:00+09:00,1657.6112826125184,1687.470466807803,1655.051923967208,1677.2330322265625,89200,0.0,0.0
2007-09-28 00:00:00+09:00,1666.9956220332278,1684.9111328125,1637.9895569620253,1684.9111328125,89700,0.0,0.0
2007-10-01 00:00:00+09:00,1696.0017116915797,1697.7079508381505,1661.8769287601594,1692.5892333984375,84900,0.0,0.0
2007-10-02 00:00:00+09:00,1680.6458410465107,1696.0019959393214,1670.4084044513036,1683.2052001953125,121200,0.0,0.0
2007-10-03 00:00:00+09:00,1693.4425845336916,1706.2393798828125,1682.3520285644531,1706.2393798828125,150000,0.0,0.0
2007-10-04 00:00:00+09:00,1690.0298501780064,1695.1485675435129,1666.9956220332278,1684.9111328125,74700,0.0,0.0
2007-10-05 00:00:00+09:00,1668.7019125855998,1668.7019125855998,1655.0519991902165,1658.4644775390625,140200,0.0,0.0
2007-10-09 00:00:00+09:00,1659.3174624928606,1676.3798528526845,1626.8989208091955,1633.723876953125,184900,0.0,0.0
2007-10-10 00:00:00+09:00,1670.4086733310573,1680.6461115741486,1634.5776394802378,1659.318115234375,136000,0.0,0.0
2007-10-11 00:00:00+09:00,1660.170604159751,1694.295385334669,1645.667572160411,1686.6173095703125,102300,0.0,0.0
2007-10-12 00:00:00+09:00,1660.1707666244865,1660.1707666244865,1635.4302978515625,1635.4302978515625,102300,0.0,0.0
2007-10-15 00:00:00+09:00,1629.4583767133395,1638.842691971898,1605.5710287824634,1626.0458984375,120800,0.0,0.0
2007-10-16 00:00:00+09:00,1617.5148689015302,1626.0460654674666,1597.8931167998767,1609.8367919921875,98000,0.0,0.0
2007-10-17 00:00:00+09:00,1563.7679972749306,1575.711669921875,1563.7679972749306,1575.711669921875,98000,0.0,0.0
2007-10-18 00:00:00+09:00,1561.2088243110486,1591.9211290515939,1553.5307481259124,1570.5931396484375,156500,0.0,0.0
2007-10-19 00:00:00+09:00,1505.7559158023917,1505.7559158023917,1469.07177734375,1469.07177734375,156500,0.0,0.0
2007-10-22 00:00:00+09:00,1454.5689446486736,1456.275183879933,1402.5286480952605,1411.9129638671875,262400,0.0,0.0
2007-10-23 00:00:00+09:00,1471.631143134937,1471.631143134937,1458.8343505859375,1458.8343505859375,262400,0.0,0.0
2007-10-24 00:00:00+09:00,1434.0938376517106,1447.7437492533925,1390.5847444213493,1394.850341796875,340200,0.0,0.0
2007-10-25 00:00:00+09:00,1388.025670557846,1388.025670557846,1382.0538330078125,1382.0538330078125,340200,0.0,0.0
2007-10-26 00:00:00+09:00,1542.4400683593751,1542.4400683593751,1535.6151123046875,1535.6151123046875,340200,0.0,0.0
2007-10-29 00:00:00+09:00,1553.5307931700381,1616.66164363384,1552.677673569176,1589.36181640625,421100,0.0,0.0
2007-10-30 00:00:00+09:00,1620.927001953125,1620.927001953125,1620.927001953125,1620.927001953125,421100,0.0,0.0
2007-10-31 00:00:00+09:00,1679.7921780727877,1736.0980611366801,1653.3454754215657,1723.30126953125,500400,0.0,0.0
2007-11-01 00:00:00+09:00,1723.3015013770234,1778.7542724609375,1723.3015013770234,1778.7542724609375,500400,0.0,0.0
2007-11-02 00:00:00+09:00,1773.6357210286458,1773.6357210286458,1727.5672607421875,1727.5672607421875,500400,0.0,0.0
2007-11-05 00:00:00+09:00,1761.691921657986,1774.4887152777778,1740.3639322916667,1765.95751953125,310500,0.0,0.0
2007-11-06 00:00:00+09:00,1774.4888648343374,1774.4888648343374,1770.2232666015625,1770.2232666015625,310500,0.0,0.0
2007-11-07 00:00:00+09:00,1747.1892420537897,1747.1892420537897,1744.6298828125,1744.6298828125,310500,0.0,0.0
2007-11-08 00:00:00+09:00,1740.3639994500911,1757.4263916015625,1740.3639994500911,1757.4263916015625,310500,0.0,0.0
2007-11-09 00:00:00+09:00,1738.6578396790285,1770.2232666015625,1738.6578396790285,1770.2232666015625,310500,0.0,0.0
2007-11-12 00:00:00+09:00,1765.1041620192682,1765.1041620192682,1710.5045166015625,1710.5045166015625,310500,0.0,0.0
2007-11-13 00:00:00+09:00,1710.504648736999,1710.504648736999,1696.854736328125,1696.854736328125,310500,0.0,0.0
2007-11-14 00:00:00+09:00,1704.5328292618938,1714.770263671875,1704.5328292618938,1714.770263671875,310500,0.0,0.0
2007-11-15 00:00:00+09:00,1753.1610107421875,1770.2234050073182,1744.629813609622,1753.1610107421875,171700,0.0,0.0
2007-11-16 00:00:00+09:00,1768.5170273084525,1770.2232666015625,1768.5170273084525,1770.2232666015625,171700,0.0,0.0
2007-11-19 00:00:00+09:00,1725.8607381184895,1740.36376953125,1725.8607381184895,1740.36376953125,171700,0.0,0.0
2007-11-20 00:00:00+09:00,1733.8376136240379,1757.4263916015625,1733.8376136240379,1757.4263916015625,171700,0.0,0.0
2007-11-21 00:00:00+09:00,1759.132576576791,1759.132576576791,1748.8951416015625,1748.8951416015625,171700,0.0,0.0
2007-11-22 00:00:00+09:00,1743.7764650836916,1743.7764650836916,1736.098388671875,1736.098388671875,171700,0.0,0.0
2007-11-26 00:00:00+09:00,1701.973322005046,1727.5669057945956,1676.3797382154964,1710.5045166015625,207800,0.0,0.0
2007-11-27 00:00:00+09:00,1723.3016072986197,1757.4263916015625,1723.3016072986197,1757.4263916015625,171700,0.0,0.0
2007-11-28 00:00:00+09:00,1757.4266093084702,1757.4266093084702,1753.1610107421875,1753.1610107421875,171700,0.0,0.0
2007-11-29 00:00:00+09:00,1778.754448137306,1787.28564453125,1778.754448137306,1787.28564453125,171700,0.0,0.0
2007-11-30 00:00:00+09:00,1792.4042396616712,1825.6759033203125,1792.4042396616712,1825.6759033203125,171700,0.0,0.0
2007-12-03 00:00:00+09:00,1825.6759033203125,1825.6759033203125,1825.6759033203125,1825.6759033203125,171700,0.0,0.0
2007-12-04 00:00:00+09:00,1781.313792386968,1812.87921878463,1781.313792386968,1804.3480224609375,171700,0.0,0.0
2007-12-05 00:00:00+09:00,1806.9071915211398,1812.8790283203125,1806.9071915211398,1812.8790283203125,171700,0.0,0.0
2007-12-06 00:00:00+09:00,1810.3198598875222,1810.3198598875222,1804.3480224609375,1804.3480224609375,171700,0.0,0.0
2007-12-07 00:00:00+09:00,1821.4104151083222,1825.6760132701684,1800.0824242990914,1804.3480224609375,164100,0.0,0.0
2007-12-10 00:00:00+09:00,1817.1446533203125,1817.1446533203125,1817.1446533203125,1817.1446533203125,164100,0.0,0.0
2007-12-11 00:00:00+09:00,1829.9415012252664,1834.2070991302205,1821.4103054153584,1825.6759033203125,234700,0.0,0.0
2007-12-12 00:00:00+09:00,1821.4098924658763,1855.5346679687498,1821.4098924658763,1855.53466796875,190700,0.0,0.0
2007-12-13 00:00:00+09:00,1855.5346679687498,1855.5346679687498,1855.5346679687498,1855.53466796875,190700,0.0,0.0
2007-12-14 00:00:00+09:00,1858.9477002726421,1885.3944091796875,1858.9477002726421,1885.3944091796875,190700,0.0,0.0
2007-12-17 00:00:00+09:00,1880.2759783421127,1880.2759783421127,1872.597900390625,1872.597900390625,190700,0.0,0.0
2007-12-18 00:00:00+09:00,1872.5971957120028,1979.2371271306818,1855.5348066850142,1970.7059326171875,563800,0.0,0.0
2007-12-19 00:00:00+09:00,1934.874826171875,1934.874826171875,1919.5186767578125,1919.5186767578125,190700,0.0,0.0
2007-12-20 00:00:00+09:00,1859.800264906609,1859.800264906609,1855.5346679687498,1855.53466796875,190700,0.0,0.0
2007-12-21 00:00:00+09:00,1855.5348728127676,1868.3316650390625,1855.5348728127676,1868.3316650390625,190700,0.0,0.0
2007-12-25 00:00:00+09:00,1892.2192709068142,1892.2192709068142,1889.6599121093748,1889.659912109375,190700,0.0,0.0
2007-12-26 00:00:00+09:00,1893.925537109375,1902.4567332224804,1889.6599390528224,1893.925537109375,81900,0.0,0.0
2007-12-27 00:00:00+09:00,1896.485124043056,1910.9881591796875,1896.485124043056,1910.9881591796875,81900,0.0,0.0
2007-12-28 00:00:00+09:00,1876.8630505483084,1885.394246232619,1859.8006591796875,1859.8006591796875,57200,0.0,0.0
2008-01-04 00:00:00+09:00,1834.2070300901871,1847.0038233233743,1791.5510526462292,1795.816650390625,118400,0.0,0.0
2008-01-07 00:00:00+09:00,1795.8168261372452,1804.3480224609375,1795.8168261372452,1804.3480224609375,81900,0.0,0.0
2008-01-08 00:00:00+09:00,1804.3478731996074,1804.3478731996074,1800.082275390625,1800.082275390625,81900,0.0,0.0
2008-01-09 00:00:00+09:00,1800.082289389514,1859.8006591796875,1800.082289389514,1859.8006591796875,81900,0.0,0.0
2008-01-10 00:00:00+09:00,1825.6759033203125,1825.6759033203125,1825.6759033203125,1825.6759033203125,81900,0.0,0.0
2008-01-11 00:00:00+09:00,1831.6476582605699,1831.6476582605699,1812.8790283203125,1812.8790283203125,81900,0.0,0.0
2008-01-15 00:00:00+09:00,1820.2211598295214,1820.2211598295214,1795.816650390625,1795.816650390625,81900,0.0,0.0
2008-01-16 00:00:00+09:00,1800.0824542309863,1834.2072400931852,1757.4264719032378,1770.2232666015625,175600,0.0,0.0
2008-01-17 00:00:00+09:00,1770.2230639242503,1795.816650390625,1770.2230639242503,1795.816650390625,175600,0.0,0.0
2008-01-18 00:00:00+09:00,1753.1603972237065,1812.8787562532243,1753.1603972237065,1808.6131591796875,172900,0.0,0.0
2008-01-21 00:00:00+09:00,1834.2067416209095,1864.0659211356683,1808.6131591796875,1808.6131591796875,244900,0.0,0.0
2008-01-22 00:00:00+09:00,1740.3638496968285,1744.629447367654,1714.770263671875,1714.770263671875,182800,0.0,0.0
2008-01-23 00:00:00+09:00,1744.6293670055913,1744.6293670055913,1740.36376953125,1740.36376953125,182800,0.0,0.0
2008-01-24 00:00:00+09:00,1740.363686054596,1821.4100341796875,1740.363686054596,1821.4100341796875,182800,0.0,0.0
2008-01-25 00:00:00+09:00,1787.285310189485,1829.9412841796875,1770.222920593404,1829.9412841796875,324100,0.0,0.0
2008-01-28 00:00:00+09:00,1839.3260730910797,1847.004150390625,1839.3260730910797,1847.004150390625,324100,0.0,0.0
2008-01-29 00:00:00+09:00,1857.9934036876766,1859.8006591796875,1857.9934036876766,1859.8006591796875,324100,0.0,0.0
2008-01-30 00:00:00+09:00,1864.066162109375,1868.3317597343391,1838.4725763595895,1864.066162109375,209500,0.0,0.0
2008-01-31 00:00:00+09:00,1902.4561306782905,1932.3153076171875,1885.3937438560636,1932.3153076171875,209500,0.0,0.0
2008-02-01 00:00:00+09:00,1979.2373996017818,1987.7685952897207,1966.4406060698739,1974.9718017578125,297700,0.0,0.0
2008-02-04 00:00:00+09:00,1957.9095606541896,1979.237551510989,1915.2535789405906,1940.84716796875,195500,0.0,0.0
2008-02-05 00:00:00+09:00,1934.022237570244,1945.11279296875,1934.022237570244,1945.11279296875,195500,0.0,0.0
2008-02-06 00:00:00+09:00,1919.5193563188825,1919.5193563188825,1902.4569620404925,1910.9881591796875,135400,0.0,0.0
2008-02-07 00:00:00+09:00,1903.3105770993961,1953.6446533203125,1903.3105770993961,1953.6446533203125,135400,0.0,0.0
2008-02-08 00:00:00+09:00,1944.754965929713,1945.11279296875,1944.754965929713,1945.11279296875,135400,0.0,0.0
2008-02-12 00:00:00+09:00,1945.965912614789,1945.965912614789,1945.11279296875,1945.11279296875,135400,0.0,0.0
2008-02-13 00:00:00+09:00,1915.2535966553837,1915.2535966553837,1881.1288109688737,1885.3944091796875,243300,0.0,0.0
2008-02-14 00:00:00+09:00,1894.7791522937257,1915.2540283203125,1894.7791522937257,1915.2540283203125,243300,0.0,0.0
2008-02-15 00:00:00+09:00,1868.331614839361,1898.1907958984375,1851.2692256627458,1898.1907958984375,243300,0.0,0.0
2008-02-18 00:00:00+09:00,1905.0161609494307,1905.0161609494307,1885.3944091796875,1885.3944091796875,243300,0.0,0.0
2008-02-19 00:00:00+09:00,1855.5349544602998,1881.1285400390625,1855.5349544602998,1881.1285400390625,243300,0.0,0.0
2008-02-20 00:00:00+09:00,1833.353622206202,1833.353622206202,1808.6131591796875,1808.6131591796875,243300,0.0,0.0
2008-02-21 00:00:00+09:00,1817.144640261628,1851.2694222383723,1812.879042514535,1834.20703125,183700,0.0,0.0
2008-02-22 00:00:00+09:00,1928.0499267578125,1940.84671830709,1919.5187323916275,1928.0499267578125,320900,0.0,0.0
2008-02-25 00:00:00+09:00,1920.4352519074253,1953.6446533203125,1920.4352519074253,1953.6446533203125,320900,0.0,0.0
2008-02-26 00:00:00+09:00,1930.6090689349646,1932.3153076171875,1930.6090689349646,1932.3153076171875,320900,0.0,0.0
2008-02-27 00:00:00+09:00,1945.1120977338576,1949.3776944394142,1919.5185175005172,1932.3153076171875,82600,0.0,0.0
2008-02-28 00:00:00+09:00,1949.3783911989447,1949.3783911989447,1932.315998278166,1945.11279296875,82600,0.0,0.0
2008-02-29 00:00:00+09:00,1974.9715298739345,1974.9715298739345,1966.4403353604403,1970.7059326171875,82600,0.0,0.0
2008-03-03 00:00:00+09:00,1928.0498708767361,1945.1122591145831,1915.2530796983506,1919.5186767578125,124400,0.0,0.0
2008-03-04 00:00:00+09:00,1911.9375666201645,1915.2540283203125,1911.9375666201645,1915.2540283203125,124400,0.0,0.0
2008-03-05 00:00:00+09:00,1928.0501036791024,1936.581298828125,1928.0501036791024,1936.581298828125,124400,0.0,0.0
2008-03-06 00:00:00+09:00,1949.37841796875,1966.4408111238374,1945.1128196799782,1949.37841796875,153900,0.0,0.0
2008-03-07 00:00:00+09:00,1949.3776944394142,1949.3776944394142,1932.3153076171875,1932.3153076171875,153900,0.0,0.0
2008-03-10 00:00:00+09:00,1919.519627492518,1928.0508258369293,1915.2540283203125,1915.2540283203125,100700,0.0,0.0
2008-03-11 00:00:00+09:00,1885.394137635523,1898.1909304249043,1864.0661496532207,1881.1285400390625,249500,0.0,0.0
2008-03-12 00:00:00+09:00,1885.394696976438,1885.394696976438,1872.597900390625,1872.597900390625,249500,0.0,0.0
2008-03-13 00:00:00+09:00,1842.7385518908775,1855.5353473901198,1834.2073548913827,1847.004150390625,127400,0.0,0.0
2008-03-14 00:00:00+09:00,1855.5348066850142,1893.9251819957385,1838.4724176580255,1876.86279296875,261900,0.0,0.0
2008-03-17 00:00:00+09:00,1883.6880749153497,1889.6599121093748,1883.6880749153497,1889.659912109375,261900,0.0,0.0
2008-03-18 00:00:00+09:00,1883.6880749153497,1889.6599121093748,1883.6880749153497,1889.659912109375,261900,0.0,0.0
2008-03-19 00:00:00+09:00,1915.2536053573876,1949.3783911989447,1906.7224088969983,1945.11279296875,191700,0.0,0.0
2008-03-21 00:00:00+09:00,1915.2530796983506,1953.6434532335068,1910.9874826388889,1919.5186767578125,150500,0.0,0.0
2008-03-24 00:00:00+09:00,1953.6440162575218,1966.4408111238374,1949.37841796875,1949.37841796875,104300,0.0,0.0
2008-03-25 00:00:00+09:00,1932.3158365885417,1957.909423828125,1932.3158365885417,1957.909423828125,151000,0.0,0.0
2008-03-26 00:00:00+09:00,1954.4851616346862,1999.0025634765625,1954.4851616346862,1999.0025634765625,151000,8.0,0.0
2008-03-27 00:00:00+09:00,1991.2976285423915,1999.0025634765625,1991.2976285423915,1999.0025634765625,151000,0.0,0.0
2008-03-28 00:00:00+09:00,2003.2831536035749,2110.296142578125,2003.2831536035749,2110.296142578125,151000,0.0,0.0
2008-03-31 00:00:00+09:00,2101.116874929027,2178.784912109375,2101.116874929027,2178.784912109375,151000,0.0,0.0
2008-04-01 00:00:00+09:00,2170.223414370888,2170.223414370888,2114.57666015625,2114.57666015625,151000,0.0,0.0
2008-04-02 00:00:00+09:00,2114.5761669824024,2135.978759765625,2114.5761669824024,2135.978759765625,151000,0.0,0.0
2008-04-03 00:00:00+09:00,2141.114892578125,2141.114892578125,2097.45361328125,2097.45361328125,151000,0.0,0.0
2008-04-04 00:00:00+09:00,2123.1372040956912,2135.978759765625,2123.1372040956912,2135.978759765625,151000,0.0,0.0
2008-04-07 00:00:00+09:00,2105.159767613926,2105.159767613926,2101.7353515625,2101.7353515625,151000,0.0,0.0
2008-04-08 00:00:00+09:00,2074.3395562629935,2074.3395562629935,2058.9296875,2058.9296875,151000,0.0,0.0
2008-04-09 00:00:00+09:00,2059.785789799987,2063.210205078125,2059.785789799987,2063.210205078125,151000,0.0,0.0
2008-04-10 00:00:00+09:00,2058.930062923791,2058.930062923791,2041.8079833984375,2041.8079833984375,151000,0.0,0.0
2008-04-11 00:00:00+09:00,2103.8369235503774,2103.8369235503774,2071.771484375,2071.771484375,151000,0.0,0.0
2008-04-14 00:00:00+09:00,2070.059179999169,2070.059179999169,2011.8441162109375,2011.8441162109375,151000,0.0,0.0
2008-04-15 00:00:00+09:00,2032.3902311061715,2046.087890625,2032.3902311061715,2046.087890625,151000,0.0,0.0
2008-04-16 00:00:00+09:00,2046.9444973502189,2046.9444973502189,2016.124755859375,2016.124755859375,151000,0.0,0.0
2008-04-17 00:00:00+09:00,2016.124635607131,2016.124635607131,2011.8441162109375,2011.8441162109375,151000,0.0,0.0
2008-04-18 00:00:00+09:00,1960.4780294806483,1960.4780294806483,1956.197509765625,1956.197509765625,151000,0.0,0.0
2008-04-21 00:00:00+09:00,1943.3557177626108,1943.3557177626108,1930.51416015625,1930.51416015625,151000,0.0,0.0
2008-04-22 00:00:00+09:00,1857.7452449355014,1857.7452449355014,1840.6231689453125,1840.6231689453125,151000,0.0,0.0
2008-04-23 00:00:00+09:00,1917.6726173642533,1917.6726173642533,1883.4284634827488,1891.989501953125,198400,0.0,0.0
2008-04-24 00:00:00+09:00,1893.7018298973617,1896.2701416015625,1893.7018298973617,1896.2701416015625,198400,0.0,0.0
2008-04-25 00:00:00+09:00,1905.6875175476075,1917.6729736328127,1905.6875175476075,1917.6729736328125,198400,0.0,0.0
2008-04-28 00:00:00+09:00,1860.3136678525457,1870.5869140625,1860.3136678525457,1870.5869140625,198400,0.0,0.0
2008-04-30 00:00:00+09:00,1870.5868019281431,1870.5868019281431,1840.6231689453125,1840.6231689453125,198400,0.0,0.0
2008-05-01 00:00:00+09:00,1837.1987551673587,1837.1987551673587,1836.3426513671877,1836.3426513671875,198400,0.0,0.0
2008-05-02 00:00:00+09:00,1836.5155024030132,1836.5155024030132,1836.3426513671877,1836.3426513671875,198400,0.0,0.0
2008-05-07 00:00:00+09:00,1836.3426513671877,1836.3426513671877,1836.3426513671877,1836.3426513671875,198400,0.0,0.0
2008-05-08 00:00:00+09:00,1849.1845680571594,1862.0261275575565,1844.9040482236937,1853.465087890625,290900,0.0,0.0
2008-05-09 00:00:00+09:00,1850.0403179572609,1850.0403179572609,1819.2205810546875,1819.2205810546875,290900,0.0,0.0
2008-05-12 00:00:00+09:00,1840.6231689453125,1840.6231689453125,1840.6231689453125,1840.6231689453125,290900,0.0,0.0
2008-05-13 00:00:00+09:00,1789.2568382850059,1789.2568382850059,1780.69580078125,1780.69580078125,290900,0.0,0.0
2008-05-14 00:00:00+09:00,1790.9691627139136,1797.8179931640625,1790.9691627139136,1797.8179931640625,290900,0.0,0.0
2008-05-15 00:00:00+09:00,1827.7818766664493,1827.7818766664493,1793.5377197265625,1793.5377197265625,290900,0.0,0.0
2008-05-16 00:00:00+09:00,1795.2496788567275,1806.3790283203125,1795.2496788567275,1806.3790283203125,290900,0.0,0.0
2008-05-19 00:00:00+09:00,1806.3790401145457,1806.3790401145457,1772.1348876953125,1772.1348876953125,290900,0.0,0.0
2008-05-20 00:00:00+09:00,1755.0127025642016,1755.0127025642016,1729.32958984375,1729.32958984375,290900,0.0,0.0
2008-05-21 00:00:00+09:00,1702.7905981029442,1708.7833251953125,1702.7905981029442,1708.7833251953125,290900,0.0,0.0
2008-05-22 00:00:00+09:00,1742.1716260840083,1750.732666015625,1742.1716260840083,1750.732666015625,290900,0.0,0.0
2008-05-23 00:00:00+09:00,1777.271640148628,1777.271640148628,1755.012939453125,1755.012939453125,290900,0.0,0.0
2008-05-26 00:00:00+09:00,1739.6027954286799,1739.6027954286799,1692.51708984375,1692.51708984375,290900,0.0,0.0
2008-05-27 00:00:00+09:00,1697.653759273654,1699.365966796875,1697.653759273654,1699.365966796875,290900,0.0,0.0
2008-05-28 00:00:00+09:00,1680.531568881374,1680.531568881374,1673.6827392578125,1673.6827392578125,290900,0.0,0.0
2008-05-29 00:00:00+09:00,1682.2441212914653,1682.2441212914653,1670.2586669921875,1670.2586669921875,290900,0.0,0.0
2008-05-30 00:00:00+09:00,1669.402578619462,1690.80517578125,1669.402578619462,1690.80517578125,290900,0.0,0.0
2008-06-02 00:00:00+09:00,1683.1001503826285,1683.1001503826285,1672.826904296875,1672.826904296875,290900,0.0,0.0
2008-06-03 00:00:00+09:00,1667.6903161868663,1667.6903161868663,1646.2877197265625,1646.2877197265625,290900,0.0,0.0
2008-06-04 00:00:00+09:00,1671.7072898781196,1681.3875732421875,1671.7072898781196,1681.3875732421875,290900,0.0,0.0
2008-06-05 00:00:00+09:00,1692.5169432112614,1693.373046875,1692.5169432112614,1693.373046875,290900,0.0,0.0
2008-06-06 00:00:00+09:00,1675.4781626236174,1675.4781626236174,1670.2586669921875,1670.2586669921875,290900,0.0,0.0
2008-06-09 00:00:00+09:00,1657.4171447753906,1657.4171447753906,1643.719482421875,1643.719482421875,290900,0.0,0.0
2008-06-10 00:00:00+09:00,1643.719313872908,1643.719313872908,1636.8704833984375,1636.8704833984375,290900,0.0,0.0
2008-06-11 00:00:00+09:00,1636.8703100636694,1647.1435546875,1636.8703100636694,1647.1435546875,290900,0.0,0.0
2008-06-12 00:00:00+09:00,1662.553635191306,1669.4024658203125,1662.553635191306,1669.4024658203125,290900,0.0,0.0
2008-06-13 00:00:00+09:00,1642.8638353392228,1653.1370849609375,1642.8638353392228,1653.1370849609375,290900,0.0,0.0
2008-06-16 00:00:00+09:00,1659.1292816993566,1696.7978515625,1659.1292816993566,1696.7978515625,290900,0.0,0.0
2008-06-17 00:00:00+09:00,1695.9420197964891,1733.610595703125,1695.9420197964891,1733.610595703125,290900,0.0,0.0
2008-06-18 00:00:00+09:00,1750.732178931143,1755.0126977060356,1737.8906226064646,1746.45166015625,246500,0.0,0.0
2008-06-19 00:00:00+09:00,1711.3514664607376,1711.3514664607376,1706.21484375,1706.21484375,246500,0.0,0.0
2008-06-20 00:00:00+09:00,1735.3223173610036,1735.3223173610036,1725.049072265625,1725.049072265625,246500,0.0,0.0
2008-06-23 00:00:00+09:00,1733.6101086304918,1737.8906274172339,1720.7685522702661,1729.32958984375,152800,0.0,0.0
2008-06-24 00:00:00+09:00,1694.2297029418944,1712.2078857421875,1694.2297029418944,1712.2078857421875,152800,0.0,0.0
2008-06-25 00:00:00+09:00,1706.2147836722581,1746.45166015625,1706.2147836722581,1746.45166015625,152800,0.0,0.0
2008-06-26 00:00:00+09:00,1748.1643636670526,1748.1643636670526,1733.610595703125,1733.610595703125,152800,0.0,0.0
2008-06-27 00:00:00+09:00,1693.3732285108263,1742.171142578125,1693.3732285108263,1742.171142578125,152800,0.0,0.0
2008-06-30 00:00:00+09:00,1743.02773007717,1750.732666015625,1743.02773007717,1750.732666015625,152800,0.0,0.0
2008-07-01 00:00:00+09:00,1750.7325397871998,1759.2935791015625,1750.7325397871998,1759.2935791015625,152800,0.0,0.0
2008-07-02 00:00:00+09:00,1759.2932176894578,1759.2932176894578,1742.171142578125,1742.171142578125,152800,0.0,0.0
2008-07-03 00:00:00+09:00,1743.0272463336917,1743.0272463336917,1742.171142578125,1742.171142578125,152800,0.0,0.0
2008-07-04 00:00:00+09:00,1743.8834648650825,1763.5738525390625,1743.8834648650825,1763.5738525390625,152800,0.0,0.0
2008-07-07 00:00:00+09:00,1761.8618908958715,1761.8618908958715,1759.2935791015625,1759.2935791015625,152800,0.0,0.0
2008-07-08 00:00:00+09:00,1738.7467275558583,1742.171142578125,1738.7467275558583,1742.171142578125,152800,0.0,0.0
2008-07-09 00:00:00+09:00,1751.5882826861214,1751.5882826861214,1746.45166015625,1746.45166015625,152800,0.0,0.0
2008-07-10 00:00:00+09:00,1750.732666015625,1750.732666015625,1750.732666015625,1750.732666015625,152800,0.0,0.0
2008-07-11 00:00:00+09:00,1750.732666015625,1750.732666015625,1750.732666015625,1750.732666015625,152800,0.0,0.0
2008-07-14 00:00:00+09:00,1738.7467311745822,1738.7467311745822,1729.32958984375,1729.32958984375,152800,0.0,0.0
2008-07-15 00:00:00+09:00,1712.2073965476932,1716.4879150390625,1712.2073965476932,1716.4879150390625,152800,0.0,0.0
2008-07-16 00:00:00+09:00,1689.092672684952,1701.078125,1689.092672684952,1701.078125,152800,0.0,0.0
2008-07-17 00:00:00+09:00,1733.6101086304918,1733.6101086304918,1729.32958984375,1729.32958984375,152800,0.0,0.0
2008-07-18 00:00:00+09:00,1729.329598453243,1729.329598453243,1699.365966796875,1699.365966796875,152800,0.0,0.0
2008-07-22 00:00:00+09:00,1700.2220620939047,1729.32958984375,1674.5389493734529,1729.32958984375,126400,0.0,0.0
2008-07-23 00:00:00+09:00,1721.6250291137694,1721.6250291137694,1712.2078857421875,1712.2078857421875,126400,0.0,0.0
2008-07-24 00:00:00+09:00,1729.329344500462,1737.890380859375,1729.329344500462,1737.890380859375,126400,0.0,0.0
2008-07-25 00:00:00+09:00,1721.6250291137694,1721.6250291137694,1712.2078857421875,1712.2078857421875,126400,0.0,0.0
2008-07-28 00:00:00+09:00,1731.0417973584467,1731.0417973584467,1729.32958984375,1729.32958984375,126400,0.0,0.0
2008-07-29 00:00:00+09:00,1706.2147883953435,1729.32958984375,1706.2147883953435,1729.32958984375,126400,0.0,0.0
2008-07-30 00:00:00+09:00,1729.32958984375,1729.32958984375,1729.32958984375,1729.32958984375,126400,0.0,0.0
2008-07-31 00:00:00+09:00,1739.602831311425,1742.171142578125,1739.602831311425,1742.171142578125,126400,0.0,0.0
2008-08-01 00:00:00+09:00,1743.883314118219,1743.883314118219,1692.51708984375,1692.51708984375,126400,0.0,0.0
2008-08-04 00:00:00+09:00,1684.8121842730113,1684.8121842730113,1678.8194580078125,1678.8194580078125,126400,0.0,0.0
2008-08-05 00:00:00+09:00,1712.2078172157949,1712.2078172157949,1701.9345703125,1701.9345703125,126400,0.0,0.0
2008-08-06 00:00:00+09:00,1701.9342696086014,1729.32958984375,1701.9342696086014,1729.32958984375,126400,0.0,0.0
2008-08-07 00:00:00+09:00,1726.761033592788,1737.890380859375,1726.761033592788,1737.890380859375,126400,0.0,0.0
2008-08-08 00:00:00+09:00,1747.3077639112287,1747.3077639112287,1746.45166015625,1746.45166015625,126400,0.0,0.0
2008-08-11 00:00:00+09:00,1746.45166015625,1746.45166015625,1746.45166015625,1746.45166015625,126400,0.0,0.0
2008-08-12 00:00:00+09:00,1742.1711462039757,1742.1711462039757,1729.32958984375,1729.32958984375,126400,0.0,0.0
2008-08-13 00:00:00+09:00,1728.4737337482509,1728.4737337482509,1720.768798828125,1720.768798828125,126400,0.0,0.0
2008-08-14 00:00:00+09:00,1717.3443638986957,1717.3443638986957,1708.7833251953125,1708.7833251953125,126400,0.0,0.0
2008-08-15 00:00:00+09:00,1702.7905656317175,1702.7905656317175,1667.6903076171875,1667.6903076171875,126400,0.0,0.0
2008-08-18 00:00:00+09:00,1636.0144656577259,1636.0144656577259,1604.338623046875,1604.338623046875,126400,0.0,0.0
2008-08-19 00:00:00+09:00,1580.3678864457102,1598.3460693359375,1580.3678864457102,1598.3460693359375,126400,0.0,0.0
2008-08-20 00:00:00+09:00,1597.4895450064348,1621.46044921875,1597.4895450064348,1621.46044921875,126400,0.0,0.0
2008-08-21 00:00:00+09:00,1582.0798541764568,1594.0653076171875,1582.0798541764568,1594.0653076171875,126400,0.0,0.0
2008-08-22 00:00:00+09:00,1599.2019459983144,1618.892333984375,1599.2019459983144,1618.892333984375,126400,0.0,0.0
2008-08-25 00:00:00+09:00,1619.7479975069116,1625.74072265625,1619.7479975069116,1625.74072265625,126400,0.0,0.0
2008-08-26 00:00:00+09:00,1606.9067347972136,1619.748291015625,1606.9067347972136,1619.748291015625,126400,0.0,0.0
2008-08-27 00:00:00+09:00,1616.3238725747246,1632.58984375,1616.3238725747246,1632.58984375,126400,0.0,0.0
2008-08-28 00:00:00+09:00,1635.1578854741815,1637.7261962890625,1635.1578854741815,1637.7261962890625,126400,0.0,0.0
2008-08-29 00:00:00+09:00,1669.4025993347168,1669.4025993347168,1643.719482421875,1643.719482421875,126400,0.0,0.0
2008-09-01 00:00:00+09:00,1643.719071230891,1643.719071230891,1624.0286865234375,1624.0286865234375,126400,0.0,0.0
2008-09-02 00:00:00+09:00,1627.45343759003,1627.45343759003,1578.655517578125,1578.655517578125,126400,0.0,0.0
2008-09-03 00:00:00+09:00,1597.4897476680046,1597.4897476680046,1593.209228515625,1593.209228515625,126400,0.0,0.0
2008-09-04 00:00:00+09:00,1592.35315271326,1592.35315271326,1457.0887451171875,1457.0887451171875,126400,0.0,0.0
2008-09-05 00:00:00+09:00,1429.6932607853569,1433.11767578125,1429.6932607853569,1433.11767578125,126400,0.0,0.0
2008-09-08 00:00:00+09:00,1440.8229665054582,1454.5206298828125,1440.8229665054582,1454.5206298828125,126400,0.0,0.0
2008-09-09 00:00:00+09:00,1454.5203143180684,1454.5203143180684,1448.527587890625,1448.527587890625,126400,0.0,0.0
2008-09-10 00:00:00+09:00,1452.8081315287043,1452.8081315287043,1422.8444988807935,1447.6715087890625,341000,0.0,0.0
2008-09-11 00:00:00+09:00,1445.959182338669,1445.959182338669,1434.829833984375,1434.829833984375,341000,0.0,0.0
2008-09-12 00:00:00+09:00,1427.9810072998196,1427.9810072998196,1421.98828125,1421.98828125,341000,0.0,0.0
2008-09-16 00:00:00+09:00,1422.8447412679586,1422.8447412679586,1392.881103515625,1392.881103515625,341000,0.0,0.0
2008-09-17 00:00:00+09:00,1410.8591539138165,1414.2835693359375,1410.8591539138165,1414.2835693359375,341000,0.0,0.0
2008-09-18 00:00:00+09:00,1414.283828452274,1430.5498046875,1414.283828452274,1430.5498046875,341000,0.0,0.0
2008-09-19 00:00:00+09:00,1423.7006298246838,1438.25439453125,1423.7006298246838,1438.25439453125,341000,0.0,0.0
2008-09-22 00:00:00+09:00,1474.2109791825458,1474.2109791825458,1439.1107177734375,1439.1107177734375,341000,0.0,0.0
2008-09-24 00:00:00+09:00,1439.1104863919954,1439.1104863919954,1400.5858154296875,1400.5858154296875,341000,0.0,0.0
2008-09-25 00:00:00+09:00,1385.1001794403305,1386.82080078125,1385.1001794403305,1386.82080078125,341000,8.0,0.0
2008-09-26 00:00:00+09:00,1353.2686779947505,1358.4305419921875,1353.2686779947505,1358.4305419921875,341000,0.0,0.0
2008-09-29 00:00:00+09:00,1358.4303296857393,1358.4303296857393,1336.062255859375,1336.062255859375,341000,0.0,0.0
2008-09-30 00:00:00+09:00,1277.561361060178,1279.281982421875,1277.561361060178,1279.281982421875,341000,0.0,0.0
2008-10-01 00:00:00+09:00,1279.2821866314384,1291.3265380859375,1279.2821866314384,1291.3265380859375,341000,0.0,0.0
2008-10-02 00:00:00+09:00,1293.0469079290488,1293.0469079290488,1262.93603515625,1262.93603515625,341000,0.0,0.0
2008-10-03 00:00:00+09:00,1241.4285888671875,1241.4285888671875,1231.1048583984375,1231.1048583984375,341000,0.0,0.0
2008-10-06 00:00:00+09:00,1224.2221585442037,1224.2221585442037,1170.0225830078125,1170.0225830078125,341000,0.0,0.0
2008-10-07 00:00:00+09:00,1122.7904482832419,1141.63232421875,1122.7904482832419,1141.63232421875,341000,0.0,0.0
2008-10-08 00:00:00+09:00,1141.632349318261,1141.632349318261,1041.8363037109375,1041.8363037109375,341000,0.0,0.0
2008-10-09 00:00:00+09:00,1072.8076983083292,1079.690185546875,1072.8076983083292,1079.690185546875,341000,0.0,0.0
2008-10-10 00:00:00+09:00,1079.690019387285,1079.690019387285,1050.439453125,1050.439453125,341000,0.0,0.0
2008-10-14 00:00:00+09:00,1059.9029541015625,1059.9029541015625,1059.9029541015625,1059.9029541015625,341000,0.0,0.0
2008-10-15 00:00:00+09:00,891.2818799869035,891.2818799869035,887.8406372070312,887.8406372070312,341000,0.0,0.0
2008-10-16 00:00:00+09:00,833.6409366492069,851.7074584960938,833.6409366492069,851.7074584960938,341000,0.0,0.0
2008-10-17 00:00:00+09:00,880.0978420015015,893.0025024414062,880.0978420015015,893.0025024414062,341000,0.0,0.0
2008-10-20 00:00:00+09:00,879.2374587313275,919.6720581054688,879.2374587313275,919.6720581054688,341000,0.0,0.0
2008-10-21 00:00:00+09:00,936.8781966954442,943.7606811523438,936.8781966954442,943.7606811523438,341000,0.0,0.0
2008-10-22 00:00:00+09:00,943.7608109628358,943.7608109628358,888.700927734375,888.700927734375,341000,0.0,0.0
2008-10-23 00:00:00+09:00,843.232657025491,893.0025024414062,843.232657025491,893.0025024414062,341000,0.0,0.0
2008-10-24 00:00:00+09:00,879.2375423706924,879.2375423706924,845.6854248046875,845.6854248046875,341000,0.0,0.0
2008-10-27 00:00:00+09:00,846.5456567088021,846.5456567088021,783.7429809570312,783.7429809570312,341000,0.0,0.0
2008-10-28 00:00:00+09:00,767.8672692599781,804.390625,767.8672692599781,804.390625,341000,0.0,0.0
2008-10-29 00:00:00+09:00,805.2509354329778,805.2509354329778,796.6478271484375,796.6478271484375,341000,0.0,0.0
2008-10-30 00:00:00+09:00,808.692138671875,808.692138671875,808.692138671875,808.692138671875,341000,0.0,0.0
2008-10-31 00:00:00+09:00,807.8317242425732,888.700927734375,807.8317242425732,888.700927734375,341000,0.0,0.0
2008-11-04 00:00:00+09:00,889.5612142968365,889.5612142968365,874.0756225585938,874.0756225585938,450100,0.0,0.0
2008-11-05 00:00:00+09:00,873.215441872397,948.9227905273438,873.215441872397,948.9227905273438,450100,0.0,0.0
2008-11-06 00:00:00+09:00,950.6432269083259,950.6432269083259,875.7962036132812,875.7962036132812,450100,0.0,0.0
2008-11-07 00:00:00+09:00,875.7963829550199,875.7963829550199,837.0823974609375,837.0823974609375,450100,0.0,0.0
2008-11-10 00:00:00+09:00,858.59019093233,877.5170288085938,858.59019093233,877.5170288085938,450100,0.0,0.0
2008-11-11 00:00:00+09:00,878.3772732787337,878.3772732787337,841.3839111328125,841.3839111328125,450100,0.0,0.0
2008-11-12 00:00:00+09:00,806.111246657754,806.111246657754,804.390625,804.390625,450100,0.0,0.0
2008-11-13 00:00:00+09:00,804.3905074978073,827.618896484375,804.3905074978073,827.618896484375,450100,0.0,0.0
2008-11-14 00:00:00+09:00,828.4793088912965,828.4793088912965,825.8983764648438,825.8983764648438,450100,0.0,0.0
2008-11-17 00:00:00+09:00,825.8983396480461,858.5901489257812,825.8983396480461,858.5901489257812,450100,0.0,0.0
2008-11-18 00:00:00+09:00,859.4505191361444,859.4505191361444,825.0380859375,825.0380859375,450100,0.0,0.0
2008-11-19 00:00:00+09:00,782.0224227161345,794.0667724609375,782.0224227161345,794.0667724609375,450100,0.0,0.0
2008-11-20 00:00:00+09:00,794.9271603522307,794.9271603522307,754.4925537109375,754.4925537109375,450100,0.0,0.0
2008-11-21 00:00:00+09:00,754.4925132985815,756.213134765625,754.4925132985815,756.213134765625,450100,0.0,0.0
2008-11-25 00:00:00+09:00,757.9337782224376,768.2575073242188,757.9337782224376,768.2575073242188,23400,0.0,0.0
2008-11-26 00:00:00+09:00,794.9271660987367,808.692138671875,794.9271660987367,808.692138671875,23400,0.0,0.0
2008-11-27 00:00:00+09:00,828.479164962369,828.479164962369,821.5966796875,821.5966796875,23400,0.0,0.0
2008-11-28 00:00:00+09:00,822.4570133614712,833.6410522460938,822.4570133614712,833.6410522460938,23400,0.0,0.0
2008-12-01 00:00:00+09:00,833.6410688100168,833.6410688100168,814.7142333984375,814.7142333984375,23400,0.0,0.0
2008-12-02 00:00:00+09:00,814.7143136459448,814.7143136459448,803.5302734375,803.5302734375,23400,0.0,0.0
2008-12-03 00:00:00+09:00,810.4126460354954,842.244140625,810.4126460354954,842.244140625,23400,0.0,0.0
2008-12-04 00:00:00+09:00,842.244221880392,842.244221880392,841.3839111328125,841.3839111328125,23400,0.0,0.0
2008-12-05 00:00:00+09:00,842.2442818323772,842.2442818323772,825.8983764648438,825.8983764648438,23400,0.0,0.0
2008-12-08 00:00:00+09:00,826.7586276835375,836.2220458984375,826.7586276835375,836.2220458984375,23400,0.0,0.0
2008-12-09 00:00:00+09:00,794.0667084778703,794.0667084778703,783.7429809570312,783.7429809570312,23400,0.0,0.0
2008-12-10 00:00:00+09:00,784.6034226656437,858.5901489257812,784.6034226656437,858.5901489257812,23400,0.0,0.0
2008-12-11 00:00:00+09:00,859.4503079522366,896.4436645507812,859.4503079522366,896.4436645507812,23400,0.0,0.0
2008-12-12 00:00:00+09:00,897.3040217604592,920.5324096679688,897.3040217604592,920.5324096679688,23400,0.0,0.0
2008-12-15 00:00:00+09:00,1016.8870073356884,1025.4901123046875,1016.8870073356884,1025.4901123046875,23400,0.0,0.0
2008-12-16 00:00:00+09:00,1030.652342508607,1030.652342508607,1015.166748046875,1015.166748046875,256400,0.0,0.0
2008-12-17 00:00:00+09:00,1016.0269371929153,1017.74755859375,1016.0269371929153,1017.74755859375,182500,0.0,0.0
2008-12-18 00:00:00+09:00,1015.1667256796267,1015.1667256796267,995.3795776367188,995.3795776367188,95900,0.0,0.0
2008-12-19 00:00:00+09:00,996.2398694160657,1006.5635986328125,996.2398694160657,1006.5635986328125,133400,0.0,0.0
2008-12-22 00:00:00+09:00,1006.5635773072761,1006.5635773072761,999.6810913085939,999.6810913085938,85700,0.0,0.0
2008-12-24 00:00:00+09:00,1000.5412785091203,1000.5412785091203,994.5191040039062,994.5191040039062,107300,0.0,0.0
2008-12-25 00:00:00+09:00,1013.1931026363358,1013.1931026363358,1012.5855712890625,1012.5855712890625,35000,0.0,0.0
2008-12-26 00:00:00+09:00,1040.975865249184,1040.975865249184,1007.4237505841276,1021.188720703125,68700,0.0,0.0
2008-12-29 00:00:00+09:00,1028.931922663271,1059.9031176598244,1028.931922663271,1053.0206298828125,100600,0.0,0.0
2008-12-30 00:00:00+09:00,1035.8138568169247,1074.5278298707135,1035.8138568169247,1069.365966796875,36300,0.0,0.0
2009-01-05 00:00:00+09:00,1172.603544120909,1172.603544120909,1079.6899837650335,1090.8740234375,107900,0.0,0.0
2009-01-06 00:00:00+09:00,1061.623532710768,1061.623532710768,1030.65234375,1030.65234375,156900,0.0,0.0
2009-01-07 00:00:00+09:00,1037.534664893931,1037.534664893931,1024.6300048828125,1024.6300048828125,93000,0.0,0.0
2009-01-08 00:00:00+09:00,1024.629989868817,1024.629989868817,965.2685546875,965.2685546875,151800,0.0,0.0
2009-01-09 00:00:00+09:00,965.2687566337655,965.2687566337655,930.8563232421875,930.8563232421875,235600,0.0,0.0
2009-01-13 00:00:00+09:00,934.2974329324253,934.2974329324253,871.4947509765625,871.4947509765625,467600,0.0,0.0
2009-01-14 00:00:00+09:00,871.4946906022199,874.0756225585938,871.4946906022199,874.0756225585938,120400,0.0,0.0
2009-01-15 00:00:00+09:00,874.0755616355315,936.8782348632812,874.0755616355315,936.8782348632812,320200,0.0,0.0
2009-01-16 00:00:00+09:00,936.878197631836,946.3416137695312,936.878197631836,946.3416137695312,218600,0.0,0.0
2009-01-19 00:00:00+09:00,967.849601028312,967.849601028312,905.9072265625,905.9072265625,311700,0.0,0.0
2009-01-20 00:00:00+09:00,903.3263328128803,903.3263328128803,883.5391845703125,883.5391845703125,170600,0.0,0.0
2009-01-21 00:00:00+09:00,883.5390630925743,886.1199951171875,883.5390630925743,886.1199951171875,333800,0.0,0.0
2009-01-22 00:00:00+09:00,886.11996572989,929.135498046875,886.11996572989,929.135498046875,371800,0.0,0.0
2009-01-23 00:00:00+09:00,929.1355471639238,929.1355471639238,872.3550415039062,872.3550415039062,557700,0.0,0.0
2009-01-26 00:00:00+09:00,872.3550446976063,887.8406372070312,872.3550446976063,887.8406372070312,259700,0.0,0.0
2009-01-27 00:00:00+09:00,879.2376083480092,879.2376083480092,866.3329467773438,866.3329467773438,261000,0.0,0.0
2009-01-28 00:00:00+09:00,866.3329667978487,866.3329667978487,862.8917236328125,862.8917236328125,192600,0.0,0.0
2009-01-29 00:00:00+09:00,863.7520363277447,883.5391845703125,863.7520363277447,883.5391845703125,213700,0.0,0.0
2009-01-30 00:00:00+09:00,884.3995153090534,884.3995153090534,877.5170288085938,877.5170288085938,175900,0.0,0.0
2009-02-02 00:00:00+09:00,877.5170106378221,901.605712890625,877.5170106378221,901.605712890625,186100,0.0,0.0
2009-02-03 00:00:00+09:00,901.6057092394691,901.6057092394691,862.8917236328125,862.8917236328125,159000,0.0,0.0
2009-02-04 00:00:00+09:00,862.891723388672,862.891723388672,860.310791015625,860.310791015625,227100,0.0,0.0
2009-02-05 00:00:00+09:00,860.3108954889685,860.3108954889685,757.9338989257812,757.9338989257812,563300,0.0,0.0
2009-02-06 00:00:00+09:00,757.9337005278396,779.4414672851562,757.9337005278396,779.4414672851562,402400,0.0,0.0
2009-02-09 00:00:00+09:00,779.4414707792516,779.4414707792516,706.3150634765625,706.3150634765625,410500,0.0,0.0
2009-02-10 00:00:00+09:00,665.0201221991383,677.0644711134823,655.5567051950109,668.4613647460938,1000000,0.0,0.0
2009-02-12 00:00:00+09:00,670.182247958755,695.9915771484375,670.182247958755,695.9915771484375,403300,0.0,0.0
2009-02-13 00:00:00+09:00,695.9913777815113,720.080078125,695.9913777815113,720.080078125,301800,0.0,0.0
2009-02-16 00:00:00+09:00,806.9714557399363,806.9714557399363,806.1111450195312,806.1111450195312,607600,0.0,0.0
2009-02-17 00:00:00+09:00,841.3838299604188,842.244140625,841.3838299604188,842.244140625,1111600,0.0,0.0
2009-02-18 00:00:00+09:00,824.1776511042272,824.1776511042272,814.7142333984375,814.7142333984375,378900,0.0,0.0
2009-02-19 00:00:00+09:00,802.6699021379111,806.1111450195312,802.6699021379111,806.1111450195312,222200,0.0,0.0
2009-02-20 00:00:00+09:00,797.5079575398329,806.9713745117188,797.5079575398329,806.9713745117188,173400,0.0,0.0
2009-02-23 00:00:00+09:00,808.6920390645538,818.1554565429688,808.6920390645538,818.1554565429688,260200,0.0,0.0
2009-02-24 00:00:00+09:00,806.9715777430041,806.9715777430041,798.3684692382812,798.3684692382812,180300,0.0,0.0
2009-02-25 00:00:00+09:00,805.2510372088973,810.4129028320312,805.2510372088973,810.4129028320312,220500,0.0,0.0
2009-02-26 00:00:00+09:00,811.2729276807578,811.2729276807578,806.9713745117188,806.9713745117188,182800,0.0,0.0
2009-02-27 00:00:00+09:00,799.2287009791324,817.2952270507812,799.2287009791324,817.2952270507812,223700,0.0,0.0
2009-03-02 00:00:00+09:00,817.2953084737313,819.0159301757812,817.2953084737313,819.0159301757812,236300,0.0,0.0
2009-03-03 00:00:00+09:00,819.0157660590278,819.0157660590278,812.9935913085938,812.9935913085938,209000,0.0,0.0
2009-03-04 00:00:00+09:00,804.3906456451899,816.4349975585938,804.3906456451899,816.4349975585938,244000,0.0,0.0
2009-03-05 00:00:00+09:00,813.8541465807873,813.8541465807873,810.4129028320312,810.4129028320312,385200,0.0,0.0
2009-03-06 00:00:00+09:00,808.6921184349263,809.5524291992188,808.6921184349263,809.5524291992188,240600,0.0,0.0
2009-03-09 00:00:00+09:00,809.5523722119899,830.1998291015625,809.5523722119899,830.1998291015625,245500,0.0,0.0
2009-03-10 00:00:00+09:00,838.8030385971069,838.8030385971069,825.8983764648438,825.8983764648438,281100,0.0,0.0
2009-03-11 00:00:00+09:00,843.1044519117554,844.8250732421875,843.1044519117554,844.8250732421875,124700,0.0,0.0
2009-03-12 00:00:00+09:00,844.8252350267205,844.8252350267205,825.0380859375,825.0380859375,201000,0.0,0.0
2009-03-13 00:00:00+09:00,817.2952719295727,877.5170288085938,817.2952719295727,877.5170288085938,465500,0.0,0.0
2009-03-16 00:00:00+09:00,909.3484509094123,917.0912475585938,909.3484509094123,917.0912475585938,347100,0.0,0.0
2009-03-17 00:00:00+09:00,915.370580537241,915.370580537241,893.0025024414062,893.0025024414062,611300,0.0,0.0
2009-03-18 00:00:00+09:00,873.2153483195848,873.2153483195848,854.2885131835938,854.2885131835938,421400,0.0,0.0
2009-03-19 00:00:00+09:00,854.2885540169729,855.1488647460938,854.2885540169729,855.1488647460938,210400,0.0,0.0
2009-03-23 00:00:00+09:00,856.8694321715716,886.1199951171875,856.8694321715716,886.1199951171875,196300,0.0,0.0
2009-03-24 00:00:00+09:00,872.3550243192507,886.1199951171875,872.3550243192507,886.1199951171875,204000,0.0,0.0
2009-03-25 00:00:00+09:00,855.1488689184189,880.9581909179688,855.1488689184189,880.9581909179688,317700,0.0,0.0
2009-03-26 00:00:00+09:00,885.2935537503461,885.2935537503461,880.9581298828125,880.9581298828125,162700,8.0,0.0
2009-03-27 00:00:00+09:00,882.6923294902441,882.6923294902441,871.4202270507812,871.4202270507812,158100,0.0,0.0
2009-03-30 00:00:00+09:00,871.4203228290264,871.4203228290264,845.4077758789062,845.4077758789062,115300,0.0,0.0
2009-03-31 00:00:00+09:00,845.407708720899,845.407708720899,821.1293334960938,821.1293334960938,146300,0.0,0.0
2009-04-01 00:00:00+09:00,822.8634627791475,839.3380737304688,822.8634627791475,839.3380737304688,154200,0.0,0.0
2009-04-02 00:00:00+09:00,840.2051190413888,857.5468139648438,840.2051190413888,857.5468139648438,108200,0.0,0.0
2009-04-03 00:00:00+09:00,875.7556510659592,875.7556510659592,871.4202270507812,871.4202270507812,136500,0.0,0.0
2009-04-06 00:00:00+09:00,868.8188010226474,868.8188010226474,848.8758544921875,848.8758544921875,160500,0.0,0.0
2009-04-07 00:00:00+09:00,848.0089805761816,874.8886108398438,848.0089805761816,874.8886108398438,158600,0.0,0.0
2009-04-08 00:00:00+09:00,872.287353515625,872.287353515625,872.287353515625,872.287353515625,121100,0.0,0.0
2009-04-09 00:00:00+09:00,869.6862012300614,873.154541015625,869.6862012300614,873.154541015625,84800,0.0,0.0
2009-04-10 00:00:00+09:00,861.0152365552669,861.0152365552669,859.2810668945312,859.2810668945312,113100,0.0,0.0
2009-04-13 00:00:00+09:00,845.4077670448705,856.6798706054688,845.4077670448705,856.6798706054688,98400,0.0,0.0
2009-04-14 00:00:00+09:00,858.4139986820859,858.4139986820859,855.812744140625,855.812744140625,105000,0.0,0.0
2009-04-15 00:00:00+09:00,837.6040143908167,848.009033203125,837.6040143908167,848.009033203125,160000,0.0,0.0
2009-04-16 00:00:00+09:00,848.0088626745975,858.4138793945312,848.0088626745975,858.4138793945312,199800,0.0,0.0
2009-04-17 00:00:00+09:00,859.2809834571892,859.2809834571892,857.5468139648438,857.5468139648438,231400,0.0,0.0
2009-04-20 00:00:00+09:00,862.7493847583805,876.6227416992188,862.7493847583805,876.6227416992188,189000,0.0,0.0
2009-04-21 00:00:00+09:00,874.021240234375,874.021240234375,874.021240234375,874.021240234375,113900,0.0,0.0
2009-04-22 00:00:00+09:00,868.8189841301393,881.8252563476562,868.8189841301393,881.8252563476562,161600,0.0,0.0
2009-04-23 00:00:00+09:00,879.2239115805202,907.8377075195312,879.2239115805202,907.8377075195312,259900,0.0,0.0
2009-04-24 00:00:00+09:00,905.2958425284602,905.2958425284602,883.5594482421875,883.5594482421875,169200,0.0,0.0
2009-04-27 00:00:00+09:00,884.4263756275177,887.8947143554688,884.4263756275177,887.8947143554688,99100,0.0,0.0
2009-04-28 00:00:00+09:00,889.629169921875,889.629169921875,867.0849609375,867.0849609375,143500,0.0,0.0
2009-04-30 00:00:00+09:00,867.0848324424342,867.0848324424342,823.7305908203125,823.7305908203125,379700,0.0,0.0
2009-05-01 00:00:00+09:00,825.46474609375,825.46474609375,810.7243041992188,810.7243041992188,183500,0.0,0.0
2009-05-07 00:00:00+09:00,813.278070061894,844.5406494140625,813.278070061894,844.5406494140625,206400,0.0,0.0
2009-05-08 00:00:00+09:00,862.749420103988,862.749420103988,853.2114868164062,853.2114868164062,133100,0.0,0.0
2009-05-11 00:00:00+09:00,854.078668218698,911.3062744140625,854.078668218698,911.3062744140625,339100,0.0,0.0
2009-05-12 00:00:00+09:00,908.4354627093543,908.4354627093543,877.4896850585938,877.4896850585938,266600,0.0,0.0
2009-05-13 00:00:00+09:00,880.0910846607105,898.2998657226562,880.0910846607105,898.2998657226562,191200,0.0,0.0
2009-05-14 00:00:00+09:00,893.9644942390419,893.9644942390419,890.4961547851562,890.4961547851562,144800,0.0,0.0
2009-05-15 00:00:00+09:00,893.097337595867,899.1669311523438,893.097337595867,899.1669311523438,110500,0.0,0.0
2009-05-18 00:00:00+09:00,874.8886108398438,874.8886108398438,874.8886108398438,874.8886108398438,116200,0.0,0.0
2009-05-19 00:00:00+09:00,867.0848030356032,871.4202270507812,867.0848030356032,871.4202270507812,173600,0.0,0.0
2009-05-20 00:00:00+09:00,874.0214634758025,891.3631591796875,874.0214634758025,891.3631591796875,197400,0.0,0.0
2009-05-21 00:00:00+09:00,868.4804288349353,868.4804288349353,866.2177734375,866.2177734375,107300,0.0,0.0
2009-05-22 00:00:00+09:00,847.1419315376982,851.4773559570312,847.1419315376982,851.4773559570312,142900,0.0,0.0
2009-05-25 00:00:00+09:00,853.2115426092791,853.2115426092791,848.009033203125,848.009033203125,102700,0.0,0.0
2009-05-26 00:00:00+09:00,841.9392156064084,847.1417236328125,841.9392156064084,847.1417236328125,118200,0.0,0.0
2009-05-27 00:00:00+09:00,857.5469501440977,857.5469501440977,851.4773559570312,851.4773559570312,99800,0.0,0.0
2009-05-28 00:00:00+09:00,852.3444244891281,852.3444244891281,835.8698120117188,835.8698120117188,161100,0.0,0.0
2009-05-29 00:00:00+09:00,837.6038500081806,837.6038500081806,828.06591796875,828.06591796875,159800,0.0,0.0
2009-06-01 00:00:00+09:00,832.4013671875,832.4013671875,832.4013671875,832.4013671875,124400,0.0,0.0
2009-06-02 00:00:00+09:00,833.2685436252799,833.2685436252799,822.863525390625,822.863525390625,301500,0.0,0.0
2009-06-03 00:00:00+09:00,823.7307957240514,825.4649658203125,823.7307957240514,825.4649658203125,194900,0.0,0.0
2009-06-04 00:00:00+09:00,832.401176788522,832.401176788522,827.1986694335938,827.1986694335938,162300,0.0,0.0
2009-06-05 00:00:00+09:00,840.2051300048829,840.2051300048829,832.4013671875,832.4013671875,169200,0.0,0.0
2009-06-08 00:00:00+09:00,828.0657539927485,828.0657539927485,827.1986694335938,827.1986694335938,121700,0.0,0.0
2009-06-09 00:00:00+09:00,835.8697316224093,836.73681640625,835.8697316224093,836.73681640625,135000,0.0,0.0
2009-06-10 00:00:00+09:00,840.2052690938938,848.009033203125,840.2052690938938,848.009033203125,153800,0.0,0.0
2009-06-11 00:00:00+09:00,857.5469110380343,861.8823352596623,851.477317127755,853.2114868164062,111000,0.0,0.0
2009-06-12 00:00:00+09:00,825.4645714685553,841.072094878675,825.4645714685553,835.0025024414062,291400,0.0,0.0
2009-06-15 00:00:00+09:00,850.6102322834294,856.6798261937087,843.6735535288244,853.2114868164062,171900,0.0,0.0
2009-06-16 00:00:00+09:00,828.9329932053548,828.9329932053548,818.5279765542416,820.2621459960938,222400,0.0,0.0
2009-06-17 00:00:00+09:00,815.0596313476562,815.9267160618558,813.325461919257,815.0596313476562,224600,0.0,0.0
2009-06-18 00:00:00+09:00,798.5851882522171,804.6547825168919,798.5851882522171,802.0535278320312,237200,0.0,0.0
2009-06-19 00:00:00+09:00,808.9901258827028,809.8572106907229,798.5851081864623,802.9205322265625,227100,0.0,0.0
2009-06-22 00:00:00+09:00,790.7812886332418,794.2496276184753,786.4458649016999,789.047119140625,300000,0.0,0.0
2009-06-23 00:00:00+09:00,789.047178139086,809.8572136064905,789.047178139086,805.5217895507812,337200,0.0,0.0
2009-06-24 00:00:00+09:00,832.4016090321317,834.1357790509486,824.5978439474554,829.8003540039062,273700,0.0,0.0
2009-06-25 00:00:00+09:00,838.4710992918424,853.2115426092791,837.6040143908167,848.009033203125,230500,0.0,0.0
2009-06-26 00:00:00+09:00,839.3381320447062,862.749422917854,829.8001987260163,855.812744140625,182600,0.0,0.0
2009-06-29 00:00:00+09:00,864.4835592758716,872.2873225993247,856.6797959524183,862.7493896484375,143300,0.0,0.0
2009-06-30 00:00:00+09:00,882.6922994298259,887.8948080708661,877.4897907887856,880.9581298828125,199800,0.0,0.0
2009-07-01 00:00:00+09:00,889.6290753522431,906.1036878587662,883.5594812708925,895.6986694335938,183500,0.0,0.0
2009-07-02 00:00:00+09:00,905.2365613788988,921.7111731281317,900.9011372343639,913.9074096679688,187000,0.0,0.0
2009-07-03 00:00:00+09:00,906.1036654596428,920.8441078642494,901.7682412229938,913.0403442382812,180200,0.0,0.0
2009-07-06 00:00:00+09:00,935.584705037282,939.9201299911156,912.1734102865807,922.5784301757812,125000,0.0,0.0
2009-07-07 00:00:00+09:00,939.9201025526133,950.3251221380666,923.445488208979,937.31884765625,147800,0.0,0.0
2009-07-08 00:00:00+09:00,937.318691893616,949.4578793927008,922.5782499304418,925.1795043945312,209500,0.0,0.0
2009-07-09 00:00:00+09:00,931.2491176812779,936.4516267186034,908.704911852867,924.3124389648438,186300,0.0,0.0
2009-07-10 00:00:00+09:00,925.1795240290026,948.5908147026511,921.7111846699435,943.3883056640625,139500,0.0,0.0
2009-07-13 00:00:00+09:00,919.9769703780639,945.1224295118659,919.1098855803467,920.8440551757812,121200,0.0,0.0
2009-07-14 00:00:00+09:00,911.3062815495736,917.3758761935765,879.2241384312726,897.4329223632812,248400,0.0,0.0
2009-07-15 00:00:00+09:00,900.0341079444216,913.0403811806127,879.224070766516,889.6290893554688,185700,0.0,0.0
2009-07-16 00:00:00+09:00,886.160650468522,909.5719396687667,886.160650468522,891.3631591796875,73900,0.0,0.0
2009-07-17 00:00:00+09:00,880.0909494253306,908.7047438401443,868.8188485952525,901.76806640625,152300,0.0,0.0
2009-07-21 00:00:00+09:00,945.1225121126885,951.1921062271737,901.7682684377945,919.97705078125,162100,0.0,0.0
2009-07-22 00:00:00+09:00,915.6414602057711,931.2489850956422,910.4389519091474,916.508544921875,92900,0.0,0.0
2009-07-23 00:00:00+09:00,916.5088085983739,937.3188477718469,913.9075537016897,915.6417236328125,131400,0.0,0.0
2009-07-24 00:00:00+09:00,932.9833984375,939.0529930370004,907.8379350967123,932.9833984375,132600,0.0,0.0
2009-07-27 00:00:00+09:00,932.1162990806065,945.1225730212661,925.1796196455881,939.052978515625,148800,0.0,0.0
2009-07-28 00:00:00+09:00,932.1160883092792,948.5906982421875,926.9135799094136,948.5906982421875,90200,0.0,0.0
2009-07-29 00:00:00+09:00,952.925861671541,995.4130020008454,952.925861671541,993.6788330078125,235600,0.0,0.0
2009-07-30 00:00:00+09:00,998.0149501359382,1027.4958435369997,998.0149501359382,1019.6920776367188,206300,0.0,0.0
2009-07-31 00:00:00+09:00,1037.0334987745098,1118.539476102941,1017.090546875,1105.533203125,392700,0.0,0.0
2009-08-03 00:00:00+09:00,1106.4002740773692,1116.8052923288806,1091.659831554395,1111.602783203125,212600,0.0,0.0
2009-08-04 00:00:00+09:00,1135.0139754857773,1167.963197081239,1100.3305843326596,1115.9381103515625,267500,0.0,0.0
2009-08-05 00:00:00+09:00,1167.9630962171054,1167.9630962171054,1113.336759868421,1120.2734375,341200,0.0,0.0
2009-08-06 00:00:00+09:00,1102.931940114276,1142.8178436089747,1101.1977703971152,1116.8052978515625,170600,0.0,0.0
2009-08-07 00:00:00+09:00,1086.4570780986064,1135.8809036785112,1073.450808209158,1122.8746337890625,207400,0.0,0.0
2009-08-10 00:00:00+09:00,1113.3367469787597,1120.2734245300292,1102.0646459579468,1109.868408203125,66600,0.0,0.0
2009-08-11 00:00:00+09:00,1101.1978370138684,1115.0711955904212,1092.5269879035231,1102.9320068359375,155200,0.0,0.0
2009-08-12 00:00:00+09:00,1120.2736376796122,1120.2736376796122,1076.9193947353547,1078.653564453125,144800,0.0,0.0
2009-08-13 00:00:00+09:00,1084.7231584653211,1091.6598373364022,1057.8435278398815,1078.653564453125,192800,0.0,0.0
2009-08-14 00:00:00+09:00,1066.514198339381,1109.8684340442337,1063.9129441970897,1097.729248046875,148300,0.0,0.0
2009-08-17 00:00:00+09:00,1110.7356031159122,1110.7356031159122,1077.7863814778134,1099.4635009765625,100500,0.0,0.0
2009-08-18 00:00:00+09:00,1090.7927440318592,1098.5965077014034,1079.5206409536286,1089.9256591796875,58800,0.0,0.0
2009-08-19 00:00:00+09:00,1075.1850013309727,1101.1975416857542,1075.1850013309727,1094.2608642578125,69600,0.0,0.0
2009-08-20 00:00:00+09:00,1093.3940120266616,1125.4761519513138,1090.7927574381763,1122.0078125,105700,0.0,0.0
2009-08-21 00:00:00+09:00,1105.533203125,1115.9382215073529,1082.988996629902,1105.533203125,87200,0.0,0.0
2009-08-24 00:00:00+09:00,1192.241474447215,1226.9248627947704,1153.2226625562155,1174.8997802734375,423300,0.0,0.0
2009-08-25 00:00:00+09:00,1175.767156680727,1175.767156680727,1129.8116557190174,1140.2166748046875,205500,0.0,0.0
2009-08-26 00:00:00+09:00,1174.900029705869,1189.6404728829905,1165.3620958853785,1180.1025390625,224800,0.0,0.0
2009-08-27 00:00:00+09:00,1196.5768536654384,1226.924817345359,1180.9693294871936,1220.855224609375,257000,0.0,0.0
2009-08-28 00:00:00+09:00,1223.456426486778,1245.1335424769761,1201.77931049658,1212.184326171875,207200,0.0,0.0
2009-08-31 00:00:00+09:00,1210.4502597090127,1225.1906998344089,1179.2352100317028,1196.576904296875,115200,0.0,0.0
2009-09-02 00:00:00+09:00,1165.3620958853785,1189.6404728829905,1146.2862282443975,1180.1025390625,110300,0.0,0.0
2009-09-03 00:00:00+09:00,1162.7608082606203,1202.646712197972,1154.0899595785872,1187.0391845703125,93300,0.0,0.0
2009-09-04 00:00:00+09:00,1184.4379134668764,1201.7796105893783,1167.0962163443746,1171.431640625,104100,0.0,0.0
2009-09-07 00:00:00+09:00,1187.9058202393494,1187.9058202393494,1153.2224386265216,1157.557861328125,85600,0.0,0.0
2009-09-08 00:00:00+09:00,1148.8871803840796,1167.9630430017776,1119.4063017930919,1128.0771484375,210200,0.0,0.0
2009-09-09 00:00:00+09:00,1110.7357604980468,1116.8053548177083,1087.32446812221,1092.5269775390625,232700,0.0,0.0
2009-09-10 00:00:00+09:00,1114.2038898273847,1124.6089066973682,1101.1976187399055,1107.2672119140625,157300,0.0,0.0
2009-09-11 00:00:00+09:00,1124.6091843074216,1135.881288699092,1092.5270410388212,1095.1282958984375,166700,0.0,0.0
2009-09-14 00:00:00+09:00,1128.0772392939245,1128.0772392939245,1095.1280193914117,1102.064697265625,71000,0.0,0.0
2009-09-15 00:00:00+09:00,1114.2039931510724,1115.938162790218,1098.5964663987615,1108.1343994140625,58700,0.0,0.0
2009-09-16 00:00:00+09:00,1108.134347342111,1149.7544167258523,1106.400177784455,1115.9381103515625,150900,0.0,0.0
2009-09-17 00:00:00+09:00,1109.8685910174881,1123.7419484052066,1080.387706568586,1090.792724609375,99300,0.0,0.0
2009-09-18 00:00:00+09:00,1081.2545816287738,1110.7354603580268,1066.5141422641475,1100.3304443359375,101800,0.0,0.0
2009-09-21 00:00:00+09:00,1100.3304443359375,1100.3304443359375,1100.3304443359375,1100.3304443359375,0,0.0,0.0
2009-09-24 00:00:00+09:00,1096.86226595643,1099.4635203420976,1076.0522308710906,1098.596435546875,194400,0.0,0.0
2009-09-25 00:00:00+09:00,1098.596694119458,1099.4692887931035,1057.584744458128,1062.8203125,157800,8.0,0.0
2009-09-28 00:00:00+09:00,1056.7117146476369,1103.8318076211897,1047.9857715043865,1064.5650634765625,143600,0.0,0.0
2009-09-29 00:00:00+09:00,1051.4762320787804,1074.163686048945,1043.6228826275697,1050.6036376953125,155300,0.0,0.0
2009-09-30 00:00:00+09:00,1061.9471784037928,1108.1946726152973,1060.2019899429813,1082.016845703125,216400,0.0,0.0
2009-10-01 00:00:00+09:00,1047.1133192670316,1096.8512019322156,1037.5147805070837,1075.908935546875,234800,0.0,0.0
2009-10-02 00:00:00+09:00,1020.9355905857669,1037.5148865012623,989.5221877985126,999.1207275390625,318500,0.0,0.0
2009-10-05 00:00:00+09:00,989.5219070204538,1044.4953462993678,979.0507757292321,1041.8775634765625,284700,0.0,0.0
2009-10-06 00:00:00+09:00,1047.9859193055663,1063.692619178589,1029.6614361203733,1054.9666748046875,351000,0.0,0.0
2009-10-07 00:00:00+09:00,1040.132916958178,1064.565569369947,1027.0439960233014,1052.3492431640625,287000,0.0,0.0
2009-10-08 00:00:00+09:00,1043.623039569046,1082.017198215399,1037.5148779662172,1049.731201171875,379600,0.0,0.0
2009-10-09 00:00:00+09:00,1067.1829912196497,1079.399313277765,1041.8777526706965,1075.908935546875,251100,0.0,0.0
2009-10-13 00:00:00+09:00,1085.5075539981617,1090.7431209788604,1058.457124597886,1068.0556640625,178100,0.0,0.0
2009-10-14 00:00:00+09:00,1068.9281350550898,1121.28379881289,1048.858463947933,1118.666015625,293400,0.0,0.0
2009-10-15 00:00:00+09:00,1113.4307000612744,1133.5003756893382,1093.3610244332108,1112.55810546875,203200,0.0,0.0
2009-10-16 00:00:00+09:00,1130.0095062728267,1130.882100486165,1107.3220567260364,1127.3917236328125,194800,0.0,0.0
2009-10-19 00:00:00+09:00,1125.6468794080947,1134.3728242097077,1118.6661235668041,1130.8824462890625,198500,0.0,0.0
2009-10-20 00:00:00+09:00,1130.882100486165,1130.882100486165,1104.7042740860222,1127.3917236328125,187000,0.0,0.0
2009-10-21 00:00:00+09:00,1108.1953093414074,1146.5894775390625,1102.0871462190532,1146.5894775390625,304200,0.0,0.0
2009-10-22 00:00:00+09:00,1251.3005010372055,1276.6057412952803,1203.3078039960296,1222.5048828125,756000,0.0,0.0
2009-10-23 00:00:00+09:00,1217.2692664194915,1240.829316737288,1216.3966719632767,1235.59375,439900,0.0,0.0
2009-10-26 00:00:00+09:00,1256.536031646406,1262.6441929113537,1222.5048474559826,1238.2115478515625,241300,0.0,0.0
2009-10-27 00:00:00+09:00,1225.9953198313888,1232.1034815672035,1185.8559712817491,1188.4737548828125,319700,0.0,0.0
2009-10-28 00:00:00+09:00,1205.925645556569,1212.9064018260715,1184.1107822143733,1188.4737548828125,307100,0.0,0.0
2009-10-29 00:00:00+09:00,1180.6201739664955,1187.6009288753883,1164.9134754214867,1176.2572021484375,516500,0.0,0.0
2009-10-30 00:00:00+09:00,1190.219025571903,1195.4545931330697,1156.1878364243194,1165.786376953125,252200,0.0,0.0
2009-11-02 00:00:00+09:00,1153.5699462890625,1171.0218365506216,1139.6084340798152,1153.5699462890625,229700,0.0,0.0
2009-11-04 00:00:00+09:00,1171.0216716038535,1184.9831818465223,1161.4231333120185,1175.3846435546875,248000,0.0,0.0
2009-11-05 00:00:00+09:00,1140.4809200603033,1157.0602142310345,1107.3223317188408,1126.5194091796875,278200,0.0,0.0
2009-11-06 00:00:00+09:00,1134.3728963153255,1134.3728963153255,1109.0676547821374,1129.1373291015625,142100,0.0,0.0
2009-11-09 00:00:00+09:00,1117.7930989714275,1134.3723877149537,1080.2715507623943,1084.634521484375,369300,0.0,0.0
2009-11-10 00:00:00+09:00,1094.233650417503,1160.5508413518971,1091.6158665648295,1141.353759765625,382900,0.0,0.0
2009-11-11 00:00:00+09:00,1144.843994140625,1164.041073310666,1144.843994140625,1144.843994140625,253500,0.0,0.0
2009-11-12 00:00:00+09:00,1145.716433447112,1150.07940539474,1102.9593083603577,1109.9400634765625,205700,0.0,0.0
2009-11-13 00:00:00+09:00,1101.2142620868863,1118.666152135807,1091.61572255998,1106.4498291015625,157400,0.0,0.0
2009-11-16 00:00:00+09:00,1107.3225412422566,1107.3225412422566,1072.4187574363543,1082.889892578125,116500,0.0,0.0
2009-11-17 00:00:00+09:00,1065.4375669254043,1079.3990747639027,1041.0049282080322,1048.8582763671875,211800,0.0,0.0
2009-11-18 00:00:00+09:00,1031.406546739181,1058.456972245877,1014.82725368669,1022.6806030273438,212600,0.0,0.0
2009-11-19 00:00:00+09:00,1040.1324758386374,1058.456957376063,1005.2287014816361,1045.3680419921875,220900,0.0,0.0
2009-11-20 00:00:00+09:00,1044.4954623069373,1057.5843778746932,1010.4642818307714,1022.6806030273438,241500,0.0,0.0
2009-11-24 00:00:00+09:00,1039.25973972822,1073.2909150845596,1031.4063915690647,1048.8582763671875,228600,0.0,0.0
2009-11-25 00:00:00+09:00,1031.4067819520603,1054.9668353469042,1013.0822959782927,1024.426025390625,225000,0.0,0.0
2009-11-26 00:00:00+09:00,1013.0822071963794,1045.3682034636197,999.1206952970322,1019.1903686523438,132800,0.0,0.0
2009-11-27 00:00:00+09:00,1001.7386506815159,1041.8780042802525,1001.7386506815159,1025.2987060546875,140400,0.0,0.0
2009-11-30 00:00:00+09:00,1038.3873226768092,1052.348832897674,1037.5147282880052,1044.4954833984375,116900,0.0,0.0
2009-12-01 00:00:00+09:00,1055.8389790852866,1089.8701527913413,1053.2211964925132,1088.99755859375,213900,0.0,0.0
2009-12-02 00:00:00+09:00,1073.2909611923255,1076.781338301894,1043.622755760993,1056.711669921875,184700,0.0,0.0
2009-12-03 00:00:00+09:00,1068.0556922551623,1088.9979607307537,1045.3682347399383,1088.1253662109375,261500,0.0,0.0
2009-12-04 00:00:00+09:00,1088.9978959088164,1088.9978959088164,1073.2911954870547,1083.7623291015625,125900,0.0,0.0
2009-12-07 00:00:00+09:00,1101.214120578923,1101.214120578923,1053.2214291115372,1059.32958984375,211100,0.0,0.0
2009-12-08 00:00:00+09:00,1059.3296840010441,1093.3608682481947,1054.9667116616658,1083.7623291015625,152000,0.0,0.0
2009-12-09 00:00:00+09:00,1082.016820433476,1083.76200885353,1056.7115883426932,1070.673095703125,93800,0.0,0.0
2009-12-10 00:00:00+09:00,1053.2214208457162,1069.8007141316057,1041.005099477166,1050.6036376953125,170800,0.0,0.0
2009-12-11 00:00:00+09:00,1060.2022629100752,1061.9474518202153,1027.9162680724844,1051.476318359375,152900,0.0,0.0
2009-12-14 00:00:00+09:00,1061.0749377120442,1064.5653157966233,1012.2096445279368,1028.7889404296875,136000,0.0,0.0
2009-12-15 00:00:00+09:00,1018.3176016701229,1023.5531677455477,1005.228686481561,1017.4450073242188,174000,0.0,0.0
2009-12-16 00:00:00+09:00,1013.0822071436693,1028.7889080296177,994.7577227767296,1004.3562622070312,229900,0.0,0.0
2009-12-17 00:00:00+09:00,1021.8081521334714,1022.6807466271805,1012.2096127026701,1019.1903686523438,105700,0.0,0.0
2009-12-18 00:00:00+09:00,1024.425935614599,1032.2792860579816,1008.7192347278334,1019.1903686523438,201700,0.0,0.0
2009-12-21 00:00:00+09:00,1006.1017132895812,1013.9550657783984,966.8349508454952,992.1401977539062,279900,0.0,0.0
2009-12-22 00:00:00+09:00,990.3947213355532,994.7576936762384,980.7961821860456,984.2865600585938,217700,0.0,0.0
2009-12-24 00:00:00+09:00,1019.1901889614292,1019.1901889614292,994.7575474452306,998.2479248046875,141300,0.0,0.0
2009-12-25 00:00:00+09:00,988.6494963977905,995.6302518886839,980.7961464705353,985.1591186523438,101100,0.0,0.0
2009-12-28 00:00:00+09:00,975.5605798523652,997.3754407614074,970.325013234195,985.1591186523438,137200,0.0,0.0
2009-12-29 00:00:00+09:00,983.4139978745404,997.3755098230698,979.9236198874081,993.8851318359375,118900,0.0,0.0
2009-12-30 00:00:00+09:00,978.1783982902684,981.6687761610633,969.4524536132812,969.4524536132812,96600,0.0,0.0
2010-01-04 00:00:00+09:00,970.3250554924454,991.2673228771744,969.4524610180816,978.1784057617188,111800,0.0,0.0
2010-01-05 00:00:00+09:00,999.9931535899799,999.9931535899799,970.3249448447274,976.43310546875,141600,0.0,0.0
2010-01-06 00:00:00+09:00,976.4330133463542,986.9041448567708,963.3440989583333,981.6685791015625,87900,0.0,0.0
2010-01-07 00:00:00+09:00,982.5412430952299,993.8849697029012,973.8152995508673,990.3945922851562,126900,0.0,0.0
2010-01-08 00:00:00+09:00,998.248086691926,1039.260027316507,998.248086691926,1016.5725708007812,251100,0.0,0.0
2010-01-12 00:00:00+09:00,1020.9358359778399,1026.17140436747,1010.46469919858,1013.955078125,127300,0.0,0.0
2010-01-13 00:00:00+09:00,1004.3563049842571,1021.8081956008385,1002.611115922599,1012.2096557617188,105900,0.0,0.0
2010-01-14 00:00:00+09:00,1015.699737079327,1023.553085561899,1010.4641714242789,1020.935302734375,84000,0.0,0.0
2010-01-15 00:00:00+09:00,1029.6614990234375,1034.8970659676245,1010.4644202280853,1029.6614990234375,144300,0.0,0.0
2010-01-18 00:00:00+09:00,1006.1012808274651,1034.0242998963972,1006.1012808274651,1017.4450073242188,90400,0.0,0.0
2010-01-19 00:00:00+09:00,1026.1711764312297,1094.233550378199,1021.8082037423213,1069.8009033203125,381900,0.0,0.0
2010-01-20 00:00:00+09:00,1063.6926414377365,1067.183019260338,1035.7696188569264,1066.3104248046875,175700,0.0,0.0
2010-01-21 00:00:00+09:00,1089.8704611769,1110.812727844831,1061.9474389529923,1078.5267333984375,185400,0.0,0.0
2010-01-22 00:00:00+09:00,1066.3103514815916,1066.3103514815916,1042.7503027991015,1053.221435546875,123600,0.0,0.0
2010-01-25 00:00:00+09:00,1053.2214501751355,1071.545932738249,1038.3873452430914,1055.8392333984375,113900,0.0,0.0
2010-01-26 00:00:00+09:00,1054.0939556352243,1065.437681978981,1039.2598519549274,1040.1324462890625,133800,0.0,0.0
2010-01-27 00:00:00+09:00,1057.58447265625,1089.8704672835447,1052.348905959932,1057.58447265625,166000,0.0,0.0
2010-01-28 00:00:00+09:00,1081.1443554487385,1081.1443554487385,1051.4761487616868,1064.5650634765625,120100,0.0,0.0
2010-01-29 00:00:00+09:00,1063.6927208533655,1063.6927208533655,1041.877857833403,1043.623046875,89100,0.0,0.0
2010-02-01 00:00:00+09:00,1040.132776482607,1054.0942902608967,1002.6112082034524,1041.00537109375,179700,0.0,0.0
2010-02-02 00:00:00+09:00,1038.3873017602518,1054.0940004423396,1017.4450368508013,1047.98583984375,129900,0.0,0.0
2010-02-03 00:00:00+09:00,1047.985854544909,1061.074770296927,1046.2406657779732,1050.6036376953125,87700,0.0,0.0
2010-02-04 00:00:00+09:00,1051.4762132294325,1068.9281005859375,1041.0050808155293,1068.9281005859375,122700,0.0,0.0
2010-02-05 00:00:00+09:00,1082.0171401658113,1099.4690295233243,1068.9282231476764,1083.7623291015625,278000,0.0,0.0
2010-02-08 00:00:00+09:00,1073.291259765625,1081.1446104468369,1053.221585802528,1073.291259765625,114800,0.0,0.0
2010-02-09 00:00:00+09:00,1073.2913980985943,1076.781776628996,1051.4765322835822,1061.0750732421875,180900,0.0,0.0
2010-02-10 00:00:00+09:00,1058.4571681845873,1058.4571681845873,1034.8971158012537,1046.2408447265625,140400,0.0,0.0
2010-02-12 00:00:00+09:00,1048.8586973163967,1087.2528592813896,1044.4957243658293,1074.1639404296875,197600,0.0,0.0
2010-02-15 00:00:00+09:00,1066.3107588279306,1074.1641113888566,1051.4766484350707,1052.3492431640625,88600,0.0,0.0
2010-02-16 00:00:00+09:00,1052.3489847159447,1060.2023353481532,1043.623039569046,1049.731201171875,86600,0.0,0.0
2010-02-17 00:00:00+09:00,1060.202478609587,1072.4188034659937,1055.8395054465846,1061.0750732421875,130600,0.0,0.0
2010-02-18 00:00:00+09:00,1056.7118278062048,1068.928149514947,1042.750317281928,1055.8392333984375,126000,0.0,0.0
2010-02-19 00:00:00+09:00,1055.8394794831831,1058.4572633166124,1040.132776482607,1041.00537109375,130200,0.0,0.0
2010-02-22 00:00:00+09:00,1055.8395054465846,1078.526965894197,1047.1135591205798,1061.0750732421875,167100,0.0,0.0
2010-02-23 00:00:00+09:00,1064.5651561856466,1072.4185056984916,1055.8392122824855,1059.32958984375,109300,0.0,0.0
2010-02-24 00:00:00+09:00,1051.476411922859,1053.221600988291,1041.877872062982,1046.2408447265625,92000,0.0,0.0
2010-02-25 00:00:00+09:00,1052.3492431640625,1057.5848115380131,1043.6232958741448,1052.3492431640625,148200,0.0,0.0
2010-02-26 00:00:00+09:00,1047.9856821272815,1053.2212475667184,1029.6612030892522,1048.8582763671875,187900,0.0,0.0
2010-03-01 00:00:00+09:00,1047.1132944245362,1055.8392385447407,1031.406595008168,1034.89697265625,186300,0.0,0.0
2010-03-02 00:00:00+09:00,1041.8777786409012,1047.1133453677398,1031.4066451872238,1036.6422119140625,143400,0.0,0.0
2010-03-03 00:00:00+09:00,1037.5149439433162,1037.5149439433162,1020.9356471099073,1024.426025390625,100400,0.0,0.0
2010-03-04 00:00:00+09:00,1021.8080986294965,1042.7503653819372,1014.8273430453496,1027.916259765625,104400,0.0,0.0
2010-03-05 00:00:00+09:00,1027.9161256111709,1043.622823625603,1016.5723992674143,1040.1324462890625,116000,0.0,0.0
2010-03-08 00:00:00+09:00,1054.9666589940666,1054.9666589940666,1029.661420688998,1037.5147705078125,129000,0.0,0.0
2010-03-09 00:00:00+09:00,1041.8776792451602,1048.858434214977,1034.8969242753435,1047.98583984375,65300,0.0,0.0
2010-03-10 00:00:00+09:00,1052.3487669669541,1052.3487669669541,1038.3872576207923,1040.1324462890625,66700,0.0,0.0
2010-03-11 00:00:00+09:00,1046.240988963618,1050.6039622286874,1032.2794745153963,1042.7506103515625,117400,0.0,0.0
2010-03-12 00:00:00+09:00,1037.5145921052201,1047.1131291221734,1034.8968092824148,1041.8775634765625,173700,0.0,0.0
2010-03-15 00:00:00+09:00,1047.1130878873753,1052.3486533268122,1041.8775224479384,1048.8582763671875,134500,0.0,0.0
2010-03-16 00:00:00+09:00,1048.8583176707102,1055.8390718648582,1035.769403556683,1041.8775634765625,190100,0.0,0.0
2010-03-17 00:00:00+09:00,1044.4956198120117,1051.4763758341471,1037.5148637898762,1047.1134033203125,131300,0.0,0.0
2010-03-18 00:00:00+09:00,1041.8776645564874,1047.1132307100377,1037.5146927618623,1045.3680419921875,169900,0.0,0.0
2010-03-19 00:00:00+09:00,1046.2407509132668,1046.2407509132668,1034.8970230051164,1036.6422119140625,144100,0.0,0.0
2010-03-23 00:00:00+09:00,1033.151720967237,1053.221391222513,1030.533937890462,1045.3680419921875,198600,0.0,0.0
2010-03-24 00:00:00+09:00,1050.603803041388,1054.0941811245818,1039.2600742710076,1043.623046875,102600,0.0,0.0
2010-03-25 00:00:00+09:00,1047.1132307100377,1050.6036081457378,1043.6228532743376,1045.3680419921875,112200,0.0,0.0
2010-03-26 00:00:00+09:00,1057.584218766249,1062.819784205686,1041.0049282080322,1048.8582763671875,275200,0.0,0.0
2010-03-29 00:00:00+09:00,1047.1017008326307,1050.6154649293846,1026.019116252108,1041.8310546875,255400,8.0,0.0
2010-03-30 00:00:00+09:00,1054.1292237530788,1071.6980441489636,1049.7370186541077,1069.941162109375,162400,0.0,0.0
2010-03-31 00:00:00+09:00,1076.9689185447942,1079.6042421627667,1064.6707416609222,1075.2120361328125,167900,0.0,0.0
2010-04-01 00:00:00+09:00,1101.5647827998114,1137.5808562406346,1099.8079011685518,1135.823974609375,547100,0.0,0.0
2010-04-02 00:00:00+09:00,1141.0951106101954,1172.7189935832264,1136.702904641719,1154.271728515625,413200,0.0,0.0
2010-04-05 00:00:00+09:00,1168.3266239325085,1170.0835060737604,1145.4871560962338,1160.420654296875,265000,0.0,0.0
2010-04-06 00:00:00+09:00,1157.785308053021,1172.718805956588,1155.149984893568,1161.299072265625,224100,0.0,0.0
2010-04-07 00:00:00+09:00,1165.6913001932123,1229.8174983198924,1164.8128591229838,1225.42529296875,612100,0.0,0.0
2010-04-08 00:00:00+09:00,1203.4641324811034,1220.1545109607682,1193.8012817823499,1216.6407470703125,200100,0.0,0.0
2010-04-09 00:00:00+09:00,1190.2876242897728,1212.2486505681818,1190.2876242897728,1207.8564453125,327900,0.0,0.0
2010-04-12 00:00:00+09:00,1212.2487435038295,1212.2487435038295,1201.707450082057,1204.3427734375,238700,0.0,0.0
2010-04-13 00:00:00+09:00,1211.3700083464826,1250.8998490829522,1209.6131265359727,1248.2645263671875,449400,0.0,0.0
2010-04-14 00:00:00+09:00,1249.1432642561665,1256.170793169,1233.331324202291,1250.900146484375,345700,0.0,0.0
2010-04-15 00:00:00+09:00,1255.2923027065726,1255.2923027065726,1227.1821881603091,1234.209716796875,223600,0.0,0.0
2010-04-16 00:00:00+09:00,1240.3585051844589,1247.3860321260138,1238.60162344907,1245.629150390625,147000,0.0,0.0
2010-04-19 00:00:00+09:00,1219.276234908305,1235.9666156455223,1214.00558835971,1228.9390869140625,160600,0.0,0.0
2010-04-20 00:00:00+09:00,1224.5465242652133,1238.601577628372,1215.7621159132389,1233.3309326171875,135600,0.0,0.0
2010-04-21 00:00:00+09:00,1238.6017377007033,1242.115501495599,1199.9503359568514,1241.237060546875,163200,0.0,0.0
2010-04-22 00:00:00+09:00,1227.1820053672925,1244.7508243417706,1212.2485092389861,1241.237060546875,146800,0.0,0.0
2010-04-23 00:00:00+09:00,1230.6959717656525,1247.3863525390625,1221.0331197389414,1247.3863525390625,160600,0.0,0.0
2010-04-26 00:00:00+09:00,1326.445793481364,1339.6224073238943,1289.55127472228,1322.0535888671875,412700,0.0,0.0
2010-04-27 00:00:00+09:00,1311.5123392602106,1315.9045440132588,1284.2806697913113,1287.79443359375,284500,0.0,0.0
2010-04-28 00:00:00+09:00,1276.374406002355,1294.8216616981908,1262.319354043623,1285.1588134765625,308300,0.0,0.0
2010-04-30 00:00:00+09:00,1289.5515354237657,1323.8107383403371,1287.794653222916,1321.1754150390625,229400,0.0,0.0
2010-05-06 00:00:00+09:00,1321.1751636507672,1321.1751636507672,1294.8219356524141,1316.782958984375,265100,0.0,0.0
2010-05-07 00:00:00+09:00,1290.429867892795,1291.3083089192708,1257.0491088867188,1264.955078125,250800,0.0,0.0
2010-05-10 00:00:00+09:00,1255.2924290929238,1273.7396936212315,1232.4529587245431,1271.1043701171875,241700,0.0,0.0
2010-05-11 00:00:00+09:00,1278.1317804044647,1279.888662576842,1257.0491943359375,1257.0491943359375,118400,0.0,0.0
2010-05-12 00:00:00+09:00,1279.8885755750869,1284.2807807074653,1197.3151190863716,1264.955078125,253100,0.0,0.0
2010-05-13 00:00:00+09:00,1268.4688985031971,1268.4688985031971,1226.3037273618168,1253.535400390625,261900,0.0,0.0
2010-05-14 00:00:00+09:00,1254.4136327592814,1299.2141196435414,1253.5351918399822,1289.55126953125,303300,0.0,0.0
2010-05-17 00:00:00+09:00,1267.5903943849357,1277.2532456241834,1253.5353380369393,1260.5628662109375,201800,0.0,0.0
2010-05-18 00:00:00+09:00,1242.9938809356584,1273.739312619579,1239.4801173146388,1248.2645263671875,198400,0.0,0.0
2010-05-19 00:00:00+09:00,1247.3860321260138,1253.5351181998744,1224.54656956596,1245.629150390625,149500,0.0,0.0
2010-05-20 00:00:00+09:00,1247.386659461139,1260.5632791033343,1232.4531571999846,1258.806396484375,146500,0.0,0.0
2010-05-21 00:00:00+09:00,1212.2482061976511,1223.6679356763248,1194.6793916150766,1206.09912109375,193800,0.0,0.0
2010-05-24 00:00:00+09:00,1195.5582705965908,1221.9115021306818,1195.5582705965908,1207.8564453125,143700,0.0,0.0
2010-05-25 00:00:00+09:00,1196.4367116477272,1212.2486505681818,1195.5582705965908,1207.8564453125,235300,0.0,0.0
2010-05-26 00:00:00+09:00,1206.0996222616707,1223.6684441445793,1205.2211811675252,1214.884033203125,374800,0.0,0.0
2010-05-27 00:00:00+09:00,1206.0996286353734,1225.4253328087007,1185.017042264471,1219.2762451171875,277100,0.0,0.0
2010-05-28 00:00:00+09:00,1208.7346266553327,1248.2644654631017,1189.4089276826458,1227.181884765625,294700,0.0,0.0
2010-05-31 00:00:00+09:00,1215.7622730338817,1245.6292652904945,1162.1773751617236,1241.237060546875,196300,0.0,0.0
2010-06-01 00:00:00+09:00,1223.6684657198346,1252.657022337749,1217.5193779523984,1246.5079345703125,131800,0.0,0.0
2010-06-02 00:00:00+09:00,1230.6959717656525,1252.6569990990868,1223.6684430189537,1247.3863525390625,108000,0.0,0.0
2010-06-03 00:00:00+09:00,1252.6569295790694,1265.8335452478534,1248.2647243561412,1250.0216064453125,80500,0.0,0.0
2010-06-04 00:00:00+09:00,1239.4801328194014,1246.5076601493483,1236.8448100706712,1242.993896484375,89700,0.0,0.0
2010-06-07 00:00:00+09:00,1226.3035673877625,1226.3035673877625,1206.977866469044,1213.126953125,150300,0.0,0.0
2010-06-08 00:00:00+09:00,1219.2758643617021,1250.8997340425533,1212.2483377659576,1238.6015625,189600,0.0,0.0
2010-06-09 00:00:00+09:00,1229.817267356835,1250.8998490829522,1219.2759764937764,1248.2645263671875,189800,0.0,0.0
2010-06-10 00:00:00+09:00,1255.2920295473962,1282.5236970883125,1255.2920295473962,1277.2530517578125,171000,0.0,0.0
2010-06-11 00:00:00+09:00,1278.1317003507515,1286.0376696312717,1264.955084883218,1269.3472900390625,197700,0.0,0.0
2010-06-14 00:00:00+09:00,1273.7396898295358,1306.242012949324,1272.8612486641362,1303.606689453125,133500,0.0,0.0
2010-06-15 00:00:00+09:00,1293.9435187583028,1303.606369203884,1285.1591092623198,1301.8494873046875,142900,0.0,0.0
2010-06-16 00:00:00+09:00,1301.849570441711,1301.849570441711,1256.1706381455106,1261.4412841796875,260300,0.0,0.0
2010-06-17 00:00:00+09:00,1256.1705566751814,1256.1705566751814,1233.3310920083597,1241.237060546875,191900,0.0,0.0
2010-06-18 00:00:00+09:00,1237.7233981021996,1245.6293672880902,1221.9114597304185,1228.060546875,189900,0.0,0.0
2010-06-21 00:00:00+09:00,1249.1432373555149,1274.6180291159296,1249.1432373555149,1265.8336181640625,178000,0.0,0.0
2010-06-22 00:00:00+09:00,1264.076643852049,1285.1592286001028,1262.3197617897113,1269.3472900390625,155600,0.0,0.0
2010-06-23 00:00:00+09:00,1266.711986292439,1272.8610736045382,1246.50784226697,1250.0216064453125,100300,0.0,0.0
2010-06-24 00:00:00+09:00,1253.5352094316816,1268.46870526934,1250.0214457051738,1256.1705322265625,79800,0.0,0.0
2010-06-25 00:00:00+09:00,1237.7235360275706,1262.3198873467843,1235.966653790484,1255.2923583984375,126000,0.0,0.0
2010-06-28 00:00:00+09:00,1249.1432050284693,1262.3198211152674,1238.6019121590307,1243.87255859375,90700,0.0,0.0
2010-06-29 00:00:00+09:00,1249.1429828980786,1263.1980375579726,1233.3310464056979,1242.993896484375,100100,0.0,0.0
2010-06-30 00:00:00+09:00,1242.9937666223404,1242.9937666223404,1226.303390957447,1238.6015625,110500,0.0,0.0
2010-07-01 00:00:00+09:00,1239.4802195157936,1241.2371014711669,1213.1269901851956,1221.032958984375,144500,0.0,0.0
2010-07-02 00:00:00+09:00,1209.613219289401,1225.425156796452,1207.856337344173,1216.6407470703125,97600,0.0,0.0
2010-07-05 00:00:00+09:00,1236.8450268817205,1239.4803500924058,1221.0330876176074,1225.42529296875,114600,0.0,0.0
2010-07-06 00:00:00+09:00,1209.6131948778532,1232.452659704886,1205.2209901034237,1231.57421875,116800,0.0,0.0
2010-07-07 00:00:00+09:00,1221.032958984375,1233.3311326719875,1207.856344319076,1221.032958984375,93900,0.0,0.0
2010-07-08 00:00:00+09:00,1237.7233702461674,1237.7233702461674,1201.7072892099056,1210.49169921875,157200,0.0,0.0
2010-07-09 00:00:00+09:00,1208.7348496980235,1212.248613795983,1193.8013522816962,1199.950439453125,84900,0.0,0.0
2010-07-12 00:00:00+09:00,1192.044468772779,1201.707320030333,1162.1774739767036,1167.4481201171875,138900,0.0,0.0
2010-07-13 00:00:00+09:00,1177.9891357421875,1183.259780644837,1165.6909643026718,1177.9891357421875,130700,0.0,0.0
2010-07-14 00:00:00+09:00,1187.652152761762,1197.3150031170721,1174.4755386408845,1190.2874755859375,98500,0.0,0.0
2010-07-15 00:00:00+09:00,1177.1110478493613,1180.6248121712997,1168.3266370445153,1169.205078125,65200,0.0,0.0
2010-07-16 00:00:00+09:00,1168.3265242143111,1171.8402881969105,1149.0008223100142,1159.5421142578125,92700,0.0,0.0
2010-07-21 00:00:00+09:00,1192.0442505335259,1193.8011322587042,1127.0396267019262,1185.0167236328125,159000,0.0,0.0
2010-07-22 00:00:00+09:00,1175.3541656883922,1178.8679300103306,1161.2991084006385,1169.205078125,94000,0.0,0.0
2010-07-23 00:00:00+09:00,1192.9227680739962,1194.6796499121021,1173.5970678548297,1186.773681640625,78600,0.0,0.0
2010-07-26 00:00:00+09:00,1191.1661948674841,1195.5584006007714,1178.86801881428,1179.7464599609375,46600,0.0,0.0
2010-07-27 00:00:00+09:00,1180.6247989212718,1186.7738864156534,1148.1224793081117,1160.420654296875,131100,0.0,0.0
2010-07-28 00:00:00+09:00,1163.0558234040932,1177.989319626049,1154.2714138617662,1170.9617919921875,82100,0.0,0.0
2010-07-29 00:00:00+09:00,1162.1773379009903,1177.989274471072,1156.0282514570697,1158.66357421875,76100,0.0,0.0
2010-07-30 00:00:00+09:00,1151.6360563390394,1151.6360563390394,1131.4319149997582,1134.9456787109375,110800,0.0,0.0
2010-08-02 00:00:00+09:00,1128.7966838386487,1147.2439448196694,1116.4985098513016,1131.4320068359375,77100,0.0,0.0
2010-08-03 00:00:00+09:00,1141.9733987102404,1167.4481899122381,1123.5261361156904,1132.310546875,175600,0.0,0.0
2010-08-04 00:00:00+09:00,1133.1889714421452,1143.7302641997467,1120.890796558277,1137.5811767578125,186200,0.0,0.0
2010-08-05 00:00:00+09:00,1153.3930063532687,1161.2989751706177,1126.1613359823994,1146.365478515625,180000,0.0,0.0
2010-08-06 00:00:00+09:00,1131.4321123031782,1151.6362571657348,1127.9183479792553,1136.7027587890625,223000,0.0,0.0
2010-08-09 00:00:00+09:00,1118.2553828403159,1149.0008175609844,1117.3769418482966,1141.0948486328125,141200,0.0,0.0
2010-08-10 00:00:00+09:00,1141.9732061332963,1141.9732061332963,1127.9181512885789,1134.9456787109375,86000,0.0,0.0
2010-08-11 00:00:00+09:00,1120.01220703125,1126.1612936580882,1059.3997817095587,1120.01220703125,152400,0.0,0.0
2010-08-12 00:00:00+09:00,1096.2943043543846,1103.3218319464,1087.5098948643654,1091.902099609375,124300,0.0,0.0
2010-08-13 00:00:00+09:00,1093.659388284979,1111.2282137995971,1080.4827691490154,1104.20068359375,153100,0.0,0.0
2010-08-16 00:00:00+09:00,1089.2670957266566,1118.2556555322853,1070.819830395802,1093.6593017578125,136000,0.0,0.0
2010-08-17 00:00:00+09:00,1094.5372693767656,1102.4432368120713,1069.0624854185583,1088.38818359375,129000,0.0,0.0
2010-08-18 00:00:00+09:00,1087.5097422689469,1087.5097422689469,1062.9133991481629,1074.3331298828125,138400,0.0,0.0
2010-08-19 00:00:00+09:00,1069.9412508336509,1090.1453959643356,1069.9412508336509,1080.4825439453125,160200,0.0,0.0
2010-08-20 00:00:00+09:00,1068.1844061980034,1071.6981706920758,1054.1293482217138,1055.88623046875,59000,0.0,0.0
2010-08-23 00:00:00+09:00,1044.4663226435441,1057.6429373110404,1031.2897079760478,1053.250732421875,113900,0.0,0.0
2010-08-24 00:00:00+09:00,1032.1681558095736,1058.5213853196053,1029.5328328585704,1057.6429443359375,158700,0.0,0.0
2010-08-25 00:00:00+09:00,1057.6429835983188,1062.035188679707,1034.8035171750992,1051.493896484375,198300,0.0,0.0
2010-08-26 00:00:00+09:00,1049.7370639600254,1070.8196493449964,1045.3448586714896,1068.184326171875,80300,0.0,0.0
2010-08-27 00:00:00+09:00,1069.0629363890118,1088.3886427165044,1067.3060539956034,1084.8748779296875,133200,0.0,0.0
2010-08-30 00:00:00+09:00,1104.2002801161548,1111.2278077541255,1088.3883429307205,1096.2943115234375,77700,0.0,0.0
2010-08-31 00:00:00+09:00,1070.8192740455331,1090.144970541843,1061.1564257973782,1063.791748046875,186000,0.0,0.0
2010-09-01 00:00:00+09:00,1069.062568777672,1095.4157956168915,1043.5877828330931,1066.42724609375,122300,0.0,0.0
2010-09-02 00:00:00+09:00,1069.0627004063733,1093.6590484847452,1046.2232343335995,1056.7645263671875,119100,0.0,0.0
2010-09-03 00:00:00+09:00,1056.7642979256298,1081.3606406869912,1054.1289754869126,1065.5487060546875,83700,0.0,0.0
2010-09-06 00:00:00+09:00,1080.4823457301634,1081.3607866616512,1064.6704089633804,1078.7254638671875,73100,0.0,0.0
2010-09-07 00:00:00+09:00,1066.4270702963718,1075.2114777946945,1060.2779850475458,1063.791748046875,61400,0.0,0.0
2010-09-08 00:00:00+09:00,1047.101579193376,1049.7369019598023,1022.5052333733975,1027.77587890625,175500,0.0,0.0
2010-09-09 00:00:00+09:00,1037.4389480809355,1060.2784168786527,1033.0467425429129,1042.7095947265625,188700,0.0,0.0
2010-09-10 00:00:00+09:00,1047.1018640002121,1049.7371874834341,1033.925246584102,1035.68212890625,172100,0.0,0.0
2010-09-13 00:00:00+09:00,1037.4390050832824,1037.4390050832824,1031.2899169921875,1031.2899169921875,77600,0.0,0.0
2010-09-14 00:00:00+09:00,1027.7759791445549,1031.289743175818,1021.6268920898438,1021.6268920898438,93500,0.0,0.0
2010-09-16 00:00:00+09:00,1029.5327306559666,1031.289612448895,1011.0854718302198,1017.2345581054688,72900,0.0,0.0
2010-09-17 00:00:00+09:00,1024.2622047592138,1044.4663477347385,1018.9915587655985,1038.3172607421875,162900,0.0,0.0
2010-09-21 00:00:00+09:00,1026.8975139526783,1033.9250418497027,1021.6268680299102,1029.5328369140625,74100,0.0,0.0
2010-09-22 00:00:00+09:00,1033.046700167839,1046.2233162414084,1029.5329358815538,1030.411376953125,91600,0.0,0.0
2010-09-24 00:00:00+09:00,1029.5329358815538,1044.4664340982656,1025.1407305236974,1030.411376953125,124500,0.0,0.0
2010-09-27 00:00:00+09:00,1032.1681438763396,1040.9525536114575,1027.7759390087808,1034.803466796875,123000,0.0,0.0
2010-09-28 00:00:00+09:00,1042.763353538837,1057.7989574490662,1039.225564383489,1041.87890625,64700,8.0,0.0
2010-09-29 00:00:00+09:00,1041.8790277129976,1068.412449471393,1039.225685537158,1066.6435546875,90400,0.0,0.0
2010-09-30 00:00:00+09:00,1067.5276763578947,1086.1010659217025,1039.2253684511404,1040.9942626953125,142400,0.0,0.0
2010-10-01 00:00:00+09:00,1042.763427734375,1045.4167697896787,1027.7278227543204,1042.763427734375,59600,0.0,0.0
2010-10-04 00:00:00+09:00,1038.341190447505,1039.225637798823,1013.5766646105967,1017.9989013671875,89100,0.0,0.0
2010-10-05 00:00:00+09:00,1021.5368725690719,1039.2258227434281,1009.1546074470226,1030.38134765625,138700,0.0,0.0
2010-10-06 00:00:00+09:00,1037.456821412678,1053.3768749381923,1027.7278998137526,1048.0701904296875,152500,0.0,0.0
2010-10-07 00:00:00+09:00,1044.532507589146,1067.528142811261,1044.532507589146,1059.568115234375,118400,0.0,0.0
2010-10-08 00:00:00+09:00,1086.1012799353057,1118.8258299007832,1085.2168326389415,1095.8302001953125,317900,0.0,0.0
2010-10-12 00:00:00+09:00,1096.7147660136816,1098.4836607975747,1063.9902125116605,1066.6435546875,126600,0.0,0.0
2010-10-13 00:00:00+09:00,1072.8351264737805,1075.4884697379366,1056.0306191341253,1063.106201171875,81600,0.0,0.0
2010-10-14 00:00:00+09:00,1077.2568048907153,1087.8701724265843,1066.6434373548461,1071.065673828125,146500,0.0,0.0
2010-10-15 00:00:00+09:00,1077.2569580078125,1081.6791951096507,1056.0302199189885,1077.2569580078125,106400,0.0,0.0
2010-10-18 00:00:00+09:00,1078.1414054281802,1085.2169847911214,1041.879061193106,1077.2569580078125,167200,0.0,0.0
2010-10-19 00:00:00+09:00,1082.5633438336595,1099.3678401840184,1061.3366116016268,1073.7188720703125,180200,0.0,0.0
2010-10-20 00:00:00+09:00,1055.1456906591259,1055.1456906591259,1013.5766651260337,1042.763427734375,152200,0.0,0.0
2010-10-21 00:00:00+09:00,1043.647800827674,1046.301142694185,1025.0744077620968,1041.87890625,143500,0.0,0.0
2010-10-22 00:00:00+09:00,1042.7636976120937,1058.6837540641868,1031.26587906336,1044.5325927734375,102800,0.0,0.0
2010-10-25 00:00:00+09:00,1048.0702042823766,1052.4924414312475,1030.3812556868934,1036.5723876953125,135500,0.0,0.0
2010-10-26 00:00:00+09:00,1040.1103448622428,1042.763687578728,1025.9591837076543,1031.265869140625,146000,0.0,0.0
2010-10-27 00:00:00+09:00,1034.8032870033915,1034.8032870033915,1018.8832364341085,1026.84326171875,172200,0.0,0.0
2010-10-28 00:00:00+09:00,1025.959102746212,1025.959102746212,991.4656501538825,992.35009765625,352400,0.0,0.0
2010-10-29 00:00:00+09:00,1025.9589809089396,1025.9589809089396,991.4655324128632,996.772216796875,167300,0.0,0.0
2010-11-01 00:00:00+09:00,999.425501951378,999.425501951378,979.9676603204663,988.8121337890625,109500,0.0,0.0
2010-11-02 00:00:00+09:00,982.6209802257122,987.0432168603913,975.5454016102254,979.0831909179688,123400,0.0,0.0
2010-11-04 00:00:00+09:00,982.6211823911634,1033.9191379075337,981.7367348822604,1001.194580078125,298800,0.0,0.0
2010-11-05 00:00:00+09:00,1038.3412542179751,1044.532386057435,969.35435657828,980.8521728515625,443000,0.0,0.0
2010-11-08 00:00:00+09:00,979.9678366100742,987.9278641637661,895.0608760373602,909.2120361328125,637000,0.0,0.0
2010-11-09 00:00:00+09:00,913.63415950709,921.5941860662031,899.4830011797778,918.056396484375,307900,0.0,0.0
2010-11-10 00:00:00+09:00,918.0565001157684,933.0921075357761,916.2876051251792,925.132080078125,179900,0.0,0.0
2010-11-11 00:00:00+09:00,927.7853178344021,927.7853178344021,903.9052381570629,918.056396484375,217900,0.0,0.0
2010-11-12 00:00:00+09:00,918.9406870328463,931.3229484558105,915.4028980548566,919.8251342773438,173600,0.0,0.0
2010-11-15 00:00:00+09:00,918.9408438798321,924.247528252574,911.865264716176,918.056396484375,108300,0.0,0.0
2010-11-16 00:00:00+09:00,918.056409525573,926.9008836057809,907.4430406293236,918.9408569335938,181000,0.0,0.0
2010-11-17 00:00:00+09:00,910.9807527645953,928.6696994202185,910.9807527645953,926.016357421875,224800,0.0,0.0
2010-11-18 00:00:00+09:00,922.478559586573,936.6297167806144,910.9807443664145,929.5541381835938,312400,0.0,0.0
2010-11-19 00:00:00+09:00,930.4388427734375,934.861080619319,916.2876816666172,930.4388427734375,308200,0.0,0.0
2010-11-22 00:00:00+09:00,941.0522175047921,959.6256165344919,940.1677699319492,951.6655883789062,205100,0.0,0.0
2010-11-24 00:00:00+09:00,935.7452831160955,951.6653351917947,935.7452831160955,942.8208618164062,120300,0.0,0.0
2010-11-25 00:00:00+09:00,948.1275983863901,956.9720722519348,943.7053614536178,946.3587036132812,164800,0.0,0.0
2010-11-26 00:00:00+09:00,939.2831681330401,948.1276424092457,934.8609309949372,941.0520629882812,107400,0.0,0.0
2010-11-29 00:00:00+09:00,936.6297089565123,948.1275240806244,933.0919196875548,945.4741821289062,140100,0.0,0.0
2010-11-30 00:00:00+09:00,940.1676611187814,941.0521085892601,919.825369297773,923.3631591796875,212700,0.0,0.0
2010-12-01 00:00:00+09:00,920.7097466247903,940.1675894929416,920.7097466247903,939.2831420898438,143300,0.0,0.0
2010-12-02 00:00:00+09:00,957.8564845975591,967.5854054937486,951.6653531181659,960.5098266601562,237900,0.0,0.0
2010-12-03 00:00:00+09:00,957.8564886629638,961.3942780947752,935.7453047141419,940.1675415039062,160900,0.0,0.0
2010-12-06 00:00:00+09:00,941.9364932083678,950.7809673230004,925.1319923905659,935.745361328125,152900,0.0,0.0
2010-12-07 00:00:00+09:00,928.6697258505188,944.5897782936706,924.2474890607544,940.1675415039062,184200,0.0,0.0
2010-12-08 00:00:00+09:00,937.5141777911732,949.0119931791781,933.091941103479,942.8208618164062,200700,0.0,0.0
2010-12-09 00:00:00+09:00,943.7055346384172,957.8566954202493,942.8210870895527,949.8966674804688,123800,0.0,0.0
2010-12-10 00:00:00+09:00,953.4342607567495,955.2031554891367,938.3986555314575,949.0120239257812,171300,0.0,0.0
2010-12-13 00:00:00+09:00,941.9363559534606,970.2386689961937,940.1674613882898,967.5853271484375,133700,0.0,0.0
2010-12-14 00:00:00+09:00,974.6609762393085,992.349923176501,967.5853974644315,988.8121337890625,327500,0.0,0.0
2010-12-15 00:00:00+09:00,987.0432827078181,987.9277300937571,970.238782374979,983.5054931640625,207200,0.0,0.0
2010-12-16 00:00:00+09:00,976.4299142973019,984.3899407725517,970.2387825943299,971.1232299804688,233500,0.0,0.0
2010-12-17 00:00:00+09:00,959.625392320105,964.9320765172669,943.7053397286194,949.0120239257812,348400,0.0,0.0
2010-12-20 00:00:00+09:00,968.469901632528,968.469901632528,940.1675848724907,947.2431640625,211400,0.0,0.0
2010-12-21 00:00:00+09:00,941.936479669993,955.2031906512606,935.7453478787348,947.2431640625,189100,0.0,0.0
2010-12-22 00:00:00+09:00,939.28320834168,941.0521032726436,929.5542862213802,931.3231811523438,177500,0.0,0.0
2010-12-24 00:00:00+09:00,934.8609878496814,947.2432525894122,930.4387504426346,936.6298828125,167300,0.0,0.0
2010-12-27 00:00:00+09:00,924.2475062365781,942.8209010987485,924.2475062365781,933.0919799804688,170100,0.0,0.0
2010-12-28 00:00:00+09:00,937.5141562737517,947.243076763385,936.6297089565123,945.4741821289062,90500,0.0,0.0
2010-12-29 00:00:00+09:00,958.7409239958351,991.4654758296414,956.0875819552563,988.8121337890625,312300,0.0,0.0
2010-12-30 00:00:00+09:00,992.3499538308323,994.1188485791938,968.4698747279513,982.6210327148438,191900,0.0,0.0
2011-01-04 00:00:00+09:00,1003.8477348842505,1015.345550349885,996.7721561361676,1009.1544189453125,174700,0.0,0.0
2011-01-05 00:00:00+09:00,1019.7680136351458,1023.3058037951985,993.2345874347518,999.4257202148438,210700,0.0,0.0
2011-01-06 00:00:00+09:00,1008.2700107814549,1015.3455898044826,1001.1944317584271,1011.8078002929688,151100,0.0,0.0
2011-01-07 00:00:00+09:00,1038.3412574995211,1055.1457582597347,1010.0389404296875,1010.0389404296875,378600,0.0,0.0
2011-01-11 00:00:00+09:00,1014.4611979585073,1050.723542436536,1014.4611979585073,1032.150146484375,311200,0.0,0.0
2011-01-12 00:00:00+09:00,1026.843316098477,1034.8033418046668,993.2343186723425,997.6565551757812,371700,0.0,0.0
2011-01-13 00:00:00+09:00,1004.7323626893939,1009.154600201231,988.8123076467803,992.35009765625,287400,0.0,0.0
2011-01-14 00:00:00+09:00,992.3501315831488,995.88792171357,967.5856006702004,973.7767333984375,367400,0.0,0.0
2011-01-17 00:00:00+09:00,987.9279591455166,992.35019710051,975.5456928715352,978.1990356445312,178700,0.0,0.0
2011-01-18 00:00:00+09:00,979.0832564557185,986.1588355448293,970.2387825943299,971.1232299804688,126000,0.0,0.0
2011-01-19 00:00:00+09:00,986.1588955433712,999.4256071426094,979.0833160237775,995.8878173828125,271800,0.0,0.0
2011-01-20 00:00:00+09:00,993.2344490675739,1001.1944758187833,987.0433171499666,994.118896484375,220300,0.0,0.0
2011-01-21 00:00:00+09:00,994.1188620200791,995.003309406218,964.0476508913579,971.1232299804688,234500,0.0,0.0
2011-01-24 00:00:00+09:00,972.0076813591091,990.5810765443151,968.4698918000223,987.927734375,157300,0.0,0.0
2011-01-25 00:00:00+09:00,984.3900809980005,1006.5012688011901,976.4300533888522,1005.6168212890625,189900,0.0,0.0
2011-01-26 00:00:00+09:00,1002.9632427634887,1003.8476900675129,989.696533203125,989.696533203125,142100,0.0,0.0
2011-01-27 00:00:00+09:00,1001.1945465087891,1004.7323364257812,987.0433868408203,990.5811767578125,131800,0.0,0.0
2011-01-28 00:00:00+09:00,986.1587695334555,987.0432168603913,974.6609542832896,979.0831909179688,161800,0.0,0.0
2011-01-31 00:00:00+09:00,974.6610410121027,985.2744098797481,964.9321195500944,980.8521728515625,170900,0.0,0.0
2011-02-01 00:00:00+09:00,980.8523582827203,991.4657291568345,948.1277980875349,951.6655883789062,451900,0.0,0.0
2011-02-02 00:00:00+09:00,884.4474267626807,903.020822724697,879.1407422021047,887.1007690429688,738700,0.0,0.0
2011-02-03 00:00:00+09:00,894.17629132952,894.17629132952,883.5629228864397,891.52294921875,309200,0.0,0.0
2011-02-04 00:00:00+09:00,896.829789464614,903.9053696576287,893.2919993681066,902.136474609375,212800,0.0,0.0
2011-02-07 00:00:00+09:00,910.0963619384765,910.9808093261719,882.6784929199218,884.4473876953125,534900,0.0,0.0
2011-02-08 00:00:00+09:00,885.3318002057409,892.407379028564,882.6784581471823,886.2162475585938,324100,0.0,0.0
2011-02-09 00:00:00+09:00,888.8697674578658,895.0609001665275,887.1008723982482,894.1764526367188,168400,0.0,0.0
2011-02-10 00:00:00+09:00,894.176321313263,910.9808219116329,893.2918739133488,910.0963745117188,188500,0.0,0.0
2011-02-14 00:00:00+09:00,906.5585458023041,910.9807826110958,899.4829669082374,907.4429931640625,135100,0.0,0.0
2011-02-15 00:00:00+09:00,907.4430892467499,910.0964316129684,903.0208519697189,905.6741943359375,108800,0.0,0.0
2011-02-16 00:00:00+09:00,903.0207607147187,918.940813303225,903.0207607147187,911.865234375,165600,0.0,0.0
2011-02-17 00:00:00+09:00,911.8652430524286,922.4786115457644,906.5585588057608,920.709716796875,139400,0.0,0.0
2011-02-18 00:00:00+09:00,919.8253263377775,919.8253263377775,904.7897200418715,916.2875366210938,133900,0.0,0.0
2011-02-21 00:00:00+09:00,910.0963265724553,914.5185633390853,902.1363003925212,910.9807739257812,114500,0.0,0.0
2011-02-22 00:00:00+09:00,910.096382853386,923.3630939736977,906.5585932213029,918.9408569335938,176800,0.0,0.0
2011-02-23 00:00:00+09:00,918.9409417975438,923.3631792460402,903.9053344726562,903.9053344726562,352300,0.0,0.0
2011-02-24 00:00:00+09:00,908.3276094774129,908.3276094774129,887.9853163732449,889.7542114257812,232600,0.0,0.0
2011-02-25 00:00:00+09:00,880.0251163272408,900.367405448373,872.0650901494064,898.5985107421875,214300,0.0,0.0
2011-02-28 00:00:00+09:00,903.0207257181903,907.4429623769473,895.0606997324276,901.2518310546875,174400,0.0,0.0
2011-03-01 00:00:00+09:00,906.5585545131138,906.5585545131138,887.9851597377232,891.52294921875,230700,0.0,0.0
2011-03-02 00:00:00+09:00,886.2163355971827,887.9852304786142,873.8340714271621,875.6029663085938,174200,0.0,0.0
2011-03-03 00:00:00+09:00,874.7186441852818,884.4475674269786,868.527511213293,880.0253295898438,136300,0.0,0.0
2011-03-04 00:00:00+09:00,883.5629752547087,887.1007649454182,877.371843295967,882.6785278320312,160900,0.0,0.0
2011-03-07 00:00:00+09:00,882.6786619848134,882.6786619848134,862.3363681715362,866.7586059570312,241400,0.0,0.0
2011-03-08 00:00:00+09:00,863.2206909306711,864.1051383599034,847.3006372044907,849.9539794921875,246900,0.0,0.0
2011-03-09 00:00:00+09:00,851.7228824132258,865.8740414148992,851.7228824132258,858.7984619140625,170100,0.0,0.0
2011-03-10 00:00:00+09:00,854.3762166383488,856.1451114968132,842.8784000583296,849.9539794921875,142000,0.0,0.0
2011-03-11 00:00:00+09:00,835.8027823496673,844.6472562369654,833.1494401834779,834.9183349609375,395300,0.0,0.0
2011-03-14 00:00:00+09:00,755.3180891583223,800.4249071291355,751.7802995135527,753.5491943359375,203700,0.0,0.0
2011-03-15 00:00:00+09:00,751.7803466122454,752.664794078848,620.8821215550544,640.3399658203125,472100,0.0,0.0
2011-03-16 00:00:00+09:00,647.4155027780474,727.0157695130532,647.4155027780474,711.9801635742188,503500,0.0,0.0
2011-03-17 00:00:00+09:00,680.1401136908339,741.16698995178,678.3712187267485,724.3624877929688,403400,0.0,0.0
2011-03-18 00:00:00+09:00,730.5535742702685,756.2025496381109,726.1313371378819,754.4336547851562,272200,0.0,0.0
2011-03-22 00:00:00+09:00,775.6604723053663,797.7716602274121,769.4693396871935,788.9271850585938,291900,0.0,0.0
2011-03-23 00:00:00+09:00,796.8871115307975,810.1538225995677,769.4692419886724,786.2737426757812,216500,0.0,0.0
2011-03-24 00:00:00+09:00,779.1982418995983,785.3893743551002,748.2425796220888,750.011474609375,448900,0.0,0.0
2011-03-25 00:00:00+09:00,767.7003965865733,776.544871201626,754.4336846639943,760.6248168945312,455900,0.0,0.0
2011-03-28 00:00:00+09:00,765.0469182006693,770.3536020263388,751.7802086364959,759.740234375,169300,0.0,0.0
2011-03-29 00:00:00+09:00,758.8476435929399,782.9522158011863,757.0621197256625,774.9173583984375,180800,8.0,0.0
2011-03-30 00:00:00+09:00,777.5955133837725,789.2014165686049,767.7751337658374,788.3086547851562,157300,0.0,0.0
2011-03-31 00:00:00+09:00,801.7001288265745,810.6277471876723,795.4507959738062,809.7349853515625,194100,0.0,0.0
2011-04-01 00:00:00+09:00,811.5205233474662,812.4132851993337,789.2014770507812,789.2014770507812,179100,0.0,0.0
2011-04-04 00:00:00+09:00,790.9870064174107,800.807386858259,774.9172929687501,781.1666259765625,179300,0.0,0.0
2011-04-05 00:00:00+09:00,794.5580532126231,795.4508150701654,772.2390067740662,782.0593872070312,256500,0.0,0.0
2011-04-06 00:00:00+09:00,782.0592109147892,787.4157808525617,763.3112161325854,767.7750244140625,167900,0.0,0.0
2011-04-07 00:00:00+09:00,762.4186492919922,762.4186492919922,748.1344591413225,749.9199829101562,171200,0.0,0.0
2011-04-08 00:00:00+09:00,747.2418125800367,765.0970530240041,745.4562885356399,757.0621948242188,134100,0.0,0.0
2011-04-11 00:00:00+09:00,749.9199184120124,764.204107334146,742.7778239509456,755.2764892578125,94400,0.0,0.0
2011-04-12 00:00:00+09:00,742.7778917491007,753.4910344185589,737.4213204143716,744.5634155273438,141700,0.0,0.0
2011-04-13 00:00:00+09:00,743.6705938485952,749.919926570012,738.3140229445237,742.77783203125,92500,0.0,0.0
2011-04-14 00:00:00+09:00,733.850214438318,748.1344035271417,732.9574526202665,741.8850708007812,168300,0.0,0.0
2011-04-15 00:00:00+09:00,736.5284439421048,744.5632996942005,732.0646351909405,733.8501586914062,105300,0.0,0.0
2011-04-18 00:00:00+09:00,736.5285034179688,743.6705979965673,734.7429797733191,736.5285034179688,93900,0.0,0.0
2011-04-19 00:00:00+09:00,732.9575235752972,741.8851426200632,725.8154283394842,727.6009521484375,94300,0.0,0.0
2011-04-20 00:00:00+09:00,733.8504077686983,740.992504194671,726.7083113427256,728.4938354492188,124600,0.0,0.0
2011-04-21 00:00:00+09:00,729.3864111952602,738.3140294473441,724.9226020692182,732.9574584960938,114400,0.0,0.0
2011-04-22 00:00:00+09:00,732.0646966708854,739.2067912725526,726.708125719635,732.9574584960938,113300,0.0,0.0
2011-04-25 00:00:00+09:00,734.7430473842504,748.1344759513995,725.8154283394842,727.6009521484375,160200,0.0,0.0
2011-04-26 00:00:00+09:00,723.137085564499,724.9226092325595,717.7805145603176,722.2443237304688,173100,0.0,0.0
2011-04-27 00:00:00+09:00,722.244442051693,740.9924436377073,717.780632150261,726.708251953125,307600,0.0,0.0
2011-04-28 00:00:00+09:00,737.4213204143716,749.9199868620728,731.171987190521,744.5634155273438,233100,0.0,0.0
2011-05-02 00:00:00+09:00,743.6707088080834,757.9549000937129,742.7779468527316,751.70556640625,243200,0.0,0.0
2011-05-06 00:00:00+09:00,754.3837274501792,761.525821911246,749.0271566043791,755.2764892578125,371400,0.0,0.0
2011-05-09 00:00:00+09:00,763.3113969063814,779.3811105254631,763.3113969063814,769.5607299804688,216200,0.0,0.0
2011-05-10 00:00:00+09:00,771.3461977029601,774.917244914548,758.8475324624029,761.5258178710938,252400,0.0,0.0
2011-05-11 00:00:00+09:00,765.09680885324,768.6678558023799,745.45605063297,752.59814453125,325800,0.0,0.0
2011-05-12 00:00:00+09:00,731.1718846010358,733.8501698926146,713.3166493238432,715.1021728515625,573600,0.0,0.0
2011-05-13 00:00:00+09:00,715.1022400596802,717.7805256029749,695.4614794088525,706.1746215820312,205200,0.0,0.0
2011-05-16 00:00:00+09:00,701.7108736834949,712.4240167931665,695.461540202853,705.2819213867188,274400,0.0,0.0
2011-05-17 00:00:00+09:00,705.281924182222,708.8529718996003,694.568781030087,701.7108764648438,284600,0.0,0.0
2011-05-18 00:00:00+09:00,699.0325261896306,709.7456683534564,696.3542406486742,707.0673828125,141200,0.0,0.0
2011-05-19 00:00:00+09:00,711.5311939157309,711.5311939157309,700.8180517237752,704.3890991210938,95200,0.0,0.0
2011-05-20 00:00:00+09:00,704.3890978865014,713.3167163641504,700.8180504954419,706.1746215820312,151000,0.0,0.0
2011-05-23 00:00:00+09:00,700.8181117576889,707.9602071641367,690.9977305738232,705.2819213867188,158100,0.0,0.0
2011-05-24 00:00:00+09:00,705.2818597342663,709.7456689730908,697.2470031043823,706.1746215820312,171300,0.0,0.0
2011-05-25 00:00:00+09:00,701.710817300497,703.4963410086407,696.3542461760657,699.0325317382812,107300,0.0,0.0
2011-05-26 00:00:00+09:00,697.2471290121273,702.6037010659977,695.4616049941706,699.9254150390625,78500,0.0,0.0
2011-05-27 00:00:00+09:00,702.6035779041849,705.2818634616342,691.890435674388,700.8180541992188,177900,0.0,0.0
2011-05-30 00:00:00+09:00,695.4615471473107,704.3891664945162,690.1049755389873,696.3543090820312,100100,0.0,0.0
2011-05-31 00:00:00+09:00,700.8181747184473,705.281984748501,694.5688406763719,702.6036987304688,143400,0.0,0.0
2011-06-01 00:00:00+09:00,706.1747467545118,706.1747467545118,693.6760786703612,702.6036987304688,92400,0.0,0.0
2011-06-02 00:00:00+09:00,689.212158836434,694.5687300191006,685.641111381323,688.3193969726562,134800,0.0,0.0
2011-06-03 00:00:00+09:00,687.4267084339253,690.9977562699457,670.4642312128284,673.1425170898438,175300,0.0,0.0
2011-06-06 00:00:00+09:00,677.6063276192107,678.4990895791833,666.8931840995393,672.249755859375,210200,0.0,0.0
2011-06-07 00:00:00+09:00,668.6788267912688,676.7136858581866,666.0005404356295,674.9281616210938,181900,0.0,0.0
2011-06-08 00:00:00+09:00,669.5714649401212,682.9628942389237,669.5714649401212,678.4990844726562,93600,0.0,0.0
2011-06-09 00:00:00+09:00,674.0352797793201,674.9280417392928,665.1076601795941,672.249755859375,130600,0.0,0.0
2011-06-10 00:00:00+09:00,666.8931267886238,675.8207456211355,663.3220792556192,667.785888671875,263500,0.0,0.0
2011-06-13 00:00:00+09:00,660.6436144904526,667.785707620079,656.1798062844359,663.3218994140625,123500,0.0,0.0
2011-06-14 00:00:00+09:00,664.2148430945889,670.4641762957477,658.85827177931,665.1076049804688,141100,0.0,0.0
2011-06-15 00:00:00+09:00,665.1074819296717,669.5712905332266,659.7509116054059,666.8930053710938,106900,0.0,0.0
2011-06-16 00:00:00+09:00,660.6436787480894,670.4640577565069,657.0726318359375,657.0726318359375,118600,0.0,0.0
2011-06-17 00:00:00+09:00,657.0727512668918,660.643798828125,643.6813229122678,660.643798828125,257900,0.0,0.0
2011-06-20 00:00:00+09:00,657.9655079561121,672.2496980881308,657.9655079561121,667.785888671875,145100,0.0,0.0
2011-06-21 00:00:00+09:00,667.785946059512,675.8208036992654,662.4293742996763,672.249755859375,112400,0.0,0.0
2011-06-22 00:00:00+09:00,676.7134958770195,688.3194001598707,672.2496865374612,683.8555908203125,151300,0.0,0.0
2011-06-23 00:00:00+09:00,674.9280366596423,690.1049898649517,672.2497507998818,678.4990844726562,140600,0.0,0.0
2011-06-24 00:00:00+09:00,679.3917247586256,688.3193426923789,675.8206775851244,677.606201171875,121000,0.0,0.0
2011-06-27 00:00:00+09:00,671.3568139746485,671.3568139746485,663.3219584882498,666.8930053710938,100500,0.0,0.0
2011-06-28 00:00:00+09:00,671.35699609375,674.9280439453125,666.8931862792969,669.5714721679688,111800,0.0,0.0
2011-06-29 00:00:00+09:00,708.8528986012714,723.1370879937402,699.032518393949,718.6732788085938,681100,0.0,0.0
2011-06-30 00:00:00+09:00,726.7081384277344,726.7081384277344,709.7456634521484,714.20947265625,569500,0.0,0.0
2011-07-01 00:00:00+09:00,719.5661697771081,719.5661697771081,706.1747398184772,710.6385498046875,185700,0.0,0.0
2011-07-04 00:00:00+09:00,715.1021712573606,718.6732183048381,710.6383624480138,717.7804565429688,245700,0.0,0.0
2011-07-05 00:00:00+09:00,718.6732824752864,719.5660443168707,709.7456640594444,713.3167114257812,198400,0.0,0.0
2011-07-06 00:00:00+09:00,709.7456598400182,719.5660400390625,703.4963269860809,719.5660400390625,206000,0.0,0.0
2011-07-07 00:00:00+09:00,715.1022290582267,724.9226092325595,714.2094672241965,722.2443237304688,168000,0.0,0.0
2011-07-08 00:00:00+09:00,724.9226677813652,728.493715405904,717.7805725322878,725.8154296875,180300,0.0,0.0
2011-07-11 00:00:00+09:00,725.8153644840892,732.9574590915587,725.8153644840892,732.064697265625,170000,0.0,0.0
2011-07-12 00:00:00+09:00,727.6010139334113,729.3865378939842,722.244442051693,726.708251953125,190700,0.0,0.0
2011-07-13 00:00:00+09:00,724.9225406762606,740.0994904194828,724.9225406762606,734.742919921875,121700,0.0,0.0
2011-07-14 00:00:00+09:00,736.5285010619675,745.456119256658,736.5285010619675,740.0995483398438,161900,0.0,0.0
2011-07-15 00:00:00+09:00,740.9923125295928,745.4561216412169,734.7429797733191,736.5285034179688,184100,0.0,0.0
2011-07-19 00:00:00+09:00,737.421205170679,739.2067286698815,734.742919921875,734.742919921875,133700,0.0,0.0
2011-07-20 00:00:00+09:00,748.1344591413225,753.4910304478236,742.7778878348214,749.9199829101562,228100,0.0,0.0
2011-07-21 00:00:00+09:00,752.5982698791066,753.4910317650842,745.456174791286,748.1344604492188,155700,0.0,0.0
2011-07-22 00:00:00+09:00,751.7055079931291,752.5982698791066,746.3489366772635,748.1344604492188,96100,0.0,0.0
2011-07-25 00:00:00+09:00,748.1344023449223,749.0271641615631,742.7778314450779,743.6705932617188,131000,0.0,0.0
2011-07-26 00:00:00+09:00,735.6358079291615,738.3140936376415,726.708188900895,729.386474609375,330700,0.0,0.0
2011-07-27 00:00:00+09:00,729.386602481795,732.0648886598187,716.8879336510175,723.1372680664062,210400,0.0,0.0
2011-07-28 00:00:00+09:00,723.1372085420212,726.7082564854386,718.6733986127495,721.3516845703125,180500,0.0,0.0
2011-07-29 00:00:00+09:00,719.5660492985046,721.3515729940344,705.2818597342663,706.1746215820312,241400,0.0,0.0
2011-08-01 00:00:00+09:00,706.1746172988624,715.9949975647125,704.3890936141623,712.4239501953125,283700,0.0,0.0
2011-08-02 00:00:00+09:00,710.6383640322643,716.8876963792817,710.6383640322643,715.1021728515625,185000,0.0,0.0
2011-08-03 00:00:00+09:00,715.1022357223626,716.8877594070626,710.6384265106125,712.4239501953125,196800,0.0,0.0
2011-08-04 00:00:00+09:00,714.2094690214019,720.4588018753392,714.2094690214019,719.5660400390625,144900,0.0,0.0
2011-08-05 00:00:00+09:00,714.2095985652516,714.2095985652516,697.2471205993269,709.7457885742188,273300,0.0,0.0
2011-08-08 00:00:00+09:00,708.8530327725441,708.8530327725441,699.9254127124365,702.6036987304688,229200,0.0,0.0
2011-08-09 00:00:00+09:00,689.2120917044637,699.0324712494755,679.3917121594519,698.1397094726562,236000,0.0,0.0
2011-08-10 00:00:00+09:00,708.8529690899427,713.3167787189725,700.8181117576889,705.2819213867188,160300,0.0,0.0
2011-08-11 00:00:00+09:00,703.4963975351068,707.9602071641367,695.461540202853,705.2819213867188,152800,0.0,0.0
2011-08-12 00:00:00+09:00,713.3166514627608,715.102174995834,708.8528426300777,711.5311279296875,187100,0.0,0.0
2011-08-15 00:00:00+09:00,721.3515073615904,722.244269128127,707.9600808635411,711.5311279296875,235800,0.0,0.0
2011-08-16 00:00:00+09:00,711.5313133412704,714.2095993387909,705.281979347056,708.85302734375,153200,0.0,0.0
2011-08-17 00:00:00+09:00,708.8529058891768,708.8529058891768,701.7108111195125,707.9601440429688,135500,0.0,0.0
2011-08-18 00:00:00+09:00,707.9601440429688,712.4239532740089,705.2818585043447,707.9601440429688,164300,0.0,0.0
2011-08-19 00:00:00+09:00,700.8182347486467,707.0675693260231,699.9254726661643,703.4965209960938,194700,0.0,0.0
2011-08-22 00:00:00+09:00,703.4964630749761,707.9602731198681,697.2471290121273,699.9254150390625,192500,0.0,0.0
2011-08-23 00:00:00+09:00,701.710996831129,709.7458555734702,701.710996831129,703.4965209960938,309700,0.0,0.0
2011-08-24 00:00:00+09:00,708.8529783270994,708.8529783270994,691.8905015157457,693.676025390625,272600,0.0,0.0
2011-08-25 00:00:00+09:00,703.4963360387366,711.5311926686206,700.8180504954419,706.1746215820312,178500,0.0,0.0
2011-08-26 00:00:00+09:00,706.1746209655145,710.6384302004419,704.3890972715435,707.0673828125,188000,0.0,0.0
2011-08-29 00:00:00+09:00,708.8529071253259,714.2094782119153,701.7108123432067,706.1746215820312,199800,0.0,0.0
2011-08-30 00:00:00+09:00,715.9949908922571,724.9226092325595,715.9949908922571,722.2443237304688,140500,0.0,0.0
2011-08-31 00:00:00+09:00,724.9225506379237,726.7080741616624,717.7804565429688,717.7804565429688,226200,0.0,0.0
2011-09-01 00:00:00+09:00,721.3516215031597,730.2792405811691,721.3516215031597,724.0299072265625,184300,0.0,0.0
2011-09-02 00:00:00+09:00,724.0299003164149,736.5285669063406,724.0299003164149,732.7715454101562,184900,0.0,0.0
2011-09-05 00:00:00+09:00,744.5634017378336,751.7054967185322,742.7778779926589,746.7832641601562,290600,0.0,0.0
2011-09-06 00:00:00+09:00,749.9199732730264,763.3114013671875,749.0272114000823,763.3114013671875,311900,0.0,0.0
2011-09-07 00:00:00+09:00,758.8474839283485,771.3461483695213,757.9547221825505,768.0262451171875,298400,0.0,0.0
2011-09-08 00:00:00+09:00,771.3461885968067,775.8099975585938,771.3461885968067,775.8099975585938,145700,0.0,0.0
2011-09-09 00:00:00+09:00,776.7028293928871,787.4159718672718,776.7028293928871,783.880615234375,175800,0.0,0.0
2011-09-12 00:00:00+09:00,784.7376098632812,784.7376098632812,768.6678977159103,784.7376098632812,157100,0.0,0.0
2011-09-13 00:00:00+09:00,789.2014690896739,802.5928967325982,784.7376598753658,800.807373046875,141900,0.0,0.0
2011-09-14 00:00:00+09:00,803.4856936745628,813.3060743750297,803.4856936745628,807.1617431640625,258000,0.0,0.0
2011-09-15 00:00:00+09:00,799.9146075581396,807.9494641072727,796.3435602029692,806.1639404296875,240900,0.0,0.0
2011-09-16 00:00:00+09:00,806.1639374048174,811.5205084174739,805.2711755693746,810.6277465820312,186300,0.0,0.0
2011-09-20 00:00:00+09:00,809.7350484122218,809.7350484122218,799.9146674502213,807.0567626953125,215000,0.0,0.0
2011-09-21 00:00:00+09:00,811.5204489354929,815.0914960155171,807.0566400854627,807.9494018554688,141600,0.0,0.0
2011-09-22 00:00:00+09:00,807.949524600949,812.4133341291309,799.9146674502213,807.0567626953125,205600,0.0,0.0
2011-09-26 00:00:00+09:00,802.5929572226476,808.8422905936804,788.3087666602868,801.7001953125,247600,0.0,0.0
2011-09-27 00:00:00+09:00,808.8422784930233,821.3409450481032,808.8422784930233,817.7698974609375,149000,0.0,0.0
2011-09-28 00:00:00+09:00,833.0805196600445,859.1987197358729,833.0805196600445,850.1924438476562,209500,8.0,0.0
2011-09-29 00:00:00+09:00,828.577498328877,846.5900526403743,818.6705934575535,842.0869140625,188600,0.0,0.0
2011-09-30 00:00:00+09:00,842.0867177862871,857.3973853824014,841.1860902806333,855.5961303710938,327000,0.0,0.0
2011-10-03 00:00:00+09:00,851.0931032952096,865.5031452557635,847.4905928050712,861.900634765625,168100,0.0,0.0
2011-10-04 00:00:00+09:00,861.9007708377461,866.4039096613498,860.0995153083046,863.7020263671875,274100,0.0,0.0
2011-10-05 00:00:00+09:00,868.205024815813,870.0062800540201,853.7949829101562,853.7949829101562,220100,0.0,0.0
2011-10-06 00:00:00+09:00,858.2981133678642,872.708155145289,855.5962305345971,868.2050170898438,155100,0.0,0.0
2011-10-07 00:00:00+09:00,872.7080719597506,876.3105820607196,863.701796707328,865.5030517578125,234200,0.0,0.0
2011-10-11 00:00:00+09:00,872.7081154918967,878.1118809128992,869.1056052112284,870.9068603515625,188300,0.0,0.0
2011-10-12 00:00:00+09:00,870.9069109909711,871.8075386135057,860.0993795205558,861.900634765625,172800,0.0,0.0
2011-10-13 00:00:00+09:00,867.3043140562062,872.708079252818,861.9005488595942,866.4036865234375,137700,0.0,0.0
2011-10-14 00:00:00+09:00,865.50313470633,869.1056451525583,851.0930929214171,852.8943481445312,238200,0.0,0.0
2011-10-17 00:00:00+09:00,853.7948753597861,857.3973853824014,851.0929928428249,855.5961303710938,105700,0.0,0.0
2011-10-18 00:00:00+09:00,855.5961012084186,858.2979836332873,850.1923363586812,851.9935913085938,95100,0.0,0.0
2011-10-19 00:00:00+09:00,869.105658995192,875.4100523765043,868.2050313692903,870.0062866210938,134800,0.0,0.0
2011-10-20 00:00:00+09:00,870.9068354225943,881.7143659552429,870.9068354225943,875.4099731445312,189800,0.0,0.0
2011-10-21 00:00:00+09:00,876.310680002406,882.6150733837184,869.105658995192,870.0062866210938,209100,0.0,0.0
2011-10-24 00:00:00+09:00,870.0062756435476,879.012551788926,870.0062756435476,876.3106689453125,174100,0.0,0.0
2011-10-25 00:00:00+09:00,880.8137960628587,884.4163064762038,879.0125408561862,882.6150512695312,123300,0.0,0.0
2011-10-26 00:00:00+09:00,882.6151081038872,892.5220123785227,873.6088314905822,889.8201293945312,150800,0.0,0.0
2011-10-27 00:00:00+09:00,890.7207783257325,900.6276828369387,881.714501497363,892.5220336914062,180800,0.0,0.0
2011-10-28 00:00:00+09:00,902.4288223614423,918.6401185715281,898.8263120925344,908.7332153320312,316700,0.0,0.0
2011-10-31 00:00:00+09:00,906.9320650578501,919.5408524568668,897.9257883442666,898.826416015625,285600,0.0,0.0
2011-11-01 00:00:00+09:00,905.1307012939453,908.7332115478515,897.0250532226562,900.6275634765625,244900,0.0,0.0
2011-11-02 00:00:00+09:00,900.6275180745522,918.6400684360433,897.025008002254,917.7394409179688,191000,0.0,0.0
2011-11-04 00:00:00+09:00,922.2427353506243,939.3546611042004,918.640224665661,937.5534057617188,189900,0.0,0.0
2011-11-07 00:00:00+09:00,939.3547782207012,944.758544921875,933.9510115195275,944.758544921875,138100,0.0,0.0
2011-11-08 00:00:00+09:00,946.5596950890883,966.373504120449,946.5596950890883,954.6653442382812,352000,0.0,0.0
2011-11-09 00:00:00+09:00,961.8702753240412,962.7709029226593,942.0564681544448,951.062744140625,365400,0.0,0.0
2011-11-10 00:00:00+09:00,949.261383027098,951.9632655214825,922.2425580832527,930.3482055664062,344000,0.0,0.0
2011-11-11 00:00:00+09:00,934.851647914638,961.8704816693963,934.851647914638,953.7648315429688,182400,0.0,0.0
2011-11-14 00:00:00+09:00,962.7709098261828,970.8765582718663,960.069027010955,967.2740478515625,86800,0.0,0.0
2011-11-15 00:00:00+09:00,967.2740692733722,971.7772073984811,965.4728140233287,969.9759521484375,161300,0.0,0.0
2011-11-16 00:00:00+09:00,973.5784881933411,975.3797434906461,962.7709564095112,965.4728393554688,119100,0.0,0.0
2011-11-17 00:00:00+09:00,965.4728140233287,970.8765797734593,954.6652825230676,969.9759521484375,172000,0.0,0.0
2011-11-18 00:00:00+09:00,969.975884300574,986.1871804170181,969.0752567385493,984.3859252929688,223300,0.0,0.0
2011-11-21 00:00:00+09:00,982.5845829260559,996.9946226389953,968.1745432131165,973.5783081054688,224100,0.0,0.0
2011-11-22 00:00:00+09:00,963.6714943875087,977.1809078602308,951.0627084796348,961.8702392578125,174700,0.0,0.0
2011-11-24 00:00:00+09:00,934.8514147816139,934.8514147816139,897.9256845253074,908.7332153320312,459000,0.0,0.0
2011-11-25 00:00:00+09:00,907.8325907284127,907.8325907284127,856.4968192288893,870.9068603515625,653600,0.0,0.0
2011-11-28 00:00:00+09:00,870.0062614150199,879.0125374131051,858.2981026175094,874.5093994140625,153200,0.0,0.0
2011-11-29 00:00:00+09:00,876.310683218149,879.913193734976,869.1056621844953,878.1119384765625,220100,0.0,0.0
2011-11-30 00:00:00+09:00,869.1057918955228,889.8202304588357,869.1057918955228,887.1183471679688,155600,0.0,0.0
2011-12-01 00:00:00+09:00,899.7270523972521,905.130818477716,878.1119880753962,884.4163818359375,268500,0.0,0.0
2011-12-02 00:00:00+09:00,894.3233197580771,907.8327354643924,893.4226920443227,904.230224609375,169900,0.0,0.0
2011-12-05 00:00:00+09:00,910.5344310654954,915.9381962350235,903.3294108394578,911.43505859375,154900,0.0,0.0
2011-12-06 00:00:00+09:00,910.5343947349025,925.8450621043322,900.6274923193894,906.931884765625,155400,0.0,0.0
2011-12-07 00:00:00+09:00,912.3357077913331,916.8388455395628,895.2237843480603,914.136962890625,138600,0.0,0.0
2011-12-08 00:00:00+09:00,915.0376440690168,931.2489409127592,912.3357612617264,928.5470581054688,194900,0.0,0.0
2011-12-09 00:00:00+09:00,919.5408679151628,928.5471447801497,913.2364741096719,924.0440063476562,182700,0.0,0.0
2011-12-12 00:00:00+09:00,931.2490120630328,940.2552887754413,924.9446183643469,937.5534057617188,115300,0.0,0.0
2011-12-13 00:00:00+09:00,926.7458274892513,946.5596352684189,919.5408064786449,939.3546142578125,112300,0.0,0.0
2011-12-14 00:00:00+09:00,940.2551124265235,944.7582499381448,933.0500924079295,938.453857421875,101500,0.0,0.0
2011-12-15 00:00:00+09:00,934.8514513224798,935.7520789249098,924.0439200933181,928.5470581054688,105500,0.0,0.0
2011-12-16 00:00:00+09:00,929.4477481277737,934.8515141052607,913.2364501953125,913.2364501953125,132400,0.0,0.0
2011-12-19 00:00:00+09:00,931.248853689087,931.248853689087,907.8325382191487,917.7394409179688,187100,0.0,0.0
2011-12-20 00:00:00+09:00,917.7395454285637,917.7395454285637,895.2238549126519,907.8326416015625,103800,0.0,0.0
2011-12-21 00:00:00+09:00,909.633871607578,917.7395199684377,896.1244576728121,912.3357543945312,161100,0.0,0.0
2011-12-22 00:00:00+09:00,913.2364447908521,938.4540192032227,913.2364447908521,935.7521362304688,106000,0.0,0.0
2011-12-26 00:00:00+09:00,947.4601280308416,947.4601280308416,925.8450680757654,930.3482055664062,45400,0.0,0.0
2011-12-27 00:00:00+09:00,919.5407957240513,947.4602518136161,918.6401681082589,945.6589965820312,84300,0.0,0.0
2011-12-28 00:00:00+09:00,944.7582499381448,944.7582499381448,933.0500924079295,938.453857421875,31400,0.0,0.0
2011-12-29 00:00:00+09:00,937.5533480398996,946.5596241978236,928.5470718819754,945.6589965820312,63400,0.0,0.0
2011-12-30 00:00:00+09:00,947.4602512978122,960.9696655273438,947.4602512978122,960.9696655273438,54700,0.0,0.0
2012-01-04 00:00:00+09:00,980.7835551861128,989.7898320932397,975.3797890418368,978.9822998046875,130900,0.0,0.0
2012-01-05 00:00:00+09:00,982.5847171378535,986.1872275581574,963.6715374312588,967.2740478515625,162800,0.0,0.0
2012-01-06 00:00:00+09:00,967.2741434906961,967.2741434906961,939.3546849728083,948.3609619140625,81000,0.0,0.0
2012-01-10 00:00:00+09:00,959.1684417724609,979.8828776041667,958.2678141276042,972.6778564453125,151200,0.0,0.0
2012-01-11 00:00:00+09:00,974.4790469898898,983.4853228400735,969.9759090647977,979.8828125,138000,0.0,0.0
2012-01-12 00:00:00+09:00,976.2801019224304,980.7832389239177,957.3669265161841,962.7706909179688,88000,0.0,0.0
2012-01-13 00:00:00+09:00,964.5721863983069,978.9822283986551,959.1684206481764,969.9759521484375,79000,0.0,0.0
2012-01-16 00:00:00+09:00,969.0753245234157,971.7772073984811,955.5659101480893,969.9759521484375,79400,0.0,0.0
2012-01-17 00:00:00+09:00,967.2739578389676,971.7770954452943,960.0689376688449,963.6714477539062,98300,0.0,0.0
2012-01-18 00:00:00+09:00,964.572279731914,987.0879725361137,961.87039659541,966.37353515625,160500,0.0,0.0
2012-01-19 00:00:00+09:00,967.2741318036925,973.5785255863982,953.7647165550377,954.6653442382812,60800,0.0,0.0
2012-01-20 00:00:00+09:00,968.174585360233,972.6777229665596,957.367055105049,963.6714477539062,66900,0.0,0.0
2012-01-23 00:00:00+09:00,962.7711094612215,962.7711094612215,947.4604370001919,953.7648315429688,61600,0.0,0.0
2012-01-24 00:00:00+09:00,954.6652261020948,983.4853083995166,954.6652261020948,978.08154296875,110700,0.0,0.0
2012-01-25 00:00:00+09:00,1059.1383145960365,1111.374728071011,1028.516968765879,1107.772216796875,632400,0.0,0.0
2012-01-26 00:00:00+09:00,1096.0637852231596,1107.771943980679,1085.2562540623726,1104.16943359375,318100,0.0,0.0
2012-01-27 00:00:00+09:00,1103.2689701427114,1122.182152488015,1098.7658314890675,1109.5733642578125,157900,0.0,0.0
2012-01-30 00:00:00+09:00,1112.2749973945467,1143.796960883461,1112.2749973945467,1139.2938232421875,180600,0.0,0.0
2012-01-31 00:00:00+09:00,1139.2939169537215,1142.8964273630613,1113.1757164860078,1120.3807373046875,212800,0.0,0.0
2012-02-01 00:00:00+09:00,1121.2814278189592,1143.797119140625,1111.3745236374261,1143.797119140625,180000,0.0,0.0
2012-02-02 00:00:00+09:00,1143.7969761548384,1158.2070167993088,1142.896348614559,1156.40576171875,155500,0.0,0.0
2012-02-03 00:00:00+09:00,1158.2069804748583,1168.1138831072249,1140.1944302341917,1151.902587890625,263800,0.0,0.0
2012-02-06 00:00:00+09:00,1145.5985491071428,1170.816127232143,1135.6916434151785,1166.31298828125,161000,0.0,0.0
2012-02-07 00:00:00+09:00,1168.1140502454705,1170.8159331681663,1148.3002421457015,1157.3065185546875,164300,0.0,0.0
2012-02-08 00:00:00+09:00,1152.8032731157732,1166.3126864725987,1145.5982526587995,1159.107666015625,149200,0.0,0.0
2012-02-09 00:00:00+09:00,1152.8033590093603,1164.5115181242993,1141.0951998944215,1154.6046142578125,136800,0.0,0.0
2012-02-10 00:00:00+09:00,1156.405738927141,1156.405738927141,1132.989423341389,1138.3931884765625,120500,0.0,0.0
2012-02-13 00:00:00+09:00,1138.3931448107114,1140.1943997866779,1128.4862424428968,1132.9893798828125,123300,0.0,0.0
2012-02-14 00:00:00+09:00,1139.2938384534414,1157.3063892590294,1133.890073211765,1156.40576171875,138300,0.0,0.0
2012-02-15 00:00:00+09:00,1157.306334051467,1180.7226489816912,1151.9025690675692,1179.822021484375,217900,0.0,0.0
2012-02-16 00:00:00+09:00,1178.0212098591805,1186.1268603857345,1157.3067696246537,1158.2073974609375,105700,0.0,0.0
2012-02-17 00:00:00+09:00,1166.312772708273,1182.5240699351064,1160.9090069659953,1169.915283203125,136600,0.0,0.0
2012-02-20 00:00:00+09:00,1169.9150615850576,1172.6169439443765,1123.9830614766374,1127.5855712890625,239500,0.0,0.0
2012-02-21 00:00:00+09:00,1123.0825075055586,1158.2069804748583,1120.3806249694585,1151.902587890625,127100,0.0,0.0
2012-02-22 00:00:00+09:00,1169.9154193476472,1183.4248352754491,1168.114163890607,1171.7166748046875,200800,0.0,0.0
2012-02-23 00:00:00+09:00,1173.5180455603966,1177.1205568284254,1164.5117673903244,1170.816162109375,93200,0.0,0.0
2012-02-24 00:00:00+09:00,1171.7165318652114,1176.2196699584674,1153.7039794921875,1153.7039794921875,115200,0.0,0.0
2012-02-27 00:00:00+09:00,1143.796940282325,1152.8032154026582,1128.4862725777584,1151.902587890625,142400,0.0,0.0
2012-02-28 00:00:00+09:00,1156.4054626323232,1168.1136176278217,1145.5979349441704,1164.5111083984375,129800,0.0,0.0
2012-02-29 00:00:00+09:00,1165.4120205610227,1165.4120205610227,1123.0825267693936,1123.983154296875,163300,0.0,0.0
2012-03-01 00:00:00+09:00,1137.4926181990786,1141.0951284704931,1113.175673867032,1130.28759765625,126800,0.0,0.0
2012-03-02 00:00:00+09:00,1130.287477505282,1145.59814453125,1118.5793203677772,1145.59814453125,168600,0.0,0.0
2012-03-05 00:00:00+09:00,1154.604303193494,1184.3250067858382,1152.8030484303215,1176.2193603515625,283700,0.0,0.0
2012-03-06 00:00:00+09:00,1203.2384535845588,1285.1955638212316,1203.2384535845588,1270.7855224609375,510500,0.0,0.0
2012-03-07 00:00:00+09:00,1260.8785623899648,1301.4068018953565,1250.971659399758,1278.89111328125,312500,0.0,0.0
2012-03-08 00:00:00+09:00,1271.6860056938558,1332.928674523305,1271.6860056938558,1328.425537109375,270000,0.0,0.0
2012-03-09 00:00:00+09:00,1329.326279115906,1339.2331822800488,1304.1087074253603,1312.21435546875,311800,0.0,0.0
2012-03-12 00:00:00+09:00,1317.6186180167074,1319.4198738171403,1303.2085716132437,1313.115478515625,202800,0.0,0.0
2012-03-13 00:00:00+09:00,1305.9100346056132,1319.4194487567058,1287.8974824041566,1290.599365234375,182100,0.0,0.0
2012-03-14 00:00:00+09:00,1305.9100562815547,1322.1213535319464,1290.5993866561848,1293.30126953125,147500,0.0,0.0
2012-03-15 00:00:00+09:00,1303.2081662061737,1303.2081662061737,1290.5993795255335,1292.400634765625,97000,0.0,0.0
2012-03-16 00:00:00+09:00,1299.6056344723113,1300.5062620776282,1270.7855511021698,1274.3880615234375,158800,0.0,0.0
2012-03-19 00:00:00+09:00,1286.996847653522,1295.1024960992056,1281.5930820230665,1289.69873046875,140700,0.0,0.0
2012-03-21 00:00:00+09:00,1282.493616213002,1309.5124423972647,1271.6860857392971,1277.990478515625,154700,0.0,0.0
2012-03-22 00:00:00+09:00,1289.6987159586645,1306.8106402625854,1277.990557224403,1303.2081298828125,97700,0.0,0.0
2012-03-23 00:00:00+09:00,1278.891184819346,1312.2144058322444,1278.891184819346,1303.2081298828125,108100,0.0,0.0
2012-03-26 00:00:00+09:00,1300.506472549492,1308.6121223091495,1284.295173030177,1285.19580078125,99800,0.0,0.0
2012-03-27 00:00:00+09:00,1306.8104703533115,1332.028039732976,1305.9098428754664,1327.52490234375,121700,0.0,0.0
2012-03-28 00:00:00+09:00,1329.3360348903377,1333.8637461808362,1311.225189728344,1330.2415771484375,166300,8.0,0.0
2012-03-29 00:00:00+09:00,1328.430633853596,1347.447023295263,1322.9973797274054,1342.9193115234375,103700,0.0,0.0
2012-03-30 00:00:00+09:00,1348.3525209595557,1348.3525209595557,1314.847454958546,1331.147216796875,141100,0.0,0.0
2012-04-02 00:00:00+09:00,1340.202541987534,1342.0136265037333,1314.8473587607427,1330.2415771484375,129800,0.0,0.0
2012-04-03 00:00:00+09:00,1321.1862282538316,1332.0527359570845,1305.7920090075565,1327.5250244140625,103000,0.0,0.0
2012-04-04 00:00:00+09:00,1332.9584757347916,1346.5416123761108,1314.8476268796992,1324.80859375,153000,0.0,0.0
2012-04-05 00:00:00+09:00,1309.4143928990545,1320.280902383694,1278.6259493592427,1284.0592041015625,156400,0.0,0.0
2012-04-06 00:00:00+09:00,1273.1926518016014,1284.96470334742,1260.5150578291814,1272.287109375,190400,0.0,0.0
2012-04-09 00:00:00+09:00,1258.7037586447498,1275.9090618204693,1249.6483359206868,1262.325927734375,138300,0.0,0.0
2012-04-10 00:00:00+09:00,1261.4203854619686,1272.286892730844,1254.1760472827184,1262.325927734375,88200,0.0,0.0
2012-04-11 00:00:00+09:00,1259.6095290187359,1309.4143630201957,1251.4596470912243,1294.0201416015625,179500,0.0,0.0
2012-04-12 00:00:00+09:00,1311.2253278607295,1312.1308702142244,1282.2479725488902,1284.964599609375,164900,0.0,0.0
2012-04-13 00:00:00+09:00,1296.7365859215126,1359.2190052152166,1292.2088743784905,1327.5250244140625,236400,0.0,0.0
2012-04-16 00:00:00+09:00,1301.2643832679555,1313.9419764243587,1291.303417216496,1293.114501953125,115500,0.0,0.0
2012-04-17 00:00:00+09:00,1283.153573172433,1325.7140657194368,1280.4369459885818,1318.4697265625,121000,0.0,0.0
2012-04-18 00:00:00+09:00,1329.3362352979052,1338.3916592440762,1308.5087602217118,1318.4697265625,163700,0.0,0.0
2012-04-19 00:00:00+09:00,1317.564122489329,1320.280749546008,1287.6812248658598,1289.4923095703125,88900,0.0,0.0
2012-04-20 00:00:00+09:00,1289.492271491041,1330.2416761378786,1284.9645598636146,1326.6195068359375,159700,0.0,0.0
2012-04-23 00:00:00+09:00,1322.0918305847933,1339.29713522939,1294.925560093325,1298.5477294921875,113700,0.0,0.0
2012-04-24 00:00:00+09:00,1289.4926636080331,1315.7533990326351,1279.5316949987016,1307.603515625,99900,0.0,0.0
2012-04-25 00:00:00+09:00,1349.2582968089996,1448.8679697277848,1346.5416693657598,1447.056884765625,591900,0.0,0.0
2012-04-26 00:00:00+09:00,1444.340264711362,1470.600996797023,1428.9460424542503,1433.4737548828125,322800,0.0,0.0
2012-04-27 00:00:00+09:00,1421.701419145633,1444.3399767753406,1402.6850307366788,1412.64599609375,257300,0.0,0.0
2012-05-01 00:00:00+09:00,1411.7404981493116,1437.0956834913134,1395.440736143739,1424.4180908203125,121400,0.0,0.0
2012-05-02 00:00:00+09:00,1428.040566528703,1445.2458745591694,1416.2685136657524,1444.34033203125,100800,0.0,0.0
2012-05-07 00:00:00+09:00,1418.0793685621516,1428.9458771335092,1398.1574361813296,1421.7015380859375,121700,0.0,0.0
2012-05-08 00:00:00+09:00,1433.473651233881,1457.0177541600217,1425.3237694517552,1446.1512451171875,218400,0.0,0.0
2012-05-09 00:00:00+09:00,1421.7011758254955,1421.7011758254955,1387.2905741176173,1399.0626220703125,221200,0.0,0.0
2012-05-10 00:00:00+09:00,1362.8410572959078,1401.779373218648,1344.7302126806799,1390.00732421875,199500,0.0,0.0
2012-05-11 00:00:00+09:00,1380.952084876189,1390.9130507343125,1351.069187301819,1356.50244140625,229900,0.0,0.0
2012-05-14 00:00:00+09:00,1349.2582855120877,1361.9358801410604,1329.3363510951308,1332.052978515625,148500,0.0,0.0
2012-05-15 00:00:00+09:00,1331.1473885933776,1349.2582374177773,1305.792200239218,1329.3363037109375,144500,0.0,0.0
2012-05-16 00:00:00+09:00,1335.6750030621592,1358.3135624360941,1323.902952187713,1328.4306640625,157800,0.0,0.0
2012-05-17 00:00:00+09:00,1331.1472950492237,1345.6359730905756,1316.6586170078715,1319.375244140625,133200,0.0,0.0
2012-05-18 00:00:00+09:00,1300.3587646484375,1322.9973225288072,1273.1924951919939,1300.3587646484375,179800,0.0,0.0
2012-05-21 00:00:00+09:00,1283.1534606593566,1326.6194917896664,1283.1534606593566,1300.3587646484375,144200,0.0,0.0
2012-05-22 00:00:00+09:00,1305.7921142578125,1334.7694704688042,1299.4533175866582,1305.7921142578125,113800,0.0,0.0
2012-05-23 00:00:00+09:00,1334.7693628828977,1340.202616734524,1302.169839773139,1327.5250244140625,206400,0.0,0.0
2012-05-24 00:00:00+09:00,1331.1474042942482,1360.1247627550752,1331.1474042942482,1346.5416259765625,177800,0.0,0.0
2012-05-25 00:00:00+09:00,1350.163655069484,1398.1574000182986,1350.163655069484,1391.818603515625,165700,0.0,0.0
2012-05-28 00:00:00+09:00,1391.8187116281292,1407.21293290183,1364.6524387921866,1370.085693359375,189700,0.0,0.0
2012-05-29 00:00:00+09:00,1371.8967661896163,1371.8967661896163,1336.5806118124578,1343.824951171875,253400,0.0,0.0
2012-05-30 00:00:00+09:00,1344.7303127802143,1416.2681543355252,1343.8247704820458,1372.8021240234375,413400,0.0,0.0
2012-05-31 00:00:00+09:00,1353.785735761899,1380.0464624087854,1348.3524819728882,1372.8021240234375,271300,0.0,0.0
2012-06-01 00:00:00+09:00,1373.7077581739302,1399.0629442180104,1371.8966734564958,1387.2908935546875,193000,0.0,0.0
2012-06-04 00:00:00+09:00,1363.746826171875,1376.4244195094623,1350.1636904530317,1363.746826171875,257300,0.0,0.0
2012-06-05 00:00:00+09:00,1376.4243889105617,1400.8740326609468,1363.7467958548066,1378.2354736328125,276600,0.0,0.0
2012-06-06 00:00:00+09:00,1376.424136726871,1376.424136726871,1299.4530501335921,1306.6973876953125,646000,0.0,0.0
2012-06-07 00:00:00+09:00,1328.4305960587628,1384.5742204320711,1313.0363764725332,1380.0465087890625,589900,0.0,0.0
2012-06-08 00:00:00+09:00,1371.8965863577926,1390.007432382318,1342.013690417326,1359.218994140625,336600,0.0,0.0
2012-06-11 00:00:00+09:00,1374.6134853515625,1380.046740234375,1346.5416684570312,1358.313720703125,171800,0.0,0.0
2012-06-12 00:00:00+09:00,1345.6355968932487,1355.5965602619065,1324.808128031509,1337.4857177734375,261500,0.0,0.0
2012-06-13 00:00:00+09:00,1336.58056640625,1353.7858718003683,1325.7140577362804,1336.58056640625,238100,0.0,0.0
2012-06-14 00:00:00+09:00,1325.7141361927547,1343.824985047847,1314.8476268796992,1324.80859375,187400,0.0,0.0
2012-06-15 00:00:00+09:00,1331.1473908492824,1342.9194426050924,1322.0919664217363,1324.80859375,186600,0.0,0.0
2012-06-18 00:00:00+09:00,1324.80859375,1332.9584757347916,1313.03654199419,1324.80859375,252600,0.0,0.0
2012-06-19 00:00:00+09:00,1332.958278265689,1349.2580398205682,1317.564059019414,1327.5250244140625,173300,0.0,0.0
2012-06-20 00:00:00+09:00,1334.7694163131464,1392.724126383731,1332.9583316234407,1379.1409912109375,271600,0.0,0.0
2012-06-21 00:00:00+09:00,1359.2188883728622,1400.8738309878868,1359.2188883728622,1390.00732421875,313200,0.0,0.0
2012-06-22 00:00:00+09:00,1383.6687984129742,1402.6851889670793,1369.180119895561,1384.5743408203125,210500,0.0,0.0
2012-06-25 00:00:00+09:00,1392.7241514108184,1397.2518632164451,1370.9911347438094,1378.2354736328125,186300,0.0,0.0
2012-06-26 00:00:00+09:00,1378.2351526155442,1445.2452717308859,1378.2351526155442,1399.0626220703125,367500,0.0,0.0
2012-06-27 00:00:00+09:00,1399.9683493748023,1433.4734133637207,1390.9129266750947,1432.56787109375,120600,0.0,0.0
2012-06-28 00:00:00+09:00,1432.5682791682993,1452.4902147825235,1430.7571941124609,1444.34033203125,177800,0.0,0.0
2012-06-29 00:00:00+09:00,1439.812417358474,1466.9786893841056,1428.9459085482215,1460.639892578125,224200,0.0,0.0
2012-07-02 00:00:00+09:00,1469.695293609069,1471.5063783824628,1439.8123948480713,1457.0177001953125,131100,0.0,0.0
2012-07-03 00:00:00+09:00,1460.6400370695153,1514.9725864955358,1455.2067821269134,1508.6337890625,301900,0.0,0.0
2012-07-04 00:00:00+09:00,1509.5392299003033,1521.311281483209,1494.1450085995803,1516.7835693359375,148500,0.0,0.0
2012-07-05 00:00:00+09:00,1512.255872772961,1512.255872772961,1477.8452600990852,1485.089599609375,182300,0.0,0.0
2012-07-06 00:00:00+09:00,1485.0893833448436,1502.2946871762776,1465.1674525926567,1475.12841796875,145700,0.0,0.0
2012-07-09 00:00:00+09:00,1460.6398093382227,1485.9949951171875,1445.245589400994,1485.9949951171875,137000,0.0,0.0
2012-07-10 00:00:00+09:00,1471.5061803017893,1484.1837720090048,1458.8285885945738,1459.734130859375,120200,0.0,0.0
2012-07-11 00:00:00+09:00,1452.4899635457105,1466.978641486316,1438.0012856051048,1457.9232177734375,139300,0.0,0.0
2012-07-12 00:00:00+09:00,1458.828763961792,1466.0731029510498,1433.4735774993896,1448.8677978515625,181300,0.0,0.0
2012-07-13 00:00:00+09:00,1448.8676989167707,1455.2064950995314,1434.379021927603,1452.4898681640625,128300,0.0,0.0
2012-07-17 00:00:00+09:00,1457.9231369663291,1497.7669990946015,1438.001205902193,1478.7506103515625,175500,0.0,0.0
2012-07-18 00:00:00+09:00,1485.0896843112246,1494.1451092155612,1454.3012396364797,1464.26220703125,198100,0.0,0.0
2012-07-19 00:00:00+09:00,1464.2620143724525,1478.7506923130582,1448.8677940605592,1457.9232177734375,133800,0.0,0.0
2012-07-20 00:00:00+09:00,1467.8840449391703,1467.8840449391703,1402.6850003767888,1431.662353515625,215000,0.0,0.0
2012-07-23 00:00:00+09:00,1402.6849639059199,1428.0401472431477,1382.7630341409551,1392.7239990234375,142000,0.0,0.0
2012-07-24 00:00:00+09:00,1422.6068936708846,1426.22906271906,1380.0464073548237,1392.7239990234375,134700,0.0,0.0
2012-07-25 00:00:00+09:00,1386.3852887280862,1440.7178278029949,1377.3298655489348,1425.3236083984375,213400,0.0,0.0
2012-07-26 00:00:00+09:00,1418.0793865266394,1427.1348104508197,1380.046606045082,1380.9521484375,246200,0.0,0.0
2012-07-27 00:00:00+09:00,1438.0011219427215,1444.3399178203026,1402.6849734819116,1441.623291015625,134200,0.0,0.0
2012-07-30 00:00:00+09:00,1417.173799621272,1432.5680198088514,1393.6296981579155,1427.134765625,133200,0.0,0.0
2012-07-31 00:00:00+09:00,1416.2684196174919,1418.9850470208503,1380.046720906047,1394.535400390625,171000,0.0,0.0
2012-08-01 00:00:00+09:00,1430.7571274256752,1442.529179739937,1396.346512968602,1433.4737548828125,249800,0.0,0.0
2012-08-02 00:00:00+09:00,1447.056588827369,1447.056588827369,1301.264279189568,1310.3197021484375,420200,0.0,0.0
2012-08-03 00:00:00+09:00,1287.6808848775877,1299.4529323483391,1240.5926949945815,1279.531005859375,340400,0.0,0.0
2012-08-06 00:00:00+09:00,1301.2646401145241,1312.1311506791546,1272.2872786088424,1275.00390625,198800,0.0,0.0
2012-08-07 00:00:00+09:00,1279.531005859375,1283.153174311914,1262.325705709815,1279.531005859375,125400,0.0,0.0
2012-08-08 00:00:00+09:00,1269.5704097734208,1293.1145115238553,1260.5149860232539,1270.4759521484375,252600,0.0,0.0
2012-08-09 00:00:00+09:00,1268.6649667277688,1283.1536458624184,1242.4042357962162,1266.8538818359375,145100,0.0,0.0
2012-08-10 00:00:00+09:00,1241.4986344555825,1257.7983977088286,1229.726583217127,1237.87646484375,209200,0.0,0.0
2012-08-13 00:00:00+09:00,1224.293126625268,1251.4593942278998,1216.1432463444787,1244.64306640625,120600,0.0,0.0
2012-08-14 00:00:00+09:00,1241.498727120232,1287.68139311814,1239.6876421791376,1247.8375244140625,203400,0.0,0.0
2012-08-15 00:00:00+09:00,1290.3978288677376,1294.0199982119277,1263.2315587863116,1285.8701171875,130000,0.0,0.0
2012-08-16 00:00:00+09:00,1278.6256399257504,1279.531182163658,1242.40395040944,1259.6092529296875,163900,0.0,0.0
2012-08-17 00:00:00+09:00,1262.326151427121,1262.326151427121,1242.4042179038809,1254.17626953125,109900,0.0,0.0
2012-08-20 00:00:00+09:00,1255.0817164697016,1269.5703942933058,1245.120750465974,1248.742919921875,98400,0.0,0.0
2012-08-21 00:00:00+09:00,1247.8374904717098,1271.3815940655156,1244.2153206880473,1266.8538818359375,204600,0.0,0.0
2012-08-22 00:00:00+09:00,1264.1371842307606,1275.9092353733106,1250.5540482970491,1260.5150146484375,138300,0.0,0.0
2012-08-23 00:00:00+09:00,1254.1761227121945,1265.0426306346108,1249.6484110778545,1255.0816650390625,137500,0.0,0.0
2012-08-24 00:00:00+09:00,1249.6485530073926,1277.7203683285732,1249.6485530073926,1263.231689453125,204100,0.0,0.0
2012-08-27 00:00:00+09:00,1266.8539895762567,1266.8539895762567,1244.215426503057,1249.648681640625,120300,0.0,0.0
2012-08-28 00:00:00+09:00,1248.7429716149156,1255.9873108266047,1235.1598355929984,1242.4041748046875,158600,0.0,0.0
2012-08-29 00:00:00+09:00,1246.931709103468,1262.325927734375,1243.3095400138427,1262.325927734375,143100,0.0,0.0
2012-08-30 00:00:00+09:00,1265.9484312666223,1280.4371114527926,1255.0819211269945,1276.81494140625,262000,0.0,0.0
2012-08-31 00:00:00+09:00,1264.1370094929664,1293.1143621461003,1263.2314672225561,1271.38134765625,138100,0.0,0.0
2012-09-03 00:00:00+09:00,1275.0035996547965,1285.8701076063999,1246.0262451171875,1246.0262451171875,224400,0.0,0.0
2012-09-04 00:00:00+09:00,1246.0262268561164,1246.9317691721456,1222.4821266393583,1228.8209228515625,176000,0.0,0.0
2012-09-05 00:00:00+09:00,1231.5376659871538,1263.2316500382938,1222.4822419725424,1242.4041748046875,164400,0.0,0.0
2012-09-06 00:00:00+09:00,1240.5931763421922,1240.5931763421922,1196.221595582508,1217.049072265625,209700,0.0,0.0
2012-09-07 00:00:00+09:00,1232.4432251159851,1239.6875644259983,1204.3714102896843,1206.1824951171875,158000,0.0,0.0
2012-09-10 00:00:00+09:00,1330.2415719016276,1356.5022972829395,1312.1307268110677,1348.3524169921875,749100,0.0,0.0
2012-09-11 00:00:00+09:00,1342.014028137128,1402.6853775873221,1341.1084856080206,1399.96875,555400,0.0,0.0
2012-09-12 00:00:00+09:00,1399.9687887128357,1434.3794057704604,1395.4410759420955,1416.2685546875,371600,0.0,0.0
2012-09-13 00:00:00+09:00,1421.7013211155488,1428.04011681479,1399.9683072895787,1411.7403564453125,370900,0.0,0.0
2012-09-14 00:00:00+09:00,1428.0405324851927,1444.3402975991644,1417.1740224092114,1418.985107421875,487200,0.0,0.0
2012-09-18 00:00:00+09:00,1426.2293407926043,1443.4346471259753,1414.457289090824,1436.1903076171875,382000,0.0,0.0
2012-09-19 00:00:00+09:00,1440.7177280285816,1446.150981559802,1422.606882924514,1428.9456787109375,302900,0.0,0.0
2012-09-20 00:00:00+09:00,1428.9453134462815,1429.8508554700118,1399.9679686869147,1401.779052734375,527200,0.0,0.0
2012-09-21 00:00:00+09:00,1405.4019476267595,1422.607254975283,1399.9686926745942,1415.3629150390625,174200,0.0,0.0
2012-09-24 00:00:00+09:00,1417.1737291616873,1428.9457793080783,1404.4961366963432,1420.7958984375,142900,0.0,0.0
2012-09-25 00:00:00+09:00,1421.7014473803663,1421.7014473803663,1377.3298735449282,1402.68505859375,269000,0.0,0.0
2012-09-26 00:00:00+09:00,1410.8774579846652,1437.2745201017976,1405.4159968569827,1420.89013671875,177600,8.0,0.0
2012-09-27 00:00:00+09:00,1407.2362102056932,1449.1074040410501,1399.9542634517181,1445.4664306640625,249800,0.0,0.0
2012-09-28 00:00:00+09:00,1445.4665356231421,1488.2479759092175,1437.2743449300638,1454.5689697265625,290900,0.0,0.0
2012-10-01 00:00:00+09:00,1452.7484293980565,1453.6586727748725,1417.2489377022393,1437.2742919921875,233000,0.0,0.0
2012-10-02 00:00:00+09:00,1437.274217239032,1437.274217239032,1367.185480869554,1397.2235107421875,308900,0.0,0.0
2012-10-03 00:00:00+09:00,1406.3260167245646,1455.4791590566854,1406.3260167245646,1430.902587890625,423000,0.0,0.0
2012-10-04 00:00:00+09:00,1430.9025897216798,1462.7611079406738,1421.8001559448242,1456.389404296875,355700,0.0,0.0
2012-10-05 00:00:00+09:00,1469.1326744944004,1478.235107421875,1458.209754981431,1478.235107421875,226900,0.0,0.0
2012-10-09 00:00:00+09:00,1479.1456124872282,1495.5299946563175,1474.5943952180369,1475.504638671875,245400,0.0,0.0
2012-10-10 00:00:00+09:00,1476.4147761183078,1477.32501950679,1442.7357707444623,1453.65869140625,239000,0.0,0.0
2012-10-11 00:00:00+09:00,1453.6585855658277,1455.4790722102432,1439.0946924105033,1444.55615234375,160200,0.0,0.0
2012-10-12 00:00:00+09:00,1447.287126227991,1473.6841870208286,1447.287126227991,1463.6715087890625,163900,0.0,0.0
2012-10-15 00:00:00+09:00,1465.4918380737304,1467.3123248291015,1449.1074572753905,1456.389404296875,160900,0.0,0.0
2012-10-16 00:00:00+09:00,1456.3893373308733,1484.606880741659,1451.8381206517145,1480.0556640625,292200,0.0,0.0
2012-10-17 00:00:00+09:00,1479.1457004156898,1480.0559439236379,1450.9281516692981,1468.2227783203125,290400,0.0,0.0
2012-10-18 00:00:00+09:00,1466.4021520331355,1475.5045862481145,1460.940691504148,1470.953369140625,247800,0.0,0.0
2012-10-19 00:00:00+09:00,1472.7737521668043,1488.2478892414863,1470.9532654521358,1480.9659423828125,119000,0.0,0.0
2012-10-22 00:00:00+09:00,1480.966081891741,1496.440220424107,1480.966081891741,1490.978759765625,144000,0.0,0.0
2012-10-23 00:00:00+09:00,1491.8888453945792,1495.5298187817532,1478.2351951926764,1483.6966552734375,172900,0.0,0.0
2012-10-24 00:00:00+09:00,1484.606880741659,1489.158097420818,1477.3249340550046,1480.0556640625,166100,0.0,0.0
2012-10-25 00:00:00+09:00,1483.696812220982,1522.8372802734375,1483.696812220982,1522.8372802734375,188800,0.0,0.0
2012-10-26 00:00:00+09:00,1523.7474361572997,1526.4781663296246,1508.2732985141251,1517.375732421875,162200,0.0,0.0
2012-10-29 00:00:00+09:00,1522.8376118053088,1535.5810227827592,1518.2863935990767,1521.9273681640625,131500,0.0,0.0
2012-10-30 00:00:00+09:00,1521.9268952897453,1532.8498155908678,1498.2605679706462,1500.0810546875,272400,0.0,0.0
2012-10-31 00:00:00+09:00,1500.991243459609,1504.6322167609057,1477.3249170011798,1482.786376953125,208500,0.0,0.0
2012-11-01 00:00:00+09:00,1482.7865161389168,1482.7865161389168,1460.9406742805165,1473.68408203125,261400,0.0,0.0
2012-11-02 00:00:00+09:00,1491.8890547385581,1525.5680632958044,1489.1583243149978,1514.6451416015625,280100,0.0,0.0
2012-11-05 00:00:00+09:00,1515.555191780757,1519.1961652144646,1495.5298378953655,1500.0810546875,228900,0.0,0.0
2012-11-06 00:00:00+09:00,1500.081334215134,1500.991577743177,1490.068655406659,1494.619873046875,162300,0.0,0.0
2012-11-07 00:00:00+09:00,1506.452916102377,1510.0938899177302,1473.6841517641985,1475.504638671875,217700,0.0,0.0
2012-11-08 00:00:00+09:00,1511.0042013618586,1585.6441679351553,1507.3632273826734,1534.6705322265625,933100,0.0,0.0
2012-11-09 00:00:00+09:00,1533.7602898308464,1533.7602898308464,1496.440306517455,1515.555419921875,359200,0.0,0.0
2012-11-12 00:00:00+09:00,1515.5553857451594,1516.4656292200814,1483.6968641228887,1495.530029296875,284800,0.0,0.0
2012-11-13 00:00:00+09:00,1484.6070027315884,1484.6070027315884,1457.2997004127976,1467.3123779296875,356900,0.0,0.0
2012-11-14 00:00:00+09:00,1465.4919957402929,1472.7739435452136,1453.6588305572966,1463.6715087890625,202700,0.0,0.0
2012-11-15 00:00:00+09:00,1463.6714038299826,1476.4148115747712,1437.2743449300638,1454.5689697265625,345800,0.0,0.0
2012-11-16 00:00:00+09:00,1456.3893335559396,1456.3893335559396,1420.8898435505137,1448.1971435546875,299300,0.0,0.0
2012-11-19 00:00:00+09:00,1451.8382401728497,1494.6196804788835,1451.8382401728497,1473.68408203125,299300,0.0,0.0
2012-11-20 00:00:00+09:00,1480.0557343929186,1500.081088732798,1477.3250042556622,1488.2479248046875,234500,0.0,0.0
2012-11-21 00:00:00+09:00,1495.5300468630908,1499.171020805545,1489.1583424637956,1492.79931640625,147700,0.0,0.0
2012-11-22 00:00:00+09:00,1501.9015408085295,1509.1834876730557,1490.97862051174,1493.7093505859375,183600,0.0,0.0
2012-11-26 00:00:00+09:00,1509.183628627232,1511.004115513393,1480.0558384486606,1490.978759765625,296000,0.0,0.0
2012-11-27 00:00:00+09:00,1490.9788288453183,1506.4529680946287,1479.145663537022,1505.542724609375,232900,0.0,0.0
2012-11-28 00:00:00+09:00,1505.5427770730082,1516.4656992766818,1490.9788808014434,1503.7222900390625,329000,0.0,0.0
2012-11-29 00:00:00+09:00,1503.722078556603,1504.6323219455599,1453.65869216398,1466.402099609375,361700,0.0,0.0
2012-11-30 00:00:00+09:00,1469.1327028226126,1470.9531894432107,1430.902483790054,1434.54345703125,357500,0.0,0.0
2012-12-03 00:00:00+09:00,1436.3640841265096,1460.940655908142,1433.6333539285504,1450.927978515625,188600,0.0,0.0
2012-12-04 00:00:00+09:00,1454.5690740329117,1479.145647874519,1440.0051784230702,1463.6715087890625,280200,0.0,0.0
2012-12-05 00:00:00+09:00,1464.5815037013767,1464.5815037013767,1423.6205542504372,1431.812744140625,285400,0.0,0.0
2012-12-06 00:00:00+09:00,1433.6331617696203,1450.017540761273,1429.0819453830502,1436.3638916015625,209000,0.0,0.0
2012-12-07 00:00:00+09:00,1433.6333189455588,1467.3123238985656,1433.6333189455588,1443.64599609375,175300,0.0,0.0
2012-12-10 00:00:00+09:00,1467.312270925988,1467.312270925988,1440.9152139428281,1445.4664306640625,110000,0.0,0.0
2012-12-11 00:00:00+09:00,1446.3767257603458,1460.9406197893989,1431.8128317312926,1437.2742919921875,146300,0.0,0.0
2012-12-12 00:00:00+09:00,1455.4793365284136,1458.2100669909435,1413.6081361029558,1429.082275390625,178700,0.0,0.0
2012-12-13 00:00:00+09:00,1434.5433289678215,1434.5433289678215,1389.0311675157966,1409.0565185546875,234100,0.0,0.0
2012-12-14 00:00:00+09:00,1383.570068683599,1406.3261553395791,1369.0061732237716,1370.82666015625,340400,0.0,0.0
2012-12-17 00:00:00+09:00,1386.3008339805049,1419.0695995900244,1375.377912110665,1378.108642578125,276900,0.0,0.0
2012-12-18 00:00:00+09:00,1383.5697514960107,1396.313157101895,1360.8136700569316,1369.005859375,234800,0.0,0.0
2012-12-19 00:00:00+09:00,1369.0061558546938,1377.1983469469094,1351.7115302155719,1367.1856689453125,209600,0.0,0.0
2012-12-20 00:00:00+09:00,1365.365251178855,1388.1213386985025,1363.5447641772832,1375.3779296875,270700,0.0,0.0
2012-12-21 00:00:00+09:00,1402.685075254265,1414.5182394192914,1381.7494771161416,1387.2109375,326000,0.0,0.0
2012-12-25 00:00:00+09:00,1401.774616647274,1405.4155896775267,1368.095616117437,1369.005859375,191100,0.0,0.0
2012-12-26 00:00:00+09:00,1377.1983467846874,1383.570050966771,1362.6344515113528,1379.9290771484375,97600,0.0,0.0
2012-12-27 00:00:00+09:00,1399.9544684976518,1402.6851989303518,1372.6471641706494,1380.83935546875,241700,0.0,0.0
2012-12-28 00:00:00+09:00,1399.9545042087193,1402.685234711077,1370.8267121835704,1375.3779296875,199000,0.0,0.0
2013-01-04 00:00:00+09:00,1424.5313135224824,1461.851303205819,1416.3391206651645,1451.838623046875,361300,0.0,0.0
2013-01-07 00:00:00+09:00,1460.0302697196225,1468.2224595123137,1428.171753859157,1434.54345703125,264000,0.0,0.0
2013-01-08 00:00:00+09:00,1439.0948835100446,1476.4148646763392,1429.992449079241,1465.491943359375,186500,0.0,0.0
2013-01-09 00:00:00+09:00,1474.5943252146985,1488.2479763740937,1436.3641019683914,1467.3123779296875,164400,0.0,0.0
2013-01-10 00:00:00+09:00,1473.684082479763,1490.06846387855,1449.1075103815829,1486.427490234375,159600,0.0,0.0
2013-01-11 00:00:00+09:00,1500.991160136224,1516.4652958077315,1494.6194572126622,1509.183349609375,177800,0.0,0.0
2013-01-15 00:00:00+09:00,1528.2986545619008,1564.7083902274612,1516.4654904705937,1542.862548828125,271000,0.0,0.0
2013-01-16 00:00:00+09:00,1532.850147831951,1561.9779416149809,1530.119417164792,1550.144775390625,223300,0.0,0.0
2013-01-17 00:00:00+09:00,1562.888009116658,1588.3748258058056,1550.144600772084,1571.0802001953125,254700,0.0,0.0
2013-01-18 00:00:00+09:00,1574.7209666795534,1604.7589966797993,1571.990236679531,1591.1053466796875,173000,0.0,0.0
2013-01-21 00:00:00+09:00,1602.0283025163724,1642.0790100792817,1593.83611233305,1598.3873291015625,248500,0.0,0.0
2013-01-22 00:00:00+09:00,1584.7337992632831,1584.7337992632831,1537.4011412726509,1572.900634765625,275000,0.0,0.0
2013-01-23 00:00:00+09:00,1560.1574513806145,1599.2979241982146,1547.414041626047,1575.631591796875,164400,0.0,0.0
2013-01-24 00:00:00+09:00,1551.965138607517,1592.0158518619046,1550.1446516414085,1588.3748779296875,139500,0.0,0.0
2013-01-25 00:00:00+09:00,1601.118077501039,1626.604891696621,1582.0029668543523,1608.4000244140625,144100,0.0,0.0
2013-01-28 00:00:00+09:00,1627.5151344992898,1637.527811501243,1601.1180769486862,1602.0283203125,127500,0.0,0.0
2013-01-29 00:00:00+09:00,1597.4773486271743,1597.4773486271743,1553.7856604595934,1576.541748046875,196200,0.0,0.0
2013-01-30 00:00:00+09:00,1577.451696679576,1606.5794833464809,1567.439020012827,1591.1053466796875,146600,0.0,0.0
2013-01-31 00:00:00+09:00,1631.1562676753394,1635.7074849400585,1584.7338515752042,1609.3104248046875,231800,0.0,0.0
2013-02-01 00:00:00+09:00,1607.490093203388,1648.4510525432252,1603.8491190398468,1622.9642333984375,210800,0.0,0.0
2013-02-04 00:00:00+09:00,1613.861484042081,1629.3356212269175,1571.0800459428267,1602.0283203125,199500,0.0,0.0
2013-02-05 00:00:00+09:00,1600.2078158089676,1613.8614661145048,1577.4517319664053,1598.3873291015625,173700,0.0,0.0
2013-02-06 00:00:00+09:00,1615.6819067032886,1693.9628328872225,1574.7209569558813,1651.181396484375,377300,0.0,0.0
2013-02-07 00:00:00+09:00,1644.8096931903337,1680.3091829714201,1642.9892065348936,1651.181396484375,194500,0.0,0.0
2013-02-08 00:00:00+09:00,1649.3612244842445,1649.3612244842445,1615.6822149335176,1633.8870849609375,220100,0.0,0.0
2013-02-12 00:00:00+09:00,1663.0149279724824,1707.6168609066103,1649.3612750334637,1657.553466796875,322900,0.0,0.0
2013-02-13 00:00:00+09:00,1660.2840401785713,1693.9630475725446,1645.7201450892856,1663.0147705078125,187100,0.0,0.0
2013-02-14 00:00:00+09:00,1666.6556925015836,1699.4244554344384,1655.7327715239653,1683.9503173828125,247700,0.0,0.0
2013-02-15 00:00:00+09:00,1668.4762137656505,1673.9376743671746,1634.7972067229177,1672.1171875,242000,0.0,0.0
2013-02-18 00:00:00+09:00,1672.1174605349277,1718.5398832280584,1669.386729788273,1711.2579345703125,195200,0.0,0.0
2013-02-19 00:00:00+09:00,1701.2450645373651,1727.6421254638412,1684.8606818933456,1709.437255859375,139600,0.0,0.0
2013-02-20 00:00:00+09:00,1712.1677613010295,1743.1160355616541,1707.6165444979965,1732.193115234375,158600,0.0,0.0
2013-02-21 00:00:00+09:00,1733.1034291134706,1770.4234084168593,1733.1034291134706,1746.757080078125,173100,0.0,0.0
2013-02-22 00:00:00+09:00,1743.1159137506136,1744.0261570476114,1696.6935056037305,1738.564697265625,245500,0.0,0.0
2013-02-25 00:00:00+09:00,1743.1163330078125,1766.782664422018,1723.0909756573312,1743.1163330078125,205300,0.0,0.0
2013-02-26 00:00:00+09:00,1727.6419687276089,1752.2185404639868,1709.437100774736,1746.757080078125,181500,0.0,0.0
2013-02-27 00:00:00+09:00,1726.7315819165444,1729.4623118826748,1679.3989291702817,1704.8857421875,214600,0.0,0.0
2013-02-28 00:00:00+09:00,1694.8733418570182,1751.308437020893,1694.8733418570182,1744.0264892578125,263400,0.0,0.0
2013-03-01 00:00:00+09:00,1718.5397048700052,1784.987479475678,1716.7192178945072,1776.7952880859375,234200,0.0,0.0
2013-03-04 00:00:00+09:00,1781.3465391273073,1819.576766333923,1778.615808612549,1796.8206787109375,221100,0.0,0.0
2013-03-05 00:00:00+09:00,1809.5639129455933,1826.8585378681116,1799.5512353588722,1824.1278076171875,259300,0.0,0.0
2013-03-06 00:00:00+09:00,1819.5766427176338,1845.0634591238838,1788.6283656529017,1841.4224853515625,254500,0.0,0.0
2013-03-07 00:00:00+09:00,1841.4225205770445,1851.4351986424658,1805.9230256178232,1823.2176513671875,180200,0.0,0.0
2013-03-08 00:00:00+09:00,1790.4488866701647,1839.6020335335043,1790.4488866701647,1829.58935546875,266500,0.0,0.0
2013-03-11 00:00:00+09:00,1847.7937619121753,1888.7547073732828,1845.9732754472373,1884.2034912109375,200700,0.0,0.0
2013-03-12 00:00:00+09:00,1868.7298416047406,1874.1913024180035,1815.9357204098674,1845.9737548828125,298400,0.0,0.0
2013-03-13 00:00:00+09:00,1848.704345703125,1863.2682401055129,1836.8711815011848,1848.704345703125,199300,0.0,0.0
2013-03-14 00:00:00+09:00,1839.601964081555,1866.9092668635672,1827.768799542683,1865.9990234375,235600,0.0,0.0
2013-03-15 00:00:00+09:00,1871.4605189732142,1908.7805001395088,1862.3580845424106,1879.6527099609375,325100,0.0,0.0
2013-03-18 00:00:00+09:00,1870.5501373658697,1904.229142272214,1862.3579469832455,1888.7550048828125,264300,0.0,0.0
2013-03-19 00:00:00+09:00,1892.3962226449928,1920.6137709384004,1877.832326751621,1895.126953125,202700,0.0,0.0
2013-03-21 00:00:00+09:00,1898.7677359825293,1922.4340644271822,1875.1014075378766,1918.7930908203125,213100,0.0,0.0
2013-03-22 00:00:00+09:00,1955.2028979839308,1956.1131414187464,1918.7931605913063,1920.6136474609375,176900,0.0,0.0
2013-03-25 00:00:00+09:00,1920.6138225194104,1954.2928326773338,1910.6011438238115,1912.421630859375,189000,0.0,0.0
2013-03-26 00:00:00+09:00,1912.4216462473541,1945.190413151164,1912.4216462473541,1935.177734375,156900,0.0,0.0
2013-03-27 00:00:00+09:00,1949.7967020159392,2004.6176027286647,1949.7967020159392,2000.0491943359375,171300,8.0,0.0
2013-03-28 00:00:00+09:00,2008.2718042872991,2022.8907073212376,1956.1919622288933,1975.3792724609375,287500,0.0,0.0
2013-03-29 00:00:00+09:00,1962.587937523337,1997.307835859411,1958.9332113826977,1988.1710205078125,105100,0.0,0.0
2013-04-01 00:00:00+09:00,1988.1711298549656,2005.53107997778,1854.7736183849172,1858.4283447265625,211500,0.0,0.0
2013-04-02 00:00:00+09:00,1858.4281816890732,1900.4575309308123,1768.8873941740637,1878.5291748046875,213200,0.0,0.0
2013-04-03 00:00:00+09:00,1902.284555843184,1918.730820014739,1863.9099394428895,1917.817138671875,356200,0.0,0.0
2013-04-04 00:00:00+09:00,1917.817707021354,1983.602783203125,1856.6010389077614,1983.602783203125,350400,0.0,0.0
2013-04-05 00:00:00+09:00,2009.1856549622005,2019.2361516445944,1919.6448663372364,1978.1204833984375,370500,0.0,0.0
2013-04-08 00:00:00+09:00,1993.6533253085563,2053.04263151619,1941.5734721726317,2009.1859130859375,285700,0.0,0.0
2013-04-09 00:00:00+09:00,2023.8046326985752,2023.8046326985752,1974.4658290120185,2012.8404541015625,180400,0.0,0.0
2013-04-10 00:00:00+09:00,2012.8406396217918,2012.8406396217918,1979.0344191651388,2009.1859130859375,105100,0.0,0.0
2013-04-11 00:00:00+09:00,2010.0994535499774,2031.1141296552726,1986.3437327352958,2015.58154296875,195500,0.0,0.0
2013-04-12 00:00:00+09:00,2023.8047155672616,2032.9415314388973,1969.8975019246122,2002.7900390625,196400,0.0,0.0
2013-04-15 00:00:00+09:00,2001.876250204842,2032.9414225037763,1981.7752563643553,2003.70361328125,140100,0.0,0.0
2013-04-16 00:00:00+09:00,1999.1348938181345,2033.8547868551952,1973.551814738195,2021.9769287109375,195800,0.0,0.0
2013-04-17 00:00:00+09:00,2028.3728437710108,2055.783287605754,2019.2360291594298,2038.42333984375,189400,0.0,0.0
2013-04-18 00:00:00+09:00,2032.0273446479885,2032.0273446479885,1980.8611884877873,1987.2569580078125,239300,0.0,0.0
2013-04-19 00:00:00+09:00,1991.8257466484517,1998.2215173945708,1956.192166777218,1988.1710205078125,98600,0.0,0.0
2013-04-22 00:00:00+09:00,2007.3581180788176,2041.1643312644871,1963.5014090811922,2020.149658203125,133800,0.0,0.0
2013-04-23 00:00:00+09:00,2011.012906322125,2034.7686244340628,2010.0992248562811,2016.4949951171875,91200,0.0,0.0
2013-04-24 00:00:00+09:00,2019.2360767457042,2034.7686619514404,2000.9624470918968,2033.85498046875,140000,0.0,0.0
2013-04-25 00:00:00+09:00,2028.3731652068075,2070.402519080462,2001.876398634286,2058.524658203125,152400,0.0,0.0
2013-04-26 00:00:00+09:00,2057.610908543266,2057.610908543266,1992.7395166664578,1993.6531982421875,138400,0.0,0.0
2013-04-30 00:00:00+09:00,2032.9412510768013,2074.9705982900746,2015.5813033147972,2038.42333984375,192200,0.0,0.0
2013-05-01 00:00:00+09:00,2038.4236961110662,2054.8699652863233,1989.9985702061417,2030.2005615234375,125500,0.0,0.0
2013-05-02 00:00:00+09:00,2037.5097286339962,2055.783358487216,2030.2002766927083,2050.30126953125,81900,0.0,0.0
2013-05-07 00:00:00+09:00,2081.3668060237164,2136.1877052166146,2074.9710344512114,2126.13720703125,175000,0.0,0.0
2013-05-08 00:00:00+09:00,2137.1012287635735,2154.4611788903408,2095.071875825085,2108.777099609375,115800,0.0,0.0
2013-05-09 00:00:00+09:00,2122.4828356726694,2161.7711533368642,2100.554472325212,2102.3818359375,177200,0.0,0.0
2013-05-10 00:00:00+09:00,2138.0146776142356,2141.6694035588753,2075.8843365553603,2079.5390625,132200,0.0,0.0
2013-05-13 00:00:00+09:00,2068.5751984831577,2072.2299249822445,1918.7314120205965,1969.8975830078125,184700,0.0,0.0
2013-05-14 00:00:00+09:00,1989.0849169719736,2010.0995945513744,1959.84710468759,1986.3438720703125,110800,0.0,0.0
2013-05-15 00:00:00+09:00,1987.2571194830796,2010.0991553392068,1950.709862113276,1967.1561279296875,146100,0.0,0.0
2013-05-16 00:00:00+09:00,1965.3291990572202,2010.0995992217036,1827.3632720197306,1933.350341796875,196200,0.0,0.0
2013-05-17 00:00:00+09:00,2010.0990914392096,2028.3727195432023,1885.8384203320584,1970.810791015625,181800,0.0,0.0
2013-05-20 00:00:00+09:00,1964.4153049489196,1964.4153049489196,1897.716552734375,1897.716552734375,192800,0.0,0.0
2013-05-21 00:00:00+09:00,1899.5438122715318,1936.0910717668955,1889.4933159103068,1921.47216796875,165500,0.0,0.0
2013-05-22 00:00:00+09:00,1887.6660913349485,1910.5081301942776,1845.6367398337832,1862.0830078125,170800,0.0,0.0
2013-05-23 00:00:00+09:00,1854.7733708811859,1904.1121699095524,1736.9084620911992,1737.8221435546875,212200,0.0,0.0
2013-05-24 00:00:00+09:00,1761.577953527545,1853.8597861552848,1741.4769602818988,1826.4493408203125,263500,0.0,0.0
2013-05-27 00:00:00+09:00,1680.2603883037043,1810.9168513420022,1680.2603883037043,1764.319091796875,150700,0.0,0.0
2013-05-28 00:00:00+09:00,1654.6775091889779,1718.6352262752443,1644.6270107897074,1671.123779296875,298900,0.0,0.0
2013-05-29 00:00:00+09:00,1717.7214081950208,1786.2475282028008,1714.0666817946058,1761.578125,270000,0.0,0.0
2013-05-30 00:00:00+09:00,1748.7867115062672,1748.7867115062672,1651.0227730887277,1662.900634765625,232300,0.0,0.0
2013-05-31 00:00:00+09:00,1674.7783983574539,1702.1888467757428,1658.3321293064805,1672.037353515625,204500,0.0,0.0
2013-06-03 00:00:00+09:00,1621.7848122016842,1658.3320755752432,1572.4460066473794,1585.237548828125,333000,0.0,0.0
2013-06-04 00:00:00+09:00,1561.4818418160705,1604.4248766699939,1484.73258803459,1487.4736328125,950500,0.0,0.0
2013-06-05 00:00:00+09:00,1476.509337340501,1498.4376938356568,1450.0125732421875,1450.0125732421875,1374800,0.0,0.0
2013-06-06 00:00:00+09:00,1444.5304880462318,1460.976755462318,1442.703125,1442.703125,1880500,0.0,0.0
2013-06-07 00:00:00+09:00,1406.1559675011572,1442.7032311139228,1400.6738779592422,1418.947509765625,475800,0.0,0.0
2013-06-10 00:00:00+09:00,1439.048468048249,1460.0631440895886,1424.429562976013,1454.5810546875,471800,0.0,0.0
2013-06-11 00:00:00+09:00,1434.4799063685603,1450.9261728110025,1422.602047271241,1429.9114990234375,454200,0.0,0.0
2013-06-12 00:00:00+09:00,1424.42986186396,1439.9624517624125,1381.4868192035328,1435.39404296875,1267300,0.0,0.0
2013-06-13 00:00:00+09:00,1434.4799244364754,1434.4799244364754,1377.8316726434425,1393.3642578125,348400,0.0,0.0
2013-06-14 00:00:00+09:00,1402.5010612709227,1418.033646314314,1383.3137503349687,1385.14111328125,439100,0.0,0.0
2013-06-17 00:00:00+09:00,1385.1413719113953,1436.3075439608926,1385.1413719113953,1431.7391357421875,287200,0.0,0.0
2013-06-18 00:00:00+09:00,1434.4799284904234,1437.2209729397682,1388.7958543346774,1416.206298828125,253000,0.0,0.0
2013-06-19 00:00:00+09:00,1430.825180492462,1449.0988098729533,1408.8968252358727,1429.9114990234375,327100,0.0,0.0
2013-06-20 00:00:00+09:00,1409.810490982584,1421.6883499474404,1397.0189505588924,1398.8463134765625,177600,0.0,0.0
2013-06-21 00:00:00+09:00,1393.3640509536585,1420.774491300288,1356.8167971581527,1418.033447265625,227900,0.0,0.0
2013-06-24 00:00:00+09:00,1438.1348218668193,1439.0485034563153,1372.349747423102,1396.10546875,213100,0.0,0.0
2013-06-25 00:00:00+09:00,1387.8823344445352,1427.1706427928664,1375.0907921915903,1396.10546875,348100,0.0,0.0
2013-06-26 00:00:00+09:00,1423.516025985388,1430.8254792638752,1388.7961229125738,1395.19189453125,249200,0.0,0.0
2013-06-27 00:00:00+09:00,1442.7030842082343,1462.8040771484375,1435.3936322299783,1462.8040771484375,726500,0.0,0.0
2013-06-28 00:00:00+09:00,1461.8904820884147,1499.3514256919302,1443.6168510623095,1498.437744140625,798300,0.0,0.0
2013-07-01 00:00:00+09:00,1505.7472453172784,1505.7472453172784,1453.667395206183,1493.869384765625,374800,0.0,0.0
2013-07-02 00:00:00+09:00,1504.8333360826646,1555.9994968723606,1480.1639371304898,1555.0858154296875,776900,0.0,0.0
2013-07-03 00:00:00+09:00,1553.258598786712,1596.201630635521,1533.1576051553545,1594.374267578125,703000,0.0,0.0
2013-07-04 00:00:00+09:00,1588.892197164485,1594.3742864013952,1553.2586171245684,1587.978515625,278800,0.0,0.0
2013-07-05 00:00:00+09:00,1594.3746136530349,1605.3387943772964,1576.100979112599,1600.7703857421875,340900,0.0,0.0
2013-07-08 00:00:00+09:00,1608.0798891850316,1625.439842534188,1589.8062540806561,1596.2020263671875,427400,0.0,0.0
2013-07-09 00:00:00+09:00,1579.7554895615333,1616.3027536346747,1578.8418079597047,1609.906982421875,346000,0.0,0.0
2013-07-10 00:00:00+09:00,1609.906912706013,1668.3825326907945,1608.9932311437508,1651.0225830078125,585400,0.0,0.0
2013-07-11 00:00:00+09:00,1620.8709716796875,1643.7130090483415,1603.5110232795105,1620.8709716796875,284800,0.0,0.0
2013-07-12 00:00:00+09:00,1610.82051927076,1641.8856909413248,1608.0794747115926,1623.612060546875,312700,0.0,0.0
2013-07-16 00:00:00+09:00,1620.8712015629346,1658.3321481604996,1581.5828917167078,1642.799560546875,415300,0.0,0.0
2013-07-17 00:00:00+09:00,1630.0079706304703,1680.2604585142574,1619.9574730537129,1670.2099609375,246900,0.0,0.0
2013-07-18 00:00:00+09:00,1678.4329201485584,1714.980180249779,1672.0371496308449,1712.2391357421875,1949300,0.0,0.0
2013-07-19 00:00:00+09:00,1710.411843901699,1735.994927036981,1681.174034604234,1693.965576171875,365200,0.0,0.0
2013-07-22 00:00:00+09:00,1735.9949078116604,1745.1317231159323,1684.8287421077378,1700.361328125,120900,0.0,0.0
2013-07-23 00:00:00+09:00,1681.1741422058042,1722.2898141619244,1656.504739032132,1715.89404296875,264700,0.0,0.0
2013-07-24 00:00:00+09:00,1714.0668815983952,1714.9805633050041,1677.519613334037,1690.3111572265625,63200,0.0,0.0
2013-07-25 00:00:00+09:00,1703.102524385232,1735.081380798045,1691.2246634319017,1702.1888427734375,362100,0.0,0.0
2013-07-26 00:00:00+09:00,1665.6417101147313,1698.5342507423397,1640.972304644025,1641.885986328125,247200,0.0,0.0
2013-07-29 00:00:00+09:00,1608.0796725456787,1608.0796725456787,1570.6187256284213,1575.1871337890625,228700,0.0,0.0
2013-07-30 00:00:00+09:00,1562.3957985233021,1594.374659896586,1548.690572220466,1580.66943359375,168200,0.0,0.0
2013-07-31 00:00:00+09:00,1573.3596465866872,1576.1006912671517,1534.9850210601826,1552.344970703125,140600,0.0,0.0
2013-08-01 00:00:00+09:00,1562.3953200120193,1612.6478010650374,1553.258505275107,1603.510986328125,445700,0.0,0.0
2013-08-02 00:00:00+09:00,1644.6267934945913,1717.7213176499065,1617.2163469363481,1710.411865234375,605600,0.0,0.0
2013-08-05 00:00:00+09:00,1714.066703726768,1728.6856095154824,1665.6415783016514,1702.1888427734375,309700,0.0,0.0
2013-08-06 00:00:00+09:00,1688.4836326213294,1705.8435833896224,1569.7050221014308,1680.260498046875,216600,0.0,0.0
2013-08-07 00:00:00+09:00,1655.5908800223212,1663.814013532366,1596.2015824497767,1598.942626953125,256500,0.0,0.0
2013-08-08 00:00:00+09:00,1601.683634578506,1652.8497974629304,1600.7699530984269,1611.734130859375,280600,0.0,0.0
2013-08-09 00:00:00+09:00,1598.9429295538769,1621.7849714046465,1589.8061128135691,1602.59765625,344800,0.0,0.0
2013-08-12 00:00:00+09:00,1589.8060497132062,1590.7197313509723,1554.172465840324,1560.5682373046875,115700,0.0,0.0
2013-08-13 00:00:00+09:00,1562.3955092196506,1587.978593581142,1545.03555911721,1585.237548828125,129900,0.0,0.0
2013-08-14 00:00:00+09:00,1587.9787875686084,1617.2166018391467,1575.1872438252478,1612.648193359375,158400,0.0,0.0
2013-08-15 00:00:00+09:00,1595.2879891710563,1632.7489327884753,1571.532268828303,1604.4248046875,133700,0.0,0.0
2013-08-16 00:00:00+09:00,1576.1007713481897,1580.669179381083,1555.0860943968805,1572.446044921875,118200,0.0,0.0
2013-08-19 00:00:00+09:00,1567.8777969043194,1586.1514309008733,1554.1725714069041,1582.4967041015625,67300,0.0,0.0
2013-08-20 00:00:00+09:00,1558.7408442182389,1564.2229339399912,1534.0714404703535,1535.8988037109375,157500,0.0,0.0
2013-08-21 00:00:00+09:00,1541.3808004795196,1551.4312976966355,1509.4019456977867,1537.72607421875,170000,0.0,0.0
2013-08-22 00:00:00+09:00,1537.725911983367,1577.9278966103832,1526.7617343578172,1557.826904296875,149000,0.0,0.0
2013-08-23 00:00:00+09:00,1566.96368241324,1582.4962670202515,1551.431097806228,1570.618408203125,121600,0.0,0.0
2013-08-26 00:00:00+09:00,1571.5325092071057,1590.7198247264948,1565.1367373673095,1581.5830078125,101300,0.0,0.0
2013-08-27 00:00:00+09:00,1572.4460291499586,1576.1007555396156,1543.2082180327018,1548.6903076171875,111900,0.0,0.0
2013-08-28 00:00:00+09:00,1514.8840247442504,1541.3807899538904,1502.0924829189069,1529.5029296875,97400,0.0,0.0
2013-08-29 00:00:00+09:00,1538.6396748946418,1538.6396748946418,1507.5745033112582,1517.625,134300,0.0,0.0
2013-08-30 00:00:00+09:00,1527.6757081738945,1532.2441163921178,1464.631674762412,1477.4232177734375,143300,0.0,0.0
2013-09-02 00:00:00+09:00,1495.6967141885425,1522.193479436843,1483.8188539048217,1499.3514404296875,70900,0.0,0.0
2013-09-03 00:00:00+09:00,1517.6253669994128,1556.9136817381093,1500.2654139753377,1556.0,186600,0.0,0.0
2013-09-04 00:00:00+09:00,1559.65415692858,1575.1867407995735,1530.4163519949452,1566.0499267578125,138300,0.0,0.0
2013-09-05 00:00:00+09:00,1569.7048946942996,1569.7048946942996,1529.5029067044572,1543.2081298828125,153800,0.0,0.0
2013-09-06 00:00:00+09:00,1543.208266249648,1553.258764135229,1510.3157277150196,1521.2799072265625,77800,0.0,0.0
2013-09-09 00:00:00+09:00,1580.669008257215,1589.8058233338463,1547.7764739813424,1577.0142822265625,130800,0.0,0.0
2013-09-10 00:00:00+09:00,1577.9281884222455,1577.9281884222455,1545.035649462662,1560.5682373046875,141400,0.0,0.0
2013-09-11 00:00:00+09:00,1562.395476478944,1571.5322921308675,1533.1576663927883,1537.72607421875,158400,0.0,0.0
2013-09-12 00:00:00+09:00,1538.640070018334,1570.6189313310667,1537.7263882665418,1565.1368408203125,156900,0.0,0.0
2013-09-13 00:00:00+09:00,1565.136635835652,1589.8060399031142,1553.258774617985,1575.1871337890625,313300,0.0,0.0
2013-09-17 00:00:00+09:00,1583.4103480644947,1589.80611981086,1544.1220359082492,1549.6041259765625,169000,0.0,0.0
2013-09-18 00:00:00+09:00,1554.1723706348832,1554.1723706348832,1503.006202054311,1516.71142578125,244400,0.0,0.0
2013-09-19 00:00:00+09:00,1525.848305887725,1537.7261669515217,1511.2293999630522,1535.8988037109375,131800,0.0,0.0
2013-09-20 00:00:00+09:00,1543.208354230197,1553.2588526887714,1521.2799939569438,1549.6041259765625,154300,0.0,0.0
2013-09-24 00:00:00+09:00,1535.898978488514,1550.517886076745,1522.1937526245476,1546.8631591796875,141900,0.0,0.0
2013-09-25 00:00:00+09:00,1547.7768509891055,1608.0798451834862,1539.5537154171445,1593.4609375,257500,0.0,0.0
2013-09-26 00:00:00+09:00,1581.527902345991,1602.6394181637263,1542.058546686747,1599.8857421875,178800,8.0,0.0
2013-09-27 00:00:00+09:00,1599.8860177972533,1653.1237625088086,1596.2144491964566,1648.5343017578125,275400,0.0,0.0
2013-09-30 00:00:00+09:00,1632.012150292423,1650.369992252968,1614.5722004299057,1643.02685546875,189300,0.0,0.0
2013-10-01 00:00:00+09:00,1642.1089633707227,1658.631021135213,1637.5195028805865,1643.02685546875,240900,0.0,0.0
2013-10-02 00:00:00+09:00,1652.20578215843,1665.9741636764172,1606.3111770984738,1618.2437744140625,130500,0.0,0.0
2013-10-03 00:00:00+09:00,1619.1615026056363,1649.451938878871,1607.2289064979984,1626.504638671875,123200,0.0,0.0
2013-10-04 00:00:00+09:00,1620.079477394407,1648.5341311050167,1609.0647727322353,1642.10888671875,179600,0.0,0.0
2013-10-07 00:00:00+09:00,1648.5341909029237,1651.2878671683518,1619.1616440716912,1638.4373779296875,194500,0.0,0.0
2013-10-08 00:00:00+09:00,1618.2438082880578,1632.0121900942522,1602.6396422410373,1627.4227294921875,117800,0.0,0.0
2013-10-09 00:00:00+09:00,1611.818524135824,1643.02685546875,1587.9533295871158,1643.02685546875,139000,0.0,0.0
2013-10-10 00:00:00+09:00,1644.862431880109,1687.0854630556028,1624.668808274438,1684.331787109375,197100,0.0,0.0
2013-10-11 00:00:00+09:00,1696.2645048253676,1725.6370503634694,1696.2645048253676,1716.4581298828125,273300,0.0,0.0
2013-10-15 00:00:00+09:00,1716.4583067198057,1724.719336003484,1693.5110031540328,1698.1004638671875,148400,0.0,0.0
2013-10-16 00:00:00+09:00,1702.6898762976675,1707.2793368806801,1654.9594862343367,1691.6751708984375,81900,0.0,0.0
2013-10-17 00:00:00+09:00,1702.6896868641352,1716.4580670813655,1684.331846574495,1712.7864990234375,131400,0.0,0.0
2013-10-18 00:00:00+09:00,1712.7867313927643,1725.6372213389052,1691.675212195533,1722.883544921875,94300,0.0,0.0
2013-10-21 00:00:00+09:00,1725.63731677188,1751.3382980855038,1651.2880494003257,1735.734130859375,157300,0.0,0.0
2013-10-22 00:00:00+09:00,1742.1593351544075,1756.8456098448555,1682.496344224462,1751.3382568359375,163400,0.0,0.0
2013-10-23 00:00:00+09:00,1757.7633040990586,1769.6959009415064,1716.4581611828926,1718.2939453125,139000,0.0,0.0
2013-10-24 00:00:00+09:00,1712.7864683612263,1743.076904296875,1699.0180883904768,1743.076904296875,65100,0.0,0.0
2013-10-25 00:00:00+09:00,1733.8983085570962,1733.8983085570962,1691.6752687510473,1711.868896484375,155700,0.0,0.0
2013-10-28 00:00:00+09:00,1725.6368271416954,1732.0620706470104,1695.3463934737827,1728.3905029296875,85000,0.0,0.0
2013-10-29 00:00:00+09:00,1721.9657028875693,1743.0772226990907,1703.6078595732029,1736.6519775390625,137300,0.0,0.0
2013-10-30 00:00:00+09:00,1737.5699522110963,1766.0246106994978,1734.8162755831866,1759.599365234375,217900,0.0,0.0
2013-10-31 00:00:00+09:00,1752.256421774972,1758.6816679522506,1734.8164678652158,1738.488037109375,127200,0.0,0.0
2013-11-01 00:00:00+09:00,1738.4878676211829,1739.4057598427357,1704.5258554237257,1732.0626220703125,183700,0.0,0.0
2013-11-05 00:00:00+09:00,1741.2412869435436,1741.2412869435436,1665.974135900122,1702.6898193359375,225600,0.0,0.0
2013-11-06 00:00:00+09:00,1716.458316685416,1748.5845418640201,1716.458316685416,1727.4730224609375,170600,0.0,0.0
2013-11-07 00:00:00+09:00,1730.226581912799,1732.0623660845897,1699.9361430782512,1702.6898193359375,120100,0.0,0.0
2013-11-08 00:00:00+09:00,1555.8271899276904,1644.8627282303369,1555.8271899276904,1633.8480224609375,259000,0.0,0.0
2013-11-11 00:00:00+09:00,1665.9742793330438,1665.9742793330438,1610.9007494377367,1635.683837890625,197400,0.0,0.0
2013-11-12 00:00:00+09:00,1642.1091164180211,1649.4522538866315,1615.4902430943082,1644.86279296875,211200,0.0,0.0
2013-11-13 00:00:00+09:00,1645.780540324146,1656.795245557771,1616.4079930344792,1625.5869140625,197300,0.0,0.0
2013-11-14 00:00:00+09:00,1622.8332349200582,1633.8479401344478,1592.5427955804869,1618.2437744140625,184800,0.0,0.0
2013-11-15 00:00:00+09:00,1633.8479085702372,1639.3552610710358,1597.1322252315802,1616.407958984375,277700,0.0,0.0
2013-11-18 00:00:00+09:00,1621.9154558363573,1628.340700992472,1582.4460927345103,1588.871337890625,196300,0.0,0.0
2013-11-19 00:00:00+09:00,1567.7594624456958,1591.6246533260169,1562.2521107040834,1571.4310302734375,224400,0.0,0.0
2013-11-20 00:00:00+09:00,1569.5954245174632,1594.3785101677388,1553.0733674172793,1560.41650390625,334800,0.0,0.0
2013-11-21 00:00:00+09:00,1560.4166666666665,1571.4313725490194,1542.0588235294117,1544.8125,223500,0.0,0.0
2013-11-22 00:00:00+09:00,1544.812478185991,1554.909291768906,1521.865174588457,1525.5367431640625,332600,0.0,0.0
2013-11-25 00:00:00+09:00,1535.6335687296526,1535.6335687296526,1501.6715591402938,1515.43994140625,292700,0.0,0.0
2013-11-26 00:00:00+09:00,1509.0143615722657,1553.9910669962564,1509.0143615722657,1542.0584716796875,417900,0.0,0.0
2013-11-27 00:00:00+09:00,1542.0590732461549,1602.6399654093966,1542.0590732461549,1581.5284423828125,375900,0.0,0.0
2013-11-28 00:00:00+09:00,1581.528188641939,1613.6544141802258,1581.528188641939,1598.9681396484375,332100,0.0,0.0
2013-11-29 00:00:00+09:00,1597.1322363281251,1610.9006176757814,1594.3785600585938,1606.3111572265625,260700,0.0,0.0
2013-12-02 00:00:00+09:00,1632.9301327698984,1661.3847893836514,1630.176456323406,1641.191162109375,287900,0.0,0.0
2013-12-03 00:00:00+09:00,1633.8479287406637,1641.1910654990488,1613.654302655105,1628.340576171875,239700,0.0,0.0
2013-12-04 00:00:00+09:00,1628.3404226884347,1646.6982628540316,1617.3257185890766,1626.504638671875,316200,0.0,0.0
2013-12-05 00:00:00+09:00,1632.0123059996338,1639.3554434844466,1599.886079503578,1605.3934326171875,192900,0.0,0.0
2013-12-06 00:00:00+09:00,1581.528167103973,1611.818607913277,1571.4313535008714,1579.6923828125,207800,0.0,0.0
2013-12-09 00:00:00+09:00,1597.1323963994564,1620.0797009454257,1575.102984035326,1583.364013671875,187300,0.0,0.0
2013-12-10 00:00:00+09:00,1583.363888828853,1600.8038389087071,1574.184967734193,1576.020751953125,124200,0.0,0.0
2013-12-11 00:00:00+09:00,1560.4168082183262,1568.677838379482,1544.812640136143,1556.7452392578125,332300,0.0,0.0
2013-12-12 00:00:00+09:00,1550.3197647372158,1550.3197647372158,1507.1788358191286,1514.52197265625,451500,0.0,0.0
2013-12-13 00:00:00+09:00,1497.082040034216,1510.8504217635314,1475.9705213825991,1479.64208984375,655200,0.0,0.0
2013-12-16 00:00:00+09:00,1531.0440426016212,1537.4692873847216,1462.2021342112605,1464.955810546875,323600,0.0,0.0
2013-12-17 00:00:00+09:00,1479.6421285962301,1509.9325691940437,1479.6421285962301,1503.50732421875,336900,0.0,0.0
2013-12-18 00:00:00+09:00,1531.044242189799,1566.8420392194166,1527.3726732636844,1559.4989013671875,554800,0.0,0.0
2013-12-19 00:00:00+09:00,1560.4165864531997,1561.334478562878,1531.0440389434925,1536.5513916015625,242100,0.0,0.0
2013-12-20 00:00:00+09:00,1532.879843607436,1543.8945490704834,1501.671511462135,1509.0146484375,285300,0.0,0.0
2013-12-24 00:00:00+09:00,1500.7535419464111,1511.7682468414307,1450.2694778442383,1468.6273193359375,244200,0.0,0.0
2013-12-25 00:00:00+09:00,1459.448423830588,1470.4631289161018,1447.5158266546146,1455.77685546875,284000,0.0,0.0
2013-12-26 00:00:00+09:00,1466.7916386456425,1506.2610006367331,1450.2695801377442,1503.50732421875,176900,0.0,0.0
2013-12-27 00:00:00+09:00,1503.50722829067,1533.7976669558666,1492.4925233215076,1530.1260986328125,210500,0.0,0.0
2013-12-30 00:00:00+09:00,1545.7300887184167,1555.8269004618267,1514.5217615115128,1548.4837646484375,127900,0.0,0.0
2014-01-06 00:00:00+09:00,1558.5810237380695,1578.7746530208947,1544.812640136143,1556.7452392578125,228900,0.0,0.0
2014-01-07 00:00:00+09:00,1558.5811347452209,1587.953688521338,1553.0737809121988,1581.5284423828125,243700,0.0,0.0
2014-01-08 00:00:00+09:00,1587.0354429732922,1592.5427955804869,1563.1702483421147,1578.7744140625,179000,0.0,0.0
2014-01-09 00:00:00+09:00,1589.7893040390143,1636.601806640625,1581.528274168142,1636.601806640625,287100,0.0,0.0
2014-01-10 00:00:00+09:00,1637.5195028805865,1645.7805317628315,1601.7217110575243,1643.02685546875,232800,0.0,0.0
2014-01-14 00:00:00+09:00,1606.3111939581272,1642.1089862806225,1585.1996754089632,1622.833251953125,196800,0.0,0.0
2014-01-15 00:00:00+09:00,1646.698346994655,1648.5341311050167,1618.2436932840449,1642.10888671875,216600,0.0,0.0
2014-01-16 00:00:00+09:00,1647.616338535016,1698.1004046182616,1644.8626622032025,1662.3026123046875,336100,0.0,0.0
2014-01-17 00:00:00+09:00,1694.4286419188422,1745.830594219739,1692.592857908096,1740.3232421875,423400,0.0,0.0
2014-01-20 00:00:00+09:00,1747.6668654421542,1747.6668654421542,1708.197498207904,1725.637451171875,136600,0.0,0.0
2014-01-21 00:00:00+09:00,1734.8161477936808,1750.4203142024069,1728.3909028018522,1737.56982421875,127900,0.0,0.0
2014-01-22 00:00:00+09:00,1737.5698673709942,1743.077220357907,1706.3615337784881,1729.308837890625,123900,0.0,0.0
2014-01-23 00:00:00+09:00,1733.8981676327285,1736.6518439180106,1698.100375924059,1707.279296875,148400,0.0,0.0
2014-01-24 00:00:00+09:00,1670.5636522165796,1718.2940422799104,1669.645760099977,1691.6751708984375,247900,0.0,0.0
2014-01-27 00:00:00+09:00,1637.5195842124378,1679.7426228188124,1637.5195842124378,1658.631103515625,215400,0.0,0.0
2014-01-28 00:00:00+09:00,1632.9299661669404,1688.0034894777984,1632.9299661669404,1642.10888671875,243800,0.0,0.0
2014-01-29 00:00:00+09:00,1652.205917210255,1702.6899869027905,1652.205917210255,1701.7720947265625,174300,0.0,0.0
2014-01-30 00:00:00+09:00,1633.847912247344,1676.9888402673582,1633.847912247344,1663.220458984375,190400,0.0,0.0
2014-01-31 00:00:00+09:00,1661.3848752938804,1683.4142880049594,1643.9449235642762,1671.481689453125,146600,0.0,0.0
2014-02-03 00:00:00+09:00,1643.9447814941407,1681.5783582899305,1625.586939154731,1652.205810546875,202700,0.0,0.0
2014-02-04 00:00:00+09:00,1653.1236542990537,1681.578309092652,1622.8332153252231,1645.780517578125,552900,0.0,0.0
2014-02-05 00:00:00+09:00,1682.4963187081473,1687.0857794793098,1633.8480345338255,1670.563720703125,380000,0.0,0.0
2014-02-06 00:00:00+09:00,1724.7193991322606,1724.7193991322606,1680.6605746733205,1701.7720947265625,285200,0.0,0.0
2014-02-07 00:00:00+09:00,1729.3083948590183,1741.2409899403171,1691.67482575646,1728.3905029296875,294400,0.0,0.0
2014-02-10 00:00:00+09:00,1741.2416112516319,1777.0394092689296,1721.9658738577025,1757.763671875,254800,0.0,0.0
2014-02-12 00:00:00+09:00,1771.5317440523029,1797.2327227224916,1757.7633626218446,1786.218017578125,150800,0.0,0.0
2014-02-13 00:00:00+09:00,1802.740229863161,1814.6728281260025,1784.382386381866,1788.053955078125,206600,0.0,0.0
2014-02-14 00:00:00+09:00,1780.7107076019618,1802.740118417656,1744.9129150264584,1777.95703125,228100,0.0,0.0
2014-02-17 00:00:00+09:00,1778.8749929180583,1804.575973207896,1764.1887184667223,1803.6580810546875,147200,0.0,0.0
2014-02-18 00:00:00+09:00,1786.2181817712917,1827.523329859528,1766.0245538170427,1824.7696533203125,164200,0.0,0.0
2014-02-19 00:00:00+09:00,1828.4414032847292,1833.9487569090809,1794.4793892678945,1813.755126953125,166500,0.0,0.0
2014-02-20 00:00:00+09:00,1822.9336501472264,1844.9630598166793,1797.2326721995314,1811.9189453125,255500,0.0,0.0
2014-02-21 00:00:00+09:00,1829.359101205221,1886.2684159441692,1829.359101205221,1881.678955078125,208800,0.0,0.0
2014-02-24 00:00:00+09:00,1879.8429549902153,1894.5292280760764,1847.7167326148942,1876.17138671875,217900,0.0,0.0
2014-02-25 00:00:00+09:00,1926.655540499368,1973.4680381484714,1833.9484373119283,1906.4619140625,397900,0.0,0.0
2014-02-26 00:00:00+09:00,1915.6405980389818,1992.7435257990558,1915.6405980389818,1953.274169921875,382500,0.0,0.0
2014-02-27 00:00:00+09:00,1933.998468789622,1950.5205250013985,1895.4470042954765,1922.9837646484375,268500,0.0,0.0
2014-02-28 00:00:00+09:00,1922.066162109375,1933.9987600594332,1888.1041525592093,1922.066162109375,283600,0.0,0.0
2014-03-03 00:00:00+09:00,1898.2007537559366,1941.3416799776624,1833.0304183997125,1884.432373046875,304200,0.0,0.0
2014-03-04 00:00:00+09:00,1860.5675362157458,1925.7378840555673,1856.8959673233614,1923.902099609375,275600,0.0,0.0
2014-03-05 00:00:00+09:00,1947.7672429488875,1989.9902840307202,1918.394692631091,1949.60302734375,233000,0.0,0.0
2014-03-06 00:00:00+09:00,1958.7819785027148,1962.4535473471435,1927.5736433250709,1944.095703125,183200,0.0,0.0
2014-03-07 00:00:00+09:00,1972.5499371492049,1980.8109652712815,1949.602636810103,1962.453125,254600,0.0,0.0
2014-03-10 00:00:00+09:00,1973.4681034624914,1979.8933484505087,1951.438692075003,1956.946044921875,167200,0.0,0.0
2014-03-11 00:00:00+09:00,1927.5731433037274,1972.5498499808143,1927.5731433037274,1971.6319580078125,259000,0.0,0.0
2014-03-12 00:00:00+09:00,1927.5735198829977,1964.2892059760072,1921.1482748167211,1936.75244140625,210100,0.0,0.0
2014-03-13 00:00:00+09:00,1936.7525944565282,1961.535684527773,1922.9842110836144,1938.58837890625,106100,0.0,0.0
2014-03-14 00:00:00+09:00,1901.872529446226,1906.4619901833066,1860.5673828125,1860.5673828125,242800,0.0,0.0
2014-03-17 00:00:00+09:00,1846.798853296656,1861.4851264839058,1827.5231197383907,1833.9483642578125,193900,0.0,0.0
2014-03-18 00:00:00+09:00,1864.238832036049,1886.2682421635059,1822.933688047067,1867.910400390625,174900,0.0,0.0
2014-03-19 00:00:00+09:00,1852.3062148881831,1874.3356247778345,1830.2768049985318,1855.977783203125,180000,0.0,0.0
2014-03-20 00:00:00+09:00,1910.133436468251,1943.1775516594366,1862.4030478587608,1867.910400390625,445600,0.0,0.0
2014-03-24 00:00:00+09:00,1886.2684038320483,1912.8872766841794,1878.0073743262144,1891.7757568359375,509100,0.0,0.0
2014-03-25 00:00:00+09:00,1893.6115005977802,1961.5355195237307,1860.567383282453,1907.3798828125,339300,0.0,0.0
2014-03-26 00:00:00+09:00,1924.8196677558435,1943.1775091269055,1905.5439343162284,1915.6407470703125,248400,0.0,0.0
2014-03-27 00:00:00+09:00,1942.3622967164908,1980.140690533083,1917.4838422519058,1975.5335693359375,316300,8.0,0.0
2014-03-28 00:00:00+09:00,1971.847674105573,1971.847674105573,1911.9551045649832,1965.397705078125,204400,0.0,0.0
2014-03-31 00:00:00+09:00,1970.926293341668,2018.8403500287961,1948.8121133322245,2012.390380859375,302300,0.0,0.0
2014-04-01 00:00:00+09:00,2016.997784283194,2018.840632875504,1968.1622965869815,1999.49072265625,226500,0.0,0.0
2014-04-02 00:00:00+09:00,2000.4117707101552,2034.504463255653,1983.826136498832,1996.72607421875,280700,0.0,0.0
2014-04-03 00:00:00+09:00,2003.1762107461066,2023.447543145561,1970.004939546999,1974.612060546875,178700,0.0,0.0
2014-04-04 00:00:00+09:00,1979.21922945689,2005.0191076807228,1970.0049872340926,1988.4334716796875,223300,0.0,0.0
2014-04-07 00:00:00+09:00,1979.2193222841381,1984.7478678771106,1936.8338060713493,1944.2052001953125,152400,0.0,0.0
2014-04-08 00:00:00+09:00,1930.383414480009,1934.9905348009636,1888.9193315914167,1894.4478759765625,196600,0.0,0.0
2014-04-09 00:00:00+09:00,1863.1198260316755,1898.133947391321,1835.4770986424815,1861.2769775390625,338100,0.0,0.0
2014-04-10 00:00:00+09:00,1874.1768785453887,1904.5838780498125,1847.455575950592,1850.2198486328125,135200,0.0,0.0
2014-04-11 00:00:00+09:00,1816.1268610174006,1868.6480335582387,1798.6198035037878,1824.419677734375,133600,0.0,0.0
2014-04-14 00:00:00+09:00,1804.148342792429,1834.5553373338744,1797.6983742533346,1800.462646484375,148700,0.0,0.0
2014-04-15 00:00:00+09:00,1806.9127313964102,1847.4553933961256,1793.0913693510527,1821.655517578125,216000,0.0,0.0
2014-04-16 00:00:00+09:00,1835.4770036706973,1852.9840634446648,1815.2056713008403,1833.6341552734375,154600,0.0,0.0
2014-04-17 00:00:00+09:00,1834.5555890930757,1842.8484069242347,1805.070014582288,1836.3984375,105300,0.0,0.0
2014-04-18 00:00:00+09:00,1837.319814531603,1841.926935430629,1812.4413616768622,1834.5555419921875,73800,0.0,0.0
2014-04-21 00:00:00+09:00,1841.0055488624764,1875.0982442117815,1827.1841858830285,1833.6341552734375,87500,0.0,0.0
2014-04-22 00:00:00+09:00,1844.6911898470737,1884.3124291894433,1841.0054931640625,1841.0054931640625,126600,0.0,0.0
2014-04-23 00:00:00+09:00,1841.005261994166,1859.4337430952087,1834.5552936088009,1855.748046875,67500,0.0,0.0
2014-04-24 00:00:00+09:00,1862.1983922789107,1875.0983316613474,1851.1413013796791,1858.5126953125,155700,0.0,0.0
2014-04-25 00:00:00+09:00,1870.4911104159721,1926.6979861476837,1797.6985992224443,1899.9766845703125,139400,0.0,0.0
2014-04-28 00:00:00+09:00,1888.9194084355724,1907.34789046909,1877.8623192154616,1904.5836181640625,129100,0.0,0.0
2014-04-30 00:00:00+09:00,1907.3480781088977,1916.562320032129,1887.9981700701119,1899.9766845703125,172100,0.0,0.0
2014-05-01 00:00:00+09:00,1934.9908209466314,1987.5120003723257,1934.0693967461807,1986.590576171875,151700,0.0,0.0
2014-05-02 00:00:00+09:00,1966.3192679268973,1966.3192679268973,1925.776602608817,1934.9908447265625,198700,0.0,0.0
2014-05-07 00:00:00+09:00,1934.9904926006611,1936.833340688852,1888.9192903958835,1916.56201171875,297000,0.0,0.0
2014-05-08 00:00:00+09:00,1911.0334604655725,1939.5976057280764,1911.0334604655725,1925.7762451171875,139700,0.0,0.0
2014-05-09 00:00:00+09:00,1906.426767706928,1945.1265860944056,1905.5053434596073,1921.1695556640625,148000,0.0,0.0
2014-05-12 00:00:00+09:00,1884.3122994137477,1884.3122994137477,1661.3276654488934,1714.770263671875,737600,0.0,0.0
2014-05-13 00:00:00+09:00,1753.4703564705467,1807.8343874909158,1729.513325851401,1782.9559326171875,418700,0.0,0.0
2014-05-14 00:00:00+09:00,1778.3485107421875,1812.441202398903,1758.9986046667543,1778.3485107421875,274800,0.0,0.0
2014-05-15 00:00:00+09:00,1771.8987057300326,1772.8201299139794,1717.534678877161,1732.2774658203125,238500,0.0,0.0
2014-05-16 00:00:00+09:00,1697.263151459671,1735.041538652856,1676.0703976683722,1722.1416015625,336800,0.0,0.0
2014-05-19 00:00:00+09:00,1732.2774670455294,1776.5058279062664,1728.5917703071348,1744.2559814453125,233100,0.0,0.0
2014-05-20 00:00:00+09:00,1754.3916733762746,1754.3916733762746,1708.3204634661836,1716.61328125,245900,0.0,0.0
2014-05-21 00:00:00+09:00,1700.9489909210706,1719.3774740296412,1644.74211743993,1682.5205078125,342900,0.0,0.0
2014-05-22 00:00:00+09:00,1700.0275150422128,1736.884480137979,1688.0490013860888,1713.848876953125,220400,0.0,0.0
2014-05-23 00:00:00+09:00,1745.1772604400269,1790.32704172913,1740.5701399003226,1771.8985595703125,342600,0.0,0.0
2014-05-26 00:00:00+09:00,1778.3485481416456,1789.4056375601428,1736.8844628222807,1777.4271240234375,238700,0.0,0.0
2014-05-27 00:00:00+09:00,1781.112812736712,1816.1269290760783,1772.8199957089673,1786.641357421875,147400,0.0,0.0
2014-05-28 00:00:00+09:00,1800.4629185446715,1817.9699786533454,1783.8772826522436,1796.7772216796875,150900,0.0,0.0
2014-05-29 00:00:00+09:00,1794.0129490309496,1824.4199481670673,1771.8987678410456,1796.7772216796875,165300,0.0,0.0
2014-05-30 00:00:00+09:00,1804.1485318214036,1819.8127427718448,1789.4057450445177,1807.834228515625,158600,0.0,0.0
2014-06-02 00:00:00+09:00,1829.9480587098658,1849.2979626539277,1784.7982828403876,1813.3624267578125,264100,0.0,0.0
2014-06-03 00:00:00+09:00,1813.3629330184108,1814.2843572729935,1761.7631747617895,1782.9559326171875,291200,0.0,0.0
2014-06-04 00:00:00+09:00,1784.7984264867164,1786.6412746297074,1727.6701340539976,1752.548583984375,395900,0.0,0.0
2014-06-05 00:00:00+09:00,1780.1915648523038,1803.2271699875562,1749.7845660737707,1767.2916259765625,310000,0.0,0.0
2014-06-06 00:00:00+09:00,1789.4057506905908,1805.9913858669197,1770.0558429848738,1774.6629638671875,195000,0.0,0.0
2014-06-09 00:00:00+09:00,1789.405835190537,1796.7772289503332,1759.920260151352,1763.60595703125,136700,0.0,0.0
2014-06-10 00:00:00+09:00,1770.0557113544307,1791.248465837071,1767.2914390306082,1771.8985595703125,141700,0.0,0.0
2014-06-11 00:00:00+09:00,1782.9558592381916,1816.127131037972,1772.8201928549254,1808.7557373046875,195700,0.0,0.0
2014-06-12 00:00:00+09:00,1783.8772250663174,1795.8557394908328,1770.9772864553006,1780.1915283203125,107900,0.0,0.0
2014-06-13 00:00:00+09:00,1770.9771376680735,1787.5627716316665,1747.0201108317729,1783.8770751953125,190500,0.0,0.0
2014-06-16 00:00:00+09:00,1782.9555331607546,1786.641229353335,1752.5485395719666,1762.6842041015625,140800,0.0,0.0
2014-06-17 00:00:00+09:00,1761.7631747617895,1794.013023672178,1761.7631747617895,1782.9559326171875,110000,0.0,0.0
2014-06-18 00:00:00+09:00,1765.4486636755603,1777.4271775731502,1747.0201807561912,1758.0772705078125,203900,0.0,0.0
2014-06-19 00:00:00+09:00,1747.0201108317729,1784.7984993044008,1738.7272938499766,1783.8770751953125,225900,0.0,0.0
2014-06-20 00:00:00+09:00,1783.8771420074588,1799.54135244864,1771.8986281406733,1791.24853515625,240700,0.0,0.0
2014-06-23 00:00:00+09:00,1796.7770464707003,1826.2626185153476,1789.4056534595384,1816.126953125,224000,0.0,0.0
2014-06-24 00:00:00+09:00,1824.4198067732684,1893.526617635892,1824.4198067732684,1872.3338623046875,326400,0.0,0.0
2014-06-25 00:00:00+09:00,1863.1197231401932,1877.8625102669207,1854.8269053814088,1866.805419921875,145200,0.0,0.0
2014-06-26 00:00:00+09:00,1878.7840382188854,1878.7840382188854,1840.0842198740138,1861.2769775390625,172200,0.0,0.0
2014-06-27 00:00:00+09:00,1861.2767511662475,1878.783809716821,1827.184058199341,1854.8267822265625,142100,0.0,0.0
2014-06-30 00:00:00+09:00,1863.1196499590428,1884.312405621287,1845.6125909337104,1880.626708984375,128300,0.0,0.0
2014-07-01 00:00:00+09:00,1881.5480231849324,1906.426474030179,1878.783750868794,1895.369384765625,146500,0.0,0.0
2014-07-02 00:00:00+09:00,1898.1335722333263,1910.1120850678083,1878.7836668853165,1894.4478759765625,121000,0.0,0.0
2014-07-03 00:00:00+09:00,1893.5265442401417,1902.7407853313348,1867.7266691848017,1886.1551513671875,134000,0.0,0.0
2014-07-04 00:00:00+09:00,1899.0552019988954,1899.0552019988954,1852.9839937990193,1883.3909912109375,169100,0.0,0.0
2014-07-07 00:00:00+09:00,1902.7410497227854,1906.426746671401,1862.1983832880142,1867.7269287109375,166500,0.0,0.0
2014-07-08 00:00:00+09:00,1859.4339010009764,1859.4339010009764,1830.8697528686523,1842.8482666015625,234100,0.0,0.0
2014-07-09 00:00:00+09:00,1829.948459512879,1849.2983676950394,1824.4199143179762,1845.6126708984375,177200,0.0,0.0
2014-07-10 00:00:00+09:00,1845.6126775387647,1862.1983131831469,1809.677133642603,1812.44140625,160000,0.0,0.0
2014-07-11 00:00:00+09:00,1799.5411539549302,1829.9481473397293,1796.7768818290394,1826.262451171875,113900,0.0,0.0
2014-07-14 00:00:00+09:00,1822.5769181643543,1852.0624901467909,1821.6554940399033,1849.2982177734375,131700,0.0,0.0
2014-07-15 00:00:00+09:00,1842.8484156344553,1863.1197482064345,1822.5770830624763,1827.1842041015625,122600,0.0,0.0
2014-07-16 00:00:00+09:00,1820.7340240166475,1825.3411445227625,1796.7769973848497,1802.3055419921875,172700,0.0,0.0
2014-07-17 00:00:00+09:00,1799.5411821988043,1802.3054543680805,1780.191277013871,1789.405517578125,109600,0.0,0.0
2014-07-18 00:00:00+09:00,1796.7768591428953,1796.7768591428953,1760.8413219600375,1775.5841064453125,127900,0.0,0.0
2014-07-22 00:00:00+09:00,1775.5844543520147,1805.0700290999466,1769.1344848759047,1782.034423828125,120600,0.0,0.0
2014-07-23 00:00:00+09:00,1774.6629166632829,1787.562854790638,1765.4486751437435,1772.820068359375,124600,0.0,0.0
2014-07-24 00:00:00+09:00,1776.5057156274556,1778.348563880181,1748.8629918365718,1758.9986572265625,120100,0.0,0.0
2014-07-25 00:00:00+09:00,1764.527186368524,1778.3485481416456,1751.6272487136105,1777.4271240234375,68300,0.0,0.0
2014-07-28 00:00:00+09:00,1796.7770621936668,1807.8341518071663,1786.6413967146254,1797.698486328125,103500,0.0,0.0
2014-07-29 00:00:00+09:00,1871.4125364355764,1876.9410815949134,1816.1270848422064,1818.891357421875,185200,0.0,0.0
2014-07-30 00:00:00+09:00,1810.598566506551,1836.3984442990109,1798.6200518171947,1803.2271728515625,125700,0.0,0.0
2014-07-31 00:00:00+09:00,1805.9912758751598,1816.126941198949,1794.0127623106816,1801.3841552734375,151800,0.0,0.0
2014-08-01 00:00:00+09:00,1764.5273812512246,1808.755743810002,1756.234563271454,1763.60595703125,215800,0.0,0.0
2014-08-04 00:00:00+09:00,1800.4626953608927,1873.2551994210312,1789.405606136568,1859.433837890625,302200,0.0,0.0
2014-08-05 00:00:00+09:00,1859.4338910709816,1859.4338910709816,1830.8697430911993,1840.083984375,187500,0.0,0.0
2014-08-06 00:00:00+09:00,1831.7912091936385,1831.7912091936385,1794.9342432138872,1805.9913330078125,162200,0.0,0.0
2014-08-07 00:00:00+09:00,1807.8341555327675,1823.4983658508393,1795.8556417601242,1821.655517578125,103700,0.0,0.0
2014-08-08 00:00:00+09:00,1802.3054033248734,1821.655307961797,1750.7056576264108,1775.5841064453125,124800,0.0,0.0
2014-08-11 00:00:00+09:00,1785.7199569539573,1817.9698013777904,1779.2699880691907,1816.126953125,141500,0.0,0.0
2014-08-12 00:00:00+09:00,1823.4983579177742,1836.3982957706537,1799.541330476712,1830.8697509765625,104700,0.0,0.0
2014-08-13 00:00:00+09:00,1830.8698258791524,1832.712674219242,1802.3056766077614,1829.0269775390625,90400,0.0,0.0
2014-08-14 00:00:00+09:00,1815.2054916288982,1838.2410943145442,1801.3841300175106,1817.04833984375,103900,0.0,0.0
2014-08-15 00:00:00+09:00,1817.0483908691406,1844.691114868164,1813.3626943359375,1842.8482666015625,88700,0.0,0.0
2014-08-18 00:00:00+09:00,1837.3197964810513,1853.9054315546016,1831.7912514565346,1841.0054931640625,101800,0.0,0.0
2014-08-19 00:00:00+09:00,1855.7483199794165,1867.7268344579331,1823.498473306487,1864.0411376953125,75600,0.0,0.0
2014-08-20 00:00:00+09:00,1863.1196191116037,1884.3123744229622,1854.8268018158549,1860.3553466796875,129500,0.0,0.0
2014-08-21 00:00:00+09:00,1870.491108173003,1883.3910468500583,1851.1412001574204,1876.0196533203125,106200,0.0,0.0
2014-08-22 00:00:00+09:00,1869.569493023515,1879.7051580916561,1852.0624351785436,1856.6695556640625,69600,0.0,0.0
2014-08-25 00:00:00+09:00,1847.4551900735983,1857.590854458042,1829.0267093746097,1844.69091796875,113800,0.0,0.0
2014-08-26 00:00:00+09:00,1840.0841430110036,1848.3769608813586,1817.9699620233903,1827.1842041015625,71200,0.0,0.0
2014-08-27 00:00:00+09:00,1827.1841954653787,1846.5341037380833,1816.1271050238333,1836.3984375,78400,0.0,0.0
2014-08-28 00:00:00+09:00,1822.5767808931232,1867.7265595906779,1815.205388452706,1855.748046875,134000,0.0,0.0
2014-08-29 00:00:00+09:00,1844.6909582143744,1864.0408633704692,1844.6909582143744,1855.748046875,62500,0.0,0.0
2014-09-01 00:00:00+09:00,1848.3766203810712,1877.862189599513,1848.3766203810712,1868.64794921875,116900,0.0,0.0
2014-09-02 00:00:00+09:00,1876.9408981345782,1877.862322237737,1846.5339027303362,1871.412353515625,114100,0.0,0.0
2014-09-03 00:00:00+09:00,1879.7052376126471,1888.9194789734934,1871.4124203878855,1878.7838134765625,127300,0.0,0.0
2014-09-04 00:00:00+09:00,1871.412625659553,1879.705443793938,1853.9055651536291,1867.7269287109375,115700,0.0,0.0
2014-09-05 00:00:00+09:00,1883.3911594504177,1883.3911594504177,1839.1627956277073,1861.2769775390625,132100,0.0,0.0
2014-09-08 00:00:00+09:00,1880.6266243130551,1916.5621649050245,1874.1766554888557,1879.7052001953125,192500,0.0,0.0
2014-09-09 00:00:00+09:00,1887.997866351788,1931.304796424279,1878.7836259108324,1916.56201171875,201200,0.0,0.0
2014-09-10 00:00:00+09:00,1906.4265835009696,1941.4407015159707,1890.7623728100482,1937.7550048828125,135500,0.0,0.0
2014-09-11 00:00:00+09:00,1943.2834550004281,1962.6333613802333,1927.6192450739193,1934.0692138671875,176700,0.0,0.0
2014-09-12 00:00:00+09:00,1944.2048637098499,1959.8690735122516,1929.462078013472,1952.4976806640625,207400,0.0,0.0
2014-09-16 00:00:00+09:00,1957.1051306382665,1964.4765247272994,1934.9909483711674,1953.41943359375,160600,0.0,0.0
2014-09-17 00:00:00+09:00,1954.3408301946545,2004.0977395914067,1940.5194664733344,1969.0836181640625,199100,0.0,0.0
2014-09-18 00:00:00+09:00,1986.5900918301925,2030.8184426687126,1986.5900918301925,1998.568603515625,198600,0.0,0.0
2014-09-19 00:00:00+09:00,1994.8827583021155,2040.9539536439656,1946.9687151465912,2023.4468994140625,344300,0.0,0.0
2014-09-22 00:00:00+09:00,2035.4262610359317,2089.7902942641435,1958.9480447996336,1972.7694091796875,572000,0.0,0.0
2014-09-24 00:00:00+09:00,1979.2192775835606,2045.5618232008867,1968.1621866473397,2026.2119140625,442400,0.0,0.0
2014-09-25 00:00:00+09:00,2033.583164768044,2033.583164768044,1981.0619865207498,2008.7047119140625,238000,0.0,0.0
2014-09-26 00:00:00+09:00,1968.901002649549,2002.2251380963678,1946.6849123516695,1958.7186279296875,268800,10.0,0.0
2014-09-29 00:00:00+09:00,1961.495914782508,1975.380973169359,1946.6851858365333,1966.124267578125,188900,0.0,0.0
2014-09-30 00:00:00+09:00,1955.015546763233,1966.1235896425696,1922.6170883651682,1941.1304931640625,135400,0.0,0.0
2014-10-01 00:00:00+09:00,1946.684536217608,1955.9412387198315,1916.1374179602703,1918.9144287109375,164800,0.0,0.0
2014-10-02 00:00:00+09:00,1900.4013047892759,1905.0296567249536,1858.7461373681763,1865.225830078125,178900,0.0,0.0
2014-10-03 00:00:00+09:00,1846.7124794697154,1880.03661443759,1837.4557753119725,1850.4151611328125,247700,0.0,0.0
2014-10-06 00:00:00+09:00,1884.6646386473997,1909.6577355253366,1831.9014341273103,1846.712158203125,346500,0.0,0.0
2014-10-07 00:00:00+09:00,1851.3407102772887,1879.1108209314482,1833.7529735296546,1840.232666015625,182100,0.0,0.0
2014-10-08 00:00:00+09:00,1805.0571177691327,1818.0165022043984,1780.989689532211,1805.9827880859375,232200,0.0,0.0
2014-10-09 00:00:00+09:00,1808.7599462915964,1820.7936613897493,1779.138493742297,1783.766845703125,132300,0.0,0.0
2014-10-10 00:00:00+09:00,1758.773709326675,1783.7668094065805,1699.5308054335662,1706.010498046875,361800,0.0,0.0
2014-10-14 00:00:00+09:00,1659.7267177134252,1696.7535268090955,1651.3956856668995,1656.94970703125,393000,0.0,0.0
2014-10-15 00:00:00+09:00,1671.7608210344722,1691.1999003488265,1654.1730826071991,1665.2811279296875,224600,0.0,0.0
2014-10-16 00:00:00+09:00,1634.7338889585722,1656.949978049742,1610.666459109805,1614.369140625,217700,0.0,0.0
2014-10-17 00:00:00+09:00,1610.6665196480253,1619.9232237839335,1573.6397031043925,1579.1937255859375,352600,0.0,0.0
2014-10-20 00:00:00+09:00,1618.0718210247505,1625.4771840500355,1598.6327430833778,1624.551513671875,348700,0.0,0.0
2014-10-21 00:00:00+09:00,1622.7000298505664,1627.3283813333119,1564.3828011679732,1575.4908447265625,352700,0.0,0.0
2014-10-22 00:00:00+09:00,1584.7477625519905,1588.450444240196,1529.2075372289066,1557.9033203125,577000,0.0,0.0
2014-10-23 00:00:00+09:00,1571.7881633270852,1615.2946672589892,1564.3828009556973,1585.6732177734375,533100,0.0,0.0
2014-10-24 00:00:00+09:00,1610.6663155611043,1614.3689967463022,1585.6732175610182,1595.8555908203125,317300,0.0,0.0
2014-10-27 00:00:00+09:00,1373.694777669913,1410.7215910841962,1369.9920963284846,1407.944580078125,1109300,0.0,0.0
2014-10-28 00:00:00+09:00,1360.735434618863,1364.4381160736084,1283.9047944329002,1303.3438720703125,1460100,0.0,0.0
2014-10-29 00:00:00+09:00,1307.0463222927517,1335.742098490397,1287.6072480943467,1332.965087890625,1034200,0.0,0.0
2014-10-30 00:00:00+09:00,1333.8910529476473,1338.5194049703664,1282.979180697737,1288.533203125,846200,0.0,0.0
2014-10-31 00:00:00+09:00,1300.5667938767817,1335.74226588199,1298.7154532449288,1319.0802001953125,658400,0.0,0.0
2014-11-04 00:00:00+09:00,1357.032534152101,1370.9175873664813,1309.823353223208,1310.7490234375,693100,0.0,0.0
2014-11-05 00:00:00+09:00,1316.3033447265625,1330.1884011055347,1303.343958772855,1316.3033447265625,543000,0.0,0.0
2014-11-06 00:00:00+09:00,1328.3369718898427,1336.6680051630194,1297.7898498881948,1303.3438720703125,373500,0.0,0.0
2014-11-07 00:00:00+09:00,1319.0802440962977,1331.113958603843,1297.7898261214102,1325.5599365234375,559100,0.0,0.0
2014-11-10 00:00:00+09:00,1330.1882096995478,1374.6203837187395,1328.3368691154149,1362.586669921875,648400,0.0,0.0
2014-11-11 00:00:00+09:00,1362.5866589851826,1362.5866589851826,1320.9314961765324,1343.1475830078125,439100,0.0,0.0
2014-11-12 00:00:00+09:00,1358.8837863610822,1369.0661580572485,1337.593372814553,1338.51904296875,324200,0.0,0.0
2014-11-13 00:00:00+09:00,1334.8164072581512,1347.7757898528905,1325.559705404766,1344.998779296875,233600,0.0,0.0
2014-11-14 00:00:00+09:00,1369.99208715476,1381.1001311046634,1353.3300212299048,1378.3231201171875,485100,0.0,0.0
2014-11-17 00:00:00+09:00,1375.5461537576284,1388.5055387863006,1367.2151205249106,1374.6204833984375,534800,0.0,0.0
2014-11-18 00:00:00+09:00,1391.2825489554177,1401.4649228998685,1376.4718232180346,1384.8028564453125,409600,0.0,0.0
2014-11-19 00:00:00+09:00,1395.9109898135214,1406.093364407652,1381.1002631311499,1387.5799560546875,297500,0.0,0.0
2014-11-20 00:00:00+09:00,1390.35693359375,1396.8366263601656,1378.3232184561211,1390.35693359375,282500,0.0,0.0
2014-11-21 00:00:00+09:00,1384.802821694198,1413.4986020902677,1381.1001403527696,1407.944580078125,263400,0.0,0.0
2014-11-25 00:00:00+09:00,1411.6474289916107,1424.6068152249763,1403.316394984447,1404.2420654296875,339700,0.0,0.0
2014-11-26 00:00:00+09:00,1410.7215682804351,1423.680952765951,1409.7958979600412,1419.978271484375,218300,0.0,0.0
2014-11-27 00:00:00+09:00,1420.9040766351327,1429.2351103092149,1406.093350103431,1408.870361328125,239600,0.0,0.0
2014-11-28 00:00:00+09:00,1406.093272017684,1428.3093605814922,1405.1676016608587,1415.3499755859375,235100,0.0,0.0
2014-12-01 00:00:00+09:00,1407.0191220361037,1419.0528382114126,1394.985405860795,1400.5394287109375,328500,0.0,0.0
2014-12-02 00:00:00+09:00,1402.3907020674324,1413.4987472323228,1376.471930016021,1406.0933837890625,375600,0.0,0.0
2014-12-03 00:00:00+09:00,1416.275865131779,1433.8636046334154,1405.1678191307453,1427.3839111328125,609200,0.0,0.0
2014-12-04 00:00:00+09:00,1434.7889293323863,1451.4509943181818,1432.0119185014205,1445.89697265625,178500,0.0,0.0
2014-12-05 00:00:00+09:00,1453.3021940164897,1489.4033313200841,1448.6738430801315,1488.4776611328125,489300,0.0,0.0
2014-12-08 00:00:00+09:00,1499.5859375,1508.8426408179014,1481.9982011959878,1499.5859375,246500,0.0,0.0
2014-12-09 00:00:00+09:00,1493.1063681555654,1521.8021508045565,1483.8496640752458,1489.4036865234375,353300,0.0,0.0
2014-12-10 00:00:00+09:00,1506.9915564993648,1581.970866128633,1490.3294876928608,1548.646728515625,1134700,0.0,0.0
2014-12-11 00:00:00+09:00,1543.0925530614704,1555.1262682323156,1519.9507931175372,1531.058837890625,552400,0.0,0.0
2014-12-12 00:00:00+09:00,1515.322500237088,1531.0588976127938,1493.1064098243266,1506.0657958984375,375600,0.0,0.0
2014-12-15 00:00:00+09:00,1480.1468605324073,1514.396662808642,1480.1468605324073,1499.5859375,323200,0.0,0.0
2014-12-16 00:00:00+09:00,1481.9983048626377,1492.180679224592,1457.0052041560223,1460.7078857421875,357500,0.0,0.0
2014-12-17 00:00:00+09:00,1463.4849907247753,1511.6198544298281,1455.1539566219778,1493.1064453125,574900,0.0,0.0
2014-12-18 00:00:00+09:00,1519.9507918074323,1556.0519372888514,1517.173780616554,1541.2412109375,494900,0.0,0.0
2014-12-19 00:00:00+09:00,1571.7880752295778,1594.004161098547,1554.2003405833104,1582.8961181640625,512700,0.0,0.0
2014-12-22 00:00:00+09:00,1591.2273268792928,1610.666404171012,1591.2273268792928,1608.8150634765625,336400,0.0,0.0
2014-12-24 00:00:00+09:00,1619.923095703125,1628.2541287667411,1584.7476227678571,1619.923095703125,321100,0.0,0.0
2014-12-25 00:00:00+09:00,1627.328413265758,1638.4364570423159,1604.1866553979285,1633.80810546875,362700,0.0,0.0
2014-12-26 00:00:00+09:00,1644.9163480951545,1661.5784157742276,1626.402939562851,1647.693359375,249200,0.0,0.0
2014-12-29 00:00:00+09:00,1647.6930707575436,1661.5781247246016,1628.2539952036625,1641.21337890625,381200,0.0,0.0
2014-12-30 00:00:00+09:00,1652.3216250166934,1652.3216250166934,1621.7745025373931,1624.551513671875,414300,0.0,0.0
2015-01-05 00:00:00+09:00,1629.1796875,1652.321444424716,1614.3689630681818,1629.1796875,360800,0.0,0.0
2015-01-06 00:00:00+09:00,1601.4097014727038,1628.254141555194,1596.7813497343434,1598.6326904296875,297700,0.0,0.0
2015-01-07 00:00:00+09:00,1598.6328094290488,1623.6259106766367,1590.3017756798529,1618.99755859375,334100,0.0,0.0
2015-01-08 00:00:00+09:00,1626.4029462260585,1643.0650139733941,1603.2611854658696,1606.9638671875,468500,0.0,0.0
2015-01-09 00:00:00+09:00,1608.814974968505,1616.2203373389011,1587.5245581536171,1595.8555908203125,254600,0.0,0.0
2015-01-13 00:00:00+09:00,1587.5248975649467,1610.6666599201208,1578.268192622877,1607.8896484375,287800,0.0,0.0
2015-01-14 00:00:00+09:00,1606.038120764068,1606.038120764068,1580.1193499390572,1593.0787353515625,325000,0.0,0.0
2015-01-15 00:00:00+09:00,1598.6326331061284,1654.1728519748997,1598.6326331061284,1643.990478515625,432500,0.0,0.0
2015-01-16 00:00:00+09:00,1610.6664814823118,1633.8082412737244,1592.1530736491818,1612.517822265625,390100,0.0,0.0
2015-01-19 00:00:00+09:00,1618.99753614564,1632.8825922017777,1614.3691841269276,1620.848876953125,313900,0.0,0.0
2015-01-20 00:00:00+09:00,1619.9229068264237,1628.2539389186738,1603.2608426419233,1615.2945556640625,405000,0.0,0.0
2015-01-21 00:00:00+09:00,1615.2948110037987,1619.9231628977923,1596.781403427824,1614.369140625,337000,0.0,0.0
2015-01-22 00:00:00+09:00,1611.5919298885735,1611.5919298885735,1589.3758435489262,1600.48388671875,362800,0.0,0.0
2015-01-23 00:00:00+09:00,1606.0380196102783,1617.146063549946,1584.7476020592487,1601.40966796875,301600,0.0,0.0
2015-01-26 00:00:00+09:00,1596.7811253154512,1600.4838061857479,1549.5719442191682,1556.0516357421875,538700,0.0,0.0
2015-01-27 00:00:00+09:00,1563.4571091249763,1563.4571091249763,1513.4709138065934,1536.6126708984375,825600,0.0,0.0
2015-01-28 00:00:00+09:00,1531.9844523332722,1549.5721892482766,1519.9507376019535,1535.6871337890625,520800,0.0,0.0
2015-01-29 00:00:00+09:00,1535.6867330494538,1555.1258056197,1508.8422995000662,1528.2813720703125,397900,0.0,0.0
2015-01-30 00:00:00+09:00,1531.9843754455121,1551.4234521127964,1519.0249910006557,1521.802001953125,410300,0.0,0.0
2015-02-02 00:00:00+09:00,1506.06575780193,1554.200619145323,1492.180701645182,1539.389892578125,474000,0.0,0.0
2015-02-03 00:00:00+09:00,1616.2204143415179,1693.0510525948662,1599.5583482142858,1619.923095703125,1115600,0.0,0.0
2015-02-04 00:00:00+09:00,1630.1056366469281,1689.3485445091676,1630.1056366469281,1686.571533203125,715000,0.0,0.0
2015-02-05 00:00:00+09:00,1685.6457643018632,1691.1997865895135,1653.2473009572366,1674.5377197265625,505000,0.0,0.0
2015-02-06 00:00:00+09:00,1681.0175477057599,1727.3010704950154,1681.0175477057599,1723.598388671875,505300,0.0,0.0
2015-02-09 00:00:00+09:00,1731.003440057045,1741.1858132338511,1700.4563205266265,1739.33447265625,459900,0.0,0.0
2015-02-10 00:00:00+09:00,1739.3345696149554,1784.692416294643,1735.6318882533483,1781.9154052734375,408900,0.0,0.0
2015-02-12 00:00:00+09:00,1781.9152381349718,1782.8409083885483,1735.6317254561413,1755.07080078125,658500,0.0,0.0
2015-02-13 00:00:00+09:00,1749.5168454477478,1780.0639649714387,1745.814164293361,1769.881591796875,485600,0.0,0.0
2015-02-16 00:00:00+09:00,1777.2870187404385,1821.7191942089494,1774.5100077736565,1815.239501953125,399500,0.0,0.0
2015-02-17 00:00:00+09:00,1807.8342758994308,1808.7599462915964,1763.4020970754818,1783.766845703125,463500,0.0,0.0
2015-02-18 00:00:00+09:00,1798.577743018025,1831.9018803050292,1790.246708696274,1819.8681640625,432200,0.0,0.0
2015-02-19 00:00:00+09:00,1823.5707428808298,1839.3071401544207,1810.6113568908138,1838.3814697265625,351500,0.0,0.0
2015-02-20 00:00:00+09:00,1832.827203451662,1852.2662798519068,1821.719159794379,1848.5635986328125,335500,0.0,0.0
2015-02-23 00:00:00+09:00,1833.7529846713599,1869.854128741114,1833.7529846713599,1839.3070068359375,274100,0.0,0.0
2015-02-24 00:00:00+09:00,1851.3408524106699,1877.259624344419,1851.3408524106699,1858.7462158203125,244700,0.0,0.0
2015-02-25 00:00:00+09:00,1880.961959076298,1917.9887692943353,1875.4079375435924,1907.806396484375,410900,0.0,0.0
2015-02-26 00:00:00+09:00,1906.8810390166338,1912.4350614603718,1885.5906196489725,1892.0703125,192200,0.0,0.0
2015-02-27 00:00:00+09:00,1888.3675313532995,1903.1782570894038,1868.9284538246625,1890.2188720703125,266300,0.0,0.0
2015-03-02 00:00:00+09:00,1883.738959202488,1928.1711312131608,1876.3335972007092,1918.9144287109375,300500,0.0,0.0
2015-03-03 00:00:00+09:00,1916.1377674367614,1917.9891082748645,1865.2258943889246,1880.03662109375,357100,0.0,0.0
2015-03-04 00:00:00+09:00,1880.9623329978037,1905.9554348634242,1867.0772764057924,1896.69873046875,327100,0.0,0.0
2015-03-05 00:00:00+09:00,1896.6984849209744,1936.5023086650456,1896.6984849209744,1927.24560546875,243500,0.0,0.0
2015-03-06 00:00:00+09:00,1905.9554330770252,1906.881103515625,1878.1853199190307,1906.881103515625,302300,0.0,0.0
2015-03-09 00:00:00+09:00,1890.2187611244872,1921.6915514664227,1875.4080362576938,1889.2930908203125,392200,0.0,0.0
2015-03-10 00:00:00+09:00,1912.434737251267,1941.1305150125397,1900.4010239965398,1929.0968017578125,409800,0.0,0.0
2015-03-11 00:00:00+09:00,1896.698711336981,1908.7324269286748,1852.2665306907265,1878.185302734375,520500,0.0,0.0
2015-03-12 00:00:00+09:00,1898.549846953835,1942.982022796733,1896.6985062937142,1935.57666015625,478100,0.0,0.0
2015-03-13 00:00:00+09:00,1943.9076937161958,1943.9076937161958,1918.9145947969876,1925.394287109375,480300,0.0,0.0
2015-03-16 00:00:00+09:00,1928.1716262201232,1967.975457198263,1921.6919328050772,1948.536376953125,466400,0.0,0.0
2015-03-17 00:00:00+09:00,1962.4213785957718,2007.779231214259,1953.164673979754,2003.15087890625,515100,0.0,0.0
2015-03-18 00:00:00+09:00,2003.1508374956315,2021.664246344944,1973.5293833367311,1986.48876953125,216000,0.0,0.0
2015-03-19 00:00:00+09:00,1960.570070560928,1989.2658553519518,1940.205320064072,1950.3876953125,361000,0.0,0.0
2015-03-20 00:00:00+09:00,1950.3871844558062,1965.1979082105727,1934.6507904663667,1942.05615234375,276000,0.0,0.0
2015-03-23 00:00:00+09:00,1942.056550666251,1979.0833676474952,1940.205209817189,1949.4619140625,252800,0.0,0.0
2015-03-24 00:00:00+09:00,1963.346863580519,2017.961415655602,1963.346863580519,2008.7047119140625,352700,0.0,0.0
2015-03-25 00:00:00+09:00,1995.7453865208724,2005.002090539986,1958.7185704444184,1973.529296875,163100,0.0,0.0
2015-03-26 00:00:00+09:00,1956.8672480647504,1975.3806562772834,1905.9553754802841,1921.6917724609375,275900,0.0,0.0
2015-03-27 00:00:00+09:00,1904.9650859786084,1936.5596288680097,1882.6630557037367,1898.4603271484375,241700,8.0,0.0
2015-03-30 00:00:00+09:00,1908.6818745194917,1934.7009068887933,1897.5308606469337,1926.337646484375,181600,0.0,0.0
2015-03-31 00:00:00+09:00,1962.5787330665025,1962.5787330665025,1881.733870482797,1886.380126953125,334400,0.0,0.0
2015-04-01 00:00:00+09:00,1875.2291560825354,1940.276748216221,1875.2291560825354,1929.125732421875,418400,0.0,0.0
2015-04-02 00:00:00+09:00,1933.7718249234285,1984.8806429776278,1933.7718249234285,1962.57861328125,314600,0.0,0.0
2015-04-03 00:00:00+09:00,1977.4469183215372,1987.6686834068457,1954.2156340367446,1985.8101806640625,352800,0.0,0.0
2015-04-06 00:00:00+09:00,1997.8900893565965,2066.6546784786374,1986.7390749043736,2011.828857421875,533500,0.0,0.0
2015-04-07 00:00:00+09:00,2012.7585493587787,2048.070102856301,2006.253789503972,2045.2823486328125,348200,0.0,0.0
2015-04-08 00:00:00+09:00,2044.352595988195,2084.310396727964,2032.2723306482646,2056.432861328125,344900,0.0,0.0
2015-04-09 00:00:00+09:00,2064.796239129078,2093.60302734375,2057.362229267227,2093.60302734375,422900,0.0,0.0
2015-04-10 00:00:00+09:00,2093.6035678788994,2110.330094386587,2065.72602369942,2092.67431640625,395600,0.0,0.0
2015-04-13 00:00:00+09:00,2092.673541800722,2121.4803267899856,2070.3715147122593,2075.947021484375,314200,0.0,0.0
2015-04-14 00:00:00+09:00,2075.947769998589,2129.8443548955984,2054.574986332534,2058.2919921875,423400,0.0,0.0
2015-04-15 00:00:00+09:00,2031.3432091240152,2053.645238867371,1962.5786174153338,1975.588134765625,751900,0.0,0.0
2015-04-16 00:00:00+09:00,1996.031834966026,2020.1923692812572,1939.3475044572144,1961.6495361328125,507600,0.0,0.0
2015-04-17 00:00:00+09:00,1961.649442722995,1992.3147348167226,1937.48890955824,1939.347412109375,510100,0.0,0.0
2015-04-20 00:00:00+09:00,1930.9841232374238,1962.5786661585364,1904.965087890625,1904.965087890625,927300,0.0,0.0
2015-04-21 00:00:00+09:00,1905.89450887717,1971.8713543819379,1902.1775034966197,1967.22509765625,492700,0.0,0.0
2015-04-22 00:00:00+09:00,1963.5081396577914,1972.800653333408,1933.7720958958182,1940.27685546875,320100,0.0,0.0
2015-04-23 00:00:00+09:00,1941.2057514882076,1952.3567658576947,1908.6819595772038,1922.6207275390625,306600,0.0,0.0
2015-04-24 00:00:00+09:00,1908.6819595772038,1950.4982634627802,1908.6819595772038,1922.6207275390625,165600,0.0,0.0
2015-04-27 00:00:00+09:00,1922.6207227869336,1924.4792251772544,1898.4601917127623,1909.6112060546875,195100,0.0,0.0
2015-04-28 00:00:00+09:00,1911.469970703125,1935.6305050921776,1902.1774574765664,1911.469970703125,158600,0.0,0.0
2015-04-30 00:00:00+09:00,1913.3283763934849,1965.3664478252651,1913.3283763934849,1939.347412109375,429800,0.0,0.0
2015-05-01 00:00:00+09:00,1914.2575097177544,1925.4085243374693,1870.5827024572036,1895.6724853515625,394900,0.0,0.0
2015-05-07 00:00:00+09:00,1898.4605078148509,1957.0033428575996,1877.0877267674982,1930.0550537109375,460300,0.0,0.0
2015-05-08 00:00:00+09:00,1930.0547418250983,1957.9322778167943,1923.5499834270358,1935.6302490234375,267100,0.0,0.0
2015-05-11 00:00:00+09:00,1976.5173362152757,2008.1118775558114,1966.2955728403965,1983.0220947265625,562700,0.0,0.0
2015-05-12 00:00:00+09:00,1999.7486655139048,2026.6969514339341,1984.8806456959576,2025.7677001953125,388700,0.0,0.0
2015-05-13 00:00:00+09:00,2033.20158670577,2069.4423828125,2000.6777953279357,2069.4423828125,497800,0.0,0.0
2015-05-14 00:00:00+09:00,2069.4423858446535,2176.3062719569725,2069.4423858446535,2169.801513671875,824600,0.0,0.0
2015-05-15 00:00:00+09:00,2154.9337889369776,2185.5990821818764,2137.2780140383998,2168.87255859375,416500,0.0,0.0
2015-05-18 00:00:00+09:00,2185.5990784838204,2232.9908952366586,2181.8820732483036,2225.556884765625,471600,0.0,0.0
2015-05-19 00:00:00+09:00,2230.2031120814386,2259.0099022791574,2219.981347817732,2247.85888671875,450300,0.0,0.0
2015-05-20 00:00:00+09:00,2285.0290883196303,2296.180104610739,2251.576039446305,2288.74609375,420000,0.0,0.0
2015-05-21 00:00:00+09:00,2309.189821381809,2336.1381130599066,2283.170781140887,2328.7041015625,426300,0.0,0.0
2015-05-22 00:00:00+09:00,2324.057436050907,2377.0247586638225,2316.623425859621,2362.15673828125,579900,0.0,0.0
2015-05-25 00:00:00+09:00,2384.459437779018,2396.539707728795,2330.5628487723216,2341.7138671875,409100,0.0,0.0
2015-05-26 00:00:00+09:00,2359.3692952215815,2374.2373175624816,2343.572021484375,2343.572021484375,386400,0.0,0.0
2015-05-27 00:00:00+09:00,2330.5621357790756,2359.3689245387054,2310.1186082722415,2337.06689453125,532200,0.0,0.0
2015-05-28 00:00:00+09:00,2346.3597943122472,2383.5298504597677,2346.3597943122472,2351.935302734375,366700,0.0,0.0
2015-05-29 00:00:00+09:00,2369.5908868708834,2452.294255079318,2369.5908868708834,2433.709228515625,643700,0.0,0.0
2015-06-01 00:00:00+09:00,2416.0531655844156,2521.0585531655843,2414.1946631493506,2504.33203125,775600,0.0,0.0
2015-06-02 00:00:00+09:00,2503.4030341672146,2514.5540499096073,2465.3037303807055,2473.6669921875,311600,0.0,0.0
2015-06-03 00:00:00+09:00,2445.7890932348255,2488.5346472959204,2444.8598420595845,2480.17138671875,315300,0.0,0.0
2015-06-04 00:00:00+09:00,2481.100652758726,2520.1292023526835,2471.808140950641,2519.199951171875,306000,0.0,0.0
2015-06-05 00:00:00+09:00,2484.81768987407,2510.8367232758924,2456.940154086403,2466.232666015625,351400,0.0,0.0
2015-06-08 00:00:00+09:00,2471.8082386363635,2518.270799512987,2466.232731331169,2504.33203125,222500,0.0,0.0
2015-06-09 00:00:00+09:00,2469.9499577162255,2516.412522759796,2464.3744499109966,2495.968994140625,325400,0.0,0.0
2015-06-10 00:00:00+09:00,2500.615296765472,2508.0493073095536,2452.2942282289414,2469.020751953125,508500,0.0,0.0
2015-06-11 00:00:00+09:00,2486.6764115992783,2583.3185441875908,2486.6764115992783,2558.228759765625,532700,0.0,0.0
2015-06-12 00:00:00+09:00,2548.0072174407624,2555.4412282866874,2507.120157788175,2536.856201171875,572200,0.0,0.0
2015-06-15 00:00:00+09:00,2560.0873977487736,2616.771728515625,2548.007130536166,2616.771728515625,304400,0.0,0.0
2015-06-16 00:00:00+09:00,2621.4182933811285,2738.5039739787967,2621.4182933811285,2719.9189453125,657700,0.0,0.0
2015-06-17 00:00:00+09:00,2704.1211710756784,2705.9796735987547,2609.337542398799,2611.196044921875,698500,0.0,0.0
2015-06-18 00:00:00+09:00,2586.1065496055826,2624.2058555825242,2560.0875113774273,2584.248046875,431000,0.0,0.0
2015-06-19 00:00:00+09:00,2610.2669437459235,2615.8424516357336,2564.7336293124777,2582.389404296875,616700,0.0,0.0
2015-06-22 00:00:00+09:00,2600.974332902473,2626.0641174642333,2587.9648149815603,2610.266845703125,247600,0.0,0.0
2015-06-23 00:00:00+09:00,2629.781429354705,2671.59774183561,2625.135172412382,2661.3759765625,258300,0.0,0.0
2015-06-24 00:00:00+09:00,2676.24365234375,2683.6776624891495,2631.6395914713544,2676.24365234375,219300,0.0,0.0
2015-06-25 00:00:00+09:00,2675.314771973494,2725.4943474116903,2665.0930066064534,2708.767822265625,229000,0.0,0.0
2015-06-26 00:00:00+09:00,2699.475245204344,2699.475245204344,2624.2058838062194,2644.6494140625,340200,0.0,0.0
2015-06-29 00:00:00+09:00,2574.0260114753214,2596.328041899656,2538.7144633034577,2549.865478515625,401700,0.0,0.0
2015-06-30 00:00:00+09:00,2577.742778841677,2640.0026080350412,2577.742778841677,2619.55908203125,297200,0.0,0.0
2015-07-01 00:00:00+09:00,2632.5688586107335,2676.2436684782606,2624.205597146739,2671.597412109375,225900,0.0,0.0
2015-07-02 00:00:00+09:00,2691.111495302714,2705.9795146137785,2666.0217127152923,2670.66796875,179100,0.0,0.0
2015-07-03 00:00:00+09:00,2651.154276601839,2651.154276601839,2598.1869461544834,2629.781494140625,203800,0.0,0.0
2015-07-06 00:00:00+09:00,2600.9744173258523,2679.0315273849346,2578.6723858804003,2600.045166015625,303100,0.0,0.0
2015-07-07 00:00:00+09:00,2639.0738915248694,2666.022181262271,2621.4181154900198,2662.30517578125,244300,0.0,0.0
2015-07-08 00:00:00+09:00,2637.215158639424,2680.889969229999,2573.0968196873027,2574.955322265625,300800,0.0,0.0
2015-07-09 00:00:00+09:00,2545.21897995283,2573.0965153301886,2403.043549528302,2462.515625,772200,0.0,0.0
2015-07-10 00:00:00+09:00,2493.1812530450798,2597.257399277301,2493.1812530450798,2548.007080078125,372200,0.0,0.0
2015-07-13 00:00:00+09:00,2601.9034121260684,2730.140080295139,2576.813629223424,2718.059814453125,552300,0.0,0.0
2015-07-14 00:00:00+09:00,2713.4139195884145,2787.7540269743986,2712.4846682460898,2781.249267578125,500000,0.0,0.0
2015-07-15 00:00:00+09:00,2769.168152669271,2787.753173828125,2730.1396082356773,2787.753173828125,482400,0.0,0.0
2015-07-16 00:00:00+09:00,2787.754128196023,2866.7404951615767,2768.2398492986504,2862.09423828125,266200,0.0,0.0
2015-07-17 00:00:00+09:00,2880.6790693821367,2880.6790693821367,2829.5702471834215,2848.1552734375,154500,0.0,0.0
2015-07-21 00:00:00+09:00,2838.8624226164934,2880.678726713954,2829.5699105948356,2876.032470703125,183600,0.0,0.0
2015-07-22 00:00:00+09:00,2866.7402832826497,2894.6178225041986,2852.801513671875,2852.801513671875,119000,0.0,0.0
2015-07-23 00:00:00+09:00,2880.6786795367766,2908.5562151451973,2862.09365579783,2889.97119140625,148800,0.0,0.0
2015-07-24 00:00:00+09:00,2889.97145166566,2913.202733431461,2876.0326826061796,2885.3251953125,128800,0.0,0.0
2015-07-27 00:00:00+09:00,2871.386423847463,2871.386423847463,2806.3388349577144,2815.63134765625,162800,0.0,0.0
2015-07-28 00:00:00+09:00,2806.3388349577144,2852.801398450392,2801.692578608447,2815.63134765625,212900,0.0,0.0
2015-07-29 00:00:00+09:00,2838.8624226164934,2889.9712387356117,2820.2773985731774,2876.032470703125,131000,0.0,0.0
2015-07-30 00:00:00+09:00,2880.6791498419943,2927.14171677493,2866.7403797621137,2894.617919921875,144100,0.0,0.0
2015-07-31 00:00:00+09:00,2908.5560470902556,2908.5560470902556,2838.86221209608,2866.73974609375,192900,0.0,0.0
2015-08-03 00:00:00+09:00,2880.678957000492,2955.019059116634,2866.7401878537153,2950.372802734375,255400,0.0,0.0
2015-08-04 00:00:00+09:00,2787.753533903813,2801.692301573332,2629.7808336492635,2680.8896484375,790100,0.0,0.0
2015-08-05 00:00:00+09:00,2699.474977346567,2728.281767122038,2670.668187571096,2705.979736328125,267400,0.0,0.0
2015-08-06 00:00:00+09:00,2741.2915648398503,2824.9241888519136,2715.2725262583194,2792.400390625,316600,0.0,0.0
2015-08-07 00:00:00+09:00,2751.51332999688,2792.400390625,2705.0507611012895,2792.400390625,230200,0.0,0.0
2015-08-10 00:00:00+09:00,2759.8763107467485,2815.631387731531,2689.25321323269,2705.979736328125,474800,0.0,0.0
2015-08-11 00:00:00+09:00,2690.1821131580487,2690.1821131580487,2595.398494663361,2607.478759765625,585900,0.0,0.0
2015-08-12 00:00:00+09:00,2608.408298699431,2652.0831081183383,2595.3987810001818,2637.215087890625,415200,0.0,0.0
2015-08-13 00:00:00+09:00,2617.7004337916405,2628.851447354118,2556.3698591980133,2604.69091796875,321400,0.0,0.0
2015-08-14 00:00:00+09:00,2611.1958064078253,2616.771313467771,2553.582233455055,2580.530517578125,388100,0.0,0.0
2015-08-17 00:00:00+09:00,2616.771551724138,2675.3143811838754,2580.5307525347766,2667.88037109375,225000,0.0,0.0
2015-08-18 00:00:00+09:00,2676.243471372378,2713.413519585883,2617.700645436107,2657.658447265625,329100,0.0,0.0
2015-08-19 00:00:00+09:00,2643.720229702981,2668.8100174716915,2600.0454139574485,2626.064453125,226000,0.0,0.0
2015-08-20 00:00:00+09:00,2612.125268264149,2649.2953183283844,2573.0967156967017,2576.813720703125,185400,0.0,0.0
2015-08-21 00:00:00+09:00,2538.714100132327,2575.8841455222587,2508.0488126856335,2512.695068359375,308400,0.0,0.0
2015-08-24 00:00:00+09:00,2443.001590090261,2498.756666319023,2386.3172625910192,2392.822021484375,316000,0.0,0.0
2015-08-25 00:00:00+09:00,2289.674646875,2433.708563378906,2289.674646875,2323.127685546875,345200,0.0,0.0
2015-08-26 00:00:00+09:00,2341.713213853433,2409.5485569531556,2323.12818834666,2375.166259765625,338700,0.0,0.0
2015-08-27 00:00:00+09:00,2421.6285681948857,2528.492453591053,2421.6285681948857,2449.506103515625,298100,0.0,0.0
2015-08-28 00:00:00+09:00,2526.6342577043933,2526.6342577043933,2456.01115965896,2518.27099609375,212200,0.0,0.0
2015-08-31 00:00:00+09:00,2475.524938946542,2488.5344543914566,2425.3453793733015,2479.241943359375,238400,0.0,0.0
2015-09-01 00:00:00+09:00,2471.8085778277855,2491.3228560737944,2390.963710808606,2393.75146484375,221300,0.0,0.0
2015-09-02 00:00:00+09:00,2359.368714204946,2508.978152167528,2344.500695525435,2471.80810546875,485500,0.0,0.0
2015-09-03 00:00:00+09:00,2468.091355940044,2557.299477239082,2468.091355940044,2510.8369140625,365300,0.0,0.0
2015-09-04 00:00:00+09:00,2521.058903889279,2542.431684865856,2469.9500798148556,2502.473876953125,414300,0.0,0.0
2015-09-07 00:00:00+09:00,2486.67654349901,2494.1105540924304,2424.416704779117,2464.37451171875,190500,0.0,0.0
2015-09-08 00:00:00+09:00,2468.091353882502,2480.1716202983425,2376.095478869562,2384.458740234375,135700,0.0,0.0
2015-09-09 00:00:00+09:00,2461.586553886499,2486.6763375614464,2400.2559715699613,2481.100830078125,250800,0.0,0.0
2015-09-10 00:00:00+09:00,2412.3369314001593,2446.719237433212,2379.8131283959196,2407.690673828125,235200,0.0,0.0
2015-09-11 00:00:00+09:00,2396.539054958626,2514.553967707655,2389.1050447067187,2496.898193359375,317400,0.0,0.0
2015-09-14 00:00:00+09:00,2508.978738880977,2533.139274885016,2486.6767056464796,2487.60595703125,137600,0.0,0.0
2015-09-15 00:00:00+09:00,2518.271326077077,2554.512131138703,2489.4645323101436,2508.049560546875,188600,0.0,0.0
2015-09-16 00:00:00+09:00,2530.3512594070207,2534.0682645622273,2468.091423057307,2505.261474609375,200100,0.0,0.0
2015-09-17 00:00:00+09:00,2504.332156139809,2504.332156139809,2419.7702911272954,2454.152587890625,226900,0.0,0.0
2015-09-18 00:00:00+09:00,2443.93047597265,2443.93047597265,2407.6896818422574,2412.3359375,187200,0.0,0.0
2015-09-24 00:00:00+09:00,2397.468412091752,2410.477930606978,2366.8031184487177,2368.66162109375,248900,0.0,0.0
2015-09-25 00:00:00+09:00,2364.945016098322,2401.1858238106342,2299.897412512121,2365.874267578125,429500,0.0,0.0
2015-09-28 00:00:00+09:00,2394.8279514394158,2428.4526808668024,2383.619708296954,2406.97021484375,176600,13.0,0.0
2015-09-29 00:00:00+09:00,2358.4014967744574,2358.4014967744574,2268.73553887729,2275.273681640625,244100,0.0,0.0
2015-09-30 00:00:00+09:00,2265.9335081830286,2335.0510183254623,2265.9335081830286,2323.8427734375,231000,0.0,0.0
2015-10-01 00:00:00+09:00,2356.5335814710215,2387.3562561394892,2327.578947691552,2377.08203125,147500,0.0,0.0
2015-10-02 00:00:00+09:00,2378.016318089211,2392.9606468753177,2277.1420987829915,2295.822509765625,349500,0.0,0.0
2015-10-05 00:00:00+09:00,2328.5124781055383,2365.873288022996,2292.0856884360173,2362.13720703125,184500,0.0,0.0
2015-10-06 00:00:00+09:00,2406.9706254177604,2406.9706254177604,2351.863420567295,2379.884033203125,166400,0.0,0.0
2015-10-07 00:00:00+09:00,2406.970732697236,2406.970732697236,2333.1831161341465,2351.863525390625,185200,0.0,0.0
2015-10-08 00:00:00+09:00,2351.863358967433,2351.863358967433,2278.0757476257227,2282.745849609375,317500,0.0,0.0
2015-10-09 00:00:00+09:00,2299.5586008436744,2317.304991345717,2239.7812854683716,2314.5029296875,261800,0.0,0.0
2015-10-13 00:00:00+09:00,2307.9643652854215,2333.1829156143194,2293.9540595471453,2322.90869140625,163200,0.0,0.0
2015-10-14 00:00:00+09:00,2286.482099184783,2289.2841605808426,2237.913034986413,2255.659423828125,261000,0.0,0.0
2015-10-15 00:00:00+09:00,2244.451109112663,2350.9294388833014,2244.451109112663,2343.457275390625,184600,0.0,0.0
2015-10-16 00:00:00+09:00,2368.6759536530817,2417.2450189488072,2348.127502951044,2349.0615234375,310900,0.0,0.0
2015-10-19 00:00:00+09:00,2364.9392914449923,2431.2547297122096,2326.6444608963175,2392.02587890625,214800,0.0,0.0
2015-10-20 00:00:00+09:00,2422.848872043878,2441.5292796926356,2387.356097511238,2415.376708984375,176100,0.0,0.0
2015-10-21 00:00:00+09:00,2418.1788866505117,2437.7933156268195,2377.0819878430098,2406.03662109375,191400,0.0,0.0
2015-10-22 00:00:00+09:00,2405.1026665634067,2422.849055171059,2380.818134784514,2414.44287109375,109900,0.0,0.0
2015-10-23 00:00:00+09:00,2456.473692105122,2480.758222901599,2433.123181723895,2453.671630859375,132900,0.0,0.0
2015-10-26 00:00:00+09:00,2488.23045094035,2488.23045094035,2455.5397355563737,2458.341796875,81900,0.0,0.0
2015-10-27 00:00:00+09:00,2467.682235062488,2500.3729535436337,2425.651311301015,2435.925537109375,235000,0.0,0.0
2015-10-28 00:00:00+09:00,2436.859175300155,2457.4076236928736,2406.0365027110765,2411.640625,301200,0.0,0.0
2015-10-29 00:00:00+09:00,2434.9912836780286,2463.9459172775755,2420.0469566589077,2454.605712890625,657400,0.0,0.0
2015-10-30 00:00:00+09:00,2487.29652442748,2535.865589117765,2473.286217305282,2515.317138671875,379600,0.0,0.0
2015-11-02 00:00:00+09:00,2475.1544326098997,2517.1853569372374,2458.3420628789645,2503.175048828125,261900,0.0,0.0
2015-11-04 00:00:00+09:00,2543.3378151353413,2556.414102102618,2508.779056721824,2516.251220703125,261000,0.0,0.0
2015-11-05 00:00:00+09:00,2522.7894946973233,2565.754439812494,2489.164755041972,2533.063720703125,323700,0.0,0.0
2015-11-06 00:00:00+09:00,2563.88617950307,2603.115039080166,2536.799585985551,2581.632568359375,197600,0.0,0.0
2015-11-09 00:00:00+09:00,2626.4652956170553,2760.0302092988613,2616.1910714876853,2755.360107421875,785700,0.0,0.0
2015-11-10 00:00:00+09:00,2734.811607689951,2862.7723967109628,2734.811607689951,2858.102294921875,602900,0.0,0.0
2015-11-11 00:00:00+09:00,2848.7622651599704,2951.5045107886904,2839.4220610119046,2942.164306640625,550200,0.0,0.0
2015-11-12 00:00:00+09:00,2918.8134901474314,3002.8753186636773,2895.462982226252,2937.493896484375,573300,0.0,0.0
2015-11-13 00:00:00+09:00,2923.48392115865,2984.1952485948523,2904.803512716742,2979.525146484375,376700,0.0,0.0
2015-11-16 00:00:00+09:00,2904.8036051950635,2946.834525527468,2876.7829916401274,2932.82421875,348900,0.0,0.0
2015-11-17 00:00:00+09:00,2942.1649052546577,2974.855626424154,2895.46387501252,2914.144287109375,394000,0.0,0.0
2015-11-18 00:00:00+09:00,2942.164035809385,2942.164035809385,2895.463019367966,2904.80322265625,251600,0.0,0.0
2015-11-19 00:00:00+09:00,2928.154029858517,2937.49423410049,2862.772600164706,2890.793212890625,290400,0.0,0.0
2015-11-20 00:00:00+09:00,2890.793466828225,2923.4841845467995,2862.7728516408756,2909.473876953125,211600,0.0,0.0
2015-11-24 00:00:00+09:00,2895.46387501252,2937.494802230444,2890.793771988306,2914.144287109375,245700,0.0,0.0
2015-11-25 00:00:00+09:00,2918.813825616544,2923.4839277375304,2886.1231107696385,2890.793212890625,175900,0.0,0.0
2015-11-26 00:00:00+09:00,2890.793032935358,2932.823949407762,2862.772421953755,2895.463134765625,173700,0.0,0.0
2015-11-27 00:00:00+09:00,2918.814051951207,2932.8243594005726,2844.092412221256,2853.4326171875,154000,0.0,0.0
2015-11-30 00:00:00+09:00,2881.4532320862318,2886.1233345693536,2820.7418998056464,2853.4326171875,183800,0.0,0.0
2015-12-01 00:00:00+09:00,2862.772281211828,2895.462992416531,2839.4217732084694,2867.4423828125,128300,0.0,0.0
2015-12-02 00:00:00+09:00,2886.1233446074693,2942.1645745998476,2867.44293461001,2872.113037109375,258600,0.0,0.0
2015-12-03 00:00:00+09:00,2862.7727703475307,2872.1129751447493,2729.2078417473035,2760.030517578125,543600,0.0,0.0
2015-12-04 00:00:00+09:00,2721.73583984375,2746.95439429666,2709.5935728849413,2721.73583984375,384800,0.0,0.0
2015-12-07 00:00:00+09:00,2751.624564433774,2774.041057830383,2732.010132711741,2733.878173828125,146700,0.0,0.0
2015-12-08 00:00:00+09:00,2721.7357107017783,2755.360448376886,2699.319218918373,2708.659423828125,192900,0.0,0.0
2015-12-09 00:00:00+09:00,2702.1210057119306,2732.9436787808877,2651.683904326364,2660.090087890625,188500,0.0,0.0
2015-12-10 00:00:00+09:00,2633.937336154133,2685.308454412458,2633.937336154133,2661.02392578125,229400,0.0,0.0
2015-12-11 00:00:00+09:00,2671.298213923988,2730.1414962586773,2650.749766124573,2665.694091796875,239000,0.0,0.0
2015-12-14 00:00:00+09:00,2602.180760585209,2664.760125610051,2602.180760585209,2655.419921875,158000,0.0,0.0
2015-12-15 00:00:00+09:00,2647.947705061016,2736.6796387403097,2647.947705061016,2665.694091796875,334000,0.0,0.0
2015-12-16 00:00:00+09:00,2680.6386333631667,2686.2427559416265,2593.7747333970433,2617.125244140625,737900,0.0,0.0
2015-12-17 00:00:00+09:00,2657.2884584248754,2689.045157049285,2614.3235132271443,2670.36474609375,394900,0.0,0.0
2015-12-18 00:00:00+09:00,2668.496358397425,2755.360258058244,2648.881929441756,2702.12109375,453500,0.0,0.0
2015-12-21 00:00:00+09:00,2701.187147928804,2751.6242523507112,2688.1108615971984,2725.4716796875,565600,0.0,0.0
2015-12-22 00:00:00+09:00,2724.537682800499,2766.568603515625,2724.537682800499,2766.568603515625,282900,0.0,0.0
2015-12-24 00:00:00+09:00,2766.569107877994,2766.569107877994,2648.8825084206587,2651.6845703125,195500,0.0,0.0
2015-12-25 00:00:00+09:00,2651.6845703125,2651.6845703125,2651.6845703125,2651.6845703125,0,0.0,0.0
2015-12-28 00:00:00+09:00,2662.8925241176184,2687.17705783458,2624.5976824870245,2676.90283203125,133300,0.0,0.0
2015-12-29 00:00:00+09:00,2657.2878859651237,2728.2734323037353,2638.6074790339103,2720.80126953125,147400,0.0,0.0
2015-12-30 00:00:00+09:00,2720.801475214764,2760.0303327358833,2707.725189374391,2757.228271484375,124900,0.0,0.0
2016-01-04 00:00:00+09:00,2705.857408174533,2749.756371993726,2671.2986494232528,2679.704833984375,224800,0.0,0.0
2016-01-05 00:00:00+09:00,2655.4199786919294,2681.5725497096482,2601.2467958695124,2648.8818359375,275000,0.0,0.0
2016-01-06 00:00:00+09:00,2649.8159109686117,2662.892196747096,2615.257155696903,2638.607666015625,237800,0.0,0.0
2016-01-07 00:00:00+09:00,2637.673306245634,2720.801112285245,2633.0032047827344,2674.10009765625,273700,0.0,0.0
2016-01-08 00:00:00+09:00,2659.155998367229,2675.0343446869488,2599.378694575342,2647.94775390625,312400,0.0,0.0
2016-01-12 00:00:00+09:00,2599.378809652111,2635.8056057629387,2542.403564453125,2542.403564453125,405400,0.0,0.0
2016-01-13 00:00:00+09:00,2550.8101932645836,2587.2369957315623,2536.799884623438,2578.830810546875,306800,0.0,0.0
2016-01-14 00:00:00+09:00,2531.19565763273,2534.931739784218,2445.26576814852,2488.230712890625,519400,0.0,0.0
2016-01-15 00:00:00+09:00,2506.9112458032023,2537.733925054881,2457.4081548838394,2486.36279296875,331000,0.0,0.0
2016-01-18 00:00:00+09:00,2436.8595173769922,2479.8244609566555,2436.8595173769922,2476.08837890625,229600,0.0,0.0
2016-01-19 00:00:00+09:00,2449.001240050118,2499.438336527123,2438.727016693691,2475.15380859375,270600,0.0,0.0
2016-01-20 00:00:00+09:00,2491.9667038333173,2513.449175418087,2423.783207064265,2431.25537109375,308600,0.0,0.0
2016-01-21 00:00:00+09:00,2415.3766583247084,2442.4632488472976,2340.655029296875,2340.655029296875,588000,0.0,0.0
2016-01-22 00:00:00+09:00,2412.5747996937143,2465.81396484375,2350.9294505726207,2465.81396484375,393400,0.0,0.0
2016-01-25 00:00:00+09:00,2467.6815259194123,2503.174295785021,2457.407303063578,2477.021728515625,328300,0.0,0.0
2016-01-26 00:00:00+09:00,2462.0780712172295,2512.5151788977037,2437.7935378895936,2476.08837890625,256900,0.0,0.0
2016-01-27 00:00:00+09:00,2512.5152704747334,2545.205989607304,2482.626612982097,2536.7998046875,258100,0.0,0.0
2016-01-28 00:00:00+09:00,2526.525291884471,2584.4345592030795,2523.7232305626026,2565.754150390625,321100,0.0,0.0
2016-01-29 00:00:00+09:00,2559.2161421942615,2595.6429412984867,2499.4388308437387,2590.038818359375,313000,0.0,0.0
2016-02-01 00:00:00+09:00,2603.115174783686,2649.8162005243335,2577.8966208837364,2605.917236328125,301000,0.0,0.0
2016-02-02 00:00:00+09:00,2573.226348757532,2656.3541690985194,2555.479960145411,2625.531494140625,468000,0.0,0.0
2016-02-03 00:00:00+09:00,2532.129215873593,2551.743643587848,2420.980792159481,2448.0673828125,588000,0.0,0.0
2016-02-04 00:00:00+09:00,2449.0015100027094,2479.8241834695627,2408.8386324549915,2423.782958984375,557800,0.0,0.0
2016-02-05 00:00:00+09:00,2393.8939770675775,2399.4980987462377,2270.603300137059,2307.964111328125,739500,0.0,0.0
2016-02-08 00:00:00+09:00,2283.6801339117224,2330.3811591450913,2245.3852932203604,2320.10693359375,554300,0.0,0.0
2016-02-09 00:00:00+09:00,2245.385161742384,2270.603713891737,2171.5975461942776,2192.14599609375,497900,0.0,0.0
2016-02-10 00:00:00+09:00,2203.3537980436868,2203.3537980436868,2120.225994726227,2174.399169921875,652400,0.0,0.0
2016-02-12 00:00:00+09:00,2180.003656718257,2223.9026163865337,2067.9212065013803,2072.59130859375,730700,0.0,0.0
2016-02-15 00:00:00+09:00,2151.049347861842,2236.9792393092102,2148.2472861842107,2218.298828125,390000,0.0,0.0
2016-02-16 00:00:00+09:00,2186.541875569073,2238.847020819764,2186.541875569073,2195.882080078125,266500,0.0,0.0
2016-02-17 00:00:00+09:00,2170.6636799774838,2195.8822339187022,2109.018325898949,2138.906982421875,400900,0.0,0.0
2016-02-18 00:00:00+09:00,2186.5415656189953,2209.8920735816073,2164.125077974888,2187.4755859375,240100,0.0,0.0
2016-02-19 00:00:00+09:00,2159.45549950386,2196.8163212945847,2132.368903705585,2147.313232421875,248100,0.0,0.0
2016-02-22 00:00:00+09:00,2133.30245739552,2194.013779519298,2121.1601929707645,2173.46533203125,168500,0.0,0.0
2016-02-23 00:00:00+09:00,2182.8061331452736,2188.4102567220266,2124.896856185493,2137.97314453125,249500,0.0,0.0
2016-02-24 00:00:00+09:00,2107.150163557146,2168.7955140867434,2092.205836156031,2137.038818359375,262600,0.0,0.0
2016-02-25 00:00:00+09:00,2154.785068607129,2224.836598795917,2148.246925789508,2208.958251953125,191700,0.0,0.0
2016-02-26 00:00:00+09:00,2219.232284973715,2223.9023865835084,2177.2013704855763,2198.683837890625,191100,0.0,0.0
2016-02-29 00:00:00+09:00,2221.1006256012183,2233.2428914266247,2184.673828125,2184.673828125,232400,0.0,0.0
2016-03-01 00:00:00+09:00,2153.8507555596543,2230.440418159781,2128.6322081181493,2215.49609375,318300,0.0,0.0
2016-03-02 00:00:00+09:00,2240.714992231435,2290.2180745941973,2222.968604214596,2283.679931640625,275000,0.0,0.0
2016-03-03 00:00:00+09:00,2243.5169249408677,2270.603515625,2226.7045583093377,2270.603515625,201500,0.0,0.0
2016-03-04 00:00:00+09:00,2271.5376000615765,2284.613885588247,2206.156172428225,2275.273681640625,189500,0.0,0.0
2016-03-07 00:00:00+09:00,2274.339826681492,2274.339826681492,2237.91302863608,2244.451171875,162600,0.0,0.0
2016-03-08 00:00:00+09:00,2231.374354897734,2248.18671922932,2167.860978533964,2188.409423828125,221600,0.0,0.0
2016-03-09 00:00:00+09:00,2161.3232398623513,2170.6634440104167,2111.8201578776043,2157.587158203125,319200,0.0,0.0
2016-03-10 00:00:00+09:00,2187.47568817836,2269.6694800484265,2187.47568817836,2248.18701171875,356400,0.0,0.0
2016-03-11 00:00:00+09:00,2215.4964089152104,2235.110837493296,2180.0036333929597,2231.374755859375,270700,0.0,0.0
2016-03-14 00:00:00+09:00,2260.3293553244307,2321.9747013787332,2233.242763876328,2275.273681640625,273400,0.0,0.0
2016-03-15 00:00:00+09:00,2260.3292789720294,2279.0096862362607,2239.7808309813745,2251.923095703125,147700,0.0,0.0
2016-03-16 00:00:00+09:00,2235.110773278563,2263.131384727939,2226.70458984375,2226.70458984375,123900,0.0,0.0
2016-03-17 00:00:00+09:00,2247.253038239959,2264.065405109585,2216.4303656456455,2226.70458984375,167100,0.0,0.0
2016-03-18 00:00:00+09:00,2198.6839911537418,2215.4963581209327,2141.708747542706,2152.9169921875,431600,0.0,0.0
2016-03-22 00:00:00+09:00,2198.6840438747126,2264.0654725370873,2195.881982646325,2235.11083984375,254600,0.0,0.0
2016-03-23 00:00:00+09:00,2242.5826192057016,2289.2836316839544,2203.353768723969,2214.56201171875,210400,0.0,0.0
2016-03-24 00:00:00+09:00,2215.496710547857,2249.1214498310455,2208.9585667983483,2228.572998046875,223900,0.0,0.0
2016-03-25 00:00:00+09:00,2240.7150639430733,2243.517125298567,2188.4099186405256,2199.6181640625,179700,0.0,0.0
2016-03-28 00:00:00+09:00,2234.1771027831046,2313.56884765625,2231.3750411993465,2313.56884765625,243400,0.0,0.0
2016-03-29 00:00:00+09:00,2307.9303452506697,2322.965722092694,2270.34190314561,2279.739013671875,217700,15.0,0.0
2016-03-30 00:00:00+09:00,2311.689185409421,2343.639361142722,2296.65380859375,2296.65380859375,378500,0.0,0.0
2016-03-31 00:00:00+09:00,2304.171753740786,2325.7851103215517,2260.945040579254,2262.824462890625,233900,0.0,0.0
2016-04-01 00:00:00+09:00,2283.4976819203607,2292.8947917225023,2186.7074509583044,2191.406005859375,307600,0.0,0.0
2016-04-04 00:00:00+09:00,2219.597115578058,2230.8736462245174,2171.6718603306063,2189.5263671875,201200,0.0,0.0
2016-04-05 00:00:00+09:00,2198.923986416353,2211.1402307853327,2115.2896980441074,2121.86767578125,266500,0.0,0.0
2016-04-06 00:00:00+09:00,2107.771512599985,2114.349488787323,2058.9065466368997,2088.977294921875,405400,0.0,0.0
2016-04-07 00:00:00+09:00,2079.5808607349345,2134.084109683252,2075.8220159798784,2125.626708984375,160200,0.0,0.0
2016-04-08 00:00:00+09:00,2094.6161464055376,2182.009283065796,2082.3999014960395,2165.094482421875,206900,0.0,0.0
2016-04-11 00:00:00+09:00,2147.2398756245157,2162.275253309414,2105.892586991046,2121.86767578125,113800,0.0,0.0
2016-04-12 00:00:00+09:00,2114.349661783279,2146.299834450226,2109.651106979316,2127.505615234375,173400,0.0,0.0
2016-04-13 00:00:00+09:00,2142.5409701447284,2184.8279629765325,2122.8070401565533,2179.189697265625,278500,0.0,0.0
2016-04-14 00:00:00+09:00,2197.9842891374055,2321.08644470688,2197.0445780261884,2303.23193359375,588600,0.0,0.0
2016-04-15 00:00:00+09:00,2275.0402755856326,2429.15287583183,2275.0402755856326,2409.4189453125,936800,0.0,0.0
2016-04-18 00:00:00+09:00,2349.278020401732,2383.107623895517,2322.966106573233,2353.036865234375,321300,0.0,0.0
2016-04-19 00:00:00+09:00,2433.8516912858468,2504.3300221145873,2369.9513380011217,2408.4794921875,1121700,0.0,0.0
2016-04-20 00:00:00+09:00,2448.8872486749065,2478.9580053739073,2415.9973585353737,2446.068115234375,510800,0.0,0.0
2016-04-21 00:00:00+09:00,2482.716379626647,2483.6560905954684,2430.0925653726376,2461.10302734375,366500,0.0,0.0
2016-04-22 00:00:00+09:00,2464.861964375891,2471.43994140625,2415.9969921503684,2471.43994140625,309800,0.0,0.0
2016-04-25 00:00:00+09:00,2483.656208756289,2497.751873959219,2429.1529699716257,2486.475341796875,256900,0.0,0.0
2016-04-26 00:00:00+09:00,2473.319418495335,2497.751905152204,2436.6706885100316,2467.68115234375,221200,0.0,0.0
2016-04-27 00:00:00+09:00,2482.716607892757,2514.6667837702566,2462.042964677905,2478.957763671875,457700,0.0,0.0
2016-04-28 00:00:00+09:00,2484.595894316017,2489.2944493355253,2392.5042159336535,2404.720458984375,396800,0.0,0.0
2016-05-02 00:00:00+09:00,2357.7354986766613,2372.770878500825,2312.62935920417,2331.423583984375,370500,0.0,0.0
2016-05-06 00:00:00+09:00,2348.338176433857,2389.6854672554214,2329.5439533331455,2345.51904296875,293100,0.0,0.0
2016-05-09 00:00:00+09:00,2346.4587863420475,2346.4587863420475,2290.076116265747,2293.8349609375,339100,0.0,0.0
2016-05-10 00:00:00+09:00,2306.051024903707,2375.5896458665734,2302.292180527336,2355.855712890625,342400,0.0,0.0
2016-05-11 00:00:00+09:00,2362.4335423828124,2364.312964453125,2321.0862568359375,2349.277587890625,321500,0.0,0.0
2016-05-12 00:00:00+09:00,2314.508639876821,2318.2674846025643,2216.7786770074786,2242.15087890625,548300,0.0,0.0
2016-05-13 00:00:00+09:00,2239.3313335898697,2284.4374620046046,2227.1150904775454,2270.341796875,375000,0.0,0.0
2016-05-16 00:00:00+09:00,2310.7494856926214,2368.071860083532,2298.533241969968,2362.43359375,486700,0.0,0.0
2016-05-17 00:00:00+09:00,2387.8057537801014,2545.67720857548,2387.8057537801014,2531.58154296875,1018000,0.0,0.0
2016-05-18 00:00:00+09:00,2528.761937634698,2528.761937634698,2461.1027553568465,2479.89697265625,505300,0.0,0.0
2016-05-19 00:00:00+09:00,2496.8125416713274,2520.305320573015,2481.7771631742476,2493.993408203125,323200,0.0,0.0
2016-05-20 00:00:00+09:00,2483.656338172045,2530.6418912967524,2471.4400943596206,2510.907958984375,316200,0.0,0.0
2016-05-23 00:00:00+09:00,2498.6913243506683,2515.606120829913,2486.4750824489915,2504.32958984375,310000,0.0,0.0
2016-05-24 00:00:00+09:00,2505.26925607607,2582.3255497738337,2503.3898342785637,2557.89306640625,537600,0.0,0.0
2016-05-25 00:00:00+09:00,2589.8435677035395,2603.9392329849447,2544.737438803042,2552.255126953125,377400,0.0,0.0
2016-05-26 00:00:00+09:00,2581.3864884789805,2602.999844589289,2556.95399896298,2580.44677734375,276800,0.0,0.0
2016-05-27 00:00:00+09:00,2587.0245520201993,2595.4819515727536,2556.014086994167,2577.62744140625,298200,0.0,0.0
2016-05-30 00:00:00+09:00,2595.482002665091,2610.517379943383,2576.6877810672268,2590.783447265625,224900,0.0,0.0
2016-05-31 00:00:00+09:00,2595.4819838026187,2596.4216948756825,2538.159608345718,2558.833251953125,290700,0.0,0.0
2016-06-01 00:00:00+09:00,2545.6772653188227,2613.3364617392567,2541.9184210732433,2577.62744140625,321000,0.0,0.0
2016-06-02 00:00:00+09:00,2569.1702828569287,2596.421906193743,2542.8583706696595,2544.73779296875,230300,0.0,0.0
2016-06-03 00:00:00+09:00,2543.7973622957284,2566.3504235055907,2539.098807877007,2560.712158203125,161900,0.0,0.0
2016-06-06 00:00:00+09:00,2552.255219434704,2591.7230836527665,2534.4007094312947,2562.592041015625,393000,0.0,0.0
2016-06-07 00:00:00+09:00,2559.7729952830186,2567.290683962264,2515.606574292453,2540.0390625,291000,0.0,0.0
2016-06-08 00:00:00+09:00,2559.773027386582,2583.2658048038593,2535.340538872613,2571.049560546875,262800,0.0,0.0
2016-06-09 00:00:00+09:00,2564.4710426975225,2571.9887298875483,2531.58116124116,2557.89306640625,125500,0.0,0.0
2016-06-10 00:00:00+09:00,2573.8687317030267,2581.3864205871537,2512.7875095194936,2535.340576171875,201900,0.0,0.0
2016-06-13 00:00:00+09:00,2510.9083279823058,2510.9083279823058,2460.163923150328,2469.56103515625,207100,0.0,0.0
2016-06-14 00:00:00+09:00,2458.2842448927604,2476.1387558457277,2415.0575341645235,2420.69580078125,303400,0.0,0.0
2016-06-15 00:00:00+09:00,2419.755828798621,2462.0428238650047,2419.755828798621,2438.550048828125,154200,0.0,0.0
2016-06-16 00:00:00+09:00,2416.9367399745306,2429.1529832170145,2338.9407254263633,2352.0966796875,247300,0.0,0.0
2016-06-17 00:00:00+09:00,2382.167396946957,2420.6955481401824,2320.1464706359125,2321.086181640625,390600,0.0,0.0
2016-06-20 00:00:00+09:00,2346.4584511051676,2390.6248696882444,2346.4584511051676,2366.1923828125,259500,0.0,0.0
2016-06-21 00:00:00+09:00,2346.4584474774188,2393.443999088901,2321.0862496072186,2383.107177734375,221300,0.0,0.0
2016-06-22 00:00:00+09:00,2363.372802734375,2374.649333005871,2313.568127368601,2363.372802734375,200900,0.0,0.0
2016-06-23 00:00:00+09:00,2392.504232860175,2414.1175861028237,2376.5291456808254,2386.865966796875,183900,0.0,0.0
2016-06-24 00:00:00+09:00,2380.2876006765464,2392.50384181701,2227.114730992268,2278.798828125,427700,0.0,0.0
2016-06-27 00:00:00+09:00,2339.880894461078,2377.46934256487,2325.7852264221556,2353.9765625,168200,0.0,0.0
2016-06-28 00:00:00+09:00,2298.533268825264,2393.444086548629,2298.533268825264,2360.55419921875,176300,0.0,0.0
2016-06-29 00:00:00+09:00,2360.5540926633694,2374.6497580256105,2326.7244957939897,2351.156982421875,216900,0.0,0.0
2016-06-30 00:00:00+09:00,2373.7101248222266,2373.7101248222266,2312.62890625,2312.62890625,187400,0.0,0.0
2016-07-01 00:00:00+09:00,2330.483453655089,2353.976230405644,2313.568654394689,2326.724609375,134100,0.0,0.0
2016-07-04 00:00:00+09:00,2304.171414221939,2327.6641896524234,2283.4977718431123,2302.2919921875,186500,0.0,0.0
2016-07-05 00:00:00+09:00,2295.7144111236034,2296.6541223029417,2267.523075743453,2291.95556640625,180200,0.0,0.0
2016-07-06 00:00:00+09:00,2240.2712540652537,2260.0051870918355,2203.6225213016023,2239.33154296875,258300,0.0,0.0
2016-07-07 00:00:00+09:00,2226.17557859058,2248.728644815221,2209.2607789220992,2223.3564453125,166000,0.0,0.0
2016-07-08 00:00:00+09:00,2231.813633974475,2267.5226521180666,2180.1295287666453,2187.647216796875,215300,0.0,0.0
2016-07-11 00:00:00+09:00,2187.647216796875,2187.647216796875,2187.647216796875,2187.647216796875,0,0.0,0.0
2016-07-12 00:00:00+09:00,2298.5333462976246,2316.387857164205,2272.221435546875,2272.221435546875,223700,0.0,0.0
2016-07-13 00:00:00+09:00,2295.713902269291,2299.4727461534812,2211.1399148750065,2243.090087890625,345300,0.0,0.0
2016-07-14 00:00:00+09:00,2267.5226983021444,2281.618363645921,2222.4165692020606,2234.6328125,417700,0.0,0.0
2016-07-15 00:00:00+09:00,2240.271345471054,2268.4626795164113,2158.516476739518,2166.973876953125,592800,0.0,0.0
2016-07-19 00:00:00+09:00,2182.008804346427,2288.1961406475234,2182.008804346427,2281.6181640625,397700,0.0,0.0
2016-07-20 00:00:00+09:00,2285.377051308683,2287.256473225878,2243.090058171804,2261.88427734375,171100,0.0,0.0
2016-07-21 00:00:00+09:00,2296.6535432235055,2296.6535432235055,2234.632621025162,2247.78857421875,204100,0.0,0.0
2016-07-22 00:00:00+09:00,2244.0305235674377,2266.583594156055,2227.1157206259745,2260.005615234375,171700,0.0,0.0
2016-07-25 00:00:00+09:00,2260.0051591981132,2288.196491745283,2235.572670990566,2241.2109375,220400,0.0,0.0
2016-07-26 00:00:00+09:00,2249.667988373103,2249.667988373103,2183.8882226311994,2197.98388671875,230100,0.0,0.0
2016-07-27 00:00:00+09:00,2224.2957930155117,2224.2957930155117,2188.5867773270497,2197.98388671875,159800,0.0,0.0
2016-07-28 00:00:00+09:00,2182.949016281654,2195.1652613146553,2146.300281182651,2180.1298828125,231000,0.0,0.0
2016-07-29 00:00:00+09:00,2165.0939123376625,2187.646973924513,2125.6260545606738,2170.732177734375,518100,0.0,0.0
2016-08-01 00:00:00+09:00,2180.129817389195,2321.086486616945,2166.9738615946053,2300.412841796875,567500,0.0,0.0
2016-08-02 00:00:00+09:00,2240.2714970411803,2256.2465874143763,2173.552001953125,2173.552001953125,448600,0.0,0.0
2016-08-03 00:00:00+09:00,2169.792453212895,2227.114817719602,2144.4202590869754,2171.671875,337400,0.0,0.0
2016-08-04 00:00:00+09:00,2173.5515303807147,2197.0443052443193,2140.661645571668,2155.697021484375,221900,0.0,0.0
2016-08-05 00:00:00+09:00,2130.3250108748607,2146.3000991787308,2104.952811804009,2109.6513671875,275000,0.0,0.0
2016-08-08 00:00:00+09:00,2132.2044094491293,2140.6618090458865,2079.5805897359733,2094.615966796875,195500,0.0,0.0
2016-08-09 00:00:00+09:00,2067.36451021228,2090.85728873742,2057.027687661219,2083.339599609375,203900,0.0,0.0
2016-08-10 00:00:00+09:00,2076.761395746844,2090.8570613288357,2053.2686197768567,2065.48486328125,161800,0.0,0.0
2016-08-12 00:00:00+09:00,2086.1585123187697,2116.2292656494906,2086.1585123187697,2098.374755859375,152900,0.0,0.0
2016-08-15 00:00:00+09:00,2075.8213708490553,2104.9524086472993,2060.7859965015746,2070.18310546875,158800,0.0,0.0
2016-08-16 00:00:00+09:00,2063.6055704096616,2063.6055704096616,2038.2333707734772,2040.11279296875,173300,0.0,0.0
2016-08-17 00:00:00+09:00,2026.956634423357,2045.7508544921875,2020.3786573992663,2045.7508544921875,148400,0.0,0.0
2016-08-18 00:00:00+09:00,2006.283237816175,2012.8612156450806,1905.7341481457624,1937.684326171875,683200,0.0,0.0
2016-08-19 00:00:00+09:00,1933.925680132933,1948.9610595703125,1919.8300119103897,1948.9610595703125,361500,0.0,0.0
2016-08-22 00:00:00+09:00,1956.4786208902217,1971.513999340867,1949.9006428180644,1965.875732421875,207300,0.0,0.0
2016-08-23 00:00:00+09:00,1925.4677527830174,1987.4886760058964,1925.4677527830174,1977.15185546875,285200,0.0,0.0
2016-08-24 00:00:00+09:00,1972.4534120143858,1972.4534120143858,1945.2017926964168,1961.1768798828125,155000,0.0,0.0
2016-08-25 00:00:00+09:00,1938.6237381734784,1947.0811369342935,1917.010385784729,1941.44287109375,159800,0.0,0.0
2016-08-26 00:00:00+09:00,1932.0459161757485,1942.3827377117084,1912.3119841525527,1914.19140625,176800,0.0,0.0
2016-08-29 00:00:00+09:00,1954.5989145874505,1954.5989145874505,1885.0602993569355,1901.97509765625,318600,0.0,0.0
2016-08-30 00:00:00+09:00,1901.9752473765145,1913.251780463727,1881.3016033832916,1900.0958251953125,184100,0.0,0.0
2016-08-31 00:00:00+09:00,1893.5175106858567,1898.216065302943,1865.3261829833377,1889.7586669921875,230000,0.0,0.0
2016-09-01 00:00:00+09:00,1889.7590282697756,1906.673828125,1870.0250951053474,1906.673828125,233400,0.0,0.0
2016-09-02 00:00:00+09:00,1889.758878221699,1920.7693421606925,1879.422056908701,1917.010498046875,160300,0.0,0.0
2016-09-05 00:00:00+09:00,1945.201856858363,1951.779834152087,1913.251681431704,1915.131103515625,149800,0.0,0.0
2016-09-06 00:00:00+09:00,1934.8649801822053,1999.7050402271652,1934.8649801822053,1985.609375,238700,0.0,0.0
2016-09-07 00:00:00+09:00,1979.9711226261022,1994.0667879509203,1957.4180581063933,1984.669677734375,244300,0.0,0.0
2016-09-08 00:00:00+09:00,1982.790197856871,2012.8609496727097,1972.4533769201764,2005.34326171875,158900,0.0,0.0
2016-09-09 00:00:00+09:00,2012.861250412632,2016.6200949512177,1993.1273165850573,2001.584716796875,135300,0.0,0.0
2016-09-12 00:00:00+09:00,1975.2724062203229,1996.8857579534663,1971.5135624406457,1979.03125,141200,0.0,0.0
2016-09-13 00:00:00+09:00,1973.393315471902,1981.850715395353,1946.1416934963377,1956.478515625,208100,0.0,0.0
2016-09-14 00:00:00+09:00,1944.2620379974537,1989.368165510203,1944.2620379974537,1980.9107666015625,172200,0.0,0.0
2016-09-15 00:00:00+09:00,1960.2372792048084,1976.2123672903701,1948.9607464385297,1953.6593017578125,108800,0.0,0.0
2016-09-16 00:00:00+09:00,1972.453164727708,1989.3679608044583,1966.8148993687914,1986.548828125,161800,0.0,0.0
2016-09-20 00:00:00+09:00,1987.4885520251937,2020.3784335007879,1970.5737558377452,1994.0665283203125,156700,0.0,0.0
2016-09-21 00:00:00+09:00,1982.7904513988162,2060.786473894599,1962.1168068818617,2054.20849609375,215200,0.0,0.0
2016-09-23 00:00:00+09:00,2032.59521484375,2043.871748629291,1996.8861911895372,2032.59521484375,162800,0.0,0.0
2016-09-26 00:00:00+09:00,2035.4141452365452,2055.148077392578,2025.077323631004,2029.77587890625,119200,0.0,0.0
2016-09-27 00:00:00+09:00,2010.0421306109395,2083.339599609375,2006.2832860469173,2083.339599609375,193100,0.0,0.0
2016-09-28 00:00:00+09:00,2027.5188852050328,2071.986168268326,2027.5188852050328,2041.7105712890625,139800,15.0,0.0
2016-09-29 00:00:00+09:00,2070.094072229722,2070.094072229722,2036.9801359737621,2058.74072265625,166500,0.0,0.0
2016-09-30 00:00:00+09:00,2011.4349396681062,2037.9260865687208,1989.6743547140297,2019.949951171875,149800,0.0,0.0
2016-10-03 00:00:00+09:00,2021.842041015625,2056.848197083748,2014.2731424063013,2021.842041015625,343900,0.0,0.0
2016-10-04 00:00:00+09:00,2023.7339269759807,2048.3328433394104,2020.895590472508,2045.4945068359375,238500,0.0,0.0
2016-10-05 00:00:00+09:00,2046.4409509395098,2073.8782082567755,2039.8181646905145,2059.6865234375,230400,0.0,0.0
2016-10-06 00:00:00+09:00,2071.0402526715156,2071.0402526715156,2038.8724278241739,2057.794677734375,116500,0.0,0.0
2016-10-07 00:00:00+09:00,2041.7103998651,2061.578758714575,2011.4348054278048,2021.842041015625,156800,0.0,0.0
2016-10-11 00:00:00+09:00,2032.2495532601117,2044.5490151746283,2024.6806536204092,2035.087890625,123100,0.0,0.0
2016-10-12 00:00:00+09:00,2003.8658393750723,2066.309250800358,2003.8658393750723,2050.225341796875,312300,0.0,0.0
2016-10-13 00:00:00+09:00,2054.009753156064,2054.009753156064,2016.1652620799505,2028.4647216796875,194300,0.0,0.0
2016-10-14 00:00:00+09:00,2032.249267578125,2047.387064729545,2014.273133460814,2032.249267578125,112400,0.0,0.0
2016-10-17 00:00:00+09:00,2018.0578197210607,2024.6806067524942,1999.1355710598225,2015.219482421875,167800,0.0,0.0
2016-10-18 00:00:00+09:00,2007.6501276435781,2047.3868408203125,2007.6501276435781,2047.3868408203125,148700,0.0,0.0
2016-10-19 00:00:00+09:00,2040.7645446243673,2064.4173557581685,2036.033982397607,2055.90234375,135200,0.0,0.0
2016-10-20 00:00:00+09:00,2055.901939724716,2062.5247255406725,2049.27915390876,2061.57861328125,80000,0.0,0.0
2016-10-21 00:00:00+09:00,2066.3093573676215,2071.0399190832068,2041.7104364465783,2043.6026611328125,117800,0.0,0.0
2016-10-24 00:00:00+09:00,2037.9259563068767,2071.9860001448747,2036.9798439780434,2066.309326171875,95800,0.0,0.0
2016-10-25 00:00:00+09:00,2071.039913408472,2076.71658745162,2054.009891279028,2062.52490234375,139000,0.0,0.0
2016-10-26 00:00:00+09:00,2062.5249763526967,2081.447223842171,2051.171627859012,2078.60888671875,109900,0.0,0.0
2016-10-27 00:00:00+09:00,2069.1475956897166,2095.6387400332524,2055.902023517949,2067.25537109375,148400,0.0,0.0
2016-10-28 00:00:00+09:00,2089.01585271861,2116.453108030584,2089.01585271861,2109.830322265625,197300,0.0,0.0
2016-10-31 00:00:00+09:00,2088.0697147153132,2111.722520727041,2076.7163678296843,2086.177490234375,168800,0.0,0.0
2016-11-01 00:00:00+09:00,2064.4170710245767,2064.4170710245767,1970.751951853434,1998.189208984375,438600,0.0,0.0
2016-11-02 00:00:00+09:00,1981.159163076111,1986.8358368958134,1951.8296816743157,1974.536376953125,279100,0.0,0.0
2016-11-04 00:00:00+09:00,1955.614434424867,1962.237221575798,1920.608273769947,1956.560546875,328800,0.0,0.0
2016-11-07 00:00:00+09:00,1960.344625538793,1967.9135237068965,1909.2545629040949,1920.60791015625,286500,0.0,0.0
2016-11-08 00:00:00+09:00,1909.2547574002924,1936.692016054707,1878.9791616436971,1900.73974609375,309800,0.0,0.0
2016-11-09 00:00:00+09:00,1915.8775832409308,1916.8236956277165,1798.5596472795107,1823.1585693359375,330000,0.0,0.0
2016-11-10 00:00:00+09:00,1859.1109619140625,1878.033210890287,1833.5659257961593,1859.1109619140625,337700,0.0,0.0
2016-11-11 00:00:00+09:00,1876.1408911473247,1909.254825181695,1861.9492051325947,1899.793701171875,455100,0.0,0.0
2016-11-14 00:00:00+09:00,1913.9852692912675,1963.1831111119031,1900.739696493404,1944.2608642578125,374400,0.0,0.0
2016-11-15 00:00:00+09:00,1961.2912636186336,1987.7824143090927,1956.5607009953374,1978.3212890625,245000,0.0,0.0
2016-11-16 00:00:00+09:00,1992.5128695157962,1996.2973194104131,1973.5906200427119,1984.9439697265625,163800,0.0,0.0
2016-11-17 00:00:00+09:00,1965.075484038883,1993.4588564612068,1961.2910343825731,1976.4288330078125,187000,0.0,0.0
2016-11-18 00:00:00+09:00,1996.2971572092379,2034.141653080503,1986.8360332414215,2026.57275390625,261300,0.0,0.0
2016-11-21 00:00:00+09:00,2029.4108543204302,2086.1775915042185,2029.4108543204302,2071.039794921875,377100,0.0,0.0
2016-11-22 00:00:00+09:00,2050.2251774757933,2077.66243181211,2037.9257186353757,2047.3868408203125,305100,0.0,0.0
2016-11-24 00:00:00+09:00,2068.201499994654,2081.4470722727533,2049.2792538830836,2073.878173828125,324900,0.0,0.0
2016-11-25 00:00:00+09:00,2071.986007482544,2091.8543664584045,2055.9020978354197,2083.33935546875,338600,0.0,0.0
2016-11-28 00:00:00+09:00,2061.578372678895,2098.476746490036,2056.847811933877,2089.015625,362400,0.0,0.0
2016-11-29 00:00:00+09:00,2071.9861096716318,2091.8544696273875,2059.6866487466405,2068.20166015625,230200,0.0,0.0
2016-11-30 00:00:00+09:00,2089.0160621615523,2115.507207877369,2089.0160621615523,2096.5849609375,355700,0.0,0.0
2016-12-01 00:00:00+09:00,2106.0461264047713,2111.7228005999323,2072.932193599665,2099.42333984375,340300,0.0,0.0
2016-12-02 00:00:00+09:00,2104.1535584143107,2154.2975056247237,2102.2613339912764,2141.998046875,417200,0.0,0.0
2016-12-05 00:00:00+09:00,2127.8068951290566,2129.6991200246803,2092.8007345600145,2117.399658203125,258700,0.0,0.0
2016-12-06 00:00:00+09:00,2106.992102539062,2137.2676962890623,2106.992102539062,2128.752685546875,273200,0.0,0.0
2016-12-07 00:00:00+09:00,2126.8602497553134,2128.752474176804,2097.5307712222107,2114.560791015625,380800,0.0,0.0
2016-12-08 00:00:00+09:00,2128.752567308366,2140.1059143340103,2089.961964970747,2109.830322265625,345900,0.0,0.0
2016-12-09 00:00:00+09:00,2103.2080222872405,2159.974770527112,2103.2080222872405,2154.298095703125,331900,0.0,0.0
2016-12-12 00:00:00+09:00,2169.435378935843,2192.1420728278886,2159.974256480824,2185.519287109375,228400,0.0,0.0
2016-12-13 00:00:00+09:00,2194.9808539655896,2260.2626121223248,2185.519729595048,2254.5859375,290700,0.0,0.0
2016-12-14 00:00:00+09:00,2261.208860100142,2274.454435012862,2247.963285187421,2252.69384765625,243800,0.0,0.0
2016-12-15 00:00:00+09:00,2227.14867682543,2274.4542986781366,2222.4181146401593,2254.5859375,167900,0.0,0.0
2016-12-16 00:00:00+09:00,2253.6395147044186,2258.370076238223,2220.525583967788,2228.094482421875,348400,0.0,0.0
2016-12-19 00:00:00+09:00,2227.1483191040447,2275.400045643682,2227.1483191040447,2263.1005859375,271700,0.0,0.0
2016-12-20 00:00:00+09:00,2176.058122612565,2222.417621746485,2156.1897658408852,2182.680908203125,650100,0.0,0.0
2016-12-21 00:00:00+09:00,2182.681422456782,2211.0647959607713,2169.43584815492,2178.89697265625,443900,0.0,0.0
2016-12-22 00:00:00+09:00,2178.896409392717,2199.710877914923,2174.165848364943,2190.249755859375,187600,0.0,0.0
2016-12-26 00:00:00+09:00,2222.4182033909897,2227.1487657651724,2182.681479447856,2188.358154296875,107600,0.0,0.0
2016-12-27 00:00:00+09:00,2211.0643436538076,2232.824925555407,2204.4415578576686,2209.172119140625,130800,0.0,0.0
2016-12-28 00:00:00+09:00,2209.171967207618,2216.740864739807,2180.78860146191,2204.44140625,109200,0.0,0.0
2016-12-29 00:00:00+09:00,2232.8250361039795,2232.8250361039795,2198.7649931803594,2211.064453125,186000,0.0,0.0
2016-12-30 00:00:00+09:00,2201.603179041763,2214.848750381077,2187.411495463926,2206.333740234375,80700,0.0,0.0
2017-01-04 00:00:00+09:00,2213.9031794502584,2250.8015657744295,2209.1726171010055,2243.232666015625,215500,0.0,0.0
2017-01-05 00:00:00+09:00,2252.693524185042,2292.430243217286,2242.286288248026,2291.484130859375,266300,0.0,0.0
2017-01-06 00:00:00+09:00,2245.1246371713632,2263.1007720665407,2237.555738268131,2253.6396484375,164100,0.0,0.0
2017-01-10 00:00:00+09:00,2245.124614056865,2253.639625235336,2220.5256928746157,2229.98681640625,243500,0.0,0.0
2017-01-11 00:00:00+09:00,2243.2324540176232,2265.9391511481263,2223.364094028433,2256.47802734375,121300,0.0,0.0
2017-01-12 00:00:00+09:00,2225.256172278747,2230.932846187621,2186.465567234772,2196.872802734375,236800,0.0,0.0
2017-01-13 00:00:00+09:00,2208.2260322182865,2237.5555125091037,2200.657134078721,2232.824951171875,174700,0.0,0.0
2017-01-16 00:00:00+09:00,2209.1719247304068,2219.5791586370597,2191.195793437097,2201.60302734375,113600,0.0,0.0
2017-01-17 00:00:00+09:00,2212.0109084109044,2214.8492457613033,2178.89697265625,2178.89697265625,200400,0.0,0.0
2017-01-18 00:00:00+09:00,2180.788768113525,2218.6332586664707,2180.788768113525,2215.794921875,212300,0.0,0.0
2017-01-19 00:00:00+09:00,2244.1784739474374,2271.61573184983,2234.717350532819,2261.20849609375,213400,0.0,0.0
2017-01-20 00:00:00+09:00,2253.6399753896435,2266.8855503919335,2242.2866253876805,2259.316650390625,213000,0.0,0.0
2017-01-23 00:00:00+09:00,2213.902772626113,2248.9089275778933,2194.0344144102373,2231.87890625,219500,0.0,0.0
2017-01-24 00:00:00+09:00,2221.472063868179,2259.3165624008566,2219.579838941545,2236.60986328125,234800,0.0,0.0
2017-01-25 00:00:00+09:00,2261.208875390952,2282.023350394551,2247.0171878884985,2259.316650390625,209000,0.0,0.0
2017-01-26 00:00:00+09:00,2274.4541404486095,2309.460298184299,2274.4541404486095,2304.729736328125,285500,0.0,0.0
2017-01-27 00:00:00+09:00,2302.837453466354,2308.514127550495,2290.537992950716,2295.2685546875,145600,0.0,0.0
2017-01-30 00:00:00+09:00,2301.8912226682814,2308.5140087589834,2276.3461906041452,2303.783447265625,156600,0.0,0.0
2017-01-31 00:00:00+09:00,2291.483970780349,2305.6756551576013,2268.7772757767452,2297.16064453125,182600,0.0,0.0
2017-02-01 00:00:00+09:00,2266.8850762395577,2301.8912314235577,2252.6933917055035,2293.376220703125,242400,0.0,0.0
2017-02-02 00:00:00+09:00,2350.143229437708,2350.143229437708,2220.5258291023756,2272.56201171875,466900,0.0,0.0
2017-02-03 00:00:00+09:00,2267.83121249665,2319.8673896711666,2261.2084263108027,2317.029052734375,294100,0.0,0.0
2017-02-06 00:00:00+09:00,2322.7058940764996,2332.167017881292,2295.268635042602,2328.382568359375,180100,0.0,0.0
2017-02-07 00:00:00+09:00,2308.514502331329,2336.897877359993,2295.2689273179526,2320.81396484375,205900,0.0,0.0
2017-02-08 00:00:00+09:00,2302.8373255997476,2358.657950994318,2297.160651830808,2341.6279296875,170900,0.0,0.0
2017-02-09 00:00:00+09:00,2346.3589077756305,2355.820032403758,2323.6522086681243,2325.54443359375,155500,0.0,0.0
2017-02-10 00:00:00+09:00,2363.388739338769,2385.149324208581,2342.5742668546004,2362.442626953125,481000,0.0,0.0
2017-02-13 00:00:00+09:00,2372.8496946522887,2377.5802562444983,2349.196886691241,2351.089111328125,237700,0.0,0.0
2017-02-14 00:00:00+09:00,2357.712241575505,2365.2811412274327,2313.2449561204294,2318.921630859375,360100,0.0,0.0
2017-02-15 00:00:00+09:00,2364.3346837863114,2395.5563902948943,2342.5741004621477,2351.089111328125,288000,0.0,0.0
2017-02-16 00:00:00+09:00,2328.382568359375,2347.3048159689597,2307.5680959888323,2328.382568359375,215300,0.0,0.0
2017-02-17 00:00:00+09:00,2337.8434552388503,2348.2506903694157,2328.3823323928814,2345.412353515625,185800,0.0,0.0
2017-02-20 00:00:00+09:00,2335.9512306696565,2357.711813215384,2315.1367604085253,2345.412353515625,165700,0.0,0.0
2017-02-21 00:00:00+09:00,2345.4127793445696,2365.2811409283677,2332.167204955371,2363.388916015625,118400,0.0,0.0
2017-02-22 00:00:00+09:00,2358.65800987566,2358.65800987566,2330.2746403224032,2351.089111328125,107700,0.0,0.0
2017-02-23 00:00:00+09:00,2356.765859870697,2398.3948032004087,2338.7897252510493,2367.173095703125,145400,0.0,0.0
2017-02-24 00:00:00+09:00,2360.550537109375,2374.742223705223,2349.1971878326967,2360.550537109375,195100,0.0,0.0
2017-02-27 00:00:00+09:00,2347.3048159689597,2347.3048159689597,2314.1908826521867,2328.382568359375,164100,0.0,0.0
2017-02-28 00:00:00+09:00,2316.0829583204572,2343.5202155881425,2292.4301503310735,2296.214599609375,475700,0.0,0.0
2017-03-01 00:00:00+09:00,2272.5617500531794,2308.5140175394495,2267.831188541828,2293.376220703125,505400,0.0,0.0
2017-03-02 00:00:00+09:00,2304.7296944840473,2315.1369303786796,2283.9152226947826,2301.891357421875,475800,0.0,0.0
2017-03-03 00:00:00+09:00,2303.7834052035682,2317.028977143137,2289.591720982602,2300.945068359375,319500,0.0,0.0
2017-03-06 00:00:00+09:00,2283.9154442061617,2284.86155665198,2266.8854201814265,2278.23876953125,172100,0.0,0.0
2017-03-07 00:00:00+09:00,2275.400011786099,2290.537808122306,2271.6155627020476,2277.292236328125,161600,0.0,0.0
2017-03-08 00:00:00+09:00,2264.9933969350964,2289.592322716346,2260.2628342848557,2275.400634765625,212500,0.0,0.0
2017-03-09 00:00:00+09:00,2291.4842658429106,2294.322603083839,2277.2925796382683,2289.592041015625,185300,0.0,0.0
2017-03-10 00:00:00+09:00,2317.9754193050144,2319.8676441371,2294.3226089039426,2306.6220703125,305300,0.0,0.0
2017-03-13 00:00:00+09:00,2297.1604939845024,2328.3821975683118,2297.1604939845024,2319.8671875,258300,0.0,0.0
2017-03-14 00:00:00+09:00,2327.4364303372213,2343.5203406281694,2322.705868486942,2332.1669921875,211600,0.0,0.0
2017-03-15 00:00:00+09:00,2320.813855772357,2323.6521931418297,2298.1071568165735,2318.921630859375,182500,0.0,0.0
2017-03-16 00:00:00+09:00,2299.0534182868487,2332.1673564103216,2294.322855697781,2323.65234375,156100,0.0,0.0
2017-03-17 00:00:00+09:00,2313.245139757661,2319.8679274788487,2292.4306640625,2292.4306640625,319200,0.0,0.0
2017-03-21 00:00:00+09:00,2297.160358005799,2315.136489308151,2290.5375727891433,2294.322021484375,208300,0.0,0.0
2017-03-22 00:00:00+09:00,2260.262470356563,2279.1847179108245,2237.555773291449,2239.447998046875,190500,0.0,0.0
2017-03-23 00:00:00+09:00,2250.8011353161874,2250.8011353161874,2221.471654359986,2225.256103515625,236900,0.0,0.0
2017-03-24 00:00:00+09:00,2221.471955456843,2244.1786534683265,2218.6336182054074,2234.717529296875,250000,0.0,0.0
2017-03-27 00:00:00+09:00,2223.3640554860153,2247.962976950967,2216.7412689377593,2226.202392578125,226200,0.0,0.0
2017-03-28 00:00:00+09:00,2256.4781677678247,2271.615966796875,2247.017043374668,2271.615966796875,204400,0.0,0.0
2017-03-29 00:00:00+09:00,2293.513001245541,2313.5062652663614,2287.8006400967356,2302.08154296875,161000,15.0,0.0
2017-03-30 00:00:00+09:00,2297.321486260889,2305.8900288950986,2263.04731572405,2267.8076171875,185100,0.0,0.0
2017-03-31 00:00:00+09:00,2286.848376517234,2288.752496730821,2218.300048828125,2218.300048828125,282000,0.0,0.0
2017-04-03 00:00:00+09:00,2229.7250771981217,2237.3415591014455,2218.3003543431355,2226.868896484375,270100,0.0,0.0
2017-04-04 00:00:00+09:00,2203.0676194976477,2232.5814899403563,2195.451136802755,2213.540283203125,275600,0.0,0.0
2017-04-05 00:00:00+09:00,2208.7799006295936,2222.108744857531,2188.786634287688,2202.115478515625,332500,0.0,0.0
2017-04-06 00:00:00+09:00,2203.0675255375977,2212.588128500163,2185.93044020498,2188.78662109375,321000,0.0,0.0
2017-04-07 00:00:00+09:00,2195.451204244915,2225.9171359603693,2188.7867816821595,2211.63623046875,275500,0.0,0.0
2017-04-10 00:00:00+09:00,2205.9231420602764,2217.3478626924402,2186.8819410066703,2201.162841796875,232300,0.0,0.0
2017-04-11 00:00:00+09:00,2178.3134005325473,2205.9231420602764,2165.9366198477037,2201.162841796875,270700,0.0,0.0
2017-04-12 00:00:00+09:00,2192.594377851153,2192.594377851153,2162.1284551020267,2178.3134765625,249200,0.0,0.0
2017-04-13 00:00:00+09:00,2158.320245035843,2171.649086425566,2149.75170414245,2160.224365234375,234600,0.0,0.0
2017-04-14 00:00:00+09:00,2160.2248754620764,2161.1769357862117,2124.9986434690854,2128.806884765625,183700,0.0,0.0
2017-04-17 00:00:00+09:00,2140.2314793736205,2159.272684706126,2127.854695907492,2156.41650390625,179400,0.0,0.0
2017-04-18 00:00:00+09:00,2158.3208133040266,2181.170261702481,2154.512571904284,2171.649658203125,184200,0.0,0.0
2017-04-19 00:00:00+09:00,2161.1770266009166,2194.4991393458645,2151.656422959503,2187.834716796875,255400,0.0,0.0
2017-04-20 00:00:00+09:00,2186.8819201020465,2212.587541278692,2171.648959404775,2198.306640625,196100,0.0,0.0
2017-04-21 00:00:00+09:00,2220.2045962657776,2248.7664049655946,2206.8757522058627,2244.006103515625,257500,0.0,0.0
2017-04-24 00:00:00+09:00,2265.9035700363825,2295.4174400662682,2263.047389065748,2289.705078125,267300,0.0,0.0
2017-04-25 00:00:00+09:00,2274.4719849141866,2299.225551932926,2266.8555027545744,2283.04052734375,221700,0.0,0.0
2017-04-26 00:00:00+09:00,2303.0334887443623,2314.458210474388,2295.4170075910115,2308.745849609375,200700,0.0,0.0
2017-04-27 00:00:00+09:00,2301.1295977623718,2307.7940194356597,2281.1363327425083,2295.417236328125,163100,0.0,0.0
2017-04-28 00:00:00+09:00,2304.9381443496577,2312.5546272719203,2286.8489974092845,2303.986083984375,187000,0.0,0.0
2017-05-01 00:00:00+09:00,2317.3149059745083,2335.404052734375,2306.8422420609013,2335.404052734375,124800,0.0,0.0
2017-05-02 00:00:00+09:00,2323.978687538203,2350.6363701482273,2323.978687538203,2336.35546875,245000,0.0,0.0
2017-05-08 00:00:00+09:00,2358.2530330455893,2383.9586575479034,2342.0680102107995,2372.533935546875,499800,0.0,0.0
2017-05-09 00:00:00+09:00,2368.7261197709904,2406.8085332721316,2363.9658180833476,2398.239990234375,219400,0.0,0.0
2017-05-10 00:00:00+09:00,2408.7123881766074,2416.328870036454,2385.862942597066,2395.383544921875,232000,0.0,0.0
2017-05-11 00:00:00+09:00,2390.623489379883,2397.2879116919735,2358.253438149729,2361.109619140625,237800,0.0,0.0
2017-05-12 00:00:00+09:00,2269.711966271363,2279.2325701567293,2129.759089156476,2172.601806640625,1214800,0.0,0.0
2017-05-15 00:00:00+09:00,2152.6078844402473,2172.601146524832,2114.5254804696106,2160.224365234375,713700,0.0,0.0
2017-05-16 00:00:00+09:00,2192.5950231465913,2217.3485926653975,2170.6976347261084,2211.63623046875,469100,0.0,0.0
2017-05-17 00:00:00+09:00,2184.978318926549,2189.7386202749726,2166.889173802538,2180.218017578125,260100,0.0,0.0
2017-05-18 00:00:00+09:00,2157.368591335636,2179.265977743721,2145.943867992288,2148.800048828125,243200,0.0,0.0
2017-05-19 00:00:00+09:00,2158.3205974560396,2171.6494410221553,2145.9438141446462,2164.032958984375,205600,0.0,0.0
2017-05-22 00:00:00+09:00,2156.4162748704202,2177.3615985115457,2140.231252056823,2169.7451171875,236800,0.0,0.0
2017-05-23 00:00:00+09:00,2169.745449454324,2188.7866556803383,2166.889268520422,2170.697509765625,244400,0.0,0.0
2017-05-24 00:00:00+09:00,2188.7867241944004,2191.6429052177073,2163.0810949846355,2168.79345703125,130200,0.0,0.0
2017-05-25 00:00:00+09:00,2137.37529198189,2177.3618230568295,2137.37529198189,2166.88916015625,119500,0.0,0.0
2017-05-26 00:00:00+09:00,2156.416524251302,2173.5536092122393,2151.6562228732637,2159.272705078125,97100,0.0,0.0
2017-05-29 00:00:00+09:00,2154.5118998516527,2164.984560434228,2144.9912993220387,2145.943359375,97100,0.0,0.0
2017-05-30 00:00:00+09:00,2151.6557196927683,2160.224260169421,2138.3268789513086,2145.943359375,86100,0.0,0.0
2017-05-31 00:00:00+09:00,2139.2789643611213,2152.6078052605676,2128.8063036544136,2138.326904296875,159900,0.0,0.0
2017-06-01 00:00:00+09:00,2136.4233186141305,2177.361911617877,2134.519198009305,2167.84130859375,187500,0.0,0.0
2017-06-02 00:00:00+09:00,2176.409669861313,2217.34825945188,2167.841127853985,2210.683837890625,226300,0.0,0.0
2017-06-05 00:00:00+09:00,2198.307645941133,2204.9720692939213,2155.4649243874946,2190.691162109375,342900,0.0,0.0
2017-06-06 00:00:00+09:00,2179.2658593881492,2187.8344014303048,2120.2381253199687,2121.190185546875,396400,0.0,0.0
2017-06-07 00:00:00+09:00,2117.3818209134615,2120.2380014272835,2089.772075946514,2104.052978515625,254200,0.0,0.0
2017-06-08 00:00:00+09:00,2110.7174588394337,2117.3818802250344,2077.395351911432,2078.347412109375,235900,0.0,0.0
2017-06-09 00:00:00+09:00,2063.1144548560155,2081.2035986687815,2054.5459130499685,2067.874755859375,200400,0.0,0.0
2017-06-12 00:00:00+09:00,2069.7789173248825,2088.8201217160954,2065.9706764466396,2073.587158203125,145800,0.0,0.0
2017-06-13 00:00:00+09:00,2065.9706764466396,2077.3953990813675,2052.64183337279,2073.587158203125,173300,0.0,0.0
2017-06-14 00:00:00+09:00,2077.3953990813675,2092.6283625943383,2072.6350979835643,2073.587158203125,131000,0.0,0.0
2017-06-15 00:00:00+09:00,2080.251600290864,2094.532503725355,2071.6830582301695,2076.443359375,136900,0.0,0.0
2017-06-16 00:00:00+09:00,2082.1556734886067,2090.7242153548145,2074.5391918297546,2081.20361328125,195300,0.0,0.0
2017-06-19 00:00:00+09:00,2086.9160360905466,2097.3886986804173,2084.0598553842183,2089.772216796875,152400,0.0,0.0
2017-06-20 00:00:00+09:00,2094.532429530823,2104.0530314832354,2085.01182757841,2088.820068359375,208500,0.0,0.0
2017-06-21 00:00:00+09:00,2076.443353137831,2101.196919016594,2076.443353137831,2086.916015625,116400,0.0,0.0
2017-06-22 00:00:00+09:00,2084.06004401819,2112.6218536666806,2084.06004401819,2105.00537109375,130300,0.0,0.0
2017-06-23 00:00:00+09:00,2119.2860445926967,2126.9025263342696,2104.0530811095505,2118.333984375,204700,0.0,0.0
2017-06-26 00:00:00+09:00,2110.717347343013,2129.7585502960396,2110.717347343013,2119.285888671875,85400,0.0,0.0
2017-06-27 00:00:00+09:00,2119.2861802995553,2133.5670844794718,2111.669698070267,2114.52587890625,143900,0.0,0.0
2017-06-28 00:00:00+09:00,2101.1966681841877,2120.2378704332514,2093.5801872845623,2097.388427734375,153000,0.0,0.0
2017-06-29 00:00:00+09:00,2111.669521832047,2124.046304421685,2099.2927392424094,2112.62158203125,117200,0.0,0.0
2017-06-30 00:00:00+09:00,2092.6281892800635,2122.142053642066,2089.772008857934,2105.95703125,209900,0.0,0.0
2017-07-03 00:00:00+09:00,2109.7651157577384,2113.5733560388894,2080.251253578817,2106.908935546875,158900,0.0,0.0
2017-07-04 00:00:00+09:00,2106.909028858907,2114.5255097585323,2086.91576649739,2097.388427734375,136200,0.0,0.0
2017-07-05 00:00:00+09:00,2089.772435475672,2089.772435475672,2042.16941872224,2063.11474609375,312800,0.0,0.0
2017-07-06 00:00:00+09:00,2059.306084796298,2072.6349267690894,2046.9293029644198,2061.210205078125,206600,0.0,0.0
2017-07-07 00:00:00+09:00,2042.1692776213376,2049.7857597756365,2034.552795467039,2043.121337890625,189300,0.0,0.0
2017-07-10 00:00:00+09:00,2058.354118556047,2060.258238924739,2039.312914869127,2051.689697265625,118600,0.0,0.0
2017-07-11 00:00:00+09:00,2048.833557778517,2061.2103404230897,2045.0253169648022,2057.402099609375,219600,0.0,0.0
2017-07-12 00:00:00+09:00,2049.7857801775535,2057.4022624076606,2039.3131171111563,2045.9775390625,217500,0.0,0.0
2017-07-13 00:00:00+09:00,2051.6897431278767,2057.402104361643,2025.0320573702986,2029.7923583984375,140500,0.0,0.0
2017-07-14 00:00:00+09:00,2035.5050037504348,2058.354451874855,2028.8405813808122,2052.64208984375,98700,0.0,0.0
2017-07-17 00:00:00+09:00,2052.64208984375,2052.64208984375,2052.64208984375,2052.64208984375,0,0.0,0.0
2017-07-18 00:00:00+09:00,2045.0256071356098,2055.4982708593025,2030.7447020578472,2052.64208984375,99900,0.0,0.0
2017-07-19 00:00:00+09:00,2058.3542888120533,2072.635192758483,2048.8336861811003,2064.066650390625,208400,0.0,0.0
2017-07-20 00:00:00+09:00,2065.0188994355253,2087.8683478386847,2055.4982959342087,2079.2998046875,138400,0.0,0.0
2017-07-21 00:00:00+09:00,2079.2996759445336,2079.2996759445336,2059.3064098296823,2072.63525390625,83200,0.0,0.0
2017-07-24 00:00:00+09:00,2048.833423246247,2067.8746260645207,2048.833423246247,2061.210205078125,124000,0.0,0.0
2017-07-25 00:00:00+09:00,2048.83384106772,2069.7791684392305,2047.8817807326518,2063.11474609375,113700,0.0,0.0
2017-07-26 00:00:00+09:00,2054.5454525762475,2064.066052449168,2048.8330926524955,2060.2578125,97500,0.0,0.0
2017-07-27 00:00:00+09:00,2061.210597948096,2095.4847695536996,2061.210597948096,2070.731201171875,207900,0.0,0.0
2017-07-28 00:00:00+09:00,2069.7786687342964,2089.7719309437816,2066.922488418656,2084.0595703125,167700,0.0,0.0
2017-07-31 00:00:00+09:00,2093.5807099394747,2115.478097992502,2078.347744337368,2079.2998046875,286800,0.0,0.0
2017-08-01 00:00:00+09:00,2053.59391851881,2079.299544758962,2024.080051354191,2031.696533203125,261100,0.0,0.0
2017-08-02 00:00:00+09:00,2010.7514668660838,2076.443631266538,2010.7514668660838,2068.8271484375,235200,0.0,0.0
2017-08-03 00:00:00+09:00,2065.0185872774346,2073.587129133358,2039.3129617096658,2046.929443359375,201400,0.0,0.0
2017-08-04 00:00:00+09:00,2046.9296601218575,2057.402323499225,2030.7446349022894,2054.546142578125,209700,0.0,0.0
2017-08-07 00:00:00+09:00,2063.1146853414257,2075.49146933286,2052.642021964058,2054.546142578125,139100,0.0,0.0
2017-08-08 00:00:00+09:00,2045.025321688482,2054.54592374476,2028.8402981928098,2029.7923583984375,177000,0.0,0.0
2017-08-09 00:00:00+09:00,2024.0800845892436,2027.8883255762412,2004.086819407506,2013.607421875,259500,0.0,0.0
2017-08-10 00:00:00+09:00,2013.607185500394,2026.9360273902312,2004.0865841505104,2020.2716064453125,101400,0.0,0.0
2017-08-11 00:00:00+09:00,2020.2716064453125,2020.2716064453125,2020.2716064453125,2020.2716064453125,0,0.0,0.0
2017-08-14 00:00:00+09:00,2002.1825966099332,2013.6073189871652,1989.8058140345984,1999.326416015625,233600,0.0,0.0
2017-08-15 00:00:00+09:00,2010.7513498036649,2012.6554704000698,1993.61426443602,2000.2786865234375,322500,0.0,0.0
2017-08-16 00:00:00+09:00,1983.1414333535508,2016.4635409711093,1983.1414333535508,2005.038818359375,227200,0.0,0.0
2017-08-17 00:00:00+09:00,2005.0387930521151,2038.3609002490875,2000.2784920239762,2029.7923583984375,177000,0.0,0.0
2017-08-18 00:00:00+09:00,1998.3744039756677,2015.5114879544967,1991.7099824283453,2011.7032470703125,184000,0.0,0.0
2017-08-21 00:00:00+09:00,2012.6551436617526,2019.319564667255,1999.3263016507476,2005.99072265625,120300,0.0,0.0
2017-08-22 00:00:00+09:00,2001.2306386672578,2021.2239038489954,2001.2306386672578,2013.607421875,142300,0.0,0.0
2017-08-23 00:00:00+09:00,2024.0799222514838,2036.4567044665682,2019.3196213995284,2025.031982421875,173900,0.0,0.0
2017-08-24 00:00:00+09:00,2006.9425680226293,2027.8878889412715,2006.9425680226293,2015.5111083984375,118700,0.0,0.0
2017-08-25 00:00:00+09:00,2023.1278489755946,2034.5525709462804,2018.3675481544756,2028.8402099609375,119100,0.0,0.0
2017-08-28 00:00:00+09:00,2028.8401372539465,2044.0730993356278,2025.9839568636312,2041.2169189453125,101500,0.0,0.0
2017-08-29 00:00:00+09:00,2022.1759371872056,2034.5527202302535,2004.0867927396741,2021.223876953125,159300,0.0,0.0
2017-08-30 00:00:00+09:00,2018.3675481544756,2039.3128717673994,2014.5593074975804,2028.8402099609375,155700,0.0,0.0
2017-08-31 00:00:00+09:00,2030.7447693381139,2053.5942182195554,2030.7447693381139,2050.738037109375,131000,0.0,0.0
2017-09-01 00:00:00+09:00,2061.2103404230897,2062.1624006265183,2044.0732567613734,2057.402099609375,114800,0.0,0.0
2017-09-04 00:00:00+09:00,2051.689955083119,2061.210558122948,2044.073472651256,2047.8817138671875,114900,0.0,0.0
2017-09-05 00:00:00+09:00,2045.02538280514,2048.8336237414624,2017.4156360168026,2021.223876953125,169300,0.0,0.0
2017-09-06 00:00:00+09:00,2000.2786865234375,2011.7034101018673,1991.710143839615,2000.2786865234375,140000,0.0,0.0
2017-09-07 00:00:00+09:00,2009.7990384535358,2022.1758207841353,2005.038737557151,2010.7510986328125,111900,0.0,0.0
2017-09-08 00:00:00+09:00,2008.8470923986285,2021.2238754323641,1985.9976467978859,1986.94970703125,156300,0.0,0.0
2017-09-11 00:00:00+09:00,2005.9909803215457,2025.984245906146,2000.2786187259458,2002.1827392578125,116200,0.0,0.0
2017-09-12 00:00:00+09:00,2024.0800092796578,2024.0800092796578,1999.326443785175,2008.8470458984375,112700,0.0,0.0
2017-09-13 00:00:00+09:00,2004.0869073713247,2016.4636911223115,1987.901882466188,1997.4224853515625,179400,0.0,0.0
2017-09-14 00:00:00+09:00,2003.1347516073565,2008.8471130663129,1986.9497274736468,1989.805908203125,112600,0.0,0.0
2017-09-15 00:00:00+09:00,1983.1416419993868,1991.7101848596817,1976.477219774713,1988.85400390625,173700,0.0,0.0
2017-09-18 00:00:00+09:00,1988.85400390625,1988.85400390625,1988.85400390625,1988.85400390625,0,0.0,0.0
2017-09-19 00:00:00+09:00,1993.614305495303,1994.5663658131134,1973.6210388212812,1988.85400390625,174900,0.0,0.0
2017-09-20 00:00:00+09:00,1989.8058877313429,1993.6141286648,1980.2852853977001,1986.94970703125,123600,0.0,0.0
2017-09-21 00:00:00+09:00,1988.8538614128604,2001.2306446576506,1984.093560164864,1985.9976806640625,133700,0.0,0.0
2017-09-22 00:00:00+09:00,1985.9977281195565,1997.4224513877418,1978.3812459407661,1981.2374267578125,148600,0.0,0.0
2017-09-25 00:00:00+09:00,1985.0456476575546,1998.3744913348714,1980.285346344227,1995.518310546875,168500,0.0,0.0
2017-09-26 00:00:00+09:00,2003.1347591607566,2013.607421875,1998.3744579270096,2013.607421875,174500,0.0,0.0
2017-09-27 00:00:00+09:00,2018.401623061209,2029.9079506036007,2004.9775742617521,2025.1136474609375,99000,15.0,0.0
2017-09-28 00:00:00+09:00,2032.7848345160542,2061.5506576459984,2032.7848345160542,2060.591796875,159100,0.0,0.0
2017-09-29 00:00:00+09:00,2062.50927734375,2070.1801626151355,2039.4966215295938,2062.50927734375,177900,0.0,0.0
2017-10-02 00:00:00+09:00,2067.303583934481,2074.015608557645,2051.0029527067973,2064.427001953125,136400,0.0,0.0
2017-10-03 00:00:00+09:00,2077.851188384417,2087.439795622001,2066.344859699316,2073.056884765625,121900,0.0,0.0
2017-10-04 00:00:00+09:00,2078.8100491081755,2080.727770555692,2064.4271382517995,2073.056884765625,123800,0.0,0.0
2017-10-05 00:00:00+09:00,2073.0569713961695,2076.8924144514813,2050.044313064297,2051.003173828125,169200,0.0,0.0
2017-10-06 00:00:00+09:00,2065.3856042395105,2066.3444647800115,2051.961556672494,2056.755859375,98800,0.0,0.0
2017-10-09 00:00:00+09:00,2056.755859375,2056.755859375,2056.755859375,2056.755859375,0,0.0,0.0
2017-10-10 00:00:00+09:00,2041.4142662791344,2042.3731269020932,2005.9364232296614,2018.401611328125,360900,0.0,0.0
2017-10-11 00:00:00+09:00,2018.401718722045,2023.1960220919311,2000.183365916478,2009.77197265625,197800,0.0,0.0
2017-10-12 00:00:00+09:00,2012.6486847780818,2021.2784314017133,2006.8955203623273,2014.56640625,176500,0.0,0.0
2017-10-13 00:00:00+09:00,2013.6070628583204,2019.3602258950586,2001.1418762787214,2017.4425048828125,195100,0.0,0.0
2017-10-16 00:00:00+09:00,2027.030934589926,2067.3030723632355,2024.1543533204037,2052.920166015625,214700,0.0,0.0
2017-10-17 00:00:00+09:00,2071.138979327798,2109.493404870905,2068.2623974120647,2107.57568359375,313400,0.0,0.0
2017-10-18 00:00:00+09:00,2108.5348757408406,2109.4937365301726,2079.7690520608835,2085.522216796875,255600,0.0,0.0
2017-10-19 00:00:00+09:00,2099.9049914246452,2103.740434331357,2071.139169624307,2076.892333984375,150100,0.0,0.0
2017-10-20 00:00:00+09:00,2078.8100554377306,2099.9049914246452,2072.0980303509855,2076.892333984375,179300,0.0,0.0
2017-10-23 00:00:00+09:00,2098.946044921875,2110.452373171789,2087.4397166719605,2098.946044921875,283600,0.0,0.0
2017-10-24 00:00:00+09:00,2100.863927108916,2122.917724609375,2096.0696233044687,2122.917724609375,281300,0.0,0.0
2017-10-25 00:00:00+09:00,2127.7116527911385,2135.3825375240494,2103.7401380007923,2118.123046875,324300,0.0,0.0
2017-10-26 00:00:00+09:00,2117.1642033292023,2130.5882517198766,2108.5344579351977,2127.711669921875,301800,0.0,0.0
2017-10-27 00:00:00+09:00,2136.3414693296036,2161.271845542606,2129.6294449645643,2158.395263671875,227200,0.0,0.0
2017-10-30 00:00:00+09:00,2156.4777800522224,2156.4777800522224,2136.3417047382623,2154.56005859375,381300,0.0,0.0
2017-10-31 00:00:00+09:00,2129.6295182496765,2142.0947067851316,2122.9174936536624,2130.58837890625,179400,0.0,0.0
2017-11-01 00:00:00+09:00,2161.2721025619744,2168.9429884628153,2144.971470022687,2166.06640625,236100,0.0,0.0
2017-11-02 00:00:00+09:00,2171.819475706935,2185.243525446404,2149.765679706379,2182.366943359375,175400,0.0,0.0
2017-11-03 00:00:00+09:00,2182.366943359375,2182.366943359375,2182.366943359375,2182.366943359375,0,0.0,0.0
2017-11-06 00:00:00+09:00,2195.79098661181,2202.503011461715,2170.8606085978763,2178.531494140625,200700,0.0,0.0
2017-11-07 00:00:00+09:00,2177.5725164191276,2181.407958984375,2148.8066971797734,2181.407958984375,240300,0.0,0.0
2017-11-08 00:00:00+09:00,2170.86036874038,2185.2432775438724,2153.6008781761902,2180.448974609375,215500,0.0,0.0
2017-11-09 00:00:00+09:00,2136.3416377744484,2281.129603350724,2136.3416377744484,2260.03466796875,500900,0.0,0.0
2017-11-10 00:00:00+09:00,2240.8573048127005,2260.034517519698,2238.9395835420005,2243.73388671875,340500,0.0,0.0
2017-11-13 00:00:00+09:00,2249.4870705117983,2265.787701457536,2238.939603429262,2255.240234375,183500,0.0,0.0
2017-11-14 00:00:00+09:00,2258.116510899752,2268.6639765557593,2219.7620903324523,2222.638671875,213600,0.0,0.0
2017-11-15 00:00:00+09:00,2177.572744528663,2210.174009748379,2168.942997852856,2171.819580078125,208100,0.0,0.0
2017-11-16 00:00:00+09:00,2143.053178929571,2186.201900652985,2137.3000160331158,2184.2841796875,216000,0.0,0.0
2017-11-17 00:00:00+09:00,2214.0091433951793,2220.721167649734,2197.70851306269,2207.297119140625,172000,0.0,0.0
2017-11-20 00:00:00+09:00,2170.860653023098,2211.1328029466713,2170.860653023098,2205.379638671875,84600,0.0,0.0
2017-11-21 00:00:00+09:00,2206.3387376738756,2212.0919025700264,2192.9146862495236,2201.54443359375,79500,0.0,0.0
2017-11-22 00:00:00+09:00,2222.638959769581,2222.638959769581,2174.6959278504787,2177.572509765625,94500,0.0,0.0
2017-11-23 00:00:00+09:00,2177.572509765625,2177.572509765625,2177.572509765625,2177.572509765625,0,0.0,0.0
2017-11-24 00:00:00+09:00,2169.9017220355095,2169.9017220355095,2144.0124836373834,2163.189697265625,106100,0.0,0.0
2017-11-27 00:00:00+09:00,2170.8605597680644,2179.490305809545,2140.1770182872438,2149.765625,79600,0.0,0.0
2017-11-28 00:00:00+09:00,2167.9838766499793,2176.6136222890104,2155.518688504712,2162.230712890625,118200,0.0,0.0
2017-11-29 00:00:00+09:00,2182.366719706075,2208.255955836156,2175.6546955242025,2193.873046875,141500,0.0,0.0
2017-11-30 00:00:00+09:00,2193.873002504822,2239.8983102496786,2175.654651522483,2237.021728515625,248800,0.0,0.0
2017-12-01 00:00:00+09:00,2225.515745491817,2237.980934932314,2214.968277503704,2224.556884765625,110300,0.0,0.0
2017-12-04 00:00:00+09:00,2236.0628436287193,2251.40461271022,2222.6387956824065,2223.59765625,72000,0.0,0.0
2017-12-05 00:00:00+09:00,2205.3790560036446,2219.761962890625,2182.366404984476,2219.761962890625,124900,0.0,0.0
2017-12-06 00:00:00+09:00,2210.174031879045,2225.515803900765,2184.2847915923926,2185.24365234375,135700,0.0,0.0
2017-12-07 00:00:00+09:00,2180.4493128916292,2240.857539238231,2180.4493128916292,2237.98095703125,136300,0.0,0.0
2017-12-08 00:00:00+09:00,2249.4873478800287,2276.33544921875,2243.734183307445,2276.33544921875,240700,0.0,0.0
2017-12-11 00:00:00+09:00,2301.265504607455,2309.895250249733,2275.3762676806214,2302.224365234375,153400,0.0,0.0
2017-12-12 00:00:00+09:00,2302.224385267464,2313.730712890625,2294.553500185357,2313.730712890625,127800,0.0,0.0
2017-12-13 00:00:00+09:00,2315.6481163149974,2348.249373439101,2298.3886272492955,2339.61962890625,219000,0.0,0.0
2017-12-14 00:00:00+09:00,2359.756217633474,2366.468242632838,2344.414446206357,2354.9619140625,189400,0.0,0.0
2017-12-15 00:00:00+09:00,2352.085322365274,2360.715068757972,2331.9492474489793,2349.208740234375,198500,0.0,0.0
2017-12-18 00:00:00+09:00,2368.3858330305234,2368.3858330305234,2343.455455840728,2350.16748046875,215300,0.0,0.0
2017-12-19 00:00:00+09:00,2353.044337557859,2375.098135342631,2340.579147505596,2369.344970703125,242400,0.0,0.0
2017-12-20 00:00:00+09:00,2369.344850213011,2383.72776108035,2368.3859894885213,2370.3037109375,206300,0.0,0.0
2017-12-21 00:00:00+09:00,2373.180302580679,2381.8100491355176,2364.55055602584,2376.056884765625,165500,0.0,0.0
2017-12-22 00:00:00+09:00,2397.151548246425,2437.423694256965,2397.151548246425,2430.711669921875,304400,0.0,0.0
2017-12-25 00:00:00+09:00,2426.8762375172178,2442.2180074896696,2419.205352530992,2436.46484375,139600,0.0,0.0
2017-12-26 00:00:00+09:00,2442.217897232511,2454.6830847723704,2439.3413154925433,2443.1767578125,91100,0.0,0.0
2017-12-27 00:00:00+09:00,2446.0535741726494,2453.724459548338,2433.588385437156,2437.423828125,119500,0.0,0.0
2017-12-28 00:00:00+09:00,2435.5061197916666,2451.8067513020833,2420.1643489583334,2445.0947265625,180000,0.0,0.0
2017-12-29 00:00:00+09:00,2446.0533395524676,2452.7653636123923,2435.5058731725862,2443.1767578125,89400,0.0,0.0
2018-01-01 00:00:00+09:00,2443.1767578125,2443.1767578125,2443.1767578125,2443.1767578125,0,0.0,0.0
2018-01-02 00:00:00+09:00,2443.1767578125,2443.1767578125,2443.1767578125,2443.1767578125,0,0.0,0.0
2018-01-03 00:00:00+09:00,2443.1767578125,2443.1767578125,2443.1767578125,2443.1767578125,0,0.0,0.0
2018-01-04 00:00:00+09:00,2464.2721457963166,2500.7088545668457,2445.094930653933,2495.91455078125,219100,0.0,0.0
2018-01-05 00:00:00+09:00,2493.996961712015,2504.544430600455,2481.5317712074952,2502.626708984375,224500,0.0,0.0
2018-01-08 00:00:00+09:00,2502.626708984375,2502.626708984375,2502.626708984375,2502.626708984375,0,0.0,0.0
2018-01-09 00:00:00+09:00,2512.215065593822,2512.215065593822,2480.5726620958844,2498.791015625,136200,0.0,0.0
2018-01-10 00:00:00+09:00,2498.7910876151846,2547.6929853390425,2494.95564465645,2542.898681640625,221400,0.0,0.0
2018-01-11 00:00:00+09:00,2535.227498807252,2535.227498807252,2493.03763120229,2512.21484375,154200,0.0,0.0
2018-01-12 00:00:00+09:00,2501.667565625302,2512.2150333224577,2475.7783267322843,2479.61376953125,113800,0.0,0.0
2018-01-15 00:00:00+09:00,2483.448829754499,2500.7083196910166,2465.2304792659525,2470.983642578125,103800,0.0,0.0
2018-01-16 00:00:00+09:00,2470.9838566662697,2482.490184287533,2449.888922693954,2453.724365234375,82900,0.0,0.0
2018-01-17 00:00:00+09:00,2454.6832258694803,2458.5186684099012,2440.300316342901,2453.724365234375,126800,0.0,0.0
2018-01-18 00:00:00+09:00,2483.449027958268,2486.3256098439338,2441.259160301834,2444.1357421875,175300,0.0,0.0
2018-01-19 00:00:00+09:00,2445.094619518428,2470.9838566662697,2445.094619518428,2453.724365234375,82800,0.0,0.0
2018-01-22 00:00:00+09:00,2449.888809370734,2471.9426029580245,2437.4236216909617,2458.5185546875,89200,0.0,0.0
2018-01-23 00:00:00+09:00,2467.1485868122586,2492.0789650699808,2462.3542833011584,2483.44921875,92800,0.0,0.0
2018-01-24 00:00:00+09:00,2473.860633955573,2501.6675945698025,2467.148608979725,2496.873291015625,89600,0.0,0.0
2018-01-25 00:00:00+09:00,2482.490072914891,2493.9964000199425,2455.641976336437,2460.436279296875,102300,0.0,0.0
2018-01-26 00:00:00+09:00,2462.3542512767513,2487.2846292102386,2462.3542512767513,2464.27197265625,104900,0.0,0.0
2018-01-29 00:00:00+09:00,2483.4492123302157,2502.6264263250437,2476.7371874320256,2479.61376953125,104200,0.0,0.0
2018-01-30 00:00:00+09:00,2471.9429377211954,2473.8606591624066,2437.4239517793944,2438.3828125,105800,0.0,0.0
2018-01-31 00:00:00+09:00,2445.094582599404,2460.4363525294393,2421.1230670837235,2432.62939453125,154900,0.0,0.0
2018-02-01 00:00:00+09:00,2415.3698515496203,2484.407814753897,2415.3698515496203,2471.942626953125,225300,0.0,0.0
2018-02-02 00:00:00+09:00,2510.29728482396,2543.857408952623,2478.6548820740786,2536.1865234375,260000,0.0,0.0
2018-02-05 00:00:00+09:00,2490.161208904464,2517.0093081918435,2388.5219758879553,2390.439697265625,232600,0.0,0.0
2018-02-06 00:00:00+09:00,2316.6076261767785,2354.0031963013207,2255.240536741632,2291.67724609375,221200,0.0,0.0
2018-02-07 00:00:00+09:00,2339.619996767462,2410.575685194016,2336.7434148042234,2340.578857421875,217500,0.0,0.0
2018-02-08 00:00:00+09:00,2329.0721633660987,2380.8506305632045,2322.360139840548,2339.61962890625,175400,0.0,0.0
2018-02-09 00:00:00+09:00,2291.6769575730277,2336.743408203125,2286.882654314507,2336.743408203125,151400,0.0,0.0
2018-02-12 00:00:00+09:00,2336.743408203125,2336.743408203125,2336.743408203125,2336.743408203125,0,0.0,0.0
2018-02-13 00:00:00+09:00,2361.673635796217,2376.056544662211,2313.7306062429034,2322.3603515625,240000,0.0,0.0
2018-02-14 00:00:00+09:00,2326.1961113977663,2379.8923118257444,2322.3606685100535,2366.46826171875,197200,0.0,0.0
2018-02-15 00:00:00+09:00,2375.0977665580717,2388.5218152992156,2354.9616934463565,2368.3857421875,103200,0.0,0.0
2018-02-16 00:00:00+09:00,2377.974533865584,2415.3701011320186,2377.974533865584,2405.781494140625,110800,0.0,0.0
2018-02-19 00:00:00+09:00,2438.3829113924053,2452.76582278481,2407.6993670886077,2424.0,209700,0.0,0.0
2018-02-20 00:00:00+09:00,2413.4523957764736,2422.0821421260916,2397.151763782751,2415.3701171875,94200,0.0,0.0
2018-02-21 00:00:00+09:00,2415.3702017305613,2486.32589642213,2397.1518476881315,2467.148681640625,365800,0.0,0.0
2018-02-22 00:00:00+09:00,2429.7529953387607,2436.4650201877625,2389.480846244748,2396.19287109375,200400,0.0,0.0
2018-02-23 00:00:00+09:00,2400.0284345640575,2400.987295304994,2382.7689412272007,2395.234130859375,120300,0.0,0.0
2018-02-26 00:00:00+09:00,2404.822552350533,2435.5060936883388,2404.822552350533,2429.7529296875,111200,0.0,0.0
2018-02-27 00:00:00+09:00,2452.7656217524327,2454.683343114241,2431.6706867725447,2450.847900390625,81600,0.0,0.0
2018-02-28 00:00:00+09:00,2470.0251969330307,2480.572664777077,2426.87646484375,2426.87646484375,146800,0.0,0.0
2018-03-01 00:00:00+09:00,2417.2878321865683,2430.711882028144,2404.822643047962,2411.53466796875,171000,0.0,0.0
2018-03-02 00:00:00+09:00,2356.8792741984166,2378.9330672442115,2339.619783988664,2357.838134765625,140500,0.0,0.0
2018-03-05 00:00:00+09:00,2359.756214443415,2362.632796582111,2339.620139472545,2353.044189453125,107800,0.0,0.0
2018-03-06 00:00:00+09:00,2364.55055602584,2384.686631320464,2364.55055602584,2376.056884765625,67700,0.0,0.0
2018-03-07 00:00:00+09:00,2375.0977866812927,2400.0281631260705,2369.344622886344,2379.89208984375,88800,0.0,0.0
2018-03-08 00:00:00+09:00,2402.9049470163723,2453.7245648104135,2399.0695041639915,2426.87646484375,152500,0.0,0.0
2018-03-09 00:00:00+09:00,2474.819437883104,2477.696019949609,2376.0567869331003,2390.439697265625,300800,0.0,0.0
2018-03-12 00:00:00+09:00,2431.6708548270535,2433.5885763213964,2369.3449062609025,2404.82275390625,128700,0.0,0.0
2018-03-13 00:00:00+09:00,2404.822539340855,2423.9997525732383,2391.398490078187,2422.08203125,155200,0.0,0.0
2018-03-14 00:00:00+09:00,2406.7400588773826,2406.7400588773826,2367.4267750471145,2377.015380859375,164200,0.0,0.0
2018-03-15 00:00:00+09:00,2377.015578980837,2377.015578980837,2335.7845705515606,2350.16748046875,200200,0.0,0.0
2018-03-16 00:00:00+09:00,2356.8796130780997,2371.2625236542476,2336.7435382714925,2341.537841796875,329000,0.0,0.0
2018-03-19 00:00:00+09:00,2333.866836129375,2364.55037711382,2329.072532850555,2342.49658203125,191900,0.0,0.0
2018-03-20 00:00:00+09:00,2333.8668196333615,2348.2497293681604,2316.607327951603,2332.907958984375,235100,0.0,0.0
2018-03-21 00:00:00+09:00,2332.907958984375,2332.907958984375,2332.907958984375,2332.907958984375,0,0.0,0.0
2018-03-22 00:00:00+09:00,2320.4429900340547,2395.234127729367,2315.648686335637,2393.31640625,179600,0.0,0.0
2018-03-23 00:00:00+09:00,2345.373239234349,2371.26247777046,2311.8131152060573,2314.689697265625,230900,0.0,0.0
2018-03-26 00:00:00+09:00,2297.430105164555,2327.15478515625,2297.430105164555,2327.15478515625,159000,0.0,0.0
2018-03-27 00:00:00+09:00,2342.496787046775,2393.31640625,2335.7847618689902,2393.31640625,160400,0.0,0.0
2018-03-28 00:00:00+09:00,2380.77594239065,2406.8217083730437,2337.366332419994,2403.927734375,128500,15.0,0.0
2018-03-29 00:00:00+09:00,2418.397705078125,2428.044285473331,2387.5286478134663,2418.397705078125,84800,0.0,0.0
2018-03-30 00:00:00+09:00,2430.9378273393854,2430.9378273393854,2392.3515126197126,2417.4326171875,69000,0.0,0.0
2018-04-02 00:00:00+09:00,2420.326824477918,2431.902720011491,2400.0690072941647,2413.57421875,76300,0.0,0.0
2018-04-03 00:00:00+09:00,2389.4579120017843,2411.6450464289305,2372.094067667496,2399.1044921875,82700,0.0,0.0
2018-04-04 00:00:00+09:00,2408.7505786393463,2446.3722336521355,2400.0686582517797,2439.61962890625,195700,0.0,0.0
2018-04-05 00:00:00+09:00,2459.877465849182,2468.559386316885,2439.6196514245416,2447.3369140625,166800,0.0,0.0
2018-04-06 00:00:00+09:00,2456.983433933123,2465.6653541943706,2436.7256199902113,2448.301513671875,166800,0.0,0.0
2018-04-09 00:00:00+09:00,2441.5489203260227,2458.9127609288944,2432.867000024587,2452.16015625,120800,0.0,0.0
2018-04-10 00:00:00+09:00,2453.124604632908,2458.9125510064027,2430.9374768678445,2443.47802734375,170600,0.0,0.0
2018-04-11 00:00:00+09:00,2434.7967635042414,2443.478685402632,2399.1044179219684,2416.46826171875,141600,0.0,0.0
2018-04-12 00:00:00+09:00,2407.785958133253,2429.973088356436,2402.9626689543,2410.679931640625,115800,0.0,0.0
2018-04-13 00:00:00+09:00,2426.1147136131954,2432.867319177924,2398.139633416463,2414.538818359375,112100,0.0,0.0
2018-04-16 00:00:00+09:00,2418.397291490916,2469.5241588419403,2418.397291490916,2465.66552734375,129300,0.0,0.0
2018-04-17 00:00:00+09:00,2485.9234345706927,2494.6053557624414,2465.6656184566127,2476.27685546875,151600,0.0,0.0
2018-04-18 00:00:00+09:00,2474.3474453625217,2494.605260704671,2459.8775772609865,2485.92333984375,147100,0.0,0.0
2018-04-19 00:00:00+09:00,2494.605643986825,2511.0048303548742,2485.923721791975,2491.711669921875,190200,0.0,0.0
2018-04-20 00:00:00+09:00,2490.7468002995547,2511.004617033207,2489.7821423598566,2503.287353515625,157600,0.0,0.0
2018-04-23 00:00:00+09:00,2499.428955078125,2510.0401934053575,2488.8177167508925,2499.428955078125,183100,0.0,0.0
2018-04-24 00:00:00+09:00,2495.5703020084748,2504.2522242033247,2468.5598774022756,2491.711669921875,212300,0.0,0.0
2018-04-25 00:00:00+09:00,2507.1459447544644,2547.6615775669643,2495.570049665179,2532.22705078125,183000,0.0,0.0
2018-04-26 00:00:00+09:00,2545.7320612568333,2551.5200083457084,2511.0043787235836,2547.661376953125,131900,0.0,0.0
2018-04-27 00:00:00+09:00,2563.0960603038293,2584.3185342694615,2563.0960603038293,2581.424560546875,220600,0.0,0.0
2018-04-30 00:00:00+09:00,2581.424560546875,2581.424560546875,2581.424560546875,2581.424560546875,0,0.0,0.0
2018-05-01 00:00:00+09:00,2603.6116353471493,2653.7738454390546,2585.2831355058765,2647.021240234375,279700,0.0,0.0
2018-05-02 00:00:00+09:00,2649.9152941189,2678.8550315865255,2646.05666245655,2653.77392578125,275900,0.0,0.0
2018-05-03 00:00:00+09:00,2653.77392578125,2653.77392578125,2653.77392578125,2653.77392578125,0,0.0,0.0
2018-05-04 00:00:00+09:00,2653.77392578125,2653.77392578125,2653.77392578125,2653.77392578125,0,0.0,0.0
2018-05-07 00:00:00+09:00,2636.41014542515,2647.986040684975,2620.9756184120497,2632.551513671875,179800,0.0,0.0
2018-05-08 00:00:00+09:00,2619.0464344658094,2645.092200112431,2608.435196609779,2614.22314453125,166500,0.0,0.0
2018-05-09 00:00:00+09:00,2611.328857421875,2614.222831035567,2573.7072004438724,2611.328857421875,442900,0.0,0.0
2018-05-10 00:00:00+09:00,2527.4038658938534,2685.60777200324,2527.4038658938534,2679.81982421875,470300,0.0,0.0
2018-05-11 00:00:00+09:00,2681.748754909036,2714.5471209762686,2670.1728610029536,2694.289306640625,249500,0.0,0.0
2018-05-14 00:00:00+09:00,2701.0423065110563,2755.0631526412776,2663.420645813224,2748.310546875,302700,0.0,0.0
2018-05-15 00:00:00+09:00,2746.380895247671,2756.9921315833662,2734.8050010632764,2737.698974609375,257300,0.0,0.0
2018-05-16 00:00:00+09:00,2726.1230868314406,2784.9672157403998,2712.617876917909,2782.0732421875,157400,0.0,0.0
2018-05-17 00:00:00+09:00,2768.5680874911222,2806.189744429155,2749.2749300870028,2801.366455078125,180000,0.0,0.0
2018-05-18 00:00:00+09:00,2753.133631787092,2772.4267896832876,2692.3601844140762,2719.37060546875,419100,0.0,0.0
2018-05-21 00:00:00+09:00,2733.840677375834,2756.0278106078886,2733.840677375834,2748.310546875,177200,0.0,0.0
2018-05-22 00:00:00+09:00,2750.23969873594,2768.568199008119,2739.6284617362567,2755.06298828125,193100,0.0,0.0
2018-05-23 00:00:00+09:00,2756.0276608146296,2770.497529527342,2734.8051867026516,2738.663818359375,263600,0.0,0.0
2018-05-24 00:00:00+09:00,2729.9818643327735,2742.5224170664574,2715.511995793907,2727.087890625,228400,0.0,0.0
2018-05-25 00:00:00+09:00,2726.1231241950245,2726.1231241950245,2666.3143366153745,2668.24365234375,231900,0.0,0.0
2018-05-28 00:00:00+09:00,2676.925752668986,2676.925752668986,2633.5161458689486,2645.092041015625,212100,0.0,0.0
2018-05-29 00:00:00+09:00,2652.809437258997,2669.2086228711437,2619.0464080575193,2626.763671875,99700,0.0,0.0
2018-05-30 00:00:00+09:00,2598.7883993282467,2629.657452326949,2588.177162359943,2601.682373046875,160300,0.0,0.0
2018-05-31 00:00:00+09:00,2592.035727920846,2592.035727920846,2558.272702064043,2578.530517578125,323800,0.0,0.0
2018-06-01 00:00:00+09:00,2578.530660039415,2589.141897323528,2561.166817210867,2564.060791015625,125100,0.0,0.0
2018-06-04 00:00:00+09:00,2601.6822539385626,2635.4452791101794,2582.389096697639,2623.869384765625,212600,0.0,0.0
2018-06-05 00:00:00+09:00,2622.9047711467188,2641.2332708347612,2606.505587215312,2639.303955078125,263700,0.0,0.0
2018-06-06 00:00:00+09:00,2628.6927764725206,2638.33935546875,2616.1522237774225,2638.33935546875,184000,0.0,0.0
2018-06-07 00:00:00+09:00,2629.657215261354,2644.1270825500264,2622.90461052664,2625.798583984375,132600,0.0,0.0
2018-06-08 00:00:00+09:00,2605.540935241654,2627.728066493249,2559.237356977456,2598.788330078125,456300,0.0,0.0
2018-06-11 00:00:00+09:00,2601.6823272870392,2682.7135899834097,2593.9650641730996,2671.1376953125,267200,0.0,0.0
2018-06-12 00:00:00+09:00,2652.8088615286465,2670.1727013495615,2638.338995011218,2640.268310546875,148400,0.0,0.0
2018-06-13 00:00:00+09:00,2679.819781083115,2685.607728774439,2650.8800426264934,2664.38525390625,132600,0.0,0.0
2018-06-14 00:00:00+09:00,2650.8798496179415,2660.526428401122,2631.586692051581,2639.303955078125,68200,0.0,0.0
2018-06-15 00:00:00+09:00,2649.9153846779395,2672.1025174946826,2649.9153846779395,2664.38525390625,154300,0.0,0.0
2018-06-18 00:00:00+09:00,2644.127346625375,2658.597215359188,2619.0462408200997,2653.77392578125,168900,0.0,0.0
2018-06-19 00:00:00+09:00,2657.6321858604633,2694.2891815275043,2631.58642578125,2631.58642578125,289700,0.0,0.0
2018-06-20 00:00:00+09:00,2631.5867282040704,2641.2333071197745,2618.0815177220848,2630.6220703125,200600,0.0,0.0
2018-06-21 00:00:00+09:00,2630.6218045448886,2654.738249397702,2597.8234395450622,2602.646728515625,312400,0.0,0.0
2018-06-22 00:00:00+09:00,2593.0006688191884,2622.905066413457,2581.4247729762455,2614.22314453125,376400,0.0,0.0
2018-06-25 00:00:00+09:00,2592.0356015993516,2602.6468377800707,2551.519972545696,2556.34326171875,196200,0.0,0.0
2018-06-26 00:00:00+09:00,2559.237576278039,2593.0006049888307,2559.237576278039,2591.0712890625,167200,0.0,0.0
2018-06-27 00:00:00+09:00,2599.752787726565,2638.3390999748262,2591.0708674707066,2634.48046875,197600,0.0,0.0
2018-06-28 00:00:00+09:00,2616.1520433808505,2619.0460168801656,2594.92957105254,2596.85888671875,283900,0.0,0.0
2018-06-29 00:00:00+09:00,2598.788537367335,2613.2584067290686,2578.530720260908,2607.470458984375,220000,0.0,0.0
2018-07-02 00:00:00+09:00,2614.223069341035,2639.3041762793623,2587.212646484375,2587.212646484375,199800,0.0,0.0
2018-07-03 00:00:00+09:00,2591.0711175784177,2597.8237228736707,2552.484801605545,2573.707275390625,228500,0.0,0.0
2018-07-04 00:00:00+09:00,2565.025508856623,2608.4351169418237,2565.025508856623,2607.470458984375,160400,0.0,0.0
2018-07-05 00:00:00+09:00,2607.470242834395,2607.470242834395,2571.7779013675536,2574.671875,177300,0.0,0.0
2018-07-06 00:00:00+09:00,2583.3539455822483,2605.541078049908,2583.3539455822483,2584.318603515625,166800,0.0,0.0
2018-07-09 00:00:00+09:00,2594.92997422539,2613.258475902075,2593.0006582594233,2610.364501953125,191700,0.0,0.0
2018-07-10 00:00:00+09:00,2610.364308826959,2623.869519589552,2585.283203125,2585.283203125,186900,0.0,0.0
2018-07-11 00:00:00+09:00,2585.283431517588,2597.823985476442,2554.4143756188705,2557.308349609375,260400,0.0,0.0
2018-07-12 00:00:00+09:00,2593.965043684092,2597.823675210584,2574.6718860516335,2578.530517578125,175800,0.0,0.0
2018-07-13 00:00:00+09:00,2593.965189555693,2611.3290324013615,2583.3539522611177,2608.43505859375,127800,0.0,0.0
2018-07-16 00:00:00+09:00,2608.43505859375,2608.43505859375,2608.43505859375,2608.43505859375,0,0.0,0.0
2018-07-17 00:00:00+09:00,2627.7280194597683,2696.2187277496523,2623.869388006817,2688.50146484375,270500,0.0,0.0
2018-07-18 00:00:00+09:00,2708.7592687466313,2712.6179001835926,2682.713506547145,2684.642822265625,152100,0.0,0.0
2018-07-19 00:00:00+09:00,2730.9463969406147,2738.6636598072787,2693.3247404656295,2704.900634765625,300900,0.0,0.0
2018-07-20 00:00:00+09:00,2714.547315994701,2754.098289681902,2706.830052836223,2719.37060546875,221600,0.0,0.0
2018-07-23 00:00:00+09:00,2719.370513829071,2727.0877767274865,2698.1480408584293,2708.75927734375,112800,0.0,0.0
2018-07-24 00:00:00+09:00,2701.0423530758576,2718.4061967742023,2694.289747193168,2699.113037109375,158800,0.0,0.0
2018-07-25 00:00:00+09:00,2731.91106342789,2790.755192972064,2721.299826952711,2729.01708984375,331100,0.0,0.0
2018-07-26 00:00:00+09:00,2732.8757545930403,2741.5576754512604,2715.5119128766005,2740.593017578125,212100,0.0,0.0
2018-07-27 00:00:00+09:00,2744.4515457747257,2744.4515457747257,2722.2644155276894,2726.123046875,170600,0.0,0.0
2018-07-30 00:00:00+09:00,2749.2748962489413,2757.9568169739377,2700.07734547396,2704.900634765625,212500,0.0,0.0
2018-07-31 00:00:00+09:00,2701.0420931131735,2706.8300404555584,2645.0919354701145,2650.8798828125,261900,0.0,0.0
2018-08-01 00:00:00+09:00,2684.642566005162,2716.4762723214285,2676.925303867885,2701.041748046875,339100,0.0,0.0
2018-08-02 00:00:00+09:00,2720.3355127406853,2799.4374673664784,2694.289747193168,2699.113037109375,468800,0.0,0.0
2018-08-03 00:00:00+09:00,2700.0780080286618,2705.865956598927,2665.3503166070714,2702.00732421875,212300,0.0,0.0
2018-08-06 00:00:00+09:00,2698.1482602010715,2698.1482602010715,2652.80933698711,2656.66796875,246300,0.0,0.0
2018-08-07 00:00:00+09:00,2637.3745922379494,2644.127197265625,2593.964988488605,2644.127197265625,313200,0.0,0.0
2018-08-08 00:00:00+09:00,2645.091968304178,2699.112810837013,2645.091968304178,2662.455810546875,268400,0.0,0.0
2018-08-09 00:00:00+09:00,2670.1728047241254,2679.8193827758746,2649.9149908154527,2674.99609375,164900,0.0,0.0
2018-08-10 00:00:00+09:00,2674.9962547584205,2716.476542877646,2674.9962547584205,2688.50146484375,219300,0.0,0.0
2018-08-13 00:00:00+09:00,2670.172876020871,2676.925480837398,2644.1271145856963,2657.63232421875,247600,0.0,0.0
2018-08-14 00:00:00+09:00,2668.243949939429,2688.5017673467787,2651.8447644191942,2687.537109375,154600,0.0,0.0
2018-08-15 00:00:00+09:00,2704.9004476833616,2738.6634703898226,2703.9357898917483,2724.193603515625,193600,0.0,0.0
2018-08-16 00:00:00+09:00,2691.3954998657887,2691.3954998657887,2653.773842340783,2667.279052734375,201700,0.0,0.0
2018-08-17 00:00:00+09:00,2674.996181523133,2727.0877047118274,2669.208234502167,2726.123046875,156800,0.0,0.0
2018-08-20 00:00:00+09:00,2719.3705277041436,2719.3705277041436,2685.6075023513076,2692.360107421875,106400,0.0,0.0
2018-08-21 00:00:00+09:00,2693.3248748509804,2736.7344806419164,2686.5722695057234,2730.946533203125,152000,0.0,0.0
2018-08-22 00:00:00+09:00,2723.229175861685,2749.274938436345,2713.5825971303293,2740.593017578125,133900,0.0,0.0
2018-08-23 00:00:00+09:00,2737.698974609375,2741.5576060041735,2721.2997911814823,2737.698974609375,137600,0.0,0.0
2018-08-24 00:00:00+09:00,2757.9568205288333,2775.320662001208,2732.875716179848,2769.53271484375,203200,0.0,0.0
2018-08-27 00:00:00+09:00,2775.3208551377234,2814.8718301327344,2774.3561972110156,2794.614013671875,199700,0.0,0.0
2018-08-28 00:00:00+09:00,2794.6141674652417,2811.978011101546,2778.214981808732,2784.0029296875,178700,0.0,0.0
2018-08-29 00:00:00+09:00,2788.8262251313713,2811.9780166924756,2785.9322511862333,2808.119384765625,216300,0.0,0.0
2018-08-30 00:00:00+09:00,2814.8715350907673,2828.3767446491192,2809.0835881371877,2819.69482421875,267200,0.0,0.0
2018-08-31 00:00:00+09:00,2809.083842244619,2826.4476846760763,2787.861368161727,2823.5537109375,253100,0.0,0.0
2018-09-03 00:00:00+09:00,2824.5183725481766,2824.5183725481766,2790.7553455539187,2803.2958984375,132800,0.0,0.0
2018-09-04 00:00:00+09:00,2803.2962009869834,2804.2608590052173,2778.2150925129085,2802.33154296875,145500,0.0,0.0
2018-09-05 00:00:00+09:00,2802.33154296875,2815.836755224021,2767.6038543123386,2802.33154296875,208100,0.0,0.0
2018-09-06 00:00:00+09:00,2795.5786204618566,2796.5432783709184,2751.2043566450016,2755.06298828125,197700,0.0,0.0
2018-09-07 00:00:00+09:00,2761.8157536204267,2771.462333269817,2741.557936356707,2768.568359375,176600,0.0,0.0
2018-09-10 00:00:00+09:00,2775.321199447728,2789.791070143493,2762.7806448447313,2764.7099609375,201900,0.0,0.0
2018-09-11 00:00:00+09:00,2764.709807002466,2779.179676892569,2749.2752791196885,2775.321044921875,228000,0.0,0.0
2018-09-12 00:00:00+09:00,2775.320619355648,2776.2852772004017,2719.3704643599485,2733.84033203125,345300,0.0,0.0
2018-09-13 00:00:00+09:00,2742.522225990455,2769.5326453811454,2737.698936813546,2766.638671875,372100,0.0,0.0
2018-09-14 00:00:00+09:00,2793.6494417356607,2831.2711020352776,2781.108888302455,2825.483154296875,489600,0.0,0.0
2018-09-17 00:00:00+09:00,2825.483154296875,2825.483154296875,2825.483154296875,2825.483154296875,0,0.0,0.0
2018-09-18 00:00:00+09:00,2836.0944192849006,2885.2919755378016,2834.165103353414,2857.31689453125,554500,0.0,0.0
2018-09-19 00:00:00+09:00,2876.6100490671092,2893.973892421639,2856.352231820158,2877.57470703125,393200,0.0,0.0
2018-09-20 00:00:00+09:00,2876.6100597707255,2893.0092452221347,2858.281558383856,2881.433349609375,348200,0.0,0.0
2018-09-21 00:00:00+09:00,2863.1048794393414,2867.92816933058,2837.059114026652,2848.635009765625,343800,0.0,0.0
2018-09-24 00:00:00+09:00,2848.635009765625,2848.635009765625,2848.635009765625,2848.635009765625,0,0.0,0.0
2018-09-25 00:00:00+09:00,2889.150258298368,2947.0297292492537,2884.3269690524608,2927.736572265625,335800,0.0,0.0
2018-09-26 00:00:00+09:00,2927.7370134597854,2995.5984674141514,2922.889766748759,2990.751220703125,244300,15.0,0.0
2018-09-27 00:00:00+09:00,2976.209456594367,3010.1401832982115,2942.2787298905223,2947.1259765625,256500,0.0,0.0
2018-09-28 00:00:00+09:00,2985.903603726161,2990.7508498361058,2913.194912076985,2922.889404296875,285600,0.0,0.0
2018-10-01 00:00:00+09:00,2903.500539264776,2918.0422781926463,2854.0586269100168,2855.028076171875,350100,0.0,0.0
2018-10-02 00:00:00+09:00,2874.4169589929415,2906.4087834943807,2861.814119037829,2873.447509765625,272500,0.0,0.0
2018-10-03 00:00:00+09:00,2892.8367985693408,2904.470190520692,2858.9060720445664,2860.844970703125,219400,0.0,0.0
2018-10-04 00:00:00+09:00,2898.6537155485876,2907.3787601773292,2872.478581662363,2874.41748046875,293700,0.0,0.0
2018-10-05 00:00:00+09:00,2869.569848417346,2886.050486060283,2852.1197615012943,2855.99755859375,167100,0.0,0.0
2018-10-08 00:00:00+09:00,2855.99755859375,2855.99755859375,2855.99755859375,2855.99755859375,0,0.0,0.0
2018-10-09 00:00:00+09:00,2869.5697388362364,2875.3864342527963,2833.7001171007837,2838.54736328125,342800,0.0,0.0
2018-10-10 00:00:00+09:00,2855.0281424469003,2874.417128134146,2841.4558524658287,2856.967041015625,227000,0.0,0.0
2018-10-11 00:00:00+09:00,2785.2277590173894,2819.158483544228,2772.624918478849,2798.800048828125,318200,0.0,0.0
2018-10-12 00:00:00+09:00,2782.3191697684883,2797.8303567776506,2757.1134908786,2777.471923828125,212600,0.0,0.0
2018-10-15 00:00:00+09:00,2777.4720803175624,2811.402803811843,2767.777587890625,2767.777587890625,211500,0.0,0.0
2018-10-16 00:00:00+09:00,2776.5026563034735,2836.6085098966355,2776.5026563034735,2832.730712890625,310300,0.0,0.0
2018-10-17 00:00:00+09:00,2881.2030938718635,2889.928136888299,2840.4862264618305,2858.90576171875,314100,0.0,0.0
2018-10-18 00:00:00+09:00,2886.0499272480547,2937.4307287744728,2886.0499272480547,2896.7138671875,285900,0.0,0.0
2018-10-19 00:00:00+09:00,2902.5309609375,2922.88939453125,2887.0197734375,2908.34765625,207700,0.0,0.0
2018-10-22 00:00:00+09:00,2885.0808941831683,2956.8201368476693,2876.3558511564047,2937.43115234375,143400,0.0,0.0
2018-10-23 00:00:00+09:00,2905.439787120638,2922.8898759321733,2852.120071307613,2857.936767578125,223300,0.0,0.0
2018-10-24 00:00:00+09:00,2887.0197456742244,2895.7447885590695,2810.4332581294752,2843.39453125,381100,0.0,0.0
2018-10-25 00:00:00+09:00,2810.4335352178628,2831.761419928036,2751.2971276123817,2765.8388671875,319700,0.0,0.0
2018-10-26 00:00:00+09:00,2778.4414822951894,2816.250002117071,2731.907919437489,2794.922119140625,343900,0.0,0.0
2018-10-29 00:00:00+09:00,2824.00582945031,2845.3337141904085,2742.572087715389,2744.510986328125,402400,0.0,0.0
2018-10-30 00:00:00+09:00,2776.50292801702,2849.2116289951196,2771.655681285147,2833.700439453125,366900,0.0,0.0
2018-10-31 00:00:00+09:00,2837.577953871086,2881.203170107573,2819.158418126791,2875.386474609375,240400,0.0,0.0
2018-11-01 00:00:00+09:00,2897.6839372767486,2942.2786047624395,2879.264400706572,2900.59228515625,347800,0.0,0.0
2018-11-02 00:00:00+09:00,2898.653220760012,2932.5839440799455,2856.96690353838,2895.744873046875,252300,0.0,0.0
2018-11-05 00:00:00+09:00,2867.631099255453,2904.4701735528524,2856.9671566956795,2888.958984375,261400,0.0,0.0
2018-11-06 00:00:00+09:00,2898.653355532787,2981.056544569672,2897.68390625,2956.8203125,210800,0.0,0.0
2018-11-07 00:00:00+09:00,2956.8199445199275,3044.070369112319,2956.8199445199275,3010.1396484375,215800,0.0,0.0
2018-11-08 00:00:00+09:00,2976.2092904158467,3087.6959576464074,2976.2092904158467,3078.00146484375,404000,0.0,0.0
2018-11-09 00:00:00+09:00,3082.8486328125,3116.7793567585495,3053.765155144458,3082.8486328125,267300,0.0,0.0
2018-11-12 00:00:00+09:00,3073.1545187499996,3097.3907531249997,3024.68205,3029.529296875,341600,0.0,0.0
2018-11-13 00:00:00+09:00,2966.51505786093,2995.5985388203508,2947.1260705546492,2971.3623046875,372200,0.0,0.0
2018-11-14 00:00:00+09:00,3082.8484154485886,3092.5429073210685,3000.4452345325103,3005.29248046875,446200,0.0,0.0
2018-11-15 00:00:00+09:00,2981.0561735733695,3014.9868942481885,2947.125452898551,3010.1396484375,238900,0.0,0.0
2018-11-16 00:00:00+09:00,3005.2928287967757,3058.6125402754283,2995.598335800657,3044.07080078125,203800,0.0,0.0
2018-11-19 00:00:00+09:00,3048.917881139728,3068.306866075434,3029.528896204022,3039.223388671875,110300,0.0,0.0
2018-11-20 00:00:00+09:00,3073.154350867638,3126.474063579853,3019.834638155424,3024.681884765625,208300,0.0,0.0
2018-11-21 00:00:00+09:00,2956.820088175984,3000.4453025916955,2947.125596083604,2985.903564453125,170700,0.0,0.0
2018-11-22 00:00:00+09:00,2956.8201656186484,2995.598135003811,2942.2784270992124,2981.056396484375,168800,0.0,0.0
2018-11-23 00:00:00+09:00,2981.056396484375,2981.056396484375,2981.056396484375,2981.056396484375,0,0.0,0.0
2018-11-26 00:00:00+09:00,3024.681947680308,3029.5291943913344,2990.751220703125,2990.751220703125,134500,0.0,0.0
2018-11-27 00:00:00+09:00,3005.292617698121,3019.834356170854,2956.8201561223445,2966.5146484375,156600,0.0,0.0
2018-11-28 00:00:00+09:00,2981.056703266345,2985.9039499383225,2942.2787298905223,2947.1259765625,204900,0.0,0.0
2018-11-29 00:00:00+09:00,2981.05668685761,3000.4456734387977,2918.04248046875,2918.04248046875,170200,0.0,0.0
2018-11-30 00:00:00+09:00,2932.583896516765,2956.8201270664904,2918.04215818693,2922.889404296875,205600,0.0,0.0
2018-12-03 00:00:00+09:00,2961.667550050839,2976.2092892491246,2942.278564453125,2942.278564453125,166100,0.0,0.0
2018-12-04 00:00:00+09:00,2937.4313316176936,2937.4313316176936,2856.967041015625,2856.967041015625,260600,0.0,0.0
2018-12-05 00:00:00+09:00,2808.4942703889924,2885.0807554979774,2808.4942703889924,2876.355712890625,284800,0.0,0.0
2018-12-06 00:00:00+09:00,2865.692362605474,2881.203552660172,2840.4866787665896,2857.936767578125,222200,0.0,0.0
2018-12-07 00:00:00+09:00,2861.814185113579,2895.744908853069,2840.486301620185,2875.386474609375,265700,0.0,0.0
2018-12-10 00:00:00+09:00,2831.7611640598234,2854.0584960602946,2819.15832423347,2829.822265625,161200,0.0,0.0
2018-12-11 00:00:00+09:00,2878.294898319047,2897.683883824733,2813.341796875,2813.341796875,177900,0.0,0.0
2018-12-12 00:00:00+09:00,2836.6086840704133,2870.5394099564232,2836.6086840704133,2852.119873046875,263500,0.0,0.0
2018-12-13 00:00:00+09:00,2884.111587514055,2890.897732425853,2844.3641673163825,2855.99755859375,293200,0.0,0.0
2018-12-14 00:00:00+09:00,2862.783606153447,2871.508649314768,2815.2805933862546,2831.76123046875,248100,0.0,0.0
2018-12-17 00:00:00+09:00,2845.333613893504,2847.272512437895,2788.1361068339756,2798.800048828125,199800,0.0,0.0
2018-12-18 00:00:00+09:00,2785.2275975599014,2800.738785015856,2747.419078136011,2751.296875,277000,0.0,0.0
2018-12-19 00:00:00+09:00,2737.724708862089,2771.655432945011,2707.6717818172147,2740.633056640625,246000,0.0,0.0
2018-12-20 00:00:00+09:00,2720.274744365195,2736.755382517087,2666.9550326973103,2672.771728515625,172100,0.0,0.0
2018-12-21 00:00:00+09:00,2663.0771424916397,2670.8327366452377,2619.4519253776525,2627.20751953125,306100,0.0,0.0
2018-12-24 00:00:00+09:00,2627.20751953125,2627.20751953125,2627.20751953125,2627.20751953125,0,0.0,0.0
2018-12-25 00:00:00+09:00,2600.0630668016497,2600.0630668016497,2509.9042803689304,2538.018310546875,247500,0.0,0.0
2018-12-26 00:00:00+09:00,2563.2241007178254,2599.093726938158,2525.41557578288,2555.468505859375,185200,0.0,0.0
2018-12-27 00:00:00+09:00,2637.871082652699,2661.137861772017,2601.0320157137785,2644.6572265625,199300,0.0,0.0
2018-12-28 00:00:00+09:00,2623.3302170889715,2627.2080148969376,2593.2772840772354,2605.880126953125,146100,0.0,0.0
2018-12-31 00:00:00+09:00,2605.880126953125,2605.880126953125,2605.880126953125,2605.880126953125,0,0.0,0.0
2019-01-04 00:00:00+09:00,2584.5514795994022,2609.757157945083,2559.3458012537217,2604.909912109375,284500,0.0,0.0
2019-01-07 00:00:00+09:00,2639.810204915244,2654.3519430987653,2602.9711348503233,2615.573974609375,238700,0.0,0.0
2019-01-08 00:00:00+09:00,2623.3294889621557,2664.0463546444953,2620.4211414134174,2641.7490234375,166600,0.0,0.0
2019-01-09 00:00:00+09:00,2678.588544283299,2701.8553285984635,2676.649645590369,2683.435791015625,202900,0.0,0.0
2019-01-10 00:00:00+09:00,2673.741099385918,2698.946780525887,2658.2299109920914,2677.618896484375,213200,0.0,0.0
2019-01-11 00:00:00+09:00,2688.2828294929695,2692.1606265784267,2633.993670296574,2663.0771484375,125700,0.0,0.0
2019-01-15 00:00:00+09:00,2638.840794641441,2682.4660098357335,2624.2990562433433,2673.740966796875,161400,0.0,0.0
2019-01-16 00:00:00+09:00,2722.2135323966318,2740.6330684064383,2653.382634675777,2655.321533203125,185900,0.0,0.0
2019-01-17 00:00:00+09:00,2679.557559619507,2727.060569902197,2661.1380250200964,2713.48828125,243100,0.0,0.0
2019-01-18 00:00:00+09:00,2701.855307935632,2714.458149343297,2672.7718277640965,2675.68017578125,189200,0.0,0.0
2019-01-21 00:00:00+09:00,2683.4354023818114,2722.213370624323,2675.679808733309,2686.34375,104500,0.0,0.0
2019-01-22 00:00:00+09:00,2685.374236668578,2689.2520334002293,2639.810125071674,2641.7490234375,123600,0.0,0.0
2019-01-23 00:00:00+09:00,2618.482533489902,2633.0242728465655,2606.8491420045707,2614.604736328125,182800,0.0,0.0
2019-01-24 00:00:00+09:00,2621.390923044139,2635.932662632032,2589.399095950775,2630.115966796875,167600,0.0,0.0
2019-01-25 00:00:00+09:00,2610.7272348243137,2633.9940204298778,2587.46044921875,2587.46044921875,130100,0.0,0.0
2019-01-28 00:00:00+09:00,2572.918212890625,2592.3071971625964,2544.8041856962664,2572.918212890625,121900,0.0,0.0
2019-01-29 00:00:00+09:00,2554.498739058883,2620.421287163628,2544.804246690538,2617.512939453125,222400,0.0,0.0
2019-01-30 00:00:00+09:00,2607.8188866236183,2624.299526427559,2582.6132022175907,2587.46044921875,280200,0.0,0.0
2019-01-31 00:00:00+09:00,2635.932467659389,2643.6880615326054,2570.0099197370505,2581.643310546875,236700,0.0,0.0
2019-02-01 00:00:00+09:00,2576.796287407309,2647.5660876257944,2576.796287407309,2631.08544921875,226200,0.0,0.0
2019-02-04 00:00:00+09:00,2534.1404654286043,2693.130150329251,2534.1404654286043,2622.3603515625,188700,0.0,0.0
2019-02-05 00:00:00+09:00,2621.3906498898987,2621.3906498898987,2579.7043340817386,2586.490478515625,176800,0.0,0.0
2019-02-06 00:00:00+09:00,2599.093634291358,2603.940880905105,2563.224009349627,2567.101806640625,239300,0.0,0.0
2019-02-07 00:00:00+09:00,2570.9794775390624,2594.246260141226,2518.6292166841945,2520.568115234375,184700,0.0,0.0
2019-02-08 00:00:00+09:00,2481.7904025670946,2500.2099407111473,2464.3403137990445,2492.454345703125,241600,0.0,0.0
2019-02-12 00:00:00+09:00,2540.926498931309,2573.8877736217573,2524.445861586085,2569.04052734375,188500,0.0,0.0
2019-02-13 00:00:00+09:00,2590.3681973087355,2606.848833294607,2580.6737055523404,2591.337646484375,164000,0.0,0.0
2019-02-14 00:00:00+09:00,2568.07080078125,2607.81821596888,2566.1319024794143,2568.07080078125,207900,0.0,0.0
2019-02-15 00:00:00+09:00,2539.9572503648205,2554.4989903478254,2522.507162385215,2553.529541015625,125000,0.0,0.0
2019-02-18 00:00:00+09:00,2633.0243603100757,2642.718853536549,2602.9714313080094,2624.29931640625,244400,0.0,0.0
2019-02-19 00:00:00+09:00,2631.0849942089662,2647.565629765913,2615.5738078024287,2632.054443359375,226700,0.0,0.0
2019-02-20 00:00:00+09:00,2633.9936191744237,2656.2909519830405,2624.299126648938,2633.024169921875,196900,0.0,0.0
2019-02-21 00:00:00+09:00,2663.0771394118033,2664.046588679882,2623.3297194205825,2648.535400390625,131200,0.0,0.0
2019-02-22 00:00:00+09:00,2661.1384356954823,2685.374669171762,2658.230087678329,2675.68017578125,233300,0.0,0.0
2019-02-25 00:00:00+09:00,2706.7021833273184,2709.610530945507,2661.1380706423674,2686.34375,192900,0.0,0.0
2019-02-26 00:00:00+09:00,2681.496558495391,2699.9160937851284,2678.5882108180645,2695.06884765625,161000,0.0,0.0
2019-02-27 00:00:00+09:00,2707.6718208049906,2716.396864266231,2680.5272411477977,2698.94677734375,150900,0.0,0.0
2019-02-28 00:00:00+09:00,2704.763380257774,2747.4191468281474,2700.8855832968306,2731.907958984375,209000,0.0,0.0
2019-03-01 00:00:00+09:00,2766.808547824246,2789.1058837036985,2757.1140539636144,2772.625244140625,276600,0.0,0.0
2019-03-04 00:00:00+09:00,2786.197253422206,2797.830644876996,2765.838818376323,2792.9833984375,189300,0.0,0.0
2019-03-05 00:00:00+09:00,2763.899769597109,2784.2582035366177,2753.2358280097474,2760.02197265625,182300,0.0,0.0
2019-03-06 00:00:00+09:00,2752.2664810461238,2767.7776693859396,2724.1524521802066,2741.6025390625,132300,0.0,0.0
2019-03-07 00:00:00+09:00,2723.183072342832,2732.8775653024004,2709.610782199436,2722.213623046875,184000,0.0,0.0
2019-03-08 00:00:00+09:00,2699.916017127132,2714.457755100887,2676.6492363691245,2678.588134765625,152900,0.0,0.0
2019-03-11 00:00:00+09:00,2678.5882767568296,2708.6412034956866,2675.679929007908,2697.0078125,47900,0.0,0.0
2019-03-12 00:00:00+09:00,2740.6332014478303,2753.236042487385,2729.969259029745,2737.724853515625,126000,0.0,0.0
2019-03-13 00:00:00+09:00,2744.5106655790523,2753.2357083166753,2718.3355373661825,2728.030029296875,85600,0.0,0.0
2019-03-14 00:00:00+09:00,2747.4190028804933,2748.3884520699357,2713.48828125,2713.48828125,66800,0.0,0.0
2019-03-15 00:00:00+09:00,2719.3049865592516,2760.02185266816,2719.3049865592516,2728.030029296875,278800,0.0,0.0
2019-03-18 00:00:00+09:00,2744.511052512382,2752.266647150354,2728.030413906691,2746.449951171875,55000,0.0,0.0
2019-03-19 00:00:00+09:00,2744.5108416872963,2751.2969864742304,2710.5801177526246,2747.419189453125,73000,0.0,0.0
2019-03-20 00:00:00+09:00,2761.9608046600397,2763.899703083809,2733.8467775153777,2758.0830078125,130300,0.0,0.0
2019-03-22 00:00:00+09:00,2739.6637476663414,2739.6637476663414,2693.130180826998,2701.855224609375,226800,0.0,0.0
2019-03-25 00:00:00+09:00,2656.2910188586507,2680.5272507825434,2628.176989826935,2634.963134765625,195200,0.0,0.0
2019-03-26 00:00:00+09:00,2673.7410045702295,2742.5719006269683,2670.832656849522,2731.907958984375,196600,0.0,0.0
2019-03-27 00:00:00+09:00,2729.95884516438,2765.0457849808445,2729.95884516438,2734.83203125,131800,15.0,0.0
2019-03-28 00:00:00+09:00,2723.1364657656422,2730.933563734907,2663.68359375,2663.68359375,83200,0.0,0.0
2019-03-29 00:00:00+09:00,2687.074540559684,2708.5165572054266,2666.607161034202,2692.92236328125,151400,0.0,0.0
2019-04-01 00:00:00+09:00,2730.933482381504,2750.426226723984,2698.770454216411,2734.83203125,105400,0.0,0.0
2019-04-02 00:00:00+09:00,2729.958764957476,2732.882676522943,2677.328356779074,2694.871826171875,159700,0.0,0.0
2019-04-03 00:00:00+09:00,2712.4151616191484,2717.2883473209436,2674.4043131451467,2690.97314453125,77200,0.0,0.0
2019-04-04 00:00:00+09:00,2680.2519459311693,2684.15049421616,2645.165011366252,2646.1396484375,48900,0.0,0.0
2019-04-05 00:00:00+09:00,2628.5967771276164,2657.835895894331,2628.5967771276164,2642.24169921875,119300,0.0,0.0
2019-04-08 00:00:00+09:00,2668.556737310798,2669.5313745413714,2633.4697970101447,2648.08935546875,48300,0.0,0.0
2019-04-09 00:00:00+09:00,2656.8610475576174,2657.835684772422,2619.824833395039,2632.4951171875,57500,0.0,0.0
2019-04-10 00:00:00+09:00,2594.484192654305,2613.9769364007684,2578.8899976571342,2583.76318359375,75700,0.0,0.0
2019-04-11 00:00:00+09:00,2583.763232917872,2597.408153800878,2579.8646840941556,2590.585693359375,49800,0.0,0.0
2019-04-12 00:00:00+09:00,2590.585776946504,2590.585776946504,2564.270571537341,2587.661865234375,110600,0.0,0.0
2019-04-15 00:00:00+09:00,2631.5202693875417,2642.241277892454,2618.849986609009,2622.74853515625,104500,0.0,0.0
2019-04-16 00:00:00+09:00,2620.7998068952525,2620.7998068952525,2580.8396759608136,2586.6875,84800,0.0,0.0
2019-04-17 00:00:00+09:00,2611.052862253794,2629.5709676598494,2567.194191555242,2580.839111328125,126000,0.0,0.0
2019-04-18 00:00:00+09:00,2551.599823270631,2553.5490973907768,2497.9947849666264,2509.6904296875,207500,0.0,0.0
2019-04-19 00:00:00+09:00,2517.487938654845,2523.3357619734393,2486.2995476223423,2503.843017578125,139700,0.0,0.0
2019-04-22 00:00:00+09:00,2485.3247174565095,2516.5131060677286,2479.476894591906,2510.665283203125,59500,0.0,0.0
2019-04-23 00:00:00+09:00,2509.6910016903794,2532.107659181206,2502.8685407149105,2506.76708984375,126800,0.0,0.0
2019-04-24 00:00:00+09:00,2524.310283495555,2535.0312924215978,2471.6798760404354,2473.629150390625,166300,0.0,0.0
2019-04-25 00:00:00+09:00,2513.589172553422,2523.3355439088054,2488.248607029425,2502.8681640625,332200,0.0,0.0
2019-04-26 00:00:00+09:00,2484.3501449819714,2545.7522866586537,2477.527684795673,2534.056640625,128000,0.0,0.0
2019-05-07 00:00:00+09:00,2526.2594216689295,2534.056518649389,2497.0203079922057,2512.614501953125,194400,0.0,0.0
2019-05-08 00:00:00+09:00,2479.4771064860347,2493.1220276695267,2465.8321853025423,2477.52783203125,162800,0.0,0.0
2019-05-09 00:00:00+09:00,2445.364865222028,2480.4518062933685,2431.7199436942847,2466.806884765625,220100,0.0,0.0
2019-05-10 00:00:00+09:00,2709.491763560075,2718.2634994852697,2513.5896612307315,2536.98095703125,367200,0.0,0.0
2019-05-13 00:00:00+09:00,2510.6654477933926,2536.006015201245,2447.314029273761,2470.705322265625,358700,0.0,0.0
2019-05-14 00:00:00+09:00,2421.9734580612035,2518.462541501066,2420.024183648277,2513.58935546875,212300,0.0,0.0
2019-05-15 00:00:00+09:00,2509.6906814756703,2509.6906814756703,2442.440717583701,2458.034912109375,168900,0.0,0.0
2019-05-16 00:00:00+09:00,2441.466259433328,2455.111180643734,2423.922789305663,2434.643798828125,176400,0.0,0.0
2019-05-17 00:00:00+09:00,2435.6184784154048,2459.984409572022,2421.9735569676996,2450.238037109375,200700,0.0,0.0
2019-05-20 00:00:00+09:00,2422.9480966796873,2446.3393896484376,2422.9480966796873,2436.593017578125,124100,0.0,0.0
2019-05-21 00:00:00+09:00,2436.5932473689436,2475.5787393268465,2435.618610069996,2454.13671875,178400,0.0,0.0
2019-05-22 00:00:00+09:00,2442.4408966626424,2447.314082809216,2425.8720637642928,2434.643798828125,151500,0.0,0.0
2019-05-23 00:00:00+09:00,2412.2270384420126,2437.5676053104944,2405.4045781312675,2429.7705078125,109400,0.0,0.0
2019-05-24 00:00:00+09:00,2428.795842835305,2437.5675774201836,2412.227010841645,2430.7451171875,125100,0.0,0.0
2019-05-27 00:00:00+09:00,2453.1616488458244,2472.654391387309,2436.5928176855623,2452.18701171875,142800,0.0,0.0
2019-05-28 00:00:00+09:00,2452.1872493811884,2473.6292682549506,2443.4155143873763,2460.958984375,232600,0.0,0.0
2019-05-29 00:00:00+09:00,2416.125636230469,2437.5676547851563,2395.6582548828123,2436.593017578125,146100,0.0,0.0
2019-05-30 00:00:00+09:00,2402.480607691819,2402.480607691819,2374.216129954268,2397.607421875,212500,0.0,0.0
2019-05-31 00:00:00+09:00,2380.0640826423555,2388.8358175906687,2367.393798828125,2367.393798828125,244400,0.0,0.0
2019-06-03 00:00:00+09:00,2341.0786623323347,2371.2924169252997,2335.2308388627284,2347.901123046875,169100,0.0,0.0
2019-06-04 00:00:00+09:00,2352.7740531327254,2366.4189730763287,2343.0276817444374,2365.4443359375,160000,0.0,0.0
2019-06-05 00:00:00+09:00,2413.201620428357,2439.5168238821393,2398.582062954033,2431.7197265625,189500,0.0,0.0
2019-06-06 00:00:00+09:00,2413.2017309188077,2447.3140332540897,2384.9372518410028,2427.8212890625,216100,0.0,0.0
2019-06-07 00:00:00+09:00,2446.339188956305,2459.984108735344,2432.6942691772656,2452.18701171875,183100,0.0,0.0
2019-06-10 00:00:00+09:00,2440.491630348653,2469.7307473256737,2428.795983557845,2459.984375,123900,0.0,0.0
2019-06-11 00:00:00+09:00,2439.5167624069422,2450.2377709512793,2423.9225681606335,2442.440673828125,194700,0.0,0.0
2019-06-12 00:00:00+09:00,2434.64384116914,2464.857595803345,2424.897468706494,2450.238037109375,136600,0.0,0.0
2019-06-13 00:00:00+09:00,2413.201515828941,2446.3391780010666,2409.3029673381025,2426.846435546875,214000,0.0,0.0
2019-06-14 00:00:00+09:00,2437.5677529079344,2457.0604978332276,2422.948194213964,2450.238037109375,153300,0.0,0.0
2019-06-17 00:00:00+09:00,2429.770620790412,2472.6546590233756,2426.84670909271,2459.984375,161200,0.0,0.0
2019-06-18 00:00:00+09:00,2459.9842951602145,2482.400950781722,2414.1763467162646,2420.024169921875,162200,0.0,0.0
2019-06-19 00:00:00+09:00,2428.795836792724,2439.516845703125,2399.5567215825386,2439.516845703125,175300,0.0,0.0
2019-06-20 00:00:00+09:00,2454.1364251200966,2463.8827969434487,2434.643681473392,2447.31396484375,167000,0.0,0.0
2019-06-21 00:00:00+09:00,2435.6182895947327,2435.6182895947327,2371.292236328125,2371.292236328125,256600,0.0,0.0
2019-06-24 00:00:00+09:00,2395.65828021161,2406.3792896023047,2382.0133591689073,2401.506103515625,145200,0.0,0.0
2019-06-25 00:00:00+09:00,2380.0640975939673,2409.303214272026,2372.2669998131514,2383.962646484375,211700,0.0,0.0
2019-06-26 00:00:00+09:00,2382.9880784703796,2387.86126472492,2364.469970703125,2364.469970703125,150900,0.0,0.0
2019-06-27 00:00:00+09:00,2363.495095268379,2371.292192489883,2336.2052549931154,2355.697998046875,167000,0.0,0.0
2019-06-28 00:00:00+09:00,2339.129249300953,2363.4951789811707,2333.2814261777003,2352.774169921875,115800,0.0,0.0
2019-07-01 00:00:00+09:00,2385.9117468188624,2441.466064453125,2383.9624725159056,2441.466064453125,170000,0.0,0.0
2019-07-02 00:00:00+09:00,2436.5927572065443,2477.5275155276145,2433.6688458978965,2462.907958984375,195500,0.0,0.0
2019-07-03 00:00:00+09:00,2473.629116663192,2502.8682315173664,2467.7812936923565,2483.37548828125,268000,0.0,0.0
2019-07-04 00:00:00+09:00,2479.476933723602,2500.9189512322178,2469.7305621287765,2492.147216796875,190200,0.0,0.0
2019-07-05 00:00:00+09:00,2495.071400625978,2517.488057740977,2482.4011161696744,2491.1728515625,198700,0.0,0.0
2019-07-08 00:00:00+09:00,2499.944332077569,2499.944332077569,2465.83203125,2465.83203125,118100,0.0,0.0
2019-07-09 00:00:00+09:00,2500.919294579924,2506.7671183396587,2464.857714728226,2471.68017578125,150900,0.0,0.0
2019-07-10 00:00:00+09:00,2447.3139132944343,2490.1979484138906,2441.4660903235995,2483.37548828125,196000,0.0,0.0
2019-07-11 00:00:00+09:00,2501.893544214722,2507.7413670683604,2472.654429946533,2476.552978515625,176300,0.0,0.0
2019-07-12 00:00:00+09:00,2497.995397202641,2500.9193090994836,2445.364983059472,2454.13671875,118600,0.0,0.0
2019-07-16 00:00:00+09:00,2432.694363727455,2439.5168238821393,2410.277708933492,2431.7197265625,177800,0.0,0.0
2019-07-17 00:00:00+09:00,2420.9986567394503,2460.958779495617,2420.9986567394503,2442.440673828125,219200,0.0,0.0
2019-07-18 00:00:00+09:00,2428.795993848779,2437.567728979051,2370.3177596469623,2374.21630859375,250200,0.0,0.0
2019-07-19 00:00:00+09:00,2374.216288967342,2410.2778664270263,2356.6728188518196,2400.531494140625,282800,0.0,0.0
2019-07-22 00:00:00+09:00,2375.190896559959,2383.9626315082724,2357.6474266633327,2367.393798828125,155300,0.0,0.0
2019-07-23 00:00:00+09:00,2347.901137437687,2370.317794208574,2340.104039430422,2364.469970703125,169700,0.0,0.0
2019-07-24 00:00:00+09:00,2374.216137989458,2378.114686656107,2331.332102656315,2345.95166015625,246400,0.0,0.0
2019-07-25 00:00:00+09:00,2344.9768449953526,2354.7232159221826,2322.560191863643,2326.458740234375,150000,0.0,0.0
2019-07-26 00:00:00+09:00,2313.788612076321,2343.027726803486,2311.8393377611765,2338.154541015625,243900,0.0,0.0
2019-07-29 00:00:00+09:00,2344.9768238705246,2373.2412993037105,2340.10363845101,2361.545654296875,147100,0.0,0.0
2019-07-30 00:00:00+09:00,2359.5966118762162,2380.0639926483764,2352.7741516188294,2379.08935546875,175700,0.0,0.0
2019-07-31 00:00:00+09:00,2345.9517800655813,2383.9626315082724,2344.977142849102,2367.393798828125,208900,0.0,0.0
2019-08-01 00:00:00+09:00,2339.1294990904366,2372.267166994218,2332.3070380514228,2344.002685546875,201500,0.0,0.0
2019-08-02 00:00:00+09:00,2538.929866360818,2539.904503545601,2414.1763067085394,2438.542236328125,616600,0.0,0.0
2019-08-05 00:00:00+09:00,2408.3286278040846,2440.491656827773,2393.7090691569533,2424.8974609375,290500,0.0,0.0
2019-08-06 00:00:00+09:00,2337.179938960887,2406.379178187836,2316.7125583444654,2405.404541015625,255500,0.0,0.0
2019-08-07 00:00:00+09:00,2381.0385842058713,2411.252336195385,2378.1146727230152,2406.379150390625,146600,0.0,0.0
2019-08-08 00:00:00+09:00,2398.5820688629765,2428.7958210510105,2389.810334356773,2422.947998046875,223300,0.0,0.0
2019-08-09 00:00:00+09:00,2425.872008300781,2451.212575683594,2424.89737109375,2436.593017578125,227500,0.0,0.0
2019-08-13 00:00:00+09:00,2411.252346098447,2435.6182752223194,2406.3791602736724,2431.7197265625,260500,0.0,0.0
2019-08-14 00:00:00+09:00,2433.669040957252,2436.5929525002525,2400.531376803249,2413.20166015625,234500,0.0,0.0
2019-08-15 00:00:00+09:00,2364.469840633903,2396.632868144587,2350.824919871795,2394.68359375,181700,0.0,0.0
2019-08-16 00:00:00+09:00,2377.1401455335636,2409.303173332911,2373.2415967094003,2402.480712890625,127700,0.0,0.0
2019-08-19 00:00:00+09:00,2435.6182970084337,2445.3646687451624,2418.0748278823226,2439.516845703125,166400,0.0,0.0
2019-08-20 00:00:00+09:00,2459.984168883631,2484.35009765625,2437.5675144128213,2484.35009765625,205300,0.0,0.0
2019-08-21 00:00:00+09:00,2441.46607032189,2459.0095390906704,2424.897238706931,2432.6943359375,118600,0.0,0.0
2019-08-22 00:00:00+09:00,2433.6689908972826,2433.6689908972826,2393.708867298248,2406.379150390625,140300,0.0,0.0
2019-08-23 00:00:00+09:00,2410.277764067514,2437.5676053104944,2396.632843446024,2429.7705078125,161100,0.0,0.0
2019-08-26 00:00:00+09:00,2371.292239988256,2410.2777268766777,2371.292239988256,2405.404541015625,151200,0.0,0.0
2019-08-27 00:00:00+09:00,2435.6182473989634,2466.8066363212392,2429.7704244760366,2432.6943359375,243200,0.0,0.0
2019-08-28 00:00:00+09:00,2408.3283357816276,2418.07470703125,2379.0892220327614,2418.07470703125,172000,0.0,0.0
2019-08-29 00:00:00+09:00,2425.8720360214397,2438.5423198576304,2393.709007821879,2435.618408203125,722900,0.0,0.0
2019-08-30 00:00:00+09:00,2473.629178201678,2481.426275690099,2444.3900626200975,2472.654541015625,209900,0.0,0.0
2019-09-02 00:00:00+09:00,2456.0858311806955,2459.009742884482,2409.303243920111,2417.100341796875,108000,0.0,0.0
2019-09-03 00:00:00+09:00,2410.278208344898,2417.1006699132013,2391.760098373789,2414.1767578125,108600,0.0,0.0
2019-09-04 00:00:00+09:00,2387.8610621896755,2397.6074338720823,2374.216141834306,2380.06396484375,288100,0.0,0.0
2019-09-05 00:00:00+09:00,2381.0387030026845,2437.567661158295,2374.216242535628,2427.8212890625,248800,0.0,0.0
2019-09-06 00:00:00+09:00,2441.4661540594916,2444.3900656212395,2417.100224378259,2429.7705078125,128700,0.0,0.0
2019-09-09 00:00:00+09:00,2422.9482143081523,2431.719949597281,2411.252567255981,2423.9228515625,138500,0.0,0.0
2019-09-10 00:00:00+09:00,2420.9987731272563,2433.669056561497,2396.632843446024,2429.7705078125,153200,0.0,0.0
2019-09-11 00:00:00+09:00,2459.0097034818655,2475.578536204494,2434.6437730074117,2469.730712890625,148300,0.0,0.0
2019-09-12 00:00:00+09:00,2467.7814017972796,2467.7814017972796,2439.5169228667423,2445.36474609375,188700,0.0,0.0
2019-09-13 00:00:00+09:00,2460.9586687319525,2493.12169291736,2417.0999993882147,2489.22314453125,271000,0.0,0.0
2019-09-17 00:00:00+09:00,2503.843058651195,2503.843058651195,2448.288736213235,2485.324951171875,175000,0.0,0.0
2019-09-18 00:00:00+09:00,2494.0965529184873,2502.86828757119,2460.958888674944,2481.42626953125,143000,0.0,0.0
2019-09-19 00:00:00+09:00,2499.944406908612,2527.2342483875364,2496.0458581259086,2514.56396484375,171700,0.0,0.0
2019-09-20 00:00:00+09:00,2527.2342763592355,2528.208913565699,2498.969797371801,2513.58935546875,230200,0.0,0.0
2019-09-24 00:00:00+09:00,2522.360711468447,2535.0309932493933,2505.7918814472087,2509.6904296875,245300,0.0,0.0
2019-09-25 00:00:00+09:00,2511.640276067139,2542.828669095524,2489.223618577987,2540.87939453125,170600,0.0,0.0
2019-09-26 00:00:00+09:00,2536.980570372468,2536.980570372468,2495.07117178391,2507.741455078125,296000,0.0,0.0
2019-09-27 00:00:00+09:00,2473.5625,2491.14012534544,2437.430714567706,2473.5625,229100,5.0,0.0
2019-09-30 00:00:00+09:00,2472.586054640644,2472.586054640644,2440.3604070090714,2442.3134765625,256800,0.0,0.0
2019-10-01 00:00:00+09:00,2455.985052045768,2458.914656481608,2431.5716817471025,2454.031982421875,282600,0.0,0.0
2019-10-02 00:00:00+09:00,2444.2663871250124,2501.8819352034684,2432.547970566682,2488.21044921875,270500,0.0,0.0
2019-10-03 00:00:00+09:00,2454.0322361624003,2454.0322361624003,2349.5430004801974,2359.308349609375,357500,0.0,0.0
2019-10-04 00:00:00+09:00,2351.4956286441284,2386.65087890625,2327.0822604065443,2386.65087890625,218800,0.0,0.0
2019-10-07 00:00:00+09:00,2394.4632618996675,2429.6185137056987,2392.510192354888,2424.73583984375,213000,0.0,0.0
2019-10-08 00:00:00+09:00,2455.985024324648,2467.7034419357396,2434.501258704313,2453.055419921875,167900,0.0,0.0
2019-10-09 00:00:00+09:00,2425.7123578124997,2444.266518359375,2423.75928828125,2441.3369140625,174200,0.0,0.0
2019-10-10 00:00:00+09:00,2440.3603459737387,2443.28995023061,2390.5570736069276,2431.571533203125,130400,0.0,0.0
2019-10-11 00:00:00+09:00,2449.1491587443525,2451.1022282489334,2420.8296509279303,2431.571533203125,127600,0.0,0.0
2019-10-15 00:00:00+09:00,2463.797423304774,2498.9526778584686,2460.8678187586324,2474.539306640625,203900,0.0,0.0
2019-10-16 00:00:00+09:00,2507.741227398569,2526.295387570132,2481.3747892600327,2491.14013671875,191900,0.0,0.0
2019-10-17 00:00:00+09:00,2504.8119149292716,2504.8119149292716,2467.7035902636526,2475.515869140625,118300,0.0,0.0
2019-10-18 00:00:00+09:00,2491.140305275847,2510.671001514779,2447.1962387382487,2454.031982421875,186200,0.0,0.0
2019-10-21 00:00:00+09:00,2450.12604641521,2455.0087208799673,2423.7596043055205,2426.689208984375,126800,0.0,0.0
2019-10-23 00:00:00+09:00,2431.571516745301,2448.172607421875,2384.69784895262,2448.172607421875,249400,0.0,0.0
2019-10-24 00:00:00+09:00,2476.492330729167,2505.788375651042,2463.7973779296876,2490.163818359375,247500,0.0,0.0
2019-10-25 00:00:00+09:00,2510.671159924959,2597.582763671875,2502.858880936472,2597.582763671875,409500,0.0,0.0
2019-10-28 00:00:00+09:00,2580.981493411847,2629.8082337336755,2580.981493411847,2617.11328125,350100,0.0,0.0
2019-10-29 00:00:00+09:00,2641.52686860516,2681.5647989610975,2634.6911243980485,2667.893310546875,480200,0.0,0.0
2019-10-30 00:00:00+09:00,2682.5410917162253,2719.6494140625,2668.869604536019,2719.6494140625,728500,0.0,0.0
2019-10-31 00:00:00+09:00,2697.1893702994744,2718.673137912287,2685.470951601577,2694.259765625,361300,0.0,0.0
2019-11-01 00:00:00+09:00,2673.752547531044,2684.4944313962164,2661.057593872204,2668.869873046875,154600,0.0,0.0
2019-11-05 00:00:00+09:00,2698.1659645934396,2705.001708984375,2664.9637775517544,2705.001708984375,231000,0.0,0.0
2019-11-06 00:00:00+09:00,2724.5323962859293,2739.180419921875,2708.9078377409205,2739.180419921875,298600,0.0,0.0
2019-11-07 00:00:00+09:00,2756.7576684839746,2756.7576684839746,2717.696277502976,2743.086181640625,216900,0.0,0.0
2019-11-08 00:00:00+09:00,2768.476075463005,2768.476075463005,2646.4092291022025,2682.541015625,373900,0.0,0.0
2019-11-11 00:00:00+09:00,2682.54103353107,2684.4941030858795,2612.2305295579217,2622.972412109375,267600,0.0,0.0
2019-11-12 00:00:00+09:00,2597.5825248366664,2608.324407458171,2582.9345030800687,2606.371337890625,343400,0.0,0.0
2019-11-13 00:00:00+09:00,2606.3713902064733,2606.3713902064733,2548.755836807379,2556.568115234375,372700,0.0,0.0
2019-11-14 00:00:00+09:00,2578.051667110101,2590.746618501173,2507.7411670980073,2523.36572265625,263700,0.0,0.0
2019-11-15 00:00:00+09:00,2556.568115234375,2573.169206891741,2545.826232397256,2556.568115234375,232700,0.0,0.0
2019-11-18 00:00:00+09:00,2566.3334859913793,2570.2396252394637,2536.0609068187264,2548.755859375,175500,0.0,0.0
2019-11-19 00:00:00+09:00,2543.8732002845622,2581.958058177498,2543.8732002845622,2575.122314453125,262200,0.0,0.0
2019-11-20 00:00:00+09:00,2576.0990238411896,2603.442000591589,2574.145954073304,2598.559326171875,205500,0.0,0.0
2019-11-21 00:00:00+09:00,2597.5825088119796,2600.512113145226,2542.896561258043,2580.0048828125,177600,0.0,0.0
2019-11-22 00:00:00+09:00,2581.9579682962953,2617.11322051213,2580.981433512522,2606.371337890625,185600,0.0,0.0
2019-11-25 00:00:00+09:00,2646.409074477728,2656.1744216160223,2625.9018454873103,2651.291748046875,117800,0.0,0.0
2019-11-26 00:00:00+09:00,2661.057548636145,2661.057548636145,2631.7615022291416,2632.738037109375,142800,0.0,0.0
2019-11-27 00:00:00+09:00,2626.8788435589418,2636.6441924197557,2532.1549596090467,2555.591796875,359400,0.0,0.0
2019-11-28 00:00:00+09:00,2538.9905367352426,2544.84974566617,2455.9850768804363,2497.97607421875,444900,0.0,0.0
2019-11-29 00:00:00+09:00,2506.764890538764,2516.530238768366,2449.149335984114,2455.008544921875,179200,0.0,0.0
2019-12-02 00:00:00+09:00,2468.6799369333858,2499.929050059125,2467.7034021482064,2477.46875,124000,0.0,0.0
2019-12-03 00:00:00+09:00,2446.2196368742607,2477.46875,2434.5012194521087,2477.46875,214500,0.0,0.0
2019-12-04 00:00:00+09:00,2477.4688786477936,2485.281157334897,2444.2666942276023,2464.77392578125,185600,0.0,0.0
2019-12-05 00:00:00+09:00,2433.524377591751,2460.86734812649,2431.5713082678412,2457.937744140625,169900,0.0,0.0
2019-12-06 00:00:00+09:00,2455.008618486457,2471.6097109742336,2431.5717820331256,2440.360595703125,186100,0.0,0.0
2019-12-09 00:00:00+09:00,2464.773809690487,2466.7268792702735,2433.5246964139037,2452.078857421875,128800,0.0,0.0
2019-12-10 00:00:00+09:00,2456.961576668963,2463.7973203242423,2432.5482064715366,2436.454345703125,111800,0.0,0.0
2019-12-11 00:00:00+09:00,2444.266809239288,2445.243344121125,2418.8769023115124,2425.712646484375,123500,0.0,0.0
2019-12-12 00:00:00+09:00,2428.6421305999634,2428.6421305999634,2404.228759765625,2404.228759765625,140700,0.0,0.0
2019-12-13 00:00:00+09:00,2446.219599360695,2453.055342752122,2407.15820855254,2415.947021484375,204900,0.0,0.0
2019-12-16 00:00:00+09:00,2416.9238513812006,2416.9238513812006,2395.440083813368,2409.111572265625,184400,0.0,0.0
2019-12-17 00:00:00+09:00,2414.970689051481,2417.900293607548,2373.9562252665387,2388.604248046875,246000,0.0,0.0
2019-12-18 00:00:00+09:00,2386.6509398654603,2386.6509398654603,2344.6599454242923,2354.42529296875,186000,0.0,0.0
2019-12-19 00:00:00+09:00,2355.4021182639613,2366.1440018878848,2324.1530022670927,2338.801025390625,241700,0.0,0.0
2019-12-20 00:00:00+09:00,2361.2610918559626,2374.9325787401576,2339.7773267522275,2356.37841796875,273300,0.0,0.0
2019-12-23 00:00:00+09:00,2378.838899526651,2400.3226662711445,2375.9092949705832,2388.604248046875,215900,0.0,0.0
2019-12-24 00:00:00+09:00,2395.4399738195607,2415.947205556296,2387.6276950627093,2405.205322265625,195000,0.0,0.0
2019-12-25 00:00:00+09:00,2398.3695590943034,2410.0879771354807,2367.120444317831,2370.050048828125,119000,0.0,0.0
2019-12-26 00:00:00+09:00,2371.026323234196,2404.228504037311,2367.1201843161825,2386.65087890625,122000,0.0,0.0
2019-12-27 00:00:00+09:00,2406.1816960665046,2418.8766481967255,2398.3694178325222,2408.134765625,165800,0.0,0.0
2019-12-30 00:00:00+09:00,2392.510350073715,2399.3460939310685,2370.050048828125,2370.050048828125,142900,0.0,0.0
2020-01-06 00:00:00+09:00,2339.777513965092,2354.4255367987635,2297.786515175235,2302.669189453125,216300,0.0,0.0
2020-01-07 00:00:00+09:00,2328.0589041051376,2357.354947361494,2305.598604275264,2347.589599609375,196400,0.0,0.0
2020-01-08 00:00:00+09:00,2323.176486054622,2332.94183488209,2275.326276800029,2322.199951171875,178100,0.0,0.0
2020-01-09 00:00:00+09:00,2341.7304133190737,2355.401900302588,2328.0589263355596,2339.77734375,142900,0.0,0.0
2020-01-10 00:00:00+09:00,2348.5660844420754,2361.2610362498704,2336.847667388726,2354.42529296875,136700,0.0,0.0
2020-01-14 00:00:00+09:00,2376.885954501212,2381.768629017443,2353.4491168233035,2367.12060546875,189600,0.0,0.0
2020-01-15 00:00:00+09:00,2373.9561929937654,2384.6980762199814,2363.2143097675494,2378.8388671875,138200,0.0,0.0
2020-01-16 00:00:00+09:00,2402.275619412762,2404.2286890220407,2370.049970859664,2375.9091796875,204600,0.0,0.0
2020-01-17 00:00:00+09:00,2379.815263378625,2379.815263378625,2359.3080329596874,2373.9560546875,159900,0.0,0.0
2020-01-20 00:00:00+09:00,2360.2846228132707,2381.768388515336,2360.2846228132707,2375.9091796875,75600,0.0,0.0
2020-01-21 00:00:00+09:00,2383.7214025060416,2390.557145979021,2372.9795199056457,2373.9560546875,96800,0.0,0.0
2020-01-22 00:00:00+09:00,2355.4021041473047,2367.1205225758986,2348.5663600639587,2364.19091796875,141200,0.0,0.0
2020-01-23 00:00:00+09:00,2363.2142065602834,2365.167276152482,2337.8243018617018,2340.75390625,135100,0.0,0.0
2020-01-24 00:00:00+09:00,2330.0124645679366,2330.988999548895,2284.115320462868,2295.833740234375,127200,0.0,0.0
2020-01-27 00:00:00+09:00,2261.6547298711644,2274.3496830181098,2240.170963007103,2259.70166015625,178900,0.0,0.0
2020-01-28 00:00:00+09:00,2241.147598930027,2258.7252271569296,2230.405715013587,2246.0302734375,173900,0.0,0.0
2020-01-29 00:00:00+09:00,2247.006776341601,2247.9833112291894,2216.734194826351,2236.264892578125,168600,0.0,0.0
2020-01-30 00:00:00+09:00,2222.5933075221237,2243.1005392699117,2203.062610619469,2206.96875,127500,0.0,0.0
2020-01-31 00:00:00+09:00,2224.5462985867857,2237.241251124814,2211.8513460487575,2212.827880859375,136400,0.0,0.0
2020-02-03 00:00:00+09:00,2177.672750163631,2213.8045401887675,2173.766610701454,2191.34423828125,153800,0.0,0.0
2020-02-04 00:00:00+09:00,2180.60228663315,2216.734075529445,2174.7430776229403,2214.781005859375,106200,0.0,0.0
2020-02-05 00:00:00+09:00,2240.1709212923092,2246.030130327947,2211.8514109533917,2232.358642578125,188000,0.0,0.0
2020-02-06 00:00:00+09:00,2292.9037906316066,2328.0590446617334,2280.2088377873943,2309.5048828125,204900,0.0,0.0
2020-02-07 00:00:00+09:00,2331.965161040218,2333.9182306893304,2312.434464549094,2317.317138671875,122800,0.0,0.0
2020-02-10 00:00:00+09:00,2286.0680828708173,2292.9038268178892,2271.4200601270913,2276.302734375,110600,0.0,0.0
2020-02-12 00:00:00+09:00,2282.1619044654713,2282.1619044654713,2204.039117834219,2205.9921875,160300,0.0,0.0
2020-02-13 00:00:00+09:00,2217.710778660197,2217.710778660197,2162.048288839135,2168.884033203125,183700,0.0,0.0
2020-02-14 00:00:00+09:00,2175.719477030757,2178.6490813535092,2156.188781545741,2166.9306640625,179400,0.0,0.0
2020-02-17 00:00:00+09:00,2172.7898113969445,2186.461297850678,2143.4937689960866,2156.188720703125,145800,0.0,0.0
2020-02-18 00:00:00+09:00,2155.212274334882,2170.8368309227194,2148.3765308277025,2167.9072265625,153600,0.0,0.0
2020-02-19 00:00:00+09:00,2187.437871856758,2213.8043104907456,2174.742919921875,2174.742919921875,206700,0.0,0.0
2020-02-20 00:00:00+09:00,2187.438043599465,2203.0626010537467,2171.813486145183,2189.39111328125,179400,0.0,0.0
2020-02-21 00:00:00+09:00,2184.5084163411457,2215.7575309244794,2184.5084163411457,2197.203369140625,201500,0.0,0.0
2020-02-25 00:00:00+09:00,2170.836814869934,2180.6021626651204,2124.939680232558,2141.540771484375,284800,0.0,0.0
2020-02-26 00:00:00+09:00,2104.4325165596906,2126.8928172004667,2084.9018203503197,2118.10400390625,272600,0.0,0.0
2020-02-27 00:00:00+09:00,2086.855157667591,2086.855157667591,2049.746830109627,2058.53564453125,367900,0.0,0.0
2020-02-28 00:00:00+09:00,2012.6382121366614,2048.769999545228,1987.2483074711818,1992.1309814453125,276700,0.0,0.0
2020-03-02 00:00:00+09:00,1976.5065551353032,2075.1365759202167,1974.55348541679,2061.465087890625,302700,0.0,0.0
2020-03-03 00:00:00+09:00,2091.7373583984377,2115.174191545759,2050.722900390625,2050.722900390625,293300,0.0,0.0
2020-03-04 00:00:00+09:00,2024.3565290343086,2096.6201002588814,2024.3565290343086,2070.253662109375,232500,0.0,0.0
2020-03-05 00:00:00+09:00,2112.2447066645295,2128.8457977478847,2092.7140112723473,2106.385498046875,265200,0.0,0.0
2020-03-06 00:00:00+09:00,2076.1128872351255,2080.0190262515603,2040.9576360872115,2053.652587890625,248000,0.0,0.0
2020-03-09 00:00:00+09:00,2004.8260635353395,2020.4506212638175,1955.9993206338454,1979.4361572265625,280700,0.0,0.0
2020-03-10 00:00:00+09:00,2000.919500430727,2075.1361339264495,1943.3039560064162,2054.62890625,345900,0.0,0.0
2020-03-11 00:00:00+09:00,2065.3712826614633,2103.4561431928096,2056.5824686926912,2063.418212890625,338800,0.0,0.0
2020-03-12 00:00:00+09:00,2014.5913492039913,2027.2863019619417,1960.8819336895854,1990.177978515625,396400,0.0,0.0
2020-03-13 00:00:00+09:00,1890.5713823773633,1952.0930750890234,1841.744642130014,1911.07861328125,421100,0.0,0.0
2020-03-16 00:00:00+09:00,1908.149147541252,1994.0842166219225,1862.2520083731665,1864.205078125,241600,0.0,0.0
2020-03-17 00:00:00+09:00,1853.463171017487,2143.4940254917724,1820.2609856567942,2130.799072265625,492700,0.0,0.0
2020-03-18 00:00:00+09:00,2112.245002611737,2197.2035394712934,2061.4651874772894,2099.550048828125,377000,0.0,0.0
2020-03-19 00:00:00+09:00,2185.4848909774173,2255.7953968533666,2122.986663532129,2186.46142578125,363100,0.0,0.0
2020-03-23 00:00:00+09:00,2137.6350481982267,2221.617055573762,2070.2541353039014,2164.97802734375,290200,0.0,0.0
2020-03-24 00:00:00+09:00,2180.6021581346745,2180.6021581346745,2014.5912459614121,2089.784423828125,233300,0.0,0.0
2020-03-25 00:00:00+09:00,2136.658217674238,2191.3441684008185,2060.488500590787,2163.024658203125,208600,0.0,0.0
2020-03-26 00:00:00+09:00,2151.306387992527,2266.5375063688857,2104.432712720788,2246.0302734375,196500,0.0,0.0
2020-03-27 00:00:00+09:00,2286.0681243417825,2330.9887282374348,2226.4994974366787,2303.645751953125,330600,0.0,0.0
2020-03-30 00:00:00+09:00,2287.0091283358543,2385.8486328125,2251.779205948139,2385.8486328125,280300,5.0,0.0
2020-03-31 00:00:00+09:00,2358.4476780901937,2384.870120956764,2218.506591796875,2218.506591796875,326100,0.0,0.0
2020-04-01 00:00:00+09:00,2143.153892551612,2238.0789736372312,2135.325019884757,2162.72607421875,267200,0.0,0.0
2020-04-02 00:00:00+09:00,2148.0468563157688,2188.169827208227,2095.2019678232623,2109.881103515625,151900,0.0,0.0
2020-04-03 00:00:00+09:00,2060.950418984192,2150.0038321501756,2046.271284945843,2089.330078125,214200,0.0,0.0
2020-04-06 00:00:00+09:00,2131.4103845767245,2216.5493668807535,2100.094896832714,2205.78466796875,179600,0.0,0.0
2020-04-07 00:00:00+09:00,2198.9346792921624,2220.4640798014757,2133.367868650162,2190.127197265625,188900,0.0,0.0
2020-04-08 00:00:00+09:00,2235.1430303242514,2306.5814896997636,2191.1056238598944,2238.078857421875,257900,0.0,0.0
2020-04-09 00:00:00+09:00,2242.971780141195,2265.479786660936,2203.8274209764268,2254.715087890625,192300,0.0,0.0
2020-04-10 00:00:00+09:00,2247.86490215635,2301.688397854478,2206.7633236232346,2294.838134765625,111300,0.0,0.0
2020-04-13 00:00:00+09:00,2273.308565567884,2315.3887499498983,2247.8647331508523,2288.96630859375,80100,0.0,0.0
2020-04-14 00:00:00+09:00,2310.4957063966694,2323.2176226114757,2264.5010862354484,2322.239013671875,149300,0.0,0.0
2020-04-15 00:00:00+09:00,2320.281874712776,2320.281874712776,2241.9931568818934,2262.5439453125,265600,0.0,0.0
2020-04-16 00:00:00+09:00,2213.6135737134136,2273.308723137162,2203.827483643947,2269.394287109375,255400,0.0,0.0
2020-04-17 00:00:00+09:00,2340.832909688995,2340.832909688995,2239.0575657894738,2249.822265625,124800,0.0,0.0
2020-04-20 00:00:00+09:00,2178.3835808345984,2199.9129783091544,2171.533318001785,2175.44775390625,113000,0.0,0.0
2020-04-21 00:00:00+09:00,2146.089576755527,2189.1483735531756,2132.38905050173,2174.46923828125,132700,0.0,0.0
2020-04-22 00:00:00+09:00,2148.0469740058265,2174.469419699748,2135.3250557087536,2159.790283203125,103300,0.0,0.0
2020-04-23 00:00:00+09:00,2169.5762061937003,2201.870303985487,2167.618988145713,2199.9130859375,80100,0.0,0.0
2020-04-24 00:00:00+09:00,2196.977086607417,2202.848740291,2174.4690808203472,2194.041259765625,83800,0.0,0.0
2020-04-27 00:00:00+09:00,2234.1643514088832,2234.1643514088832,2171.533375285288,2177.405029296875,118200,0.0,0.0
2020-04-28 00:00:00+09:00,2177.405093056815,2201.8703188214986,2162.725957598005,2192.084228515625,86000,0.0,0.0
2020-04-30 00:00:00+09:00,2241.014834075887,2262.544234228581,2192.0843791834004,2193.06298828125,131200,0.0,0.0
2020-05-01 00:00:00+09:00,2200.8916669221203,2216.5494111065373,2170.554787564812,2182.298095703125,102900,0.0,0.0
2020-05-07 00:00:00+09:00,2155.8757112067433,2188.1698094681246,2138.2607485187173,2150.982666015625,161300,0.0,0.0
2020-05-08 00:00:00+09:00,2179.3621104546833,2204.80594290723,2147.0680154187585,2168.597412109375,80900,0.0,0.0
2020-05-11 00:00:00+09:00,2182.2981552387823,2195.02007273569,2140.217966595165,2150.982666015625,65900,0.0,0.0
2020-05-12 00:00:00+09:00,2151.9611606174044,2164.6830774377895,2104.987929280599,2113.79541015625,88000,0.0,0.0
2020-05-13 00:00:00+09:00,2073.672520547644,2096.180528085443,2063.8864303138184,2087.373046875,181400,0.0,0.0
2020-05-14 00:00:00+09:00,2085.4158256188703,2085.4158256188703,1989.512141474971,2008.105712890625,143500,0.0,0.0
2020-05-15 00:00:00+09:00,2011.0415199154713,2056.05753447319,1937.6458440061476,1969.93994140625,175500,0.0,0.0
2020-05-18 00:00:00+09:00,2002.234090380698,2085.415858553894,1997.3410451940395,2071.71533203125,155000,0.0,0.0
2020-05-19 00:00:00+09:00,2107.9237423270088,2114.774005185082,2055.078857421875,2055.078857421875,160200,0.0,0.0
2020-05-20 00:00:00+09:00,2041.378584017256,2052.1432841247297,2006.148656392797,2034.5283203125,178400,0.0,0.0
2020-05-21 00:00:00+09:00,2021.8064150755433,2056.0577338207727,2014.9561513264975,2043.3358154296875,102700,0.0,0.0
2020-05-22 00:00:00+09:00,2030.6136988056073,2045.292833977696,2003.212646484375,2003.212646484375,77700,0.0,0.0
2020-05-25 00:00:00+09:00,2031.5924117476852,2063.8865107783568,2022.7849301938659,2060.95068359375,74900,0.0,0.0
2020-05-26 00:00:00+09:00,2071.715555480032,2078.565819480202,2061.9294640512176,2066.822509765625,158500,0.0,0.0
2020-05-27 00:00:00+09:00,2017.8917161923364,2058.014684361049,1999.298145577567,2055.078857421875,287500,0.0,0.0
2020-05-28 00:00:00+09:00,2066.8222428187764,2104.0093854452507,2042.3570174066224,2095.201904296875,188800,0.0,0.0
2020-05-29 00:00:00+09:00,2097.1589215862537,2139.2391052671724,2084.4370055896966,2104.98779296875,200900,0.0,0.0
2020-06-01 00:00:00+09:00,2107.9237862392624,2107.9237862392624,2054.1002912331533,2064.864990234375,91700,0.0,0.0
2020-06-02 00:00:00+09:00,2053.1216036242868,2071.7151739144974,2050.185776736359,2058.0146484375,108200,0.0,0.0
2020-06-03 00:00:00+09:00,2103.030873239776,2103.030873239776,2048.2287657937886,2060.95068359375,124000,0.0,0.0
2020-06-04 00:00:00+09:00,2072.693932614447,2094.2233313479305,2048.228706780943,2092.26611328125,105000,0.0,0.0
2020-06-05 00:00:00+09:00,2086.394293932822,2095.201774535728,2055.0788073447125,2065.843505859375,117000,0.0,0.0
2020-06-08 00:00:00+09:00,2080.5229436727254,2080.5229436727254,2048.228843418163,2067.801025390625,137200,0.0,0.0
2020-06-09 00:00:00+09:00,2076.6082331910056,2079.544060099381,2036.4852654432057,2050.185791015625,167100,0.0,0.0
2020-06-10 00:00:00+09:00,2040.3999519074493,2068.7796155071214,2030.6138610110108,2046.2716064453125,122000,0.0,0.0
2020-06-11 00:00:00+09:00,2035.5068894730625,2078.5656890580694,2026.6994077397655,2070.73681640625,127600,0.0,0.0
2020-06-12 00:00:00+09:00,2021.8062830694148,2034.528200629871,1990.4907936898305,2001.2554931640625,156600,0.0,0.0
2020-06-15 00:00:00+09:00,1994.405086741728,2011.0414392807904,1963.089599609375,1963.089599609375,130800,0.0,0.0
2020-06-16 00:00:00+09:00,1983.6405838797266,2039.4213008413171,1979.7261476017202,2036.4854736328125,159100,0.0,0.0
2020-06-17 00:00:00+09:00,2068.779434616501,2070.736652624653,2012.9987213841737,2027.6778564453125,91600,0.0,0.0
2020-06-18 00:00:00+09:00,2015.934555673507,2049.207261932196,2013.97733765829,2023.763427734375,72600,0.0,0.0
2020-06-19 00:00:00+09:00,2046.2714647438092,2046.2714647438092,2006.148494846872,2008.105712890625,194000,0.0,0.0
2020-06-22 00:00:00+09:00,2008.1057564658465,2012.9988016814066,1995.3838389053906,2001.2554931640625,63100,0.0,0.0
2020-06-23 00:00:00+09:00,2015.9347473995913,2048.228847722012,1998.3197835873618,2034.5283203125,106400,0.0,0.0
2020-06-24 00:00:00+09:00,2024.742140633182,2024.742140633182,1985.5977783203125,1985.5977783203125,89800,0.0,0.0
2020-06-25 00:00:00+09:00,1960.153772690717,1968.9612534466912,1945.4746380974266,1946.4532470703125,132100,0.0,0.0
2020-06-26 00:00:00+09:00,1977.7689058577387,1993.4266507828866,1967.0042062216994,1985.5977783203125,153500,0.0,0.0
2020-06-29 00:00:00+09:00,1958.1967275978031,1968.961427249765,1949.3892460643797,1952.3250732421875,95200,0.0,0.0
2020-06-30 00:00:00+09:00,1974.8330589032137,1985.5977584314273,1962.111141278961,1964.068359375,143500,0.0,0.0
2020-07-01 00:00:00+09:00,1972.8759410965472,1976.7903774876117,1911.2235679372802,1913.1807861328125,116500,0.0,0.0
2020-07-02 00:00:00+09:00,1914.159172651023,1933.7313523304813,1901.437255859375,1901.437255859375,134200,0.0,0.0
2020-07-03 00:00:00+09:00,1903.3945459967492,1909.2662001232175,1860.3357490693163,1895.565673828125,131800,0.0,0.0
2020-07-06 00:00:00+09:00,1899.4801959794822,1911.2235047645177,1887.7368871944468,1898.5015869140625,175400,0.0,0.0
2020-07-07 00:00:00+09:00,1893.6085157018947,1893.6085157018947,1846.6352812038633,1864.250244140625,129300,0.0,0.0
2020-07-08 00:00:00+09:00,1854.4641487630208,1875.9935478515627,1816.2983958333334,1834.8919677734375,150000,0.0,0.0
2020-07-09 00:00:00+09:00,1837.8278071420057,1870.121905989549,1802.597881126504,1860.3358154296875,211400,0.0,0.0
2020-07-10 00:00:00+09:00,1862.292911997439,1867.1859569580208,1827.06298828125,1827.06298828125,134200,0.0,0.0
2020-07-13 00:00:00+09:00,1856.421242596621,1904.373082811294,1856.421242596621,1901.437255859375,123700,0.0,0.0
2020-07-14 00:00:00+09:00,1895.5656451390794,1910.2447802330837,1890.6726001077448,1894.5870361328125,102400,0.0,0.0
2020-07-15 00:00:00+09:00,1914.1592880272535,1921.9881603709232,1883.8224076955332,1905.351806640625,93800,0.0,0.0
2020-07-16 00:00:00+09:00,1943.5175569275302,1985.5977457230408,1932.7528574682137,1938.62451171875,133600,0.0,0.0
2020-07-17 00:00:00+09:00,1959.1752801192433,1959.1752801192433,1921.0095279091283,1933.7314453125,109700,0.0,0.0
2020-07-20 00:00:00+09:00,1927.85978283832,1963.0897078038934,1921.9881286773912,1954.2822265625,68100,0.0,0.0
2020-07-21 00:00:00+09:00,1924.9239650257027,1934.7100553410341,1911.2234385842385,1917.0950927734375,127800,0.0,0.0
2020-07-22 00:00:00+09:00,1906.3303509512089,1927.859749165237,1903.3945239220234,1907.3089599609375,74300,0.0,0.0
2020-07-27 00:00:00+09:00,1872.0791103371103,1884.8010279713928,1843.6994479221723,1851.5283203125,288500,0.0,0.0
2020-07-28 00:00:00+09:00,1814.3412456668027,1841.7423000781675,1793.790454858279,1799.662109375,174600,0.0,0.0
2020-07-29 00:00:00+09:00,1769.3250810978595,1784.0042161733397,1748.7742919921875,1748.7742919921875,204500,0.0,0.0
2020-07-30 00:00:00+09:00,1773.2394874656593,1811.4052380236951,1767.3678335336538,1781.068359375,172100,0.0,0.0
2020-07-31 00:00:00+09:00,1762.4750119083053,1783.0258032742545,1756.6033572323197,1759.5391845703125,211600,0.0,0.0
2020-08-03 00:00:00+09:00,1784.9827736276366,1833.9132224661134,1776.1752928367107,1809.447998046875,163600,0.0,0.0
2020-08-04 00:00:00+09:00,1816.298430055585,1854.4641837043823,1816.298430055585,1848.592529296875,171500,0.0,0.0
2020-08-05 00:00:00+09:00,1846.63525501598,1846.63525501598,1794.7689759932737,1829.9989013671875,113500,0.0,0.0
2020-08-06 00:00:00+09:00,1814.3410863223992,1826.0843943244859,1799.661951319791,1802.5977783203125,106200,0.0,0.0
2020-08-07 00:00:00+09:00,1797.7048053284357,1811.4053318796593,1791.8331510921969,1796.7261962890625,117600,0.0,0.0
2020-08-11 00:00:00+09:00,1835.8704957567954,1896.5442541453463,1825.105796687859,1894.5870361328125,210300,0.0,0.0
2020-08-12 00:00:00+09:00,1876.972165217165,1918.0737454773948,1876.972165217165,1910.244873046875,135800,0.0,0.0
2020-08-13 00:00:00+09:00,1920.0308331206816,1952.324929702222,1907.3089162855292,1947.431884765625,154200,0.0,0.0
2020-08-14 00:00:00+09:00,1947.4319867389956,1951.346422893245,1918.0737155821264,1925.902587890625,122300,0.0,0.0
2020-08-17 00:00:00+09:00,1947.431899300738,1955.2607712577258,1931.7741553867622,1939.60302734375,120500,0.0,0.0
2020-08-18 00:00:00+09:00,1920.0309907400062,1947.432044634359,1910.2449000634517,1927.85986328125,128800,0.0,0.0
2020-08-19 00:00:00+09:00,1933.731487600705,1950.3678414920066,1924.9240061288394,1943.517578125,85200,0.0,0.0
2020-08-20 00:00:00+09:00,1935.6887510651597,1942.5390145926908,1920.031005859375,1920.031005859375,120400,0.0,0.0
2020-08-21 00:00:00+09:00,1959.175335195856,1985.5977797764194,1953.3036808446197,1968.96142578125,120800,0.0,0.0
2020-08-24 00:00:00+09:00,1955.2608779428251,1972.8758408071749,1947.4320055586695,1964.068359375,97900,0.0,0.0
2020-08-25 00:00:00+09:00,1989.5121496924621,2010.062939236752,1984.6191045628693,1987.554931640625,109200,0.0,0.0
2020-08-26 00:00:00+09:00,1967.0041494270706,1991.4693751662132,1957.2180591314134,1983.6405029296875,108900,0.0,0.0
2020-08-27 00:00:00+09:00,1983.6405390562277,1989.5121933405578,1970.9186214401789,1980.7047119140625,103400,0.0,0.0
2020-08-28 00:00:00+09:00,1986.5763364305683,2030.6137429031671,1967.9827648088044,1996.3624267578125,211900,0.0,0.0
2020-08-31 00:00:00+09:00,2012.9987004573172,2042.3569702743903,1996.3623475609756,2006.1484375,150100,0.0,0.0
2020-09-01 00:00:00+09:00,2003.2126318715784,2020.8275939495893,1998.3195868499088,2011.04150390625,131300,0.0,0.0
2020-09-02 00:00:00+09:00,2012.0200975351693,2055.078893396817,2011.0414885383136,2052.14306640625,140800,0.0,0.0
2020-09-03 00:00:00+09:00,2092.2661856531427,2105.9667125938086,2068.779568040572,2086.39453125,91600,0.0,0.0
2020-09-04 00:00:00+09:00,2058.0148683014772,2090.3089675187616,2055.079041099906,2086.39453125,86500,0.0,0.0
2020-09-07 00:00:00+09:00,2086.3944590812093,2106.9452487813523,2075.6297597144676,2092.26611328125,110000,0.0,0.0
2020-09-08 00:00:00+09:00,2093.244827333998,2118.688663477375,2082.4801274271845,2116.7314453125,109700,0.0,0.0
2020-09-09 00:00:00+09:00,2083.4587776475496,2134.346450939082,2075.6299048334677,2126.517578125,256800,0.0,0.0
2020-09-10 00:00:00+09:00,2132.38888131152,2178.383501514201,2131.4102723710375,2168.597412109375,130000,0.0,0.0
2020-09-11 00:00:00+09:00,2217.5281661184213,2256.6725291566986,2199.913202751196,2249.822265625,240200,0.0,0.0
2020-09-14 00:00:00+09:00,2265.4800749814694,2315.3891392683186,2259.6084203594874,2310.49609375,193600,0.0,0.0
2020-09-15 00:00:00+09:00,2287.009298609629,2305.60287014304,2240.0360652620625,2291.90234375,130500,0.0,0.0
2020-09-16 00:00:00+09:00,2268.415861102988,2316.367706311809,2261.565597501728,2300.7099609375,138200,0.0,0.0
2020-09-17 00:00:00+09:00,2300.70992474163,2318.3248880106003,2291.902443107145,2303.645751953125,153300,0.0,0.0
2020-09-18 00:00:00+09:00,2301.688643133361,2358.447971918112,2296.795597548469,2340.8330078125,202100,0.0,0.0
2020-09-23 00:00:00+09:00,2291.902178177308,2325.1748827281317,2262.5439094559933,2265.479736328125,274100,0.0,0.0
2020-09-24 00:00:00+09:00,2265.479786660936,2292.8808380762734,2249.822042995029,2254.715087890625,148400,0.0,0.0
2020-09-25 00:00:00+09:00,2275.2657822879946,2296.7951789376016,2251.7791677611513,2255.693603515625,181500,0.0,0.0
2020-09-28 00:00:00+09:00,2312.453045526608,2347.682969199464,2288.9664297447043,2338.87548828125,174600,0.0,0.0
2020-09-29 00:00:00+09:00,2344.784262876931,2344.784262876931,2289.636039978523,2303.423095703125,105900,15.0,0.0
2020-09-30 00:00:00+09:00,2284.7120392628203,2286.6816186070123,2220.7007105765774,2227.59423828125,207500,0.0,0.0
2020-10-02 00:00:00+09:00,2221.685556583258,2221.685556583258,2151.765488091498,2179.339599609375,181300,0.0,0.0
2020-10-05 00:00:00+09:00,2208.8832114247034,2250.24437722044,2203.959263115687,2230.548583984375,140700,0.0,0.0
2020-10-06 00:00:00+09:00,2244.3358583543236,2250.2445969019873,2205.9290577945085,2223.6552734375,75700,0.0,0.0
2020-10-07 00:00:00+09:00,2219.716153671031,2219.716153671031,2170.4766649028184,2188.202880859375,89600,0.0,0.0
2020-10-08 00:00:00+09:00,2191.157036287649,2220.7007266645614,2185.248298212267,2204.944091796875,86100,0.0,0.0
2020-10-09 00:00:00+09:00,2213.807319934814,2218.7312686001496,2187.217997142003,2200.020263671875,49200,0.0,0.0
2020-10-12 00:00:00+09:00,2193.1266519111014,2196.0810209976453,2164.567750741177,2169.49169921875,56400,0.0,0.0
2020-10-13 00:00:00+09:00,2152.7503284055797,2158.6590667269124,2109.4195807158058,2111.38916015625,251600,0.0,0.0
2020-10-14 00:00:00+09:00,2084.799972780523,2106.465348029069,2072.9824953722255,2073.96728515625,108700,0.0,0.0
2020-10-15 00:00:00+09:00,2074.9519400435056,2076.921519483509,2023.7428746034193,2034.5755615234375,115200,0.0,0.0
2020-10-16 00:00:00+09:00,2016.8492899118512,2021.7732383735502,2001.0926548344148,2010.9405517578125,90900,0.0,0.0
2020-10-19 00:00:00+09:00,2018.8188692965307,2025.7123971429091,2003.0622342190943,2010.9405517578125,91300,0.0,0.0
2020-10-20 00:00:00+09:00,1990.2599288330077,2005.0317739257812,1965.6401870117188,1969.579345703125,108500,0.0,0.0
2020-10-21 00:00:00+09:00,1989.275171598742,2017.8340725771398,1978.442485020729,1991.2447509765625,90500,0.0,0.0
2020-10-22 00:00:00+09:00,1991.2447185058593,1991.2447185058593,1957.7618696289062,1969.579345703125,103200,0.0,0.0
2020-10-23 00:00:00+09:00,1981.3968540874598,1994.1991200432933,1959.731480931434,1991.2447509765625,95600,0.0,0.0
2020-10-26 00:00:00+09:00,1968.594541090362,1991.244703394053,1923.29421648298,1930.187744140625,134400,0.0,0.0
2020-10-27 00:00:00+09:00,1918.3702587512114,1918.3702587512114,1877.0090930081153,1905.5679931640625,114500,0.0,0.0
2020-10-28 00:00:00+09:00,1890.7962662337663,1904.583322341721,1870.1156820718345,1895.72021484375,85000,0.0,0.0
2020-10-29 00:00:00+09:00,1867.1611811917455,1932.1572982585467,1867.1611811917455,1928.2181396484375,60600,0.0,0.0
2020-10-30 00:00:00+09:00,1916.4008243008482,1916.4008243008482,1872.0852862260597,1897.6898193359375,113600,0.0,0.0
2020-11-02 00:00:00+09:00,1906.5528665040056,1950.8684031737785,1906.5528665040056,1936.0965576171875,164300,0.0,0.0
2020-11-04 00:00:00+09:00,1964.6555160445785,1982.3817312269355,1930.1878754122174,1959.7315673828125,146100,0.0,0.0
2020-11-05 00:00:00+09:00,1967.6097219057,2044.4233146527695,1958.746615050269,2042.4537353515625,237000,0.0,0.0
2020-11-06 00:00:00+09:00,2036.5451125281463,2038.5146919406493,1998.138313984337,2022.758056640625,116500,0.0,0.0
2020-11-09 00:00:00+09:00,1924.2790647634254,2000.107871307327,1903.598481160543,1958.7467041015625,218200,0.0,0.0
2020-11-10 00:00:00+09:00,2022.7580099457678,2037.529855198536,1996.1686884907845,2028.666748046875,180400,0.0,0.0
2020-11-11 00:00:00+09:00,2095.632376484149,2118.2825384480284,2032.605838845528,2042.4537353515625,167500,0.0,0.0
2020-11-12 00:00:00+09:00,2012.9101528891654,2029.6515778398093,1990.2599897206476,2003.062255859375,139400,0.0,0.0
2020-11-13 00:00:00+09:00,1981.3968636010138,1989.2751811501232,1943.974855242744,1948.8988037109375,110500,0.0,0.0
2020-11-16 00:00:00+09:00,1972.5337700657233,1999.123091978741,1951.8531863555984,1988.2904052734375,134700,0.0,0.0
2020-11-17 00:00:00+09:00,1992.229465060764,1992.229465060764,1950.8682996961804,1985.3359375,98900,0.0,0.0
2020-11-18 00:00:00+09:00,1968.5946703174445,1968.5946703174445,1936.0966092266613,1944.959716796875,113300,0.0,0.0
2020-11-19 00:00:00+09:00,1940.035699889431,1960.7162834923133,1936.0965411079296,1958.7467041015625,77300,0.0,0.0
2020-11-20 00:00:00+09:00,1949.8836036177047,1985.3360327743903,1949.8836036177047,1978.4425048828125,79200,0.0,0.0
2020-11-24 00:00:00+09:00,2034.5755501638664,2039.499498736383,2000.10791015625,2000.10791015625,108100,0.0,0.0
2020-11-25 00:00:00+09:00,2025.7124327240676,2036.5451195300786,1966.6250501458255,1970.564208984375,89600,0.0,0.0
2020-11-26 00:00:00+09:00,1969.5794443100974,1978.442551809493,1939.0509629232909,1972.5338134765625,73500,0.0,0.0
2020-11-27 00:00:00+09:00,1986.320925742226,2008.9710899921374,1964.6555512423108,1996.1688232421875,173800,0.0,0.0
2020-11-30 00:00:00+09:00,1993.214363936055,1993.214363936055,1868.1460713373006,1874.0548095703125,187000,0.0,0.0
2020-12-01 00:00:00+09:00,1886.8570944545756,1896.7049916072613,1839.5871881216842,1856.32861328125,149000,0.0,0.0
2020-12-02 00:00:00+09:00,1856.328598158059,1894.7353967406398,1842.54154225662,1883.9027099609375,223000,0.0,0.0
2020-12-03 00:00:00+09:00,1871.100455094167,1940.035735018689,1867.1612962413371,1918.370361328125,128300,0.0,0.0
2020-12-04 00:00:00+09:00,1880.948319204272,1908.522430689989,1871.1004222450872,1891.781005859375,166900,0.0,0.0
2020-12-07 00:00:00+09:00,1918.3703463179027,1919.3551360234046,1866.1764919262964,1874.0548095703125,132700,0.0,0.0
2020-12-08 00:00:00+09:00,1841.5566502875577,1873.0699191694837,1834.6631227196362,1866.1763916015625,83800,0.0,0.0
2020-12-09 00:00:00+09:00,1873.0699641719746,1878.9787022292994,1853.3741706475585,1855.34375,87200,0.0,0.0
2020-12-10 00:00:00+09:00,1839.587206717411,1850.419893694869,1811.0283046859308,1838.6024169921875,141300,0.0,0.0
2020-12-11 00:00:00+09:00,1834.6632411411829,1861.2525634765625,1834.6632411411829,1861.2525634765625,87500,0.0,0.0
2020-12-14 00:00:00+09:00,1856.328564802637,1888.8266245578025,1854.358985423536,1857.3133544921875,83100,0.0,0.0
2020-12-15 00:00:00+09:00,1846.4807161285644,1866.1765104339356,1842.5415572674901,1856.32861328125,104000,0.0,0.0
2020-12-16 00:00:00+09:00,1854.358962132225,1871.100386644306,1851.4045931006815,1860.2677001953125,158700,0.0,0.0
2020-12-17 00:00:00+09:00,1863.222022643882,1878.9786570848448,1850.4197571605994,1866.1763916015625,150000,0.0,0.0
2020-12-18 00:00:00+09:00,1861.2525092230903,1926.2486285927855,1847.4654535992156,1914.43115234375,244400,0.0,0.0
2020-12-21 00:00:00+09:00,1912.4615188835817,1932.1573120749676,1871.100353181671,1900.64404296875,93400,0.0,0.0
2020-12-22 00:00:00+09:00,1875.0395293295633,1892.7657433673428,1858.2981049605494,1882.9178466796875,94300,0.0,0.0
2020-12-23 00:00:00+09:00,1900.6440454466729,1900.6440454466729,1824.8152415609766,1843.5262451171875,70500,0.0,0.0
2020-12-24 00:00:00+09:00,1848.4502074930517,1863.2220525183025,1811.0282000957498,1815.9521484375,71400,0.0,0.0
2020-12-25 00:00:00+09:00,1814.9673355176892,1821.8608631078268,1796.256332058744,1818.906494140625,59300,0.0,0.0
2020-12-28 00:00:00+09:00,1826.7848234166122,1827.7696130788313,1776.560550643433,1786.408447265625,76600,0.0,0.0
2020-12-29 00:00:00+09:00,1797.241146568352,1821.860888302165,1795.271567229647,1820.8760986328125,106100,0.0,0.0
2020-12-30 00:00:00+09:00,1820.876134856656,1820.876134856656,1774.5910194763082,1785.4237060546875,135600,0.0,0.0
2021-01-04 00:00:00+09:00,1787.3932985455801,1789.362877937917,1741.1081828256672,1752.9256591796875,138900,0.0,0.0
2021-01-05 00:00:00+09:00,1748.986572265625,1772.6215259448902,1735.1995159527203,1748.986572265625,162000,0.0,0.0
2021-01-06 00:00:00+09:00,1748.0016944280148,1782.4693334730744,1737.1690078709962,1775.5758056640625,90900,0.0,0.0
2021-01-07 00:00:00+09:00,1810.0434754088683,1827.7696900755493,1792.3172607421875,1792.3172607421875,90400,0.0,0.0
2021-01-08 00:00:00+09:00,1794.2868762778928,1828.7545166015625,1777.5454509778247,1828.7545166015625,93000,0.0,0.0
2021-01-12 00:00:00+09:00,1835.6480027788873,1859.2829556043664,1817.9217881597779,1849.43505859375,56600,0.0,0.0
2021-01-13 00:00:00+09:00,1821.8609916633889,1838.6024169921875,1802.1651971589197,1838.6024169921875,114700,0.0,0.0
2021-01-14 00:00:00+09:00,1819.89138035221,1966.625046841647,1813.9826421043133,1960.71630859375,281300,0.0,0.0
2021-01-15 00:00:00+09:00,1954.8076512081302,1954.8076512081302,1898.6746355311209,1904.5833740234375,182400,0.0,0.0
2021-01-18 00:00:00+09:00,1898.674591846955,1929.2030733548677,1891.7810637645232,1920.3399658203125,49400,0.0,0.0
2021-01-19 00:00:00+09:00,1944.9596615656753,1949.8836100759681,1921.3247087162695,1926.2486572265625,80700,0.0,0.0
2021-01-20 00:00:00+09:00,1955.792247953869,1986.3207271515375,1950.8682996961804,1985.3359375,173900,0.0,0.0
2021-01-21 00:00:00+09:00,1985.3360462265941,2015.86452709615,1940.0357197749952,1945.9444580078125,151200,0.0,0.0
2021-01-22 00:00:00+09:00,1920.3399173300552,1941.020501055148,1908.5224409157163,1921.32470703125,81600,0.0,0.0
2021-01-25 00:00:00+09:00,1923.2942647890147,1931.1725823099118,1904.583260676884,1929.2030029296875,55000,0.0,0.0
2021-01-26 00:00:00+09:00,1922.3095298281091,1955.7923802451971,1922.3095298281091,1947.9140625,86100,0.0,0.0
2021-01-27 00:00:00+09:00,1960.7162869154304,1977.4577117660392,1949.8836002473893,1968.5946044921875,53600,0.0,0.0
2021-01-28 00:00:00+09:00,1937.0813850311645,1982.381712286596,1937.0813850311645,1977.457763671875,165200,0.0,0.0
2021-01-29 00:00:00+09:00,1974.503282885866,2000.1078142350095,1935.1116961948762,1940.03564453125,84100,0.0,0.0
2021-02-01 00:00:00+09:00,1940.0357510831143,1980.4121296589558,1940.0357510831143,1967.60986328125,72600,0.0,0.0
2021-02-02 00:00:00+09:00,1970.5642513390744,1988.2904664935488,1941.0205594149504,1949.8836669921875,84600,0.0,0.0
2021-02-03 00:00:00+09:00,1954.8076277628984,1990.2600582915957,1951.8532585521734,1989.2752685546875,96400,0.0,0.0
2021-02-04 00:00:00+09:00,1969.579345703125,1990.2599288330077,1957.7618696289062,1969.579345703125,109300,0.0,0.0
2021-02-05 00:00:00+09:00,1996.168663744097,2038.5146196104001,1974.5032909752908,2026.6971435546875,116100,0.0,0.0
2021-02-08 00:00:00+09:00,2040.484307747489,2090.708583662123,2026.6972516140602,2059.1953125,114400,0.0,0.0
2021-02-09 00:00:00+09:00,2058.21044921875,2062.1496079732356,2029.6515482487291,2058.21044921875,93200,0.0,0.0
2021-02-10 00:00:00+09:00,2046.3930429424706,2067.0736271108017,2005.0318746058085,2049.347412109375,126600,0.0,0.0
2021-02-12 00:00:00+09:00,2040.4841876810588,2040.4841876810588,1994.1990733852047,1997.1534423828125,129200,0.0,0.0
2021-02-15 00:00:00+09:00,2006.0165586327553,2034.5754590747533,1987.3055548948946,2021.773193359375,77500,0.0,0.0
2021-02-16 00:00:00+09:00,2015.8644166976685,2015.8644166976685,1970.5640927269344,1985.3359375,72200,0.0,0.0
2021-02-17 00:00:00+09:00,1987.3056206117103,2020.788470512998,1985.3360412057523,2003.062255859375,66900,0.0,0.0
2021-02-18 00:00:00+09:00,1997.153602692018,1997.153602692018,1960.7163821300828,1961.701171875,87700,0.0,0.0
2021-02-19 00:00:00+09:00,1958.746746156274,1958.746746156274,1922.3095266450712,1938.066162109375,82100,0.0,0.0
2021-02-22 00:00:00+09:00,1960.716399975995,1977.457825791963,1936.0966561289836,1939.051025390625,55600,0.0,0.0
2021-02-24 00:00:00+09:00,1931.1724948099486,1934.126863746425,1888.8265400537898,1893.75048828125,122100,0.0,0.0
2021-02-25 00:00:00+09:00,1922.3094590843782,1922.3094590843782,1878.978713080427,1884.887451171875,96600,0.0,0.0
2021-02-26 00:00:00+09:00,1870.1156042327964,1871.1003939138036,1804.1346956053096,1812.997802734375,212400,0.0,0.0
2021-03-01 00:00:00+09:00,1840.5718646220353,1848.4501818595827,1798.2259094702174,1813.9825439453125,101300,0.0,0.0
2021-03-02 00:00:00+09:00,1813.9826579537441,1821.8609756864423,1773.6062795736664,1789.3629150390625,192400,0.0,0.0
2021-03-03 00:00:00+09:00,1803.1498577436846,1844.511023240809,1782.4692749951225,1813.9825439453125,131000,0.0,0.0
2021-03-04 00:00:00+09:00,1806.1043265677786,1822.8457516232052,1779.5150044209247,1821.8609619140625,145400,0.0,0.0
2021-03-05 00:00:00+09:00,1825.8000861399391,1865.1916737589238,1819.8913479970915,1862.2373046875,170100,0.0,0.0
2021-03-08 00:00:00+09:00,1878.9786452224362,1884.8873831004942,1819.8912664418565,1836.6326904296875,110500,0.0,0.0
2021-03-09 00:00:00+09:00,1870.1156805038452,1894.7354235331218,1851.4046758015952,1890.7962646484375,106700,0.0,0.0
2021-03-10 00:00:00+09:00,1871.100386644306,1876.024335030212,1846.4806447147755,1860.2677001953125,105300,0.0,0.0
2021-03-11 00:00:00+09:00,1859.2829639877825,1881.9331272143286,1848.4502772272604,1874.0548095703125,108100,0.0,0.0
2021-03-12 00:00:00+09:00,1852.3894639615291,1889.8114733344894,1834.6632489953902,1885.872314453125,133800,0.0,0.0
2021-03-15 00:00:00+09:00,1904.5832035035126,1926.2485760356105,1891.7809379163639,1905.5679931640625,95200,0.0,0.0
2021-03-16 00:00:00+09:00,1905.568032619262,1949.8835682615706,1905.568032619262,1946.92919921875,120900,0.0,0.0
2021-03-17 00:00:00+09:00,1949.8836069546342,1990.2599846744017,1942.990079051259,1988.2904052734375,118400,0.0,0.0
2021-03-18 00:00:00+09:00,1969.579430600749,2020.7884957963686,1961.701112878346,2005.0318603515625,131900,0.0,0.0
2021-03-19 00:00:00+09:00,2005.031820450791,2041.4690391917927,1979.4272883625197,2030.6363525390625,193700,0.0,0.0
2021-03-22 00:00:00+09:00,2013.8949200236966,2090.7085159952608,2008.970971563981,2077.90625,172000,0.0,0.0
2021-03-23 00:00:00+09:00,2082.8302626676254,2108.434795447464,2049.347412109375,2049.347412109375,93000,0.0,0.0
2021-03-24 00:00:00+09:00,2045.4082096386333,2051.3169478465447,1980.4120893516088,1993.21435546875,99500,0.0,0.0
2021-03-25 00:00:00+09:00,2013.8949774034027,2055.2561456434723,2006.0166596433894,2034.5755615234375,157500,0.0,0.0
2021-03-26 00:00:00+09:00,2048.3624288069545,2071.0125902793393,2037.5297428853792,2053.286376953125,130600,0.0,0.0
2021-03-29 00:00:00+09:00,2070.0278748670453,2073.9670335252126,2025.7123399626603,2054.271240234375,154500,0.0,0.0
2021-03-30 00:00:00+09:00,2059.230970982143,2059.230970982143,2007.6510044642857,2013.6025390625,93200,15.0,0.0
2021-03-31 00:00:00+09:00,1990.7883231026785,2027.489453125,1983.8448660714284,2013.6025390625,196700,0.0,0.0
2021-04-01 00:00:00+09:00,2012.6106166294642,2057.2471261160713,2012.6106166294642,2048.31982421875,119300,0.0,0.0
2021-04-02 00:00:00+09:00,2060.2229005101844,2069.15020243825,2019.5540806156648,2025.505615234375,62000,0.0,0.0
2021-04-05 00:00:00+09:00,2025.5056400848357,2025.5056400848357,1989.7964319344665,1997.7318115234375,78200,0.0,0.0
2021-04-06 00:00:00+09:00,1995.7479174121343,1996.7398398362955,1934.248727114146,1949.1275634765625,87000,0.0,0.0
2021-04-07 00:00:00+09:00,1955.0791018059103,1994.7559988491555,1945.159877545099,1989.79638671875,89200,0.0,0.0
2021-04-08 00:00:00+09:00,1989.7963577909538,1989.7963577909538,1930.2810130913242,1942.18408203125,165600,0.0,0.0
2021-04-09 00:00:00+09:00,1950.1194576826254,1960.0386817807057,1927.3052422570402,1936.2325439453125,148400,0.0,0.0
2021-04-12 00:00:00+09:00,1968.9660576473802,1993.7641188268183,1948.1356862566522,1957.06298828125,71100,0.0,0.0
2021-04-13 00:00:00+09:00,1940.2002684792578,1956.071027321624,1922.3456647815958,1926.3133544921875,96500,0.0,0.0
2021-04-14 00:00:00+09:00,1940.2002718856181,1941.1921943150076,1895.5637625630964,1897.547607421875,87300,0.0,0.0
2021-04-15 00:00:00+09:00,1907.4669078708923,1929.2892021887083,1907.4669078708923,1924.32958984375,56600,0.0,0.0
2021-04-16 00:00:00+09:00,1926.3133162275983,1940.2002299388168,1900.5233336210497,1930.281005859375,58600,0.0,0.0
2021-04-19 00:00:00+09:00,1915.4022391726296,1934.2487656067465,1907.4668596214224,1910.442626953125,88800,0.0,0.0
2021-04-20 00:00:00+09:00,1893.579981299425,1893.579981299425,1860.8465400302364,1865.80615234375,77200,0.0,0.0
2021-04-21 00:00:00+09:00,1860.8464564880794,1871.757603087956,1834.0645511974726,1861.83837890625,95700,0.0,0.0
2021-04-22 00:00:00+09:00,1898.5396003058142,1906.4749800354102,1866.7980813874308,1877.709228515625,68400,0.0,0.0
2021-04-23 00:00:00+09:00,1882.6688473999343,1911.434599019849,1875.7253901123688,1889.6123046875,54300,0.0,0.0
2021-04-26 00:00:00+09:00,1872.7495851954377,1886.6364994924377,1851.9192137499376,1858.8626708984375,109000,0.0,0.0
2021-04-27 00:00:00+09:00,1845.9676408358907,1856.8787875576506,1828.113037109375,1828.113037109375,86700,0.0,0.0
2021-04-28 00:00:00+09:00,1821.169548436215,1841.007996676261,1808.2745570801853,1809.2664794921875,99200,0.0,0.0
2021-04-30 00:00:00+09:00,1810.2584540973257,1834.0645926717564,1803.314997013117,1829.10498046875,192500,0.0,0.0
2021-05-06 00:00:00+09:00,1868.7818885418067,1894.5718721416404,1845.9676722804152,1846.9595947265625,157600,0.0,0.0
2021-05-07 00:00:00+09:00,1857.8707726421285,1887.628446523209,1846.9596255523988,1865.80615234375,107500,0.0,0.0
2021-05-10 00:00:00+09:00,1873.7414313263114,1906.4748708359823,1868.7818192793916,1901.5152587890625,60300,0.0,0.0
2021-05-11 00:00:00+09:00,1894.5718682348129,1918.3780068932608,1863.822272467651,1875.725341796875,140100,0.0,0.0
2021-05-12 00:00:00+09:00,1835.05645769069,1839.02414732894,1761.6541993830624,1768.59765625,260400,0.0,0.0
2021-05-13 00:00:00+09:00,1785.460407951645,1786.452330400507,1747.767354894888,1748.75927734375,139200,0.0,0.0
2021-05-14 00:00:00+09:00,1761.654193054402,1829.1049166623407,1754.7107362124082,1791.411865234375,59100,0.0,0.0
2021-05-17 00:00:00+09:00,1789.4281292197145,1814.2261908774155,1763.6381450957053,1767.6058349609375,181600,0.0,0.0
2021-05-18 00:00:00+09:00,1776.533042767453,1799.3472582803795,1770.58150828582,1780.500732421875,113100,0.0,0.0
2021-05-19 00:00:00+09:00,1765.6219202634231,1773.5572996803373,1741.8157820126803,1752.7269287109375,187800,0.0,0.0
2021-05-20 00:00:00+09:00,1750.7431084675102,1764.6300226423232,1721.9773576768257,1724.953125,205500,0.0,0.0
2021-05-21 00:00:00+09:00,1716.0257641237174,1745.7834363339553,1708.090384867654,1727.9288330078125,132500,0.0,0.0
2021-05-24 00:00:00+09:00,1729.9127581716955,1757.6865868579382,1718.0096887347343,1725.945068359375,128600,0.0,0.0
2021-05-25 00:00:00+09:00,1706.1065391357279,1717.0176856069447,1689.2438582256655,1693.2115478515625,124900,0.0,0.0
2021-05-26 00:00:00+09:00,1676.3488585690418,1681.3084705766425,1639.6477297127965,1646.5911865234375,166200,0.0,0.0
2021-05-27 00:00:00+09:00,1655.5185441891633,1686.2681396773983,1655.5185441891633,1672.3812255859375,290700,0.0,0.0
2021-05-28 00:00:00+09:00,1686.2680946256567,1703.1307755719133,1684.28424980845,1699.1630859375,151700,0.0,0.0
2021-05-31 00:00:00+09:00,1695.1954380580357,1719.9934988839286,1690.235825892857,1701.14697265625,132800,0.0,0.0
2021-06-01 00:00:00+09:00,1719.0015764508928,1722.9692661830356,1679.3246791294641,1701.14697265625,160800,0.0,0.0
2021-06-02 00:00:00+09:00,1689.2439174025271,1705.1146764620928,1676.34892566663,1690.23583984375,154100,0.0,0.0
2021-06-03 00:00:00+09:00,1686.2681709356673,1704.1227750985154,1682.3004811217008,1691.227783203125,99500,0.0,0.0
2021-06-04 00:00:00+09:00,1686.2680873612949,1695.1953890002665,1681.308475339644,1687.260009765625,96200,0.0,0.0
2021-06-07 00:00:00+09:00,1687.2600378261286,1705.1146414010082,1679.3246584595154,1700.155029296875,118600,0.0,0.0
2021-06-08 00:00:00+09:00,1696.1873396135684,1710.0742535051415,1696.1873396135684,1700.155029296875,110900,0.0,0.0
2021-06-09 00:00:00+09:00,1717.0177001953125,1732.8884588337442,1716.0257777804106,1717.0177001953125,62400,0.0,0.0
2021-06-10 00:00:00+09:00,1706.106574430752,1722.9692556896607,1698.171195014795,1718.0096435546875,96200,0.0,0.0
2021-06-11 00:00:00+09:00,1720.9853898549204,1725.9450019294302,1707.0984760462927,1717.0177001953125,148300,0.0,0.0
2021-06-14 00:00:00+09:00,1711.0661723295475,1715.0338620045145,1692.219646373454,1694.2034912109375,141100,0.0,0.0
2021-06-15 00:00:00+09:00,1686.2681500788585,1699.1631418147558,1679.3246929902987,1690.23583984375,116100,0.0,0.0
2021-06-16 00:00:00+09:00,1686.268146424643,1735.864268378309,1686.268146424643,1719.0015869140625,175200,0.0,0.0
2021-06-17 00:00:00+09:00,1708.0904926126855,1726.9370195346605,1700.1551128560645,1704.122802734375,135700,0.0,0.0
2021-06-18 00:00:00+09:00,1715.0339421376902,1736.856236369633,1703.1308725566305,1726.93701171875,190800,0.0,0.0
2021-06-21 00:00:00+09:00,1704.122792825138,1709.0824051441866,1683.2924210851334,1686.2681884765625,129900,0.0,0.0
2021-06-22 00:00:00+09:00,1732.888449505749,1770.5815010691251,1722.9692254101235,1768.59765625,183500,0.0,0.0
2021-06-23 00:00:00+09:00,1765.6219691469855,1778.516961056486,1759.6704344195239,1766.6138916015625,92400,0.0,0.0
2021-06-24 00:00:00+09:00,1757.6865686995259,1779.5088624418452,1755.7027238138605,1765.6219482421875,90800,0.0,0.0
2021-06-25 00:00:00+09:00,1778.5169644262382,1782.4846542520636,1762.6462051229366,1772.5654296875,80000,0.0,0.0
2021-06-28 00:00:00+09:00,1791.4119588572296,1817.2019427610435,1787.4442690258736,1813.2342529296875,85800,0.0,0.0
2021-06-29 00:00:00+09:00,1795.379614298435,1806.2907611256628,1781.49270015469,1788.4361572265625,151600,0.0,0.0
2021-06-30 00:00:00+09:00,1791.4119563601707,1804.3069482941032,1759.6704377535675,1772.5654296875,186700,0.0,0.0
2021-07-01 00:00:00+09:00,1789.4281181602626,1791.4119630806176,1761.6542892752918,1784.468505859375,146000,0.0,0.0
2021-07-02 00:00:00+09:00,1824.145409944644,1834.0646345772957,1819.1857976283181,1831.0888671875,223200,0.0,0.0
2021-07-05 00:00:00+09:00,1817.2018731187432,1837.040321515236,1803.3149592411983,1833.0726318359375,170900,0.0,0.0
2021-07-06 00:00:00+09:00,1842.9918911573807,1848.943425789751,1820.1776750666272,1823.1534423828125,116900,0.0,0.0
2021-07-07 00:00:00+09:00,1814.2261230998627,1834.0645716848803,1812.242278241361,1828.113037109375,142100,0.0,0.0
2021-07-08 00:00:00+09:00,1818.1938685559655,1839.024240208816,1811.2504113383486,1819.185791015625,149500,0.0,0.0
2021-07-09 00:00:00+09:00,1794.387705535137,1819.185766695103,1775.541179053563,1812.2423095703125,194400,0.0,0.0
2021-07-12 00:00:00+09:00,1849.9353788670223,1881.6768974320328,1845.967689046396,1876.71728515625,138200,0.0,0.0
2021-07-13 00:00:00+09:00,1904.4910922897197,1913.4183942848279,1891.5961005190081,1910.442626953125,114900,0.0,0.0
2021-07-14 00:00:00+09:00,1909.450728746504,1927.3053329633544,1899.5315041815873,1917.3861083984375,111100,0.0,0.0
2021-07-15 00:00:00+09:00,1928.2971850764143,1943.1760213810162,1897.5475900469035,1902.5072021484375,126600,0.0,0.0
2021-07-16 00:00:00+09:00,1899.5314204730605,1907.4667997752979,1875.7252825663486,1878.7010498046875,60500,0.0,0.0
2021-07-19 00:00:00+09:00,1880.68488735803,1882.6687321759182,1854.8949047254832,1866.7979736328125,140600,0.0,0.0
2021-07-20 00:00:00+09:00,1855.8868372203838,1864.814138949397,1835.0564665193533,1849.935302734375,84900,0.0,0.0
2021-07-21 00:00:00+09:00,1870.7657156221246,1908.458768216844,1867.7899483120152,1886.636474609375,71500,0.0,0.0
2021-07-26 00:00:00+09:00,1926.3134215161795,1929.2891889026616,1891.5961353405532,1900.5234375,67200,0.0,0.0
2021-07-27 00:00:00+09:00,1907.466796875,1911.4344865200858,1891.5960382946569,1907.466796875,105500,0.0,0.0
2021-07-28 00:00:00+09:00,1893.5799627904778,1908.4587995855838,1888.6203505254425,1905.4830322265625,51400,0.0,0.0
2021-07-29 00:00:00+09:00,1893.5799281768157,1894.571850611691,1865.806100000309,1880.6849365234375,62900,0.0,0.0
2021-07-30 00:00:00+09:00,1861.8384139548223,1868.7818710127253,1772.5653946389277,1817.201904296875,173800,0.0,0.0
2021-08-02 00:00:00+09:00,1828.1131052056508,1879.693073448024,1823.1534928746535,1877.709228515625,142200,0.0,0.0
2021-08-03 00:00:00+09:00,1838.032289307693,1877.7091870801203,1827.1211424202754,1841.008056640625,116800,0.0,0.0
2021-08-04 00:00:00+09:00,1854.894973843363,1894.5718716795845,1854.894973843363,1881.6768798828125,115200,0.0,0.0
2021-08-05 00:00:00+09:00,1853.9030827913177,1873.7415320453713,1850.9273154032096,1865.80615234375,84700,0.0,0.0
2021-08-06 00:00:00+09:00,1857.870759289176,1859.8546042003231,1837.0403877221324,1842.0,72900,0.0,0.0
2021-08-10 00:00:00+09:00,1829.104997404866,1874.733430095009,1829.104997404866,1858.8626708984375,115200,0.0,0.0
2021-08-11 00:00:00+09:00,1877.7092008550117,1877.7092008550117,1841.0080701462766,1864.814208984375,112100,0.0,0.0
2021-08-12 00:00:00+09:00,1883.6606828593956,1884.652605283229,1857.8706998397304,1879.6929931640625,68500,0.0,0.0
2021-08-13 00:00:00+09:00,1883.6606726227444,1904.4910434100418,1872.7495260198743,1896.5556640625,98000,0.0,0.0
2021-08-16 00:00:00+09:00,1877.7091549544732,1879.692999809153,1815.218042032058,1822.1614990234375,111100,0.0,0.0
2021-08-17 00:00:00+09:00,1835.0565045831793,1853.903030846466,1826.129202668991,1845.9676513671875,90800,0.0,0.0
2021-08-18 00:00:00+09:00,1832.0807407176871,1881.6768625562818,1831.0888182809151,1851.919189453125,60600,0.0,0.0
2021-08-19 00:00:00+09:00,1849.935320126113,1854.8949322444137,1831.088794076571,1844.9757080078125,49600,0.0,0.0
2021-08-20 00:00:00+09:00,1841.0080907761828,1868.781919731858,1835.0565559999666,1865.80615234375,85100,0.0,0.0
2021-08-23 00:00:00+09:00,1884.6526088243031,1900.523367635455,1883.660686398606,1885.64453125,91800,0.0,0.0
2021-08-24 00:00:00+09:00,1872.7495639249214,1900.523392203469,1872.7495639249214,1892.5880126953125,85600,0.0,0.0
2021-08-25 00:00:00+09:00,1890.6042271571523,1904.4911417322835,1879.6930799909776,1889.6123046875,72400,0.0,0.0
2021-08-26 00:00:00+09:00,1902.507272380672,1902.507272380672,1878.7011334144904,1882.6688232421875,65300,0.0,0.0
2021-08-27 00:00:00+09:00,1879.6930634765627,1889.6122880859375,1850.927312109375,1859.8546142578125,63200,0.0,0.0
2021-08-30 00:00:00+09:00,1880.6849295897928,1903.4991455078125,1874.7333950024833,1903.4991455078125,57900,0.0,0.0
2021-08-31 00:00:00+09:00,1903.4991805494735,1903.4991805494735,1861.8384376713716,1893.5799560546875,93900,0.0,0.0
2021-09-01 00:00:00+09:00,1884.6525742207941,1895.563720703125,1870.7656605160093,1895.563720703125,71900,0.0,0.0
2021-09-02 00:00:00+09:00,1890.604143378485,1894.571833081273,1869.773772438848,1885.64453125,46100,0.0,0.0
2021-09-03 00:00:00+09:00,1904.4910232528264,1930.281005859375,1891.596031949552,1930.281005859375,110600,0.0,0.0
2021-09-06 00:00:00+09:00,1932.2649169297474,1951.1114433269063,1921.3537700682346,1939.2083740234375,89600,0.0,0.0
2021-09-07 00:00:00+09:00,1954.0872248896846,1957.0629922372323,1925.3214738633897,1928.2972412109375,103400,0.0,0.0
2021-09-08 00:00:00+09:00,1950.1194927557367,1952.1033376110324,1921.353742353948,1926.3133544921875,78900,0.0,0.0
2021-09-09 00:00:00+09:00,1912.4264331505606,1920.3618125412268,1871.7576137733963,1879.6929931640625,110000,0.0,0.0
2021-09-10 00:00:00+09:00,1862.8303361284995,1889.6122419194844,1862.8303361284995,1886.636474609375,143400,0.0,0.0
2021-09-13 00:00:00+09:00,1874.7333708567598,1897.5475864809428,1850.9272328141344,1896.5556640625,73000,0.0,0.0
2021-09-14 00:00:00+09:00,1908.4588062900123,1923.3376431373877,1890.604202073162,1917.3861083984375,93400,0.0,0.0
2021-09-15 00:00:00+09:00,1894.5718893490684,1894.5718893490684,1867.7899830598408,1876.71728515625,61000,0.0,0.0
2021-09-16 00:00:00+09:00,1887.628348649571,1912.4264089313572,1873.7414348917707,1907.466796875,137000,0.0,0.0
2021-09-17 00:00:00+09:00,1912.4264089313572,1916.3940985764432,1887.628348649571,1907.466796875,179400,0.0,0.0
2021-09-21 00:00:00+09:00,1888.620277549342,1892.5879672080594,1863.8222171823602,1884.652587890625,99700,0.0,0.0
2021-09-22 00:00:00+09:00,1875.7253137134173,1875.7253137134173,1828.113037109375,1828.113037109375,79400,0.0,0.0
2021-09-24 00:00:00+09:00,1854.8949083231262,1878.7010461839577,1842.9918393927105,1872.74951171875,115600,0.0,0.0
2021-09-27 00:00:00+09:00,1876.7172817905787,1891.5961185912438,1861.8384449899133,1870.7657470703125,79100,0.0,0.0
2021-09-28 00:00:00+09:00,1862.8303715670436,1862.8303715670436,1825.1373182552504,1842.0,150500,0.0,0.0
2021-09-29 00:00:00+09:00,1802.0,1818.0,1781.0,1815.0,184200,15.0,0.0
2021-09-30 00:00:00+09:00,1810.0,1848.0,1808.0,1824.0,178200,0.0,0.0
2021-10-01 00:00:00+09:00,1799.0,1803.0,1766.0,1788.0,166900,0.0,0.0
2021-10-04 00:00:00+09:00,1799.0,1812.0,1773.0,1798.0,156700,0.0,0.0
2021-10-05 00:00:00+09:00,1769.0,1787.0,1747.0,1786.0,251100,0.0,0.0
2021-10-06 00:00:00+09:00,1787.0,1827.0,1786.0,1821.0,177400,0.0,0.0
2021-10-07 00:00:00+09:00,1823.0,1831.0,1790.0,1790.0,133800,0.0,0.0
2021-10-08 00:00:00+09:00,1830.0,1830.0,1793.0,1817.0,152500,0.0,0.0
2021-10-11 00:00:00+09:00,1812.0,1818.0,1794.0,1817.0,71300,0.0,0.0
2021-10-12 00:00:00+09:00,1809.0,1812.0,1790.0,1795.0,93800,0.0,0.0
2021-10-13 00:00:00+09:00,1794.0,1813.0,1785.0,1801.0,130900,0.0,0.0
2021-10-14 00:00:00+09:00,1799.0,1824.0,1789.0,1824.0,119600,0.0,0.0
2021-10-15 00:00:00+09:00,1840.0,1853.0,1808.0,1849.0,213200,0.0,0.0
2021-10-18 00:00:00+09:00,1848.0,1852.0,1823.0,1825.0,124900,0.0,0.0
2021-10-19 00:00:00+09:00,1825.0,1843.0,1817.0,1841.0,91800,0.0,0.0
2021-10-20 00:00:00+09:00,1843.0,1859.0,1837.0,1849.0,115000,0.0,0.0
2021-10-21 00:00:00+09:00,1848.0,1853.0,1831.0,1837.0,80900,0.0,0.0
2021-10-22 00:00:00+09:00,1823.0,1842.0,1819.0,1841.0,88100,0.0,0.0
2021-10-25 00:00:00+09:00,1835.0,1843.0,1815.0,1830.0,87400,0.0,0.0
2021-10-26 00:00:00+09:00,1830.0,1840.0,1818.0,1825.0,108000,0.0,0.0
2021-10-27 00:00:00+09:00,1828.0,1835.0,1821.0,1824.0,66800,0.0,0.0
2021-10-28 00:00:00+09:00,1809.0,1857.0,1796.0,1833.0,173700,0.0,0.0
2021-10-29 00:00:00+09:00,1829.0,1837.0,1816.0,1837.0,134400,0.0,0.0
2021-11-01 00:00:00+09:00,1857.0,1857.0,1821.0,1842.0,121400,0.0,0.0
2021-11-02 00:00:00+09:00,1832.0,1840.0,1813.0,1822.0,89900,0.0,0.0
2021-11-04 00:00:00+09:00,1832.0,1834.0,1803.0,1817.0,162400,0.0,0.0
2021-11-05 00:00:00+09:00,1818.0,1835.0,1812.0,1833.0,124600,0.0,0.0
2021-11-08 00:00:00+09:00,1835.0,1835.0,1808.0,1810.0,108800,0.0,0.0
2021-11-09 00:00:00+09:00,1810.0,1822.0,1786.0,1787.0,82900,0.0,0.0
2021-11-10 00:00:00+09:00,1790.0,1791.0,1772.0,1782.0,83400,0.0,0.0
2021-11-11 00:00:00+09:00,1783.0,1793.0,1770.0,1771.0,43600,0.0,0.0
2021-11-12 00:00:00+09:00,1770.0,1826.0,1770.0,1816.0,166900,0.0,0.0
2021-11-15 00:00:00+09:00,1801.0,1813.0,1767.0,1787.0,169800,0.0,0.0
2021-11-16 00:00:00+09:00,1820.0,1836.0,1766.0,1768.0,139700,0.0,0.0
2021-11-17 00:00:00+09:00,1756.0,1768.0,1740.0,1753.0,189600,0.0,0.0
2021-11-18 00:00:00+09:00,1744.0,1750.0,1719.0,1737.0,122000,0.0,0.0
2021-11-19 00:00:00+09:00,1731.0,1731.0,1716.0,1725.0,91100,0.0,0.0
2021-11-22 00:00:00+09:00,1711.0,1716.0,1693.0,1703.0,139100,0.0,0.0
2021-11-24 00:00:00+09:00,1726.0,1739.0,1697.0,1698.0,125900,0.0,0.0
2021-11-25 00:00:00+09:00,1700.0,1726.0,1698.0,1726.0,88900,0.0,0.0
2021-11-26 00:00:00+09:00,1719.0,1727.0,1700.0,1704.0,93500,0.0,0.0
2021-11-29 00:00:00+09:00,1692.0,1699.0,1678.0,1679.0,179300,0.0,0.0
2021-11-30 00:00:00+09:00,1690.0,1721.0,1688.0,1692.0,256600,0.0,0.0
2021-12-01 00:00:00+09:00,1681.0,1724.0,1678.0,1706.0,141900,0.0,0.0
2021-12-02 00:00:00+09:00,1698.0,1733.0,1698.0,1705.0,282600,0.0,0.0
2021-12-03 00:00:00+09:00,1707.0,1754.0,1700.0,1746.0,230000,0.0,0.0
2021-12-06 00:00:00+09:00,1754.0,1779.0,1754.0,1766.0,221300,0.0,0.0
2021-12-07 00:00:00+09:00,1779.0,1816.0,1770.0,1814.0,194000,0.0,0.0
2021-12-08 00:00:00+09:00,1789.0,1834.0,1780.0,1814.0,169700,0.0,0.0
2021-12-09 00:00:00+09:00,1810.0,1830.0,1805.0,1818.0,68500,0.0,0.0
2021-12-10 00:00:00+09:00,1820.0,1837.0,1805.0,1808.0,91700,0.0,0.0
2021-12-13 00:00:00+09:00,1820.0,1821.0,1793.0,1810.0,72800,0.0,0.0
2021-12-14 00:00:00+09:00,1812.0,1832.0,1804.0,1810.0,82000,0.0,0.0
2021-12-15 00:00:00+09:00,1804.0,1817.0,1794.0,1797.0,65100,0.0,0.0
2021-12-16 00:00:00+09:00,1800.0,1802.0,1759.0,1800.0,140500,0.0,0.0
2021-12-17 00:00:00+09:00,1813.0,1826.0,1763.0,1771.0,162100,0.0,0.0
2021-12-20 00:00:00+09:00,1757.0,1760.0,1743.0,1747.0,123000,0.0,0.0
2021-12-21 00:00:00+09:00,1772.0,1779.0,1754.0,1770.0,109600,0.0,0.0
2021-12-22 00:00:00+09:00,1764.0,1770.0,1757.0,1764.0,48700,0.0,0.0
2021-12-23 00:00:00+09:00,1766.0,1766.0,1754.0,1758.0,57500,0.0,0.0
2021-12-24 00:00:00+09:00,1752.0,1752.0,1735.0,1738.0,65500,0.0,0.0
2021-12-27 00:00:00+09:00,1746.0,1750.0,1729.0,1736.0,76500,0.0,0.0
2021-12-28 00:00:00+09:00,1772.0,1772.0,1749.0,1760.0,112500,0.0,0.0
2021-12-29 00:00:00+09:00,1760.0,1778.0,1755.0,1777.0,104500,0.0,0.0
2021-12-30 00:00:00+09:00,1775.0,1775.0,1755.0,1755.0,59000,0.0,0.0
2022-01-04 00:00:00+09:00,1779.0,1783.0,1747.0,1781.0,149700,0.0,0.0
2022-01-05 00:00:00+09:00,1773.0,1781.0,1757.0,1763.0,167300,0.0,0.0
2022-01-06 00:00:00+09:00,1746.0,1760.0,1730.0,1743.0,156700,0.0,0.0
2022-01-07 00:00:00+09:00,1743.0,1756.0,1701.0,1704.0,140800,0.0,0.0
2022-01-11 00:00:00+09:00,1722.0,1736.0,1709.0,1730.0,123200,0.0,0.0
2022-01-12 00:00:00+09:00,1740.0,1783.0,1739.0,1767.0,183600,0.0,0.0
2022-01-13 00:00:00+09:00,1769.0,1791.0,1757.0,1757.0,137600,0.0,0.0
2022-01-14 00:00:00+09:00,1755.0,1755.0,1728.0,1746.0,131700,0.0,0.0
2022-01-17 00:00:00+09:00,1756.0,1773.0,1748.0,1757.0,83800,0.0,0.0
2022-01-18 00:00:00+09:00,1769.0,1769.0,1733.0,1738.0,120300,0.0,0.0
2022-01-19 00:00:00+09:00,1722.0,1731.0,1692.0,1705.0,222100,0.0,0.0
2022-01-20 00:00:00+09:00,1740.0,1740.0,1705.0,1720.0,173500,0.0,0.0
2022-01-21 00:00:00+09:00,1727.0,1732.0,1706.0,1732.0,112600,0.0,0.0
2022-01-24 00:00:00+09:00,1718.0,1738.0,1714.0,1733.0,112300,0.0,0.0
2022-01-25 00:00:00+09:00,1732.0,1732.0,1693.0,1716.0,94600,0.0,0.0
2022-01-26 00:00:00+09:00,1758.0,1764.0,1738.0,1749.0,165100,0.0,0.0
2022-01-27 00:00:00+09:00,1742.0,1742.0,1700.0,1725.0,176700,0.0,0.0
2022-01-28 00:00:00+09:00,1754.0,1776.0,1747.0,1765.0,177800,0.0,0.0
2022-01-31 00:00:00+09:00,1779.0,1793.0,1764.0,1791.0,191900,0.0,0.0
2022-02-01 00:00:00+09:00,1792.0,1799.0,1774.0,1779.0,211700,0.0,0.0
2022-02-02 00:00:00+09:00,1785.0,1825.0,1785.0,1821.0,230400,0.0,0.0
2022-02-03 00:00:00+09:00,1824.0,1860.0,1818.0,1858.0,155000,0.0,0.0
2022-02-04 00:00:00+09:00,1863.0,1880.0,1858.0,1874.0,117900,0.0,0.0
2022-02-07 00:00:00+09:00,1855.0,1885.0,1834.0,1879.0,188000,0.0,0.0
2022-02-08 00:00:00+09:00,1884.0,1909.0,1878.0,1899.0,156700,0.0,0.0
2022-02-09 00:00:00+09:00,1905.0,1907.0,1856.0,1898.0,185100,0.0,0.0
2022-02-10 00:00:00+09:00,1925.0,1939.0,1919.0,1928.0,199600,0.0,0.0
2022-02-14 00:00:00+09:00,1906.0,1910.0,1884.0,1897.0,108200,0.0,0.0
2022-02-15 00:00:00+09:00,1898.0,1905.0,1876.0,1895.0,133300,0.0,0.0
2022-02-16 00:00:00+09:00,1899.0,1916.0,1894.0,1897.0,93200,0.0,0.0
2022-02-17 00:00:00+09:00,1895.0,1901.0,1859.0,1881.0,112700,0.0,0.0
2022-02-18 00:00:00+09:00,1867.0,1898.0,1867.0,1881.0,96500,0.0,0.0
2022-02-21 00:00:00+09:00,1868.0,1877.0,1862.0,1874.0,74000,0.0,0.0
2022-02-22 00:00:00+09:00,1861.0,1869.0,1844.0,1858.0,88700,0.0,0.0
2022-02-24 00:00:00+09:00,1856.0,1856.0,1809.0,1844.0,144400,0.0,0.0
2022-02-25 00:00:00+09:00,1851.0,1859.0,1829.0,1837.0,90300,0.0,0.0
2022-02-28 00:00:00+09:00,1850.0,1894.0,1849.0,1892.0,138900,0.0,0.0
2022-03-01 00:00:00+09:00,1897.0,1897.0,1873.0,1874.0,141000,0.0,0.0
2022-03-02 00:00:00+09:00,1843.0,1872.0,1837.0,1860.0,162100,0.0,0.0
2022-03-03 00:00:00+09:00,1884.0,1904.0,1869.0,1896.0,158800,0.0,0.0
2022-03-04 00:00:00+09:00,1895.0,1899.0,1869.0,1883.0,131200,0.0,0.0
2022-03-07 00:00:00+09:00,1874.0,1903.0,1867.0,1895.0,166600,0.0,0.0
2022-03-08 00:00:00+09:00,1892.0,1901.0,1880.0,1890.0,210200,0.0,0.0
2022-03-09 00:00:00+09:00,1888.0,1900.0,1840.0,1846.0,150700,0.0,0.0
2022-03-10 00:00:00+09:00,1886.0,1910.0,1877.0,1907.0,179000,0.0,0.0
2022-03-11 00:00:00+09:00,1897.0,1907.0,1889.0,1893.0,141000,0.0,0.0
2022-03-14 00:00:00+09:00,1917.0,1920.0,1872.0,1877.0,140400,0.0,0.0
2022-03-15 00:00:00+09:00,1885.0,1900.0,1874.0,1889.0,157900,0.0,0.0
2022-03-16 00:00:00+09:00,1920.0,1926.0,1869.0,1882.0,173800,0.0,0.0
2022-03-17 00:00:00+09:00,1894.0,1902.0,1870.0,1886.0,174000,0.0,0.0
2022-03-18 00:00:00+09:00,1904.0,1905.0,1848.0,1856.0,221300,0.0,0.0
2022-03-22 00:00:00+09:00,1869.0,1896.0,1866.0,1881.0,195300,0.0,0.0
2022-03-23 00:00:00+09:00,1905.0,1905.0,1881.0,1900.0,153100,0.0,0.0
2022-03-24 00:00:00+09:00,1908.0,1936.0,1874.0,1897.0,172900,0.0,0.0
2022-03-25 00:00:00+09:00,1923.0,1923.0,1896.0,1902.0,145900,0.0,0.0
2022-03-28 00:00:00+09:00,1912.0,1918.0,1902.0,1908.0,100300,0.0,0.0
2022-03-29 00:00:00+09:00,1925.0,1931.0,1903.0,1928.0,172300,0.0,0.0
2022-03-30 00:00:00+09:00,1917.0,1920.0,1871.0,1894.0,199600,0.0,0.0
2022-03-31 00:00:00+09:00,1872.0,1885.0,1848.0,1850.0,143800,0.0,0.0
2022-04-01 00:00:00+09:00,1834.0,1872.0,1812.0,1862.0,137000,0.0,0.0
2022-04-04 00:00:00+09:00,1882.0,1921.0,1875.0,1892.0,84300,0.0,0.0
2022-04-05 00:00:00+09:00,1910.0,1910.0,1891.0,1905.0,165400,0.0,0.0
2022-04-06 00:00:00+09:00,1901.0,1909.0,1888.0,1893.0,125300,0.0,0.0
2022-04-07 00:00:00+09:00,1893.0,1900.0,1872.0,1899.0,184800,0.0,0.0
2022-04-08 00:00:00+09:00,1922.0,1942.0,1910.0,1939.0,245500,0.0,0.0
2022-04-11 00:00:00+09:00,1945.0,1964.0,1943.0,1957.0,172500,0.0,0.0
2022-04-12 00:00:00+09:00,1953.0,1964.0,1930.0,1947.0,178600,0.0,0.0
2022-04-13 00:00:00+09:00,1985.0,2000.0,1977.0,2000.0,241500,0.0,0.0
2022-04-14 00:00:00+09:00,1998.0,2033.0,1996.0,2030.0,154200,0.0,0.0
2022-04-15 00:00:00+09:00,2026.0,2042.0,2020.0,2038.0,119700,0.0,0.0
2022-04-18 00:00:00+09:00,2012.0,2056.0,1993.0,2030.0,218300,0.0,0.0
2022-04-19 00:00:00+09:00,2044.0,2065.0,2031.0,2056.0,223600,0.0,0.0
2022-04-20 00:00:00+09:00,2068.0,2095.0,2063.0,2088.0,160700,0.0,0.0
2022-04-21 00:00:00+09:00,2098.0,2113.0,2088.0,2110.0,117000,0.0,0.0
2022-04-22 00:00:00+09:00,2074.0,2080.0,2058.0,2076.0,117200,0.0,0.0
2022-04-25 00:00:00+09:00,2046.0,2068.0,2039.0,2061.0,107500,0.0,0.0
2022-04-26 00:00:00+09:00,2081.0,2081.0,2060.0,2070.0,128200,0.0,0.0
2022-04-27 00:00:00+09:00,2059.0,2070.0,2044.0,2056.0,424600,0.0,0.0
2022-04-28 00:00:00+09:00,2061.0,2113.0,2051.0,2113.0,177700,0.0,0.0
2022-05-02 00:00:00+09:00,2107.0,2131.0,2092.0,2123.0,156400,0.0,0.0
2022-05-06 00:00:00+09:00,2133.0,2182.0,2133.0,2167.0,208400,0.0,0.0
2022-05-09 00:00:00+09:00,2168.0,2177.0,2133.0,2138.0,126900,0.0,0.0
2022-05-10 00:00:00+09:00,2127.0,2154.0,2124.0,2152.0,107600,0.0,0.0
2022-05-11 00:00:00+09:00,2111.0,2138.0,2099.0,2123.0,133400,0.0,0.0
2022-05-12 00:00:00+09:00,2142.0,2145.0,2073.0,2076.0,188400,0.0,0.0
2022-05-13 00:00:00+09:00,2045.0,2054.0,1981.0,2019.0,254500,0.0,0.0
2022-05-16 00:00:00+09:00,2019.0,2047.0,1961.0,1977.0,229600,0.0,0.0
2022-05-17 00:00:00+09:00,2003.0,2079.0,1999.0,2010.0,183000,0.0,0.0
2022-05-18 00:00:00+09:00,1997.0,2034.0,1976.0,2024.0,121800,0.0,0.0
2022-05-19 00:00:00+09:00,1999.0,2060.0,1995.0,2038.0,287800,0.0,0.0
2022-05-20 00:00:00+09:00,2039.0,2040.0,1990.0,1998.0,205100,0.0,0.0
2022-05-23 00:00:00+09:00,2035.0,2046.0,2000.0,2008.0,113000,0.0,0.0
2022-05-24 00:00:00+09:00,1992.0,1992.0,1965.0,1978.0,89900,0.0,0.0
2022-05-25 00:00:00+09:00,1983.0,1994.0,1972.0,1973.0,120200,0.0,0.0
2022-05-26 00:00:00+09:00,1954.0,1979.0,1950.0,1960.0,217500,0.0,0.0
2022-05-27 00:00:00+09:00,1975.0,1979.0,1956.0,1976.0,145100,0.0,0.0
2022-05-30 00:00:00+09:00,1969.0,2012.0,1963.0,2007.0,476900,0.0,0.0
2022-05-31 00:00:00+09:00,2006.0,2010.0,1947.0,1950.0,365900,0.0,0.0
2022-06-01 00:00:00+09:00,1957.0,1990.0,1953.0,1974.0,112000,0.0,0.0
2022-06-02 00:00:00+09:00,1963.0,1963.0,1914.0,1924.0,147200,0.0,0.0
2022-06-03 00:00:00+09:00,1938.0,1957.0,1925.0,1933.0,137500,0.0,0.0
2022-06-06 00:00:00+09:00,1924.0,1949.0,1920.0,1949.0,135900,0.0,0.0
2022-06-07 00:00:00+09:00,1960.0,1978.0,1952.0,1975.0,122300,0.0,0.0
2022-06-08 00:00:00+09:00,1935.0,2006.0,1935.0,1985.0,124700,0.0,0.0
2022-06-09 00:00:00+09:00,1961.0,1978.0,1955.0,1963.0,98200,0.0,0.0
2022-06-10 00:00:00+09:00,1941.0,1946.0,1920.0,1925.0,115600,0.0,0.0
2022-06-13 00:00:00+09:00,1900.0,1917.0,1893.0,1908.0,81400,0.0,0.0
2022-06-14 00:00:00+09:00,1900.0,1919.0,1880.0,1894.0,127900,0.0,0.0
2022-06-15 00:00:00+09:00,1880.0,1890.0,1864.0,1876.0,121300,0.0,0.0
2022-06-16 00:00:00+09:00,1890.0,1902.0,1870.0,1876.0,114100,0.0,0.0
2022-06-17 00:00:00+09:00,1861.0,1912.0,1855.0,1902.0,171400,0.0,0.0
2022-06-20 00:00:00+09:00,1915.0,2019.0,1915.0,1976.0,290200,0.0,0.0
2022-06-21 00:00:00+09:00,1975.0,2017.0,1971.0,2007.0,217800,0.0,0.0
2022-06-22 00:00:00+09:00,2035.0,2051.0,2012.0,2047.0,134600,0.0,0.0
2022-06-23 00:00:00+09:00,2053.0,2092.0,2053.0,2072.0,152600,0.0,0.0
2022-06-24 00:00:00+09:00,2089.0,2096.0,2068.0,2081.0,134100,0.0,0.0
2022-06-27 00:00:00+09:00,2100.0,2100.0,2052.0,2071.0,124800,0.0,0.0
2022-06-28 00:00:00+09:00,2073.0,2116.0,2070.0,2113.0,124500,0.0,0.0
2022-06-29 00:00:00+09:00,2091.0,2136.0,2090.0,2132.0,389700,0.0,0.0
2022-06-30 00:00:00+09:00,2096.0,2135.0,2086.0,2099.0,153500,0.0,0.0
2022-07-01 00:00:00+09:00,2089.0,2128.0,2067.0,2076.0,157300,0.0,0.0
2022-07-04 00:00:00+09:00,2114.0,2127.0,2092.0,2116.0,158600,0.0,0.0
2022-07-05 00:00:00+09:00,2117.0,2117.0,2070.0,2086.0,148100,0.0,0.0
2022-07-06 00:00:00+09:00,2051.0,2073.0,2042.0,2066.0,128700,0.0,0.0
2022-07-07 00:00:00+09:00,2107.0,2123.0,2073.0,2095.0,203700,0.0,0.0
2022-07-08 00:00:00+09:00,2092.0,2095.0,2041.0,2053.0,250100,0.0,0.0
2022-07-11 00:00:00+09:00,2094.0,2132.0,2092.0,2122.0,160500,0.0,0.0
2022-07-12 00:00:00+09:00,2125.0,2137.0,2104.0,2112.0,151700,0.0,0.0
2022-07-13 00:00:00+09:00,2116.0,2116.0,2098.0,2108.0,95600,0.0,0.0
2022-07-14 00:00:00+09:00,2093.0,2120.0,2093.0,2108.0,105500,0.0,0.0
2022-07-15 00:00:00+09:00,2135.0,2139.0,2110.0,2129.0,117400,0.0,0.0
2022-07-19 00:00:00+09:00,2152.0,2152.0,2100.0,2107.0,128300,0.0,0.0
2022-07-20 00:00:00+09:00,2133.0,2149.0,2126.0,2143.0,93500,0.0,0.0
2022-07-21 00:00:00+09:00,2111.0,2158.0,2105.0,2151.0,84700,0.0,0.0
2022-07-22 00:00:00+09:00,2151.0,2161.0,2148.0,2149.0,78600,0.0,0.0
2022-07-25 00:00:00+09:00,2146.0,2161.0,2136.0,2143.0,65100,0.0,0.0
2022-07-26 00:00:00+09:00,2146.0,2157.0,2123.0,2123.0,67000,0.0,0.0
2022-07-27 00:00:00+09:00,2129.0,2136.0,2105.0,2109.0,75900,0.0,0.0
2022-07-28 00:00:00+09:00,2102.0,2111.0,2076.0,2103.0,129400,0.0,0.0
2022-07-29 00:00:00+09:00,2126.0,2127.0,2026.0,2034.0,203800,0.0,0.0
2022-08-01 00:00:00+09:00,2031.0,2052.0,2021.0,2027.0,177400,0.0,0.0
2022-08-02 00:00:00+09:00,2009.0,2011.0,1929.0,1936.0,166300,0.0,0.0
2022-08-03 00:00:00+09:00,1936.0,1940.0,1878.0,1881.0,117100,0.0,0.0
2022-08-04 00:00:00+09:00,1894.0,1899.0,1841.0,1848.0,138100,0.0,0.0
2022-08-05 00:00:00+09:00,1820.0,1858.0,1812.0,1850.0,283600,0.0,0.0
2022-08-08 00:00:00+09:00,1970.0,1970.0,1836.0,1850.0,437000,0.0,0.0
2022-08-09 00:00:00+09:00,1850.0,1877.0,1836.0,1848.0,216600,0.0,0.0
2022-08-10 00:00:00+09:00,1850.0,1887.0,1837.0,1884.0,174700,0.0,0.0
2022-08-12 00:00:00+09:00,1899.0,1911.0,1858.0,1869.0,168400,0.0,0.0
2022-08-15 00:00:00+09:00,1878.0,1886.0,1854.0,1855.0,133300,0.0,0.0
2022-08-16 00:00:00+09:00,1853.0,1857.0,1842.0,1850.0,105200,0.0,0.0
2022-08-17 00:00:00+09:00,1857.0,1871.0,1849.0,1870.0,139400,0.0,0.0
2022-08-18 00:00:00+09:00,1860.0,1870.0,1851.0,1855.0,163000,0.0,0.0
2022-08-19 00:00:00+09:00,1861.0,1869.0,1846.0,1860.0,118400,0.0,0.0
2022-08-22 00:00:00+09:00,1850.0,1882.0,1846.0,1881.0,128600,0.0,0.0
2022-08-23 00:00:00+09:00,1878.0,1886.0,1858.0,1883.0,87200,0.0,0.0
2022-08-24 00:00:00+09:00,1886.0,1888.0,1867.0,1873.0,121100,0.0,0.0
2022-08-25 00:00:00+09:00,1872.0,1884.0,1866.0,1879.0,81200,0.0,0.0
2022-08-26 00:00:00+09:00,1890.0,1891.0,1861.0,1865.0,109100,0.0,0.0
2022-08-29 00:00:00+09:00,1832.0,1837.0,1818.0,1825.0,145800,0.0,0.0
2022-08-30 00:00:00+09:00,1828.0,1851.0,1815.0,1848.0,179700,0.0,0.0
2022-08-31 00:00:00+09:00,1830.0,1849.0,1824.0,1848.0,215700,0.0,0.0
2022-09-01 00:00:00+09:00,1834.0,1868.0,1834.0,1860.0,170600,0.0,0.0
2022-09-02 00:00:00+09:00,1872.0,1873.0,1838.0,1861.0,156400,0.0,0.0
2022-09-05 00:00:00+09:00,1840.0,1860.0,1840.0,1851.0,156000,0.0,0.0
2022-09-06 00:00:00+09:00,1846.0,1855.0,1834.0,1840.0,170800,0.0,0.0
2022-09-07 00:00:00+09:00,1845.0,1845.0,1819.0,1828.0,181900,0.0,0.0
2022-09-08 00:00:00+09:00,1846.0,1861.0,1841.0,1849.0,159500,0.0,0.0
2022-09-09 00:00:00+09:00,1850.0,1872.0,1846.0,1865.0,152500,0.0,0.0
2022-09-12 00:00:00+09:00,1877.0,1880.0,1854.0,1867.0,110500,0.0,0.0
2022-09-13 00:00:00+09:00,1864.0,1868.0,1850.0,1865.0,143800,0.0,0.0
2022-09-14 00:00:00+09:00,1840.0,1844.0,1827.0,1840.0,154200,0.0,0.0
2022-09-15 00:00:00+09:00,1838.0,1861.0,1838.0,1853.0,134000,0.0,0.0
2022-09-16 00:00:00+09:00,1852.0,1874.0,1852.0,1872.0,228300,0.0,0.0
2022-09-20 00:00:00+09:00,1894.0,1920.0,1893.0,1916.0,184000,0.0,0.0
2022-09-21 00:00:00+09:00,1901.0,1924.0,1898.0,1911.0,142400,0.0,0.0
2022-09-22 00:00:00+09:00,1891.0,1905.0,1883.0,1903.0,207500,0.0,0.0
2022-09-26 00:00:00+09:00,1896.0,1914.0,1891.0,1906.0,221100,0.0,0.0
2022-09-27 00:00:00+09:00,1912.0,1931.0,1907.0,1915.0,201400,0.0,0.0
2022-09-28 00:00:00+09:00,1899.0,1922.0,1886.0,1917.0,165700,0.0,0.0
2022-09-29 00:00:00+09:00,1931.0,1960.0,1899.0,1948.0,178800,0.0,0.0
2022-09-30 00:00:00+09:00,1948.0,1964.0,1917.0,1938.0,189200,0.0,0.0
2022-10-03 00:00:00+09:00,1923.0,1929.0,1882.0,1902.0,138200,0.0,0.0
2022-10-04 00:00:00+09:00,1926.0,1973.0,1926.0,1970.0,166700,0.0,0.0
2022-10-05 00:00:00+09:00,1978.0,2000.0,1972.0,1981.0,205400,0.0,0.0
2022-10-06 00:00:00+09:00,1985.0,2020.0,1985.0,1990.0,186400,0.0,0.0
2022-10-07 00:00:00+09:00,1978.0,2020.0,1978.0,2005.0,184800,0.0,0.0
2022-10-11 00:00:00+09:00,1982.0,2013.0,1979.0,2009.0,291100,0.0,0.0
2022-10-12 00:00:00+09:00,2018.0,2029.0,2002.0,2004.0,172200,0.0,0.0
2022-10-13 00:00:00+09:00,1996.0,2008.0,1986.0,1993.0,158400,0.0,0.0
2022-10-14 00:00:00+09:00,2023.0,2031.0,1997.0,2015.0,192100,0.0,0.0
2022-10-17 00:00:00+09:00,2003.0,2020.0,1991.0,2001.0,154900,0.0,0.0
2022-10-18 00:00:00+09:00,2000.0,2008.0,1982.0,1996.0,245200,0.0,0.0
2022-10-19 00:00:00+09:00,2001.0,2008.0,1977.0,1982.0,190400,0.0,0.0
2022-10-20 00:00:00+09:00,1973.0,1981.0,1963.0,1967.0,165200,0.0,0.0
2022-10-21 00:00:00+09:00,1964.0,1970.0,1947.0,1951.0,264400,0.0,0.0
2022-10-24 00:00:00+09:00,1956.0,1968.0,1946.0,1960.0,226800,0.0,0.0
2022-10-25 00:00:00+09:00,1960.0,1988.0,1946.0,1984.0,274700,0.0,0.0
2022-10-26 00:00:00+09:00,1984.0,2012.0,1984.0,2001.0,163800,0.0,0.0
2022-10-27 00:00:00+09:00,1999.0,2008.0,1986.0,2002.0,215200,0.0,0.0
2022-10-28 00:00:00+09:00,1985.0,2023.0,1985.0,2006.0,1139000,0.0,0.0
2022-10-31 00:00:00+09:00,2025.0,2033.0,2004.0,2022.0,230700,0.0,0.0
2022-11-01 00:00:00+09:00,2031.0,2048.0,2007.0,2014.0,122900,0.0,0.0
2022-11-02 00:00:00+09:00,2006.0,2009.0,1985.0,1994.0,242900,0.0,0.0
2022-11-04 00:00:00+09:00,1984.0,1993.0,1914.0,1923.0,246000,0.0,0.0
2022-11-07 00:00:00+09:00,1944.0,1977.0,1930.0,1973.0,333500,0.0,0.0
2022-11-08 00:00:00+09:00,1984.0,2009.0,1981.0,1992.0,220700,0.0,0.0
2022-11-09 00:00:00+09:00,1988.0,2005.0,1983.0,1993.0,186200,0.0,0.0
2022-11-10 00:00:00+09:00,1974.0,1994.0,1961.0,1994.0,123700,0.0,0.0
2022-11-11 00:00:00+09:00,1985.0,1992.0,1932.0,1944.0,295900,0.0,0.0
2022-11-14 00:00:00+09:00,2000.0,2000.0,1940.0,1968.0,212000,0.0,0.0
2022-11-15 00:00:00+09:00,1976.0,2002.0,1971.0,1994.0,147000,0.0,0.0
2022-11-16 00:00:00+09:00,1992.0,1998.0,1977.0,1994.0,85400,0.0,0.0
2022-11-17 00:00:00+09:00,2000.0,2051.0,2000.0,2027.0,215800,0.0,0.0
2022-11-18 00:00:00+09:00,2049.0,2081.0,2049.0,2081.0,280800,0.0,0.0
2022-11-21 00:00:00+09:00,2066.0,2075.0,2047.0,2068.0,163500,0.0,0.0
2022-11-22 00:00:00+09:00,2097.0,2128.0,2093.0,2120.0,193100,0.0,0.0
2022-11-24 00:00:00+09:00,2126.0,2147.0,2123.0,2141.0,110500,0.0,0.0
2022-11-25 00:00:00+09:00,2148.0,2192.0,2140.0,2184.0,123800,0.0,0.0
2022-11-28 00:00:00+09:00,2177.0,2177.0,2149.0,2163.0,150500,0.0,0.0
2022-11-29 00:00:00+09:00,2154.0,2163.0,2131.0,2147.0,140000,0.0,0.0
2022-11-30 00:00:00+09:00,2139.0,2160.0,2130.0,2130.0,189700,0.0,0.0
2022-12-01 00:00:00+09:00,2127.0,2128.0,2086.0,2091.0,194200,0.0,0.0
2022-12-02 00:00:00+09:00,2077.0,2077.0,2005.0,2020.0,138700,0.0,0.0
2022-12-05 00:00:00+09:00,2020.0,2021.0,1989.0,2017.0,203700,0.0,0.0
2022-12-06 00:00:00+09:00,2003.0,2045.0,2000.0,2034.0,139500,0.0,0.0
2022-12-07 00:00:00+09:00,2025.0,2057.0,2018.0,2046.0,84000,0.0,0.0
2022-12-08 00:00:00+09:00,2044.0,2044.0,2016.0,2041.0,120300,0.0,0.0
2022-12-09 00:00:00+09:00,2034.0,2059.0,2034.0,2046.0,89300,0.0,0.0
2022-12-12 00:00:00+09:00,2033.0,2058.0,2023.0,2042.0,83700,0.0,0.0
2022-12-13 00:00:00+09:00,2059.0,2079.0,2059.0,2072.0,75100,0.0,0.0
2022-12-14 00:00:00+09:00,2069.0,2106.0,2069.0,2102.0,116500,0.0,0.0
2022-12-15 00:00:00+09:00,2126.0,2200.0,2115.0,2148.0,224200,0.0,0.0
2022-12-16 00:00:00+09:00,2142.0,2169.0,2127.0,2147.0,240500,0.0,0.0
2022-12-19 00:00:00+09:00,2140.0,2156.0,2125.0,2128.0,100600,0.0,0.0
2022-12-20 00:00:00+09:00,2137.0,2149.0,2100.0,2132.0,143700,0.0,0.0
2022-12-21 00:00:00+09:00,2135.0,2167.0,2132.0,2151.0,161500,0.0,0.0
2022-12-22 00:00:00+09:00,2159.0,2189.0,2140.0,2178.0,159600,0.0,0.0
2022-12-23 00:00:00+09:00,2177.0,2193.0,2168.0,2183.0,74300,0.0,0.0
2022-12-26 00:00:00+09:00,2198.0,2198.0,2169.0,2171.0,109800,0.0,0.0
2022-12-27 00:00:00+09:00,2195.0,2203.0,2156.0,2180.0,60000,0.0,0.0
2022-12-28 00:00:00+09:00,2180.0,2210.0,2179.0,2209.0,69600,0.0,0.0
2022-12-29 00:00:00+09:00,2209.0,2210.0,2176.0,2207.0,75500,0.0,0.0
2022-12-30 00:00:00+09:00,2206.0,2210.0,2189.0,2198.0,128700,0.0,0.0
2023-01-04 00:00:00+09:00,2200.0,2204.0,2143.0,2145.0,132200,0.0,0.0
2023-01-05 00:00:00+09:00,2122.0,2132.0,2102.0,2125.0,193600,0.0,0.0
2023-01-06 00:00:00+09:00,2120.0,2126.0,2107.0,2115.0,100600,0.0,0.0
2023-01-10 00:00:00+09:00,2108.0,2115.0,2058.0,2061.0,125100,0.0,0.0
2023-01-11 00:00:00+09:00,2075.0,2078.0,2058.0,2061.0,97000,0.0,0.0
2023-01-12 00:00:00+09:00,2054.0,2071.0,2043.0,2058.0,83400,0.0,0.0
2023-01-13 00:00:00+09:00,2038.0,2055.0,2012.0,2014.0,155300,0.0,0.0
2023-01-16 00:00:00+09:00,2000.0,2040.0,2000.0,2028.0,69700,0.0,0.0
2023-01-17 00:00:00+09:00,2028.0,2032.0,2010.0,2014.0,65900,0.0,0.0
2023-01-18 00:00:00+09:00,2020.0,2073.0,2020.0,2047.0,85600,0.0,0.0
2023-01-19 00:00:00+09:00,2047.0,2065.0,2041.0,2062.0,58500,0.0,0.0
2023-01-20 00:00:00+09:00,2068.0,2085.0,2063.0,2072.0,53600,0.0,0.0
2023-01-23 00:00:00+09:00,2072.0,2107.0,2061.0,2081.0,96100,0.0,0.0
2023-01-24 00:00:00+09:00,2080.0,2080.0,2061.0,2075.0,71700,0.0,0.0
2023-01-25 00:00:00+09:00,2066.0,2091.0,2062.0,2082.0,53900,0.0,0.0
2023-01-26 00:00:00+09:00,2080.0,2092.0,2069.0,2087.0,69000,0.0,0.0
2023-01-27 00:00:00+09:00,2100.0,2100.0,2081.0,2082.0,63000,0.0,0.0
2023-01-30 00:00:00+09:00,2068.0,2090.0,2067.0,2086.0,63100,0.0,0.0
2023-01-31 00:00:00+09:00,2086.0,2126.0,2083.0,2119.0,111700,0.0,0.0
2023-02-01 00:00:00+09:00,2129.0,2142.0,2085.0,2095.0,77900,0.0,0.0
2023-02-02 00:00:00+09:00,2096.0,2105.0,2071.0,2074.0,80800,0.0,0.0
2023-02-03 00:00:00+09:00,2065.0,2073.0,2038.0,2055.0,92100,0.0,0.0
2023-02-06 00:00:00+09:00,2062.0,2081.0,2058.0,2068.0,106000,0.0,0.0
2023-02-07 00:00:00+09:00,2077.0,2077.0,2050.0,2057.0,54300,0.0,0.0
2023-02-08 00:00:00+09:00,2053.0,2077.0,2053.0,2065.0,59800,0.0,0.0
2023-02-09 00:00:00+09:00,2058.0,2101.0,2047.0,2076.0,119100,0.0,0.0
2023-02-10 00:00:00+09:00,2090.0,2164.0,2090.0,2110.0,132500,0.0,0.0
2023-02-13 00:00:00+09:00,2103.0,2103.0,2057.0,2091.0,88200,0.0,0.0
2023-02-14 00:00:00+09:00,2115.0,2141.0,2110.0,2129.0,116400,0.0,0.0
2023-02-15 00:00:00+09:00,2126.0,2129.0,2099.0,2109.0,69000,0.0,0.0
2023-02-16 00:00:00+09:00,2116.0,2134.0,2106.0,2113.0,100200,0.0,0.0
2023-02-17 00:00:00+09:00,2105.0,2118.0,2102.0,2111.0,74200,0.0,0.0
2023-02-20 00:00:00+09:00,2123.0,2153.0,2117.0,2151.0,198100,0.0,0.0
2023-02-21 00:00:00+09:00,2162.0,2189.0,2162.0,2183.0,151100,0.0,0.0
2023-02-22 00:00:00+09:00,2183.0,2211.0,2168.0,2184.0,167600,0.0,0.0
2023-02-24 00:00:00+09:00,2191.0,2218.0,2177.0,2218.0,162200,0.0,0.0
2023-02-27 00:00:00+09:00,2210.0,2216.0,2193.0,2216.0,144200,0.0,0.0
2023-02-28 00:00:00+09:00,2220.0,2220.0,2196.0,2202.0,238400,0.0,0.0
2023-03-01 00:00:00+09:00,2202.0,2214.0,2185.0,2199.0,147200,0.0,0.0
2023-03-02 00:00:00+09:00,2210.0,2219.0,2199.0,2219.0,92000,0.0,0.0
2023-03-03 00:00:00+09:00,2220.0,2253.0,2218.0,2248.0,132700,0.0,0.0
2023-03-06 00:00:00+09:00,2244.0,2285.0,2238.0,2281.0,207200,0.0,0.0
2023-03-07 00:00:00+09:00,2280.0,2303.0,2276.0,2292.0,154900,0.0,0.0
2023-03-08 00:00:00+09:00,2289.0,2303.0,2269.0,2298.0,126000,0.0,0.0
2023-03-09 00:00:00+09:00,2305.0,2355.0,2305.0,2345.0,114300,0.0,0.0
2023-03-10 00:00:00+09:00,2328.0,2355.0,2327.0,2341.0,125100,0.0,0.0
2023-03-13 00:00:00+09:00,2338.0,2338.0,2283.0,2302.0,125600,0.0,0.0
2023-03-14 00:00:00+09:00,2289.0,2311.0,2256.0,2300.0,206600,0.0,0.0
2023-03-15 00:00:00+09:00,2303.0,2335.0,2295.0,2316.0,150900,0.0,0.0
2023-03-16 00:00:00+09:00,2291.0,2337.0,2284.0,2320.0,159800,0.0,0.0
2023-03-17 00:00:00+09:00,2332.0,2347.0,2314.0,2334.0,153200,0.0,0.0
2023-03-20 00:00:00+09:00,2322.0,2329.0,2267.0,2268.0,122400,0.0,0.0
2023-03-22 00:00:00+09:00,2294.0,2301.0,2269.0,2293.0,162600,0.0,0.0
2023-03-23 00:00:00+09:00,2285.0,2302.0,2280.0,2293.0,133200,0.0,0.0
2023-03-24 00:00:00+09:00,2280.0,2313.0,2271.0,2309.0,119200,0.0,0.0
2023-03-27 00:00:00+09:00,2334.0,2334.0,2306.0,2319.0,118500,0.0,0.0
2023-03-28 00:00:00+09:00,2329.0,2329.0,2285.0,2300.0,114800,0.0,0.0
2023-03-29 00:00:00+09:00,2318.0,2366.0,2313.0,2366.0,161200,0.0,0.0
2023-03-30 00:00:00+09:00,2333.0,2362.0,2323.0,2329.0,124300,0.0,0.0
2023-03-31 00:00:00+09:00,2330.0,2356.0,2327.0,2350.0,101700,0.0,0.0
2023-04-03 00:00:00+09:00,2359.0,2389.0,2356.0,2378.0,114100,0.0,0.0
2023-04-04 00:00:00+09:00,2392.0,2444.0,2388.0,2437.0,279600,0.0,0.0
2023-04-05 00:00:00+09:00,2430.0,2443.0,2422.0,2427.0,229400,0.0,0.0
2023-04-06 00:00:00+09:00,2425.0,2454.0,2418.0,2440.0,303100,0.0,0.0
2023-04-07 00:00:00+09:00,2434.0,2464.0,2421.0,2458.0,186400,0.0,0.0
2023-04-10 00:00:00+09:00,2481.0,2502.0,2472.0,2494.0,200300,0.0,0.0
2023-04-11 00:00:00+09:00,2501.0,2524.0,2488.0,2493.0,183800,0.0,0.0
2023-04-12 00:00:00+09:00,2515.0,2544.0,2509.0,2540.0,108300,0.0,0.0
2023-04-13 00:00:00+09:00,2540.0,2542.0,2518.0,2534.0,75200,0.0,0.0
2023-04-14 00:00:00+09:00,2536.0,2561.0,2536.0,2554.0,103100,0.0,0.0
2023-04-17 00:00:00+09:00,2554.0,2565.0,2526.0,2551.0,99200,0.0,0.0
2023-04-18 00:00:00+09:00,2552.0,2602.0,2552.0,2597.0,150100,0.0,0.0
2023-04-19 00:00:00+09:00,2586.0,2603.0,2565.0,2587.0,130900,0.0,0.0
2023-04-20 00:00:00+09:00,2574.0,2605.0,2564.0,2604.0,118300,0.0,0.0
2023-04-21 00:00:00+09:00,2599.0,2637.0,2586.0,2620.0,108200,0.0,0.0
2023-04-24 00:00:00+09:00,2621.0,2641.0,2605.0,2630.0,124800,0.0,0.0
2023-04-25 00:00:00+09:00,2635.0,2666.0,2635.0,2651.0,134400,0.0,0.0
2023-04-26 00:00:00+09:00,2653.0,2710.0,2653.0,2676.0,130000,0.0,0.0
2023-04-27 00:00:00+09:00,2668.0,2687.0,2656.0,2686.0,131600,0.0,0.0
2023-04-28 00:00:00+09:00,2704.0,2725.0,2697.0,2710.0,153700,0.0,0.0
2023-05-01 00:00:00+09:00,2743.0,2773.0,2743.0,2770.0,150100,0.0,0.0
2023-05-02 00:00:00+09:00,2754.0,2756.0,2643.0,2681.0,348500,0.0,0.0
2023-05-08 00:00:00+09:00,2690.0,2751.0,2688.0,2695.0,266200,0.0,0.0
2023-05-09 00:00:00+09:00,2692.0,2741.0,2687.0,2731.0,170700,0.0,0.0
2023-05-10 00:00:00+09:00,2740.0,2742.0,2699.0,2712.0,198500,0.0,0.0
2023-05-11 00:00:00+09:00,2711.0,2738.0,2701.0,2736.0,177300,0.0,0.0
2023-05-12 00:00:00+09:00,2716.0,2732.0,2623.0,2702.0,352300,0.0,0.0
2023-05-15 00:00:00+09:00,2736.0,2791.0,2675.0,2685.0,225200,0.0,0.0
2023-05-16 00:00:00+09:00,2724.0,2803.0,2711.0,2800.0,326100,0.0,0.0
2023-05-17 00:00:00+09:00,2770.0,2794.0,2759.0,2774.0,305000,0.0,0.0
2023-05-18 00:00:00+09:00,2785.0,2785.0,2746.0,2758.0,193500,0.0,0.0
2023-05-19 00:00:00+09:00,2727.0,2731.0,2666.0,2675.0,271100,0.0,0.0
2023-05-22 00:00:00+09:00,2669.0,2696.0,2661.0,2682.0,210800,0.0,0.0
2023-05-23 00:00:00+09:00,2683.0,2700.0,2665.0,2680.0,189300,0.0,0.0
2023-05-24 00:00:00+09:00,2675.0,2689.0,2660.0,2664.0,161600,0.0,0.0
2023-05-25 00:00:00+09:00,2657.0,2667.0,2620.0,2623.0,175500,0.0,0.0
2023-05-26 00:00:00+09:00,2634.0,2638.0,2617.0,2623.0,194800,0.0,0.0
2023-05-29 00:00:00+09:00,2640.0,2651.0,2611.0,2630.0,122500,0.0,0.0
2023-05-30 00:00:00+09:00,2612.0,2622.0,2576.0,2578.0,163300,0.0,0.0
2023-05-31 00:00:00+09:00,2555.0,2571.0,2542.0,2542.0,347400,0.0,0.0
2023-06-01 00:00:00+09:00,2542.0,2568.0,2520.0,2568.0,632700,0.0,0.0
2023-06-02 00:00:00+09:00,2568.0,2633.0,2553.0,2627.0,278700,0.0,0.0
2023-06-05 00:00:00+09:00,2673.5,2745.5,2653.5,2715.5,604700,0.0,0.0
2023-06-06 00:00:00+09:00,2685.0,2698.0,2658.0,2689.5,239800,0.0,0.0
2023-06-07 00:00:00+09:00,2680.5,2699.0,2652.0,2660.5,265600,0.0,0.0
2023-06-08 00:00:00+09:00,2672.0,2672.0,2597.5,2605.0,311600,0.0,0.0
2023-06-09 00:00:00+09:00,2625.5,2648.5,2593.0,2630.0,414400,0.0,0.0
2023-06-12 00:00:00+09:00,2655.0,2655.0,2612.0,2628.5,281600,0.0,0.0
2023-06-13 00:00:00+09:00,2623.0,2656.0,2614.0,2641.5,189600,0.0,0.0
2023-06-14 00:00:00+09:00,2639.0,2639.5,2610.0,2615.0,166500,0.0,0.0
2023-06-15 00:00:00+09:00,2594.0,2603.0,2562.5,2572.0,218300,0.0,0.0
2023-06-16 00:00:00+09:00,2542.5,2566.0,2538.0,2553.5,306000,0.0,0.0
2023-06-19 00:00:00+09:00,2576.5,2591.0,2548.0,2590.5,191000,0.0,0.0
2023-06-20 00:00:00+09:00,2575.5,2709.0,2568.5,2619.5,217700,0.0,0.0
2023-06-21 00:00:00+09:00,2606.5,2662.5,2606.5,2630.0,131100,0.0,0.0
2023-06-22 00:00:00+09:00,2636.0,2640.0,2597.5,2620.0,107000,0.0,0.0
2023-06-23 00:00:00+09:00,2624.0,2630.0,2595.5,2605.5,110400,0.0,0.0
2023-06-26 00:00:00+09:00,2612.5,2650.0,2583.5,2598.0,157100,0.0,0.0
2023-06-27 00:00:00+09:00,2617.5,2617.5,2590.0,2600.5,98200,0.0,0.0
2023-06-28 00:00:00+09:00,2614.0,2651.0,2606.0,2648.5,142800,0.0,0.0
2023-06-29 00:00:00+09:00,2648.5,2685.0,2644.0,2659.0,162500,0.0,0.0
2023-06-30 00:00:00+09:00,2681.0,2681.5,2622.0,2647.0,166400,0.0,0.0
2023-07-03 00:00:00+09:00,2669.0,2712.5,2668.0,2680.0,182500,0.0,0.0
2023-07-04 00:00:00+09:00,2680.0,2694.5,2635.0,2644.5,122800,0.0,0.0
2023-07-05 00:00:00+09:00,2628.5,2667.0,2625.0,2649.5,117900,0.0,0.0
2023-07-06 00:00:00+09:00,2675.0,2677.5,2612.5,2627.5,127200,0.0,0.0
2023-07-07 00:00:00+09:00,2628.5,2649.0,2610.0,2624.5,121700,0.0,0.0
2023-07-10 00:00:00+09:00,2650.0,2655.5,2623.5,2640.5,162600,0.0,0.0
2023-07-11 00:00:00+09:00,2646.5,2672.0,2633.0,2665.0,179900,0.0,0.0
2023-07-12 00:00:00+09:00,2668.5,2675.5,2648.5,2652.5,114300,0.0,0.0
2023-07-13 00:00:00+09:00,2681.0,2699.0,2654.0,2676.0,115400,0.0,0.0
2023-07-14 00:00:00+09:00,2626.0,2680.5,2622.5,2671.5,208500,0.0,0.0
2023-07-18 00:00:00+09:00,2655.0,2699.5,2655.0,2696.5,175600,0.0,0.0
2023-07-19 00:00:00+09:00,2729.5,2785.5,2718.0,2739.0,184400,0.0,0.0
2023-07-20 00:00:00+09:00,2736.5,2750.0,2718.0,2724.0,83000,0.0,0.0
2023-07-21 00:00:00+09:00,2730.0,2770.0,2716.5,2754.5,141300,0.0,0.0
2023-07-24 00:00:00+09:00,2780.0,2780.0,2756.0,2766.5,160100,0.0,0.0
2023-07-25 00:00:00+09:00,2766.0,2769.5,2750.0,2766.5,142800,0.0,0.0
2023-07-26 00:00:00+09:00,2765.5,2778.0,2741.5,2775.0,148300,0.0,0.0
2023-07-27 00:00:00+09:00,2754.0,2775.0,2735.5,2775.0,122500,0.0,0.0
2023-07-28 00:00:00+09:00,2764.5,2773.0,2740.5,2765.0,147100,0.0,0.0
2023-07-31 00:00:00+09:00,2800.0,2812.0,2766.5,2774.0,192600,0.0,0.0
2023-08-01 00:00:00+09:00,2787.0,2794.5,2768.0,2773.5,102900,0.0,0.0
2023-08-02 00:00:00+09:00,2775.0,2782.5,2739.5,2746.5,140100,0.0,0.0
2023-08-03 00:00:00+09:00,2742.5,2742.5,2682.5,2693.5,193100,0.0,0.0
2023-08-04 00:00:00+09:00,2703.0,2732.0,2685.0,2732.0,140300,0.0,0.0
2023-08-07 00:00:00+09:00,2707.5,2776.5,2681.5,2775.0,194100,0.0,0.0
2023-08-08 00:00:00+09:00,2799.0,2815.5,2776.0,2807.5,337700,0.0,0.0
2023-08-09 00:00:00+09:00,2808.5,2838.5,2779.0,2832.5,296200,0.0,0.0
2023-08-10 00:00:00+09:00,2841.0,2845.0,2808.5,2841.5,148500,0.0,0.0
2023-08-14 00:00:00+09:00,2846.0,2872.0,2846.0,2868.5,254900,0.0,0.0
2023-08-15 00:00:00+09:00,2872.5,2903.0,2857.0,2902.0,259200,0.0,0.0
2023-08-16 00:00:00+09:00,2899.0,2917.5,2879.0,2917.5,162800,0.0,0.0
2023-08-17 00:00:00+09:00,2908.0,2919.5,2832.0,2868.5,340400,0.0,0.0
2023-08-18 00:00:00+09:00,2863.5,2868.5,2808.5,2835.5,254300,0.0,0.0
2023-08-21 00:00:00+09:00,2843.0,2863.0,2836.0,2841.5,178200,0.0,0.0
2023-08-22 00:00:00+09:00,2849.0,2877.0,2834.0,2857.0,152000,0.0,0.0
2023-08-23 00:00:00+09:00,2852.5,2856.5,2834.5,2842.5,100500,0.0,0.0
2023-08-24 00:00:00+09:00,2839.0,2874.5,2824.0,2849.5,173500,0.0,0.0
2023-08-25 00:00:00+09:00,2841.5,2854.5,2822.0,2835.0,138500,0.0,0.0
2023-08-28 00:00:00+09:00,2864.0,2877.5,2857.0,2877.5,140000,0.0,0.0
2023-08-29 00:00:00+09:00,2881.0,2897.5,2866.5,2891.0,126700,0.0,0.0
2023-08-30 00:00:00+09:00,2900.0,2920.0,2889.5,2902.5,220000,0.0,0.0
2023-08-31 00:00:00+09:00,2902.0,2933.5,2899.5,2920.0,203200,0.0,0.0
2023-09-01 00:00:00+09:00,2933.0,2967.0,2933.0,2965.0,184800,0.0,0.0
2023-09-04 00:00:00+09:00,2967.5,2974.5,2941.0,2963.0,148700,0.0,0.0
2023-09-05 00:00:00+09:00,2953.0,2972.5,2921.5,2958.5,346500,0.0,0.0
2023-09-06 00:00:00+09:00,2953.5,2953.5,2877.5,2905.5,255200,0.0,0.0
2023-09-07 00:00:00+09:00,2912.0,2936.5,2882.0,2899.0,186900,0.0,0.0
2023-09-08 00:00:00+09:00,2897.0,2914.0,2823.0,2861.5,357600,0.0,0.0
2023-09-11 00:00:00+09:00,2862.5,2888.5,2846.0,2873.5,178100,0.0,0.0
2023-09-12 00:00:00+09:00,2882.0,2909.5,2878.0,2909.5,116100,0.0,0.0
2023-09-13 00:00:00+09:00,2904.0,2947.5,2881.0,2942.0,221900,0.0,0.0
2023-09-14 00:00:00+09:00,2950.0,3007.0,2915.5,2981.5,321000,0.0,0.0
2023-09-15 00:00:00+09:00,2978.0,3037.0,2978.0,3023.0,300000,0.0,0.0
2023-09-19 00:00:00+09:00,3163.0,3173.0,3081.0,3136.0,545200,0.0,0.0
2023-09-20 00:00:00+09:00,3137.0,3175.0,3128.0,3147.0,293100,0.0,0.0
2023-09-21 00:00:00+09:00,3147.0,3170.0,3122.0,3143.0,198600,0.0,0.0
2023-09-22 00:00:00+09:00,3143.0,3171.0,3103.0,3125.0,344300,0.0,0.0
2023-09-25 00:00:00+09:00,3158.0,3165.0,3111.0,3150.0,201600,0.0,0.0
2023-09-26 00:00:00+09:00,3135.0,3174.0,3113.0,3151.0,150900,0.0,0.0
2023-09-27 00:00:00+09:00,3155.0,3185.0,3106.0,3183.0,203400,0.0,0.0
2023-09-28 00:00:00+09:00,3177.0,3218.0,3157.0,3190.0,268100,0.0,0.0
2023-09-29 00:00:00+09:00,3220.0,3220.0,3175.0,3206.0,251800,0.0,0.0
2023-10-02 00:00:00+09:00,3206.0,3247.0,3191.0,3200.0,277500,0.0,0.0
2023-10-03 00:00:00+09:00,3194.0,3234.0,3158.0,3174.0,374900,0.0,0.0
2023-10-04 00:00:00+09:00,3158.0,3174.0,3054.0,3064.0,485300,0.0,0.0
2023-10-05 00:00:00+09:00,3079.0,3178.0,3071.0,3167.0,386200,0.0,0.0
2023-10-06 00:00:00+09:00,3168.0,3225.0,3161.0,3186.0,287100,0.0,0.0
2023-10-10 00:00:00+09:00,3210.0,3249.0,3204.0,3245.0,339000,0.0,0.0
2023-10-11 00:00:00+09:00,3240.0,3254.0,3224.0,3231.0,213000,0.0,0.0
2023-10-12 00:00:00+09:00,3241.0,3271.0,3235.0,3261.0,165900,0.0,0.0
2023-10-13 00:00:00+09:00,3250.0,3288.0,3216.0,3246.0,230300,0.0,0.0
2023-10-16 00:00:00+09:00,3246.0,3256.0,3201.0,3211.0,179700,0.0,0.0
2023-10-17 00:00:00+09:00,3225.0,3256.0,3178.0,3201.0,196900,0.0,0.0
2023-10-18 00:00:00+09:00,3235.0,3256.0,3223.0,3243.0,188800,0.0,0.0
2023-10-19 00:00:00+09:00,3235.0,3265.0,3223.0,3241.0,190200,0.0,0.0
2023-10-20 00:00:00+09:00,3250.0,3266.0,3238.0,3253.0,212300,0.0,0.0
2023-10-23 00:00:00+09:00,3250.0,3287.0,3245.0,3249.0,178200,0.0,0.0
2023-10-24 00:00:00+09:00,3234.0,3285.0,3219.0,3279.0,211100,0.0,0.0
2023-10-25 00:00:00+09:00,3279.0,3314.0,3243.0,3243.0,237100,0.0,0.0
2023-10-26 00:00:00+09:00,3264.0,3292.0,3251.0,3264.0,299100,0.0,0.0
2023-10-27 00:00:00+09:00,3280.0,3340.0,3276.0,3336.0,258200,0.0,0.0
2023-10-30 00:00:00+09:00,3295.0,3325.0,3288.0,3321.0,1020000,0.0,0.0
2023-10-31 00:00:00+09:00,3301.0,3470.0,3300.0,3400.0,502600,0.0,0.0
2023-11-01 00:00:00+09:00,3444.0,3514.0,3408.0,3514.0,470300,0.0,0.0
2023-11-02 00:00:00+09:00,3550.0,3579.0,3453.0,3478.0,339700,0.0,0.0
2023-11-06 00:00:00+09:00,3497.0,3513.0,3458.0,3461.0,427700,0.0,0.0
2023-11-07 00:00:00+09:00,3487.0,3526.0,3447.0,3447.0,301000,0.0,0.0
2023-11-08 00:00:00+09:00,3445.0,3459.0,3360.0,3381.0,269000,0.0,0.0
2023-11-09 00:00:00+09:00,3388.0,3419.0,3352.0,3408.0,173100,0.0,0.0
2023-11-10 00:00:00+09:00,3408.0,3464.0,3360.0,3442.0,260000,0.0,0.0
2023-11-13 00:00:00+09:00,3444.0,3544.0,3404.0,3510.0,540300,0.0,0.0
2023-11-14 00:00:00+09:00,3450.0,3491.0,3396.0,3396.0,414500,0.0,0.0
2023-11-15 00:00:00+09:00,3377.0,3391.0,3316.0,3322.0,353200,0.0,0.0
2023-11-16 00:00:00+09:00,3310.0,3378.0,3294.0,3330.0,368000,0.0,0.0
2023-11-17 00:00:00+09:00,3374.0,3397.0,3357.0,3393.0,334100,0.0,0.0
2023-11-20 00:00:00+09:00,3342.0,3380.0,3279.0,3281.0,456400,0.0,0.0
2023-11-21 00:00:00+09:00,3263.0,3308.0,3256.0,3291.0,404900,0.0,0.0
2023-11-22 00:00:00+09:00,3291.0,3318.0,3261.0,3267.0,313200,0.0,0.0
2023-11-24 00:00:00+09:00,3288.0,3297.0,3212.0,3239.0,257800,0.0,0.0
2023-11-27 00:00:00+09:00,3239.0,3248.0,3171.0,3211.0,272000,0.0,0.0
2023-11-28 00:00:00+09:00,3223.0,3228.0,3186.0,3198.0,280100,0.0,0.0
2023-11-29 00:00:00+09:00,3189.0,3221.0,3167.0,3204.0,190700,0.0,0.0
2023-11-30 00:00:00+09:00,3180.0,3232.0,3174.0,3230.0,269100,0.0,0.0
2023-12-01 00:00:00+09:00,3266.0,3337.0,3261.0,3320.0,344300,0.0,0.0
2023-12-04 00:00:00+09:00,3251.0,3292.0,3218.0,3279.0,318800,0.0,0.0
2023-12-05 00:00:00+09:00,3257.0,3283.0,3244.0,3277.0,263000,0.0,0.0
2023-12-06 00:00:00+09:00,3289.0,3338.0,3289.0,3325.0,259500,0.0,0.0
2023-12-07 00:00:00+09:00,3294.0,3323.0,3269.0,3315.0,278600,0.0,0.0
2023-12-08 00:00:00+09:00,3280.0,3306.0,3262.0,3280.0,355700,0.0,0.0
2023-12-11 00:00:00+09:00,3300.0,3317.0,3284.0,3317.0,227800,0.0,0.0
2023-12-12 00:00:00+09:00,3320.0,3340.0,3307.0,3320.0,301800,0.0,0.0
2023-12-13 00:00:00+09:00,3340.0,3356.0,3284.0,3306.0,290800,0.0,0.0
2023-12-14 00:00:00+09:00,3306.0,3324.0,3240.0,3292.0,199400,0.0,0.0
2023-12-15 00:00:00+09:00,3293.0,3351.0,3278.0,3302.0,345300,0.0,0.0
2023-12-18 00:00:00+09:00,3264.0,3300.0,3250.0,3288.0,203700,0.0,0.0
2023-12-19 00:00:00+09:00,3290.0,3309.0,3236.0,3259.0,239900,0.0,0.0
2023-12-20 00:00:00+09:00,3259.0,3286.0,3241.0,3260.0,234900,0.0,0.0
2023-12-21 00:00:00+09:00,3270.0,3291.0,3231.0,3235.0,199400,0.0,0.0
2023-12-22 00:00:00+09:00,3264.0,3273.0,3217.0,3234.0,161700,0.0,0.0
2023-12-25 00:00:00+09:00,3262.0,3262.0,3213.0,3228.0,63000,0.0,0.0
2023-12-26 00:00:00+09:00,3243.0,3243.0,3209.0,3233.0,107500,0.0,0.0
2023-12-27 00:00:00+09:00,3240.0,3240.0,3219.0,3233.0,117000,0.0,0.0
2023-12-28 00:00:00+09:00,3205.0,3231.0,3202.0,3216.0,134700,0.0,0.0
2023-12-29 00:00:00+09:00,3218.0,3233.0,3201.0,3222.0,113600,0.0,0.0
2024-01-04 00:00:00+09:00,3222.0,3258.0,3195.0,3234.0,264900,0.0,0.0
2024-01-05 00:00:00+09:00,3234.0,3236.0,3192.0,3198.0,325400,0.0,0.0
2024-01-09 00:00:00+09:00,3214.0,3282.0,3204.0,3273.0,387200,0.0,0.0
2024-01-10 00:00:00+09:00,3240.0,3332.0,3232.0,3297.0,296100,0.0,0.0
2024-01-11 00:00:00+09:00,3321.0,3330.0,3252.0,3266.0,297800,0.0,0.0
2024-01-12 00:00:00+09:00,3285.0,3285.0,3218.0,3228.0,394600,0.0,0.0
2024-01-15 00:00:00+09:00,3228.0,3254.0,3228.0,3245.0,17500,0.0,0.0
2024-01-16 00:00:00+09:00,3243.0,3262.0,3226.0,3239.0,167200,0.0,0.0
2024-01-17 00:00:00+09:00,3239.0,3291.0,3216.0,3216.0,217200,0.0,0.0
2024-01-18 00:00:00+09:00,3229.0,3274.0,3229.0,3257.0,184900,0.0,0.0
2024-01-19 00:00:00+09:00,3257.0,3268.0,3230.0,3266.0,170500,0.0,0.0
2024-01-22 00:00:00+09:00,3268.0,3324.0,3268.0,3298.0,179000,0.0,0.0
2024-01-23 00:00:00+09:00,3299.0,3349.0,3299.0,3303.0,213400,0.0,0.0
2024-01-24 00:00:00+09:00,3279.0,3300.0,3211.0,3248.0,349500,0.0,0.0
2024-01-25 00:00:00+09:00,3236.0,3241.0,3198.0,3210.0,161500,0.0,0.0
2024-01-26 00:00:00+09:00,3200.0,3203.0,3159.0,3192.0,264200,0.0,0.0
2024-01-29 00:00:00+09:00,3200.0,3228.0,3175.0,3191.0,230900,0.0,0.0
2024-01-30 00:00:00+09:00,3191.0,3202.0,3166.0,3173.0,227100,0.0,0.0
2024-01-31 00:00:00+09:00,3150.0,3200.0,3144.0,3198.0,171300,0.0,0.0
2024-02-01 00:00:00+09:00,3182.0,3247.0,3176.0,3213.0,199300,0.0,0.0
2024-02-02 00:00:00+09:00,3213.0,3218.0,3169.0,3169.0,193500,0.0,0.0
2024-02-05 00:00:00+09:00,3168.0,3169.0,3135.0,3149.0,188700,0.0,0.0
2024-02-06 00:00:00+09:00,3143.0,3172.0,3135.0,3145.0,166700,0.0,0.0
2024-02-07 00:00:00+09:00,3145.0,3207.0,3145.0,3187.0,245300,0.0,0.0
2024-02-08 00:00:00+09:00,3137.0,3400.0,3121.0,3231.0,824000,0.0,0.0
2024-02-09 00:00:00+09:00,3218.0,3324.0,3174.0,3274.0,603800,0.0,0.0
2024-02-13 00:00:00+09:00,3296.0,3317.0,3226.0,3307.0,375900,0.0,0.0
2024-02-14 00:00:00+09:00,3317.0,3323.0,3198.0,3246.0,277500,0.0,0.0
2024-02-15 00:00:00+09:00,3251.0,3260.0,3160.0,3202.0,328200,0.0,0.0
2024-02-16 00:00:00+09:00,3226.0,3274.0,3204.0,3228.0,245200,0.0,0.0
2024-02-19 00:00:00+09:00,3228.0,3268.0,3226.0,3268.0,259000,0.0,0.0
2024-02-20 00:00:00+09:00,3275.0,3275.0,3208.0,3236.0,190300,0.0,0.0
2024-02-21 00:00:00+09:00,3239.0,3272.0,3224.0,3236.0,220700,0.0,0.0
2024-02-22 00:00:00+09:00,3265.0,3279.0,3240.0,3255.0,139000,0.0,0.0
2024-02-26 00:00:00+09:00,3269.0,3270.0,3215.0,3237.0,157400,0.0,0.0
2024-02-27 00:00:00+09:00,3242.0,3261.0,3219.0,3237.0,216500,0.0,0.0
2024-02-28 00:00:00+09:00,3228.0,3240.0,3181.0,3184.0,214500,0.0,0.0
2024-02-29 00:00:00+09:00,3162.0,3173.0,3134.0,3163.0,290300,0.0,0.0
2024-03-01 00:00:00+09:00,3145.0,3188.0,3144.0,3174.0,263100,0.0,0.0
2024-03-04 00:00:00+09:00,3174.0,3198.0,3155.0,3184.0,242100,0.0,0.0
2024-03-05 00:00:00+09:00,3167.0,3206.0,3136.0,3200.0,221900,0.0,0.0
2024-03-06 00:00:00+09:00,3200.0,3225.0,3183.0,3186.0,208900,0.0,0.0
2024-03-07 00:00:00+09:00,3211.0,3233.0,3200.0,3213.0,253700,0.0,0.0
2024-03-08 00:00:00+09:00,3241.0,3419.0,3222.0,3356.0,854800,0.0,0.0
2024-03-11 00:00:00+09:00,3300.0,3337.0,3257.0,3337.0,406400,0.0,0.0
2024-03-12 00:00:00+09:00,3346.0,3367.0,3299.0,3344.0,267000,0.0,0.0
2024-03-13 00:00:00+09:00,3350.0,3370.0,3330.0,3350.0,341100,0.0,0.0
2024-03-14 00:00:00+09:00,3375.0,3380.0,3334.0,3371.0,183300,0.0,0.0
2024-03-15 00:00:00+09:00,3375.0,3416.0,3354.0,3400.0,651200,0.0,0.0
2024-03-18 00:00:00+09:00,3407.0,3423.0,3362.0,3388.0,305000,0.0,0.0
2024-03-19 00:00:00+09:00,3380.0,3425.0,3375.0,3417.0,165200,0.0,0.0
2024-03-21 00:00:00+09:00,3425.0,3470.0,3418.0,3467.0,288700,0.0,0.0
2024-03-22 00:00:00+09:00,3488.0,3500.0,3459.0,3490.0,383600,0.0,0.0
2024-03-25 00:00:00+09:00,3513.0,3543.0,3491.0,3535.0,291100,0.0,0.0
2024-03-26 00:00:00+09:00,3545.0,3601.0,3539.0,3582.0,364000,0.0,0.0
2024-03-27 00:00:00+09:00,3600.0,3627.0,3585.0,3604.0,310400,0.0,0.0
2024-03-28 00:00:00+09:00,3606.0,3643.0,3579.0,3590.0,375900,0.0,0.0
2024-03-29 00:00:00+09:00,3606.0,3649.0,3601.0,3639.0,137900,0.0,0.0
2024-04-01 00:00:00+09:00,3707.0,3729.0,3664.0,3677.0,259300,0.0,0.0
2024-04-02 00:00:00+09:00,3668.0,3682.0,3610.0,3629.0,259500,0.0,0.0
2024-04-03 00:00:00+09:00,3650.0,3665.0,3586.0,3592.0,255700,0.0,0.0
2024-04-04 00:00:00+09:00,3600.0,3621.0,3560.0,3580.0,235800,0.0,0.0
2024-04-05 00:00:00+09:00,3577.0,3655.0,3560.0,3655.0,197500,0.0,0.0
2024-04-08 00:00:00+09:00,3688.0,3717.0,3668.0,3681.0,277700,0.0,0.0
2024-04-09 00:00:00+09:00,3677.0,3725.0,3669.0,3707.0,229700,0.0,0.0
2024-04-10 00:00:00+09:00,3715.0,3753.0,3691.0,3691.0,193100,0.0,0.0
2024-04-11 00:00:00+09:00,3650.0,3675.0,3590.0,3626.0,186500,0.0,0.0
2024-04-12 00:00:00+09:00,3618.0,3660.0,3615.0,3652.0,153400,0.0,0.0
2024-04-15 00:00:00+09:00,3610.0,3690.0,3608.0,3684.0,249300,0.0,0.0
2024-04-16 00:00:00+09:00,3657.0,3684.0,3617.0,3678.0,209300,0.0,0.0
2024-04-17 00:00:00+09:00,3673.0,3697.0,3622.0,3652.0,216400,0.0,0.0
2024-04-18 00:00:00+09:00,3680.0,3700.0,3651.0,3651.0,149200,0.0,0.0
2024-04-19 00:00:00+09:00,3630.0,3631.0,3567.0,3616.0,286800,0.0,0.0
2024-04-22 00:00:00+09:00,3665.0,3696.0,3652.0,3677.0,204500,0.0,0.0
2024-04-23 00:00:00+09:00,3688.0,3719.0,3681.0,3688.0,151900,0.0,0.0
2024-04-24 00:00:00+09:00,3719.0,3731.0,3674.0,3720.0,178800,0.0,0.0
2024-04-25 00:00:00+09:00,3720.0,3770.0,3688.0,3724.0,238700,0.0,0.0
2024-04-26 00:00:00+09:00,3718.0,3766.0,3701.0,3760.0,436800,0.0,0.0
2024-04-30 00:00:00+09:00,3776.0,3994.0,3735.0,3773.0,545400,0.0,0.0
2024-05-01 00:00:00+09:00,3839.0,3970.0,3820.0,3904.0,581000,0.0,0.0
2024-05-02 00:00:00+09:00,3932.0,4006.0,3905.0,4000.0,359000,0.0,0.0
2024-05-07 00:00:00+09:00,3979.0,4002.0,3948.0,3960.0,178800,0.0,0.0
2024-05-08 00:00:00+09:00,3974.0,4010.0,3949.0,3995.0,228000,0.0,0.0
2024-05-09 00:00:00+09:00,3980.0,4029.0,3966.0,4012.0,195000,0.0,0.0
2024-05-10 00:00:00+09:00,4076.0,4220.0,3923.0,4060.0,650900,0.0,0.0
2024-05-13 00:00:00+09:00,4028.0,4050.0,3928.0,3937.0,359500,0.0,0.0
2024-05-14 00:00:00+09:00,3969.0,3978.0,3857.0,3879.0,251400,0.0,0.0
2024-05-15 00:00:00+09:00,3865.0,3884.0,3769.0,3781.0,294400,0.0,0.0
2024-05-16 00:00:00+09:00,3781.0,3842.0,3747.0,3818.0,236300,0.0,0.0
2024-05-17 00:00:00+09:00,3785.0,3815.0,3760.0,3779.0,211600,0.0,0.0
2024-05-20 00:00:00+09:00,3759.0,3760.0,3714.0,3733.0,255200,0.0,0.0
2024-05-21 00:00:00+09:00,3725.0,3780.0,3716.0,3726.0,299600,0.0,0.0
2024-05-22 00:00:00+09:00,3724.0,3740.0,3710.0,3732.0,221300,0.0,0.0
2024-05-23 00:00:00+09:00,3733.0,3770.0,3702.0,3770.0,125900,0.0,0.0
2024-05-24 00:00:00+09:00,3745.0,3787.0,3721.0,3775.0,217200,0.0,0.0
2024-05-27 00:00:00+09:00,3800.0,3823.0,3766.0,3811.0,139300,0.0,0.0
2024-05-28 00:00:00+09:00,3811.0,3858.0,3810.0,3848.0,128900,0.0,0.0
2024-05-29 00:00:00+09:00,3840.0,3857.0,3801.0,3828.0,182100,0.0,0.0
2024-05-30 00:00:00+09:00,3786.0,3899.0,3781.0,3896.0,305000,0.0,0.0
2024-05-31 00:00:00+09:00,3925.0,3972.0,3885.0,3971.0,530900,0.0,0.0
2024-06-03 00:00:00+09:00,3999.0,4077.0,3978.0,4062.0,287300,0.0,0.0
2024-06-04 00:00:00+09:00,4044.0,4053.0,3995.0,4006.0,290200,0.0,0.0
2024-06-05 00:00:00+09:00,3958.0,3973.0,3841.0,3860.0,371400,0.0,0.0
2024-06-06 00:00:00+09:00,3887.0,3920.0,3859.0,3889.0,353400,0.0,0.0
2024-06-07 00:00:00+09:00,3900.0,3945.0,3892.0,3893.0,223800,0.0,0.0
2024-06-10 00:00:00+09:00,3893.0,3914.0,3856.0,3876.0,172900,0.0,0.0
2024-06-11 00:00:00+09:00,3850.0,3928.0,3850.0,3852.0,199600,0.0,0.0
2024-06-12 00:00:00+09:00,3917.0,3920.0,3857.0,3914.0,279400,0.0,0.0
2024-06-13 00:00:00+09:00,3901.0,3912.0,3798.0,3843.0,196900,0.0,0.0
2024-06-14 00:00:00+09:00,3839.0,3850.0,3800.0,3838.0,235100,0.0,0.0
2024-06-17 00:00:00+09:00,3808.0,3844.0,3793.0,3842.0,227900,0.0,0.0
2024-06-18 00:00:00+09:00,3797.0,3822.0,3764.0,3777.0,215200,0.0,0.0
2024-06-19 00:00:00+09:00,3756.0,3772.0,3729.0,3747.0,229000,0.0,0.0
2024-06-20 00:00:00+09:00,3740.0,3759.0,3678.0,3709.0,335400,0.0,0.0
2024-06-21 00:00:00+09:00,3709.0,3727.0,3662.0,3666.0,418600,0.0,0.0
2024-06-24 00:00:00+09:00,3704.0,3760.0,3662.0,3750.0,390400,0.0,0.0
2024-06-25 00:00:00+09:00,3881.0,4177.0,3836.0,4169.0,1757500,0.0,0.0
2024-06-26 00:00:00+09:00,4169.0,4285.0,4058.0,4075.0,950100,0.0,0.0
2024-06-27 00:00:00+09:00,4054.0,4179.0,4044.0,4145.0,701600,0.0,0.0
2024-06-28 00:00:00+09:00,4178.0,4230.0,4165.0,4204.0,380500,0.0,0.0
2024-07-01 00:00:00+09:00,4230.0,4300.0,4215.0,4294.0,357200,0.0,0.0
2024-07-02 00:00:00+09:00,4268.0,4345.0,4252.0,4328.0,374300,0.0,0.0
2024-07-03 00:00:00+09:00,4360.0,4485.0,4360.0,4454.0,495700,0.0,0.0
2024-07-04 00:00:00+09:00,4475.0,4544.0,4460.0,4489.0,292500,0.0,0.0
2024-07-05 00:00:00+09:00,4435.0,4498.0,4393.0,4400.0,418600,0.0,0.0
2024-07-08 00:00:00+09:00,4352.0,4408.0,4246.0,4313.0,585900,0.0,0.0
2024-07-09 00:00:00+09:00,4336.0,4446.0,4336.0,4395.0,856200,0.0,0.0
2024-07-10 00:00:00+09:00,4389.0,4495.0,4370.0,4490.0,842700,0.0,0.0
2024-07-11 00:00:00+09:00,4490.0,4529.0,4343.0,4367.0,724700,0.0,0.0
2024-07-12 00:00:00+09:00,4341.0,4429.0,4341.0,4424.0,553500,0.0,0.0
2024-07-16 00:00:00+09:00,4400.0,4424.0,4312.0,4380.0,440500,0.0,0.0
2024-07-17 00:00:00+09:00,4407.0,4417.0,4326.0,4335.0,258800,0.0,0.0
2024-07-18 00:00:00+09:00,4354.0,4518.0,4354.0,4443.0,668700,0.0,0.0
2024-07-19 00:00:00+09:00,4420.0,4463.0,4399.0,4423.0,365200,0.0,0.0
2024-07-22 00:00:00+09:00,4428.0,4495.0,4419.0,4439.0,291100,0.0,0.0
2024-07-23 00:00:00+09:00,4420.0,4486.0,4411.0,4472.0,241800,0.0,0.0
2024-07-24 00:00:00+09:00,4490.0,4553.0,4443.0,4458.0,512300,0.0,0.0
2024-07-25 00:00:00+09:00,4400.0,4468.0,4392.0,4437.0,232400,0.0,0.0
2024-07-26 00:00:00+09:00,4383.0,4411.0,4293.0,4332.0,474900,0.0,0.0
2024-07-29 00:00:00+09:00,4350.0,4435.0,4339.0,4397.0,295600,0.0,0.0
2024-07-30 00:00:00+09:00,4389.0,4405.0,4300.0,4318.0,269000,0.0,0.0
2024-07-31 00:00:00+09:00,4261.0,4397.0,4254.0,4386.0,308100,0.0,0.0
2024-08-01 00:00:00+09:00,4360.0,4369.0,4282.0,4307.0,417500,0.0,0.0
2024-08-02 00:00:00+09:00,4237.0,4274.0,4067.0,4096.0,725100,0.0,0.0
2024-08-05 00:00:00+09:00,3950.0,4012.0,3782.0,3800.0,1059900,0.0,0.0
2024-08-06 00:00:00+09:00,3998.0,4381.0,3865.0,4286.0,1969200,0.0,0.0
2024-08-07 00:00:00+09:00,4267.0,4620.0,4267.0,4290.0,1418600,0.0,0.0
2024-08-08 00:00:00+09:00,4220.0,4312.0,4133.0,4169.0,932100,0.0,0.0
2024-08-09 00:00:00+09:00,4234.0,4394.0,4228.0,4314.0,604800,0.0,0.0
2024-08-13 00:00:00+09:00,4283.0,4418.0,4204.0,4386.0,605000,0.0,0.0
2024-08-14 00:00:00+09:00,4368.0,4502.0,4368.0,4465.0,830100,0.0,0.0
2024-08-15 00:00:00+09:00,4560.0,4664.0,4507.0,4525.0,491000,0.0,0.0
2024-08-16 00:00:00+09:00,4556.0,4636.0,4533.0,4600.0,390600,0.0,0.0
2024-08-19 00:00:00+09:00,4580.0,4597.0,4510.0,4579.0,442900,0.0,0.0
2024-08-20 00:00:00+09:00,4610.0,4660.0,4589.0,4643.0,303800,0.0,0.0
2024-08-21 00:00:00+09:00,4638.0,4641.0,4600.0,4624.0,194500,0.0,0.0
2024-08-22 00:00:00+09:00,4650.0,4667.0,4608.0,4608.0,318000,0.0,0.0
2024-08-23 00:00:00+09:00,4596.0,4604.0,4553.0,4587.0,393900,0.0,0.0
2024-08-26 00:00:00+09:00,4531.0,4592.0,4511.0,4570.0,310200,0.0,0.0
2024-08-27 00:00:00+09:00,4620.0,4717.0,4588.0,4704.0,368100,0.0,0.0
2024-08-28 00:00:00+09:00,4720.0,4785.0,4704.0,4756.0,223500,0.0,0.0
2024-08-29 00:00:00+09:00,4720.0,4792.0,4697.0,4754.0,160200,0.0,0.0
2024-08-30 00:00:00+09:00,4751.0,4826.0,4750.0,4806.0,319200,0.0,0.0
2024-09-02 00:00:00+09:00,4786.0,4827.0,4731.0,4741.0,137300,0.0,0.0
2024-09-03 00:00:00+09:00,4741.0,4818.0,4740.0,4775.0,125200,0.0,0.0
2024-09-04 00:00:00+09:00,4775.0,4898.0,4775.0,4862.0,302100,0.0,0.0
2024-09-05 00:00:00+09:00,4850.0,4973.0,4830.0,4917.0,354900,0.0,0.0
2024-09-06 00:00:00+09:00,4917.0,4946.0,4816.0,4844.0,234700,0.0,0.0
2024-09-09 00:00:00+09:00,4720.0,4884.0,4720.0,4860.0,307800,0.0,0.0
2024-09-10 00:00:00+09:00,4891.0,5027.0,4883.0,5007.0,309200,0.0,0.0
2024-09-11 00:00:00+09:00,4999.0,5029.0,4822.0,4834.0,265000,0.0,0.0
2024-09-12 00:00:00+09:00,4904.0,4914.0,4761.0,4822.0,245000,0.0,0.0
2024-09-13 00:00:00+09:00,4817.0,4850.0,4734.0,4737.0,286100,0.0,0.0
2024-09-17 00:00:00+09:00,4800.0,4859.0,4688.0,4759.0,243800,0.0,0.0
2024-09-18 00:00:00+09:00,4730.0,4783.0,4650.0,4705.0,248000,0.0,0.0
2024-09-19 00:00:00+09:00,4719.0,4813.0,4683.0,4683.0,250700,0.0,0.0
2024-09-20 00:00:00+09:00,4683.0,4766.0,4615.0,4633.0,277500,0.0,0.0
2024-09-24 00:00:00+09:00,4712.0,4716.0,4610.0,4688.0,229200,0.0,0.0
2024-09-25 00:00:00+09:00,4631.0,4700.0,4575.0,4627.0,187100,0.0,0.0
2024-09-26 00:00:00+09:00,4670.0,4786.0,4652.0,4769.0,283100,0.0,0.0
2024-09-27 00:00:00+09:00,4674.0,4735.0,4572.0,4650.0,410000,0.0,0.0
2024-09-30 00:00:00+09:00,4510.0,4567.0,4465.0,4539.0,297700,0.0,0.0
2024-10-01 00:00:00+09:00,4540.0,4668.0,4527.0,4647.0,273600,0.0,0.0
2024-10-02 00:00:00+09:00,4638.0,4695.0,4605.0,4624.0,231700,0.0,0.0
2024-10-03 00:00:00+09:00,4694.0,4745.0,4618.0,4679.0,308700,0.0,0.0
2024-10-04 00:00:00+09:00,4671.0,4819.0,4671.0,4774.0,237400,0.0,0.0
2024-10-07 00:00:00+09:00,4798.0,4900.0,4735.0,4855.0,364500,0.0,0.0
2024-10-08 00:00:00+09:00,4789.0,5008.0,4789.0,4970.0,312200,0.0,0.0
2024-10-09 00:00:00+09:00,5053.0,5084.0,4988.0,5030.0,325500,0.0,0.0
2024-10-10 00:00:00+09:00,4998.0,5042.0,4944.0,4969.0,203000,0.0,0.0
2024-10-11 00:00:00+09:00,4940.0,4989.0,4850.0,4855.0,247400,0.0,0.0
2024-10-15 00:00:00+09:00,4903.0,4985.0,4883.0,4957.0,214700,0.0,0.0
2024-10-16 00:00:00+09:00,4957.0,5048.0,4877.0,4877.0,163300,0.0,0.0
2024-10-17 00:00:00+09:00,4890.0,4899.0,4810.0,4843.0,170600,0.0,0.0
2024-10-18 00:00:00+09:00,4882.0,4910.0,4824.0,4824.0,148800,0.0,0.0
2024-10-21 00:00:00+09:00,4824.0,4875.0,4768.0,4768.0,140000,0.0,0.0
2024-10-22 00:00:00+09:00,4768.0,4799.0,4725.0,4725.0,211400,0.0,0.0
2024-10-23 00:00:00+09:00,4733.0,4786.0,4641.0,4642.0,196900,0.0,0.0
2024-10-24 00:00:00+09:00,4642.0,4659.0,4609.0,4634.0,183200,0.0,0.0
2024-10-25 00:00:00+09:00,4669.0,4682.0,4530.0,4562.0,155600,0.0,0.0
2024-10-28 00:00:00+09:00,4545.0,4608.0,4506.0,4558.0,203900,0.0,0.0
2024-10-29 00:00:00+09:00,4575.0,4617.0,4538.0,4568.0,147500,0.0,0.0
2024-10-30 00:00:00+09:00,4599.0,4621.0,4482.0,4530.0,337100,0.0,0.0
2024-10-31 00:00:00+09:00,4530.0,4577.0,4517.0,4557.0,215300,0.0,0.0
2024-11-01 00:00:00+09:00,4497.0,4525.0,4372.0,4375.0,163800,0.0,0.0
2024-11-05 00:00:00+09:00,4400.0,4475.0,4380.0,4433.0,227400,0.0,0.0
2024-11-06 00:00:00+09:00,4443.0,4480.0,4345.0,4345.0,244700,0.0,0.0
2024-11-07 00:00:00+09:00,4359.0,4468.0,4346.0,4381.0,234700,0.0,0.0
2024-11-08 00:00:00+09:00,4357.0,4500.0,4269.0,4390.0,383600,0.0,0.0
2024-11-11 00:00:00+09:00,4352.0,4397.0,4256.0,4366.0,297000,0.0,0.0
2024-11-12 00:00:00+09:00,4345.0,4387.0,4323.0,4379.0,327600,0.0,0.0
2024-11-13 00:00:00+09:00,4349.0,4422.0,4340.0,4366.0,194900,0.0,0.0
2024-11-14 00:00:00+09:00,4348.0,4387.0,4295.0,4323.0,285100,0.0,0.0
2024-11-15 00:00:00+09:00,4377.0,4412.0,4306.0,4312.0,233000,0.0,0.0
2024-11-18 00:00:00+09:00,4250.0,4280.0,4168.0,4190.0,368600,0.0,0.0
2024-11-19 00:00:00+09:00,4230.0,4279.0,4190.0,4203.0,470300,0.0,0.0
2024-11-20 00:00:00+09:00,4203.0,4255.0,4175.0,4213.0,271900,0.0,0.0
2024-11-21 00:00:00+09:00,4252.0,4306.0,4243.0,4294.0,297900,0.0,0.0
2024-11-22 00:00:00+09:00,4294.0,4426.0,4281.0,4400.0,283500,0.0,0.0
2024-11-25 00:00:00+09:00,4401.0,4422.0,4302.0,4302.0,395400,0.0,0.0
2024-11-26 00:00:00+09:00,4303.0,4386.0,4251.0,4256.0,221100,0.0,0.0
2024-11-27 00:00:00+09:00,4282.0,4312.0,4195.0,4217.0,146700,0.0,0.0
2024-11-28 00:00:00+09:00,4218.0,4317.0,4204.0,4291.0,135200,0.0,0.0
2024-11-29 00:00:00+09:00,4291.0,4307.0,4252.0,4274.0,175800,0.0,0.0
2024-12-02 00:00:00+09:00,4263.0,4292.0,4181.0,4284.0,236500,0.0,0.0
2024-12-03 00:00:00+09:00,4307.0,4514.0,4307.0,4398.0,345200,0.0,0.0
2024-12-04 00:00:00+09:00,4354.0,4407.0,4273.0,4338.0,211800,0.0,0.0
2024-12-05 00:00:00+09:00,4342.0,4371.0,4238.0,4266.0,202700,0.0,0.0
2024-12-06 00:00:00+09:00,4266.0,4297.0,4228.0,4259.0,129900,0.0,0.0
2024-12-09 00:00:00+09:00,4273.0,4302.0,4250.0,4302.0,134000,0.0,0.0
2024-12-10 00:00:00+09:00,4325.0,4325.0,4250.0,4288.0,162500,0.0,0.0
2024-12-11 00:00:00+09:00,4277.0,4310.0,4251.0,4310.0,164100,0.0,0.0
2024-12-12 00:00:00+09:00,4348.0,4375.0,4301.0,4348.0,171100,0.0,0.0
2024-12-13 00:00:00+09:00,4305.0,4384.0,4305.0,4335.0,188600,0.0,0.0
2024-12-16 00:00:00+09:00,4325.0,4342.0,4297.0,4322.0,118800,0.0,0.0
2024-12-17 00:00:00+09:00,4339.0,4362.0,4277.0,4294.0,128300,0.0,0.0
2024-12-18 00:00:00+09:00,4294.0,4306.0,4200.0,4232.0,227000,0.0,0.0
2024-12-19 00:00:00+09:00,4176.0,4247.0,4151.0,4247.0,155100,0.0,0.0
2024-12-20 00:00:00+09:00,4262.0,4278.0,4209.0,4228.0,185100,0.0,0.0
2024-12-23 00:00:00+09:00,4230.0,4271.0,4225.0,4232.0,103800,0.0,0.0
2024-12-24 00:00:00+09:00,4232.0,4232.0,4179.0,4198.0,54500,0.0,0.0
2024-12-25 00:00:00+09:00,4184.0,4184.0,4095.0,4160.0,87000,0.0,0.0
2024-12-26 00:00:00+09:00,4170.0,4195.0,4144.0,4195.0,106200,0.0,0.0
2024-12-27 00:00:00+09:00,4199.0,4269.0,4192.0,4260.0,132100,0.0,0.0
