Date,Open,High,Low,Close,Volume,Dividends,Stock Splits
2014-12-26 00:00:00+08:00,43.23234558105469,43.71270293566174,35.39288011391251,43.23234558105469,384171,0.0,0.0
2014-12-29 00:00:00+08:00,55.72169876098633,60.66460012167799,54.3334590114823,55.72169876098633,186974,0.0,0.0
2014-12-30 00:00:00+08:00,54.760982513427734,57.63833282675382,52.95963261276883,54.760982513427734,108842,0.0,0.0
2014-12-31 00:00:00+08:00,52.83953857421875,54.760977664794744,52.123803138395076,52.83953857421875,328171,0.0,0.0
2015-01-05 00:00:00+08:00,59.084228515625,60.0449435592436,53.800270442414586,59.084228515625,125997,0.0,0.0
2015-01-06 00:00:00+08:00,59.910430908203125,61.67335013978666,58.603853132569945,59.910430908203125,79839,0.0,0.0
2015-01-07 00:00:00+08:00,60.04492950439453,60.40520072808554,58.60865793704554,60.04492950439453,17281,0.0,0.0
2015-01-08 00:00:00+08:00,58.59904479980469,61.67814905911567,57.49902225526577,58.59904479980469,49408,0.0,0.0
2015-01-09 00:00:00+08:00,53.800254821777344,58.59904698465825,52.02772810095332,53.800254821777344,32989,0.0,0.0
2015-01-12 00:00:00+08:00,53.800254821777344,55.41426474642773,52.652197131322836,53.800254821777344,34044,0.0,0.0
2015-01-13 00:00:00+08:00,51.88361740112305,55.409455383386096,51.88361740112305,51.88361740112305,32868,0.0,0.0
2015-01-14 00:00:00+08:00,52.57534408569336,52.57534408569336,49.96218852949265,52.57534408569336,71285,0.0,0.0
2015-01-15 00:00:00+08:00,52.57534408569336,52.57534408569336,49.96218852949265,52.57534408569336,31107,0.0,0.0
2015-01-16 00:00:00+08:00,52.57534408569336,52.57534408569336,52.57534408569336,52.57534408569336,172,0.0,0.0
2015-01-19 00:00:00+08:00,52.57534408569336,52.57534408569336,49.96218852949265,52.57534408569336,33663,0.0,0.0
2015-01-20 00:00:00+08:00,51.393653869628906,52.359175614727036,49.95737923637478,51.393653869628906,49441,0.0,0.0
2015-01-21 00:00:00+08:00,50.53382110595703,50.562640908174,48.04075463102182,50.53382110595703,17421,0.0,0.0
2015-01-22 00:00:00+08:00,52.07096481323242,52.07096481323242,49.48182536300437,52.07096481323242,75190,0.0,0.0
2015-01-23 00:00:00+08:00,52.07096481323242,52.07096481323242,52.07096481323242,52.07096481323242,53,0.0,0.0
2015-01-26 00:00:00+08:00,51.59540939331055,54.040437251910156,50.9181013840214,51.59540939331055,59796,0.0,0.0
2015-01-27 00:00:00+08:00,49.52985763549805,52.11899693755456,49.52985763549805,49.52985763549805,44144,0.0,0.0
2015-01-28 00:00:00+08:00,49.95738220214844,49.95738220214844,49.5298605657572,49.95738220214844,8295,0.0,0.0
2015-01-29 00:00:00+08:00,51.39846420288086,51.39846420288086,49.9573855601212,51.39846420288086,31797,0.0,0.0
2015-01-30 00:00:00+08:00,50.437744140625,50.91810475466138,50.437744140625,50.437744140625,13825,0.0,0.0
2015-02-02 00:00:00+08:00,49.52505874633789,50.43773842627776,49.52505874633789,49.52505874633789,17713,0.0,0.0
2015-02-03 00:00:00+08:00,50.43293762207031,50.43293762207031,50.43293762207031,50.43293762207031,3456,0.0,0.0
2015-02-04 00:00:00+08:00,48.996665954589844,50.437741384630385,48.51630536680109,48.996665954589844,57114,0.0,0.0
2015-02-05 00:00:00+08:00,49.236839294433594,49.236839294433594,48.276121390313364,49.236839294433594,9159,0.0,0.0
2015-02-06 00:00:00+08:00,48.7564811706543,49.47702042604969,48.7564811706543,48.7564811706543,21074,0.0,0.0
2015-02-09 00:00:00+08:00,49.47221755981445,49.47221755981445,48.51630341686361,49.47221755981445,8642,0.0,0.0
2015-02-10 00:00:00+08:00,48.180049896240234,48.32415837914606,48.0359414133344,48.180049896240234,22545,0.0,0.0
2015-02-11 00:00:00+08:00,48.035945892333984,48.18005438867687,48.035945892333984,48.035945892333984,3508,0.0,0.0
2015-02-12 00:00:00+08:00,44.67343521118164,48.03595020557344,44.433256473486,44.67343521118164,73099,0.0,0.0
2015-02-13 00:00:00+08:00,44.67343521118164,45.97040546139923,44.05376988793145,44.67343521118164,10543,0.0,0.0
2015-02-24 00:00:00+08:00,48.035945892333984,48.035945892333984,43.71751382968045,48.035945892333984,48387,0.0,0.0
2015-02-25 00:00:00+08:00,48.51630783081055,49.47702588851742,47.07522916091874,48.51630783081055,19095,0.0,0.0
2015-02-26 00:00:00+08:00,48.511497497558594,48.991858045326474,48.03594077693478,48.511497497558594,7033,0.0,0.0
2015-03-02 00:00:00+08:00,48.511497497558594,48.511497497558594,48.511497497558594,48.511497497558594,0,0.0,0.0
2015-03-03 00:00:00+08:00,46.11931228637695,48.511504552140146,46.11931228637695,46.11931228637695,9504,0.0,0.0
2015-03-04 00:00:00+08:00,47.555580139160156,48.035937487369935,46.11930242135878,47.555580139160156,12444,0.0,0.0
2015-03-05 00:00:00+08:00,48.035945892333984,48.035945892333984,47.075227861152925,48.035945892333984,13825,0.0,0.0
2015-03-06 00:00:00+08:00,47.555580139160156,48.035937487369935,47.555580139160156,47.555580139160156,6048,0.0,0.0
2015-03-09 00:00:00+08:00,48.035945892333984,48.035945892333984,46.594867262230935,48.035945892333984,17799,0.0,0.0
2015-03-10 00:00:00+08:00,48.035945892333984,48.035945892333984,48.035945892333984,48.035945892333984,0,0.0,0.0
2015-03-11 00:00:00+08:00,47.555580139160156,47.555580139160156,47.555580139160156,47.555580139160156,1,0.0,0.0
2015-03-12 00:00:00+08:00,48.276123046875,48.511497912295866,48.276123046875,48.276123046875,5357,0.0,0.0
2015-03-13 00:00:00+08:00,48.7564811706543,48.7564811706543,48.516302474410054,48.7564811706543,6912,0.0,0.0
2015-03-16 00:00:00+08:00,48.276123046875,48.516301739480994,48.276123046875,48.276123046875,8640,0.0,0.0
2015-03-17 00:00:00+08:00,48.276123046875,48.276123046875,48.276123046875,48.276123046875,0,0.0,0.0
2015-03-18 00:00:00+08:00,48.035945892333984,48.035945892333984,48.035945892333984,48.035945892333984,13825,0.0,0.0
2015-03-19 00:00:00+08:00,48.996665954589844,48.996665954589844,48.996665954589844,48.996665954589844,2073,0.0,0.0
2015-03-20 00:00:00+08:00,48.70844268798828,48.70844268798828,47.56038505286858,48.70844268798828,3629,0.0,0.0
2015-03-23 00:00:00+08:00,47.7957649230957,48.03594362790313,47.7957649230957,47.7957649230957,6912,0.0,0.0
2015-03-24 00:00:00+08:00,48.035945892333984,48.035945892333984,47.91585653426922,48.035945892333984,8640,0.0,0.0
2015-03-25 00:00:00+08:00,48.991859436035156,48.991859436035156,47.31540288173415,48.991859436035156,8986,0.0,0.0
2015-03-26 00:00:00+08:00,48.991859436035156,48.991859436035156,47.31540288173415,48.991859436035156,3,0.0,0.0
2015-03-27 00:00:00+08:00,46.10970687866211,47.31540747654348,45.153789490305904,46.10970687866211,41526,0.0,0.0
2015-03-30 00:00:00+08:00,46.590057373046875,46.590057373046875,46.1145038303146,46.590057373046875,5357,0.0,0.0
2015-03-31 00:00:00+08:00,46.590057373046875,46.590057373046875,46.590057373046875,46.590057373046875,0,0.0,0.0
2015-04-01 00:00:00+08:00,44.43324661254883,45.63414320117886,44.29394196226859,44.43324661254883,20739,0.0,0.0
2015-04-02 00:00:00+08:00,44.43324661254883,44.43324661254883,44.43324661254883,44.43324661254883,0,0.0,0.0
2015-04-07 00:00:00+08:00,46.10970687866211,46.10970687866211,43.85681933189595,46.10970687866211,6998,0.0,0.0
2015-04-08 00:00:00+08:00,44.67343521118164,44.67343521118164,44.67343521118164,44.67343521118164,1728,0.0,0.0
2015-04-09 00:00:00+08:00,44.19306945800781,44.19306945800781,44.19306945800781,44.19306945800781,1036,0.0,0.0
2015-04-10 00:00:00+08:00,44.67343521118164,44.67343521118164,44.67343521118164,44.67343521118164,1814,0.0,0.0
2015-04-13 00:00:00+08:00,44.913612365722656,44.913612365722656,44.913612365722656,44.913612365722656,5184,0.0,0.0
2015-04-14 00:00:00+08:00,44.67343521118164,45.15379268657292,44.67343521118164,44.67343521118164,10386,0.0,0.0
2015-04-15 00:00:00+08:00,44.67343521118164,44.67343521118164,44.67343521118164,44.67343521118164,3456,0.0,0.0
2015-04-16 00:00:00+08:00,44.67343521118164,44.67343521118164,44.67343521118164,44.67343521118164,0,0.0,0.0
2015-04-17 00:00:00+08:00,44.67343521118164,44.67343521118164,44.67343521118164,44.67343521118164,0,0.0,0.0
2015-04-20 00:00:00+08:00,44.43324661254883,44.43324661254883,44.43324661254883,44.43324661254883,5184,0.0,0.0
2015-04-21 00:00:00+08:00,44.43324661254883,44.43324661254883,44.43324661254883,44.43324661254883,0,0.0,0.0
2015-04-22 00:00:00+08:00,44.43324661254883,44.43324661254883,44.43324661254883,44.43324661254883,0,0.0,0.0
2015-04-23 00:00:00+08:00,46.10970687866211,46.10970687866211,44.67343204891732,46.10970687866211,6917,0.0,0.0
2015-04-24 00:00:00+08:00,44.67343521118164,44.67343521118164,44.67343521118164,44.67343521118164,3456,0.0,0.0
2015-04-27 00:00:00+08:00,44.33717727661133,44.33717727661133,44.19306878618617,44.33717727661133,483875,0.0,0.0
2015-04-28 00:00:00+08:00,44.33717727661133,44.33717727661133,44.33717727661133,44.33717727661133,0,0.0,0.0
2015-04-29 00:00:00+08:00,44.19306945800781,44.19306945800781,44.19306945800781,44.19306945800781,5184,0.0,0.0
2015-04-30 00:00:00+08:00,43.80878448486328,43.80878448486328,43.80878448486328,43.80878448486328,518,0.0,0.0
2015-05-04 00:00:00+08:00,43.80878448486328,43.80878448486328,43.80878448486328,43.80878448486328,0,0.0,0.0
2015-05-05 00:00:00+08:00,43.80878448486328,43.80878448486328,43.80878448486328,43.80878448486328,0,0.0,0.0
2015-05-06 00:00:00+08:00,43.952884674072266,43.952884674072266,43.712702830683135,43.952884674072266,5184,0.0,0.0
2015-05-07 00:00:00+08:00,43.38125991821289,43.38125991821289,43.38125991821289,43.38125991821289,3629,0.0,0.0
2015-05-08 00:00:00+08:00,43.38125991821289,43.38125991821289,43.38125991821289,43.38125991821289,0,0.0,0.0
2015-05-11 00:00:00+08:00,43.38125991821289,43.38125991821289,43.38125991821289,43.38125991821289,0,0.0,0.0
2015-05-12 00:00:00+08:00,43.23234558105469,43.23234558105469,43.23234558105469,43.23234558105469,10368,0.0,0.0
2015-05-13 00:00:00+08:00,43.23234558105469,43.23234558105469,43.23234558105469,43.23234558105469,0,0.0,0.0
2015-05-14 00:00:00+08:00,43.23234558105469,43.23234558105469,43.23234558105469,43.23234558105469,1728,0.0,0.0
2015-05-15 00:00:00+08:00,43.23234558105469,43.23234558105469,43.23234558105469,43.23234558105469,5184,0.0,0.0
2015-05-18 00:00:00+08:00,41.551090240478516,42.21398676134718,40.8305541235879,41.551090240478516,49078,0.0,0.0
2015-05-19 00:00:00+08:00,42.27163314819336,42.27163314819336,41.7912725650713,42.27163314819336,13830,0.0,0.0
2015-05-20 00:00:00+08:00,41.79127502441406,41.79127502441406,41.79127502441406,41.79127502441406,518,0.0,0.0
2015-05-21 00:00:00+08:00,41.79127502441406,41.79127502441406,41.79127502441406,41.79127502441406,0,0.0,0.0
2015-05-22 00:00:00+08:00,41.79127502441406,41.79127502441406,41.79127502441406,41.79127502441406,172,0.0,0.0
2015-05-25 00:00:00+08:00,41.79127502441406,41.79127502441406,41.55109313538735,41.79127502441406,8640,0.0,0.0
2015-05-26 00:00:00+08:00,41.79127502441406,41.79127502441406,41.79127502441406,41.79127502441406,0,0.0,0.0
2015-05-27 00:00:00+08:00,42.26683044433594,42.26683044433594,40.830555650947645,42.26683044433594,15760,0.0,0.0
2015-05-28 00:00:00+08:00,40.59037399291992,41.07073459145411,40.59037399291992,40.59037399291992,10368,0.0,0.0
2015-05-29 00:00:00+08:00,42.27163314819336,42.27163314819336,42.27163314819336,42.27163314819336,1,0.0,0.0
2015-06-01 00:00:00+08:00,40.83055114746094,40.83055114746094,40.83055114746094,40.83055114746094,17,0.0,0.0
2015-06-02 00:00:00+08:00,41.310909271240234,42.27163037444445,41.310909271240234,41.310909271240234,5186,0.0,0.0
2015-06-03 00:00:00+08:00,41.310909271240234,41.310909271240234,41.310909271240234,41.310909271240234,0,0.0,0.0
2015-06-04 00:00:00+08:00,43.08824157714844,43.472528767357566,43.08824157714844,43.08824157714844,24193,0.0,0.0
2015-06-05 00:00:00+08:00,43.08824157714844,43.08824157714844,43.08824157714844,43.08824157714844,0,0.0,0.0
2015-06-08 00:00:00+08:00,43.08824157714844,45.153786016188185,43.08824157714844,43.08824157714844,17281,0.0,0.0
2015-06-09 00:00:00+08:00,43.23234558105469,43.23234558105469,43.23234558105469,43.23234558105469,10368,0.0,0.0
2015-06-10 00:00:00+08:00,43.47252655029297,43.47252655029297,43.47252655029297,43.47252655029297,3456,0.0,0.0
2015-06-11 00:00:00+08:00,43.47252655029297,43.47252655029297,43.47252655029297,43.47252655029297,0,0.0,0.0
2015-06-12 00:00:00+08:00,43.47252655029297,43.47252655029297,43.47252655029297,43.47252655029297,0,0.0,0.0
2015-06-15 00:00:00+08:00,43.47252655029297,43.47252655029297,43.47252655029297,43.47252655029297,0,0.0,0.0
2015-06-16 00:00:00+08:00,43.47252655029297,43.47252655029297,43.47252655029297,43.47252655029297,0,0.0,0.0
2015-06-17 00:00:00+08:00,43.47252655029297,43.47252655029297,43.47252655029297,43.47252655029297,0,0.0,0.0
2015-06-18 00:00:00+08:00,41.310909271240234,42.751987759383944,41.310909271240234,41.310909271240234,15553,0.0,0.0
2015-06-22 00:00:00+08:00,41.310909271240234,41.310909271240234,41.310909271240234,41.310909271240234,0,0.0,0.0
2015-06-23 00:00:00+08:00,41.310909271240234,41.310909271240234,41.310909271240234,41.310909271240234,0,0.0,0.0
2015-06-24 00:00:00+08:00,41.310909271240234,41.310909271240234,41.310909271240234,41.310909271240234,0,0.0,0.0
2015-06-25 00:00:00+08:00,41.310909271240234,41.310909271240234,41.310909271240234,41.310909271240234,0,0.0,0.0
2015-06-26 00:00:00+08:00,40.83055114746094,41.791269066618085,40.20608212501187,40.83055114746094,15553,0.0,0.0
2015-06-29 00:00:00+08:00,40.83055114746094,40.83055114746094,40.83055114746094,40.83055114746094,0,0.0,0.0
2015-06-30 00:00:00+08:00,40.83055114746094,40.83055114746094,40.83055114746094,40.83055114746094,0,0.0,0.0
2015-07-01 00:00:00+08:00,41.01309585571289,41.01309585571289,40.83055988700167,41.01309585571289,6048,0.0,0.0
2015-07-02 00:00:00+08:00,42.27163314819336,42.27163314819336,41.01309051041104,42.27163314819336,17998,0.0,0.0
2015-07-03 00:00:00+08:00,41.83930587768555,41.97380670852057,41.83930587768555,41.83930587768555,3456,0.0,0.0
2015-07-06 00:00:00+08:00,41.83930587768555,41.83930587768555,41.7912707714338,41.83930587768555,8640,0.0,0.0
2015-07-07 00:00:00+08:00,41.83930587768555,41.83930587768555,41.83930587768555,41.83930587768555,0,0.0,0.0
2015-07-08 00:00:00+08:00,41.695194244384766,42.17555477062423,41.11876351289487,41.695194244384766,22465,0.0,0.0
2015-07-09 00:00:00+08:00,40.83055114746094,40.83055114746094,40.83055114746094,40.83055114746094,8640,0.0,0.0
2015-07-10 00:00:00+08:00,40.83055114746094,40.83055114746094,40.83055114746094,40.83055114746094,0,0.0,0.0
2015-07-13 00:00:00+08:00,42.26683044433594,42.26683044433594,42.26683044433594,42.26683044433594,5184,0.0,0.0
2015-07-14 00:00:00+08:00,40.83055114746094,41.310908523708235,40.83055114746094,40.83055114746094,27650,0.0,0.0
2015-07-15 00:00:00+08:00,40.83055114746094,40.83055114746094,40.83055114746094,40.83055114746094,0,0.0,0.0
2015-07-16 00:00:00+08:00,41.310909271240234,41.310909271240234,41.310909271240234,41.310909271240234,3456,0.0,0.0
2015-07-17 00:00:00+08:00,41.310909271240234,41.310909271240234,41.310909271240234,41.310909271240234,0,0.0,0.0
2015-07-20 00:00:00+08:00,41.310909271240234,41.310909271240234,41.310909271240234,41.310909271240234,0,0.0,0.0
2015-07-21 00:00:00+08:00,41.310909271240234,41.310909271240234,41.310909271240234,41.310909271240234,0,0.0,0.0
2015-07-22 00:00:00+08:00,41.310909271240234,41.310909271240234,41.310909271240234,41.310909271240234,0,0.0,0.0
2015-07-23 00:00:00+08:00,40.73448181152344,40.73448181152344,40.73448181152344,40.73448181152344,1728,0.0,0.0
2015-07-24 00:00:00+08:00,41.310909271240234,41.310909271240234,41.310909271240234,41.310909271240234,8640,0.0,0.0
2015-07-27 00:00:00+08:00,40.97465896606445,40.97465896606445,40.830553644375314,40.97465896606445,172812,0.0,0.0
2015-07-28 00:00:00+08:00,41.070735931396484,41.070735931396484,40.83055720762496,41.070735931396484,176320,0.0,0.0
2015-07-29 00:00:00+08:00,42.27163314819336,42.27163314819336,40.83055456549002,42.27163314819336,181850,0.0,0.0
2015-07-30 00:00:00+08:00,42.894954681396484,43.94546579228514,41.80044335424819,42.894954681396484,26004,0.087307,1.1430250000000002
2015-07-31 00:00:00+08:00,46.915496826171875,47.30049791712845,44.550470185659805,46.915496826171875,170918,0.0,0.0
2015-08-03 00:00:00+08:00,46.915496826171875,46.915496826171875,46.75049363967519,46.915496826171875,60475,0.0,0.0
2015-08-04 00:00:00+08:00,45.650489807128906,45.650489807128906,45.650489807128906,45.650489807128906,4535,0.0,0.0
2015-08-05 00:00:00+08:00,46.88799285888672,46.89349328209635,46.88799285888672,46.88799285888672,4535,0.0,0.0
2015-08-06 00:00:00+08:00,46.915496826171875,47.025495778401826,46.75049363967519,46.915496826171875,31749,0.0,0.0
2015-08-07 00:00:00+08:00,46.915496826171875,46.915496826171875,46.915496826171875,46.915496826171875,0,0.0,0.0
2015-08-10 00:00:00+08:00,46.915496826171875,46.915496826171875,46.915496826171875,46.915496826171875,0,0.0,0.0
2015-08-11 00:00:00+08:00,46.915496826171875,46.915496826171875,46.915496826171875,46.915496826171875,0,0.0,0.0
2015-08-12 00:00:00+08:00,46.915496826171875,46.915496826171875,46.915496826171875,46.915496826171875,0,0.0,0.0
2015-08-13 00:00:00+08:00,46.915496826171875,46.915496826171875,46.915496826171875,46.915496826171875,0,0.0,0.0
2015-08-14 00:00:00+08:00,46.915496826171875,46.915496826171875,46.915496826171875,46.915496826171875,0,0.0,0.0
2015-08-17 00:00:00+08:00,46.20049285888672,46.20049285888672,46.20049285888672,46.20049285888672,4535,0.0,0.0
2015-08-18 00:00:00+08:00,46.20049285888672,46.20049285888672,46.20049285888672,46.20049285888672,0,0.0,0.0
2015-08-19 00:00:00+08:00,45.650489807128906,45.650489807128906,45.650489807128906,45.650489807128906,4535,0.0,0.0
2015-08-20 00:00:00+08:00,45.650489807128906,45.650489807128906,45.650489807128906,45.650489807128906,0,0.0,0.0
2015-08-21 00:00:00+08:00,44.000465393066406,44.71547284864532,43.45045794995124,44.000465393066406,17061,0.0,0.0
2015-08-24 00:00:00+08:00,41.800445556640625,42.32295092784229,40.83793482755823,41.800445556640625,15118,0.0,0.0
2015-08-25 00:00:00+08:00,42.07544708251953,42.07544708251953,42.07544708251953,42.07544708251953,907,0.0,0.0
2015-08-26 00:00:00+08:00,42.35044860839844,42.35044860839844,42.07544645748513,42.35044860839844,15118,0.0,0.0
2015-08-27 00:00:00+08:00,42.35044860839844,42.35044860839844,42.35044860839844,42.35044860839844,1511,0.0,0.0
2015-08-28 00:00:00+08:00,42.35044860839844,42.35044860839844,42.35044860839844,42.35044860839844,0,0.0,0.0
2015-08-31 00:00:00+08:00,42.894954681396484,42.894954681396484,42.894954681396484,42.894954681396484,1,0.0,0.0
2015-09-01 00:00:00+08:00,42.894954681396484,42.894954681396484,42.894954681396484,42.894954681396484,0,0.0,0.0
2015-09-02 00:00:00+08:00,44.27546691894531,44.27546691894531,42.89495266495511,44.27546691894531,9072,0.0,0.0
2015-09-03 00:00:00+08:00,44.000465393066406,44.000465393066406,44.000465393066406,44.000465393066406,6047,0.0,0.0
2015-09-04 00:00:00+08:00,44.54497146606445,44.54497146606445,44.54497146606445,44.54497146606445,4535,0.0,0.0
2015-09-07 00:00:00+08:00,43.725467681884766,43.725467681884766,43.450465498601616,43.725467681884766,6047,0.0,0.0
2015-09-08 00:00:00+08:00,44.54497146606445,44.54497146606445,44.27546974045613,44.54497146606445,18142,0.0,0.0
2015-09-09 00:00:00+08:00,44.54497146606445,44.54497146606445,44.54497146606445,44.54497146606445,0,0.0,0.0
2015-09-10 00:00:00+08:00,44.54497146606445,44.54497146606445,44.54497146606445,44.54497146606445,0,0.0,0.0
2015-09-11 00:00:00+08:00,44.54497146606445,44.54497146606445,43.72546226986409,44.54497146606445,2425,0.0,0.0
2015-09-14 00:00:00+08:00,44.000465393066406,44.000465393066406,43.45045794995124,44.000465393066406,7781,0.0,0.0
2015-09-15 00:00:00+08:00,43.725467681884766,44.0004730372696,43.450465498601616,43.725467681884766,8211,0.0,0.0
2015-09-16 00:00:00+08:00,43.725467681884766,43.725467681884766,43.725467681884766,43.725467681884766,0,0.0,0.0
2015-09-17 00:00:00+08:00,43.725467681884766,43.725467681884766,43.725467681884766,43.725467681884766,0,0.0,0.0
2015-09-18 00:00:00+08:00,44.000465393066406,44.275467528573415,44.000465393066406,44.000465393066406,10583,0.0,0.0
2015-09-21 00:00:00+08:00,43.450462341308594,43.450462341308594,43.450462341308594,43.450462341308594,1511,0.0,0.0
2015-09-22 00:00:00+08:00,43.450462341308594,43.450462341308594,43.450462341308594,43.450462341308594,1511,0.0,0.0
2015-09-23 00:00:00+08:00,43.450462341308594,43.450462341308594,43.450462341308594,43.450462341308594,1511,0.0,0.0
2015-09-24 00:00:00+08:00,43.450462341308594,43.450462341308594,43.450462341308594,43.450462341308594,1728,0.0,0.0
2015-09-25 00:00:00+08:00,44.55047607421875,44.55047607421875,43.45046420181452,44.55047607421875,3023,0.0,0.0
2015-09-29 00:00:00+08:00,44.55047607421875,44.55047607421875,44.55047607421875,44.55047607421875,0,0.0,0.0
2015-09-30 00:00:00+08:00,44.55047607421875,44.55047607421875,44.55047607421875,44.55047607421875,0,0.0,0.0
2015-10-01 00:00:00+08:00,44.55047607421875,44.55047607421875,44.55047607421875,44.55047607421875,0,0.0,0.0
2015-10-02 00:00:00+08:00,46.31049346923828,46.31049346923828,44.54497472050096,46.31049346923828,30237,0.0,0.0
2015-10-05 00:00:00+08:00,47.46550369262695,47.46550369262695,46.75049618967699,47.46550369262695,7559,0.0,0.0
2015-10-06 00:00:00+08:00,47.751502990722656,47.751502990722656,46.750492564220124,47.751502990722656,322038,0.0,0.0
2015-10-07 00:00:00+08:00,47.85050582885742,47.85050582885742,47.57550368747462,47.85050582885742,4538,0.0,0.0
2015-10-08 00:00:00+08:00,47.85050582885742,47.85050582885742,46.20048980845943,47.85050582885742,15121,0.0,0.0
2015-10-12 00:00:00+08:00,47.751502990722656,47.751502990722656,47.751502990722656,47.751502990722656,4535,0.0,0.0
2015-10-13 00:00:00+08:00,50.65553665161133,50.65553665161133,50.36403322826823,50.65553665161133,3025,0.0,0.0
2015-10-14 00:00:00+08:00,50.65553665161133,50.65553665161133,50.65553665161133,50.65553665161133,0,0.0,0.0
2015-10-15 00:00:00+08:00,50.65553665161133,50.65553665161133,50.65553665161133,50.65553665161133,0,0.0,0.0
2015-10-16 00:00:00+08:00,50.65553665161133,50.65553665161133,49.50052380563329,50.65553665161133,9072,0.0,0.0
2015-10-19 00:00:00+08:00,48.125511169433594,48.15301328866082,48.125511169433594,48.125511169433594,9071,0.0,0.0
2015-10-20 00:00:00+08:00,48.125511169433594,48.125511169433594,48.125511169433594,48.125511169433594,0,0.0,0.0
2015-10-21 00:00:00+08:00,48.125511169433594,48.125511169433594,48.125511169433594,48.125511169433594,0,0.0,0.0
2015-10-22 00:00:00+08:00,48.04851531982422,48.04851531982422,48.04851531982422,48.04851531982422,863,0.0,0.0
2015-10-23 00:00:00+08:00,45.771484375,48.04300696410676,45.771484375,45.771484375,11446,0.0,0.0
2015-10-26 00:00:00+08:00,48.043006896972656,48.043006896972656,48.043006896972656,48.043006896972656,133,0.0,0.0
2015-10-27 00:00:00+08:00,48.043006896972656,48.043006896972656,48.043006896972656,48.043006896972656,0,0.0,0.0
2015-10-28 00:00:00+08:00,48.043006896972656,48.043006896972656,48.043006896972656,48.043006896972656,0,0.0,0.0
2015-10-29 00:00:00+08:00,45.92549133300781,45.92549133300781,45.4854891101221,45.92549133300781,7559,0.0,0.0
2015-10-30 00:00:00+08:00,45.66148376464844,45.66148376464844,45.66148376464844,45.66148376464844,1511,0.0,0.0
2015-11-02 00:00:00+08:00,47.46550369262695,47.46550369262695,47.46550369262695,47.46550369262695,1,0.0,0.0
2015-11-03 00:00:00+08:00,47.46550369262695,47.46550369262695,47.46550369262695,47.46550369262695,0,0.0,0.0
2015-11-04 00:00:00+08:00,48.67551803588867,48.67551803588867,46.750496598755376,48.67551803588867,42549,0.0,0.0
2015-11-05 00:00:00+08:00,48.4005126953125,48.4005126953125,48.4005126953125,48.4005126953125,1511,0.0,0.0
2015-11-06 00:00:00+08:00,48.42802047729492,48.42802047729492,47.85051397876927,48.42802047729492,3182,0.0,0.0
2015-11-09 00:00:00+08:00,47.57550811767578,47.57550811767578,47.57550811767578,47.57550811767578,1511,0.0,0.0
2015-11-10 00:00:00+08:00,47.57550811767578,47.850510284666605,47.57550811767578,47.57550811767578,7559,0.0,0.0
2015-11-11 00:00:00+08:00,47.57550811767578,47.57550811767578,47.57550811767578,47.57550811767578,4535,0.0,0.0
2015-11-12 00:00:00+08:00,47.30050277709961,47.30050277709961,47.30050277709961,47.30050277709961,6047,0.0,0.0
2015-11-13 00:00:00+08:00,46.20049285888672,48.923021851376625,46.20049285888672,46.20049285888672,38022,0.0,0.0
2015-11-16 00:00:00+08:00,47.57550811767578,47.57550811767578,46.20049411062015,47.57550811767578,15118,0.0,0.0
2015-11-17 00:00:00+08:00,46.475494384765625,47.79550727024154,46.475494384765625,46.475494384765625,2267,0.0,0.0
2015-11-18 00:00:00+08:00,47.30050277709961,47.79550921534876,47.30050277709961,47.30050277709961,1519,0.0,0.0
2015-11-19 00:00:00+08:00,46.75049591064453,47.300500214815,46.475493758559296,46.75049591064453,6540,0.0,0.0
2015-11-20 00:00:00+08:00,46.75049591064453,47.84500726739294,46.75049591064453,46.75049591064453,12093,0.0,0.0
2015-11-23 00:00:00+08:00,50.875545501708984,50.875545501708984,47.74050989801564,50.875545501708984,50292,0.0,0.0
2015-11-24 00:00:00+08:00,49.50052261352539,51.42554397712901,49.50052261352539,49.50052261352539,44375,0.0,0.0
2015-11-25 00:00:00+08:00,49.50052261352539,51.42554397712901,48.12550871328048,49.50052261352539,41944,0.0,0.0
2015-11-26 00:00:00+08:00,50.05052947998047,51.52454464260878,49.500522023181155,50.05052947998047,25702,0.0,0.0
2015-11-27 00:00:00+08:00,48.95051956176758,49.500523866951966,47.85600820300148,48.95051956176758,28952,0.0,0.0
2015-11-30 00:00:00+08:00,48.4005126953125,48.950520179539495,47.30050089895988,48.4005126953125,48531,0.0,0.0
2015-12-01 00:00:00+08:00,50.60054016113281,51.75554986701827,48.95052085769404,50.60054016113281,57534,0.0,0.0
2015-12-02 00:00:00+08:00,54.45058059692383,58.85062789834411,50.600540794231804,54.45058059692383,174854,0.0,0.0
2015-12-03 00:00:00+08:00,57.89362335205078,61.05065763737855,55.00059040852728,57.89362335205078,132021,0.0,0.0
2015-12-04 00:00:00+08:00,57.75061798095703,59.95064182519366,55.5560945611227,57.75061798095703,75987,0.0,0.0
2015-12-07 00:00:00+08:00,61.05065155029296,62.97567303772876,56.37560208546442,61.05065155029297,209850,0.0,0.0
2015-12-08 00:00:00+08:00,59.40063095092773,62.00216011507414,57.486610352420385,59.400630950927734,149223,0.0,0.0
2015-12-09 00:00:00+08:00,66.00069427490234,80.02584077738626,60.500639062078,66.00069427490234,964619,0.0,0.0
2015-12-10 00:00:00+08:00,67.92572784423828,72.60077752782045,64.90069756198015,67.92572784423828,328022,0.0,0.0
2015-12-11 00:00:00+08:00,66.54520416259766,68.77823025892694,63.27816820116214,66.54520416259766,102580,0.0,0.0
2015-12-14 00:00:00+08:00,67.64522552490234,67.64522552490234,64.35068713274323,67.64522552490234,49747,0.0,0.0
2015-12-15 00:00:00+08:00,61.60066223144531,67.64522905669004,59.40063835374357,61.60066223144531,129402,0.0,0.0
2015-12-16 00:00:00+08:00,62.15066146850585,65.17569801498831,60.50614253483711,62.15066146850586,71829,0.0,0.0
2015-12-17 00:00:00+08:00,62.15066146850585,64.79069370966525,61.60615755470429,62.15066146850586,48244,0.0,0.0
2015-12-18 00:00:00+08:00,65.45071411132812,68.750747184746,62.15067469370587,65.45071411132812,295699,0.0,0.0
2015-12-21 00:00:00+08:00,68.09071350097656,68.2007156170605,64.90617793436438,68.09071350097656,85090,0.0,0.0
2015-12-22 00:00:00+08:00,66.00069427490234,68.09071550954367,63.80617134410874,66.00069427490234,108261,0.0,0.0
2015-12-23 00:00:00+08:00,66.00069427490234,67.10070277978639,63.80617134410874,66.00069427490234,116401,0.0,0.0
2015-12-24 00:00:00+08:00,70.95075225830078,72.36426599155742,66.0007008079407,70.95075225830078,447272,0.0,0.0
2015-12-25 00:00:00+08:00,66.00069427490234,72.60076433681279,63.80617134410874,66.00069427490234,400443,0.0,0.0
2015-12-28 00:00:00+08:00,68.750732421875,68.750732421875,65.45620048109417,68.750732421875,197313,0.0,0.0
2015-12-29 00:00:00+08:00,61.050650239620936,65.45069744666765,58.85062663609759,59.400630950927734,1717504,0.0,0.0
2015-12-30 00:00:00+08:00,61.050651693092036,61.050651693092036,53.40556996465235,54.945587158203125,791246,0.0,0.0
2015-12-31 00:00:00+08:00,53.90057718188966,54.72558368578278,52.36055996592675,52.6905632019043,421363,0.0,0.0
2016-01-04 00:00:00+08:00,54.39558053597254,54.39558053597254,52.6905663580436,52.96556854248047,731768,0.0,0.0
2016-01-05 00:00:00+08:00,51.26055052028967,51.42555055994753,47.85051269284123,47.905513763427734,806187,0.0,0.0
2016-01-06 00:00:00+08:00,48.40051011162302,49.55552291195222,47.02549623260783,47.85050582885742,503730,0.0,0.0
2016-01-07 00:00:00+08:00,47.5755015312241,47.850503660143055,43.89046221856647,44.770469665527344,479419,0.0,0.0
2016-01-08 00:00:00+08:00,44.000471086819054,45.15548083982941,44.000471086819054,44.825477600097656,189214,0.0,0.0
2016-01-11 00:00:00+08:00,44.825475502516355,44.825475502516355,40.42542828252187,41.30543899536133,370714,0.0,0.0
2016-01-12 00:00:00+08:00,41.69044615271066,42.62545482381312,40.3154320949299,40.37042999267578,167819,0.0,0.0
2016-01-13 00:00:00+08:00,40.645436193458806,41.52544381315045,40.48043298045943,41.08544158935547,185989,0.0,0.0
2016-01-14 00:00:00+08:00,40.31542785612433,40.31542785612433,39.16041502707115,39.43541717529297,139547,0.0,0.0
2016-01-15 00:00:00+08:00,39.710421236530586,40.040427636816084,38.11540616232451,38.33540725708008,273954,0.0,0.0
2016-01-18 00:00:00+08:00,38.50040885649494,42.13044738769531,38.50040885649494,42.13044738769531,302610,0.0,0.0
2016-01-19 00:00:00+08:00,42.405458497385496,45.92549564346336,42.3504574213371,44.44047927856445,465898,0.0,0.0
2016-01-20 00:00:00+08:00,44.05546463576667,44.825473176520056,42.35044753672773,43.39545822143555,225271,0.0,0.0
2016-01-21 00:00:00+08:00,44.60547649764367,45.4854872516627,43.505464641170654,44.825477600097656,260120,0.0,0.0
2016-01-22 00:00:00+08:00,45.32047990920947,45.32047990920947,44.00046707076401,44.38547134399414,84665,0.0,0.0
2016-01-25 00:00:00+08:00,44.00046984001072,44.220470936230704,42.900458014707915,43.450462341308594,63499,0.0,0.0
2016-01-26 00:00:00+08:00,42.90045864806935,43.17546081542969,42.79045651228462,43.17546081542969,24190,0.0,0.0
2016-01-27 00:00:00+08:00,43.17546134398815,43.17546134398815,42.35045165970579,42.405452728271484,81641,0.0,0.0
2016-01-28 00:00:00+08:00,42.4054520894567,43.83546716221625,42.4054520894567,42.95545959472656,38099,0.0,0.0
2016-01-29 00:00:00+08:00,42.79044893833799,44.66046905517578,42.405444703339,44.66046905517578,108855,0.0,0.0
2016-02-01 00:00:00+08:00,47.02549814941957,50.05053134423768,47.02549814941957,48.95051956176758,254210,0.0,0.0
2016-02-02 00:00:00+08:00,48.67551745774343,48.67551745774343,46.31049069562731,46.970497131347656,93737,0.0,0.0
2016-02-03 00:00:00+08:00,45.815488300857886,47.02549906465392,45.15547868084932,45.4854850769043,71058,0.0,0.0
2016-02-15 00:00:00+08:00,45.4854850769043,45.6504851028304,45.4854850769043,45.4854850769043,51404,0.0,0.0
2016-02-16 00:00:00+08:00,45.48548479210916,45.48548479210916,44.330471929452706,44.4954719543457,63801,0.0,0.0
2016-02-17 00:00:00+08:00,44.495477972437165,45.15548450547893,44.1104736328125,44.1104736328125,87689,0.0,0.0
2016-02-18 00:00:00+08:00,44.55046693886152,45.375476467016625,44.33046587833393,44.66046905517578,66554,0.0,0.0
2016-02-19 00:00:00+08:00,44.660473628486606,44.825473647753356,44.000467207217085,44.605472564697266,75594,0.0,0.0
2016-02-22 00:00:00+08:00,44.00046723503184,44.00046723503184,42.075445861694455,42.900455474853516,126998,0.0,0.0
2016-02-23 00:00:00+08:00,42.95545651705587,42.95545651705587,42.35044798739651,42.625450134277344,28725,0.0,0.0
2016-02-24 00:00:00+08:00,42.07544695070571,42.57045336583333,41.80044479656875,41.855445861816406,42332,0.0,0.0
2016-02-25 00:00:00+08:00,41.85544432126159,42.350447546068494,41.250435797906924,41.6904411315918,60475,0.0,0.0
2016-02-26 00:00:00+08:00,41.360440824344884,41.360440824344884,41.14043972812766,41.25043869018555,21166,0.0,0.0
2016-03-01 00:00:00+08:00,41.58043943844913,42.68045119807377,41.58043943844913,42.625450134277344,57451,0.0,0.0
2016-03-02 00:00:00+08:00,43.17545760014029,43.34045761942829,42.35044798739651,42.625450134277344,45356,0.0,0.0
2016-03-03 00:00:00+08:00,43.78046593074473,46.86050033569336,43.670466967783334,46.86050033569336,524776,0.0,0.0
2016-03-04 00:00:00+08:00,47.68550708121121,49.00552319254987,45.8154898079924,47.57550811767578,478765,0.0,0.0
2016-03-07 00:00:00+08:00,45.98048740796837,46.47549382005787,44.550472408711286,45.04547882080078,149752,0.0,0.0
2016-03-08 00:00:00+08:00,43.61546113451613,44.82547179958745,43.50545901147287,44.000465393066406,371924,0.0,0.0
2016-03-09 00:00:00+08:00,44.00047073380734,44.00047073380734,43.34046108753749,43.89046859741211,33261,0.0,0.0
2016-03-10 00:00:00+08:00,43.890462665696155,45.59547968888465,43.505458412447,44.27546691894531,72570,0.0,0.0
2016-03-11 00:00:00+08:00,43.890471749352784,45.210484792484564,43.890471749352784,44.16547393798828,58963,0.0,0.0
2016-03-14 00:00:00+08:00,44.93547373703871,44.93547373703871,43.50545883178711,43.50545883178711,60475,0.0,0.0
2016-03-15 00:00:00+08:00,44.440467983013505,44.440467983013505,43.2304573059082,43.2304573059082,40972,0.0,0.0
2016-03-16 00:00:00+08:00,43.450462341308594,44.16546986915034,43.450462341308594,43.450462341308594,51404,0.0,0.0
2016-03-17 00:00:00+08:00,44.22047517146655,47.79551315307617,44.110473026770336,47.79551315307617,758839,0.0,0.0
2016-03-18 00:00:00+08:00,47.575511182418865,49.005526349412385,46.750501456199,47.355506896972656,491405,0.0,0.0
2016-03-21 00:00:00+08:00,46.97049128014355,46.97049128014355,45.54047645685538,46.145484924316406,81817,0.0,0.0
2016-03-22 00:00:00+08:00,45.54048066944336,45.760484922362195,45.37548065185547,45.37548065185547,53343,0.0,0.0
2016-03-23 00:00:00+08:00,45.3754792427026,45.3754792427026,43.50545901147287,44.000465393066406,192209,0.0,0.0
2016-03-24 00:00:00+08:00,43.670466609630026,43.78046557168929,43.06545804384754,43.450462341308594,71515,0.0,0.0
2016-03-25 00:00:00+08:00,44.0004730372696,44.05547093624488,43.50546656967858,43.725467681884766,71058,0.0,0.0
2016-03-28 00:00:00+08:00,44.5504774038359,44.5504774038359,43.725467681884766,43.725467681884766,95248,0.0,0.0
2016-03-29 00:00:00+08:00,44.00046984001072,44.550474166611394,42.900458014707915,43.450462341308594,110367,0.0,0.0
2016-03-30 00:00:00+08:00,42.515453717246864,44.00046984001072,42.515453717246864,43.450462341308594,81641,0.0,0.0
2016-03-31 00:00:00+08:00,43.45046130959171,43.45046130959171,42.79045486450195,42.79045486450195,131534,0.0,0.0
2016-04-01 00:00:00+08:00,42.79045486450195,42.79045486450195,42.1304484194122,42.79045486450195,122462,0.0,0.0
2016-04-06 00:00:00+08:00,42.185449485186574,42.90045699605071,42.1304484194122,42.79045486450195,40820,0.0,0.0
2016-04-07 00:00:00+08:00,44.55047607421875,46.035492260569534,44.385476038013984,44.55047607421875,163412,0.0,0.0
2016-04-08 00:00:00+08:00,43.7254604046351,45.65048171143828,43.7254604046351,44.71547317504883,137733,0.0,0.0
2016-04-11 00:00:00+08:00,45.100477107195594,45.15547499661609,44.000465393066406,44.000465393066406,66523,0.0,0.0
2016-04-12 00:00:00+08:00,44.55047693840507,45.10048447132698,44.11047154648788,44.990482330322266,117945,0.0,0.0
2016-04-13 00:00:00+08:00,44.93548221953079,46.200497351797615,44.385477846963795,45.650489807128906,134558,0.0,0.0
2016-04-14 00:00:00+08:00,46.145492175746284,48.67551904314698,45.65048574678257,47.135501861572266,421922,0.0,0.0
2016-04-15 00:00:00+08:00,46.42049088714543,49.50052184925542,46.20048980845943,47.85050582885742,261707,0.0,0.0
2016-04-18 00:00:00+08:00,47.30050277858346,47.57550811767578,46.47549627761098,47.57550811767578,82750,0.0,0.0
2016-04-19 00:00:00+08:00,47.57551165477401,47.85051384221044,46.200497545490165,46.36549758911133,113391,0.0,0.0
2016-04-20 00:00:00+08:00,46.36549739472702,46.640499581010516,45.595488735451866,45.650489807128906,58963,0.0,0.0
2016-04-21 00:00:00+08:00,45.26547774100831,45.650482004843454,45.15547561645508,45.15547561645508,22678,0.0,0.0
2016-04-22 00:00:00+08:00,45.265480812867644,45.92548726077482,45.21047974685848,45.4854850769043,37797,0.0,0.0
2016-04-25 00:00:00+08:00,45.4854891101221,46.53049994065359,45.4854891101221,45.92549133300781,13608,0.0,0.0
2016-04-26 00:00:00+08:00,45.9254833750509,45.9254833750509,44.99047484830974,45.21047592163086,12099,0.0,0.0
2016-04-27 00:00:00+08:00,45.21048202381853,46.200494917641244,45.21048202381853,45.32048416137695,55939,0.0,0.0
2016-04-28 00:00:00+08:00,45.430484771728516,46.20049336454951,45.430484771728516,45.430484771728516,77538,0.0,0.0
2016-04-29 00:00:00+08:00,45.155479437077126,45.430484771728516,45.100481542248296,45.430484771728516,19659,0.0,0.0
2016-05-03 00:00:00+08:00,45.430484771728516,46.20049336454951,45.430484771728516,45.430484771728516,31770,0.0,0.0
2016-05-04 00:00:00+08:00,45.59547922438528,45.59547922438528,44.770469665527344,44.770469665527344,43844,0.0,0.0
2016-05-05 00:00:00+08:00,44.33046752809744,44.770469665527344,44.110463287281426,44.770469665527344,33261,0.0,0.0
2016-05-06 00:00:00+08:00,44.770473211093936,44.770473211093936,44.33047103881836,44.33047103881836,20735,0.0,0.0
2016-05-09 00:00:00+08:00,44.275467528573415,44.275467528573415,43.78046114697989,44.000465393066406,90726,0.0,0.0
2016-05-10 00:00:00+08:00,43.615464148497445,43.78046417236328,43.615464148497445,43.78046417236328,13606,0.0,0.0
2016-05-11 00:00:00+08:00,43.670468906303256,43.670468906303256,43.45046462641158,43.56046676635742,27213,0.0,0.0
2016-05-12 00:00:00+08:00,43.50546559170111,43.50546559170111,43.065460205078125,43.065460205078125,57664,0.0,0.0
2016-05-13 00:00:00+08:00,42.900455453259454,43.065455472547455,42.625450134277344,42.625450134277344,61987,0.0,0.0
2016-05-16 00:00:00+08:00,42.35045200064296,43.6154670715332,42.35045200064296,43.6154670715332,9184,0.0,0.0
2016-05-17 00:00:00+08:00,43.72546191591131,43.72546191591131,42.900455474853516,42.900455474853516,27213,0.0,0.0
2016-05-18 00:00:00+08:00,43.010454430400465,43.010454430400465,42.625450155732985,42.900455474853516,30886,0.0,0.0
2016-05-19 00:00:00+08:00,42.62544923455524,42.62544923455524,42.46044921875,42.46044921875,24840,0.0,0.0
2016-05-20 00:00:00+08:00,42.35045165970579,42.90045917326121,42.35045165970579,42.405452728271484,6047,0.0,0.0
2016-05-23 00:00:00+08:00,42.515451200186035,42.900455474853516,42.515451200186035,42.900455474853516,33276,0.0,0.0
2016-05-24 00:00:00+08:00,42.73545455932617,42.73545455932617,42.73545455932617,42.73545455932617,4535,0.0,0.0
2016-05-25 00:00:00+08:00,44.385468588301435,44.770469665527344,44.000464338974474,44.770469665527344,40836,0.0,0.0
2016-05-26 00:00:00+08:00,44.495477385425254,44.8804817199707,44.27547626801432,44.8804817199707,21695,0.0,0.0
2016-05-27 00:00:00+08:00,45.15548083982941,45.21048190846829,44.38547539518969,44.825477600097656,33320,0.0,0.0
2016-05-30 00:00:00+08:00,45.10048478602085,46.475498869767456,44.770478360704054,45.92549133300781,108855,0.0,0.0
2016-05-31 00:00:00+08:00,45.81549060828831,45.81549060828831,44.71547874900872,45.32048416137695,54432,0.0,0.0
2016-06-01 00:00:00+08:00,45.100476486207945,45.100476486207945,44.27546691894531,44.27546691894531,42332,0.0,0.0
2016-06-02 00:00:00+08:00,44.71547223295879,44.71547223295879,44.0004647872248,44.27546691894531,95248,0.0,0.0
2016-06-03 00:00:00+08:00,44.27546966300014,44.27546966300014,43.06545576749548,43.340457916259766,51794,0.0,0.0
2016-06-06 00:00:00+08:00,44.00046521133617,44.00046521133617,43.50545883178711,43.50545883178711,3176,0.0,0.0
2016-06-07 00:00:00+08:00,43.50545883178711,43.50545883178711,43.50545883178711,43.50545883178711,0,0.0,0.0
2016-06-08 00:00:00+08:00,43.72546359822547,43.72546359822547,43.01045608520508,43.01045608520508,22678,0.0,0.0
2016-06-13 00:00:00+08:00,43.010457611752585,43.17546081542969,42.51545434492429,43.17546081542969,38229,0.0,0.0
2016-06-14 00:00:00+08:00,43.67046978290948,43.725467681884766,43.67046978290948,43.725467681884766,3023,0.0,0.0
2016-06-15 00:00:00+08:00,43.17545762187278,43.17545762187278,42.900455474853516,42.900455474853516,7559,0.0,0.0
2016-06-16 00:00:00+08:00,42.90046027088563,43.56046676635742,42.90046027088563,43.56046676635742,12095,0.0,0.0
2016-06-17 00:00:00+08:00,43.72546052032359,44.000465830666755,43.2304573059082,43.2304573059082,7559,0.0,0.0
2016-06-20 00:00:00+08:00,43.2304573059082,43.2304573059082,43.2304573059082,43.2304573059082,0,0.0,0.0
2016-06-21 00:00:00+08:00,43.340457916259766,43.340457916259766,43.340457916259766,43.340457916259766,4535,0.0,0.0
2016-06-22 00:00:00+08:00,43.39546038558798,43.39546038558798,43.28546142578125,43.28546142578125,37797,0.0,0.0
2016-06-23 00:00:00+08:00,43.45045990745237,43.45045990745237,42.95545667565941,43.12045669555664,19654,0.0,0.0
2016-06-24 00:00:00+08:00,43.12045653634387,43.17545760014029,42.625450134277344,42.625450134277344,60475,0.0,0.0
2016-06-27 00:00:00+08:00,42.570456808001865,42.90046005406995,42.46045466861197,42.845458984375,61772,0.0,0.0
2016-06-28 00:00:00+08:00,42.7354513598262,42.7354513598262,42.46044921875,42.46044921875,36382,0.0,0.0
2016-06-29 00:00:00+08:00,42.62545166717883,43.45046130959171,42.62545166717883,42.79045486450195,16630,0.0,0.0
2016-06-30 00:00:00+08:00,42.84545454766041,43.12045669555664,42.405449207765685,43.12045669555664,45356,0.0,0.0
2016-07-01 00:00:00+08:00,43.1204591109279,43.56046447546931,42.900458014707915,43.450462341308594,13606,0.0,0.0
2016-07-04 00:00:00+08:00,43.45046452186054,43.45046452186054,42.90046016765801,43.065460205078125,16630,0.0,0.0
2016-07-05 00:00:00+08:00,44.00047204816467,44.00047204816467,42.90046016765801,43.065460205078125,16630,0.0,0.0
2016-07-06 00:00:00+08:00,43.17545887461486,43.17545887461486,41.74544386210107,42.07544708251953,18142,0.0,0.0
2016-07-07 00:00:00+08:00,42.07545166344918,42.07545166344918,42.020450592041016,42.020450592041016,48380,0.0,0.0
2016-07-11 00:00:00+08:00,42.130448147939504,42.130448147939504,41.30543851084267,42.07544708251953,24190,0.0,0.0
2016-07-12 00:00:00+08:00,42.07544937074607,42.350451540700256,42.07544937074607,42.18545150756836,21166,0.0,0.0
2016-07-13 00:00:00+08:00,41.910441451339935,41.910441451339935,41.52543718786954,41.74544143676758,19654,0.0,0.0
2016-07-14 00:00:00+08:00,40.70043747774647,41.69044724462579,40.590435335170426,41.52544403076172,45154,0.0,0.0
2016-07-15 00:00:00+08:00,41.52544689055572,41.52544689055572,41.030443559076794,41.140445709228516,22723,0.0,0.0
2016-07-18 00:00:00+08:00,41.305439132512134,41.800445556640625,41.14043910587024,41.800445556640625,48531,0.0,0.0
2016-07-19 00:00:00+08:00,41.800445556640625,42.29544880866771,41.800445556640625,41.800445556640625,35030,0.0,0.0
2016-07-20 00:00:00+08:00,42.90045694029204,43.3954601874153,41.800445142538365,40.590431213378906,57530,0.0,0.0
2016-07-21 00:00:00+08:00,42.29114870293877,43.254886627197266,42.29114870293877,43.254886627197266,31840,1.455134,0.0
2016-07-22 00:00:00+08:00,43.08481466472871,43.08481466472871,42.68798065185547,42.68798065185547,18142,0.0,0.0
2016-07-25 00:00:00+08:00,42.744672996103574,43.084815979003906,42.40453001320324,43.084815979003906,18142,0.0,0.0
2016-07-26 00:00:00+08:00,43.93517774823131,44.16194194723686,43.42496483960601,43.65172576904297,55939,0.0,0.0
2016-07-27 00:00:00+08:00,43.31157849953453,43.31157849953453,43.19819641113281,43.19819641113281,13644,0.0,0.0
2016-07-28 00:00:00+08:00,42.51791046238284,42.971435546875,42.51791046238284,42.971435546875,7559,0.0,0.0
2016-07-29 00:00:00+08:00,42.80136656190934,43.65172576904297,42.687987731975156,43.65172576904297,9524,0.0,0.0
2016-08-01 00:00:00+08:00,41.951008555308626,43.5383415222168,41.951008555308626,43.5383415222168,18142,0.0,0.0
2016-08-02 00:00:00+08:00,43.5383415222168,43.5383415222168,43.5383415222168,43.5383415222168,0,0.0,0.0
2016-08-03 00:00:00+08:00,43.53833861230047,43.53833861230047,42.51790964401023,43.02812576293945,24190,0.0,0.0
2016-08-04 00:00:00+08:00,42.517908384940306,43.02812448876065,42.3478385300456,42.4045295715332,23745,0.0,0.0
2016-08-05 00:00:00+08:00,42.40453001320324,43.084815979003906,42.347838971125164,43.084815979003906,28725,0.0,0.0
2016-08-08 00:00:00+08:00,43.14151118397214,43.14151118397214,42.80136489868164,42.80136489868164,15118,0.0,0.0
2016-08-09 00:00:00+08:00,42.801359802220844,42.801359802220844,41.667548794963494,42.177764892578125,133046,0.0,0.0
2016-08-10 00:00:00+08:00,42.51791210558898,42.51791210558898,41.66755294799805,41.66755294799805,10583,0.0,0.0
2016-08-11 00:00:00+08:00,40.703814671887336,40.703814671887336,39.11647846111414,39.34324264526367,62123,0.0,0.0
2016-08-12 00:00:00+08:00,39.399932861328125,39.399932861328125,39.28655077164179,39.399932861328125,40820,0.0,0.0
2016-08-15 00:00:00+08:00,39.1164815078184,39.1164815078184,37.52914844297939,38.209434509277344,16630,0.0,0.0
2016-08-16 00:00:00+08:00,35.71504305882654,38.266117095947266,34.4111621536714,38.266117095947266,105938,0.0,0.0
2016-08-17 00:00:00+08:00,38.266113092644325,38.49287723995178,35.828421396064144,36.84885025024414,43844,0.0,0.0
2016-08-18 00:00:00+08:00,35.20482862564798,36.79216467301386,35.20482862564798,36.7354736328125,24190,0.0,0.0
2016-08-19 00:00:00+08:00,36.73548044814702,36.84885928001626,35.82843017578125,35.82843017578125,9373,0.0,0.0
2016-08-22 00:00:00+08:00,35.998503327938074,35.998503327938074,35.715048074343365,35.82843017578125,33291,0.0,0.0
2016-08-23 00:00:00+08:00,35.82842337027291,35.82842337027291,34.58123030006294,35.771732330322266,34773,0.0,0.0
2016-08-24 00:00:00+08:00,34.58123016357422,34.69461224302798,34.524542393415345,34.58123016357422,61987,0.0,0.0
2016-08-25 00:00:00+08:00,34.92138039768211,35.48828764332671,34.58123735812282,35.091453552246094,55939,0.0,0.0
2016-08-26 00:00:00+08:00,34.52454124427838,35.37489700317383,34.52454124427838,35.37489700317383,24371,0.0,0.0
2016-08-29 00:00:00+08:00,35.37489700317383,35.43158804101377,35.37489700317383,35.37489700317383,22678,0.0,0.0
2016-08-30 00:00:00+08:00,35.09144850904986,35.88511657714844,35.09144850904986,35.88511657714844,3023,0.0,0.0
2016-08-31 00:00:00+08:00,35.204833984375,35.204833984375,35.204833984375,35.204833984375,7559,0.0,0.0
2016-09-01 00:00:00+08:00,35.20483104705417,36.39532989489366,35.20483104705417,36.33864212036133,43894,0.0,0.0
2016-09-02 00:00:00+08:00,36.565404752594354,36.565404752594354,35.99850082397461,35.99850082397461,22678,0.0,0.0
2016-09-05 00:00:00+08:00,36.225261741508824,36.281952788284485,35.99850082397461,35.99850082397461,4535,0.0,0.0
2016-09-06 00:00:00+08:00,35.77173921764043,35.82843026850609,34.6379280090332,34.6379280090332,12095,0.0,0.0
2016-09-07 00:00:00+08:00,34.63792336713202,34.97806635717404,34.46785350689511,34.69461441040039,57451,0.0,0.0
2016-09-08 00:00:00+08:00,34.75130328275487,35.09144625154816,34.58123016357422,34.58123016357422,12095,0.0,0.0
2016-09-09 00:00:00+08:00,34.75130502577259,35.65835189819336,34.75130502577259,35.65835189819336,4535,0.0,0.0
2016-09-12 00:00:00+08:00,34.58123150070807,34.751304626464844,34.58123150070807,34.751304626464844,9071,0.0,0.0
2016-09-13 00:00:00+08:00,35.374899514202966,35.374899514202966,34.978065490722656,34.978065490722656,4535,0.0,0.0
2016-09-14 00:00:00+08:00,33.22065542092917,34.071014404296875,33.16396438609562,34.071014404296875,7559,0.0,0.0
2016-09-19 00:00:00+08:00,32.54037192098857,33.84425273921189,32.54037192098857,33.6741828918457,30237,0.0,0.0
2016-09-20 00:00:00+08:00,32.540373549189944,33.44742367908831,32.540373549189944,33.334041595458984,7635,0.0,0.0
2016-09-21 00:00:00+08:00,33.16397350269716,33.73088073730469,33.10728245227955,33.73088073730469,9116,0.0,0.0
2016-09-22 00:00:00+08:00,34.58123742979416,34.86469268798828,34.58123742979416,34.86469268798828,9071,0.0,0.0
2016-09-23 00:00:00+08:00,34.12771548508956,35.14814460376742,34.12771548508956,35.091453552246094,21166,0.0,0.0
2016-09-26 00:00:00+08:00,34.5245470876897,34.5245470876897,34.29778289794922,34.29778289794922,12095,0.0,0.0
2016-09-27 00:00:00+08:00,34.29778289794922,34.29778289794922,34.29778289794922,34.29778289794922,0,0.0,0.0
2016-09-28 00:00:00+08:00,34.29778289794922,34.29778289794922,34.29778289794922,34.29778289794922,0,0.0,0.0
2016-09-29 00:00:00+08:00,34.29778128579276,34.29778128579276,34.12771142104994,34.18440246582031,6142,0.0,0.0
2016-09-30 00:00:00+08:00,34.18440245623732,35.60166549682617,34.18440245623732,35.60166549682617,6047,0.0,0.0
2016-10-03 00:00:00+08:00,35.14813612138195,35.43158804101377,35.14813612138195,35.37489700317383,9071,0.0,0.0
2016-10-04 00:00:00+08:00,35.54497757844912,37.982669830322266,35.54497757844912,37.982669830322266,46132,0.0,0.0
2016-10-05 00:00:00+08:00,37.98266686860827,39.28655110226939,37.58583282093474,39.116477966308594,83153,0.0,0.0
2016-10-06 00:00:00+08:00,41.27072008401278,41.32740785803867,39.116476775277434,39.68338394165039,50043,0.0,0.0
2016-10-07 00:00:00+08:00,39.11647801404022,39.2298601048191,38.719643965882454,38.88971710205078,25918,0.0,0.0
2016-10-11 00:00:00+08:00,40.47705290464336,40.47705290464336,39.399932861328125,39.399932861328125,24190,0.0,0.0
2016-10-12 00:00:00+08:00,38.15274000456907,39.116477966308594,38.15274000456907,39.116477966308594,4535,0.0,0.0
2016-10-13 00:00:00+08:00,39.116477966308594,39.68338514994292,39.116477966308594,39.116477966308594,7559,0.0,0.0
2016-10-14 00:00:00+08:00,38.322804333064525,38.322804333064525,37.98266137986415,38.03935241699219,6047,0.0,0.0
2016-10-17 00:00:00+08:00,39.00309411266143,39.00309411266143,38.266117095947266,38.266117095947266,4553,0.0,0.0
2016-10-18 00:00:00+08:00,38.266117095947266,38.54957230973593,38.266117095947266,38.266117095947266,9071,0.0,0.0
2016-10-19 00:00:00+08:00,38.26611514403381,38.6629524230957,38.26611514403381,38.6629524230957,7559,0.0,0.0
2016-10-20 00:00:00+08:00,38.6629524230957,38.6629524230957,38.6629524230957,38.6629524230957,0,0.0,0.0
2016-10-21 00:00:00+08:00,36.90554643835242,37.982666479703845,36.90554643835242,37.01892852783203,9071,0.0,0.0
2016-10-24 00:00:00+08:00,37.01892723354986,38.266117095947266,37.01892723354986,38.266117095947266,6047,0.0,0.0
2016-10-25 00:00:00+08:00,38.26611514403381,38.6629524230957,38.26611514403381,38.6629524230957,4535,0.0,0.0
2016-10-26 00:00:00+08:00,38.5495689980927,38.5495689980927,38.49287796020508,38.49287796020508,10583,0.0,0.0
2016-10-27 00:00:00+08:00,38.266115930545176,38.83302307128906,38.266115930545176,38.83302307128906,13606,0.0,0.0
2016-10-28 00:00:00+08:00,38.83302307128906,38.83302307128906,38.83302307128906,38.83302307128906,0,0.0,0.0
2016-10-31 00:00:00+08:00,37.245689392089844,37.245689392089844,37.245689392089844,37.245689392089844,1728,0.0,0.0
2016-11-01 00:00:00+08:00,37.24569151269597,38.54957580566406,37.24569151269597,38.54957580566406,7559,0.0,0.0
2016-11-02 00:00:00+08:00,35.88511501412906,37.4157600402832,35.88511501412906,37.4157600402832,9071,0.0,0.0
2016-11-03 00:00:00+08:00,36.62209402865373,37.18900119943134,36.56540298461914,36.56540298461914,16630,0.0,0.0
2016-11-04 00:00:00+08:00,37.4157600402832,37.4157600402832,37.4157600402832,37.4157600402832,6047,0.0,0.0
2016-11-07 00:00:00+08:00,37.4157600402832,37.4157600402832,37.4157600402832,37.4157600402832,3023,0.0,0.0
2016-11-08 00:00:00+08:00,37.415763003480166,37.415763003480166,35.14814080511359,36.281951904296875,51404,0.0,0.0
2016-11-09 00:00:00+08:00,35.148139045346284,35.148139045346284,32.993899045625206,34.01432800292969,25702,0.0,0.0
2016-11-10 00:00:00+08:00,34.01432587860682,34.297777804116286,33.44742202758789,33.44742202758789,51404,0.0,0.0
2016-11-11 00:00:00+08:00,32.880516052246094,32.880516052246094,32.76713397026597,32.880516052246094,10755,0.0,0.0
2016-11-14 00:00:00+08:00,32.880516052246094,32.880516052246094,32.880516052246094,32.880516052246094,27213,0.0,0.0
2016-11-15 00:00:00+08:00,32.880516052246094,32.880516052246094,32.880516052246094,32.880516052246094,4535,0.0,0.0
2016-11-16 00:00:00+08:00,32.93720709323616,34.01432706334314,32.880516052246094,32.880516052246094,16630,0.0,0.0
2016-11-17 00:00:00+08:00,32.880516052246094,32.880516052246094,32.880516052246094,32.880516052246094,12246,0.0,0.0
2016-11-18 00:00:00+08:00,33.95763415238702,36.168565011840336,33.95763415238702,35.148136138916016,52916,0.0,0.0
2016-11-21 00:00:00+08:00,34.69461397446601,35.828425016882605,34.01432800292969,34.01432800292969,33261,0.0,0.0
2016-11-22 00:00:00+08:00,33.73087395309736,33.73087395309736,33.44742202758789,33.44742202758789,3174,0.0,0.0
2016-11-23 00:00:00+08:00,33.4474215011255,33.4474215011255,33.22065734863281,33.22065734863281,25702,0.0,0.0
2016-11-24 00:00:00+08:00,33.22065734863281,33.22065734863281,33.22065734863281,33.22065734863281,4535,0.0,0.0
2016-11-25 00:00:00+08:00,32.59706913658783,33.50411612340359,32.59706913658783,33.2773551940918,33261,0.0,0.0
2016-11-28 00:00:00+08:00,35.77173099848552,36.168564993797226,34.864684201750144,35.37489700317383,61987,0.0,0.0
2016-11-29 00:00:00+08:00,35.148139045346284,35.148139045346284,34.01432800292969,34.01432800292969,39309,0.0,0.0
2016-11-30 00:00:00+08:00,35.09144800279023,35.09144800279023,34.01432800292969,34.01432800292969,49892,0.0,0.0
2016-12-01 00:00:00+08:00,34.01432800292969,34.01432800292969,34.01432800292969,34.01432800292969,0,0.0,0.0
2016-12-02 00:00:00+08:00,33.617496490478516,33.617496490478516,33.617496490478516,33.617496490478516,1511,0.0,0.0
2016-12-05 00:00:00+08:00,34.01432800292969,34.41116203125391,33.67418501716153,34.01432800292969,33261,0.0,0.0
2016-12-06 00:00:00+08:00,34.01432883080109,34.01432883080109,33.730876880690076,33.957637786865234,15118,0.0,0.0
2016-12-07 00:00:00+08:00,33.44741956026334,34.071014404296875,33.44741956026334,34.071014404296875,12095,0.0,0.0
2016-12-08 00:00:00+08:00,33.16396466738657,33.67418071564831,33.16396466738657,33.56079864501953,22678,0.0,0.0
2016-12-09 00:00:00+08:00,33.56080249314951,33.56080249314951,33.334041595458984,33.334041595458984,12095,0.0,0.0
2016-12-12 00:00:00+08:00,33.22066366182661,33.22066366182661,33.05059051513672,33.05059051513672,15118,0.0,0.0
2016-12-13 00:00:00+08:00,33.1072803917741,33.3907356262207,32.31361227446044,33.3907356262207,84665,0.0,0.0
2016-12-14 00:00:00+08:00,33.22066199331494,33.44742617751221,32.88051898658741,33.163970947265625,19654,0.0,0.0
2016-12-15 00:00:00+08:00,32.880516052246094,33.16396798762833,32.42699099389366,32.880516052246094,30237,0.0,0.0
2016-12-16 00:00:00+08:00,32.880516052246094,33.33404111059853,32.880516052246094,32.880516052246094,38531,0.0,0.0
2016-12-19 00:00:00+08:00,32.880519473785235,33.44742667311002,32.597067508907045,33.3907356262207,31749,0.0,0.0
2016-12-20 00:00:00+08:00,33.39073098857241,33.78756172254487,33.39073098857241,33.44742202758789,16630,0.0,0.0
2016-12-21 00:00:00+08:00,33.73088073730469,34.297784702343584,33.447428754785236,33.73088073730469,66523,0.0,0.0
2016-12-22 00:00:00+08:00,33.73087395309736,33.78756172254487,33.44742202758789,33.44742202758789,15118,0.0,0.0
2016-12-23 00:00:00+08:00,34.5812332638511,36.79216766357422,34.5812332638511,36.79216766357422,151340,0.0,0.0
2016-12-26 00:00:00+08:00,37.98266321427191,39.74007237184536,36.848852225656266,38.6629524230957,355611,0.0,0.0
2016-12-27 00:00:00+08:00,38.492882682974084,39.62669377113248,35.771735417480265,39.399932861328125,176890,0.0,0.0
2016-12-28 00:00:00+08:00,40.0235303108076,40.760507400580344,38.5495761312621,40.42036437988281,172639,0.0,0.0
2016-12-29 00:00:00+08:00,38.66295496566095,39.68338394165039,38.66295496566095,39.68338394165039,72608,0.0,0.0
2016-12-30 00:00:00+08:00,39.68338394165039,40.02352693364687,38.66295496566095,39.68338394165039,167819,0.0,0.0
2017-01-03 00:00:00+08:00,37.982669830322266,37.982669830322266,37.982669830322266,37.982669830322266,1663,0.0,0.0
2017-01-04 00:00:00+08:00,38.096046447753906,38.266116302934456,38.096046447753906,38.096046447753906,19654,0.0,0.0
2017-01-05 00:00:00+08:00,38.152741739940595,38.54957580566406,38.152741739940595,38.54957580566406,12095,0.0,0.0
2017-01-06 00:00:00+08:00,37.01892723354986,38.266117095947266,37.01892723354986,38.266117095947266,28725,0.0,0.0
2017-01-09 00:00:00+08:00,37.98266686860827,39.116477966308594,37.52914504518281,39.116477966308594,62147,0.0,0.0
2017-01-10 00:00:00+08:00,39.116477966308594,39.116477966308594,39.116477966308594,39.116477966308594,0,0.0,0.0
2017-01-11 00:00:00+08:00,37.98266605824194,37.98266605824194,37.75590515136719,37.75590515136719,9071,0.0,0.0
2017-01-12 00:00:00+08:00,38.096052340987825,38.833029456435156,37.86929140914581,38.436195373535156,40820,0.0,0.0
2017-01-13 00:00:00+08:00,38.43619029985749,38.43619029985749,37.699213281693055,37.81259536743164,13606,0.0,0.0
2017-01-16 00:00:00+08:00,37.81259536743164,37.86928641030094,37.81259536743164,37.81259536743164,9071,0.0,0.0
2017-01-17 00:00:00+08:00,37.982669830322266,37.982669830322266,37.69921785118699,37.982669830322266,27213,0.0,0.0
2017-01-18 00:00:00+08:00,36.90554310506834,37.69921112060547,36.39532701806076,37.69921112060547,24342,0.0,0.0
2017-01-19 00:00:00+08:00,37.75590267836802,37.92597579956055,36.678782719519496,37.92597579956055,18142,0.0,0.0
2017-01-20 00:00:00+08:00,37.92598205015008,37.982669830322266,37.1890049426572,37.982669830322266,21166,0.0,0.0
2017-01-23 00:00:00+08:00,38.209429322757714,39.1164761981769,37.8692863357795,38.266117095947266,27213,0.0,0.0
2017-01-24 00:00:00+08:00,39.116477966308594,39.68338514994292,38.83302600927559,39.116477966308594,34773,0.0,0.0
2017-02-02 00:00:00+08:00,39.68338514994292,39.68338514994292,39.116477966308594,39.116477966308594,27213,0.0,0.0
2017-02-03 00:00:00+08:00,39.116476775277434,39.796766028838626,39.116476775277434,39.68338394165039,122462,0.0,0.0
2017-02-06 00:00:00+08:00,39.68338394165039,39.68338394165039,39.116476775277434,39.68338394165039,30237,0.0,0.0
2017-02-07 00:00:00+08:00,41.27072260682016,41.27072260682016,39.570004273307575,40.93057632446289,54427,0.0,0.0
2017-02-08 00:00:00+08:00,40.93057516284305,41.270721435546875,39.96683719888723,41.270721435546875,63499,0.0,0.0
2017-02-09 00:00:00+08:00,41.667550428869724,42.34783967555472,41.270719666858426,42.06438446044922,31571,0.0,0.0
2017-02-10 00:00:00+08:00,42.06438446044922,42.51790953504982,41.72424147189082,42.06438446044922,80130,0.0,0.0
2017-02-13 00:00:00+08:00,42.1210759677089,42.574601047308036,42.1210759677089,42.51791000366211,58963,0.0,0.0
2017-02-14 00:00:00+08:00,42.51791000366211,42.631292090953956,42.51791000366211,42.51791000366211,18142,0.0,0.0
2017-02-15 00:00:00+08:00,42.517908384940306,42.517908384940306,41.44078840538011,42.4045295715332,39399,0.0,0.0
2017-02-16 00:00:00+08:00,42.4612176583941,42.517908700302186,41.72424065272516,42.12107467651367,48380,0.0,0.0
2017-02-17 00:00:00+08:00,41.724239376234245,41.78093041640796,40.817192542158914,41.49747848510742,52916,0.0,0.0
2017-02-20 00:00:00+08:00,42.29114819274728,42.29114819274728,40.36366909791478,41.384098052978516,19654,0.0,0.0
2017-02-21 00:00:00+08:00,40.25028692854301,40.25028692854301,40.19359588623047,40.19359588623047,12095,0.0,0.0
2017-02-22 00:00:00+08:00,40.193599816118756,40.193599816118756,39.74007797241211,39.74007797241211,16630,0.0,0.0
2017-02-23 00:00:00+08:00,39.28655326157094,39.28655326157094,39.229862213134766,39.229862213134766,6095,0.0,0.0
2017-02-24 00:00:00+08:00,38.83302777558983,38.83302777558983,38.54957580566406,38.54957580566406,13606,0.0,0.0
2017-03-01 00:00:00+08:00,38.54957580566406,38.54957580566406,38.54957580566406,38.54957580566406,0,0.0,0.0
2017-03-02 00:00:00+08:00,38.32281161406866,38.54957580566406,38.32281161406866,38.54957580566406,3023,0.0,0.0
2017-03-03 00:00:00+08:00,37.529144287109375,37.529144287109375,37.529144287109375,37.529144287109375,1511,0.0,0.0
2017-03-06 00:00:00+08:00,37.47245806314909,37.47245806314909,35.715048545931324,36.05519485473633,39309,0.0,0.0
2017-03-07 00:00:00+08:00,37.92597703036958,38.8897149396992,37.92597703036958,38.77633285522461,63650,0.0,0.0
2017-03-08 00:00:00+08:00,37.69921163797051,37.98266357039,37.69921163797051,37.92597579956055,34773,0.0,0.0
2017-03-09 00:00:00+08:00,37.13231099750928,39.62669410462265,37.13231099750928,39.116477966308594,4535,0.0,0.0
2017-03-10 00:00:00+08:00,39.116477966308594,39.116477966308594,39.116477966308594,39.116477966308594,0,0.0,0.0
2017-03-13 00:00:00+08:00,36.96223449707031,36.96223449707031,36.96223449707031,36.96223449707031,3023,0.0,0.0
2017-03-14 00:00:00+08:00,36.962235354555695,36.962235354555695,36.67878341674805,36.67878341674805,6047,0.0,0.0
2017-03-15 00:00:00+08:00,36.84885025024414,36.84885025024414,36.73547144615826,36.84885025024414,12095,0.0,0.0
2017-03-16 00:00:00+08:00,36.84885025024414,37.41575734894492,36.84885025024414,36.84885025024414,38229,0.0,0.0
2017-03-17 00:00:00+08:00,36.28195107626073,36.84885497813018,36.11187794395894,36.33864212036133,25853,0.0,0.0
2017-03-20 00:00:00+08:00,36.338643728838754,36.84885660919144,36.338643728838754,36.452022552490234,46868,0.0,0.0
2017-03-21 00:00:00+08:00,37.69921150753148,38.43618849101306,36.7354736328125,36.7354736328125,28725,0.0,0.0
2017-03-22 00:00:00+08:00,36.73547408856316,39.51330893634802,36.73547408856316,37.4157600402832,34773,0.0,0.0
2017-03-23 00:00:00+08:00,37.755909230357524,39.683388590518625,37.755909230357524,39.6266975402832,43995,0.0,0.0
2017-03-24 00:00:00+08:00,42.234461580125846,42.234461580125846,39.68338729011006,40.42036437988281,25753,0.0,0.0
2017-03-27 00:00:00+08:00,39.966834083208745,39.966834083208745,38.83302307128906,38.83302307128906,36285,0.0,0.0
2017-03-28 00:00:00+08:00,38.43619118520665,38.43619118520665,37.529144287109375,37.529144287109375,6047,0.0,0.0
2017-03-29 00:00:00+08:00,37.98266605824194,38.54957322978121,37.75590515136719,37.75590515136719,7559,0.0,0.0
2017-03-30 00:00:00+08:00,37.75590515136719,37.75590515136719,37.75590515136719,37.75590515136719,0,0.0,0.0
2017-03-31 00:00:00+08:00,37.75590890092776,37.982669830322266,37.69921785118699,37.982669830322266,14063,0.0,0.0
2017-04-05 00:00:00+08:00,37.98266859624405,40.25029089478714,37.98266859624405,38.54957580566406,28727,0.0,0.0
2017-04-06 00:00:00+08:00,39.05978692098833,39.116477966308594,39.05978692098833,39.116477966308594,4535,0.0,0.0
2017-04-07 00:00:00+08:00,42.51790964401023,43.02812576293945,42.51790964401023,43.02812576293945,296345,0.0,0.0
2017-04-10 00:00:00+08:00,43.311581286495596,47.2799186706543,43.02812931682036,47.2799186706543,790941,0.0,0.0
2017-04-11 00:00:00+08:00,47.84682504758602,48.41372897707885,45.35244187259443,46.1461067199707,278207,0.0,0.0
2017-04-12 00:00:00+08:00,45.35243979390659,45.8626526531513,44.21862871731972,45.80596160888672,169331,0.0,0.0
2017-04-13 00:00:00+08:00,45.80596246186999,45.80596246186999,44.275320586064474,44.332008361816406,93746,0.0,0.0
2017-04-14 00:00:00+08:00,43.36827332297335,47.50668394501805,43.36827332297335,45.35244369506836,89205,0.0,0.0
2017-04-17 00:00:00+08:00,48.1869687847534,49.8876838684082,48.1869687847534,49.8876838684082,326947,0.0,0.0
2017-04-18 00:00:00+08:00,54.706380462492426,54.706380462492426,49.830993150845174,51.02149200439453,656871,0.0,0.0
2017-04-19 00:00:00+08:00,49.88768134850292,50.7947315270146,48.243657395606924,48.867252349853516,356885,0.0,0.0
2017-04-20 00:00:00+08:00,49.88768044725737,50.45458761597778,47.73344039916992,47.73344039916992,158748,0.0,0.0
2017-04-21 00:00:00+08:00,48.98063446519517,48.98063446519517,45.46581910858321,46.0327262878418,207884,0.0,0.0
2017-04-24 00:00:00+08:00,45.40912685190064,48.18696509004413,45.40912685190064,46.826393127441406,133046,0.0,0.0
2017-04-25 00:00:00+08:00,46.42956195428554,46.54294077844305,46.1461067199707,46.1461067199707,89201,0.0,0.0
2017-04-26 00:00:00+08:00,46.14609995381619,46.48624618512018,45.12567106860806,45.635887145996094,122462,0.0,0.0
2017-04-27 00:00:00+08:00,45.352443271176625,45.352443271176625,44.61546617836794,44.89891815185547,57451,0.0,0.0
2017-04-28 00:00:00+08:00,46.0327297456242,46.0327297456242,45.35244369506836,45.35244369506836,45356,0.0,0.0
2017-05-02 00:00:00+08:00,45.522506030912226,46.76969909667969,45.0689809824906,46.76969909667969,145141,0.0,0.0
2017-05-03 00:00:00+08:00,47.33660677065658,47.33660677065658,45.40912761167384,45.579200744628906,122462,0.0,0.0
2017-05-04 00:00:00+08:00,45.12567389944863,45.35243806787674,44.67214883216055,44.72883987426758,151188,0.0,0.0
2017-05-05 00:00:00+08:00,45.35243507356865,45.35243507356865,43.99185996153379,44.218624114990234,32082,0.0,0.0
2017-05-08 00:00:00+08:00,44.50208484336401,45.63589602630222,44.2753239146038,45.06898880004883,65011,0.0,0.0
2017-05-09 00:00:00+08:00,45.06898893455328,45.06898893455328,43.65172576904297,43.65172576904297,68034,0.0,0.0
2017-05-10 00:00:00+08:00,43.084820193466626,43.084820193466626,41.66755381158518,42.57460403442383,165067,0.0,0.0
2017-05-11 00:00:00+08:00,42.57459939434613,43.08481549778201,42.57459939434613,42.631290435791016,18142,0.0,0.0
2017-05-12 00:00:00+08:00,42.40453075735261,42.40453075735261,41.837623596191406,41.837623596191406,49952,0.0,0.0
2017-05-15 00:00:00+08:00,42.234458095703744,42.2911491394043,41.951006146769195,42.2911491394043,21166,0.0,0.0
2017-05-16 00:00:00+08:00,43.084815979003906,43.538337776492256,42.51790882779125,43.084815979003906,19654,0.0,0.0
2017-05-17 00:00:00+08:00,43.08481549778201,43.08481549778201,42.57459939434613,42.631290435791016,15118,0.0,0.0
2017-05-18 00:00:00+08:00,42.68798204254667,45.068982927786436,42.68798204254667,44.27531814575195,50066,0.0,0.0
2017-05-19 00:00:00+08:00,44.502075686905215,45.295743678618834,44.502075686905215,45.1823616027832,74082,0.0,0.0
2017-05-22 00:00:00+08:00,45.12567056486539,45.63588663655783,45.12567056486539,45.1823616027832,19654,0.0,0.0
2017-05-23 00:00:00+08:00,44.78553771972656,44.8422287704455,44.78553771972656,44.78553771972656,16630,0.0,0.0
2017-05-24 00:00:00+08:00,44.78553553718594,46.2027986578172,44.78553553718594,45.86265563964844,161772,0.0,0.0
2017-05-25 00:00:00+08:00,45.805967567132726,45.919349670410156,45.63589768178527,45.919349670410156,49892,0.0,0.0
2017-05-26 00:00:00+08:00,45.69258328811397,46.08941733272449,45.69258328811397,46.0327262878418,55939,0.0,0.0
2017-05-31 00:00:00+08:00,46.03273003835908,46.31618201629847,45.919347939355895,46.259490966796875,30237,0.0,0.0
2017-06-01 00:00:00+08:00,50.34120180695315,50.851417894128055,49.32077290217134,50.11444091796875,369204,0.0,0.0
2017-06-02 00:00:00+08:00,47.56337396809093,47.56337396809093,45.46582154296354,47.053157806396484,219374,0.0,0.0
2017-06-05 00:00:00+08:00,49.88767661354647,49.88767661354647,48.58379578395467,48.9239387512207,54753,0.0,0.0
2017-06-06 00:00:00+08:00,50.79473500275716,50.85142605148938,49.26408976526109,49.60423278808594,45507,0.0,0.0
2017-06-07 00:00:00+08:00,49.60422985037213,49.88768180767786,48.3570399303996,49.320777893066406,53067,0.0,0.0
2017-06-08 00:00:00+08:00,49.32077993037942,49.8876838684082,49.32077993037942,49.8876838684082,95248,0.0,0.0
2017-06-09 00:00:00+08:00,50.171134299246624,50.171134299246624,47.336605072021484,47.336605072021484,43633,0.0,0.0
2017-06-12 00:00:00+08:00,47.336605978633315,47.6200611954824,46.826393127441406,46.826393127441406,28952,0.0,0.0
2017-06-13 00:00:00+08:00,46.59962927618369,46.76970240746915,46.4862504582283,46.542938232421875,39309,0.0,0.0
2017-06-14 00:00:00+08:00,46.59962682835715,46.82639099149275,45.97603191887039,46.48624801635742,36285,0.0,0.0
2017-06-15 00:00:00+08:00,45.52251185046698,45.69258499145508,45.52251185046698,45.69258499145508,10734,0.0,0.0
2017-06-16 00:00:00+08:00,45.35243983819763,46.996463775634766,45.295748793877685,46.996463775634766,21166,0.0,0.0
2017-06-19 00:00:00+08:00,47.05315572012963,47.90351486206055,47.05315572012963,47.90351486206055,6047,0.0,0.0
2017-06-20 00:00:00+08:00,48.13027572631836,48.13027572631836,48.13027572631836,48.13027572631836,15723,0.0,0.0
2017-06-21 00:00:00+08:00,46.259487981878735,46.259487981878735,46.202796936035156,46.202796936035156,15118,0.0,0.0
2017-06-22 00:00:00+08:00,45.919349670410156,45.919349670410156,45.35244569316039,45.919349670410156,6123,0.0,0.0
2017-06-23 00:00:00+08:00,45.919346687604644,45.919346687604644,45.86265563964844,45.86265563964844,10734,0.0,0.0
2017-06-26 00:00:00+08:00,45.409133475230405,46.486256917228616,45.409133475230405,45.919349670410156,19654,0.0,0.0
2017-06-27 00:00:00+08:00,46.42956281843432,47.053157806396484,46.20279862676191,47.053157806396484,24190,0.0,0.0
2017-06-28 00:00:00+08:00,47.05314903287232,47.90350805394906,46.20279001179558,47.84681701660156,18142,0.0,0.0
2017-06-29 00:00:00+08:00,49.03733237842418,49.77430952598621,48.18697312521606,48.69718933105469,285898,0.0,0.0
2017-06-30 00:00:00+08:00,48.13028010307541,48.64049628803782,46.76970796926714,47.166542053222656,93737,0.0,0.0
2017-07-03 00:00:00+08:00,47.22322758508847,49.20739450342217,46.54293832811621,47.50667953491211,66825,0.0,0.0
2017-07-04 00:00:00+08:00,46.82639273252084,47.62006079386827,46.76970168962914,47.56336975097656,46868,0.0,0.0
2017-07-05 00:00:00+08:00,47.56337396809093,47.903516986031065,47.053157806396484,47.053157806396484,81891,0.0,0.0
2017-07-06 00:00:00+08:00,47.79013706962334,48.07358905257196,46.93977785120886,47.166542053222656,31749,0.0,0.0
2017-07-07 00:00:00+08:00,47.16653144802422,47.50667440499656,46.883079528808594,46.883079528808594,52997,0.0,0.0
2017-07-10 00:00:00+08:00,46.88308190911642,46.88308190911642,45.295745849609375,45.295745849609375,139305,0.0,0.0
2017-07-11 00:00:00+08:00,45.2957487926054,45.919343740970774,45.239057748287046,45.579200744628906,58963,0.0,0.0
2017-07-12 00:00:00+08:00,45.57919610744543,45.635887145996094,45.57919610744543,45.635887145996094,3023,0.0,0.0
2017-07-13 00:00:00+08:00,47.449994986380695,47.449994986380695,45.46582452686913,45.919349670410156,10834,0.0,0.0
2017-07-14 00:00:00+08:00,45.91934764734204,45.91934764734204,45.29575264592728,45.35244369506836,19654,0.0,0.0
2017-07-17 00:00:00+08:00,44.78553647322612,45.6358956712052,44.21863252095243,45.35244369506836,33412,0.0,0.0
2017-07-18 00:00:00+08:00,44.21863375167443,44.78553771972656,44.21863375167443,44.78553771972656,10583,0.0,0.0
2017-07-19 00:00:00+08:00,44.95560625666126,45.35244030138553,44.61546325683594,44.61546325683594,30237,0.0,0.0
2017-07-20 00:00:00+08:00,45.295745849609375,45.295745849609375,45.295745849609375,45.295745849609375,1511,0.0,0.0
2017-07-21 00:00:00+08:00,45.35244369506836,45.35244369506836,45.35244369506836,45.35244369506836,1511,0.0,0.0
2017-07-24 00:00:00+08:00,44.72883987426758,44.72883987426758,44.72883987426758,44.72883987426758,3023,0.0,0.0
2017-07-25 00:00:00+08:00,44.27532186306816,44.27532186306816,43.36827165091912,43.5383415222168,65026,0.0,0.0
2017-07-26 00:00:00+08:00,43.36827378985462,43.93517774823131,43.36827378985462,43.65172576904297,24190,0.0,0.0
2017-07-27 00:00:00+08:00,43.084815979003906,43.084815979003906,43.084815979003906,43.084815979003906,31749,0.0,0.0
2017-07-28 00:00:00+08:00,43.084815979003906,43.084815979003906,43.084815979003906,43.084815979003906,15118,0.0,0.0
2017-07-31 00:00:00+08:00,43.084815979003906,43.084815979003906,43.084815979003906,43.084815979003906,6047,0.0,0.0
2017-08-01 00:00:00+08:00,43.08481416487221,43.08481416487221,42.23445510864258,42.23445510864258,22678,0.0,0.0
2017-08-02 00:00:00+08:00,42.517912485725454,43.65172361612753,42.291151567472404,43.5383415222168,37797,0.0,0.0
2017-08-03 00:00:00+08:00,43.53834078297424,43.53834078297424,41.95100784301758,41.95100784301758,61987,0.0,0.0
2017-08-04 00:00:00+08:00,43.08481416487221,43.08481416487221,42.007694219446414,42.23445510864258,25702,0.0,0.0
2017-08-07 00:00:00+08:00,42.0076937215059,42.06438149095698,41.78092956542969,41.78092956542969,15179,0.0,0.0
2017-08-08 00:00:00+08:00,41.83762619595427,41.83762619595427,39.68338604272867,40.023529052734375,55939,0.0,0.0
2017-08-09 00:00:00+08:00,40.02353243381453,40.533748626708984,40.02353243381453,40.533748626708984,15118,0.0,0.0
2017-08-10 00:00:00+08:00,40.53374899116206,40.53374899116206,40.13691489746912,40.25029373168945,24190,0.0,0.0
2017-08-11 00:00:00+08:00,39.91014563455733,39.91014563455733,37.69921450813723,39.85345458984375,48380,0.0,0.0
2017-08-14 00:00:00+08:00,38.54957034336373,38.6629524230957,38.54957034336373,38.6629524230957,6263,0.0,0.0
2017-08-15 00:00:00+08:00,38.83302307128906,38.83302307128906,38.66295321776356,38.83302307128906,7559,0.0,0.0
2017-08-16 00:00:00+08:00,39.96684174178556,40.25029373168945,39.96684174178556,40.25029373168945,21166,0.0,0.0
2017-08-17 00:00:00+08:00,41.66755085003515,41.66755085003515,39.68338394165039,39.68338394165039,22678,0.0,0.0
2017-08-18 00:00:00+08:00,38.549572878472716,39.68338394165039,38.549572878472716,39.68338394165039,10583,0.0,0.0
2017-08-21 00:00:00+08:00,38.5495740522426,39.62669410462265,37.699214911575275,39.116477966308594,31751,0.0,0.0
2017-08-22 00:00:00+08:00,38.32280954844459,39.399932861328125,38.32280954844459,39.399932861328125,33412,0.0,0.0
2017-08-23 00:00:00+08:00,39.11648011626243,39.229862213134766,39.11648011626243,39.229862213134766,9139,0.0,0.0
2017-08-24 00:00:00+08:00,39.39993377456967,43.141510125260645,39.39993377456967,35.318214416503906,109007,0.0,0.0
2017-08-25 00:00:00+08:00,41.34106035036985,42.58785144446976,40.68485225965858,41.66916275024414,51279,0.267881,1.15
2017-08-28 00:00:00+08:00,41.73478508872111,41.8004035949707,41.669163291508774,41.8004035949707,15776,0.0,0.0
2017-08-29 00:00:00+08:00,41.80040085387898,42.19412502940877,41.80040085387898,41.931644439697266,24979,0.0,0.0
2017-08-30 00:00:00+08:00,41.34105898933542,41.73478317260742,41.34105898933542,41.73478317260742,14461,0.0,0.0
2017-08-31 00:00:00+08:00,41.34105682373047,41.34105682373047,41.34105682373047,41.34105682373047,18405,0.0,0.0
2017-09-01 00:00:00+08:00,41.66915867954165,41.99726104736328,41.34105631172002,41.99726104736328,9202,0.0,0.0
2017-09-04 00:00:00+08:00,41.99726104736328,41.99726104736328,41.99726104736328,41.99726104736328,0,0.0,0.0
2017-09-05 00:00:00+08:00,41.341052943850464,41.341052943850464,40.684844970703125,40.684844970703125,14461,0.0,0.0
2017-09-06 00:00:00+08:00,42.19412267535713,44.753332964482404,41.40667436823008,44.62208938598633,97418,0.0,0.0
2017-09-07 00:00:00+08:00,44.622096505615524,44.622096505615524,41.34106246607183,42.062889099121094,63104,0.0,0.0
2017-09-08 00:00:00+08:00,41.73478048096283,42.65346908569336,41.73478048096283,42.65346908569336,14461,0.0,0.0
2017-09-11 00:00:00+08:00,43.30967654643333,43.375298335542986,42.5222282409668,42.5222282409668,9202,0.0,0.0
2017-09-12 00:00:00+08:00,42.65346932802096,42.65346932802096,40.68484852744093,41.0129508972168,81510,0.0,0.0
2017-09-13 00:00:00+08:00,41.012949780049595,41.012949780049595,40.75046920776367,40.75046920776367,26293,0.0,0.0
2017-09-14 00:00:00+08:00,40.81608524894774,40.94732552719236,40.42236112325177,40.684844970703125,22349,0.0,0.0
2017-09-15 00:00:00+08:00,40.684844970703125,40.684844970703125,40.684844970703125,40.684844970703125,3944,0.0,0.0
2017-09-18 00:00:00+08:00,40.684844970703125,40.684844970703125,40.22549906040378,40.684844970703125,18931,0.0,0.0
2017-09-19 00:00:00+08:00,39.503672756894964,39.70053482055664,39.503672756894964,39.70053482055664,7888,0.0,0.0
2017-09-20 00:00:00+08:00,39.766157687888885,39.83177947998047,39.7005391867598,39.83177947998047,22481,0.0,0.0
2017-09-21 00:00:00+08:00,39.37243134263637,39.438053131103516,39.37243134263637,39.438053131103516,5258,0.0,0.0
2017-09-22 00:00:00+08:00,39.503672756894964,39.70053482055664,38.91308656590994,39.70053482055664,10517,0.0,0.0
2017-09-25 00:00:00+08:00,39.044333779717235,40.356746673583984,38.3881256873025,40.356746673583984,13446,0.0,0.0
2017-09-26 00:00:00+08:00,41.472293853759766,41.472293853759766,41.472293853759766,41.472293853759766,5258,0.0,0.0
2017-09-27 00:00:00+08:00,41.472293853759766,41.472293853759766,41.472293853759766,41.472293853759766,0,0.0,0.0
2017-09-28 00:00:00+08:00,39.04432668331584,40.684844970703125,39.04432668331584,40.684844970703125,2629,0.0,0.0
2017-09-29 00:00:00+08:00,39.7005419632137,39.7005419632137,38.71623146781474,38.91309356689453,29118,0.0,0.0
2017-10-02 00:00:00+08:00,39.56929479000988,39.56929479000988,39.17557062747059,39.372432708740234,12337,0.0,0.0
2017-10-03 00:00:00+08:00,39.70054391535239,39.70054391535239,38.847473680405564,38.97871398925781,26753,0.0,0.0
2017-10-05 00:00:00+08:00,38.97870880574286,39.306814470685254,38.71622822294388,39.04433059692383,15841,0.0,0.0
2017-10-06 00:00:00+08:00,38.125645764404815,38.71623207084293,38.125645764404815,38.388126373291016,29120,0.0,0.0
2017-10-11 00:00:00+08:00,38.060020446777344,38.060020446777344,38.060020446777344,38.060020446777344,1314,0.0,0.0
2017-10-12 00:00:00+08:00,38.19126073908288,38.19126073908288,37.7319147795698,38.060020446777344,10517,0.0,0.0
2017-10-13 00:00:00+08:00,37.99440383911133,37.99440383911133,37.99440383911133,37.99440383911133,2300,0.0,0.0
2017-10-16 00:00:00+08:00,37.99439865514334,38.388122823022414,37.99439865514334,38.060020446777344,6770,0.0,0.0
2017-10-17 00:00:00+08:00,38.06001657036789,38.388118913195775,37.40380859375,37.40380859375,27687,0.0,0.0
2017-10-18 00:00:00+08:00,37.73191150533313,37.73191150533313,37.53504943847656,37.53504943847656,9794,0.0,0.0
2017-10-19 00:00:00+08:00,37.73191452026367,37.73191452026367,37.73191452026367,37.73191452026367,5353,0.0,0.0
2017-10-20 00:00:00+08:00,37.73191452026367,37.73191452026367,37.73191452026367,37.73191452026367,10066,0.0,0.0
2017-10-23 00:00:00+08:00,37.73191093657788,37.73191093657788,37.40380859375,37.40380859375,2629,0.0,0.0
2017-10-24 00:00:00+08:00,37.40380915755957,37.53504943847656,37.40380915755957,37.53504943847656,16367,0.0,0.0
2017-10-25 00:00:00+08:00,37.53504943847656,37.53504943847656,37.40380915755957,37.53504943847656,20915,0.0,0.0
2017-10-26 00:00:00+08:00,38.06002396670188,38.65061027313999,38.06002396670188,38.388126373291016,10225,0.0,0.0
2017-10-27 00:00:00+08:00,37.46943766026377,38.388126373291016,37.46943766026377,38.388126373291016,7934,0.0,0.0
2017-10-30 00:00:00+08:00,37.53504943847656,37.53504943847656,37.53504943847656,37.53504943847656,2634,0.0,0.0
2017-10-31 00:00:00+08:00,37.14132474491042,37.79753272152831,37.14132474491042,37.40380859375,18851,0.0,0.0
2017-11-01 00:00:00+08:00,37.79753519511041,37.79753519511041,36.74760302200355,37.46943283081055,229938,0.0,0.0
2017-11-02 00:00:00+08:00,37.46943446737242,37.46943446737242,36.87884821126008,37.07571029663086,13146,0.0,0.0
2017-11-03 00:00:00+08:00,37.0100860924443,37.66629409790039,37.0100860924443,37.66629409790039,8611,0.0,0.0
2017-11-06 00:00:00+08:00,36.09139987958118,36.41950225830078,36.09139987958118,36.41950225830078,4062,0.0,0.0
2017-11-07 00:00:00+08:00,34.910226873092185,37.27257537841797,34.910226873092185,37.27257537841797,40834,0.0,0.0
2017-11-08 00:00:00+08:00,36.61636352071291,36.61636352071291,35.96015548706055,35.96015548706055,5655,0.0,0.0
2017-11-09 00:00:00+08:00,35.89453478031671,35.89453478031671,35.566429138183594,35.566429138183594,9528,0.0,0.0
2017-11-10 00:00:00+08:00,35.500816345214844,35.500816345214844,35.4351945480546,35.500816345214844,16157,0.0,0.0
2017-11-13 00:00:00+08:00,34.12277603149414,34.188397824194446,34.12277603149414,34.12277603149414,11836,0.0,0.0
2017-11-14 00:00:00+08:00,33.138468778285535,33.991539001464844,33.07284697928318,33.991539001464844,7886,0.0,0.0
2017-11-15 00:00:00+08:00,33.925917202462486,33.991539001464844,33.860298694422966,33.991539001464844,7452,0.0,0.0
2017-11-16 00:00:00+08:00,33.4665652251026,35.1070835799946,32.94160079956055,32.94160079956055,11832,0.0,0.0
2017-11-17 00:00:00+08:00,32.94160079956055,32.94160079956055,32.8103605159156,32.94160079956055,29514,0.0,0.0
2017-11-20 00:00:00+08:00,32.35100919166626,32.48224945342479,31.629182815551758,31.629182815551758,16433,0.0,0.0
2017-11-21 00:00:00+08:00,31.629188239828732,31.629188239828732,31.235464096069336,31.235464096069336,47400,0.0,0.0
2017-11-22 00:00:00+08:00,31.20265647830658,31.20265647830658,31.169845581054688,31.169845581054688,18602,0.0,0.0
2017-11-23 00:00:00+08:00,31.16984795046628,31.16984795046628,29.85743170640147,30.74331283569336,29331,0.0,0.0
2017-11-24 00:00:00+08:00,30.743309167596323,30.743309167596323,29.988671727327194,30.64487648010254,11634,0.0,0.0
2017-11-27 00:00:00+08:00,30.612070083618164,30.612070083618164,30.612070083618164,30.612070083618164,2629,0.0,0.0
2017-11-28 00:00:00+08:00,30.579259186491722,30.612070083618164,30.579259186491722,30.612070083618164,3944,0.0,0.0
2017-11-29 00:00:00+08:00,30.579259303408477,31.169845581054688,30.579259303408477,31.169845581054688,45425,0.0,0.0
2017-11-30 00:00:00+08:00,30.907360076904297,30.907360076904297,30.907360076904297,30.907360076904297,5258,0.0,0.0
2017-12-01 00:00:00+08:00,31.169843115214015,31.169843115214015,30.448013305664062,30.448013305664062,9202,0.0,0.0
2017-12-04 00:00:00+08:00,29.529324710101452,30.448013305664062,29.529324710101452,30.448013305664062,9202,0.0,0.0
2017-12-05 00:00:00+08:00,30.513639450073242,30.513639450073242,30.513639450073242,30.513639450073242,1322,0.0,0.0
2017-12-06 00:00:00+08:00,30.71050155514564,30.71050155514564,30.513639450073242,30.513639450073242,4084,0.0,0.0
2017-12-07 00:00:00+08:00,28.873116554626456,30.546445846557617,28.873116554626456,30.546445846557617,32867,0.0,0.0
2017-12-08 00:00:00+08:00,30.546445846557617,30.546445846557617,30.546445846557617,30.546445846557617,0,0.0,0.0
2017-12-11 00:00:00+08:00,30.54644652399288,30.54644652399288,29.8574275970459,29.8574275970459,5521,0.0,0.0
2017-12-12 00:00:00+08:00,30.841737747192383,30.841737747192383,30.841737747192383,30.841737747192383,19720,0.0,0.0
2017-12-13 00:00:00+08:00,30.18553393649945,30.18553393649945,29.75899887084961,29.75899887084961,24979,0.0,0.0
2017-12-14 00:00:00+08:00,29.75899887084961,29.75899887084961,29.529325890041044,29.75899887084961,19728,0.0,0.0
2017-12-15 00:00:00+08:00,29.529325485229492,29.529325485229492,29.529325485229492,29.529325485229492,1314,0.0,0.0
2017-12-18 00:00:00+08:00,29.529325485229492,29.529325485229492,29.529325485229492,29.529325485229492,5258,0.0,0.0
2017-12-19 00:00:00+08:00,28.938739238801897,29.529325485229492,28.02004732816179,29.529325485229492,18405,0.0,0.0
2017-12-20 00:00:00+08:00,29.266841076974224,29.463703155517578,29.2340301820566,29.463703155517578,5258,0.0,0.0
2017-12-21 00:00:00+08:00,29.398084656644713,29.463703155517578,29.398084656644713,29.463703155517578,2629,0.0,0.0
2017-12-22 00:00:00+08:00,28.905927814805136,29.463703155517578,28.577825447553668,29.463703155517578,8676,0.0,0.0
2017-12-25 00:00:00+08:00,28.90592848405843,30.087100982666016,28.87311758838114,30.087100982666016,17090,0.0,0.0
2017-12-26 00:00:00+08:00,30.08710083613959,30.08710083613959,29.529325485229492,29.529325485229492,13146,0.0,0.0
2017-12-27 00:00:00+08:00,29.62775421142578,29.62775421142578,29.62775421142578,29.62775421142578,2629,0.0,0.0
2017-12-28 00:00:00+08:00,30.316777345000844,30.513639450073242,29.62775833176603,30.513639450073242,57846,0.0,0.0
2017-12-29 00:00:00+08:00,30.841741861539635,30.841741861539635,30.513639450073242,30.513639450073242,7888,0.0,0.0
2018-01-02 00:00:00+08:00,30.513639450073242,30.513639450073242,30.513639450073242,30.513639450073242,1709,0.0,0.0
2018-01-03 00:00:00+08:00,30.513635094976518,30.513635094976518,30.316773018001506,30.448013305664062,92225,0.0,0.0
2018-01-04 00:00:00+08:00,30.218345642089847,30.218345642089847,30.218345642089847,30.218345642089844,2629,0.0,0.0
2018-01-05 00:00:00+08:00,29.857427858479564,29.857427858479564,29.529325485229492,29.529325485229492,4159,0.0,0.0
2018-01-08 00:00:00+08:00,29.529324636373893,29.529324636373893,28.41377067565918,28.41377067565918,7888,0.0,0.0
2018-01-09 00:00:00+08:00,28.41377067565918,28.41377067565918,28.41377067565918,28.41377067565918,66588,0.0,0.0
2018-01-10 00:00:00+08:00,28.085669506408614,28.41377188418217,28.085669506408614,28.380964279174805,25439,0.0,0.0
2018-01-11 00:00:00+08:00,28.380964279174805,28.380964279174805,28.216909799325542,28.380964279174805,22349,0.0,0.0
2018-01-12 00:00:00+08:00,28.380964279174805,28.380964279174805,28.216909799325542,28.380964279174805,18405,0.0,0.0
2018-01-15 00:00:00+08:00,28.085669506408614,28.380964279174805,27.560705043778423,28.380964279174805,20311,0.0,0.0
2018-01-16 00:00:00+08:00,28.380964279174805,28.380964279174805,28.348153383204952,28.380964279174805,16696,0.0,0.0
2018-01-17 00:00:00+08:00,28.216909799325542,28.380964279174805,28.216909799325542,28.380964279174805,15776,0.0,0.0
2018-01-18 00:00:00+08:00,28.380964279174805,28.380964279174805,28.216909799325542,28.380964279174805,29843,0.0,0.0
2018-01-19 00:00:00+08:00,28.44658213244175,29.20121955871582,28.44658213244175,29.20121955871582,6376,0.0,0.0
2018-01-22 00:00:00+08:00,29.20121955871582,29.20121955871582,29.20121955871582,29.20121955871582,2629,0.0,0.0
2018-01-23 00:00:00+08:00,29.496512084294054,29.52932297702461,28.807493209838867,28.807493209838867,3944,0.0,0.0
2018-01-24 00:00:00+08:00,28.80749565755981,30.18553352355957,28.80749565755981,30.18553352355957,20377,0.0,0.0
2018-01-25 00:00:00+08:00,29.529325485229492,29.529325485229492,29.20121982101698,29.529325485229492,7914,0.0,0.0
2018-01-26 00:00:00+08:00,29.529325892344744,29.529325892344744,28.348153383204952,28.380964279174805,23664,0.0,0.0
2018-01-29 00:00:00+08:00,28.41377188990139,29.10279083251953,28.41377188990139,29.10279083251953,7362,0.0,0.0
2018-01-30 00:00:00+08:00,28.610634670021035,28.610634670021035,28.446580205022816,28.47939109802246,8019,0.0,0.0
2018-01-31 00:00:00+08:00,28.545013427734375,28.577824321358985,28.545013427734375,28.545013427734375,9202,0.0,0.0
2018-02-01 00:00:00+08:00,28.545018461551216,28.577829360961914,28.545018461551216,28.577829360961914,3418,0.0,0.0
2018-02-02 00:00:00+08:00,28.282534557228434,28.577829360961914,28.282534557228434,28.577829360961914,3944,0.0,0.0
2018-02-05 00:00:00+08:00,28.41377067565918,28.41377067565918,28.41377067565918,28.41377067565918,2629,0.0,0.0
2018-02-06 00:00:00+08:00,27.626323699951172,28.676255922072208,27.626323699951172,27.626323699951172,21166,0.0,0.0
2018-02-07 00:00:00+08:00,29.988671440549545,29.988671440549545,29.20121982101698,29.529325485229492,70861,0.0,0.0
2018-02-08 00:00:00+08:00,29.529322141466427,29.529322141466427,28.938735961914062,28.938735961914062,21036,0.0,0.0
2018-02-09 00:00:00+08:00,28.938735961914062,28.938735961914062,28.938735961914062,28.938735961914062,0,0.0,0.0
2018-02-12 00:00:00+08:00,28.87311643650132,30.71049690246582,28.87311643650132,30.71049690246582,24255,0.0,0.0
2018-02-21 00:00:00+08:00,30.710495676994576,30.710495676994576,30.67768478393555,30.677684783935547,21034,0.0,0.0
2018-02-22 00:00:00+08:00,30.84173773110546,30.84173773110546,30.776119232177734,30.776119232177734,14514,0.0,0.0
2018-02-23 00:00:00+08:00,30.841737747192383,30.841737747192383,30.841737747192383,30.841737747192383,4075,0.0,0.0
2018-02-26 00:00:00+08:00,30.77611978572594,30.907360076904297,30.77611978572594,30.907360076904297,23664,0.0,0.0
2018-02-27 00:00:00+08:00,30.90735953711672,31.104221615927337,30.841737747192383,30.841737747192383,28068,0.0,0.0
2018-03-01 00:00:00+08:00,30.841737747192383,31.43232398362424,30.841737747192383,30.841737747192383,10781,0.0,0.0
2018-03-02 00:00:00+08:00,31.563573210711947,33.92591857910156,31.563573210711947,33.92591857910156,156602,0.0,0.0
2018-03-05 00:00:00+08:00,35.36957055367634,37.272572934441136,35.36957055367634,37.20695114135742,337457,0.0,0.0
2018-03-06 00:00:00+08:00,36.0913962188113,36.55073884423487,34.51649640419765,34.77898025512695,117719,0.0,0.0
2018-03-07 00:00:00+08:00,34.97584982364375,36.813230592381615,34.97584982364375,36.09140396118164,118584,0.0,0.0
2018-03-08 00:00:00+08:00,35.4351921081543,35.4351921081543,34.84460584726527,35.4351921081543,14527,0.0,0.0
2018-03-09 00:00:00+08:00,34.778987581778786,35.10708999633789,33.66343344854471,35.10708999633789,27805,0.0,0.0
2018-03-12 00:00:00+08:00,34.25402306029166,35.10708999633789,34.25402306029166,35.10708999633789,15776,0.0,0.0
2018-03-13 00:00:00+08:00,35.10708999633789,35.10708999633789,35.10708999633789,35.10708999633789,0,0.0,0.0
2018-03-14 00:00:00+08:00,33.86030006839939,34.77898883689658,33.86030006839939,33.92591857910156,14461,0.0,0.0
2018-03-15 00:00:00+08:00,34.45088501255568,34.45088501255568,33.991539001464844,33.991539001464844,7935,0.0,0.0
2018-03-16 00:00:00+08:00,33.99153492495405,34.18839700738916,33.663429260253906,33.663429260253906,19721,0.0,0.0
2018-03-19 00:00:00+08:00,33.663429260253906,33.663429260253906,33.3353268865162,33.663429260253906,8740,0.0,0.0
2018-03-20 00:00:00+08:00,32.81036376953125,33.466568543790316,32.1541557043096,32.81036376953125,24453,0.0,0.0
2018-03-21 00:00:00+08:00,32.77755453772091,32.77755453772091,32.154157337736244,32.41664123535156,13399,0.0,0.0
2018-03-22 00:00:00+08:00,32.77755430099075,32.77755430099075,32.08853530883789,32.08853530883789,10517,0.0,0.0
2018-03-23 00:00:00+08:00,29.529325767614477,30.64487648010254,29.529325767614477,30.64487648010254,9455,0.0,0.0
2018-03-26 00:00:00+08:00,30.64487648010254,30.64487648010254,30.64487648010254,30.64487648010254,681,0.0,0.0
2018-03-27 00:00:00+08:00,30.71049690246582,30.71049690246582,30.71049690246582,30.71049690246582,2629,0.0,0.0
2018-03-28 00:00:00+08:00,32.67911706233241,32.777549743652344,32.67911706233241,32.777549743652344,10872,0.0,0.0
2018-03-29 00:00:00+08:00,31.563568786826902,33.13846547835236,31.563568786826902,32.18696594238281,8587,0.0,0.0
2018-03-30 00:00:00+08:00,32.186962809544205,34.12277258929989,32.154151916503906,32.154151916503906,15776,0.0,0.0
2018-04-02 00:00:00+08:00,32.154151916503906,32.154151916503906,32.154151916503906,32.154151916503906,2629,0.0,0.0
2018-04-03 00:00:00+08:00,32.154151916503906,32.154151916503906,32.154151916503906,32.154151916503906,5258,0.0,0.0
2018-04-09 00:00:00+08:00,32.154151916503906,32.154151916503906,32.154151916503906,32.154151916503906,0,0.0,0.0
2018-04-10 00:00:00+08:00,30.841737747192383,30.841737747192383,30.841737747192383,30.841737747192383,3944,0.0,0.0
2018-04-11 00:00:00+08:00,30.90735953711672,30.90735953711672,29.59494677536672,30.841737747192383,19674,0.0,0.0
2018-04-12 00:00:00+08:00,29.529327046161008,32.6791205269408,29.529327046161008,31.169845581054688,3944,0.0,0.0
2018-04-13 00:00:00+08:00,31.333890914916992,31.333890914916992,31.333890914916992,31.333890914916992,1906,0.0,0.0
2018-04-16 00:00:00+08:00,31.333890914916992,31.333890914916992,31.333890914916992,31.333890914916992,1,0.0,0.0
2018-04-17 00:00:00+08:00,31.333890914916992,31.333890914916992,31.333890914916992,31.333890914916992,984,0.0,0.0
2018-04-18 00:00:00+08:00,31.333890914916992,31.333890914916992,31.333890914916992,31.333890914916992,0,0.0,0.0
2018-04-19 00:00:00+08:00,31.333890914916992,31.333890914916992,31.333890914916992,31.333890914916992,0,0.0,0.0
2018-04-20 00:00:00+08:00,28.873118718465168,31.497947692871094,28.873118718465168,31.497947692871094,5653,0.0,0.0
2018-04-23 00:00:00+08:00,31.497947692871094,31.497947692871094,31.497947692871094,31.497947692871094,0,0.0,0.0
2018-04-24 00:00:00+08:00,31.497947692871094,31.497947692871094,31.497947692871094,31.497947692871094,0,0.0,0.0
2018-04-25 00:00:00+08:00,28.87311719495193,29.8574275970459,28.87311719495193,29.8574275970459,6686,0.0,0.0
2018-04-26 00:00:00+08:00,30.841737747192383,31.104221615927337,30.841737747192383,30.841737747192383,9202,0.0,0.0
2018-04-27 00:00:00+08:00,30.513639450073242,30.513639450073242,30.513639450073242,30.513639450073242,11832,0.0,0.0
2018-04-30 00:00:00+08:00,32.71192932128906,32.71192932128906,32.71192932128906,32.71192932128906,1843,0.0,0.0
2018-05-02 00:00:00+08:00,30.841737747192383,30.841737747192383,30.841737747192383,30.841737747192383,1314,0.0,0.0
2018-05-03 00:00:00+08:00,30.841737747192383,30.841737747192383,30.841737747192383,30.841737747192383,0,0.0,0.0
2018-05-04 00:00:00+08:00,30.841737747192383,30.841737747192383,30.841737747192383,30.841737747192383,0,0.0,0.0
2018-05-07 00:00:00+08:00,30.84173648991015,30.84173648991015,27.659132463718876,28.545013427734375,39637,0.0,0.0
2018-05-08 00:00:00+08:00,28.545015074516833,30.185533522692076,28.545015074516833,29.529325485229492,27608,0.0,0.0
2018-05-09 00:00:00+08:00,29.529328924711244,30.513639450073242,29.529328924711244,30.513639450073242,19720,0.0,0.0
2018-05-10 00:00:00+08:00,30.841739626528966,31.497947692871094,30.841739626528966,31.497947692871094,3944,0.0,0.0
2018-05-11 00:00:00+08:00,31.497947692871094,31.497947692871094,31.497947692871094,31.497947692871094,1752,0.0,0.0
2018-05-14 00:00:00+08:00,31.497947692871094,31.497947692871094,31.497947692871094,31.497947692871094,0,0.0,0.0
2018-05-15 00:00:00+08:00,31.497947692871094,31.497947692871094,31.497947692871094,31.497947692871094,0,0.0,0.0
2018-05-16 00:00:00+08:00,30.841736243636152,31.00579071044922,30.841736243636152,31.00579071044922,3944,0.0,0.0
2018-05-17 00:00:00+08:00,31.00579071044922,31.00579071044922,31.00579071044922,31.00579071044922,0,0.0,0.0
2018-05-18 00:00:00+08:00,31.00579071044922,31.00579071044922,31.00579071044922,31.00579071044922,0,0.0,0.0
2018-05-21 00:00:00+08:00,30.841737747192383,30.841737747192383,30.841737747192383,30.841737747192383,4732,0.0,0.0
2018-05-22 00:00:00+08:00,30.841737747192383,30.841737747192383,30.841737747192383,30.841737747192383,2629,0.0,0.0
2018-05-23 00:00:00+08:00,30.841738270078576,30.841738270078576,30.18553352355957,30.18553352355957,2684,0.0,0.0
2018-05-24 00:00:00+08:00,30.185534568750835,32.48225784301758,29.529326508547815,32.48225784301758,18405,0.0,0.0
2018-05-25 00:00:00+08:00,30.841737747192383,30.841737747192383,30.841737747192383,30.841737747192383,2826,0.0,0.0
2018-05-28 00:00:00+08:00,30.18553352355957,30.18553352355957,30.18553352355957,30.18553352355957,2629,0.0,0.0
2018-05-29 00:00:00+08:00,30.841737747192383,30.841737747192383,30.841737747192383,30.841737747192383,1314,0.0,0.0
2018-05-30 00:00:00+08:00,30.841737747192383,30.841737747192383,30.841737747192383,30.841737747192383,0,0.0,0.0
2018-05-31 00:00:00+08:00,30.841737747192383,30.841737747192383,30.841737747192383,30.841737747192383,0,0.0,0.0
2018-06-01 00:00:00+08:00,30.18553352355957,30.18553352355957,30.18553352355957,30.18553352355957,2629,0.0,0.0
2018-06-04 00:00:00+08:00,29.529324985442386,30.841737747192383,29.529324985442386,30.841737747192383,4392,0.0,0.0
2018-06-05 00:00:00+08:00,30.841737747192383,30.841737747192383,30.841737747192383,30.841737747192383,0,0.0,0.0
2018-06-06 00:00:00+08:00,29.56213303326857,29.56213303326857,28.938735961914062,28.938735961914062,9465,0.0,0.0
2018-06-07 00:00:00+08:00,28.938737326248845,28.938737326248845,28.87311553955078,28.87311553955078,7894,0.0,0.0
2018-06-08 00:00:00+08:00,28.80749647464333,29.201220650107132,28.67625617980957,28.67625617980957,15776,0.0,0.0
2018-06-11 00:00:00+08:00,30.84173718897674,30.84173718897674,30.71049690246582,30.71049690246582,3944,0.0,0.0
2018-06-12 00:00:00+08:00,29.529325485229492,29.529325485229492,29.529325485229492,29.529325485229492,5258,0.0,0.0
2018-06-13 00:00:00+08:00,29.529323533644764,29.529323533644764,28.87311553955078,28.87311553955078,7888,0.0,0.0
2018-06-14 00:00:00+08:00,28.87311420009009,31.497942763734642,28.87311420009009,31.30108070373535,26362,0.0,0.0
2018-06-15 00:00:00+08:00,30.18553352355957,30.18553352355957,30.18553352355957,30.18553352355957,2629,0.0,0.0
2018-06-19 00:00:00+08:00,30.18553352355957,30.18553352355957,30.18553352355957,30.18553352355957,2,0.0,0.0
2018-06-20 00:00:00+08:00,27.95442771911621,27.95442771911621,27.95442771911621,27.95442771911621,1756,0.0,0.0
2018-06-21 00:00:00+08:00,29.398088982845366,30.74331283569336,29.398088982845366,30.74331283569336,21034,0.0,0.0
2018-06-22 00:00:00+08:00,33.3353283040515,33.3353283040515,30.841739626528966,31.497947692871094,21038,0.0,0.0
2018-06-25 00:00:00+08:00,30.185534799607254,32.81036376953125,30.185534799607254,32.81036376953125,14792,0.0,0.0
2018-06-26 00:00:00+08:00,30.972979512826313,32.154151916503906,30.84173594066512,32.154151916503906,6573,0.0,0.0
2018-06-27 00:00:00+08:00,31.82605365320468,31.82605365320468,31.169845581054688,31.169845581054688,3944,0.0,0.0
2018-06-28 00:00:00+08:00,31.169845581054688,31.169845581054688,31.169845581054688,31.169845581054688,0,0.0,0.0
2018-06-29 00:00:00+08:00,32.64630889892578,32.64630889892578,32.64630889892578,32.64630889892578,1709,0.0,0.0
2018-07-02 00:00:00+08:00,32.64630889892578,32.64630889892578,32.64630889892578,32.64630889892578,2,0.0,0.0
2018-07-03 00:00:00+08:00,32.154151916503906,32.154151916503906,32.154151916503906,32.154151916503906,6,0.0,0.0
2018-07-04 00:00:00+08:00,30.841737747192383,30.841737747192383,30.841737747192383,30.841737747192383,1509,0.0,0.0
2018-07-05 00:00:00+08:00,30.18553352355957,30.18553352355957,30.18553352355957,30.18553352355957,1511,0.0,0.0
2018-07-06 00:00:00+08:00,29.529326784807296,31.497947692871094,29.332464694000915,31.497947692871094,10525,0.0,0.0
2018-07-09 00:00:00+08:00,31.497947692871094,31.497947692871094,31.497947692871094,31.497947692871094,13146,0.0,0.0
2018-07-10 00:00:00+08:00,31.497947692871094,31.497947692871094,31.497947692871094,31.497947692871094,7888,0.0,0.0
2018-07-11 00:00:00+08:00,30.84173594066512,32.154151916503906,28.87311526786914,32.154151916503906,6576,0.0,0.0
2018-07-12 00:00:00+08:00,30.251150131225586,30.251150131225586,30.251150131225586,30.251150131225586,1314,0.0,0.0
2018-07-13 00:00:00+08:00,32.08853530883789,32.08853530883789,32.08853530883789,32.08853530883789,1446,0.0,0.0
2018-07-16 00:00:00+08:00,32.08853530883789,32.08853530883789,32.08853530883789,32.08853530883789,1314,0.0,0.0
2018-07-17 00:00:00+08:00,30.185533258385494,30.185533258385494,29.8574275970459,29.8574275970459,2629,0.0,0.0
2018-07-18 00:00:00+08:00,29.8574275970459,29.8574275970459,29.8574275970459,29.8574275970459,0,0.0,0.0
2018-07-19 00:00:00+08:00,30.18553124370792,32.154151916503906,30.18553124370792,32.154151916503906,24979,0.0,0.0
2018-07-20 00:00:00+08:00,32.154151916503906,32.154151916503906,32.154151916503906,32.154151916503906,2829,0.0,0.0
2018-07-23 00:00:00+08:00,32.15415523303122,32.15415523303122,30.054290771484375,30.054290771484375,21034,0.0,0.0
2018-07-24 00:00:00+08:00,30.054289941485816,30.18553352355957,30.054289941485816,30.18553352355957,2629,0.0,0.0
2018-07-25 00:00:00+08:00,30.18553352355957,30.18553352355957,30.18553352355957,30.18553352355957,13603,0.0,0.0
2018-07-26 00:00:00+08:00,30.18553352355957,30.18553352355957,30.18553352355957,30.18553352355957,0,0.0,0.0
2018-07-27 00:00:00+08:00,30.513639450073242,30.513639450073242,30.513639450073242,30.513639450073242,1314,0.0,0.0
2018-07-30 00:00:00+08:00,30.513639450073242,30.513639450073242,30.513639450073242,30.513639450073242,0,0.0,0.0
2018-07-31 00:00:00+08:00,30.513639450073242,30.513639450073242,30.513639450073242,30.513639450073242,0,0.0,0.0
2018-08-01 00:00:00+08:00,31.038602828979492,31.038602828979492,31.038602828979492,31.038602828979492,2629,0.0,0.0
2018-08-02 00:00:00+08:00,31.038601159180644,32.02291488647461,30.841739071914358,32.02291488647461,15776,0.0,0.0
2018-08-03 00:00:00+08:00,32.15415436146722,32.15415436146722,30.907360076904297,30.907360076904297,7165,0.0,0.0
2018-08-06 00:00:00+08:00,30.907360076904297,30.907360076904297,30.907360076904297,30.907360076904297,0,0.0,0.0
2018-08-07 00:00:00+08:00,32.02291213570339,32.08853063184718,31.563566207885742,31.563566207885742,10911,0.0,0.0
2018-08-08 00:00:00+08:00,31.563566207885742,31.563566207885742,31.563566207885742,31.563566207885742,19720,0.0,0.0
2018-08-09 00:00:00+08:00,31.563566207885742,31.563566207885742,31.563566207885742,31.563566207885742,0,0.0,0.0
2018-08-10 00:00:00+08:00,31.563566207885742,31.563566207885742,31.563566207885742,31.563566207885742,1314,0.0,0.0
2018-08-13 00:00:00+08:00,31.497944664600755,31.497944664600755,31.235464096069336,31.235464096069336,23664,0.0,0.0
2018-08-14 00:00:00+08:00,30.710499329645575,31.497947692871094,30.710499329645575,31.497947692871094,3944,0.0,0.0
2018-08-15 00:00:00+08:00,31.497947692871094,31.497947692871094,31.497947692871094,31.497947692871094,281,0.0,0.0
2018-08-16 00:00:00+08:00,30.841739144860487,30.841739144860487,30.776120642924873,28.67625617980957,5279,0.0,0.0
2018-08-17 00:00:00+08:00,31.0144175066159,31.507827758789062,31.0144175066159,31.507827758789062,7406,0.283527,1.065
2018-08-20 00:00:00+08:00,32.6356201171875,33.48146757226629,32.424159083236475,32.6356201171875,98755,0.0,0.0
2018-08-21 00:00:00+08:00,32.74135006395004,33.34049238540226,32.70610600747938,33.27000427246094,23805,0.0,0.0
2018-08-22 00:00:00+08:00,33.34049238540226,33.37573644187291,33.199516159519625,33.27000427246094,25923,0.0,0.0
2018-08-23 00:00:00+08:00,32.988059997558594,32.988059997558594,32.988059997558594,32.988059997558594,6172,0.0,0.0
2018-08-24 00:00:00+08:00,33.37574041441185,33.37574041441185,33.199520111083984,33.199520111083984,2502,0.0,0.0
2018-08-27 00:00:00+08:00,32.847085402844456,33.41098372223772,32.42416000366211,32.42416000366211,12344,0.0,0.0
2018-08-28 00:00:00+08:00,32.283185475026805,32.988060071260676,32.14221254734502,32.952816009521484,13578,0.0,0.0
2018-08-29 00:00:00+08:00,32.95281578912241,33.09379203513628,32.91757172761894,33.05854797363281,14340,0.0,0.0
2018-08-30 00:00:00+08:00,33.12903617034133,33.12903617034133,32.60037856588817,33.0233039855957,12343,0.0,0.0
2018-08-31 00:00:00+08:00,32.91757274055925,32.91757274055925,32.81184387207031,32.81184387207031,16439,0.0,0.0
2018-09-03 00:00:00+08:00,32.77660409452304,32.88233297683441,32.4241667418423,32.60038375854492,38267,0.0,0.0
2018-09-04 00:00:00+08:00,32.67086887073363,32.706112934669015,32.4241637424611,32.459407806396484,12344,0.0,0.0
2018-09-05 00:00:00+08:00,32.63562480679824,32.63562480679824,32.459407806396484,32.459407806396484,4937,0.0,0.0
2018-09-06 00:00:00+08:00,32.811841197901984,32.8823259980584,32.49464797973633,32.49464797973633,54315,0.0,0.0
2018-09-07 00:00:00+08:00,32.63562348505938,32.84708786010742,32.21270137351338,32.84708786010742,48285,0.0,0.0
2018-09-10 00:00:00+08:00,32.494647200978385,32.6356201171875,32.494647200978385,32.6356201171875,4937,0.0,0.0
2018-09-11 00:00:00+08:00,32.6356201171875,32.6356201171875,32.6356201171875,32.6356201171875,1234,0.0,0.0
2018-09-12 00:00:00+08:00,32.6356201171875,32.6356201171875,32.6356201171875,32.6356201171875,0,0.0,0.0
2018-09-13 00:00:00+08:00,32.6356201171875,32.6356201171875,32.6356201171875,32.6356201171875,1710,0.0,0.0
2018-09-14 00:00:00+08:00,32.77660369873047,32.77660369873047,32.77660369873047,32.77660369873047,1234,0.0,0.0
2018-09-17 00:00:00+08:00,32.81184387207031,32.81184387207031,32.81184387207031,32.81184387207031,2468,0.0,0.0
2018-09-18 00:00:00+08:00,31.930749893188477,31.930749893188477,31.930749893188477,31.930749893188477,1234,0.0,0.0
2018-09-19 00:00:00+08:00,31.04966064133399,31.860264122589324,31.04966064133399,31.719287872314453,9875,0.0,0.0
2018-09-20 00:00:00+08:00,31.71928553336932,31.930749893188477,31.71928553336932,31.930749893188477,7406,0.0,0.0
2018-09-21 00:00:00+08:00,31.15538844694486,32.00123596191406,31.15538844694486,32.00123596191406,19354,0.0,0.0
2018-09-25 00:00:00+08:00,32.14221492808743,32.42416412360968,31.507828408343546,32.28318786621094,14171,0.0,0.0
2018-09-26 00:00:00+08:00,31.86026507574496,31.86026507574496,31.507827758789062,31.507827758789062,7567,0.0,0.0
2018-09-27 00:00:00+08:00,31.684042765832633,31.684042765832633,31.366852851714935,31.54306983947754,11458,0.0,0.0
2018-09-28 00:00:00+08:00,31.507827758789062,31.578315886035274,31.296366696325585,31.507827758789062,11719,0.0,0.0
2018-10-01 00:00:00+08:00,31.54307308926454,31.684046030143648,31.155391693115234,31.155391693115234,27157,0.0,0.0
2018-10-02 00:00:00+08:00,31.613557815551758,31.613557815551758,31.613557815551758,31.613557815551758,4329,0.0,0.0
2018-10-03 00:00:00+08:00,31.61355785307208,32.03647994995117,31.61355785307208,32.03647994995117,179100,0.0,0.0
2018-10-04 00:00:00+08:00,31.860262998844693,32.03647998619787,31.014415484854563,31.57831382751465,16524,0.0,0.0
2018-10-05 00:00:00+08:00,31.930751195685207,31.930751195685207,31.01441555691478,31.54306983947754,8641,0.0,0.0
2018-10-08 00:00:00+08:00,31.507825924975158,31.507825924975158,30.52100547806361,31.47258186340332,13899,0.0,0.0
2018-10-09 00:00:00+08:00,31.402099609374996,31.402099609374996,31.402099609374996,31.402099609375,2468,0.0,0.0
2018-10-11 00:00:00+08:00,29.604667588041657,30.274298068532,28.265409946335687,30.09807777404785,11145,0.0,0.0
2018-10-12 00:00:00+08:00,30.521003161535095,30.521003161535095,29.604667588041657,30.09807777404785,3703,0.0,0.0
2018-10-15 00:00:00+08:00,30.16856589184151,30.16856589184151,29.46369135245434,30.09807777404785,13590,0.0,0.0
2018-10-16 00:00:00+08:00,29.60467088902968,30.06283706722561,28.89979627104739,29.216989517211914,12344,0.0,0.0
2018-10-17 00:00:00+08:00,29.816132464225177,29.851376527663522,29.25223408776194,29.639915466308594,7779,0.0,0.0
2018-10-18 00:00:00+08:00,28.89979714244438,29.604671781680306,28.688336078383678,29.463695526123047,13699,0.0,0.0
2018-10-19 00:00:00+08:00,28.89979249368359,28.89979249368359,28.194921287106972,28.758819580078125,40736,0.0,0.0
2018-10-22 00:00:00+08:00,28.758819580078125,28.758819580078125,28.758819580078125,28.758819580078125,3586,0.0,0.0
2018-10-23 00:00:00+08:00,27.91297706551444,28.547360267579926,27.490051611528884,28.406387329101562,5048,0.0,0.0
2018-10-24 00:00:00+08:00,27.701510562567627,28.194922418536084,27.067124127699234,27.983461380004883,9875,0.0,0.0
2018-10-25 00:00:00+08:00,26.080301619496918,27.525291442871094,26.080301619496918,27.525291442871094,11145,0.0,0.0
2018-10-26 00:00:00+08:00,26.92615087220861,27.70151192408561,26.503227114722282,27.560537338256836,12344,0.0,0.0
2018-10-29 00:00:00+08:00,27.560537338256836,27.560537338256836,27.560537338256836,27.560537338256836,0,0.0,0.0
2018-10-30 00:00:00+08:00,26.785176429278252,27.490049362182617,26.785176429278252,27.490049362182617,12344,0.0,0.0
2018-10-31 00:00:00+08:00,27.13761418959418,27.384319305419922,27.13761418959418,27.384319305419922,3731,0.0,0.0
2018-11-01 00:00:00+08:00,25.939327239990234,25.939327239990234,25.939327239990234,25.939327239990234,1234,0.0,0.0
2018-11-02 00:00:00+08:00,25.727869189107494,26.714693069458008,25.727869189107494,26.714693069458008,27061,0.0,0.0
2018-11-05 00:00:00+08:00,26.785175179739667,26.855663299560547,26.009814159897015,26.855663299560547,8120,0.0,0.0
2018-11-06 00:00:00+08:00,27.031883784573054,27.06712618725161,26.89090919494629,26.89090919494629,16082,0.0,0.0
2018-11-07 00:00:00+08:00,26.714690543003453,26.89090919494629,26.714690543003453,26.89090919494629,2468,0.0,0.0
2018-11-08 00:00:00+08:00,26.855663299560547,26.855663299560547,26.855663299560547,26.855663299560547,276,0.0,0.0
2018-11-09 00:00:00+08:00,25.833598547904856,26.749932536648398,25.65737989865658,25.974573135375977,20027,0.0,0.0
2018-11-12 00:00:00+08:00,25.093479062784002,26.855662061413902,25.093479062784002,26.64419937133789,23454,0.0,0.0
2018-11-13 00:00:00+08:00,26.644204218073998,26.749934752526343,25.90408715763234,26.397499084472656,11110,0.0,0.0
2018-11-14 00:00:00+08:00,26.221280890898605,27.24334716796875,26.221280890898605,27.24334716796875,8641,0.0,0.0
2018-11-15 00:00:00+08:00,26.115547285837298,27.06712532043457,26.115547285837298,27.06712532043457,4937,0.0,0.0
2018-11-16 00:00:00+08:00,27.03188427706719,27.208101272583008,27.03188427706719,27.208101272583008,8641,0.0,0.0
2018-11-19 00:00:00+08:00,27.45480728149414,27.45480728149414,27.45480728149414,27.45480728149414,2468,0.0,0.0
2018-11-20 00:00:00+08:00,28.68833351135254,28.68833351135254,28.68833351135254,28.68833351135254,1234,0.0,0.0
2018-11-21 00:00:00+08:00,28.653088374157676,29.60466802044669,28.653088374157676,29.428447723388672,7406,0.0,0.0
2018-11-22 00:00:00+08:00,27.137613631297334,29.534181594848633,27.031883106638265,29.534181594848633,8641,0.0,0.0
2018-11-23 00:00:00+08:00,28.899794556491713,29.322719966044954,27.20809955682853,28.68833351135254,14815,0.0,0.0
2018-11-26 00:00:00+08:00,29.60467147827148,29.60467147827148,29.60467147827148,29.604671478271484,1851,0.0,0.0
2018-11-27 00:00:00+08:00,29.32271957397461,29.32271957397461,29.32271957397461,29.32271957397461,18,0.0,0.0
2018-11-28 00:00:00+08:00,29.534180013699135,31.01441391822984,29.534180013699135,30.52100372314453,18516,0.0,0.0
2018-11-29 00:00:00+08:00,30.87343949352062,30.87343949352062,30.309537887573242,30.309537887573242,8641,0.0,0.0
2018-11-30 00:00:00+08:00,31.225878250666,31.225878250666,28.617847442626953,28.617847442626953,5018,0.0,0.0
2018-12-03 00:00:00+08:00,28.899796846259594,30.168569856170933,28.758823911422304,29.604671478271484,32095,0.0,0.0
2018-12-04 00:00:00+08:00,29.252232422666125,29.816130767031137,29.040771373347987,29.534181594848633,53081,0.0,0.0
2018-12-05 00:00:00+08:00,28.265416377832192,29.81613540649414,28.265416377832192,29.81613540649414,8962,0.0,0.0
2018-12-06 00:00:00+08:00,29.816131295716858,29.957107543945312,29.816131295716858,29.957107543945312,11110,0.0,0.0
2018-12-07 00:00:00+08:00,30.16856589184151,30.16856589184151,29.745640504354267,30.09807777404785,7406,0.0,0.0
2018-12-10 00:00:00+08:00,29.252230901598644,30.027590254964398,28.547356348157212,28.89979362487793,10027,0.0,0.0
2018-12-11 00:00:00+08:00,30.027591705322266,30.027591705322266,30.027591705322266,30.027591705322266,1234,0.0,0.0
2018-12-12 00:00:00+08:00,30.098080472898754,30.098080472898754,28.970283764171167,29.957107543945312,13578,0.0,0.0
2018-12-13 00:00:00+08:00,29.957107543945312,29.957107543945312,29.957107543945312,29.957107543945312,0,0.0,0.0
2018-12-14 00:00:00+08:00,29.252230901598644,29.252230901598644,28.89979362487793,28.89979362487793,2468,0.0,0.0
2018-12-17 00:00:00+08:00,28.89979362487793,28.89979362487793,28.89979362487793,28.89979362487793,0,0.0,0.0
2018-12-18 00:00:00+08:00,29.463691939921162,29.463691939921162,28.89979362487793,28.89979362487793,3703,0.0,0.0
2018-12-19 00:00:00+08:00,28.89979362487793,28.89979362487793,28.89979362487793,28.89979362487793,0,0.0,0.0
2018-12-20 00:00:00+08:00,28.89979362487793,28.89979362487793,28.89979362487793,28.89979362487793,0,0.0,0.0
2018-12-21 00:00:00+08:00,29.6046688830103,29.6046688830103,29.25223159790039,29.25223159790039,2468,0.0,0.0
2018-12-24 00:00:00+08:00,30.098076859889606,30.309537887573242,29.95710394785872,30.309537887573242,17899,0.0,0.0
2018-12-25 00:00:00+08:00,30.309537887573242,30.309537887573242,30.309537887573242,30.309537887573242,0,0.0,0.0
2018-12-26 00:00:00+08:00,29.60466813278983,30.52100372314453,29.60466813278983,30.52100372314453,43822,0.0,0.0
2018-12-27 00:00:00+08:00,30.873438154512524,30.873438154512524,30.168563667105282,30.73246192932129,44440,0.0,0.0
2018-12-28 00:00:00+08:00,30.873445664532017,30.873445664532017,30.661981275306083,30.80295753479004,9115,0.0,0.0
2019-01-02 00:00:00+08:00,30.943927218890817,31.648801803588867,30.30954075651756,31.648801803588867,20193,0.0,0.0
2019-01-03 00:00:00+08:00,31.64880202370007,32.28318517121041,30.732466384929644,31.54306983947754,40740,0.0,0.0
2019-01-04 00:00:00+08:00,32.142213303864004,32.142213303864004,31.08490470390271,31.719287872314453,13578,0.0,0.0
2019-01-07 00:00:00+08:00,32.071727302217646,34.89121930164497,31.719289972470406,34.18634796142578,179888,0.0,0.0
2019-01-08 00:00:00+08:00,34.1158503367813,34.1158503367813,32.63561661922948,33.692928314208984,76768,0.0,0.0
2019-01-09 00:00:00+08:00,33.692934292966065,34.115856390585236,32.8470867784528,34.01012420654297,16168,0.0,0.0
2019-01-10 00:00:00+08:00,34.01012420654297,34.01012420654297,34.01012420654297,34.01012420654297,0,0.0,0.0
2019-01-11 00:00:00+08:00,34.18634456763381,35.45511418178349,34.18634456763381,35.10268020629883,8727,0.0,0.0
2019-01-14 00:00:00+08:00,35.17316850158771,35.17316850158771,34.18634796142578,34.18634796142578,2468,0.0,0.0
2019-01-15 00:00:00+08:00,34.18634803837025,34.18634803837025,33.90439883779292,34.15110397338867,3703,0.0,0.0
2019-01-16 00:00:00+08:00,34.186346493912815,34.256834620691485,33.55195999145508,33.55195999145508,12344,0.0,0.0
2019-01-17 00:00:00+08:00,33.55195999145508,33.763421052515945,33.48147186467641,33.55195999145508,46908,0.0,0.0
2019-01-18 00:00:00+08:00,33.48147186467641,33.55195999145508,33.27001080361554,33.55195999145508,29626,0.0,0.0
2019-01-21 00:00:00+08:00,33.692935151348436,33.90439620554533,33.55195890236715,33.83390808105469,48143,0.0,0.0
2019-01-22 00:00:00+08:00,33.904389325495146,34.04536222659446,33.692928314208984,33.692928314208984,33576,0.0,0.0
2019-01-23 00:00:00+08:00,33.904393092716106,33.97487789146037,33.69293205793387,33.72817611694336,29626,0.0,0.0
2019-01-24 00:00:00+08:00,33.728172774604886,33.728172774604886,33.19951526112522,33.48146438598633,34564,0.0,0.0
2019-01-25 00:00:00+08:00,33.62244819382368,33.692936320760815,33.4109871322874,33.51671600341797,22264,0.0,0.0
2019-01-28 00:00:00+08:00,33.62244020402215,33.83390121530831,33.44622324782941,33.692928314208984,20985,0.0,0.0
2019-01-29 00:00:00+08:00,33.55195421591664,34.11585249452786,33.27000507661103,34.04536437988281,80239,0.0,0.0
2019-01-30 00:00:00+08:00,34.11585646419974,34.18634458704668,33.833907292086934,33.97488021850586,19510,0.0,0.0
2019-02-11 00:00:00+08:00,34.46829635518866,34.46829635518866,33.97488277737288,34.32732009887695,158651,0.0,0.0
2019-02-12 00:00:00+08:00,34.32731751346561,34.46829375915949,33.97488021850586,33.97488021850586,14813,0.0,0.0
2019-02-13 00:00:00+08:00,33.83390793294682,34.25683335876429,33.83390793294682,33.904396057128906,7406,0.0,0.0
2019-02-14 00:00:00+08:00,33.8339087613153,35.17316655718931,33.8339087613153,34.60926818847656,153379,0.0,0.0
2019-02-15 00:00:00+08:00,34.820729661141776,34.89121446189407,34.01012291937959,34.397804260253906,79004,0.0,0.0
2019-02-18 00:00:00+08:00,35.94852883956599,35.94852883956599,34.39780668598665,34.82073211669922,73627,0.0,0.0
2019-02-19 00:00:00+08:00,34.32731964542542,34.609268835049185,33.55196020377884,34.53878402709961,65928,0.0,0.0
2019-02-20 00:00:00+08:00,33.90440134334658,34.609272737242634,33.69294025710532,34.503543853759766,50933,0.0,0.0
2019-02-21 00:00:00+08:00,34.25683483747584,34.53878402709961,34.25683483747584,34.53878402709961,46228,0.0,0.0
2019-02-22 00:00:00+08:00,34.538779433428665,34.679752349853516,34.25683028130424,34.679752349853516,40736,0.0,0.0
2019-02-25 00:00:00+08:00,34.67975696227392,34.82073321672338,34.39780777265015,34.53878402709961,21364,0.0,0.0
2019-02-26 00:00:00+08:00,34.609268835049185,34.609268835049185,34.53878402709961,34.53878402709961,9875,0.0,0.0
2019-02-27 00:00:00+08:00,34.397807923491555,34.538784178559226,33.833909541771206,34.46829605102539,29706,0.0,0.0
2019-03-04 00:00:00+08:00,34.397807923491555,34.46829605102539,34.186346860165216,34.46829605102539,8641,0.0,0.0
2019-03-05 00:00:00+08:00,34.43305198725847,34.538784178559226,34.32731979595772,34.46829605102539,29626,0.0,0.0
2019-03-06 00:00:00+08:00,34.53878283643625,35.737064361572266,34.39780658684669,35.737064361572266,331924,0.0,0.0
2019-03-07 00:00:00+08:00,35.807552337646484,36.65339987384561,35.31414210468242,35.807552337646484,83942,0.0,0.0
2019-03-08 00:00:00+08:00,36.723887313342516,37.92217213042528,36.582914386243054,37.005836486816406,191419,0.0,0.0
2019-03-11 00:00:00+08:00,36.653401522961516,36.653401522961516,36.019018331726166,36.37145233154297,58299,0.0,0.0
2019-03-12 00:00:00+08:00,36.37145233154297,36.37145233154297,36.15999126779785,36.37145233154297,18769,0.0,0.0
2019-03-13 00:00:00+08:00,36.30096722170226,36.582916410779504,36.23047909461416,36.512428283691406,22163,0.0,0.0
2019-03-14 00:00:00+08:00,35.87804177844881,36.512428283691406,35.87804177844881,36.512428283691406,18757,0.0,0.0
2019-03-15 00:00:00+08:00,36.37145313327092,36.51242939172529,36.019019125685496,36.2304801940918,27157,0.0,0.0
2019-03-18 00:00:00+08:00,36.65340121859246,36.65340121859246,36.512428283691406,36.512428283691406,24769,0.0,0.0
2019-03-19 00:00:00+08:00,36.51242540076146,36.51242540076146,36.30096435546875,36.30096435546875,22220,0.0,0.0
2019-03-20 00:00:00+08:00,36.582913522283995,36.65339832453164,36.15998811242368,36.30096435546875,37148,0.0,0.0
2019-03-21 00:00:00+08:00,36.30096707185226,36.582916259765625,36.30096707185226,36.582916259765625,24723,0.0,0.0
2019-03-22 00:00:00+08:00,36.65339957116933,36.65339957116933,35.94852828979492,35.94852828979492,24775,0.0,0.0
2019-03-25 00:00:00+08:00,35.73706270256337,36.582913522283995,35.455113535748126,36.30096435546875,160564,0.0,0.0
2019-03-26 00:00:00+08:00,36.08950314012442,36.37145233154297,35.59609288496076,36.37145233154297,23454,0.0,0.0
2019-03-27 00:00:00+08:00,36.019015188653505,36.30096435546875,35.94852706713097,36.30096435546875,13659,0.0,0.0
2019-03-28 00:00:00+08:00,36.15998811242368,36.72388644605417,36.08949999090115,36.30096435546875,11386,0.0,0.0
2019-03-29 00:00:00+08:00,36.019016413714866,36.23047746619969,35.314141813065454,35.94852828979492,27157,0.0,0.0
2019-04-01 00:00:00+08:00,36.15998811242368,36.51242540076146,35.73706270256337,36.30096435546875,24182,0.0,0.0
2019-04-02 00:00:00+08:00,36.0895012183598,36.0895012183598,35.59609098947021,35.94852828979492,8702,0.0,0.0
2019-04-03 00:00:00+08:00,35.7370639180351,35.94852828979492,35.7370639180351,35.94852828979492,6859,0.0,0.0
2019-04-08 00:00:00+08:00,36.30096265390236,36.65339660644531,36.23047453568388,36.65339660644531,37229,0.0,0.0
2019-04-09 00:00:00+08:00,36.58291752095248,36.58291752095248,35.243656342736955,36.2304801940918,22300,0.0,0.0
2019-04-10 00:00:00+08:00,35.948525973649595,35.948525973649595,34.89121414079755,35.45511245727539,58018,0.0,0.0
2019-04-11 00:00:00+08:00,35.243653132637704,35.243653132637704,34.36256155537614,35.10268020629883,70363,0.0,0.0
2019-04-12 00:00:00+08:00,35.10268020629883,35.10268020629883,34.46829373958651,35.10268020629883,54007,0.0,0.0
2019-04-15 00:00:00+08:00,34.961707038145,35.208412170410156,34.78549003489139,35.208412170410156,11110,0.0,0.0
2019-04-16 00:00:00+08:00,35.243648529052734,35.45510955057713,34.89121128032907,35.243648529052734,6300,0.0,0.0
2019-04-17 00:00:00+08:00,35.208409366770454,35.52560260278911,34.96170425415039,34.96170425415039,139492,0.0,0.0
2019-04-18 00:00:00+08:00,35.032192377548974,35.032192377548974,34.574022894733154,34.96170425415039,21713,0.0,0.0
2019-04-19 00:00:00+08:00,34.82072462105486,34.96169752142931,34.75023651123047,34.75023651123047,6332,0.0,0.0
2019-04-22 00:00:00+08:00,35.59608407743599,35.59608407743599,34.64450454711914,34.64450454711914,10611,0.0,0.0
2019-04-23 00:00:00+08:00,34.75023837240431,35.243648529052734,34.679750258804674,35.243648529052734,147795,0.0,0.0
2019-04-24 00:00:00+08:00,34.96170425415039,35.10268050094756,34.750243203229616,34.96170425415039,16047,0.0,0.0
2019-04-25 00:00:00+08:00,35.17316436767578,35.17316436767578,35.17316436767578,35.17316436767578,1234,0.0,0.0
2019-04-26 00:00:00+08:00,34.961699393928704,35.243648529052734,34.397801123680644,35.243648529052734,25923,0.0,0.0
2019-04-29 00:00:00+08:00,35.45511618883703,36.582916259765625,35.17316700092367,36.582916259765625,179629,0.0,0.0
2019-04-30 00:00:00+08:00,36.9353515285379,36.9353515285379,36.089503935637424,36.2304801940918,62276,0.0,0.0
2019-05-02 00:00:00+08:00,36.230473842462565,37.92216873168945,36.230473842462565,37.92216873168945,89104,0.0,0.0
2019-05-03 00:00:00+08:00,39.33191949624688,41.658001095843346,38.27461088525761,41.5875129699707,616166,0.0,0.0
2019-05-06 00:00:00+08:00,38.27461088525761,41.5875129699707,38.27461088525761,41.5875129699707,324918,0.0,0.0
2019-05-07 00:00:00+08:00,42.433360522617136,42.433360522617136,39.47289574799216,41.5875129699707,243267,0.0,0.0
2019-05-08 00:00:00+08:00,40.88264223872881,40.88264223872881,40.248255735585666,40.459716796875,50697,0.0,0.0
2019-05-09 00:00:00+08:00,40.45971555833948,40.45971555833948,38.556559426443776,38.83850860595703,97274,0.0,0.0
2019-05-10 00:00:00+08:00,36.01901267764636,37.99265670776367,35.66657541387817,37.99265670776367,144485,0.0,0.0
2019-05-13 00:00:00+08:00,37.28778772383505,37.4992487858242,35.948529905536915,36.512428283691406,79809,0.0,0.0
2019-05-14 00:00:00+08:00,36.30096612950279,38.76802062988281,35.24365421281845,38.76802062988281,106166,0.0,0.0
2019-05-15 00:00:00+08:00,37.781197389503866,38.415583884917005,37.56973633079118,37.64022445678711,17460,0.0,0.0
2019-05-16 00:00:00+08:00,37.64022445678711,37.99266176749165,37.21729902008664,37.64022445678711,21163,0.0,0.0
2019-05-17 00:00:00+08:00,37.00583449276811,37.499244689941406,36.44193617620582,37.499244689941406,18516,0.0,0.0
2019-05-20 00:00:00+08:00,37.99266040493675,37.99266040493675,36.86486038727422,36.93534851074219,9875,0.0,0.0
2019-05-21 00:00:00+08:00,36.86486132847695,36.86486132847695,36.7238883972168,36.7238883972168,12344,0.0,0.0
2019-05-22 00:00:00+08:00,36.512434110925284,36.8648681640625,36.44194597258757,36.8648681640625,6172,0.0,0.0
2019-05-23 00:00:00+08:00,36.15998811242368,36.30096435546875,35.80755082408591,36.30096435546875,22275,0.0,0.0
2019-05-24 00:00:00+08:00,36.30096265390236,36.65339660644531,35.94852538208468,36.65339660644531,28392,0.0,0.0
2019-05-27 00:00:00+08:00,36.653401522961516,36.723889650634945,36.30096752314471,36.37145233154297,39735,0.0,0.0
2019-05-28 00:00:00+08:00,36.08950424194336,36.3009686314197,35.94853130156775,36.08950424194336,12344,0.0,0.0
2019-05-29 00:00:00+08:00,36.3009686314197,36.3009686314197,36.08950424194336,36.08950424194336,8641,0.0,0.0
2019-05-30 00:00:00+08:00,35.94852433500651,36.08949724806261,35.94852433500651,36.019012451171875,13585,0.0,0.0
2019-05-31 00:00:00+08:00,36.08950028123072,36.15998840332031,35.45511382097424,36.15998840332031,25923,0.0,0.0
2019-06-03 00:00:00+08:00,35.80754810267578,36.019012451171875,35.666575189619685,36.019012451171875,3708,0.0,0.0
2019-06-04 00:00:00+08:00,35.9485287359566,35.9485287359566,35.66657955605253,35.737064361572266,6172,0.0,0.0
2019-06-05 00:00:00+08:00,35.737064361572266,35.737064361572266,35.737064361572266,35.737064361572266,2481,0.0,0.0
2019-06-06 00:00:00+08:00,35.807552337646484,35.807552337646484,35.807552337646484,35.807552337646484,6296,0.0,0.0
2019-06-10 00:00:00+08:00,35.66657389137603,35.66657389137603,35.243648529052734,35.243648529052734,24688,0.0,0.0
2019-06-11 00:00:00+08:00,35.24365758162381,35.87804412841797,34.89122024237424,35.87804412841797,41971,0.0,0.0
2019-06-12 00:00:00+08:00,35.59609098947021,35.94852828979492,35.45511474163033,35.94852828979492,14813,0.0,0.0
2019-06-13 00:00:00+08:00,35.737061327770824,35.8075494465817,35.59608840942383,35.59608840942383,7711,0.0,0.0
2019-06-14 00:00:00+08:00,35.4551092749784,35.73705840791079,35.38462448120117,35.38462448120117,13578,0.0,0.0
2019-06-17 00:00:00+08:00,34.39780085630056,35.38462448120117,34.39780085630056,35.38462448120117,8135,0.0,0.0
2019-06-18 00:00:00+08:00,35.31413925345507,35.87803756539258,35.31413925345507,35.59608840942383,50612,0.0,0.0
2019-06-19 00:00:00+08:00,35.4551151816682,35.737064361572266,35.2436541265589,35.737064361572266,27157,0.0,0.0
2019-06-20 00:00:00+08:00,35.384627372265946,35.66657652823471,35.17316301583331,35.59608840942383,17282,0.0,0.0
2019-06-21 00:00:00+08:00,35.384632263075126,35.80755439584652,35.24365600596784,35.314144134521484,12344,0.0,0.0
2019-06-24 00:00:00+08:00,35.384624756252,35.596085777776395,35.243648529052734,35.243648529052734,4937,0.0,0.0
2019-06-25 00:00:00+08:00,35.596085777776395,35.596085777776395,34.89121128032907,35.243648529052734,24688,0.0,0.0
2019-06-26 00:00:00+08:00,35.243648529052734,35.878034912900425,35.1731604154531,35.243648529052734,32095,0.0,0.0
2019-06-27 00:00:00+08:00,35.314144134521484,35.66658145801446,35.17316787741421,35.314144134521484,8641,0.0,0.0
2019-06-28 00:00:00+08:00,35.384627372265946,35.59608840942383,35.384627372265946,35.59608840942383,2468,0.0,0.0
2019-07-01 00:00:00+08:00,35.384624756252,35.384624756252,35.03218750752834,35.243648529052734,49377,0.0,0.0
2019-07-02 00:00:00+08:00,35.243646641452536,35.31413475127693,34.75023651123047,34.75023651123047,25682,0.0,0.0
2019-07-03 00:00:00+08:00,34.891221298131605,35.032197565807316,34.57402801513672,34.57402801513672,9875,0.0,0.0
2019-07-04 00:00:00+08:00,34.891216204339656,35.102680574981406,34.53878222515339,34.92646026611328,49377,0.0,0.0
2019-07-05 00:00:00+08:00,35.10267882197542,35.10267882197542,34.397804260253906,34.397804260253906,50612,0.0,0.0
2019-07-08 00:00:00+08:00,33.65768635579444,34.32731348646022,33.129032135009766,33.129032135009766,128382,0.0,0.0
2019-07-09 00:00:00+08:00,32.74135082410621,33.129032135009766,32.35366951320266,33.129032135009766,32095,0.0,0.0
2019-07-10 00:00:00+08:00,33.129032135009766,33.129032135009766,32.98805590585409,33.129032135009766,13578,0.0,0.0
2019-07-11 00:00:00+08:00,32.776597807219964,33.30525207519531,32.776597807219964,33.30525207519531,13702,0.0,0.0
2019-07-12 00:00:00+08:00,33.481471714603856,33.6224479675293,33.34049878095353,33.6224479675293,19751,0.0,0.0
2019-07-15 00:00:00+08:00,33.41098690741625,33.83390902764234,33.41098690741625,33.6224479675293,19751,0.0,0.0
2019-07-16 00:00:00+08:00,33.76341995656405,34.186345384232865,33.692935151348436,33.83390808105469,50612,0.0,0.0
2019-07-17 00:00:00+08:00,33.83390808105469,34.39780643842977,33.76341995656405,33.83390808105469,54395,0.0,0.0
2019-07-18 00:00:00+08:00,34.256836091230284,34.39780903156401,33.76342250187404,34.18634796142578,34964,0.0,0.0
2019-07-19 00:00:00+08:00,34.18633948237749,35.05364599801059,34.18633948237749,34.5477180480957,25923,0.972096,0.0
2019-07-22 00:00:00+08:00,34.619996445115014,34.764549255371094,34.25862122644458,34.764549255371094,28392,0.0,0.0
2019-07-23 00:00:00+08:00,34.5477180480957,34.764543826132886,34.51157985117545,34.5477180480957,12970,0.0,0.0
2019-07-24 00:00:00+08:00,34.40316976862735,35.92095722074816,34.40316976862735,35.63185501098633,64561,0.0,0.0
2019-07-25 00:00:00+08:00,35.198197608303076,36.78826135593553,34.90909541814123,36.28233337402344,107396,0.0,0.0
2019-07-26 00:00:00+08:00,36.137781408700505,36.35460720543973,35.198198418184326,35.4150276184082,43329,0.0,0.0
2019-07-29 00:00:00+08:00,35.270478865877976,35.4873046875,34.909100227517904,35.4873046875,57047,0.0,0.0
2019-07-30 00:00:00+08:00,35.451167163730034,35.48730536860815,35.0175155121629,35.053653717041016,17837,0.0,0.0
2019-07-31 00:00:00+08:00,34.872961374024634,35.16206359863281,33.824967086126854,35.16206359863281,54315,0.0,0.0
2019-08-01 00:00:00+08:00,35.19819997121438,35.48730218078412,35.12592697143555,35.12592697143555,17282,0.0,0.0
2019-08-02 00:00:00+08:00,35.19820377820581,35.3788948059082,34.40317346677079,35.3788948059082,57061,0.0,0.0
2019-08-05 00:00:00+08:00,35.08979192191913,35.08979192191913,34.692275071745,35.053653717041016,11190,0.0,0.0
2019-08-06 00:00:00+08:00,34.33089642644899,35.053653717041016,33.75269195536941,35.053653717041016,22220,0.0,0.0
2019-08-07 00:00:00+08:00,34.981377307284795,35.19820313306836,34.83682448777234,35.053653717041016,19751,0.0,0.0
2019-08-08 00:00:00+08:00,35.270473287241806,35.99323044964539,35.19819689030455,35.70412826538086,48169,0.0,0.0
2019-08-12 00:00:00+08:00,36.137781408700505,36.137781408700505,35.4150276184082,35.4150276184082,24688,0.0,0.0
2019-08-13 00:00:00+08:00,35.19819997121438,35.41502918100529,34.258620342726324,35.12592697143555,19751,0.0,0.0
2019-08-14 00:00:00+08:00,34.90909502940254,35.05364782461605,34.186341263788606,34.33089065551758,37280,0.0,0.0
2019-08-15 00:00:00+08:00,34.40316543629514,34.54771822471517,33.82496108958377,34.11406326293945,20144,0.0,0.0
2019-08-16 00:00:00+08:00,33.96952535716516,34.25862762821581,33.60814666748047,33.60814666748047,46908,0.0,0.0
2019-08-19 00:00:00+08:00,33.824963286155,33.96951608396219,33.24675890189541,33.897239685058594,40102,0.0,0.0
2019-08-20 00:00:00+08:00,33.96951990958157,34.18634572722652,33.21062444259681,33.39131546020508,59253,0.0,0.0
2019-08-21 00:00:00+08:00,33.391320815063864,33.60814666748047,33.391320815063864,33.60814666748047,3703,0.0,0.0
2019-08-22 00:00:00+08:00,33.60814377511489,33.60814377511489,33.1022122917033,33.49972915649414,24688,0.0,0.0
2019-08-23 00:00:00+08:00,33.10221008015924,33.53586512218469,33.10221008015924,33.46358871459961,4937,0.0,0.0
2019-08-26 00:00:00+08:00,33.31903772618629,33.53586353519585,33.246761322021484,33.246761322021484,4937,0.0,0.0
2019-08-27 00:00:00+08:00,33.102208513691885,33.246761322021484,32.596280491507954,33.246761322021484,50171,0.0,0.0
2019-08-28 00:00:00+08:00,33.17448582705469,33.17448582705469,32.88538360595703,32.88538360595703,6172,0.0,0.0
2019-08-29 00:00:00+08:00,32.88538294155063,33.10220875212196,32.813106536865234,32.813106536865234,18541,0.0,0.0
2019-08-30 00:00:00+08:00,32.84924247033057,32.885380670177234,32.34331447944667,32.52400207519531,46908,0.0,0.0
2019-09-02 00:00:00+08:00,32.52400114347002,32.52400114347002,32.09034956470238,32.379451751708984,23730,0.0,0.0
2019-09-03 00:00:00+08:00,32.090350484004716,32.52400207519531,31.945797684618096,32.52400207519531,48143,0.0,0.0
2019-09-04 00:00:00+08:00,32.23490341265496,32.524005639627404,32.198765208847774,32.45173263549805,19899,0.0,0.0
2019-09-05 00:00:00+08:00,32.81310813002736,32.88538453822197,31.801252029243013,32.0180778503418,91420,0.0,0.0
2019-09-06 00:00:00+08:00,31.873528437437617,32.0903542585364,30.35574088277606,32.0180778503418,106162,0.0,0.0
2019-09-10 00:00:00+08:00,32.16263223468698,32.37945806635621,32.01807941125069,32.23490524291992,17282,0.0,0.0
2019-09-11 00:00:00+08:00,32.162628173828125,32.37945397812089,32.12648997253187,32.162628173828125,9875,0.0,0.0
2019-09-12 00:00:00+08:00,32.162625962325166,32.379451751708984,32.162625962325166,32.379451751708984,3703,0.0,0.0
2019-09-16 00:00:00+08:00,32.30717757552838,32.30717757552838,31.801249564350332,32.162628173828125,7406,0.0,0.0
2019-09-17 00:00:00+08:00,32.162628173828125,32.30717757552838,31.94579896605059,32.162628173828125,14813,0.0,0.0
2019-09-18 00:00:00+08:00,32.16263066673101,32.16263066673101,32.0180778503418,32.0180778503418,4937,0.0,0.0
2019-09-19 00:00:00+08:00,32.0180778503418,32.0180778503418,31.873528437437617,32.0180778503418,12540,0.0,0.0
2019-09-20 00:00:00+08:00,32.018081338527516,32.12649596263058,31.981943130493164,31.981943130493164,4937,0.0,0.0
2019-09-23 00:00:00+08:00,31.981937167346842,32.162628173828125,31.873525966942847,32.162628173828125,17376,0.0,0.0
2019-09-24 00:00:00+08:00,32.09035177123561,32.162628173828125,31.94579896605059,32.162628173828125,9875,0.0,0.0
2019-09-25 00:00:00+08:00,32.16262782324077,32.16262782324077,31.873525619506836,31.873525619506836,12344,0.0,0.0
2019-09-26 00:00:00+08:00,31.801249104834774,31.909663707156994,31.403732299804688,31.403732299804688,3979,0.0,0.0
2019-09-27 00:00:00+08:00,31.945801779543142,31.945801779543142,31.51215013276556,31.801252365112305,3703,0.0,0.0
2019-10-01 00:00:00+08:00,31.51214599609375,31.51214599609375,31.51214599609375,31.51214599609375,1234,0.0,0.0
2019-10-02 00:00:00+08:00,31.439869571363726,31.439869571363726,31.25918197631836,31.25918197631836,2468,0.0,0.0
2019-10-03 00:00:00+08:00,31.22304468153605,31.22304468153605,31.150768280029297,31.150768280029297,4506,0.0,0.0
2019-10-04 00:00:00+08:00,31.07849343970489,31.259184452548514,30.60870361328125,30.60870361328125,19751,0.0,0.0
2019-10-07 00:00:00+08:00,30.500289585230167,30.500289585230167,30.2111873626709,30.2111873626709,11203,0.0,0.0
2019-10-08 00:00:00+08:00,30.21118557932307,31.078492195804298,30.21118557932307,30.933942794799805,22220,0.0,0.0
2019-10-09 00:00:00+08:00,30.933942794799805,31.04235739816674,30.572564187061438,30.933942794799805,9875,0.0,0.0
2019-10-14 00:00:00+08:00,30.933942794799805,31.078492195804298,30.789389990310557,30.933942794799805,19751,0.0,0.0
2019-10-15 00:00:00+08:00,30.933939916036376,31.15076569910733,30.717114132965424,31.078489303588867,33453,0.0,0.0
2019-10-16 00:00:00+08:00,30.933943115064267,30.933943115064267,30.717117309570312,30.717117309570312,7406,0.0,0.0
2019-10-17 00:00:00+08:00,30.644841815849976,30.861667627777432,30.60870361328125,30.60870361328125,9875,0.0,0.0
2019-10-18 00:00:00+08:00,30.86166671207135,30.86166671207135,30.608702705080944,30.717117309570312,8641,0.0,0.0
2019-10-21 00:00:00+08:00,30.71711855374757,30.933944368023916,30.64484214782715,30.64484214782715,8641,0.0,0.0
2019-10-22 00:00:00+08:00,31.295322075603032,31.36759507591727,30.717117652180175,31.0062198638916,54315,0.0,0.0
2019-10-23 00:00:00+08:00,30.825523715136203,30.861661911010746,30.500283355749595,30.861661911010742,27157,0.0,0.0
2019-10-24 00:00:00+08:00,30.825525283813477,30.825525283813477,30.825525283813477,30.825525283813477,1234,0.0,0.0
2019-10-25 00:00:00+08:00,30.6809743351223,30.861661911010746,30.247319388112068,30.861661911010742,14813,0.0,0.0
2019-10-28 00:00:00+08:00,30.71711855374757,30.71711855374757,30.211187115789535,30.64484214782715,29903,0.0,0.0
2019-10-29 00:00:00+08:00,30.64484214782715,30.64484214782715,30.64484214782715,30.64484214782715,0,0.0,0.0
2019-10-30 00:00:00+08:00,30.717117309570312,30.717117309570312,30.717117309570312,30.717117309570312,1234,0.0,0.0
2019-10-31 00:00:00+08:00,30.319603296021373,30.42801791052073,29.958224651175282,30.355741500854492,40736,0.0,0.0
2019-11-01 00:00:00+08:00,30.355735441882672,30.355735441882672,29.77753108693193,30.319597244262695,11110,0.0,0.0
2019-11-04 00:00:00+08:00,29.88594413251341,30.066635131835938,29.77753293640453,30.066635131835938,12344,0.0,0.0
2019-11-05 00:00:00+08:00,29.88594413251341,30.066635131835938,29.705256536675517,30.066635131835938,18516,0.0,0.0
2019-11-06 00:00:00+08:00,29.163191430473734,29.632981239218022,29.163191430473734,29.271602630615234,8641,0.0,0.0
2019-11-07 00:00:00+08:00,29.01863862563871,29.416155435450253,29.01863862563871,29.271602630615234,9875,0.0,0.0
2019-11-08 00:00:00+08:00,29.01863862563871,29.416155435450253,29.01863862563871,29.271602630615234,9875,0.0,0.0
2019-11-11 00:00:00+08:00,29.452293395996094,29.452293395996094,29.452293395996094,29.452293395996094,1234,0.0,0.0
2019-11-12 00:00:00+08:00,29.271603626936542,29.45229463913052,29.163192423105034,29.38001823425293,7406,0.0,0.0
2019-11-13 00:00:00+08:00,29.271603626936542,29.45229463913052,29.163192423105034,29.38001823425293,7406,0.0,0.0
2019-11-14 00:00:00+08:00,28.9102284155561,29.63298225402832,28.9102284155561,29.63298225402832,6172,0.0,0.0
2019-11-15 00:00:00+08:00,29.669121457532636,29.669121457532636,28.982505798339844,28.982505798339844,8652,0.0,0.0
2019-11-18 00:00:00+08:00,29.63297771922377,29.81366870380392,29.307737350463867,29.307737350463867,6172,0.0,0.0
2019-11-19 00:00:00+08:00,29.63298225402832,29.63298225402832,29.63298225402832,29.63298225402832,1234,0.0,0.0
2019-11-20 00:00:00+08:00,29.63298225402832,29.63298225402832,29.63298225402832,29.63298225402832,1628,0.0,0.0
2019-11-21 00:00:00+08:00,29.705257061994192,29.705257061994192,29.416154861450195,29.416154861450195,3703,0.0,0.0
2019-11-22 00:00:00+08:00,29.705257061994192,29.705257061994192,29.416154861450195,29.416154861450195,3703,0.0,0.0
2019-11-25 00:00:00+08:00,29.19932939308661,29.452293395996094,29.19932939308661,29.452293395996094,6172,0.0,0.0
2019-11-26 00:00:00+08:00,29.19932939308661,29.452293395996094,29.19932939308661,29.452293395996094,6172,0.0,0.0
2019-11-27 00:00:00+08:00,29.199331283569336,29.199331283569336,29.199331283569336,29.199331283569336,2468,0.0,0.0
2019-11-28 00:00:00+08:00,29.199329723448145,29.560704929701874,29.090915119481163,29.488431930541992,11110,0.0,0.0
2019-11-29 00:00:00+08:00,29.452295636606483,29.488433840269188,29.054778799801703,29.235469818115234,9875,0.0,0.0
2019-12-02 00:00:00+08:00,29.127053548595647,29.127053548595647,29.054777145385742,29.054777145385742,2468,0.0,0.0
2019-12-03 00:00:00+08:00,29.054778802186195,29.054778802186195,28.982505798339844,28.982505798339844,3703,0.0,0.0
2019-12-04 00:00:00+08:00,29.054778802186195,29.054778802186195,28.982505798339844,28.982505798339844,3703,0.0,0.0
2019-12-05 00:00:00+08:00,28.765673999926115,28.80181220035504,28.657262802124023,28.657262802124023,13578,0.0,0.0
2019-12-06 00:00:00+08:00,28.657262802124023,28.657262802124023,28.657262802124023,28.657262802124023,0,0.0,0.0
2019-12-09 00:00:00+08:00,28.042919823757856,28.115196228027344,28.042919823757856,28.115196228027344,2468,0.0,0.0
2019-12-10 00:00:00+08:00,28.042919823757856,28.115196228027344,28.042919823757856,28.115196228027344,2468,0.0,0.0
2019-12-11 00:00:00+08:00,27.681544466119853,27.826095581054688,27.39244223625018,27.826095581054688,51846,0.0,0.0
2019-12-12 00:00:00+08:00,28.18746961978382,28.910226821899414,27.826092720468367,28.910226821899414,16047,0.0,0.0
2019-12-13 00:00:00+08:00,28.621124621750113,28.910226821899414,28.404297120766966,28.910226821899414,14813,0.0,0.0
2019-12-16 00:00:00+08:00,28.910226821899414,28.910226821899414,28.548848220841617,28.910226821899414,8641,0.0,0.0
2019-12-17 00:00:00+08:00,28.837950420990918,28.910226821899414,28.332022421600815,28.910226821899414,11110,0.0,0.0
2019-12-18 00:00:00+08:00,28.874088621445164,28.910226821899414,28.765674020082418,28.910226821899414,6172,0.0,0.0
2019-12-19 00:00:00+08:00,29.488431222198017,29.488431222198017,28.910226821899414,28.910226821899414,14813,0.0,0.0
2019-12-20 00:00:00+08:00,29.488431222198017,29.488431222198017,28.910226821899414,28.910226821899414,14813,0.0,0.0
2019-12-23 00:00:00+08:00,28.693401022658612,28.910226821899414,28.512710020387367,28.910226821899414,9875,0.0,0.0
2019-12-24 00:00:00+08:00,28.910226821899414,28.910226821899414,28.910226821899414,28.910226821899414,1234,0.0,0.0
2019-12-25 00:00:00+08:00,28.332023311911733,28.80181312561035,28.332023311911733,28.80181312561035,14813,0.0,0.0
2019-12-26 00:00:00+08:00,28.910226821899414,28.910226821899414,28.910226821899414,28.910226821899414,1234,0.0,0.0
2019-12-27 00:00:00+08:00,28.910226821899414,28.910226821899414,28.910226821899414,28.910226821899414,0,0.0,0.0
2019-12-30 00:00:00+08:00,28.404297120766966,28.910226821899414,28.368158920312716,28.910226821899414,11110,0.0,0.0
2019-12-31 00:00:00+08:00,28.368159799704824,28.54884910583496,28.259746896723705,28.54884910583496,27157,0.0,0.0
2020-01-02 00:00:00+08:00,28.548850431010703,28.693403244018555,28.18747180197602,28.693403244018555,7406,0.0,0.0
2020-01-03 00:00:00+08:00,28.295887315960137,28.584989547729492,28.259749111553333,28.584989547729492,9875,0.0,0.0
2020-01-06 00:00:00+08:00,28.584989547729492,28.584989547729492,28.584989547729492,28.584989547729492,0,0.0,0.0
2020-01-07 00:00:00+08:00,28.765676498413086,28.765676498413086,28.765676498413086,28.765676498413086,29626,0.0,0.0
2020-01-08 00:00:00+08:00,28.765674936030933,29.090915346990695,28.765674936030933,29.054777145385742,23454,0.0,0.0
2020-01-09 00:00:00+08:00,29.307737350463867,29.307737350463867,29.307737350463867,29.307737350463867,12344,0.0,0.0
2020-01-10 00:00:00+08:00,29.307737350463867,29.307737350463867,29.307737350463867,29.307737350463867,12344,0.0,0.0
2020-01-13 00:00:00+08:00,28.91022615204145,28.91022615204145,28.8018115531907,28.837949752807617,3703,0.0,0.0
2020-01-14 00:00:00+08:00,28.91022615204145,28.91022615204145,28.8018115531907,28.837949752807617,4585,0.0,0.0
2020-01-15 00:00:00+08:00,28.837949752807617,28.837949752807617,28.837949752807617,28.837949752807617,0,0.0,0.0
2020-01-16 00:00:00+08:00,29.018638610839844,29.018638610839844,29.018638610839844,29.018638610839844,1234,0.0,0.0
2020-01-17 00:00:00+08:00,29.018638610839844,29.018638610839844,29.018638610839844,29.018638610839844,1234,0.0,0.0
2020-01-20 00:00:00+08:00,28.982502864164047,28.982502864164047,28.621124267578125,28.621124267578125,4937,0.0,0.0
2020-01-30 00:00:00+08:00,27.826095581054688,27.826095581054688,27.826095581054688,27.826095581054688,1234,0.0,0.0
2020-01-31 00:00:00+08:00,27.826095581054688,27.826095581054688,27.826095581054688,27.826095581054688,1333,0.0,0.0
2020-02-03 00:00:00+08:00,27.46471551321779,27.89836883544922,27.46471551321779,27.89836883544922,3703,0.0,0.0
2020-02-04 00:00:00+08:00,27.46471551321779,27.89836883544922,27.46471551321779,27.89836883544922,3974,0.0,0.0
2020-02-05 00:00:00+08:00,26.814236156132033,27.139474868774414,26.669683348189974,27.139474868774414,22220,0.0,0.0
2020-02-06 00:00:00+08:00,26.814236156132033,27.139474868774414,26.669683348189974,27.139474868774414,22220,0.0,0.0
2020-02-07 00:00:00+08:00,26.633544949270153,26.88650894165039,26.30830455807139,26.88650894165039,12344,0.0,0.0
2020-02-10 00:00:00+08:00,26.741960854452596,27.284027099609375,26.741960854452596,27.284027099609375,7406,0.0,0.0
2020-02-11 00:00:00+08:00,27.284027099609375,27.284027099609375,27.284027099609375,27.284027099609375,0,0.0,0.0
2020-02-12 00:00:00+08:00,26.236026763916016,26.236026763916016,26.236026763916016,26.236026763916016,3703,0.0,0.0
2020-02-13 00:00:00+08:00,26.236027801646795,26.922646774094726,25.983065514456815,26.5974063873291,25923,0.0,0.0
2020-02-14 00:00:00+08:00,26.597408410349527,26.597408410349527,25.6578270792463,26.38058090209961,30861,0.0,0.0
2020-02-17 00:00:00+08:00,26.30830345839163,26.30830345839163,26.019201278686523,26.019201278686523,9875,0.0,0.0
2020-02-18 00:00:00+08:00,25.29644799219512,25.838515901794068,24.82665648457298,25.802377700805664,20985,0.0,0.0
2020-02-19 00:00:00+08:00,25.946929931640625,25.946929931640625,25.946929931640625,25.946929931640625,3703,0.0,0.0
2020-02-20 00:00:00+08:00,26.019201278686523,26.019201278686523,26.019201278686523,26.019201278686523,7406,0.0,0.0
2020-02-21 00:00:00+08:00,26.019201278686523,26.019201278686523,26.019201278686523,26.019201278686523,7406,0.0,0.0
2020-02-24 00:00:00+08:00,25.224173833949724,25.224173833949724,25.151897430419922,25.151897430419922,3703,0.0,0.0
2020-02-25 00:00:00+08:00,24.06776493018849,24.97120982543764,23.923213815018325,24.64596939086914,11110,0.0,0.0
2020-02-26 00:00:00+08:00,24.103900909423828,24.103900909423828,24.103900909423828,24.103900909423828,1234,0.0,0.0
2020-02-27 00:00:00+08:00,23.85093625363938,23.85093625363938,22.76680216874947,22.802940368652344,34564,0.0,0.0
2020-03-02 00:00:00+08:00,22.297015021158646,23.128185272216797,21.61039759788683,23.128185272216797,46908,0.0,0.0
2020-03-03 00:00:00+08:00,23.09204405423266,23.489559173583984,22.98363114927183,23.489559173583984,30861,0.0,0.0
2020-03-04 00:00:00+08:00,23.85093779244332,24.284591114029066,23.489559173583984,23.489559173583984,35798,0.0,0.0
2020-03-05 00:00:00+08:00,23.345007608788716,23.41728401184082,23.345007608788716,23.41728401184082,2468,0.0,0.0
2020-03-06 00:00:00+08:00,23.453420177575214,23.453420177575214,22.54997706448851,23.381145477294922,49377,0.0,0.0
2020-03-09 00:00:00+08:00,23.381149317357576,23.489562236454674,22.622255480192592,23.128185272216797,55550,0.0,0.0
2020-03-10 00:00:00+08:00,23.85093825152416,23.85093825152416,22.405427151748597,23.055906295776367,39502,0.0,0.0
2020-03-11 00:00:00+08:00,23.128182701636376,23.128182701636376,21.032190756090582,23.055906295776367,34564,0.0,0.0
2020-03-12 00:00:00+08:00,21.754946420688462,22.33315086364746,21.321293088469215,22.33315086364746,17282,0.0,0.0
2020-03-13 00:00:00+08:00,22.33315086364746,22.33315086364746,22.33315086364746,22.33315086364746,0,0.0,0.0
2020-03-16 00:00:00+08:00,21.61039332441052,21.61039332441052,20.3817081451416,20.3817081451416,4937,0.0,0.0
2020-03-17 00:00:00+08:00,19.514402110340555,20.923776626586914,19.514402110340555,20.923776626586914,33330,0.0,0.0
2020-03-18 00:00:00+08:00,20.923776626586914,20.923776626586914,20.923776626586914,20.923776626586914,0,0.0,0.0
2020-03-19 00:00:00+08:00,19.51440326837017,20.59853744506836,19.40599036122309,20.59853744506836,49377,0.0,0.0
2020-03-20 00:00:00+08:00,20.598538693632534,20.598538693632534,20.237161747323537,20.526262283325195,20985,0.0,0.0
2020-03-23 00:00:00+08:00,20.237159368826894,21.682668685913086,20.237159368826894,21.682668685913086,41971,0.0,0.0
2020-03-24 00:00:00+08:00,22.405428018575186,22.405428018575186,20.959915161132812,20.959915161132812,7406,0.0,0.0
2020-03-25 00:00:00+08:00,21.61039530714396,21.82722282409668,21.321293085701985,21.82722282409668,11110,0.0,0.0
2020-03-26 00:00:00+08:00,22.2608769030052,22.405428018575186,20.959915161132812,20.959915161132812,20985,0.0,0.0
2020-03-27 00:00:00+08:00,21.682671739271026,21.754948151261615,21.3212947845459,21.3212947845459,16047,0.0,0.0
2020-03-30 00:00:00+08:00,21.321292552637484,21.538118362426758,21.321292552637484,21.538118362426758,2468,0.0,0.0
2020-03-31 00:00:00+08:00,21.682668685913086,21.682668685913086,21.682668685913086,21.682668685913086,1234,0.0,0.0
2020-04-01 00:00:00+08:00,20.95991317649881,21.682668685913086,20.81536207461595,21.682668685913086,11110,0.0,0.0
2020-04-06 00:00:00+08:00,21.82722227838317,21.899496981065454,21.538118362426758,21.538118362426758,3703,0.0,0.0
2020-04-07 00:00:00+08:00,21.68266881009459,22.76680293129627,21.538117707383858,22.405426025390625,49377,0.0,0.0
2020-04-08 00:00:00+08:00,22.40542605564194,22.911354064941406,22.40542605564194,22.911354064941406,48143,0.0,0.0
2020-04-09 00:00:00+08:00,23.05590583671169,23.12818224113261,22.549977812734976,22.983631134033203,24688,0.0,0.0
2020-04-10 00:00:00+08:00,22.911353006148243,23.128180501358123,22.044046428793322,22.29701042175293,22220,0.0,0.0
2020-04-13 00:00:00+08:00,22.080186404581355,22.766803741455078,22.080186404581355,22.766803741455078,13578,0.0,0.0
2020-04-14 00:00:00+08:00,22.622255480192592,23.489562236454674,22.441566147202327,23.128185272216797,54315,0.0,0.0
2020-04-15 00:00:00+08:00,22.405426025390625,22.405426025390625,22.405426025390625,22.405426025390625,3703,0.0,0.0
2020-04-16 00:00:00+08:00,22.76680395119626,23.128182575033204,22.76680395119626,23.0197696685791,14813,0.0,0.0
2020-04-17 00:00:00+08:00,22.983629184618763,23.85093575365242,22.983629184618763,23.706384658813477,39502,0.0,0.0
2020-04-20 00:00:00+08:00,23.88707740763913,23.923215614585715,23.128185272216797,23.128185272216797,9875,0.0,0.0
2020-04-21 00:00:00+08:00,23.417286509878867,23.489561218898476,22.405428671406288,23.272733688354492,12344,0.0,0.0
2020-04-22 00:00:00+08:00,23.272733688354492,23.70638874944246,23.272733688354492,23.272733688354492,18516,0.0,0.0
2020-04-23 00:00:00+08:00,23.489559158009918,23.561835562430836,22.983631134033203,22.983631134033203,4937,0.0,0.0
2020-04-24 00:00:00+08:00,22.983631254108193,23.12818236196279,22.766803741455078,22.766803741455078,17282,0.0,0.0
2020-04-27 00:00:00+08:00,22.54997889978274,23.850938926391695,22.54997889978274,23.634111404418945,25923,0.0,0.0
2020-04-28 00:00:00+08:00,23.63410826052286,23.85093575365242,23.128180279457705,23.706384658813477,29626,0.0,0.0
2020-04-29 00:00:00+08:00,23.70638578792467,23.850936889648438,23.70638578792467,23.850936889648438,16047,0.0,0.0
2020-04-30 00:00:00+08:00,23.85093575365242,23.92321045020075,23.128180279457705,23.706384658813477,28392,0.0,0.0
2020-05-04 00:00:00+08:00,23.381145162857113,23.597970962524414,23.12818116266448,23.597970962524414,8641,0.0,0.0
2020-05-05 00:00:00+08:00,22.766804403646137,23.597972872549672,22.766804403646137,22.839080810546875,19751,0.0,0.0
2020-05-06 00:00:00+08:00,23.200456418237295,24.573692755444146,23.12818171719609,24.140039443969727,34564,0.0,0.0
2020-05-07 00:00:00+08:00,24.573694102511244,25.657828291497946,24.573694102511244,25.296449661254883,46908,0.0,0.0
2020-05-08 00:00:00+08:00,25.6578253069061,25.6578253069061,24.935068130493164,24.935068130493164,22220,0.0,0.0
2020-05-11 00:00:00+08:00,24.935067927133478,26.705819251070658,24.935067927133478,26.34444236755371,32095,0.0,0.0
2020-05-12 00:00:00+08:00,27.175609688132262,27.175609688132262,25.29644554144198,26.236026763916016,29626,0.0,0.0
2020-05-13 00:00:00+08:00,25.6578270792463,26.597408410349527,24.573692941481525,26.38058090209961,22220,0.0,0.0
2020-05-14 00:00:00+08:00,26.019202769439236,26.452856063842773,26.019202769439236,26.452856063842773,30861,0.0,0.0
2020-05-15 00:00:00+08:00,26.3805808784409,27.10333810413083,25.874652862548828,25.874652862548828,33330,0.0,0.0
2020-05-18 00:00:00+08:00,27.10333721921006,27.10333721921006,25.874652017744484,26.741958618164062,58018,0.0,0.0
2020-05-19 00:00:00+08:00,26.38058241634238,27.78995704650879,26.38058241634238,27.78995704650879,39502,0.0,0.0
2020-05-20 00:00:00+08:00,27.75381737625721,27.75381737625721,26.163755214896117,27.35630226135254,3703,0.0,0.0
2020-05-21 00:00:00+08:00,27.35630226135254,27.35630226135254,27.35630226135254,27.35630226135254,0,0.0,0.0
2020-05-22 00:00:00+08:00,27.35630226135254,27.35630226135254,27.35630226135254,27.35630226135254,1234,0.0,0.0
2020-05-25 00:00:00+08:00,27.78995704650879,27.78995704650879,27.78995704650879,27.78995704650879,1234,0.0,0.0
2020-05-26 00:00:00+08:00,27.78995704650879,27.78995704650879,27.78995704650879,27.78995704650879,0,0.0,0.0
2020-05-27 00:00:00+08:00,27.753816318653573,27.753816318653573,26.019203117814413,26.741958618164062,92583,0.0,0.0
2020-05-28 00:00:00+08:00,26.308304658822596,26.669681549072266,25.513274479227945,26.669681549072266,8641,0.0,0.0
2020-05-29 00:00:00+08:00,26.669681549072266,26.669681549072266,26.669681549072266,26.669681549072266,0,0.0,0.0
2020-06-01 00:00:00+08:00,26.669681549072266,26.669681549072266,26.669681549072266,26.669681549072266,0,0.0,0.0
2020-06-02 00:00:00+08:00,27.103336334228516,27.103336334228516,27.103336334228516,27.103336334228516,1234,0.0,0.0
2020-06-03 00:00:00+08:00,27.067199926772343,27.067199926772343,26.38058090209961,26.38058090209961,2468,0.0,0.0
2020-06-04 00:00:00+08:00,27.826094582886704,27.826094582886704,27.4647159576416,27.4647159576416,2468,0.0,0.0
2020-06-05 00:00:00+08:00,27.4647159576416,27.4647159576416,27.4647159576416,27.4647159576416,0,0.0,0.0
2020-06-08 00:00:00+08:00,28.115196208112483,28.115196208112483,26.09148071439425,26.163755416870117,87645,0.0,0.0
2020-06-09 00:00:00+08:00,26.705821990966797,26.9226495047163,25.80237883861412,26.705821990966797,22220,0.0,0.0
2020-06-10 00:00:00+08:00,25.87465319499743,26.344444717035007,25.87465319499743,25.910791397094727,7406,0.0,0.0
2020-06-11 00:00:00+08:00,26.34444470822626,26.380581208569048,25.657827377319336,25.657827377319336,14813,0.0,0.0
2020-06-12 00:00:00+08:00,25.657827377319336,25.657827377319336,25.657827377319336,25.657827377319336,0,0.0,0.0
2020-06-15 00:00:00+08:00,26.380581208569048,26.380581208569048,25.657827377319336,25.657827377319336,25923,0.0,0.0
2020-06-16 00:00:00+08:00,26.019201278686523,26.019201278686523,26.019201278686523,26.019201278686523,71597,0.0,0.0
2020-06-17 00:00:00+08:00,25.332587864627687,25.477138976376416,25.296449661254883,25.296449661254883,17282,0.0,0.0
2020-06-18 00:00:00+08:00,25.946930049477494,26.019204753183924,25.47713851928711,25.47713851928711,23454,0.0,0.0
2020-06-19 00:00:00+08:00,25.29644853573712,25.29644853573712,25.151897430419922,25.151897430419922,2468,0.0,0.0
2020-06-22 00:00:00+08:00,26.30830582243659,26.30830582243659,25.58555030822754,25.58555030822754,7406,0.0,0.0
2020-06-23 00:00:00+08:00,25.58555030822754,25.58555030822754,25.58555030822754,25.58555030822754,0,0.0,0.0
2020-06-24 00:00:00+08:00,25.29644782814647,25.29644782814647,24.573692321777344,24.573692321777344,4937,0.0,0.0
2020-06-29 00:00:00+08:00,24.573691965815925,24.573691965815925,24.284589767456055,24.284589767456055,7406,0.0,0.0
2020-06-30 00:00:00+08:00,24.284589767456055,24.284589767456055,24.284589767456055,24.284589767456055,1234,0.0,0.0
2020-07-01 00:00:00+08:00,25.00734519958496,25.00734519958496,25.00734519958496,25.00734519958496,1234,0.0,0.0
2020-07-02 00:00:00+08:00,25.00734802966581,25.00734802966581,24.64596939086914,24.64596939086914,8641,0.0,0.0
2020-07-03 00:00:00+08:00,24.64596939086914,24.64596939086914,24.64596939086914,24.64596939086914,1234,0.0,0.0
2020-07-06 00:00:00+08:00,25.151896726872643,25.657826432202214,24.573692321777344,24.573692321777344,39502,0.0,0.0
2020-07-07 00:00:00+08:00,24.573692321777344,24.573692321777344,24.573692321777344,24.573692321777344,0,0.0,0.0
2020-07-08 00:00:00+08:00,24.68210522229712,24.71824342305117,24.573692321777344,24.573692321777344,16047,0.0,0.0
2020-07-09 00:00:00+08:00,24.68210591270342,24.68210591270342,24.68210591270342,25.151897430419922,2468,0.0,0.0
2020-07-10 00:00:00+08:00,24.718243772779612,24.862794876098633,24.718243772779612,24.862794876098633,2468,0.0,0.0
2020-07-13 00:00:00+08:00,23.9954891204834,24.031625621307974,23.9954891204834,23.9954891204834,20985,0.0,0.0
2020-07-14 00:00:00+08:00,23.9954891204834,23.9954891204834,23.9954891204834,23.9954891204834,0,0.0,0.0
2020-07-15 00:00:00+08:00,23.85093813340735,23.85093813340735,23.778661727905273,23.778661727905273,4937,0.0,0.0
2020-07-16 00:00:00+08:00,23.019770126056226,23.019770126056226,22.549978586428907,22.839080810546875,81473,0.0,0.0
2020-07-17 00:00:00+08:00,22.405427604211308,22.405427604211308,22.044048971098384,22.11632537841797,37033,0.0,0.0
2020-07-20 00:00:00+08:00,22.11632537841797,22.11632537841797,22.11632537841797,22.11632537841797,0,0.0,0.0
2020-07-21 00:00:00+08:00,21.28515488258612,21.82722282409668,21.249016679470255,21.82722282409668,8641,0.0,0.0
2020-07-22 00:00:00+08:00,21.682668685913086,21.682668685913086,21.682668685913086,21.682668685913086,1234,0.0,0.0
2020-07-23 00:00:00+08:00,22.260876156259645,22.260876156259645,21.75494641786495,21.82722282409668,4937,0.0,0.0
2020-07-24 00:00:00+08:00,21.89949720076899,22.044048309326172,21.89949720076899,22.044048309326172,4937,0.0,0.0
2020-07-27 00:00:00+08:00,22.044048309326172,22.044048309326172,22.044048309326172,22.044048309326172,0,0.0,0.0
2020-07-28 00:00:00+08:00,22.260875358666635,22.260875358666635,21.176741216231825,21.971773147583008,4937,0.0,0.0
2020-07-29 00:00:00+08:00,20.41784971364087,20.59853904071121,20.309436798095703,20.309436798095703,20985,0.0,0.0
2020-07-30 00:00:00+08:00,21.32129253687625,21.32129253687625,21.032190322875977,21.032190322875977,17282,0.0,0.0
2020-07-31 00:00:00+08:00,20.99605201246563,21.501981735229492,20.99605201246563,21.501981735229492,2468,0.0,0.0
2020-08-03 00:00:00+08:00,21.10446504110578,21.538118362426758,21.032190338423497,21.538118362426758,6172,0.0,0.0
2020-08-04 00:00:00+08:00,21.538118362426758,21.538118362426758,21.538118362426758,21.538118362426758,0,0.0,0.0
2020-08-05 00:00:00+08:00,21.682671739271026,21.682671739271026,21.3212947845459,21.3212947845459,24688,0.0,0.0
2020-08-06 00:00:00+08:00,21.35743299054119,21.35743299054119,21.3212947845459,21.3212947845459,23454,0.0,0.0
2020-08-07 00:00:00+08:00,21.465843533230128,21.501981735229492,21.465843533230128,21.501981735229492,6172,0.0,0.0
2020-08-10 00:00:00+08:00,21.89949685199526,21.97177325599399,21.501981735229492,21.501981735229492,8641,0.0,0.0
2020-08-11 00:00:00+08:00,21.50198184606203,21.50198184606203,21.032190322875977,21.032190322875977,2468,0.0,0.0
2020-08-12 00:00:00+08:00,20.815359386827684,21.791080474853516,20.815359386827684,21.791080474853516,2468,0.0,0.0
2020-08-13 00:00:00+08:00,20.959915161132812,20.959915161132812,20.959915161132812,20.959915161132812,7406,0.0,0.0
2020-08-14 00:00:00+08:00,20.381709929031736,20.887639665288884,20.381709929031736,20.59853744506836,6172,0.0,0.0
2020-08-17 00:00:00+08:00,21.682668685913086,21.682668685913086,21.682668685913086,21.682668685913086,1234,0.0,0.0
2020-08-18 00:00:00+08:00,20.959915161132812,20.959915161132812,20.959915161132812,20.959915161132812,1234,0.0,0.0
2020-08-19 00:00:00+08:00,20.959915161132812,20.959915161132812,20.959915161132812,20.959915161132812,4937,0.0,0.0
2020-08-20 00:00:00+08:00,20.23716163635254,20.381711052689443,20.23716163635254,20.23716163635254,4937,0.0,0.0
2020-08-21 00:00:00+08:00,20.887640468590348,20.887640468590348,20.45398712158203,20.45398712158203,3703,0.0,0.0
2020-08-24 00:00:00+08:00,21.538120617032455,21.754948151261615,21.24901837255531,21.3212947845459,24688,0.0,0.0
2020-08-25 00:00:00+08:00,21.646016923154455,21.646016923154455,21.370523132018086,21.48859214782715,10414,0.488494,1.0668030000000002
2020-08-26 00:00:00+08:00,21.48859214782715,21.48859214782715,21.48859214782715,21.48859214782715,3471,0.0,0.0
2020-08-27 00:00:00+08:00,21.527949644599722,21.527949644599722,21.48859214782715,21.48859214782715,2314,0.0,0.0
2020-08-28 00:00:00+08:00,21.803442001342773,21.882155252455245,21.803442001342773,21.803442001342773,12728,0.0,0.0
2020-08-31 00:00:00+08:00,22.43314367249208,23.141557693481445,22.43314367249208,23.141557693481445,5785,0.0,0.0
2020-09-01 00:00:00+08:00,22.27571612823791,22.315073619054953,22.078935623168945,22.078935623168945,9257,0.0,0.0
2020-09-02 00:00:00+08:00,22.11829562363483,22.826709747314453,22.11829562363483,22.826709747314453,2314,0.0,0.0
2020-09-03 00:00:00+08:00,22.826709747314453,22.826709747314453,22.826709747314453,22.826709747314453,3471,0.0,0.0
2020-09-04 00:00:00+08:00,23.613837874057023,23.613837874057023,23.456411361694336,23.456411361694336,6942,0.0,0.0
2020-09-07 00:00:00+08:00,23.574478149414062,23.574478149414062,23.574478149414062,23.574478149414062,2314,0.0,0.0
2020-09-08 00:00:00+08:00,25.857151235833864,25.857151235833864,23.220272064208984,23.220272064208984,9257,0.0,0.0
2020-09-09 00:00:00+08:00,23.22027430752829,23.22027430752829,22.826709747314453,22.826709747314453,3471,0.0,0.0
2020-09-10 00:00:00+08:00,22.27571612823791,22.433142616997955,22.078935623168945,22.078935623168945,8100,0.0,0.0
2020-09-11 00:00:00+08:00,22.826709747314453,22.826709747314453,22.826709747314453,22.826709747314453,3471,0.0,0.0
2020-09-14 00:00:00+08:00,22.826709747314453,22.826709747314453,22.826709747314453,22.826709747314453,0,0.0,0.0
2020-09-15 00:00:00+08:00,23.220272064208984,23.220272064208984,23.220272064208984,23.220272064208984,1157,0.0,0.0
2020-09-16 00:00:00+08:00,23.77126135292443,23.77126135292443,23.220272064208984,23.220272064208984,3471,0.0,0.0
2020-09-17 00:00:00+08:00,23.220272064208984,23.220272064208984,23.220272064208984,23.220272064208984,0,0.0,0.0
2020-09-18 00:00:00+08:00,23.220270803463674,23.259628295898438,23.220270803463674,23.259628295898438,12728,0.0,0.0
2020-09-21 00:00:00+08:00,23.259628295898438,23.259628295898438,23.259628295898438,23.259628295898438,2314,0.0,0.0
2020-09-22 00:00:00+08:00,21.685374594471906,21.685374594471906,20.937602996826172,20.937602996826172,33557,0.0,0.0
2020-09-23 00:00:00+08:00,21.016315915867374,23.02349090576172,21.016315915867374,23.02349090576172,50914,0.0,0.0
2020-09-24 00:00:00+08:00,23.02349419615321,23.02349419615321,22.039584440192193,22.27572250366211,15042,0.0,0.0
2020-09-25 00:00:00+08:00,22.27571630379991,22.27571630379991,21.64601381830496,22.236360549926758,18514,0.0,0.0
2020-09-28 00:00:00+08:00,22.236362323826782,22.787351608276367,22.236362323826782,22.787351608276367,10414,0.0,0.0
2020-09-29 00:00:00+08:00,20.85888896455031,22.236363091879912,20.85888896455031,22.000225067138672,17357,0.0,0.0
2020-09-30 00:00:00+08:00,21.527949792986785,22.19700813293457,21.527949792986785,22.19700813293457,4628,0.0,0.0
2020-10-05 00:00:00+08:00,22.23636278555352,22.393789291381836,22.11829377480941,22.393789291381836,6942,0.0,0.0
2020-10-06 00:00:00+08:00,23.535122024776403,23.535122024776403,21.646014508091938,22.984132766723633,4628,0.0,0.0
2020-10-07 00:00:00+08:00,22.984132766723633,22.984132766723633,22.984132766723633,22.984132766723633,0,0.0,0.0
2020-10-08 00:00:00+08:00,22.984133867848552,23.14155863315377,21.842797804682412,22.787351608276367,15042,0.0,0.0
2020-10-12 00:00:00+08:00,22.669280791547774,22.669280791547774,21.567300573304575,22.236360549926758,9257,0.0,0.0
2020-10-13 00:00:00+08:00,21.960868040222362,21.960868040222362,21.76408576965332,21.76408576965332,6942,0.0,0.0
2020-10-14 00:00:00+08:00,21.764086088978214,22.19700813293457,21.764086088978214,22.19700813293457,2314,0.0,0.0
2020-10-15 00:00:00+08:00,22.039581298828125,22.039581298828125,22.039581298828125,22.039581298828125,1157,0.0,0.0
2020-10-16 00:00:00+08:00,23.02349090576172,23.02349090576172,23.02349090576172,23.02349090576172,1157,0.0,0.0
2020-10-19 00:00:00+08:00,21.52794932800998,22.866065979003906,21.52794932800998,22.866065979003906,2314,0.0,0.0
2020-10-20 00:00:00+08:00,22.866065979003906,22.866065979003906,22.866065979003906,22.866065979003906,0,0.0,0.0
2020-10-21 00:00:00+08:00,22.35443288789715,22.90542221069336,22.35443288789715,22.90542221069336,2314,0.0,0.0
2020-10-22 00:00:00+08:00,22.039580179792942,22.039580179792942,21.960866928100586,21.960866928100586,4628,0.0,0.0
2020-10-23 00:00:00+08:00,22.27572250366211,22.27572250366211,22.27572250366211,22.27572250366211,1157,0.0,0.0
2020-10-26 00:00:00+08:00,22.03958213259417,22.03958213259417,21.25245475769043,21.25245475769043,83314,0.0,0.0
2020-10-27 00:00:00+08:00,21.25245475769043,21.25245475769043,21.25245475769043,21.25245475769043,0,0.0,0.0
2020-10-28 00:00:00+08:00,21.25245475769043,21.25245475769043,21.25245475769043,21.25245475769043,0,0.0,0.0
2020-10-29 00:00:00+08:00,20.62275155679654,20.62275155679654,20.504682540893555,20.504682540893555,195557,0.0,0.0
2020-10-30 00:00:00+08:00,22.118295669555664,22.118295669555664,22.118295669555664,22.118295669555664,93728,0.0,0.0
2020-11-02 00:00:00+08:00,21.134381902370848,22.078935623168945,21.016312904427846,22.078935623168945,4628,0.0,0.0
2020-11-03 00:00:00+08:00,21.882156521798198,21.960868040222362,21.76408576965332,21.76408576965332,3471,0.0,0.0
2020-11-04 00:00:00+08:00,21.095026660260928,21.1737399130317,21.095026660260928,21.134384155273438,4628,0.0,0.0
2020-11-05 00:00:00+08:00,20.62275013571274,20.81953239440918,20.62275013571274,20.81953239440918,2314,0.0,0.0
2020-11-06 00:00:00+08:00,20.85888702507411,20.85888702507411,20.74081802368164,20.74081802368164,3471,0.0,0.0
2020-11-09 00:00:00+08:00,20.74081802368164,20.74081802368164,20.74081802368164,20.74081802368164,0,0.0,0.0
2020-11-10 00:00:00+08:00,21.40987777709961,21.40987777709961,21.40987777709961,21.40987777709961,1157,0.0,0.0
2020-11-11 00:00:00+08:00,21.409876516382703,21.449234008789062,21.409876516382703,21.449234008789062,2314,0.0,0.0
2020-11-12 00:00:00+08:00,21.449234008789062,21.449234008789062,21.449234008789062,21.449234008789062,3471,0.0,0.0
2020-11-13 00:00:00+08:00,21.449234008789062,21.449234008789062,21.449234008789062,21.449234008789062,0,0.0,0.0
2020-11-16 00:00:00+08:00,21.449234008789062,21.449234008789062,21.449234008789062,21.449234008789062,1157,0.0,0.0
2020-11-17 00:00:00+08:00,21.449234008789062,21.449234008789062,21.449234008789062,21.449234008789062,0,0.0,0.0
2020-11-18 00:00:00+08:00,21.921510220234044,22.62992424298152,21.88215446472168,21.88215446472168,13885,0.0,0.0
2020-11-19 00:00:00+08:00,21.882156692026907,21.882156692026907,21.48859214782715,21.48859214782715,25457,0.0,0.0
2020-11-20 00:00:00+08:00,21.646015167236328,22.039579679510254,21.646015167236328,21.646015167236328,13885,0.0,0.0
2020-11-23 00:00:00+08:00,21.646015167236328,21.882154916953194,21.48859040467927,21.646015167236328,8100,0.0,0.0
2020-11-24 00:00:00+08:00,21.48859040467927,21.685372660816235,21.48859040467927,21.646015167236328,27771,0.0,0.0
2020-11-25 00:00:00+08:00,21.6460144897583,21.6460144897583,21.173738479614258,21.173738479614258,26614,0.0,0.0
2020-11-26 00:00:00+08:00,21.252451727056307,21.252451727056307,21.173738479614258,21.173738479614258,3471,0.0,0.0
2020-11-27 00:00:00+08:00,20.976956886174005,21.646015167236328,20.976956886174005,21.646015167236328,24300,0.0,0.0
2020-11-30 00:00:00+08:00,21.646015167236328,21.646015167236328,21.646015167236328,21.646015167236328,11571,0.0,0.0
2020-12-01 00:00:00+08:00,21.252449756903665,21.76408147471219,21.252449756903665,21.7247257232666,27771,0.0,0.0
2020-12-02 00:00:00+08:00,22.039579679510254,22.039579679510254,21.646015167236328,21.646015167236328,8100,0.0,0.0
2020-12-03 00:00:00+08:00,21.606661815808955,21.606661815808955,21.25245475769043,21.25245475769043,13885,0.0,0.0
2020-12-04 00:00:00+08:00,21.291810518396584,21.291810518396584,21.25245475769043,21.25245475769043,63643,0.0,0.0
2020-12-07 00:00:00+08:00,21.252452927760363,23.37769856798724,21.252452927760363,23.220272064208984,98357,0.0,0.0
2020-12-08 00:00:00+08:00,22.8267086469115,22.8267086469115,21.960868045983997,22.31507682800293,57857,0.0,0.0
2020-12-09 00:00:00+08:00,22.354433711272463,22.354433711272463,22.039582409898596,22.118295669555664,26614,0.0,0.0
2020-12-10 00:00:00+08:00,22.11829634782294,22.11829634782294,21.60666275024414,21.60666275024414,24300,0.0,0.0
2020-12-11 00:00:00+08:00,21.40987777709961,21.40987777709961,21.40987777709961,21.40987777709961,6942,0.0,0.0
2020-12-14 00:00:00+08:00,21.25245475769043,21.25245475769043,21.25245475769043,21.25245475769043,4628,0.0,0.0
2020-12-15 00:00:00+08:00,21.252451556028156,21.252451556028156,21.016313552856445,21.016313552856445,5785,0.0,0.0
2020-12-16 00:00:00+08:00,21.17374149902374,21.56730431784842,21.17374149902374,21.25245475769043,15042,0.0,0.0
2020-12-17 00:00:00+08:00,21.252455676807028,21.60666275024414,21.252455676807028,21.60666275024414,11571,0.0,0.0
2020-12-18 00:00:00+08:00,21.25245428726934,21.646017097382547,20.937602996826172,20.937602996826172,34714,0.0,0.0
2020-12-21 00:00:00+08:00,21.252450595388044,21.252450595388044,21.09502410888672,21.09502410888672,9257,0.0,0.0
2020-12-22 00:00:00+08:00,21.016315608174946,21.016315608174946,20.858889099161992,20.898244857788086,17357,0.0,0.0
2020-12-23 00:00:00+08:00,20.858888785014596,20.937602038335605,20.504681750951452,20.58339500427246,13885,0.0,0.0
2020-12-24 00:00:00+08:00,21.37052325961746,22.629926681518555,21.37052325961746,22.629926681518555,162000,0.0,0.0
2020-12-25 00:00:00+08:00,23.574480669226524,24.87324333190918,23.574480669226524,24.87324333190918,173571,0.0,0.0
2020-12-28 00:00:00+08:00,24.87324223126721,26.683634904963256,24.794528977594343,25.778438568115234,219857,0.0,0.0
2020-12-29 00:00:00+08:00,25.778436859944474,25.778436859944474,24.2435380699299,24.400962829589844,92571,0.0,0.0
2020-12-30 00:00:00+08:00,24.912599900658016,24.912599900658016,24.086115016824426,24.51903533935547,19671,0.0,0.0
2020-12-31 00:00:00+08:00,24.046757855128302,24.046757855128302,23.692549075683136,23.8499755859375,43971,0.0,0.0
2021-01-04 00:00:00+08:00,23.613838846679982,23.968045908203866,23.377700805664062,23.377700805664062,39342,0.0,0.0
2021-01-05 00:00:00+08:00,23.377699210134594,24.164826538884302,23.29898595608334,23.692548751831055,32400,0.0,0.0
2021-01-06 00:00:00+08:00,23.69255038998137,23.69255038998137,22.669284965581557,22.826709747314453,33557,0.0,0.0
2021-01-07 00:00:00+08:00,23.180917740718634,24.597747676088083,22.90542221069336,22.90542221069336,25457,0.0,0.0
2021-01-08 00:00:00+08:00,22.275720405367725,23.22027430752829,22.275720405367725,22.826709747314453,20828,0.0,0.0
2021-01-11 00:00:00+08:00,22.393789291381836,22.511856564871692,22.35443179629763,22.393789291381836,26614,0.0,0.0
2021-01-12 00:00:00+08:00,22.866064859556086,22.866064859556086,22.787351608276367,22.787351608276367,3471,0.0,0.0
2021-01-13 00:00:00+08:00,22.511854551355064,22.94477653503418,21.291807057953857,22.94477653503418,12728,0.0,0.0
2021-01-14 00:00:00+08:00,22.236362305728107,22.511856079101562,22.236362305728107,22.511856079101562,5785,0.0,0.0
2021-01-15 00:00:00+08:00,22.511856079101562,22.511856079101562,22.511856079101562,22.511856079101562,0,0.0,0.0
2021-01-18 00:00:00+08:00,22.511856079101562,22.511856079101562,22.511856079101562,22.511856079101562,16200,0.0,0.0
2021-01-19 00:00:00+08:00,22.19700887311122,23.102205276489258,21.88215757253312,23.102205276489258,13885,0.0,0.0
2021-01-20 00:00:00+08:00,23.102205276489258,23.102205276489258,23.102205276489258,23.102205276489258,0,0.0,0.0
2021-01-21 00:00:00+08:00,22.59056854248047,22.59056854248047,22.59056854248047,22.59056854248047,1157,0.0,0.0
2021-01-22 00:00:00+08:00,22.5905661531013,22.5905661531013,22.5905661531013,21.7247257232666,2314,0.0,0.0
2021-01-25 00:00:00+08:00,22.590571886922945,22.826709930039748,21.803444497448805,22.55121612548828,23142,0.0,0.0
2021-01-26 00:00:00+08:00,22.55121179267423,22.55121179267423,21.370520066684723,22.236360549926758,26614,0.0,0.0
2021-01-27 00:00:00+08:00,24.440322875976562,24.440322875976562,24.440322875976562,24.440322875976562,371443,0.0,0.0
2021-01-28 00:00:00+08:00,22.00022325325411,23.456408777267683,22.00022325325411,22.984132766723633,186300,0.0,0.0
2021-01-29 00:00:00+08:00,23.02349419615321,23.02349419615321,22.19701097400851,22.27572250366211,64800,0.0,0.0
2021-02-01 00:00:00+08:00,22.275717715478923,22.275717715478923,21.882154940043886,21.921510696411133,23142,0.0,0.0
2021-02-02 00:00:00+08:00,22.826709930039748,22.826709930039748,22.039582540565608,22.55121612548828,8100,0.0,0.0
2021-02-03 00:00:00+08:00,22.511858626799206,22.55121612548828,22.118295800689346,22.55121612548828,18514,0.0,0.0
2021-02-04 00:00:00+08:00,23.141561048034642,23.141561048034642,22.157651384754452,22.826709747314453,21985,0.0,0.0
2021-02-05 00:00:00+08:00,22.787349785595296,23.53512126980542,22.433142789049683,23.495763778686523,28928,0.0,0.0
2021-02-17 00:00:00+08:00,23.61383756256408,24.322253384342723,23.53512430742105,24.125471115112305,116871,0.0,0.0
2021-02-18 00:00:00+08:00,23.653192993432565,24.04675752643456,23.180916943633594,23.692548751831055,50914,0.0,0.0
2021-02-19 00:00:00+08:00,23.417055603382607,23.810620147054355,23.220273331546732,23.73190689086914,18514,0.0,0.0
2021-02-22 00:00:00+08:00,23.849976175625397,25.93586619591613,23.61383814165967,25.857152938842773,54385,0.0,0.0
2021-02-23 00:00:00+08:00,25.85715230271041,25.85715230271041,24.87324269388959,25.1093807220459,65957,0.0,0.0
2021-02-24 00:00:00+08:00,25.18809365028538,25.18809365028538,24.7158158628478,24.951953887939453,42814,0.0,0.0
2021-02-25 00:00:00+08:00,25.03066492072127,25.07002067565918,24.558387175195737,25.07002067565918,39342,0.0,0.0
2021-02-26 00:00:00+08:00,25.070023225850314,25.18809397718277,24.558389673342113,25.1093807220459,13885,0.0,0.0
2021-03-02 00:00:00+08:00,25.10937859119496,25.10937859119496,24.400962829589844,24.400962829589844,24300,0.0,0.0
2021-03-03 00:00:00+08:00,24.007401318226254,24.676459621990546,24.007401318226254,24.637102127075195,30085,0.0,0.0
2021-03-04 00:00:00+08:00,24.400962829589844,24.400962829589844,24.007400061812916,24.400962829589844,26614,0.0,0.0
2021-03-05 00:00:00+08:00,24.322254795958596,25.542302503840336,24.322254795958596,24.51903533935547,24300,0.0,0.0
2021-03-08 00:00:00+08:00,25.109377996758308,25.502940755218074,24.794526747638027,24.912595748901367,70585,0.0,0.0
2021-03-09 00:00:00+08:00,25.148738861083984,25.306163649002233,24.75517428540667,25.148738861083984,38185,0.0,0.0
2021-03-10 00:00:00+08:00,25.188093972291068,25.188093972291068,24.794529433937452,24.833885192871094,41657,0.0,0.0
2021-03-11 00:00:00+08:00,25.070023868917488,25.109381366122626,24.83388583470404,24.87324333190918,30085,0.0,0.0
2021-03-12 00:00:00+08:00,24.873239994231625,24.912595748901367,24.597744499781086,24.912595748901367,18514,0.0,0.0
2021-03-15 00:00:00+08:00,25.070020504834453,25.109377996758308,24.51903125318749,24.912595748901367,42814,0.0,0.0
2021-03-16 00:00:00+08:00,25.03066714205476,25.424229938122753,24.794529116963112,24.951953887939453,64800,0.0,0.0
2021-03-17 00:00:00+08:00,25.148735690466374,25.26680470083317,25.10937993276219,25.188093185424805,18514,0.0,0.0
2021-03-18 00:00:00+08:00,25.18809397718277,25.18809397718277,24.519033914400826,25.1093807220459,42814,0.0,0.0
2021-03-19 00:00:00+08:00,25.10937960294706,25.148735360134303,24.87324158531518,25.03066635131836,39342,0.0,0.0
2021-03-22 00:00:00+08:00,25.18809397718277,25.18809397718277,24.87324269388959,25.1093807220459,26614,0.0,0.0
2021-03-23 00:00:00+08:00,25.03066702576146,27.58883300596233,25.03066702576146,27.037843704223633,201343,0.0,0.0
2021-03-24 00:00:00+08:00,27.037845001686062,27.1559140193491,25.306162022367996,26.014577865600586,136543,0.0,0.0
2021-03-25 00:00:00+08:00,25.424230268084777,25.975221316788566,24.794529438752722,25.1093807220459,72900,0.0,0.0
2021-03-26 00:00:00+08:00,25.345517155283407,26.211357695541274,25.30615966156447,25.42422866821289,32400,0.0,0.0
2021-03-29 00:00:00+08:00,25.384874027104313,25.739082799866928,25.384874027104313,25.50294303894043,31242,0.0,0.0
2021-03-30 00:00:00+08:00,25.660371726934066,26.368785858154297,25.660371726934066,26.368785858154297,38185,0.0,0.0
2021-03-31 00:00:00+08:00,26.368783959741027,26.368783959741027,25.85715214755712,25.93586540222168,26614,0.0,0.0
2021-04-01 00:00:00+08:00,25.935863991459463,26.250715255737305,25.739081734129037,26.250715255737305,26614,0.0,0.0
2021-04-07 00:00:00+08:00,28.257886141799457,30.816053390502933,28.257886141799457,30.81605339050293,286972,0.0,0.0
2021-04-08 00:00:00+08:00,33.6890743638045,33.88585662841797,33.059371811943116,33.88585662841797,381858,0.0,0.0
2021-04-09 00:00:00+08:00,37.23114095820824,37.27050018310547,35.499460145012876,37.27050018310547,782230,0.0,0.0
2021-04-12 00:00:00+08:00,37.93956571129677,40.93065196330603,37.93956571129677,40.61579895019531,667672,0.0,0.0
2021-04-13 00:00:00+08:00,42.26876644789761,42.26876644789761,36.56208801269531,36.56208801269531,516086,0.0,0.0
2021-04-14 00:00:00+08:00,35.81431856965883,36.79822637776815,34.47620200490545,34.63362503051758,175886,0.0,0.0
2021-04-15 00:00:00+08:00,34.86976405692769,36.20788413508167,34.86976405692769,35.8143196105957,56700,0.0,0.0
2021-04-16 00:00:00+08:00,36.20788733403434,36.44402537468692,36.05046081542969,36.05046081542969,49757,0.0,0.0
2021-04-19 00:00:00+08:00,32.469023324646805,35.02718915668954,32.469023324646805,33.767784118652344,89100,0.0,0.0
2021-04-20 00:00:00+08:00,33.767791214320454,35.42076110839844,33.767791214320454,35.42076110839844,69428,0.0,0.0
2021-04-21 00:00:00+08:00,35.263330479838956,36.60144715552288,33.92521380415504,34.00392532348633,90257,0.0,0.0
2021-04-22 00:00:00+08:00,34.00392532348633,34.16135183665757,34.00392532348633,34.00392532348633,42814,0.0,0.0
2021-04-23 00:00:00+08:00,34.08263522919814,35.381395951327036,34.08263522919814,35.30268096923828,23142,0.0,0.0
2021-04-26 00:00:00+08:00,35.420751067552615,36.36530303955078,35.420751067552615,36.36530303955078,71743,0.0,0.0
2021-04-27 00:00:00+08:00,33.6103603936637,36.36530494807977,33.6103603936637,36.207881927490234,104143,0.0,0.0
2021-04-28 00:00:00+08:00,36.20788696296084,36.20788696296084,32.58709791921388,33.49229431152344,380700,0.0,0.0
2021-04-29 00:00:00+08:00,33.29550647895137,33.49228872373249,32.27223950099111,33.37421798706055,100671,0.0,0.0
2021-05-03 00:00:00+08:00,34.79105009364474,34.79105009364474,33.05936908736883,33.13808059692383,60171,0.0,0.0
2021-05-04 00:00:00+08:00,33.21679774762715,33.21679774762715,29.95021777040106,31.32769012451172,64800,0.0,0.0
2021-05-05 00:00:00+08:00,31.130914013023407,31.406407843366157,31.130914013023407,31.36705207824707,10414,0.0,0.0
2021-05-06 00:00:00+08:00,33.059365410644325,34.43683752170957,33.059365410644325,33.68906784057617,84471,0.0,0.0
2021-05-07 00:00:00+08:00,33.689075139623576,34.24006271362305,33.64971938069627,34.24006271362305,31242,0.0,0.0
2021-05-10 00:00:00+08:00,34.39748663767094,34.39748663767094,33.767784118652344,33.767784118652344,26614,0.0,0.0
2021-05-11 00:00:00+08:00,32.665804096958816,33.13808009616865,31.563825607299805,31.563825607299805,40500,0.0,0.0
2021-05-12 00:00:00+08:00,29.910858931162103,30.383134974513005,28.80888033850716,29.12373161315918,72900,0.0,0.0
2021-05-13 00:00:00+08:00,28.41531272140609,30.697984648761874,28.41531272140609,29.1630859375,25457,0.0,0.0
2021-05-14 00:00:00+08:00,29.163090524937104,29.517295837402344,29.123733027909815,29.517295837402344,34714,0.0,0.0
2021-05-17 00:00:00+08:00,28.336603589875402,28.336603589875402,27.39204978942871,27.39204978942871,9257,0.0,0.0
2021-05-18 00:00:00+08:00,25.345517043434604,29.517293225946705,25.345517043434604,28.33660316467285,27771,0.0,0.0
2021-05-19 00:00:00+08:00,28.2972456711276,28.33660316467285,27.628187390654357,28.33660316467285,11571,0.0,0.0
2021-05-20 00:00:00+08:00,28.33660316467285,28.33660316467285,28.33660316467285,28.33660316467285,0,0.0,0.0
2021-05-21 00:00:00+08:00,29.28115638185806,29.28115638185806,27.94303976752767,29.12373161315918,10414,0.0,0.0
2021-05-24 00:00:00+08:00,29.045019624249736,29.084375381469727,28.494028599644484,29.084375381469727,6942,0.0,0.0
2021-05-25 00:00:00+08:00,29.123730662934456,29.123730662934456,28.966305899371896,29.045019149780273,35871,0.0,0.0
2021-05-26 00:00:00+08:00,29.045020097436865,29.12373161315918,28.336604295156256,29.12373161315918,15042,0.0,0.0
2021-05-27 00:00:00+08:00,28.730168822784844,29.12373161315918,28.49402906385514,29.12373161315918,20828,0.0,0.0
2021-05-28 00:00:00+08:00,29.123733027909815,29.517295837402344,28.49403044801656,29.517295837402344,25457,0.0,0.0
2021-05-31 00:00:00+08:00,29.67472234903123,30.068286895751953,29.12373302597483,30.068286895751953,42814,0.0,0.0
2021-06-01 00:00:00+08:00,29.91086038216193,31.485118569044808,29.59601082949056,30.068286895751953,60171,0.0,0.0
2021-06-02 00:00:00+08:00,29.5960094184539,30.107641220092773,29.5960094184539,30.107641220092773,17357,0.0,0.0
2021-06-03 00:00:00+08:00,29.753435924538365,30.383134999859205,29.753435924538365,30.107641220092773,8100,0.0,0.0
2021-06-04 00:00:00+08:00,29.55665380422907,29.98957061767578,29.517294571635254,29.98957061767578,25457,0.0,0.0
2021-06-07 00:00:00+08:00,28.336603559178645,29.910858154296875,28.336603559178645,29.910858154296875,16200,0.0,0.0
2021-06-08 00:00:00+08:00,29.20244364345511,29.91085767882079,29.20244364345511,29.871501922607422,15042,0.0,0.0
2021-06-09 00:00:00+08:00,29.75343465396732,29.871501922607422,29.75343465396732,29.871501922607422,2314,0.0,0.0
2021-06-10 00:00:00+08:00,29.989569675984658,29.989569675984658,29.753435134887695,29.753435134887695,2314,0.0,0.0
2021-06-11 00:00:00+08:00,29.753435126940943,30.06828465616122,29.753435126940943,29.910858154296875,23142,0.0,0.0
2021-06-15 00:00:00+08:00,29.950223319810114,32.90195083618164,29.950223319810114,32.90195083618164,72900,0.0,0.0
2021-06-16 00:00:00+08:00,33.05936865155308,36.168521881103516,33.05936865155308,36.168521881103516,231429,0.0,0.0
2021-06-17 00:00:00+08:00,38.962830702960154,39.3563952460875,37.782140548086765,38.766048431396484,256886,0.0,0.0
2021-06-18 00:00:00+08:00,35.73560338080893,38.33312845736893,35.499465369214086,36.28659439086914,130757,0.0,0.0
2021-06-21 00:00:00+08:00,36.05045719780495,36.05045719780495,33.84649658203125,33.84649658203125,55542,0.0,0.0
2021-06-22 00:00:00+08:00,33.138087245677205,34.63363054884242,33.138087245677205,33.61036682128906,41657,0.0,0.0
2021-06-23 00:00:00+08:00,35.420758888539225,35.420758888539225,33.846500621598246,35.26333236694336,26614,0.0,0.0
2021-06-24 00:00:00+08:00,35.027191800111886,35.027191800111886,33.76778666703026,34.791053771972656,33557,0.0,0.0
2021-06-25 00:00:00+08:00,33.68907112107082,34.476200103759766,33.05936862982129,34.476200103759766,39342,0.0,0.0
2021-06-28 00:00:00+08:00,34.594269900467275,34.594269900467275,33.68907358877482,34.39748764038086,18514,0.0,0.0
2021-06-29 00:00:00+08:00,33.96457038798853,34.397490703832986,33.49229431152344,33.49229431152344,28928,0.0,0.0
2021-06-30 00:00:00+08:00,33.57099866603734,33.84649240607819,33.53164291381836,33.53164291381836,24300,0.0,0.0
2021-07-01 00:00:00+08:00,33.610360273488205,36.837580827150326,33.610360273488205,35.105899810791016,49757,0.0,0.0
2021-07-02 00:00:00+08:00,35.105901056370726,35.42075405661174,33.846496004423415,34.63362503051758,45128,0.0,0.0
2021-07-05 00:00:00+08:00,34.35813126118797,34.63362503051758,33.68907297881128,34.63362503051758,26614,0.0,0.0
2021-07-06 00:00:00+08:00,36.75887563583198,36.75887563583198,34.869767800208116,35.26333236694336,67114,0.0,0.0
2021-07-07 00:00:00+08:00,35.066545151799076,35.26332740749114,34.86976289610701,34.90911865234375,34714,0.0,0.0
2021-07-08 00:00:00+08:00,34.9484748840332,35.38139511450362,34.8304041509467,34.9484748840332,24300,0.0,0.0
2021-07-09 00:00:00+08:00,34.712339250735624,34.83041000366211,34.240063188046996,34.83041000366211,25457,0.0,0.0
2021-07-12 00:00:00+08:00,35.38139511450362,35.38139511450362,34.24005743453029,34.9484748840332,24300,0.0,0.0
2021-07-13 00:00:00+08:00,35.30268965790084,35.30268965790084,33.846502087707165,34.51556396484375,40500,0.0,0.0
2021-07-14 00:00:00+08:00,34.47620486300006,35.3026862395046,33.96456956382068,34.00392532348633,21985,0.0,0.0
2021-07-15 00:00:00+08:00,34.003927172563756,35.26333239740076,34.003927172563756,34.71234130859375,27771,0.0,0.0
2021-07-16 00:00:00+08:00,35.49946784634842,35.57818283871163,34.16135119576844,34.24006271362305,19671,0.0,0.0
2021-07-19 00:00:00+08:00,33.13808395086586,34.0039245416365,32.42966986964677,33.64971923828125,24300,0.0,0.0
2021-07-20 00:00:00+08:00,33.25615405407958,33.45293631856005,33.21679829608519,33.33486557006836,12728,0.0,0.0
2021-07-21 00:00:00+08:00,33.37421488835633,33.72842359097669,33.37421488835633,33.68906784057617,26614,0.0,0.0
2021-07-22 00:00:00+08:00,34.16135088603887,34.39748891197031,33.767786351316936,33.92521286010742,26614,0.0,0.0
2021-07-23 00:00:00+08:00,34.00392279886946,34.082637786865234,33.9252112853821,34.082637786865234,24300,0.0,0.0
2021-07-26 00:00:00+08:00,33.84649658203125,33.88585581361435,33.84649658203125,33.84649658203125,17357,0.0,0.0
2021-07-27 00:00:00+08:00,33.25615405407958,33.33486557006836,33.25615405407958,33.33486557006836,8100,0.0,0.0
2021-07-28 00:00:00+08:00,33.33486557006836,33.33486557006836,33.33486557006836,33.33486557006836,0,0.0,0.0
2021-07-29 00:00:00+08:00,33.452935536776224,33.84649658203125,33.452935536776224,33.84649658203125,10414,0.0,0.0
2021-07-30 00:00:00+08:00,32.90195083618164,32.90195083618164,32.90195083618164,32.90195083618164,3471,0.0,0.0
2021-08-02 00:00:00+08:00,33.02001237990291,33.05936813354492,33.02001237990291,33.05936813354492,10414,0.0,0.0
2021-08-03 00:00:00+08:00,32.429667332046726,33.05936984647053,32.429667332046726,32.62644958496094,10414,0.0,0.0
2021-08-04 00:00:00+08:00,32.62644958496094,32.62644958496094,32.62644958496094,32.62644958496094,0,0.0,0.0
2021-08-05 00:00:00+08:00,32.74452590942383,32.74452590942383,32.74452590942383,32.74452590942383,6942,0.0,0.0
2021-08-06 00:00:00+08:00,32.74452590942383,32.74452590942383,32.66581091013232,32.74452590942383,15042,0.0,0.0
2021-08-09 00:00:00+08:00,35.97174153819401,36.01110076904297,35.97174153819401,36.01110076904297,151586,0.0,0.0
2021-08-10 00:00:00+08:00,32.429671049937234,36.48338036549298,32.429671049937234,35.145263671875,151586,0.0,0.0
2021-08-11 00:00:00+08:00,31.170261116455546,32.783874834015364,31.170261116455546,31.563825607299805,54385,0.0,0.0
2021-08-12 00:00:00+08:00,32.036105471660925,32.469025768919735,32.036105471660925,32.27224349975586,21985,0.0,0.0
2021-08-13 00:00:00+08:00,32.27224349975586,32.27224349975586,31.918034720359152,32.27224349975586,8100,0.0,0.0
2021-08-16 00:00:00+08:00,31.524473656539996,32.27224349975586,31.248976395005403,32.27224349975586,12728,0.0,0.0
2021-08-17 00:00:00+08:00,32.27224577637307,32.27224577637307,31.603187403821185,31.72125816345215,13885,0.0,0.0
2021-08-18 00:00:00+08:00,31.091549180870985,33.05936813354492,31.01283419907882,33.05936813354492,25457,0.0,0.0
2021-08-19 00:00:00+08:00,31.485114098934226,32.429666097353895,31.485114098934226,31.563825607299805,6942,0.0,0.0
2021-08-20 00:00:00+08:00,31.563827038926817,31.563827038926817,31.524471282958984,31.524471282958984,8100,0.0,0.0
2021-08-23 00:00:00+08:00,32.66580821370724,32.66580821370724,32.272243673263524,32.5477409362793,13885,0.0,0.0
2021-08-24 00:00:00+08:00,33.059368744129735,33.13808025286752,32.27223975871915,32.8232307434082,30085,0.0,0.0
2021-08-25 00:00:00+08:00,32.823237060736425,33.41358391341554,32.823237060736425,33.29551315307617,12728,0.0,0.0
2021-08-26 00:00:00+08:00,33.770133825051815,34.23273849487305,33.64396762930094,34.23273849487305,7714,0.635184,1.05
2021-08-27 00:00:00+08:00,34.06451572188888,34.23273849487305,34.06451572188888,34.23273849487305,2204,0.0,0.0
2021-08-30 00:00:00+08:00,34.23273849487305,34.23273849487305,34.23273849487305,34.23273849487305,0,0.0,0.0
2021-08-31 00:00:00+08:00,33.81218686633612,34.40095773190822,33.39163877374818,34.23273849487305,8816,0.0,0.0
2021-09-01 00:00:00+08:00,34.23273849487305,34.23273849487305,33.475748392265764,34.23273849487305,5510,0.0,0.0
2021-09-02 00:00:00+08:00,33.60191199368454,33.60191199368454,33.391639709472656,33.391639709472656,5510,0.0,0.0
2021-09-03 00:00:00+08:00,34.23273297570224,34.23273297570224,33.559852600097656,33.559852600097656,6612,0.0,0.0
2021-09-06 00:00:00+08:00,33.64396286010742,33.64396286010742,33.64396286010742,33.64396286010742,15428,0.0,0.0
2021-09-07 00:00:00+08:00,32.55054137760783,33.60191345214844,32.55054137760783,33.60191345214844,7714,0.0,0.0
2021-09-08 00:00:00+08:00,32.88697796860719,32.88697796860719,32.84492492675781,32.84492492675781,3306,0.0,0.0
2021-09-09 00:00:00+08:00,32.382319205428225,33.22341537475586,32.382319205428225,33.22341537475586,3306,0.0,0.0
2021-09-10 00:00:00+08:00,33.559858489386386,35.32616403939433,33.34958267211914,33.34958267211914,12122,0.0,0.0
2021-09-13 00:00:00+08:00,33.09725570678711,33.09725570678711,33.09725570678711,33.09725570678711,1102,0.0,0.0
2021-09-14 00:00:00+08:00,34.14861782001354,34.48505975593982,33.30752182006836,33.30752182006836,16530,0.0,0.0
2021-09-15 00:00:00+08:00,33.30752182006836,33.30752182006836,33.30752182006836,33.30752182006836,9918,0.0,0.0
2021-09-16 00:00:00+08:00,33.307523387848065,33.307523387848065,33.05519104003906,33.05519104003906,3306,0.0,0.0
2021-09-17 00:00:00+08:00,33.72807693481445,33.72807693481445,33.72807693481445,33.72807693481445,1102,0.0,0.0
2021-09-22 00:00:00+08:00,33.72807444967172,33.72807444967172,32.92903137207031,32.92903137207031,7714,0.0,0.0
2021-09-23 00:00:00+08:00,32.97107945782371,32.97107945782371,32.802860260009766,32.802860260009766,8816,0.0,0.0
2021-09-24 00:00:00+08:00,33.47574187177578,33.47574187177578,32.80286151875143,33.433685302734375,4408,0.0,0.0
2021-09-27 00:00:00+08:00,33.433685302734375,33.433685302734375,33.433685302734375,33.433685302734375,0,0.0,0.0
2021-09-28 00:00:00+08:00,33.64396286010742,33.64396286010742,33.64396286010742,33.64396286010742,2204,0.0,0.0
2021-09-29 00:00:00+08:00,32.84491982948403,33.64396286010742,32.466424831833876,33.64396286010742,13224,0.0,0.0
2021-09-30 00:00:00+08:00,32.80286325821246,33.64396286010742,32.256149047373015,33.64396286010742,18734,0.0,0.0
2021-10-01 00:00:00+08:00,32.6346441252194,33.181358337402344,32.55053451841806,33.181358337402344,5510,0.0,0.0
2021-10-04 00:00:00+08:00,32.5505334163178,33.05519104003906,32.466423812364255,33.05519104003906,12122,0.0,0.0
2021-10-05 00:00:00+08:00,32.80286915087847,32.80286915087847,32.4664306640625,32.4664306640625,4408,0.0,0.0
2021-10-06 00:00:00+08:00,32.46642956295079,32.760811460956134,32.34026336669922,32.34026336669922,22040,0.0,0.0
2021-10-07 00:00:00+08:00,34.905613109962474,34.905613109962474,32.466427264086825,33.475746154785156,11020,0.0,0.0
2021-10-08 00:00:00+08:00,32.63464805622652,33.475747761503065,32.55053843929375,33.22341537475586,11020,0.0,0.0
2021-10-12 00:00:00+08:00,33.22341537475586,33.22341537475586,33.22341537475586,33.22341537475586,2204,0.0,0.0
2021-10-13 00:00:00+08:00,33.223414730046684,33.223414730046684,33.139305114746094,33.139305114746094,3306,0.0,0.0
2021-10-14 00:00:00+08:00,32.55053780764194,33.139305114746094,32.55053780764194,33.139305114746094,2204,0.0,0.0
2021-10-15 00:00:00+08:00,32.80286665354372,33.139305114746094,32.80286665354372,33.139305114746094,13224,0.0,0.0
2021-10-18 00:00:00+08:00,33.139305114746094,33.139305114746094,32.80286665354372,33.139305114746094,9918,0.0,0.0
2021-10-19 00:00:00+08:00,33.43368958036288,33.475746154785156,33.43368958036288,33.475746154785156,2204,0.0,0.0
2021-10-20 00:00:00+08:00,33.89629364013672,33.89629364013672,33.89629364013672,33.89629364013672,1102,0.0,0.0
2021-10-21 00:00:00+08:00,33.89629364013672,33.89629364013672,33.89629364013672,33.89629364013672,0,0.0,0.0
2021-10-22 00:00:00+08:00,33.223415692443304,33.72807693481445,33.223415692443304,33.72807693481445,2204,0.0,0.0
2021-10-25 00:00:00+08:00,33.643959237271666,33.81217843234685,33.643959237271666,33.686012268066406,5510,0.0,0.0
2021-10-26 00:00:00+08:00,33.68601719738446,34.40095418499377,33.68601719738446,33.81218338012695,19836,0.0,0.0
2021-10-27 00:00:00+08:00,33.89629648485371,35.41027669006827,33.89629648485371,34.23273849487305,17632,0.0,0.0
2021-10-28 00:00:00+08:00,34.27478836684114,35.07383143684692,34.23273532944539,34.31684494018555,25346,0.0,0.0
2021-10-29 00:00:00+08:00,34.90561294555664,35.24205493150394,34.485064883058435,34.90561294555664,19836,0.0,0.0
2021-11-01 00:00:00+08:00,35.32616481779187,38.3961783809338,35.32616481779187,38.270015716552734,211592,0.0,0.0
2021-11-02 00:00:00+08:00,37.008364321098334,39.868102062339666,37.008364321098334,38.270015716552734,125632,0.0,0.0
2021-11-03 00:00:00+08:00,38.227956154508384,39.1531654555293,37.849461119004474,38.396175384521484,74938,0.0,0.0
2021-11-04 00:00:00+08:00,38.35412285437108,38.77467093498911,37.933571237804166,38.94289016723633,19836,0.0,0.0
2021-11-05 00:00:00+08:00,38.85878028999656,39.9522088282049,38.774670674438134,39.868099212646484,60612,0.0,0.0
2021-11-08 00:00:00+08:00,42.05495990530773,42.727840423583984,40.62509278191351,42.727840423583984,348245,0.0,0.0
2021-11-09 00:00:00+08:00,42.89605418513656,42.89605418513656,40.62508758821515,42.054954528808594,154286,0.0,0.0
2021-11-10 00:00:00+08:00,42.30728624770504,42.72783430140199,41.80262504732005,41.97084426879883,109102,0.0,0.0
2021-11-11 00:00:00+08:00,41.970842456811155,44.578250885009766,41.21385245688918,44.578250885009766,235837,0.0,0.0
2021-11-12 00:00:00+08:00,45.41935564338126,45.83990372661951,43.31660815529217,44.241817474365234,103592,0.0,0.0
2021-11-15 00:00:00+08:00,44.49414343386342,44.91469148978188,41.634406045771875,43.905372619628906,105796,0.0,0.0
2021-11-16 00:00:00+08:00,43.23249718289587,43.90537409497601,42.30728789283689,42.64372634887695,29755,0.0,0.0
2021-11-17 00:00:00+08:00,42.64372888156557,42.81194811957645,41.97084839357304,42.47550964355469,54000,0.0,0.0
2021-11-18 00:00:00+08:00,42.47550612494693,42.47550612494693,41.970844916770666,42.054954528808594,34163,0.0,0.0
2021-11-19 00:00:00+08:00,42.47550900127853,42.81194747221298,42.05495737666153,42.39139938354492,37469,0.0,0.0
2021-11-22 00:00:00+08:00,42.559619262560126,42.559619262560126,42.223180786538364,42.47550964355469,23142,0.0,0.0
2021-11-23 00:00:00+08:00,42.139059854326355,42.139059854326355,39.99425966161214,40.58302688598633,70530,0.0,0.0
2021-11-24 00:00:00+08:00,40.414807615592096,41.38207335803983,40.37275458189126,41.045631408691406,47387,0.0,0.0
2021-11-25 00:00:00+08:00,41.21386165807424,41.84468915614338,40.37276539921397,40.49892807006836,31959,0.0,0.0
2021-11-26 00:00:00+08:00,40.37276539921397,40.49892807006836,40.07837994063823,40.49892807006836,31959,0.0,0.0
2021-11-29 00:00:00+08:00,40.33070881829631,40.49892807006836,40.33070881829631,40.49892807006836,8816,0.0,0.0
2021-11-30 00:00:00+08:00,42.054954528808594,42.47550612494693,41.970844916770666,42.054954528808594,35265,0.0,0.0
2021-12-01 00:00:00+08:00,42.13905875561437,42.72782950058561,42.05494915432537,42.307281494140625,22040,0.0,0.0
2021-12-02 00:00:00+08:00,42.30728755142968,42.47550677809224,42.13906478881836,42.13906478881836,31959,0.0,0.0
2021-12-03 00:00:00+08:00,42.896054844748626,42.896054844748626,42.13906478881836,42.13906478881836,31959,0.0,0.0
2021-12-06 00:00:00+08:00,42.72783596288697,42.72783596288697,42.30728789283689,42.64372634887695,20938,0.0,0.0
2021-12-07 00:00:00+08:00,42.13906472265229,42.13906472265229,40.87741698871538,41.63440704345703,111306,0.0,0.0
2021-12-08 00:00:00+08:00,41.25591427768777,42.89605712890625,41.2138577008083,42.89605712890625,57306,0.0,0.0
2021-12-09 00:00:00+08:00,42.47550069671862,42.55961029800762,42.307281494140625,42.307281494140625,47387,0.0,0.0
2021-12-10 00:00:00+08:00,42.223176636965654,42.47550546918382,41.213854236195665,41.97084426879883,37469,0.0,0.0
2021-12-13 00:00:00+08:00,41.46618521927776,41.46618521927776,41.29796600341797,41.29796600341797,18734,0.0,0.0
2021-12-14 00:00:00+08:00,40.793308853942584,40.793308853942584,38.01768090992837,40.37276077270508,117918,0.0,0.0
2021-12-15 00:00:00+08:00,40.37275789492598,40.37275789492598,40.03631591796875,40.03631591796875,8816,0.0,0.0
2021-12-16 00:00:00+08:00,41.50823787213878,41.50823787213878,40.036314443028935,40.793304443359375,26449,0.0,0.0
2021-12-17 00:00:00+08:00,40.37276077270508,40.37276077270508,40.288651156457576,40.37276077270508,23142,0.0,0.0
2021-12-20 00:00:00+08:00,39.95220622297617,39.95220622297617,39.53165817260742,39.53165817260742,8816,0.0,0.0
2021-12-21 00:00:00+08:00,39.53165817260742,39.53165817260742,39.53165817260742,39.53165817260742,0,0.0,0.0
2021-12-22 00:00:00+08:00,39.57370798535178,40.078369140625,39.57370798535178,40.078369140625,2204,0.0,0.0
2021-12-23 00:00:00+08:00,39.531661074281175,40.87741847019009,39.19522260929117,40.37276077270508,18734,0.0,0.0
2021-12-24 00:00:00+08:00,40.24659729003906,40.24659729003906,40.24659729003906,40.24659729003906,1102,0.0,0.0
2021-12-27 00:00:00+08:00,39.78398487417266,40.20453643798828,39.78398487417266,40.20453643798828,3306,0.0,0.0
2021-12-28 00:00:00+08:00,40.45686721801758,40.45686721801758,40.45686721801758,40.45686721801758,2204,0.0,0.0
2021-12-29 00:00:00+08:00,41.12975085488148,41.12975085488148,40.37276077270508,40.37276077270508,5510,0.0,0.0
2021-12-30 00:00:00+08:00,40.37276077270508,40.37276077270508,40.37276077270508,40.37276077270508,0,0.0,0.0
2022-01-03 00:00:00+08:00,41.04563736641325,41.04563736641325,39.615770365971215,39.868099212646484,26449,0.0,0.0
2022-01-04 00:00:00+08:00,40.70919923769508,40.70919923769508,39.95220915551868,40.37276077270508,15428,0.0,0.0
2022-01-05 00:00:00+08:00,40.20453531343039,40.37275451987201,39.61576455493636,40.078369140625,12122,0.0,0.0
2022-01-06 00:00:00+08:00,40.204546991524275,40.204546991524275,39.573719480211096,39.61577606201172,23142,0.0,0.0
2022-01-07 00:00:00+08:00,39.65782184353102,39.69987487792969,39.57370870283686,39.69987487792969,23142,0.0,0.0
2022-01-10 00:00:00+08:00,39.57371120966998,39.57371120966998,39.53165817260742,39.53165817260742,6612,0.0,0.0
2022-01-11 00:00:00+08:00,39.53166452917907,39.952212647170676,39.36344528198242,39.36344528198242,3306,0.0,0.0
2022-01-12 00:00:00+08:00,39.36344528198242,39.36344528198242,39.36344528198242,39.36344528198242,0,0.0,0.0
2022-01-13 00:00:00+08:00,38.27001823098691,39.48960959186259,38.27001823098691,39.111114501953125,4408,0.0,0.0
2022-01-14 00:00:00+08:00,38.35412785808354,39.111114501953125,38.27001823098691,39.111114501953125,39673,0.0,0.0
2022-01-17 00:00:00+08:00,38.6064567393734,39.111114501953125,38.6064567393734,39.111114501953125,3306,0.0,0.0
2022-01-18 00:00:00+08:00,39.11110744682885,39.11110744682885,38.69055938720703,38.69055938720703,6612,0.0,0.0
2022-01-19 00:00:00+08:00,41.38207608088829,41.38207608088829,38.56439180744609,39.952205657958984,33061,0.0,0.0
2022-01-20 00:00:00+08:00,40.20454424705845,40.24659729003906,40.20454424705845,40.24659729003906,7714,0.0,0.0
2022-01-21 00:00:00+08:00,40.24659729003906,40.24659729003906,40.24659729003906,40.24659729003906,0,0.0,0.0
2022-01-24 00:00:00+08:00,40.20454424705845,40.24659729003906,39.952211845378294,40.24659729003906,11020,0.0,0.0
2022-01-25 00:00:00+08:00,40.37275630493773,40.37275630493773,40.28864669799805,40.28864669799805,17632,0.0,0.0
2022-01-26 00:00:00+08:00,40.3306999206543,40.3306999206543,40.3306999206543,40.3306999206543,3306,0.0,0.0
2022-02-07 00:00:00+08:00,40.75125224628217,40.793305282750005,39.952205657958984,39.952205657958984,8816,0.0,0.0
2022-02-08 00:00:00+08:00,39.53165935296905,40.372759014769265,39.53165935296905,40.16248321533203,6612,0.0,0.0
2022-02-09 00:00:00+08:00,40.37276077270508,40.37276077270508,39.95220915551868,40.37276077270508,9918,0.0,0.0
2022-02-10 00:00:00+08:00,40.37276077270508,40.37276077270508,40.162484964111876,40.37276077270508,5510,0.0,0.0
2022-02-11 00:00:00+08:00,40.37276077270508,40.37276077270508,40.37276077270508,40.37276077270508,2204,0.0,0.0
2022-02-14 00:00:00+08:00,40.20453643798828,40.37275564913515,39.53165605745235,40.20453643798828,15428,0.0,0.0
2022-02-15 00:00:00+08:00,40.204541210829035,40.204541210829035,40.204541210829035,39.868099212646484,5510,0.0,0.0
2022-02-16 00:00:00+08:00,40.37276077270508,40.37276077270508,39.531661074281175,40.37276077270508,19836,0.0,0.0
2022-02-17 00:00:00+08:00,40.37276077270508,40.37276077270508,40.37276077270508,40.37276077270508,0,0.0,0.0
2022-02-18 00:00:00+08:00,40.20453643798828,40.20453643798828,39.95220408531953,40.20453643798828,12122,0.0,0.0
2022-02-21 00:00:00+08:00,40.37276077270508,40.37276077270508,39.153166033192974,40.37276077270508,36367,0.0,0.0
2022-02-22 00:00:00+08:00,40.204539789598975,40.372759014769265,40.12043017701382,40.16248321533203,6612,0.0,0.0
2022-02-23 00:00:00+08:00,40.16248321533203,40.16248321533203,40.16248321533203,40.16248321533203,0,0.0,0.0
2022-02-24 00:00:00+08:00,39.363434841180954,42.307281494140625,39.1111025013657,42.307281494140625,40775,0.0,0.0
2022-02-25 00:00:00+08:00,41.003581845120515,41.04563488238029,39.57371139526367,39.57371139526367,23142,0.0,0.0
2022-03-01 00:00:00+08:00,40.07837458232423,40.75125503540039,39.53166031918386,40.75125503540039,8816,0.0,0.0
2022-03-02 00:00:00+08:00,39.95220915551868,40.37276077270508,39.531661074281175,40.37276077270508,6612,0.0,0.0
2022-03-03 00:00:00+08:00,39.95220430230868,41.21385192871094,39.95220430230868,41.21385192871094,9918,0.0,0.0
2022-03-04 00:00:00+08:00,41.08769226074219,41.08769226074219,41.08769226074219,41.08769226074219,1102,0.0,0.0
2022-03-07 00:00:00+08:00,40.372758789778274,41.08769226074219,40.372758789778274,41.08769226074219,6612,0.0,0.0
2022-03-08 00:00:00+08:00,39.86809586308252,40.372757049982226,39.19521899514767,39.910152435302734,47387,0.0,0.0
2022-03-09 00:00:00+08:00,39.910152435302734,39.910152435302734,39.910152435302734,39.910152435302734,0,0.0,0.0
2022-03-10 00:00:00+08:00,40.20453654852155,40.70919418334961,40.120426942716875,40.70919418334961,5510,0.0,0.0
2022-03-11 00:00:00+08:00,40.70919418334961,40.70919418334961,40.70919418334961,40.70919418334961,2204,0.0,0.0
2022-03-14 00:00:00+08:00,40.961524963378906,40.961524963378906,40.961524963378906,40.961524963378906,1102,0.0,0.0
2022-03-15 00:00:00+08:00,40.835361014910404,40.87741405051292,40.793304443359375,40.793304443359375,3306,0.0,0.0
2022-03-16 00:00:00+08:00,40.1204311576191,40.793308074746434,39.78398916310661,40.75125503540039,12122,0.0,0.0
2022-03-17 00:00:00+08:00,40.709196335934585,40.793305946186734,40.03631591796875,40.03631591796875,13224,0.0,0.0
2022-03-18 00:00:00+08:00,39.783984482675436,40.62508406608133,39.53165566843819,39.69987487792969,12122,0.0,0.0
2022-03-21 00:00:00+08:00,40.37276004426275,40.37276004426275,38.85877990722656,38.85877990722656,11020,0.0,0.0
2022-03-22 00:00:00+08:00,38.94289362804162,39.82604997974779,38.94289362804162,39.36344528198242,13224,0.0,0.0
2022-03-23 00:00:00+08:00,39.9522088282049,39.9522088282049,39.069056096867044,39.868099212646484,58408,0.0,0.0
2022-03-24 00:00:00+08:00,39.868099480544885,39.868099480544885,38.94289016723633,38.94289016723633,54000,0.0,0.0
2022-03-25 00:00:00+08:00,39.531659950848784,39.531659950848784,38.69056027632771,37.84946060180664,25346,0.0,0.0
2022-03-28 00:00:00+08:00,39.11110744682885,39.615768654323745,38.52234016335831,38.69055938720703,23142,0.0,0.0
2022-03-29 00:00:00+08:00,39.11110631956908,39.11110631956908,38.2700102245675,38.56439208984375,34163,0.0,0.0
2022-03-30 00:00:00+08:00,38.56439535213006,38.60645192841214,36.84014290759385,37.513023376464844,92571,0.0,0.0
2022-03-31 00:00:00+08:00,37.09246970782313,37.42890812362163,36.16726052842887,36.335479736328125,130041,0.0,0.0
2022-04-01 00:00:00+08:00,36.37753677368164,38.6905599767158,36.335483735053074,36.37753677368164,99183,0.0,0.0
2022-04-06 00:00:00+08:00,37.00836200765172,38.01768093935178,37.00836200765172,37.97562789916992,3306,0.0,0.0
2022-04-07 00:00:00+08:00,38.18589707911874,38.64850169934391,37.176578229168236,38.56439208984375,26449,0.0,0.0
2022-04-08 00:00:00+08:00,38.56439208984375,38.56439208984375,37.849458641118105,38.56439208984375,9918,0.0,0.0
2022-04-11 00:00:00+08:00,38.60644977528267,38.69055938720703,37.93356934393905,38.69055938720703,58408,0.0,0.0
2022-04-12 00:00:00+08:00,38.69055938720703,38.69055938720703,38.69055938720703,38.69055938720703,2204,0.0,0.0
2022-04-13 00:00:00+08:00,38.7746689991314,38.94288822298012,38.69055938720703,38.69055938720703,8816,0.0,0.0
2022-04-14 00:00:00+08:00,38.01768022397855,38.85877990722656,37.93357060924863,38.85877990722656,6612,0.0,0.0
2022-04-15 00:00:00+08:00,37.51302253559904,38.85877990722656,37.428912920869124,38.85877990722656,29755,0.0,0.0
2022-04-18 00:00:00+08:00,38.10178983870847,38.85877990722656,37.849460994518715,38.85877990722656,33061,0.0,0.0
2022-04-19 00:00:00+08:00,38.606450758790004,39.53166004947661,38.606450758790004,39.27933120727539,40775,0.0,0.0
2022-04-20 00:00:00+08:00,39.699876831306256,41.21385332717122,39.699876831306256,39.952205657958984,36367,0.0,0.0
2022-04-21 00:00:00+08:00,39.44754800465352,39.952205657958984,39.44754800465352,39.952205657958984,3306,0.0,0.0
2022-04-22 00:00:00+08:00,40.03631877176618,40.37276077270508,40.03631877176618,40.37276077270508,13224,0.0,0.0
2022-04-25 00:00:00+08:00,40.414818454241846,40.414818454241846,39.573718659222926,39.99427032470703,29755,0.0,0.0
2022-04-26 00:00:00+08:00,40.330700665912374,40.37275723832878,39.952205657958984,39.952205657958984,8816,0.0,0.0
2022-04-27 00:00:00+08:00,39.952205657958984,39.952205657958984,39.952205657958984,39.952205657958984,1102,0.0,0.0
2022-04-28 00:00:00+08:00,39.95221373383454,41.171808613105874,39.95221373383454,40.49892807006836,47387,0.0,0.0
2022-04-29 00:00:00+08:00,40.54097562189873,41.17179944352459,40.24659022888706,40.793304443359375,24244,0.0,0.0
2022-05-03 00:00:00+08:00,40.793308901720394,41.04563775075843,40.793308901720394,40.877418518066406,14326,0.0,0.0
2022-05-04 00:00:00+08:00,40.877413504589924,41.25590849970029,40.877413504589924,41.21385192871094,31959,0.0,0.0
2022-05-05 00:00:00+08:00,41.970844186888954,41.970844186888954,40.37275805001071,41.4661865234375,26449,0.0,0.0
2022-05-06 00:00:00+08:00,41.63440704345703,42.05495510945308,40.79330737551617,41.63440704345703,85959,0.0,0.0
2022-05-09 00:00:00+08:00,41.045631408691406,41.71851177143991,40.58302682229213,41.045631408691406,33061,0.0,0.0
2022-05-10 00:00:00+08:00,41.04563775075843,41.04563775075843,40.37276081999033,40.877418518066406,18734,0.0,0.0
2022-05-11 00:00:00+08:00,40.87741847019009,40.87741847019009,40.37276077270508,40.37276077270508,7714,0.0,0.0
2022-05-12 00:00:00+08:00,40.37276077270508,40.37276077270508,40.37276077270508,40.37276077270508,1102,0.0,0.0
2022-05-13 00:00:00+08:00,40.37276077270508,40.37276077270508,40.37276077270508,40.37276077270508,0,0.0,0.0
2022-05-16 00:00:00+08:00,40.37276077270508,40.37276077270508,40.37276077270508,40.37276077270508,0,0.0,0.0
2022-05-17 00:00:00+08:00,40.793304443359375,40.793304443359375,40.793304443359375,40.793304443359375,1102,0.0,0.0
2022-05-18 00:00:00+08:00,40.793304443359375,40.793304443359375,40.793304443359375,40.793304443359375,0,0.0,0.0
2022-05-19 00:00:00+08:00,40.793304443359375,40.793304443359375,40.793304443359375,40.793304443359375,0,0.0,0.0
2022-05-20 00:00:00+08:00,39.95221373383454,40.49892807006836,39.95221373383454,40.49892807006836,4408,0.0,0.0
2022-05-23 00:00:00+08:00,40.49892807006836,40.49892807006836,40.49892807006836,40.49892807006836,0,0.0,0.0
2022-05-24 00:00:00+08:00,40.49892807006836,40.49892807006836,40.49892807006836,40.49892807006836,0,0.0,0.0
2022-05-25 00:00:00+08:00,40.49892807006836,40.49892807006836,40.49892807006836,40.49892807006836,0,0.0,0.0
2022-05-26 00:00:00+08:00,40.793304443359375,41.63440405084336,40.793304443359375,40.793304443359375,15428,0.0,0.0
2022-05-27 00:00:00+08:00,40.45687038895258,40.45687038895258,40.37276077270508,40.37276077270508,12122,0.0,0.0
2022-05-30 00:00:00+08:00,40.793308853942584,40.793308853942584,40.37276077270508,40.37276077270508,12122,0.0,0.0
2022-05-31 00:00:00+08:00,40.37276077270508,40.37276077270508,40.37276077270508,40.37276077270508,1102,0.0,0.0
2022-06-01 00:00:00+08:00,40.37276077270508,40.37276077270508,40.37276077270508,40.37276077270508,1102,0.0,0.0
2022-06-02 00:00:00+08:00,39.615767866708,40.03631591796875,39.615767866708,40.03631591796875,2204,0.0,0.0
2022-06-06 00:00:00+08:00,40.793304443359375,40.793304443359375,40.37275640759164,40.793304443359375,15428,0.0,0.0
2022-06-07 00:00:00+08:00,41.59234871633633,41.59234871633633,39.53165797586237,40.45686721801758,6612,0.0,0.0
2022-06-08 00:00:00+08:00,40.37276077270508,40.87741847019009,40.37276077270508,40.37276077270508,37469,0.0,0.0
2022-06-09 00:00:00+08:00,40.793306812291,42.054954528808594,40.793306812291,42.054954528808594,46285,0.0,0.0
2022-06-10 00:00:00+08:00,42.054954528808594,42.054954528808594,41.255911446473945,42.054954528808594,45183,0.0,0.0
2022-06-13 00:00:00+08:00,42.05495517548708,42.64372600475479,41.9708455621558,42.13906478881836,42979,0.0,0.0
2022-06-14 00:00:00+08:00,42.139065712401795,42.22317886352539,41.213856409530685,42.22317886352539,121224,0.0,0.0
2022-06-15 00:00:00+08:00,42.13906113099218,42.30728387900115,41.21385192871094,41.21385192871094,69428,0.0,0.0
2022-06-16 00:00:00+08:00,41.63440349481066,41.63440349481066,40.45686547443866,41.21385192871094,68326,0.0,0.0
2022-06-17 00:00:00+08:00,41.55029743025782,42.05495510945308,41.42413124248463,41.63440704345703,11020,0.0,0.0
2022-06-20 00:00:00+08:00,42.81194258224753,42.81194258224753,41.21385295594427,41.8026237487793,39673,0.0,0.0
2022-06-21 00:00:00+08:00,41.80263201663277,41.80263201663277,41.382083892822266,41.382083892822266,4408,0.0,0.0
2022-06-22 00:00:00+08:00,41.3820746767199,42.05495152496193,40.75125086351878,41.21385192871094,14326,0.0,0.0
2022-06-23 00:00:00+08:00,41.63440710883069,42.2231779380984,41.63440710883069,42.13906478881836,18734,0.0,0.0
2022-06-24 00:00:00+08:00,42.81193910187461,42.81193910187461,41.80262035045838,42.307281494140625,29755,0.0,0.0
2022-06-27 00:00:00+08:00,42.391401932420436,43.316611319069345,42.391401932420436,42.727840423583984,33061,0.0,0.0
2022-06-28 00:00:00+08:00,42.05495110705484,42.55961227416992,42.05495110705484,42.55961227416992,4408,0.0,0.0
2022-06-29 00:00:00+08:00,42.89605495003654,43.56893539428711,42.55961649588565,43.56893539428711,55102,0.0,0.0
2022-06-30 00:00:00+08:00,43.73715361458198,43.73715361458198,42.98016357421875,42.98016357421875,30857,0.0,0.0
2022-07-01 00:00:00+08:00,43.73715586451568,44.32592671196331,42.05495647405004,43.23249816894531,69428,0.0,0.0
2022-07-04 00:00:00+08:00,42.559611019785194,43.06426863607777,41.886730662113436,41.92878723144531,11020,0.0,0.0
2022-07-05 00:00:00+08:00,42.39139577571381,42.39139577571381,41.21385415576312,41.4661865234375,15428,0.0,0.0
2022-07-06 00:00:00+08:00,42.3072890678464,42.3072890678464,40.793308901720394,40.877418518066406,20938,0.0,0.0
2022-07-07 00:00:00+08:00,41.84467927786053,41.84467927786053,41.21385192871094,41.21385192871094,3306,0.0,0.0
2022-07-08 00:00:00+08:00,40.87741479642421,41.17180019480769,40.37275714429418,40.41481018066406,30857,0.0,0.0
2022-07-11 00:00:00+08:00,40.37276077270508,40.37276077270508,40.37276077270508,40.37276077270508,16530,0.0,0.0
2022-07-12 00:00:00+08:00,39.9942622303754,39.9942622303754,39.952205657958984,39.952205657958984,4408,0.0,0.0
2022-07-13 00:00:00+08:00,39.95220915551868,40.37276077270508,39.95220915551868,40.37276077270508,8816,0.0,0.0
2022-07-14 00:00:00+08:00,39.91015262149115,39.952205657958984,39.91015262149115,39.952205657958984,2204,0.0,0.0
2022-07-15 00:00:00+08:00,39.826045989990234,39.826045989990234,39.826045989990234,39.826045989990234,1102,0.0,0.0
2022-07-18 00:00:00+08:00,39.82604366031269,40.03631591796875,39.82604366031269,40.03631591796875,4408,0.0,0.0
2022-07-19 00:00:00+08:00,39.82604209185553,40.28864669799805,39.82604209185553,40.28864669799805,6612,0.0,0.0
2022-07-20 00:00:00+08:00,40.37276077270508,40.37276077270508,39.531661074281175,40.37276077270508,44081,0.0,0.0
2022-07-21 00:00:00+08:00,39.783986440190496,39.952205657958984,39.61576722242201,39.952205657958984,14326,0.0,0.0
2022-07-22 00:00:00+08:00,39.95220369216693,39.95220369216693,39.69987487792969,39.69987487792969,11020,0.0,0.0
2022-07-25 00:00:00+08:00,39.69987487792969,39.69987487792969,39.69987487792969,39.69987487792969,6612,0.0,0.0
2022-07-26 00:00:00+08:00,39.69987487792969,39.69987487792969,39.69987487792969,39.69987487792969,0,0.0,0.0
2022-07-27 00:00:00+08:00,39.61576527318394,40.12042643760684,39.61576527318394,39.69987487792969,3306,0.0,0.0
2022-07-28 00:00:00+08:00,39.573710650005594,39.952205657958984,39.53165761353777,39.952205657958984,14326,0.0,0.0
2022-07-29 00:00:00+08:00,39.95220622297617,39.95220622297617,39.53165817260742,39.53165817260742,13224,0.0,0.0
2022-08-01 00:00:00+08:00,39.57371120966998,39.57371120966998,39.40549198952248,39.53165817260742,20938,0.0,0.0
2022-08-02 00:00:00+08:00,38.98494338989258,38.98494338989258,38.98494338989258,38.98494338989258,2204,0.0,0.0
2022-08-03 00:00:00+08:00,38.690564757246655,39.489607949405304,38.35412626285336,39.36344528198242,18734,0.0,0.0
2022-08-04 00:00:00+08:00,39.19521713256836,39.19521713256836,39.19521713256836,39.19521713256836,1102,0.0,0.0
2022-08-05 00:00:00+08:00,39.19522766499909,39.363446919192334,39.111114501953125,39.111114501953125,7714,0.0,0.0
2022-08-08 00:00:00+08:00,39.11110483151003,39.321380615234375,39.11110483151003,39.321380615234375,3306,0.0,0.0
2022-08-09 00:00:00+08:00,39.74193304575378,42.47550414974097,39.74193304575378,41.8026237487793,59510,0.0,0.0
2022-08-10 00:00:00+08:00,41.844677944439105,41.844677944439105,40.37275458189126,41.045631408691406,28653,0.0,0.0
2022-08-11 00:00:00+08:00,40.793304443359375,40.793304443359375,40.793304443359375,40.793304443359375,4408,0.0,0.0
2022-08-12 00:00:00+08:00,41.213852859539536,41.29796600341797,41.213852859539536,41.29796600341797,3306,0.0,0.0
2022-08-15 00:00:00+08:00,41.29796600341797,41.29796600341797,40.96152403574984,41.29796600341797,20938,0.0,0.0
2022-08-16 00:00:00+08:00,41.340018657831685,41.340018657831685,40.37275640759164,40.793304443359375,12122,0.0,0.0
2022-08-17 00:00:00+08:00,40.79330266266557,40.79330266266557,40.58302688598633,40.58302688598633,2204,0.0,0.0
2022-08-18 00:00:00+08:00,40.58302800666837,40.70919418334961,40.58302800666837,40.70919418334961,4408,0.0,0.0
2022-08-19 00:00:00+08:00,40.70919299529133,41.045631408691406,40.6671399615905,41.045631408691406,6612,0.0,0.0
2022-08-22 00:00:00+08:00,41.08768928763978,41.21385192871094,41.04563271665043,41.21385192871094,6612,0.0,0.0
2022-08-23 00:00:00+08:00,41.5082372396721,41.676456451416016,41.25590842205623,41.676456451416016,12122,0.0,0.0
2022-08-24 00:00:00+08:00,41.676456451416016,41.676456451416016,41.676456451416016,41.676456451416016,3306,0.0,0.0
2022-08-25 00:00:00+08:00,41.71851414065266,42.22317532536105,41.71851414065266,41.8026237487793,18734,0.0,0.0
2022-08-26 00:00:00+08:00,42.64371989929661,42.64371989929661,42.13905875561437,42.307281494140625,28653,0.0,0.0
2022-08-29 00:00:00+08:00,42.2231801480777,42.39139938354492,41.84468510030197,42.39139938354492,34163,0.0,0.0
2022-08-30 00:00:00+08:00,42.30728755142968,42.39139716476096,42.05495517548708,42.13906478881836,22040,0.0,0.0
2022-08-31 00:00:00+08:00,42.139065128868054,42.64372634887695,42.05495551485804,42.64372634887695,15428,0.0,0.0
2022-09-01 00:00:00+08:00,42.64372634887695,43.31660679690589,42.64372634887695,42.64372634887695,55102,0.0,0.0
2022-09-02 00:00:00+08:00,42.22317615127474,43.31660461425781,42.13906300555424,43.31660461425781,65020,0.0,0.0
2022-09-05 00:00:00+08:00,43.53426043102186,45.02145522598817,43.53426043102186,43.80466079711914,28342,0.949514,1.0498364999999998
2022-09-06 00:00:00+08:00,43.98492756044834,44.39052451004472,43.804661848485004,44.345458984375,9447,0.0,0.0
2022-09-07 00:00:00+08:00,43.894789445427875,44.480655670166016,43.894789445427875,44.480655670166016,10497,0.0,0.0
2022-09-08 00:00:00+08:00,43.80466122395079,44.07505798339844,43.80466122395079,44.07505798339844,3149,0.0,0.0
2022-09-12 00:00:00+08:00,44.120120783422536,44.61585235595703,44.075055261178726,44.61585235595703,9447,0.0,0.0
2022-09-13 00:00:00+08:00,44.61585355056303,44.61585355056303,44.52572250366211,44.52572250366211,13646,0.0,0.0
2022-09-14 00:00:00+08:00,43.39906035862118,43.939857482910156,43.17372551653749,43.939857482910156,14696,0.0,0.0
2022-09-15 00:00:00+08:00,44.57079117820916,44.886257083233964,43.444127747304094,43.624393463134766,69282,0.0,0.0
2022-09-16 00:00:00+08:00,43.62439116308602,43.66946029663086,43.62439116308602,43.66946029663086,5248,0.0,0.0
2022-09-19 00:00:00+08:00,43.624395053519656,43.624395053519656,42.67799730394307,43.173728942871094,24143,0.0,0.0
2022-09-20 00:00:00+08:00,43.17372695347492,43.35399627685547,43.17372695347492,43.35399627685547,5248,0.0,0.0
2022-09-21 00:00:00+08:00,43.39906117329036,43.39906117329036,42.99346422478103,43.083595275878906,12596,0.0,0.0
2022-09-22 00:00:00+08:00,42.63292919253618,43.083595275878906,42.63292919253618,43.083595275878906,11547,0.0,0.0
2022-09-23 00:00:00+08:00,42.948397256821686,43.08359744957419,41.91186846119347,42.27239990234375,18895,0.0,0.0
2022-09-26 00:00:00+08:00,40.83026786779911,41.1006682356838,40.83026786779911,40.92040252685547,20994,0.0,0.0
2022-09-27 00:00:00+08:00,41.37107023941639,42.3625334818177,40.87533861821574,41.100669860839844,20994,0.0,0.0
2022-09-28 00:00:00+08:00,41.05560359757104,41.05560359757104,39.56840515136719,39.56840515136719,22044,0.0,0.0
2022-09-29 00:00:00+08:00,39.56839904198088,39.65853368906724,39.29800231928963,39.613468170166016,18895,0.0,0.0
2022-09-30 00:00:00+08:00,38.35160464206483,38.62200497316152,37.67560742360699,37.855873107910156,51436,0.0,0.0
2022-10-03 00:00:00+08:00,37.8558780473617,37.8558780473617,36.14335201838855,37.13481521606445,46188,0.0,0.0
2022-10-04 00:00:00+08:00,37.40521109242154,37.630545928859505,37.315080045273774,37.360145568847656,6298,0.0,0.0
2022-10-05 00:00:00+08:00,37.405210543165694,37.900942123051934,37.405210543165694,37.72067642211914,19944,0.0,0.0
2022-10-06 00:00:00+08:00,37.40521165238149,37.40521165238149,36.32361741471109,36.99961471557617,11547,0.0,0.0
2022-10-07 00:00:00+08:00,36.95454025268555,36.95454025268555,36.95454025268555,36.95454025268555,1049,0.0,0.0
2022-10-11 00:00:00+08:00,36.95454025268555,36.95454025268555,36.95454025268555,36.95454025268555,0,0.0,0.0
2022-10-12 00:00:00+08:00,36.774277924818925,36.774277924818925,36.684146881103516,36.684146881103516,2099,0.0,0.0
2022-10-13 00:00:00+08:00,34.47588504557692,36.23348006270678,34.47588504557692,35.782814025878906,6298,0.0,0.0
2022-10-14 00:00:00+08:00,35.557478737481695,36.14334487915039,35.557478737481695,36.14334487915039,7348,0.0,0.0
2022-10-17 00:00:00+08:00,35.60254898181479,36.05321502685547,35.60254898181479,36.05321502685547,4198,0.0,0.0
2022-10-18 00:00:00+08:00,36.86441546145068,36.86441546145068,35.6025518764555,36.27854919433594,6298,0.0,0.0
2022-10-19 00:00:00+08:00,36.27854624473374,36.27854624473374,36.05321502685547,36.05321502685547,3149,0.0,0.0
2022-10-20 00:00:00+08:00,37.04467757050507,37.04467757050507,34.25055391059886,35.151885986328125,16795,0.0,0.0
2022-10-21 00:00:00+08:00,35.96308135986328,35.96308135986328,35.96308135986328,35.96308135986328,1049,0.0,0.0
2022-10-24 00:00:00+08:00,35.60254845477587,36.41374588012695,35.15188602569067,36.41374588012695,22044,0.0,0.0
2022-10-25 00:00:00+08:00,37.40520799026762,37.40520799026762,36.50387954711914,36.50387954711914,2099,0.0,0.0
2022-10-26 00:00:00+08:00,37.13481383094245,37.13481383094245,35.96308135986328,35.96308135986328,3149,0.0,0.0
2022-10-27 00:00:00+08:00,36.23347854614258,36.23347854614258,36.23347854614258,36.23347854614258,2099,0.0,0.0
2022-10-28 00:00:00+08:00,35.6025485387937,35.6025485387937,35.28708267211914,35.28708267211914,3149,0.0,0.0
2022-10-31 00:00:00+08:00,35.19695031914314,35.24201583862305,35.15188479966323,35.24201583862305,6298,0.0,0.0
2022-11-01 00:00:00+08:00,35.60254841490868,35.60254841490868,35.151885986328125,35.151885986328125,8397,0.0,0.0
2022-11-02 00:00:00+08:00,35.15188884946023,35.15188884946023,34.25055670031718,34.74628829956055,23094,0.0,0.0
2022-11-03 00:00:00+08:00,34.88148498535156,34.88148498535156,34.88148498535156,34.88148498535156,1049,0.0,0.0
2022-11-04 00:00:00+08:00,34.65615016601756,34.88148498535156,34.65615016601756,34.88148498535156,2099,0.0,0.0
2022-11-07 00:00:00+08:00,34.836416839785336,34.836416839785336,34.520954580519486,34.791351318359375,7348,0.0,0.0
2022-11-08 00:00:00+08:00,34.79134768666993,35.512414000637506,34.70121665322632,35.422279357910156,28342,0.0,0.0
2022-11-09 00:00:00+08:00,35.4222819952212,36.008148193359375,35.4222819952212,36.008148193359375,11547,0.0,0.0
2022-11-10 00:00:00+08:00,36.008148193359375,36.008148193359375,36.008148193359375,36.008148193359375,0,0.0,0.0
2022-11-11 00:00:00+08:00,36.05321286081332,36.23347854614258,34.836414973235954,36.23347854614258,31491,0.0,0.0
2022-11-14 00:00:00+08:00,35.69268331053437,36.143349351484105,35.69268331053437,35.91801452636719,6298,0.0,0.0
2022-11-15 00:00:00+08:00,35.60255170462757,35.82788654902314,35.33215494435107,35.512420654296875,6298,0.0,0.0
2022-11-16 00:00:00+08:00,35.15188761865259,35.3321533203125,34.971618307708425,35.3321533203125,11547,0.0,0.0
2022-11-17 00:00:00+08:00,35.33214899965513,35.69268035888672,34.79134835152396,35.69268035888672,20994,0.0,0.0
2022-11-18 00:00:00+08:00,36.05320954693372,36.95453789073318,35.87294387817383,35.87294387817383,7348,0.0,0.0
2022-11-21 00:00:00+08:00,34.97161842258922,35.467350006103516,34.97161842258922,35.467350006103516,5248,0.0,0.0
2022-11-22 00:00:00+08:00,35.51241664465938,36.008148193359375,35.51241664465938,36.008148193359375,2099,0.0,0.0
2022-11-23 00:00:00+08:00,35.33215256055067,36.77427814281937,35.33215256055067,36.18841552734375,10497,0.0,0.0
2022-11-24 00:00:00+08:00,36.684151977731545,36.7742830339691,35.692688703410525,36.09828567504883,14696,0.0,0.0
2022-11-25 00:00:00+08:00,35.69268331053437,36.053214699580515,35.55748313732104,35.91801452636719,15745,0.0,0.0
2022-11-28 00:00:00+08:00,35.4222834978452,35.692683848346206,35.24201780060591,35.5574836730957,19944,0.0,0.0
2022-11-29 00:00:00+08:00,35.6025518764555,36.68414975063486,35.42228616563968,36.27854919433594,17845,0.0,0.0
2022-11-30 00:00:00+08:00,37.405208998968924,37.405208998968924,35.96307984175767,36.41374588012695,23094,0.0,0.0
2022-12-01 00:00:00+08:00,36.14335032843639,36.45881259541561,35.467349444097486,36.32361602783203,34641,0.0,0.0
2022-12-02 00:00:00+08:00,36.864411383477794,36.864411383477794,36.143348619979086,36.77427673339844,13646,0.0,0.0
2022-12-05 00:00:00+08:00,36.27854657159346,36.27854657159346,36.1433500052189,36.18841552734375,13646,0.0,0.0
2022-12-06 00:00:00+08:00,36.14335481245226,39.20787569165286,35.467353844247334,36.09828567504883,33591,0.0,0.0
2022-12-07 00:00:00+08:00,37.22494487685055,37.22494487685055,35.69268461285475,35.96308135986328,5248,0.0,0.0
2022-12-08 00:00:00+08:00,36.50388172722767,36.50388172722767,35.963081019756544,36.32361602783203,9447,0.0,0.0
2022-12-09 00:00:00+08:00,37.04467593476618,37.04467593476618,35.96307821350673,36.23347854614258,5248,0.0,0.0
2022-12-12 00:00:00+08:00,36.41374588012695,36.41374588012695,36.41374588012695,36.41374588012695,2099,0.0,0.0
2022-12-13 00:00:00+08:00,35.918014852414856,35.96308037413368,35.78281467797424,36.05321502685547,6298,0.0,0.0
2022-12-14 00:00:00+08:00,36.8193473815918,36.8193473815918,36.8193473815918,36.8193473815918,1049,0.0,0.0
2022-12-15 00:00:00+08:00,36.413748385480446,36.413748385480446,36.008151449540904,36.368682861328125,8397,0.0,0.0
2022-12-16 00:00:00+08:00,35.692688296669246,35.82788848876953,35.647622769064014,35.82788848876953,5248,0.0,0.0
2022-12-19 00:00:00+08:00,35.782811394052715,36.0982772357013,35.69268035888672,35.69268035888672,6298,0.0,0.0
2022-12-20 00:00:00+08:00,36.503881071896146,36.503881071896146,35.64761811281776,36.05321502685547,4198,0.0,0.0
2022-12-21 00:00:00+08:00,36.27854919433594,36.27854919433594,36.27854919433594,36.27854919433594,1049,0.0,0.0
2022-12-22 00:00:00+08:00,36.2785472391101,36.2785472391101,35.60254995766241,35.96308135986328,4198,0.0,0.0
2022-12-23 00:00:00+08:00,35.96308135986328,35.96308135986328,35.96308135986328,35.96308135986328,0,0.0,0.0
2022-12-26 00:00:00+08:00,35.60254841490868,35.60254841490868,34.97161668375501,35.151885986328125,16795,0.0,0.0
2022-12-27 00:00:00+08:00,35.64761766923584,35.64761766923584,35.106816978202836,35.28708267211914,4198,0.0,0.0
2022-12-28 00:00:00+08:00,35.06175310087301,35.06175310087301,34.20549011230469,34.20549011230469,24143,0.0,0.0
2022-12-29 00:00:00+08:00,33.3492244083436,33.799890480984985,33.3492244083436,33.48442459106445,22044,0.0,0.0
2022-12-30 00:00:00+08:00,33.259090290968494,33.259090290968494,32.53802752869359,32.62815856933594,27292,0.0,0.0
2023-01-03 00:00:00+08:00,32.267629665501374,32.58309555053711,31.997229304246655,32.58309555053711,17845,0.0,0.0
2023-01-04 00:00:00+08:00,32.177493186426695,32.40282440185547,32.177493186426695,32.40282440185547,2099,0.0,0.0
2023-01-05 00:00:00+08:00,32.132428526635174,32.44789440226322,31.546562297816156,32.177494049072266,24143,0.0,0.0
2023-01-06 00:00:00+08:00,31.726827443626032,31.726827443626032,30.690298789941693,31.276165008544922,36740,0.0,0.0
2023-01-09 00:00:00+08:00,31.546561869094027,31.546561869094027,31.186030475928547,31.411361694335938,11547,0.0,0.0
2023-01-10 00:00:00+08:00,31.501494767910344,31.546560287475586,31.501494767910344,31.546560287475586,3149,0.0,0.0
2023-01-11 00:00:00+08:00,32.44789505004883,32.44789505004883,32.31269487075423,32.44789505004883,5248,0.0,0.0
2023-01-12 00:00:00+08:00,32.267628804524925,32.80842590332031,32.267628804524925,32.80842590332031,2099,0.0,0.0
2023-01-13 00:00:00+08:00,32.177494049072266,32.177494049072266,32.177494049072266,32.177494049072266,1049,0.0,0.0
2023-01-16 00:00:00+08:00,32.80842425990466,32.80842425990466,32.53802752869359,32.62815856933594,3149,0.0,0.0
2023-01-17 00:00:00+08:00,32.62815856933594,32.62815856933594,32.62815856933594,32.62815856933594,0,0.0,0.0
2023-01-30 00:00:00+08:00,32.628161428857716,32.718296086683466,31.862029469834045,32.22256088256836,13646,0.0,0.0
2023-01-31 00:00:00+08:00,32.89855651265441,32.89855651265441,31.771896807410467,32.042293548583984,6298,0.0,0.0
2023-02-01 00:00:00+08:00,32.042293548583984,32.042293548583984,31.997228026602425,32.042293548583984,6298,0.0,0.0
2023-02-02 00:00:00+08:00,32.808426778726506,32.808426778726506,31.997229304246655,32.58309555053711,4198,0.0,0.0
2023-02-03 00:00:00+08:00,33.439354454270614,33.439354454270614,33.07882308959961,33.07882308959961,5248,0.0,0.0
2023-02-06 00:00:00+08:00,32.26762621880336,32.718292236328125,31.59162899715817,32.718292236328125,11547,0.0,0.0
2023-02-07 00:00:00+08:00,32.13242983402695,32.31269554039411,31.636698239196186,32.22256088256836,24143,0.0,0.0
2023-02-08 00:00:00+08:00,32.22256311573606,33.123895319322536,32.22256311573606,32.6732292175293,20994,0.0,0.0
2023-02-09 00:00:00+08:00,32.71829835420783,32.71829835420783,32.6732292175293,32.6732292175293,12596,0.0,0.0
2023-02-10 00:00:00+08:00,32.44789505004883,32.44789505004883,32.35776039409101,32.44789505004883,3149,0.0,0.0
2023-02-13 00:00:00+08:00,32.53803108179042,33.12389373779297,32.53803108179042,33.12389373779297,2099,0.0,0.0
2023-02-14 00:00:00+08:00,32.898556407002495,33.1689567565918,32.53802862302368,33.1689567565918,7348,0.0,0.0
2023-02-15 00:00:00+08:00,32.628156248512404,33.30415344238281,32.628156248512404,33.30415344238281,2099,0.0,0.0
2023-02-16 00:00:00+08:00,32.44789450412339,32.80842590332031,32.44789450412339,32.80842590332031,11547,0.0,0.0
2023-02-17 00:00:00+08:00,32.80842425990466,32.80842425990466,32.62815856933594,32.62815856933594,3149,0.0,0.0
2023-02-20 00:00:00+08:00,32.80842735830108,34.20549110375111,32.80842735830108,34.1153564453125,13646,0.0,0.0
2023-02-21 00:00:00+08:00,34.25055164333503,34.70121765136719,34.25055164333503,34.70121765136719,7348,0.0,0.0
2023-02-22 00:00:00+08:00,34.701221673853226,35.872950543133896,34.701221673853226,35.467350006103516,17845,0.0,0.0
2023-02-23 00:00:00+08:00,35.467350006103516,35.872950543133896,35.467350006103516,35.467350006103516,23094,0.0,0.0
2023-02-24 00:00:00+08:00,35.60255195973789,35.82788680574809,34.70122340355037,35.01668930053711,19944,0.0,0.0
2023-03-01 00:00:00+08:00,35.377220723012115,35.422286248500384,35.01668930053711,35.01668930053711,19944,0.0,0.0
2023-03-02 00:00:00+08:00,35.01668581404033,35.151885986328125,35.01668581404033,35.151885986328125,10497,0.0,0.0
2023-03-03 00:00:00+08:00,38.66707229614258,38.66707229614258,38.66707229614258,38.66707229614258,38839,0.0,0.0
2023-03-06 00:00:00+08:00,42.49772644042969,42.49772644042969,42.49772644042969,42.49772644042969,80829,0.0,0.0
2023-03-07 00:00:00+08:00,46.68891525268555,46.68891525268555,46.68891525268555,46.68891525268555,684422,0.0,0.0
2023-03-08 00:00:00+08:00,51.28569793701172,51.28569793701172,50.564635139639094,51.28569793701172,3597419,0.0,0.0
2023-03-09 00:00:00+08:00,54.98115439194724,56.33314895629883,54.80088869065264,56.33314895629883,2783879,0.0,0.0
2023-03-10 00:00:00+08:00,55.43181938492347,61.831260681152344,55.34168473136564,61.831260681152344,6339310,0.0,0.0
2023-03-13 00:00:00+08:00,63.0931298299805,63.0931298299805,57.95554795811625,58.225948333740234,946855,0.0,0.0
2023-03-14 00:00:00+08:00,56.783812991366226,62.191798274692246,56.783812991366226,60.6595344543457,1024535,0.0,0.0
2023-03-15 00:00:00+08:00,60.299006533541316,61.47073181298186,57.95554514680729,58.13581085205078,782047,0.0,0.0
2023-03-16 00:00:00+08:00,57.32461366591257,58.13581114828393,52.367297723245564,53.98969268798828,818788,0.0,0.0
2023-03-17 00:00:00+08:00,54.62062223361211,57.68514633178711,54.62062223361211,57.68514633178711,594146,0.0,0.0
2023-03-20 00:00:00+08:00,58.58647929829003,61.56087257877258,57.865416448042424,59.84834289550781,859727,0.0,0.0
2023-03-21 00:00:00+08:00,61.47072804298153,65.797119140625,61.47072804298153,65.797119140625,1599786,0.0,0.0
2023-03-22 00:00:00+08:00,66.24777973345054,68.50110626220703,63.99445320469404,68.50110626220703,1083319,0.0,0.0
2023-03-23 00:00:00+08:00,67.59977507781183,74.81041717529297,66.60831196987236,74.81041717529297,1319508,0.0,0.0
2023-03-24 00:00:00+08:00,73.36829353611118,77.3341460701872,70.84456657131071,72.10643005371094,1119010,0.0,0.0
2023-03-27 00:00:00+08:00,71.29523175751842,74.0893516775226,66.69844055175781,66.69844055175781,3879796,0.0,0.0
2023-03-28 00:00:00+08:00,66.78858926221065,69.0419160896149,63.453660937768255,64.26486206054688,2655813,0.0,0.0
2023-03-29 00:00:00+08:00,64.89579188623078,69.22217608702783,64.71552256935357,68.230712890625,2635868,0.0,0.0
2023-03-30 00:00:00+08:00,69.85310801506456,72.55709724392497,66.69844910234826,69.4925765991211,5798700,0.0,0.0
2023-03-31 00:00:00+08:00,69.85309395533056,72.01628923416138,67.59976764529726,67.78003692626953,2984378,0.0,0.0
2023-04-06 00:00:00+08:00,68.05044514996375,71.29523483616437,67.78004480635235,69.04190826416016,1870616,0.0,0.0
2023-04-07 00:00:00+08:00,69.85310256857308,72.7373608898021,69.40244013842437,70.57416534423828,2838465,0.0,0.0
2023-04-10 00:00:00+08:00,71.47550731344975,71.9261698059584,63.994463738963475,65.3464584350586,2650564,0.0,0.0
2023-04-11 00:00:00+08:00,66.24778401596087,67.14911612944262,64.6253890991211,64.6253890991211,1106413,0.0,0.0
2023-04-12 00:00:00+08:00,66.24777913019751,66.24777913019751,61.29046369950179,63.09312057495117,1468570,0.0,0.0
2023-04-13 00:00:00+08:00,63.99445042491613,69.40243530273438,63.54378802616782,69.40243530273438,5397703,0.0,0.0
2023-04-14 00:00:00+08:00,69.40244642823203,74.54002458438143,66.24778747558594,66.24778747558594,6504117,0.0,0.0
2023-04-17 00:00:00+08:00,67.87017569953862,72.10642849066704,67.32937501349905,71.29523468017578,4080294,0.0,0.0
2023-04-18 00:00:00+08:00,73.5485604424117,74.81042400749821,68.50111340063437,69.4925765991211,3839906,0.0,0.0
2023-04-19 00:00:00+08:00,70.30377551339814,71.475500774147,68.0504488198737,68.41098022460938,1608184,0.0,0.0
2023-04-20 00:00:00+08:00,69.04190539428653,69.13203643222114,65.34644621615381,65.43658447265625,1162049,0.0,0.0
2023-04-21 00:00:00+08:00,66.06752044684386,66.87871427783763,59.57793731533629,60.929935455322266,1509509,0.0,0.0
2023-04-24 00:00:00+08:00,61.65100426484374,63.63393073271485,60.74967208347442,62.6424674987793,510168,0.0,0.0
2023-04-25 00:00:00+08:00,64.53525591732517,64.62538696011961,60.38913410739416,60.6595344543457,895418,0.0,0.0
2023-04-26 00:00:00+08:00,60.65953736620696,61.74113158736503,58.316079611080205,58.496341705322266,606743,0.0,0.0
2023-04-27 00:00:00+08:00,60.299006616913566,61.02006943888451,58.406211295313355,58.76674270629883,1276469,0.0,0.0
2023-04-28 00:00:00+08:00,59.30754190114513,64.6253890991211,59.30754190114513,64.6253890991211,2757636,0.0,0.0
2023-05-02 00:00:00+08:00,67.50964192140947,70.03336874202196,65.16618439594122,65.70697784423828,4388914,0.0,0.0
2023-05-03 00:00:00+08:00,64.71551969936411,67.59977811150793,64.71551969936411,65.61685180664062,1223983,0.0,0.0
2023-05-04 00:00:00+08:00,65.61684183597386,66.60830483775187,63.99444717683098,64.53524780273438,727461,0.0,0.0
2023-05-05 00:00:00+08:00,65.52671346880237,65.52671346880237,62.01152369463871,62.37205505371094,596245,0.0,0.0
2023-05-08 00:00:00+08:00,64.6253906898286,66.51818600915954,62.64246432250151,62.912864685058594,1575642,0.0,0.0
2023-05-09 00:00:00+08:00,64.08458943707181,64.08458943707181,58.58647644819314,59.12727355957031,979396,0.0,0.0
2023-05-10 00:00:00+08:00,59.12727490061879,61.29047061375887,57.95554599475045,60.299007415771484,602544,0.0,0.0
2023-05-11 00:00:00+08:00,60.208868926983264,60.208868926983264,56.60354778014921,56.7838134765625,647682,0.0,0.0
2023-05-12 00:00:00+08:00,57.05421537076145,58.31607888910785,54.80088869065264,56.33314895629883,740058,0.0,0.0
2023-05-15 00:00:00+08:00,56.60354712739522,57.95554163954571,55.071286920910275,56.51341247558594,438786,0.0,0.0
2023-05-16 00:00:00+08:00,57.414747601393316,58.94700788913795,56.60355012922633,57.865413665771484,615140,0.0,0.0
2023-05-17 00:00:00+08:00,57.23448090869738,60.20887038549506,57.23448090869738,59.2174072265625,710666,0.0,0.0
2023-05-18 00:00:00+08:00,59.84834336891515,60.65954088650261,58.225948333740234,58.225948333740234,481825,0.0,0.0
2023-05-19 00:00:00+08:00,59.037140770019796,59.938469262381865,56.873948779066644,57.05421447753906,526963,0.0,0.0
2023-05-22 00:00:00+08:00,57.77527801103762,59.487807582374735,56.06275204898474,59.2174072265625,568952,0.0,0.0
2023-05-23 00:00:00+08:00,59.2174072265625,60.29900504052721,58.3160787226621,59.2174072265625,453482,0.0,0.0
2023-05-24 00:00:00+08:00,59.21740712864357,60.29900494081981,58.58647537231445,58.58647537231445,456631,0.0,0.0
2023-05-25 00:00:00+08:00,59.21740579206811,59.21740579206811,55.97261603806063,56.7838134765625,534311,0.0,0.0
2023-05-26 00:00:00+08:00,57.05421537076145,58.13580957852902,55.882482898420214,56.33314895629883,456631,0.0,0.0
2023-05-29 00:00:00+08:00,56.60354852970058,61.110198218278704,55.882482125214835,57.68514633178711,1133706,0.0,0.0
2023-05-30 00:00:00+08:00,58.04567972205338,60.29900644833958,56.964081882836396,57.504878997802734,760003,0.0,0.0
2023-05-31 00:00:00+08:00,58.76674206525392,58.94700776878027,57.50487853128523,58.496341705322266,287625,0.0,0.0
2023-06-01 00:00:00+08:00,58.94700776878027,59.12727347230661,57.324612827758884,58.496341705322266,432488,0.0,0.0
2023-06-02 00:00:00+08:00,58.94701118969154,60.11874013525465,57.77528224412843,58.225948333740234,740058,0.0,0.0
2023-06-05 00:00:00+08:00,58.40621040184407,60.83979919341033,58.40621040184407,59.48780822753906,651881,0.0,0.0
2023-06-06 00:00:00+08:00,63.0931269420754,63.0931269420754,59.127274197299684,59.397674560546875,894368,0.0,0.0
2023-06-07 00:00:00+08:00,59.75820668284428,61.83126412811734,59.48780992566505,60.299007415771484,1037131,0.0,0.0
2023-06-08 00:00:00+08:00,60.839801730845345,66.24778747558594,58.947009968542105,66.24778747558594,4323831,0.0,0.0
2023-06-09 00:00:00+08:00,68.05044616784062,72.10642972697543,64.44511782385202,64.80565643310547,5426046,0.0,0.0
2023-06-12 00:00:00+08:00,65.88724773490044,66.06751703167406,60.20886594648253,61.20033264160156,1274370,0.0,0.0
2023-06-13 00:00:00+08:00,62.46219467224836,63.09312644196784,60.389137268066406,60.389137268066406,678124,0.0,0.0
2023-06-14 00:00:00+08:00,60.92993855395678,61.651001377858805,60.02860641479492,60.02860641479492,487074,0.0,0.0
2023-06-15 00:00:00+08:00,60.028608570642135,63.27339861330219,59.57794248487613,61.74113464355469,623538,0.0,0.0
2023-06-16 00:00:00+08:00,65.34644519476367,67.59977163788322,63.9944507726055,66.15764617919922,2862609,0.0,0.0
2023-06-19 00:00:00+08:00,67.59978047219316,72.73736572265625,66.69844833344078,72.73736572265625,5101680,0.0,0.0
2023-06-20 00:00:00+08:00,74.72028738367173,76.25255120104399,68.68137759393856,71.83602905273438,9734132,0.0,0.0
2023-06-21 00:00:00+08:00,73.45843356058653,78.95655059814453,72.82750174224861,78.95655059814453,7577989,0.0,0.0
2023-06-26 00:00:00+08:00,79.85787398287628,86.52771564779708,79.13681118967972,79.67760467529297,11108226,0.0,0.0
2023-06-27 00:00:00+08:00,79.67760399100091,84.99545828693329,76.61308353695021,76.88348388671875,6189199,0.0,0.0
2023-06-28 00:00:00+08:00,80.4888156778199,84.5447998046875,78.86642058335902,84.5447998046875,4612506,0.0,0.0
2023-06-29 00:00:00+08:00,87.8797077469088,88.33037739405576,77.33414483847884,78.59600830078125,10404908,0.0,0.0
2023-06-30 00:00:00+08:00,79.317080782239,80.84934477666303,77.33415430407571,78.4157485961914,3079903,0.0,0.0
2023-07-03 00:00:00+08:00,78.59600981049508,79.31707259749896,75.89202074994633,76.88348388671875,2607525,0.0,0.0
2023-07-04 00:00:00+08:00,79.0466774873752,80.75921074323587,75.44135609480709,75.80188751220703,2914046,0.0,0.0
2023-07-05 00:00:00+08:00,76.88348366105996,78.23547818736613,74.72028808782912,75.62162017822266,1685863,0.0,0.0
2023-07-06 00:00:00+08:00,73.99923129376731,74.90056345713084,72.28670523637479,72.55709838867188,1324757,0.0,0.0
2023-07-07 00:00:00+08:00,73.27816563101221,74.17949054112701,71.2051010131836,71.2051010131836,1199839,0.0,0.0
2023-07-10 00:00:00+08:00,71.65576405799537,72.55708888472937,69.67283788947192,70.4840316772461,799893,0.0,0.0
2023-07-11 00:00:00+08:00,71.29523374875187,71.92615824946463,69.40243859090954,69.76296997070312,533262,0.0,0.0
2023-07-12 00:00:00+08:00,70.03337248081512,70.93469734895086,67.32937622070312,67.32937622070312,821937,0.0,0.0
2023-07-13 00:00:00+08:00,68.23070962056292,69.76297347559256,67.32937751651205,67.87017822265625,808290,0.0,0.0
2023-07-14 00:00:00+08:00,69.22216703899846,70.12349906843396,68.23070397218977,68.6813735961914,584698,0.0,0.0
2023-07-17 00:00:00+08:00,68.68137884166201,69.85310407270647,66.7885836008575,68.86164093017578,678124,0.0,0.0
2023-07-18 00:00:00+08:00,69.4024346184107,69.4024346184107,66.87870788574219,66.87870788574219,699119,0.0,0.0
2023-07-19 00:00:00+08:00,67.05897617092715,68.95176397353141,66.15764417724048,67.59976959228516,426189,0.0,0.0
2023-07-20 00:00:00+08:00,67.59978199177016,72.37683593782951,67.59978199177016,71.02484130859375,1029783,0.0,0.0
2023-07-21 00:00:00+08:00,70.30377172196796,71.56562796120764,68.77150792054874,69.04190826416016,545858,0.0,0.0
2023-07-24 00:00:00+08:00,69.04191641731336,69.13204746963801,67.87018386281686,68.05045318603516,424090,0.0,0.0
2023-07-25 00:00:00+08:00,69.49257159386683,69.76297194099082,67.68991464398718,69.58270263671875,368454,0.0,0.0
2023-07-26 00:00:00+08:00,70.03336897170786,70.75443171751402,67.68991143855386,69.22216796875,624588,0.0,0.0
2023-07-27 00:00:00+08:00,71.14359349130795,73.8355161789928,70.08605505503863,72.585693359375,723000,1.160332,1.0497284999999998
2023-07-28 00:00:00+08:00,72.58569105047928,73.35481388960953,70.85516832988574,73.06639099121094,297000,0.0,0.0
2023-07-31 00:00:00+08:00,73.16252721555446,76.43128817689185,72.10498884612439,73.54708862304688,784000,0.0,0.0
2023-08-01 00:00:00+08:00,74.79691031350406,75.95058718488461,73.16252618833316,73.73936462402344,432000,0.0,0.0
2023-08-02 00:00:00+08:00,73.7393633744758,74.6046246807983,72.39340949230585,74.02778625488281,407000,0.0,0.0
2023-08-04 00:00:00+08:00,73.83550719532298,79.79618299079664,73.73936134789732,79.31548309326172,1747000,0.0,0.0
2023-08-07 00:00:00+08:00,83.64178590592107,83.64178590592107,75.56602579974896,78.5463638305664,1837000,0.0,0.0
2023-08-08 00:00:00+08:00,78.93092444664983,79.79618575921135,76.43128635972654,77.10426330566406,872000,0.0,0.0
2023-08-09 00:00:00+08:00,77.39269731463182,79.50777430728301,77.39269731463182,77.96953582763672,568000,0.0,0.0
2023-08-10 00:00:00+08:00,78.35409194442886,79.70005327303078,76.62356918838366,77.48883056640625,799000,0.0,0.0
2023-08-11 00:00:00+08:00,78.06566888541337,79.21935316545688,75.95059204101562,75.95059204101562,449000,0.0,0.0
2023-08-14 00:00:00+08:00,76.62356283895176,76.62356283895176,72.39340949230585,74.02778625488281,454000,0.0,0.0
2023-08-15 00:00:00+08:00,75.7583096632215,77.10426355952806,74.98918686399034,75.46988677978516,504000,0.0,0.0
2023-08-16 00:00:00+08:00,74.3162109340468,76.2390106235704,73.73936515927075,75.2776107788086,274000,0.0,0.0
2023-08-17 00:00:00+08:00,74.22006262007302,77.39268493652344,73.9316470771493,77.39268493652344,514000,0.0,0.0
2023-08-18 00:00:00+08:00,83.16108876354289,84.02635011361157,76.43128967285156,76.43128967285156,2951000,0.0,0.0
2023-08-21 00:00:00+08:00,77.20041094274558,81.43056441777374,77.00812657167235,78.35408782958984,1859000,0.0,0.0
2023-08-22 00:00:00+08:00,78.06567435732093,79.31549724791459,76.81585880162692,77.96953582763672,748000,0.0,0.0
2023-08-23 00:00:00+08:00,78.64250718852863,82.58424493235253,78.64250718852863,79.12320709228516,3340000,0.0,0.0
2023-08-24 00:00:00+08:00,80.18074080190182,85.56457794733906,78.834779681818,84.98773956298828,4634000,0.0,0.0
2023-08-25 00:00:00+08:00,85.08389141459189,85.18002993791103,78.35409209366372,79.02706909179688,3422000,0.0,0.0
2023-08-28 00:00:00+08:00,79.50776093773311,84.60318283807663,79.50776093773311,80.75758361816406,3715000,0.0,0.0
2023-08-29 00:00:00+08:00,79.60390954980619,81.04600930733965,77.4888255044846,80.18074798583984,1794000,0.0,0.0
2023-08-30 00:00:00+08:00,80.56531139101727,82.00741118440136,79.98846560574457,81.33442687988281,1166000,0.0,0.0
2023-08-31 00:00:00+08:00,81.911266377606,86.14142729260091,81.04601235843116,81.14215087890625,3066000,0.0,0.0
2023-09-01 00:00:00+08:00,81.14215068208281,81.81512765867504,79.4116279781329,79.60391235351562,1174000,0.0,0.0
2023-09-04 00:00:00+08:00,80.18074976534902,80.46916532231752,78.54636560293217,79.79618835449219,731000,0.0,0.0
2023-09-05 00:00:00+08:00,79.02706374956595,80.27688647292423,77.96952539474668,78.5463638305664,775000,0.0,0.0
2023-09-06 00:00:00+08:00,76.71970949481111,77.39268644296439,75.46988677978516,75.46988677978516,1470000,0.0,0.0
2023-09-07 00:00:00+08:00,74.9891943369456,76.14287131586195,73.6432329716103,73.93165588378906,723000,0.0,0.0
2023-09-08 00:00:00+08:00,73.45094608753215,75.66216122359928,73.06638470107313,74.41234588623047,855000,0.0,0.0
2023-09-11 00:00:00+08:00,75.95058940982999,81.62285008589834,75.56602799647133,79.7000503540039,3705000,0.0,0.0
2023-09-12 00:00:00+08:00,81.14214458694666,83.25722121298645,79.31548349996773,82.48810577392578,3630000,0.0,0.0
2023-09-13 00:00:00+08:00,82.68038353394809,83.93020621900203,81.04600679339919,82.29582214355469,1982000,0.0,0.0
2023-09-14 00:00:00+08:00,82.19968228372976,83.54564346061845,80.94985961914062,80.94985961914062,1413000,0.0,0.0
2023-09-15 00:00:00+08:00,81.7189893699559,81.7189893699559,79.21935116208998,79.50776672363281,906000,0.0,0.0
2023-09-18 00:00:00+08:00,79.70004856166231,82.29582520738488,78.45022583007812,78.45022583007812,1121000,0.0,0.0
2023-09-19 00:00:00+08:00,78.64251230803828,79.02706638815866,76.23901263279137,76.43128967285156,685000,0.0,0.0
2023-09-20 00:00:00+08:00,77.3926908278298,77.3926908278298,75.566029577336,76.14286804199219,353000,0.0,0.0
2023-09-21 00:00:00+08:00,76.43128556950863,76.71970844901335,75.46988575102425,75.66216278076172,260000,0.0,0.0
2023-09-22 00:00:00+08:00,75.27760403633977,78.06565746850949,75.27760403633977,76.7197036743164,394000,0.0,0.0
2023-09-25 00:00:00+08:00,76.52742641590724,77.58496478147995,76.52742641590724,76.81584930419922,154000,0.0,0.0
2023-09-26 00:00:00+08:00,76.43128661137477,76.71970949481111,75.46988677978516,75.46988677978516,247000,0.0,0.0
2023-09-27 00:00:00+08:00,74.89305062884188,76.14286604703506,74.604627736621,74.98918914794922,251000,0.0,0.0
2023-09-28 00:00:00+08:00,75.85444944319009,76.04672647875203,74.98918811336384,75.18146514892578,136000,0.0,0.0
2023-10-02 00:00:00+08:00,75.95058773618237,75.95058773618237,74.7969108564277,75.2776107788086,202000,0.0,0.0
2023-10-03 00:00:00+08:00,75.27760791275223,75.95058484450364,74.22006225585938,74.22006225585938,196000,0.0,0.0
2023-10-04 00:00:00+08:00,74.02778597100081,74.02778597100081,72.48954772949219,72.48954772949219,260000,0.0,0.0
2023-10-05 00:00:00+08:00,72.58569105047928,74.60462933457242,72.58569105047928,73.06639099121094,205000,0.0,0.0
2023-10-06 00:00:00+08:00,73.06638898935618,73.16252750788874,71.72042772520408,71.91271209716797,378000,0.0,0.0
2023-10-11 00:00:00+08:00,74.50849249556258,75.56603092206815,71.14359283447266,71.14359283447266,620000,0.0,0.0
2023-10-12 00:00:00+08:00,71.2397355875099,72.48955846979412,70.27833562726036,71.81657409667969,206000,0.0,0.0
2023-10-13 00:00:00+08:00,71.43201755337267,71.91271751716414,70.759033203125,70.759033203125,178000,0.0,0.0
2023-10-16 00:00:00+08:00,71.1435905302931,72.58569033833959,71.1435905302931,71.6242904663086,240000,0.0,0.0
2023-10-17 00:00:00+08:00,71.62428789654498,71.720426413319,68.25938846516368,68.93236541748047,248000,0.0,0.0
2023-10-18 00:00:00+08:00,68.93237111934606,68.93237111934606,67.29799419430131,67.77869415283203,282000,0.0,0.0
2023-10-19 00:00:00+08:00,67.7786923605443,68.45166935073192,67.20185389254075,68.16325378417969,70000,0.0,0.0
2023-10-20 00:00:00+08:00,67.58641177795361,67.58641177795361,66.33658905029297,67.29798889160156,176000,0.0,0.0
2023-10-23 00:00:00+08:00,67.49026644478406,69.22078910640364,67.00956652043402,67.20185089111328,88000,0.0,0.0
2023-10-24 00:00:00+08:00,68.4516657672124,68.4516657672124,66.72115045379614,67.29798889160156,74000,0.0,0.0
2023-10-25 00:00:00+08:00,67.77868881225587,68.16325021575904,67.29798889160156,67.29798889160156,82000,0.0,0.0
2023-10-26 00:00:00+08:00,66.5288694019451,68.45166918043945,66.4327308800002,66.62501525878906,118000,0.0,0.0
2023-10-27 00:00:00+08:00,67.29799067394192,67.3941291936392,65.9520293934833,66.9134292602539,108000,0.0,0.0
2023-10-30 00:00:00+08:00,67.5864130442541,67.5864130442541,65.6636133256113,67.00956726074219,67000,0.0,0.0
2023-10-31 00:00:00+08:00,66.6250177066737,66.72115623215085,64.50993347167969,64.50993347167969,73000,0.0,0.0
2023-11-01 00:00:00+08:00,64.89449446702304,65.18291737639174,63.35625606515494,63.83695602416992,105000,0.0,0.0
2023-11-02 00:00:00+08:00,64.5099325037655,64.5099325037655,62.97169411451297,63.9330940246582,70000,0.0,0.0
2023-11-03 00:00:00+08:00,65.27905802098101,66.81729647279937,64.89449657430154,65.75975799560547,233000,0.0,0.0
2023-11-06 00:00:00+08:00,66.33658599853516,66.91342440980361,65.66360907453834,66.33658599853516,75000,0.0,0.0
2023-11-07 00:00:00+08:00,67.49027124375388,69.12465550369791,66.14431722778728,67.77869415283203,186000,0.0,0.0
2023-11-08 00:00:00+08:00,67.68255133731286,68.93236674932007,67.105712890625,67.105712890625,59000,0.0,0.0
2023-11-09 00:00:00+08:00,67.29799483511067,67.29799483511067,65.95203347142859,66.04817199707031,47000,0.0,0.0
2023-11-10 00:00:00+08:00,63.5485275561266,65.18291167475536,63.5485275561266,64.22151184082031,123000,0.0,0.0
2023-11-13 00:00:00+08:00,64.41378961543154,64.60606665047334,64.02922821044922,64.02922821044922,59000,0.0,0.0
2023-11-14 00:00:00+08:00,64.31764932692315,65.37518766033115,64.31764932692315,64.41378784179688,74000,0.0,0.0
2023-11-15 00:00:00+08:00,64.50993041760886,65.75975319433991,64.50993041760886,65.18291473388672,96000,0.0,0.0
2023-11-16 00:00:00+08:00,65.47132925425831,65.75975214734225,65.27905221546825,65.37519073486328,42000,0.0,0.0
2023-11-17 00:00:00+08:00,65.3751843394781,65.3751843394781,64.41378456977989,65.08676147460938,84000,0.0,0.0
2023-11-20 00:00:00+08:00,65.37519263144698,68.25939230636376,65.37519263144698,68.16325378417969,215000,0.0,0.0
2023-11-21 00:00:00+08:00,68.74009406989347,68.83623259461977,67.3941327190276,67.77869415283203,149000,0.0,0.0
2023-11-22 00:00:00+08:00,67.97096785081585,69.02851357535808,67.97096785081585,68.45166778564453,136000,0.0,0.0
2023-11-23 00:00:00+08:00,69.22079456457669,69.22079456457669,67.68255615234375,67.68255615234375,131000,0.0,0.0
2023-11-24 00:00:00+08:00,68.74008713828192,71.1435866885715,68.54781010821817,69.22078704833984,420000,0.0,0.0
2023-11-27 00:00:00+08:00,69.2207940284242,69.98991689603307,67.29799419430131,67.77869415283203,145000,0.0,0.0
2023-11-28 00:00:00+08:00,67.49027020269284,68.1632545351944,67.49027020269284,67.9709701538086,37000,0.0,0.0
2023-11-29 00:00:00+08:00,68.2593897840007,68.2593897840007,67.00956703709468,67.105712890625,99000,0.0,0.0
2023-11-30 00:00:00+08:00,67.00956777995118,67.10571363454736,66.52886784656589,66.9134292602539,68000,0.0,0.0
2023-12-01 00:00:00+08:00,66.81729125976562,68.54781396735942,66.52886836353368,66.81729125976562,75000,0.0,0.0
2023-12-04 00:00:00+08:00,67.20185515053481,68.64395501498878,66.81729371970057,67.87483215332031,191000,0.0,0.0
2023-12-05 00:00:00+08:00,67.6825551053528,68.06711653618704,67.10571662655106,67.87483215332031,104000,0.0,0.0
2023-12-06 00:00:00+08:00,67.29799119688624,67.58641409311818,66.81729125976562,66.81729125976562,111000,0.0,0.0
2023-12-07 00:00:00+08:00,66.81728794792535,68.35552620348781,66.4327265503101,67.49026489257812,136000,0.0,0.0
2023-12-08 00:00:00+08:00,67.49026592590381,68.16325021575904,67.29798889160156,67.29798889160156,51000,0.0,0.0
2023-12-11 00:00:00+08:00,67.10571055531324,67.49026461645659,64.89448802924616,65.9520263671875,115000,0.0,0.0
2023-12-12 00:00:00+08:00,66.14430897307845,67.68254718142713,66.14430897307845,66.33658599853516,77000,0.0,0.0
2023-12-13 00:00:00+08:00,66.52887196017825,66.72115634636103,65.66361789450343,66.04817199707031,113000,0.0,0.0
2023-12-14 00:00:00+08:00,66.04816515269484,67.87482629019338,66.04816515269484,67.49026489257812,155000,0.0,0.0
2023-12-15 00:00:00+08:00,67.9709635028306,74.22006225585938,67.9709635028306,74.22006225585938,2252000,0.0,0.0
2023-12-18 00:00:00+08:00,74.41235335557697,75.46989177331882,70.56675377477092,72.87411499023438,1937000,0.0,0.0
2023-12-19 00:00:00+08:00,72.87411565909835,77.77725370264896,72.87411565909835,74.31621551513672,1727000,0.0,0.0
2023-12-20 00:00:00+08:00,73.06638942620692,76.14286604703506,73.06638942620692,74.98918914794922,1283000,0.0,0.0
2023-12-21 00:00:00+08:00,75.18146741945337,80.94986667930603,75.18146741945337,76.33515167236328,5780000,0.0,0.0
2023-12-22 00:00:00+08:00,76.81585035058416,77.39268880012708,73.45095083753516,74.98918914794922,2214000,0.0,0.0
2023-12-25 00:00:00+08:00,74.98919392339097,77.29655520339826,74.60463248757321,75.56603240966797,1190000,0.0,0.0
2023-12-26 00:00:00+08:00,75.56603098943046,76.23901532318787,74.02779260996937,74.31621551513672,771000,0.0,0.0
2023-12-27 00:00:00+08:00,74.70076551062536,74.70076551062536,73.35481158675005,73.54708862304688,344000,0.0,0.0
2023-12-28 00:00:00+08:00,73.25866497375537,73.4509493429563,71.52814966033911,72.10498809814453,637000,0.0,0.0
2023-12-29 00:00:00+08:00,72.10498236440026,74.02778189411761,71.33585961855408,73.35480499267578,318000,0.0,0.0
2024-01-02 00:00:00+08:00,74.98918839996936,75.4698883256102,73.54708862304688,73.54708862304688,521000,0.0,0.0
2024-01-03 00:00:00+08:00,73.64323050545612,74.70076892319797,72.68183061025461,72.87411499023438,273000,0.0,0.0
2024-01-04 00:00:00+08:00,72.77797328616523,73.64323470820607,71.43201922399007,72.00885772705078,550000,0.0,0.0
2024-01-05 00:00:00+08:00,73.4509537699367,77.87339183952236,72.00885392105667,75.95059204101562,1330000,0.0,0.0
2024-01-08 00:00:00+08:00,75.85444472474111,75.85444472474111,72.97024536132812,72.97024536132812,1043000,0.0,0.0
2024-01-09 00:00:00+08:00,72.97025047082363,73.93165032594673,71.72042772520408,71.91271209716797,541000,0.0,0.0
2024-01-10 00:00:00+08:00,73.83551724733148,75.27761713626452,72.20113297226777,72.39341735839844,1030000,0.0,0.0
2024-01-11 00:00:00+08:00,72.39341631092576,72.97025479117272,71.81657049577954,72.585693359375,260000,0.0,0.0
2024-01-12 00:00:00+08:00,73.06638298656854,76.23900518178671,72.77796011976754,74.79690551757812,1534000,0.0,0.0
2024-01-15 00:00:00+08:00,75.95059077295481,79.12321332148088,74.98919088975285,76.239013671875,2823279,0.0,0.0
2024-01-16 00:00:00+08:00,75.95059384548573,77.10427081803972,73.83551695083699,75.56603240966797,1401000,0.0,0.0
2024-01-17 00:00:00+08:00,76.2390095790163,76.91198652716959,74.70076398055402,75.46988677978516,574000,0.0,0.0
2024-01-18 00:00:00+08:00,74.98918839996936,76.33514965874343,73.25866573370287,73.54708862304688,724000,0.0,0.0
2024-01-19 00:00:00+08:00,74.02779087267425,74.79691371180448,72.29726815208069,73.06639099121094,890000,0.0,0.0
2024-01-22 00:00:00+08:00,73.2586703638466,74.41235465923978,72.48955483515037,72.585693359375,739000,0.0,0.0
2024-01-23 00:00:00+08:00,73.54708359014538,76.23900592348255,72.7779608277924,74.60462188720703,1668000,0.0,0.0
2024-01-24 00:00:00+08:00,75.46989140664377,75.95059135190903,74.2200686149945,74.50849151611328,729000,0.0,0.0
2024-01-25 00:00:00+08:00,74.7969108564277,75.2776107788086,74.02778804665877,75.2776107788086,481000,0.0,0.0
2024-01-26 00:00:00+08:00,75.75831251637935,75.75831251637935,73.2586669921875,73.2586669921875,523000,0.0,0.0
2024-01-29 00:00:00+08:00,73.25866470513176,74.60462594500818,72.58568775264288,73.73936462402344,203000,0.0,0.0
2024-01-30 00:00:00+08:00,74.02779615521305,74.22007321126678,71.6242962800438,72.00885772705078,868000,0.0,0.0
2024-01-31 00:00:00+08:00,72.00884597404715,72.77796140762958,71.2397232055664,71.2397232055664,342000,0.0,0.0
2024-02-01 00:00:00+08:00,72.1049864450144,78.16180824035503,72.00884793006743,77.29654693603516,4728000,0.0,0.0
2024-02-02 00:00:00+08:00,80.27688567342348,80.27688567342348,77.00812478980136,77.10426330566406,2290000,0.0,0.0
2024-02-05 00:00:00+08:00,77.87339071882758,78.8347906042452,75.2776139621596,77.77725219726562,1377000,0.0,0.0
2024-02-15 00:00:00+08:00,80.08461334655726,84.31476697222064,78.9309290837317,84.12248992919922,3516000,0.0,0.0
2024-02-16 00:00:00+08:00,85.46844860391596,91.04456336376666,83.83406444895202,87.8719482421875,4288000,0.0,0.0
2024-02-19 00:00:00+08:00,89.410191941118,89.410191941118,84.60319237439123,88.35265350341797,2151000,0.0,0.0
2024-02-20 00:00:00+08:00,89.50632034879946,90.85228154233221,87.00668232360916,87.19895935058594,2262000,0.0,0.0
2024-02-21 00:00:00+08:00,86.71825995898075,88.54492106561217,86.42984441681692,87.10282135009766,993000,0.0,0.0
2024-02-22 00:00:00+08:00,87.679665986212,87.679665986212,85.1800277690641,85.85301208496094,1359000,0.0,0.0
2024-02-23 00:00:00+08:00,86.5259890659588,86.91055048434286,85.27616628993536,85.85301208496094,860000,0.0,0.0
2024-02-26 00:00:00+08:00,85.85301261664246,92.10211186566193,85.85301261664246,90.46772766113281,3091000,0.0,0.0
2024-02-27 00:00:00+08:00,90.56386286206543,94.2171852230408,88.25650909186915,92.77508544921875,3720000,0.0,0.0
2024-02-29 00:00:00+08:00,92.19824900945105,101.90838623046875,90.852287724333,101.90838623046875,3651000,0.0,0.0
2024-03-01 00:00:00+08:00,105.27328334038862,112.00308227539062,104.7925834164599,112.00308227539062,3510000,0.0,0.0
2024-03-04 00:00:00+08:00,115.8486840478305,118.25218371687264,111.04168470974625,111.52238464355469,12295000,0.0,0.0
2024-03-05 00:00:00+08:00,112.48377990722656,113.9258796496269,105.7539811093583,112.48377990722656,2932000,0.0,0.0
2024-03-06 00:00:00+08:00,111.52239288979388,117.2907925220246,111.04169292044132,112.96449279785156,4524000,0.0,0.0
2024-03-07 00:00:00+08:00,112.9644773695204,114.88727698432075,106.71537862141928,108.15747833251953,2859000,0.0,0.0
2024-03-08 00:00:00+08:00,108.15748135615054,108.63818127328899,102.38908235048918,104.31188201904297,2656000,0.0,0.0
2024-03-11 00:00:00+08:00,104.79258750035213,105.27328744301428,99.98558807373047,99.98558807373047,2055000,0.0,0.0
2024-03-12 00:00:00+08:00,101.90838712366616,101.90838712366616,97.10138773104039,98.54348754882812,1408000,0.0,0.0
2024-03-13 00:00:00+08:00,98.54348127754571,99.02418118621667,91.81368255615234,91.81368255615234,2689000,0.0,0.0
2024-03-14 00:00:00+08:00,92.10211018125355,92.58281011469454,85.85301104652065,86.0452880859375,2838000,0.0,0.0
2024-03-15 00:00:00+08:00,86.04528682237272,88.06422504619724,84.3147641534381,84.69932556152344,1770000,0.0,0.0
2024-03-18 00:00:00+08:00,85.85301593444801,92.58281538577408,85.85301593444801,91.33299255371094,2546000,0.0,0.0
2024-03-19 00:00:00+08:00,91.33298288006218,92.58280557974877,89.50632175548124,90.17930603027344,1222000,0.0,0.0
2024-03-20 00:00:00+08:00,90.85228977207024,93.73648944737405,89.50632845661531,91.90982818603516,1184000,0.0,0.0
2024-03-21 00:00:00+08:00,93.25579056240713,95.6592903191702,91.7175521850586,91.7175521850586,1581000,0.0,0.0
2024-03-22 00:00:00+08:00,91.90981847638906,100.46627807617188,91.81367996434847,100.46627807617188,2763000,0.0,0.0
2024-03-25 00:00:00+08:00,105.27328491210938,107.19608463653147,98.54348587663206,105.27328491210938,6462000,0.0,0.0
2024-03-26 00:00:00+08:00,105.27328491210938,105.27328491210938,105.27328491210938,105.27328491210938,0,0.0,0.0
2024-03-27 00:00:00+08:00,104.31188130378723,111.52238001142229,103.83118138994489,107.6767807006836,8139000,0.0,0.0
2024-03-28 00:00:00+08:00,110.56098317712303,118.25218200683594,109.59958332340892,118.25218200683594,8960000,0.0,0.0
2024-03-29 00:00:00+08:00,120.17498016357422,123.53987960815431,110.56098175048828,110.56098175048828,9067000,0.0,0.0
2024-04-01 00:00:00+08:00,113.44518268108368,123.0591812133789,111.52238297462463,123.0591812133789,8560000,0.0,0.0
2024-04-02 00:00:00+08:00,124.50128317778966,127.86618272313532,119.21358389224646,127.38548278808594,15809000,0.0,0.0
2024-04-03 00:00:00+08:00,124.98197859827184,128.8275779397571,121.13637925678654,123.53987884521484,5887000,0.0,0.0
2024-04-08 00:00:00+08:00,124.50127782977995,124.50127782977995,116.81007919936884,117.29077911376953,1187000,0.0,0.0
2024-04-09 00:00:00+08:00,118.73288633691983,124.02058572844257,114.40658683476485,122.09778594970703,1105000,0.0,0.0
2024-04-10 00:00:00+08:00,119.21358032226563,124.5012794494629,119.21358032226563,120.17498016357422,602000,0.0,0.0
2024-04-11 00:00:00+08:00,120.1749786001737,120.1749786001737,117.29077911376953,117.29077911376953,395000,0.0,0.0
2024-04-12 00:00:00+08:00,118.732881933693,120.65568164112122,115.84868237255066,118.25218200683594,561000,0.0,0.0
2024-04-15 00:00:00+08:00,123.05918278769842,125.9433823842851,120.65568312387619,121.13638305664062,1220000,0.0,0.0
2024-04-16 00:00:00+08:00,119.21357870509482,119.21357870509482,109.11888050829243,112.48377990722656,1195000,0.0,0.0
2024-04-17 00:00:00+08:00,114.40659270590923,115.36799264461436,111.52239288979388,112.96449279785156,390000,0.0,0.0
2024-04-18 00:00:00+08:00,112.48377921076731,118.2521781446528,111.52237938845306,115.84867858886719,476000,0.0,0.0
2024-04-19 00:00:00+08:00,114.40658111572266,119.21358032226563,111.52238159179689,115.36798095703125,682000,0.0,0.0
2024-04-22 00:00:00+08:00,115.36797932216099,115.36797932216099,107.6767807006836,107.6767807006836,588000,0.0,0.0
2024-04-23 00:00:00+08:00,108.63817740775444,110.56097700789168,104.79257820747995,106.71537780761719,488000,0.0,0.0
2024-04-24 00:00:00+08:00,109.1188819885254,112.96448135375977,108.6381820678711,110.56098175048828,843000,0.0,0.0
2024-04-25 00:00:00+08:00,111.041676907926,112.00307670799462,106.71537780761719,106.71537780761719,717000,0.0,0.0
2024-04-26 00:00:00+08:00,108.15747981697186,111.04167927875777,106.23468017578125,106.23468017578125,988000,0.0,0.0
2024-04-29 00:00:00+08:00,106.23468914956248,109.59958880588347,99.50488983692051,109.11888885498047,1831000,0.0,0.0
2024-04-30 00:00:00+08:00,109.59958344856194,111.04168323077987,103.83118431969027,108.63818359375,1337000,0.0,0.0
2024-05-02 00:00:00+08:00,108.1574821472168,111.04168167114258,106.23468246459962,110.56098175048828,711000,0.0,0.0
2024-05-03 00:00:00+08:00,111.52238695549242,112.96448678681345,109.11888723662406,111.04168701171875,930000,0.0,0.0
2024-05-06 00:00:00+08:00,113.44518694539708,122.09778594970703,113.44518694539708,122.09778594970703,3324000,0.0,0.0
2024-05-07 00:00:00+08:00,119.69427944135062,120.65567927622091,113.9258804321289,113.9258804321289,2438000,0.0,0.0
2024-05-08 00:00:00+08:00,113.9258804321289,114.40658034956405,111.52238084495319,113.9258804321289,828000,0.0,0.0
2024-05-09 00:00:00+08:00,115.36798018443433,120.17497935878576,111.52238084495319,113.9258804321289,2473000,0.0,0.0
2024-05-10 00:00:00+08:00,113.92588836401045,113.92588836401045,106.23468914956248,109.11888885498047,1667000,0.0,0.0
2024-05-13 00:00:00+08:00,108.15747833251953,110.56097785101997,105.75397881401909,108.15747833251953,833000,0.0,0.0
2024-05-14 00:00:00+08:00,108.15748360197423,118.7328819986117,108.15748360197423,113.44518280029297,2646000,0.0,0.0
2024-05-15 00:00:00+08:00,116.81007760312377,118.25217732661913,112.9644783404695,114.40657806396484,1881000,0.0,0.0
2024-05-16 00:00:00+08:00,116.3293775591934,116.3293775591934,109.59957885742188,109.59957885742188,1227000,0.0,0.0
2024-05-17 00:00:00+08:00,110.08028257967577,114.88728181896292,109.59958265574706,112.00308227539062,1140000,0.0,0.0
2024-05-20 00:00:00+08:00,114.40657793011582,116.81007746646279,108.6381790428831,109.59957885742188,1968000,0.0,0.0
2024-05-21 00:00:00+08:00,110.56097867196067,112.00307839376885,108.6381790428831,109.59957885742188,649000,0.0,0.0
2024-05-22 00:00:00+08:00,110.56098018373761,110.56098018373761,107.6767807006836,107.6767807006836,848000,0.0,0.0
2024-05-23 00:00:00+08:00,111.52238315818585,114.88728265002766,107.19608381153208,108.63818359375,4087000,0.0,0.0
2024-05-24 00:00:00+08:00,108.63818432670493,115.36798335579284,107.19608453475752,110.08028411865234,3442000,0.0,0.0
2024-05-27 00:00:00+08:00,111.04168865859246,111.04168865859246,108.63818890407747,109.11888885498047,785000,0.0,0.0
2024-05-28 00:00:00+08:00,110.08027945816247,110.08027945816247,106.23468017578125,106.23468017578125,1135000,0.0,0.0
2024-05-29 00:00:00+08:00,105.7539857108638,107.67678545106132,100.94698636036999,101.90838623046875,1544000,0.0,0.0
2024-05-30 00:00:00+08:00,102.38908778704129,103.35048767236563,99.98558807373047,99.98558807373047,606000,0.0,0.0
2024-05-31 00:00:00+08:00,100.94698333740234,101.90838317871095,99.50488357543946,100.94698333740234,482000,0.0,0.0
2024-06-03 00:00:00+08:00,102.86978610056751,102.86978610056751,100.94698636036999,101.90838623046875,315000,0.0,0.0
2024-06-04 00:00:00+08:00,102.38908706292874,103.35048694145388,98.06278760956555,98.54348754882812,504000,0.0,0.0
2024-06-05 00:00:00+08:00,99.02419048806895,100.94699030337127,98.0627905804178,99.50489044189453,401000,0.0,0.0
2024-06-06 00:00:00+08:00,99.02418912821148,99.50488907543581,96.04385092240047,96.62068939208984,829000,0.0,0.0
2024-06-07 00:00:00+08:00,97.10138546841816,99.50488510872555,97.10138546841816,99.02418518066406,321000,0.0,0.0
2024-06-11 00:00:00+08:00,99.02418912821148,99.02418912821148,96.62068939208984,96.62068939208984,323000,0.0,0.0
2024-06-12 00:00:00+08:00,96.1399856122952,99.02418518066406,96.1399856122952,99.02418518066406,193000,0.0,0.0
2024-06-13 00:00:00+08:00,99.02418981813918,99.50488976871266,98.06278991699219,98.06278991699219,262000,0.0,0.0
2024-06-14 00:00:00+08:00,98.06278760956555,101.42768718440358,97.58208767030297,98.54348754882812,419000,0.0,0.0
2024-06-17 00:00:00+08:00,98.54347849576668,100.46627807617188,98.54347849576668,100.46627807617188,241000,0.0,0.0
2024-06-18 00:00:00+08:00,100.9469879590548,101.90838784437913,99.98558807373047,99.98558807373047,249000,0.0,0.0
2024-06-19 00:00:00+08:00,99.98558971928615,100.46628966985965,97.10139001584521,98.06278991699219,481000,0.0,0.0
2024-06-20 00:00:00+08:00,99.50488209947248,104.79258114823672,99.50488209947248,102.86978149414062,992000,0.0,0.0
2024-06-21 00:00:00+08:00,103.83118511879282,106.23468477432043,101.90838539437073,105.27328491210938,606000,0.0,0.0
2024-06-24 00:00:00+08:00,106.2346840257998,108.157483736674,101.90838467633283,103.83118438720703,940000,0.0,0.0
2024-06-25 00:00:00+08:00,104.79258044488829,106.7153800860789,103.35048071399532,106.23468017578125,333000,0.0,0.0
2024-06-26 00:00:00+08:00,106.23467937084513,107.67677909081135,104.7925796508789,104.7925796508789,400000,0.0,0.0
2024-06-27 00:00:00+08:00,103.83118062429298,111.52237918905543,103.83118062429298,106.23468017578125,1409000,0.0,0.0
2024-06-28 00:00:00+08:00,107.67678999467329,108.63818990534001,105.27329021800648,105.75399017333984,434000,0.0,0.0
2024-07-01 00:00:00+08:00,105.75398644735647,106.23468638575355,102.38908687857695,103.3504867553711,387000,0.0,0.0
2024-07-02 00:00:00+08:00,103.33605868145101,104.3109271595779,100.41145324707031,100.41145324707031,370000,1.485198,0.0
2024-07-03 00:00:00+08:00,100.8988803699256,102.84861718866814,100.41144616523998,101.87374877929688,211000,0.0,0.0
2024-07-04 00:00:00+08:00,102.36119035361469,102.36119035361469,100.89888763427734,100.89888763427734,217000,0.0,0.0
2024-07-05 00:00:00+08:00,100.89888763427734,103.33605883317293,100.89888763427734,100.89888763427734,212000,0.0,0.0
2024-07-08 00:00:00+08:00,101.38631528755869,110.16013103359742,101.38631528755869,103.823486328125,1090000,0.0,0.0
2024-07-09 00:00:00+08:00,105.2857957922894,105.77323003206851,100.41145339449822,100.89888763427734,487000,0.0,0.0
2024-07-10 00:00:00+08:00,100.89888763427734,101.87375611383558,99.9240191547191,100.89888763427734,259000,0.0,0.0
2024-07-11 00:00:00+08:00,101.87375581322647,101.87375581322647,99.43658462152248,99.92401885986328,314000,0.0,0.0
2024-07-12 00:00:00+08:00,99.9240182525483,100.41145248792657,97.97428131103516,97.97428131103516,398000,0.0,0.0
2024-07-15 00:00:00+08:00,99.43657845992463,99.43657845992463,95.63459014892578,95.63459014892578,580000,0.0,0.0
2024-07-16 00:00:00+08:00,96.60946164236974,96.9994105088309,95.34213712344092,95.7320785522461,280000,0.0,0.0
2024-07-17 00:00:00+08:00,96.41449309519726,98.94914962768556,96.21951493875589,97.48684692382812,364000,0.0,0.0
2024-07-18 00:00:00+08:00,99.924017780959,104.79836011173748,96.51197814941406,96.51197814941406,962000,0.0,0.0
2024-07-19 00:00:00+08:00,97.4868463010204,97.4868463010204,95.537109375,95.537109375,260000,0.0,0.0
2024-07-22 00:00:00+08:00,95.53710432940885,95.73207503665147,88.8105108023581,90.07784271240234,780000,0.0,0.0
2024-07-23 00:00:00+08:00,91.44266339960598,93.78234172473601,91.15019989013672,91.15019989013672,345000,0.0,0.0
2024-07-26 00:00:00+08:00,88.71303282374679,90.17533556259976,86.7632958386095,89.59041595458984,180000,0.0,0.0
2024-07-29 00:00:00+08:00,92.32004726209293,92.51502543162918,86.56832885742188,86.56832885742188,340000,0.0,0.0
2024-07-30 00:00:00+08:00,85.88591348443728,87.64067976199183,84.32612536975348,87.4457015991211,411000,0.0,0.0
2024-07-31 00:00:00+08:00,87.34821429743405,87.34821429743405,85.0085284585198,85.6909408569336,202000,0.0,0.0
2024-08-01 00:00:00+08:00,88.71302471814072,88.71302471814072,86.2758537094006,88.12810516357422,144000,0.0,0.0
2024-08-02 00:00:00+08:00,85.39847050931515,86.66580240670504,83.93616790662942,84.03365325927734,255000,0.0,0.0
2024-08-05 00:00:00+08:00,81.49899842270547,81.49899842270547,75.64978790283203,75.64978790283203,333000,0.0,0.0
2024-08-06 00:00:00+08:00,75.64979107654733,75.64979107654733,68.14330690285456,71.16539764404297,995000,0.0,0.0
2024-08-07 00:00:00+08:00,71.16539424585956,78.28193664550781,71.16539424585956,78.28193664550781,428000,0.0,0.0
2024-08-08 00:00:00+08:00,77.79450760585887,78.08696368698992,75.06487288936492,75.55230712890625,253000,0.0,0.0
2024-08-09 00:00:00+08:00,78.4769159851252,78.57440134974932,76.62466430664062,76.62466430664062,206000,0.0,0.0
2024-08-12 00:00:00+08:00,78.28194258649746,79.84173068026503,77.40455945948561,77.9894790649414,160000,0.0,0.0
2024-08-13 00:00:00+08:00,79.6467475617696,85.78842163085938,77.11209113747992,85.78842163085938,599000,0.0,0.0
2024-08-14 00:00:00+08:00,86.76329110320687,89.7853817776975,83.83868578512124,84.13114929199219,947000,0.0,0.0
2024-08-15 00:00:00+08:00,84.13115203243471,85.3009912227123,82.86382004492052,83.25376892089844,261000,0.0,0.0
2024-08-16 00:00:00+08:00,85.98339772306716,85.98339772306716,83.44874114013201,83.54622650146484,221000,0.0,0.0
2024-08-19 00:00:00+08:00,82.96130660868883,84.32612397559387,82.47387236605535,82.57135772705078,191000,0.0,0.0
2024-08-20 00:00:00+08:00,82.66885221104603,84.22864033174085,82.66885221104603,82.86382293701172,138000,0.0,0.0
2024-08-21 00:00:00+08:00,83.25376672612911,83.64371559182705,81.4990005493164,81.4990005493164,169000,0.0,0.0
2024-08-22 00:00:00+08:00,81.20654088236029,82.08391649425938,79.15931128751396,79.939208984375,358000,0.0,0.0
2024-08-23 00:00:00+08:00,79.84172533757379,80.71910840587465,78.96434226927293,80.23167419433594,121000,0.0,0.0
2024-08-26 00:00:00+08:00,81.20654491152742,88.22559478091335,80.62161789103189,87.05575561523438,816000,0.0,0.0
2024-08-27 00:00:00+08:00,86.95826320822611,86.95826320822611,83.64371641145432,83.93617248535156,558000,0.0,0.0
2024-08-28 00:00:00+08:00,84.8135557428154,86.66580729829315,83.35125305759443,84.4236068725586,235000,0.0,0.0
2024-08-29 00:00:00+08:00,85.69094070875514,89.59041462098375,85.00852831152139,85.20350646972656,640000,0.0,0.0
2024-08-30 00:00:00+08:00,86.95826679302995,88.3230841737824,85.39847868830844,85.49596405029297,252000,0.0,0.0
2024-09-02 00:00:00+08:00,85.49596068752274,86.08088771173598,84.4236068725586,84.4236068725586,98000,0.0,0.0
2024-09-03 00:00:00+08:00,85.69093556672357,85.69093556672357,83.83868408203125,83.83868408203125,98000,0.0,0.0
2024-09-04 00:00:00+08:00,78.37942783942509,83.05879211425781,78.28194247825996,83.05879211425781,280000,0.0,0.0
2024-09-05 00:00:00+08:00,84.52109072143138,84.71606887190613,79.9392120312859,80.03669738769531,261000,0.0,0.0
2024-09-06 00:00:00+08:00,78.18444519444013,79.9392113453766,77.98947448329425,78.08695983886719,138000,0.0,0.0
2024-09-09 00:00:00+08:00,73.60256594234698,80.32915954911252,73.60256594234698,80.23167419433594,153000,0.0,0.0
2024-09-10 00:00:00+08:00,81.20654310112563,81.20654310112563,77.01460588186073,77.59952545166016,115000,0.0,0.0
2024-09-11 00:00:00+08:00,78.86685755876248,79.9392113453766,77.20957676339896,78.08695983886719,260000,0.0,0.0
2024-09-12 00:00:00+08:00,79.64675036790534,81.4015165745142,78.18444767495,80.81659698486328,247000,0.0,0.0
2024-09-13 00:00:00+08:00,81.01156738517314,81.30403089768215,79.84172821044922,79.84172821044922,61000,0.0,0.0
2024-09-16 00:00:00+08:00,79.84173404121766,80.42665367129577,79.06183624267578,79.06183624267578,82000,0.0,0.0
2024-09-18 00:00:00+08:00,80.03669433706871,83.54621909763209,79.15931128751396,79.939208984375,390000,0.0,0.0
2024-09-19 00:00:00+08:00,80.42665113885718,81.6939831621684,79.93921688953077,80.9140853881836,96000,0.0,0.0
2024-09-20 00:00:00+08:00,81.10904809201091,81.10904809201091,79.35428943055705,79.939208984375,151000,0.0,0.0
2024-09-23 00:00:00+08:00,81.69397886490519,85.10601843071008,81.49900071283702,81.98643493652344,449000,0.0,0.0
2024-09-24 00:00:00+08:00,83.05879121012741,87.34821399360743,82.57135697195142,84.71607208251953,991000,0.0,0.0
2024-09-25 00:00:00+08:00,85.10601545259847,85.10601545259847,82.37638092041016,82.37638092041016,381000,0.0,0.0
2024-09-26 00:00:00+08:00,82.86382080458937,83.64371856369507,81.10905456542969,81.10905456542969,168000,0.0,0.0
2024-09-27 00:00:00+08:00,81.40151703818232,84.13115172230957,81.40151703818232,82.27890014648438,284000,0.0,0.0
2024-09-30 00:00:00+08:00,83.54622437631645,83.54622437631645,81.30403137207031,81.30403137207031,112000,0.0,0.0
2024-10-01 00:00:00+08:00,81.4015192137174,81.4015192137174,79.4517822265625,79.4517822265625,156000,0.0,0.0
2024-10-04 00:00:00+08:00,80.4266486960489,80.4266486960489,77.98947752344137,78.1844482421875,121000,0.0,0.0
2024-10-07 00:00:00+08:00,78.3794282317804,80.52413593877444,78.3794282317804,78.96434783935547,67000,0.0,0.0
2024-10-08 00:00:00+08:00,77.50204482078551,78.37942794779737,77.3070740981857,77.9894790649414,135000,0.0,0.0
2024-10-09 00:00:00+08:00,77.59952929479678,77.89199281300876,75.06487274169922,75.06487274169922,405000,0.0,0.0
2024-10-11 00:00:00+08:00,74.6749204921107,75.06486935290371,73.7000520589561,73.99251556396484,167000,0.0,0.0
2024-10-14 00:00:00+08:00,75.74727191907255,79.84172367324079,74.9673816594612,75.84476470947266,463000,0.0,0.0
2024-10-15 00:00:00+08:00,76.13722469278724,76.72214427706385,74.09000242899106,74.28497314453125,154000,0.0,0.0
2024-10-16 00:00:00+08:00,75.06487259210324,75.84477034734343,74.09000411688112,74.57743835449219,109000,0.0,0.0
2024-10-17 00:00:00+08:00,74.67492371448316,75.64979218970528,74.57743835449219,74.57743835449219,66000,0.0,0.0
2024-10-18 00:00:00+08:00,74.5774356478263,74.5774356478263,71.16539610838326,71.36036682128906,342000,0.0,0.0
2024-10-21 00:00:00+08:00,72.82266729693067,73.7000503540039,71.65282817927019,73.7000503540039,107000,0.0,0.0
2024-10-22 00:00:00+08:00,74.57743820391202,75.0648724405389,74.09000396728516,74.09000396728516,138000,0.0,0.0
2024-10-23 00:00:00+08:00,74.18748932707929,74.57743820391202,73.40759901107,74.09000396728516,93000,0.0,0.0
2024-10-24 00:00:00+08:00,72.92015953724261,73.40759373886146,72.14026183959018,72.23774719238281,153000,0.0,0.0
2024-10-25 00:00:00+08:00,72.23775317862913,72.6277020597699,71.36037005547651,71.4578628540039,88000,0.0,0.0
2024-10-28 00:00:00+08:00,73.11514068625095,73.11514068625095,70.77545469675957,70.87294006347656,113000,0.0,0.0
2024-10-29 00:00:00+08:00,70.8729385769269,70.97043137925571,69.89807005489128,70.58048248291016,112000,0.0,0.0
2024-10-30 00:00:00+08:00,70.58048065827148,71.06791490668819,69.80058288574219,69.80058288574219,157000,0.0,0.0
2024-11-01 00:00:00+08:00,69.8980643242747,72.43272822388728,69.60560825423507,71.8478012084961,85000,0.0,0.0
2024-11-04 00:00:00+08:00,71.16539748619343,72.1402659449084,70.09304366913817,70.67796325683594,45000,0.0,0.0
2024-11-05 00:00:00+08:00,72.14026767016955,72.14026767016955,70.97042846679688,70.97042846679688,46000,0.0,0.0
2024-11-06 00:00:00+08:00,73.11513488357132,73.50508375714826,71.16539795334275,72.14026641845703,123000,0.0,0.0
2024-11-07 00:00:00+08:00,74.09000366210938,75.64979172535939,72.62770095825195,73.1151351928711,137000,0.0,0.0
2024-11-08 00:00:00+08:00,73.40759649507964,74.3824649349205,71.26288146483617,71.36036682128906,98000,0.0,0.0
2024-11-11 00:00:00+08:00,70.19052582019438,71.84779914922001,69.50812090533813,70.0930404663086,115000,0.0,0.0
2024-11-12 00:00:00+08:00,70.19053148892176,70.19053148892176,68.24079450311838,68.82571411132812,130000,0.0,0.0
2024-11-13 00:00:00+08:00,68.33827700084288,69.21566009521484,68.24079164316956,69.21566009521484,100000,0.0,0.0
2024-11-14 00:00:00+08:00,69.89806436661773,69.89806436661773,67.26592254638672,67.26592254638672,159000,0.0,0.0
2024-11-15 00:00:00+08:00,67.265918361994,68.72822093508081,67.265918361994,68.33827209472656,110000,0.0,0.0
2024-11-18 00:00:00+08:00,68.3382774277027,68.3382774277027,65.60865020751953,65.60865020751953,175000,0.0,0.0
2024-11-19 00:00:00+08:00,66.19357188091973,68.04582349727924,65.80362299784568,67.85084533691406,100000,0.0,0.0
2024-11-20 00:00:00+08:00,67.85083942125962,68.24078827033553,67.16843451361854,68.14330291748047,67297,0.0,0.0
2024-11-21 00:00:00+08:00,68.24079316389037,70.09304475158436,68.24079316389037,69.02069091796875,77000,0.0,0.0
2024-11-22 00:00:00+08:00,69.02068953947457,70.28801406747043,69.02068953947457,69.70309448242188,70000,0.0,0.0
2024-11-25 00:00:00+08:00,69.70309944931262,71.26288759980788,69.70309944931262,71.06791687011719,98000,0.0,0.0
2024-11-26 00:00:00+08:00,72.14026389704718,78.08695983886719,71.36036617715189,78.08695983886719,989000,0.0,0.0
2024-11-27 00:00:00+08:00,80.6216197630228,82.76633486677478,70.77544967069116,74.09000396728516,3450000,0.0,0.0
2024-11-28 00:00:00+08:00,73.89503707657167,73.89503707657167,71.06791687011719,71.06791687011719,363000,0.0,0.0
2024-11-29 00:00:00+08:00,71.06791108064179,73.31010404005306,70.67796221537061,72.33523559570312,374000,0.0,0.0
2024-12-02 00:00:00+08:00,72.82266616500803,77.89198628393828,72.53021010896657,74.38246154785156,1037000,0.0,0.0
2024-12-03 00:00:00+08:00,74.7724147096907,74.7724147096907,72.6277068776288,72.82267761230469,252000,0.0,0.0
2024-12-04 00:00:00+08:00,72.72518494887622,74.47995113554096,72.72518494887622,73.79753875732422,126000,0.0,0.0
2024-12-05 00:00:00+08:00,73.60256444444673,74.18748399885823,72.23774719238281,72.23774719238281,163000,0.0,0.0
2024-12-06 00:00:00+08:00,71.65282898255165,72.92016090560469,71.4578582733077,71.55534362792969,109000,0.0,0.0
2024-12-09 00:00:00+08:00,73.79754111455689,73.79754111455689,70.97042846679688,70.97042846679688,131000,0.0,0.0
2024-12-10 00:00:00+08:00,70.970423342938,72.5302113140415,69.41062793417879,69.60560607910156,195000,0.0,0.0
2024-12-11 00:00:00+08:00,71.65283187448162,74.57743725711352,70.67796341360432,71.16539764404297,439000,0.0,0.0
2024-12-12 00:00:00+08:00,71.6528334291549,72.92016543085552,70.97042846679688,70.97042846679688,123000,0.0,0.0
2024-12-13 00:00:00+08:00,70.1905256385584,70.77544519801525,69.21565722691176,69.60560607910156,109000,0.0,0.0
2024-12-16 00:00:00+08:00,71.45786178667393,71.45786178667393,67.85084398706846,68.04582214355469,121000,0.0,0.0
2024-12-17 00:00:00+08:00,68.24079164316956,70.19052854726013,68.14330628549624,69.21566009521484,94000,0.0,0.0
2024-12-18 00:00:00+08:00,69.50812821549883,69.50812821549883,68.24079616873121,69.11817932128906,63000,0.0,0.0
2024-12-19 00:00:00+08:00,67.94832611083984,68.53325311478862,67.75335540129413,67.94832611083984,44000,0.0,0.0
2024-12-20 00:00:00+08:00,68.33827651311516,69.21565960122527,67.75335693359375,67.75335693359375,79000,0.0,0.0
2024-12-23 00:00:00+08:00,69.21566761639102,69.21566761639102,68.24079905841367,68.72823333740234,56000,0.0,0.0
2024-12-24 00:00:00+08:00,69.80057544708392,72.53020992238248,69.70309009532087,70.28800964355469,299000,0.0,0.0
2024-12-25 00:00:00+08:00,70.8729339735165,71.7503170738912,70.19052902747845,70.67796325683594,121000,0.0,0.0
2024-12-26 00:00:00+08:00,70.67796155249943,71.84780069968534,70.385498046875,70.385498046875,95000,0.0,0.0
2024-12-27 00:00:00+08:00,70.3854983814482,76.62465788396094,70.3854983814482,71.36036682128906,663000,0.0,0.0
2024-12-30 00:00:00+08:00,72.43272474687113,78.4769058227539,71.16539285790105,78.4769058227539,1671000,0.0,0.0
2024-12-31 00:00:00+08:00,81.88895142376272,86.27585953575,80.42664871976696,82.7663345336914,14847000,0.0,0.0
2025-01-02 00:00:00+08:00,83.05879106508215,84.03365953973173,79.25680996407372,79.6467514038086,3330000,0.0,0.0
2025-01-03 00:00:00+08:00,80.23168245125434,86.76329858300197,79.25681392784982,82.66885375976562,4774000,0.0,0.0
2025-01-06 00:00:00+08:00,84.52109642068937,85.00853067326003,79.15931964241214,82.86382293701172,2042000,0.0,0.0
2025-01-07 00:00:00+08:00,81.59648229313514,82.86381419112043,79.939208984375,79.939208984375,953000,0.0,0.0
2025-01-08 00:00:00+08:00,80.91408693934318,84.91104637291197,80.03670378620454,80.7191162109375,1580000,0.0,0.0
2025-01-09 00:00:00+08:00,80.71911380727688,84.13115351636806,77.79450834234157,77.9894790649414,1927000,0.0,0.0
2025-01-10 00:00:00+08:00,77.01460969602907,77.79450745282351,74.28497498490479,75.06487274169922,758000,0.0,0.0
2025-01-13 00:00:00+08:00,76.72213974680564,78.18444233997974,74.38246154785156,74.38246154785156,1284000,0.0,0.0
2025-01-14 00:00:00+08:00,74.57744017735726,75.45482331403392,72.62770317925641,75.35733795166016,449000,0.0,0.0
2025-01-15 00:00:00+08:00,76.03974250089932,76.03974250089932,73.1151370200955,73.89503479003906,364000,0.0,0.0
2025-01-16 00:00:00+08:00,74.77240892350031,75.55230667716579,74.09000396728516,74.09000396728516,236000,0.0,0.0
2025-01-17 00:00:00+08:00,74.18748575194783,74.3824638997962,72.23774889939911,72.53021240234375,210000,0.0,0.0
2025-01-20 00:00:00+08:00,72.53021340628149,76.52717252179971,72.53021340628149,75.45481872558594,533000,0.0,0.0
2025-01-21 00:00:00+08:00,76.52716980264326,79.84172386761372,76.03973560007866,76.33219909667969,1068000,0.0,0.0
2025-01-22 00:00:00+08:00,76.1372253347673,77.11209379600031,75.16235687353428,76.23471069335938,296000,0.0,0.0
2025-02-03 00:00:00+08:00,75.0648715149422,76.52717420679173,73.31010530966033,76.23471069335938,255040,0.0,0.0
2025-02-04 00:00:00+08:00,76.6246611171675,76.6246611171675,75.45482191505904,76.03974151611328,220110,0.0,0.0
2025-02-05 00:00:00+08:00,77.59952762699696,80.2316769213648,76.33220309651414,79.35429382324219,484133,0.0,0.0
2025-02-06 00:00:00+08:00,79.84173096954625,80.1341870545056,78.57439895508665,78.96434783935547,297085,0.0,0.0
2025-02-07 00:00:00+08:00,79.4517837767735,80.42665228937194,78.18445173533291,79.2568130493164,279030,0.0,0.0
2025-02-10 00:00:00+08:00,81.88894857645163,86.76329075362136,80.91408014101768,83.15628051757812,2288316,0.0,0.0
2025-02-11 00:00:00+08:00,84.3261196650365,85.78842231818741,82.47386815018082,83.15628051757812,1173709,0.0,0.0
2025-02-12 00:00:00+08:00,83.93617232469637,86.66580696844912,83.15628202480706,83.44873809814453,1357310,0.0,0.0
2025-02-13 00:00:00+08:00,83.44874009855498,83.44874009855498,80.13418579101562,80.13418579101562,709310,0.0,0.0
2025-02-14 00:00:00+08:00,80.62161399406122,88.12810516357422,79.45177488492823,88.12810516357422,2612601,0.0,0.0
2025-02-17 00:00:00+08:00,94.56224044246376,96.02454312971837,90.17533238069998,94.0748062133789,8139205,0.0,0.0
2025-02-18 00:00:00+08:00,93.58736824443997,93.58736824443997,90.66276298680123,92.02758026123047,1694402,0.0,0.0
2025-02-19 00:00:00+08:00,94.56223637855578,100.8988810843353,94.36726567036334,95.63459014892578,7246195,0.0,0.0
2025-02-20 00:00:00+08:00,95.53710952991156,98.94914915597984,94.56224106532063,96.02454376220703,2872226,0.0,0.0
2025-02-21 00:00:00+08:00,95.24464616834919,98.94914931480331,93.39240203277828,96.51197814941406,1728095,0.0,0.0
2025-02-24 00:00:00+08:00,96.90192792460998,103.33605837354473,96.70694976697182,99.43658447265625,3874533,0.0,0.0
2025-02-25 00:00:00+08:00,98.94915052987997,100.41145324707031,96.60946469484418,100.41145324707031,1199360,0.0,0.0
2025-02-26 00:00:00+08:00,99.43658417050202,101.87375535115157,98.46171569824219,98.46171569824219,1037200,0.0,0.0
2025-02-27 00:00:00+08:00,98.46171427514268,99.92401696239727,92.32004001361095,94.0748062133789,1675054,0.0,0.0
2025-03-03 00:00:00+08:00,94.0748088218907,95.24464802906931,92.70999145507812,92.70999145507812,480282,0.0,0.0
2025-03-04 00:00:00+08:00,92.22255525414664,92.22255525414664,90.17533296622835,90.95523071289062,608330,0.0,0.0
2025-03-05 00:00:00+08:00,92.22255555733666,98.94914947203056,91.15020173039268,96.9994125366211,1950068,0.0,0.0
2025-03-06 00:00:00+08:00,95.5371096828726,96.41449278994041,91.24768694427361,91.44266510009766,1398040,0.0,0.0
2025-03-07 00:00:00+08:00,91.15019711243478,91.6376313215922,87.83564300263328,87.9331283569336,643167,0.0,0.0
2025-03-10 00:00:00+08:00,87.9331293732946,91.15019816597976,86.08088530721221,86.2758560180664,858618,0.0,0.0
2025-03-11 00:00:00+08:00,83.8386892578908,86.66580933667652,81.40151805853351,85.6909408569336,584240,0.0,0.0
2025-03-12 00:00:00+08:00,85.69094070875514,87.25072878611533,85.20350646972656,85.20350646972656,329030,0.0,0.0
2025-03-13 00:00:00+08:00,86.76329556265524,90.56528415911185,84.6185878608881,88.61554718017578,814027,0.0,0.0
2025-03-14 00:00:00+08:00,89.68789534135298,92.80747133468553,85.78842163085938,85.78842163085938,2095048,0.0,0.0
2025-03-17 00:00:00+08:00,86.27585881107422,92.41753309133176,86.08088809390824,89.98036193847656,1595020,0.0,0.0
2025-03-18 00:00:00+08:00,91.15019939256752,91.83260432739601,88.22559406446375,89.68789672851562,941135,0.0,0.0
2025-03-19 00:00:00+08:00,90.17533368403369,98.46171569824219,89.59041408820903,98.46171569824219,4325963,0.0,0.0
2025-03-20 00:00:00+08:00,102.36118553345865,102.36118553345865,95.73207720956277,95.92705535888672,9125799,0.0,0.0
2025-03-21 00:00:00+08:00,96.60946303852296,99.43658306415264,94.85470427057275,95.04967498779297,5415160,0.0,0.0
2025-03-24 00:00:00+08:00,94.56223653632904,104.31092071533203,94.56223653632904,104.31092071533203,5535900,0.0,0.0
2025-03-25 00:00:00+08:00,104.31092731273117,110.6475724298597,98.94915067516087,100.89888763427734,15489566,0.0,0.0
2025-03-26 00:00:00+08:00,101.87375550669402,102.36118974356815,98.94915008544922,98.94915008544922,2695075,0.0,0.0
2025-03-27 00:00:00+08:00,98.46171976424323,101.87375955805364,96.02454848295008,96.41449737548828,3056163,0.0,0.0
2025-03-28 00:00:00+08:00,96.02453964866251,105.77322387695312,95.82956893915903,105.77322387695312,20021807,0.0,0.0
2025-03-31 00:00:00+08:00,104.31092368465563,105.77322635313212,95.24464416503906,95.24464416503906,16690152,0.0,0.0
2025-04-01 00:00:00+08:00,96.51197961660532,103.8234932239239,93.09993993318997,101.38632202148438,16713287,0.0,0.0
2025-04-02 00:00:00+08:00,100.89888733654487,106.26066395829363,96.70694991175152,99.92401885986328,20903309,0.0,0.0
2025-04-07 00:00:00+08:00,89.98036193847656,89.98036193847656,89.98036193847656,89.98036193847656,153004,0.0,0.0
2025-04-08 00:00:00+08:00,82.47386882726533,86.66580610910816,81.01156616210938,81.01156616210938,2767090,0.0,0.0
2025-04-09 00:00:00+08:00,81.01157001876207,85.30099286162054,72.920166015625,72.920166015625,4937237,0.0,0.0
2025-04-10 00:00:00+08:00,80.13418579101562,80.13418579101562,78.57439771619012,80.13418579101562,1205000,0.0,0.0
2025-04-11 00:00:00+08:00,77.01461381857412,80.71911720516313,75.55231102455056,79.06183624267578,1819110,0.0,0.0
2025-04-14 00:00:00+08:00,80.9140835472565,83.54622545867102,79.45178083254704,80.13418579101562,1401051,0.0,0.0
2025-04-15 00:00:00+08:00,82.37638729015826,85.49596347874669,82.08392376850345,83.54622650146484,1703057,0.0,0.0
2025-04-16 00:00:00+08:00,83.44873641457316,91.83260345458984,82.47386798113736,91.83260345458984,4981002,0.0,0.0
2025-04-17 00:00:00+08:00,89.9803676852995,91.44267047040627,82.66885375976562,82.66885375976562,7108003,0.0,0.0
2025-04-18 00:00:00+08:00,82.27889892948252,86.37334345745559,82.27889892948252,83.44873809814453,3833314,0.0,0.0
2025-04-21 00:00:00+08:00,84.13115440880043,84.61858865812684,79.64675336487237,80.9140853881836,1286100,0.0,0.0
2025-04-22 00:00:00+08:00,80.23168281537166,82.86382486544672,78.57440185546875,78.57440185546875,1321575,0.0,0.0
2025-04-23 00:00:00+08:00,82.08392461150441,84.32612513346844,80.52413650119118,80.9140853881836,1915081,0.0,0.0
2025-04-24 00:00:00+08:00,81.98643783289293,82.57135743444913,81.01156935108052,81.59648895263672,681752,0.0,0.0
2025-04-25 00:00:00+08:00,82.66885081181306,86.27586124472197,82.66885081181306,83.54622650146484,2396434,0.0,0.0
2025-04-28 00:00:00+08:00,83.83868759780061,85.59345380165423,82.76633377884833,85.39847564697266,931005,0.0,0.0
2025-04-29 00:00:00+08:00,85.78842498382714,87.2507276824151,84.71607115906053,86.86077880859375,1140140,0.0,0.0
2025-04-30 00:00:00+08:00,87.25072704802602,87.25072704802602,84.03365815946096,84.91104125976562,726300,0.0,0.0
2025-05-02 00:00:00+08:00,85.30098741704768,87.1532389170633,84.91103855846714,85.78842163085938,832250,0.0,0.0
2025-05-05 00:00:00+08:00,87.05576171145175,87.15324707580889,79.45178428908974,81.20655059814453,1165230,0.0,0.0
2025-05-06 00:00:00+08:00,80.42665180407073,87.4457020773634,79.93921755071273,83.35125732421875,2591051,0.0,0.0
2025-05-07 00:00:00+08:00,84.71606886807812,86.95826181601687,83.35125156544031,84.13114929199219,2671353,0.0,0.0
2025-05-08 00:00:00+08:00,85.4959610054854,89.2004641302181,84.71607069972742,85.39847564697266,2885420,0.0,0.0
2025-05-09 00:00:00+08:00,85.593453483329,88.22559534166429,83.15628234129407,84.4236068725586,2152400,0.0,0.0
2025-05-12 00:00:00+08:00,85.49595760010759,85.59345039239321,83.93616961306324,84.32611846923828,460198,0.0,0.0
2025-05-13 00:00:00+08:00,85.00852321043914,85.300986711369,83.74119872760656,83.83868408203125,569060,0.0,0.0
2025-05-14 00:00:00+08:00,84.8135554200209,85.00852613557922,82.96130387159269,83.44873809814453,523692,0.0,0.0
2025-05-15 00:00:00+08:00,83.44873658561477,86.66580539760916,83.15628051757812,83.15628051757812,1055221,0.0,0.0
2025-05-16 00:00:00+08:00,83.4487441158953,83.93617837759756,82.37639022768164,82.66885375976562,361122,0.0,0.0
2025-05-19 00:00:00+08:00,82.66884962534728,83.05879106508215,79.54926604387488,79.6467514038086,716138,0.0,0.0
2025-05-20 00:00:00+08:00,80.62161835372501,81.59648680993767,79.15931566940601,79.35429382324219,383530,0.0,0.0
2025-05-21 00:00:00+08:00,79.35429095122578,79.93921051625256,79.06182744988449,79.7442398071289,188049,0.0,0.0
2025-05-22 00:00:00+08:00,79.74423908244209,79.74423908244209,77.59952411329321,77.79450225830078,354102,0.0,0.0
2025-05-23 00:00:00+08:00,78.47691301756268,78.6718837394382,77.01461029052734,77.01461029052734,178658,0.0,0.0
2025-05-26 00:00:00+08:00,78.47690717168796,78.47690717168796,76.91711919990604,77.79450225830078,151501,0.0,0.0
2025-05-27 00:00:00+08:00,77.79450975348593,78.28194400648356,77.01461197362711,77.30707550048828,150000,0.0,0.0
2025-05-28 00:00:00+08:00,77.7945081987506,78.57439852536673,77.30707395549442,77.50204467773438,179068,0.0,0.0
2025-05-29 00:00:00+08:00,78.28194386971941,78.47691459551527,76.81964111328125,76.81964111328125,161050,0.0,0.0
2025-06-02 00:00:00+08:00,76.72214677005776,79.54926686319067,75.74727828536754,77.01461029052734,1106006,0.0,0.0
2025-06-03 00:00:00+08:00,77.11209535765542,77.40455887701066,75.84477079498062,76.03974151611328,275007,0.0,0.0
2025-06-04 00:00:00+08:00,77.20958101240288,77.20958101240288,76.13722716677489,77.01461029052734,142000,0.0,0.0
2025-06-05 00:00:00+08:00,77.40456259713685,78.86686538888003,77.11209906372557,78.57440185546875,254020,0.0,0.0
2025-06-06 00:00:00+08:00,79.45178165075914,80.42665013727152,77.50204467773438,77.50204467773438,401012,0.0,0.0
2025-06-09 00:00:00+08:00,78.18445173533291,79.4517837767735,77.11209785900591,79.2568130493164,319011,0.0,0.0
2025-06-10 00:00:00+08:00,80.71911409973701,80.71911409973701,78.47691359343352,78.96434783935547,300043,0.0,0.0
2025-06-11 00:00:00+08:00,79.45177764428415,79.54926300048828,78.37942385072684,79.54926300048828,193500,0.0,0.0
2025-06-12 00:00:00+08:00,79.93921507078352,81.01156890737255,79.74424435055143,80.13418579101562,407013,0.0,0.0
2025-06-13 00:00:00+08:00,83.15628178044247,84.61858445580086,77.8919906616211,77.8919906616211,2405002,0.0,0.0
2025-06-16 00:00:00+08:00,78.47691526417505,82.27890395084029,78.47691526417505,79.2568130493164,1215044,0.0,0.0
2025-06-17 00:00:00+08:00,79.45177496707801,81.20654107024751,78.57439191549325,80.42664337158203,515380,0.0,0.0
2025-06-18 00:00:00+08:00,80.6216185143798,81.10905274345744,79.84172821044922,79.84172821044922,197168,0.0,0.0
2025-06-19 00:00:00+08:00,79.25681011231494,82.86382050020244,78.76937587407845,80.13418579101562,1199102,0.0,0.0
2025-06-20 00:00:00+08:00,80.23168281537166,80.71911707928604,78.47691649021719,78.57440185546875,326040,0.0,0.0
2025-06-23 00:00:00+08:00,80.52413405542198,82.37638563413493,77.98947752344137,78.1844482421875,800107,0.0,0.0
2025-06-24 00:00:00+08:00,78.18444869183422,79.74424420139852,77.98947797196678,79.6467514038086,349100,0.0,0.0
2025-06-25 00:00:00+08:00,79.74424115055247,80.03669721916488,79.25680693187589,79.54926300048828,169325,0.0,0.0
2025-06-26 00:00:00+08:00,78.37942655070773,79.93921461667254,78.28194119114546,78.67188262939453,267220,0.0,0.0
2025-06-27 00:00:00+08:00,78.96434526602097,80.42664795613247,78.28194031903138,80.32916259765625,297180,0.0,0.0
2025-06-30 00:00:00+08:00,80.91408186565124,81.40151609375756,79.35429382324219,79.35429382324219,177050,0.0,0.0
2025-07-01 00:00:00+08:00,80.42664658357818,81.59648574064056,79.84172700504699,81.01156616210938,398237,0.0,0.0
2025-07-02 00:00:00+08:00,81.6939848575868,82.86382410518563,80.91408706741655,81.20655059814453,391035,0.0,0.0
2025-07-03 00:00:00+08:00,82.18141157064018,82.37638228145109,81.30402849667935,81.69397735595703,215198,0.0,0.0
2025-07-04 00:00:00+08:00,81.69398472827899,82.5713604437611,80.23168195226675,80.7191162109375,272059,0.0,0.0
2025-07-07 00:00:00+08:00,82.51287033560482,82.61252203638742,80.3204949037005,80.51980590820312,292130,1.8,0.0
2025-07-08 00:00:00+08:00,80.51980844891239,82.51287293920291,80.12119403026675,81.91494750976562,258200,0.0,0.0
2025-07-09 00:00:00+08:00,82.41321028837572,82.41321028837572,80.51980518177584,80.71910858154297,222060,0.0,0.0
2025-07-10 00:00:00+08:00,81.21737468389817,81.51633738648624,80.22084247918777,80.71910858154297,116100,0.0,0.0
2025-07-11 00:00:00+08:00,81.5163391159252,84.406276488548,81.11772470499663,83.40974426269531,519307,0.0,0.0
2025-07-14 00:00:00+08:00,84.20697471477479,84.30662641870178,81.91494750976562,81.91494750976562,178370,0.0,0.0
2025-07-15 00:00:00+08:00,82.41321028837572,82.41321028837572,80.51980518177584,80.71910858154297,218500,0.0,0.0
2025-07-16 00:00:00+08:00,81.51633957679798,81.51633957679798,80.02154122956773,80.1211929321289,215015,0.0,0.0
2025-07-17 00:00:00+08:00,80.2208432029179,81.11772371583615,80.0215398013527,80.51980590820312,78001,0.0,0.0
2025-07-18 00:00:00+08:00,80.71910930976833,81.21737541661875,80.2208432029179,80.51980590820312,116025,0.0,0.0
2025-07-21 00:00:00+08:00,80.4201431274414,81.91494138336364,80.12118803801921,80.4201431274414,230000,0.0,0.0
2025-07-22 00:00:00+08:00,80.61945450602039,80.71910620296748,76.03540802001953,76.03540802001953,585293,0.0,0.0
2025-07-23 00:00:00+08:00,76.73298019960703,83.50940227139662,76.73298019960703,82.71217346191406,1169350,0.0,0.0
2025-07-24 00:00:00+08:00,82.7121753144713,89.68790094340261,82.7121753144713,84.30662536621094,4593106,0.0,0.0
2025-07-25 00:00:00+08:00,83.90800525345368,88.4920592948923,83.80835355753916,86.99726104736328,3726881,0.0,0.0
2025-07-28 00:00:00+08:00,87.69483660122857,88.69136883533344,85.2035060159664,88.4920654296875,2208712,0.0,0.0
2025-07-29 00:00:00+08:00,88.69136685903446,95.66709234232931,87.6948346471352,93.2754135131836,8207253,0.0,0.0
2025-07-30 00:00:00+08:00,94.27194731891817,97.06224060058594,93.27541509017074,97.06224060058594,11442181,0.0,0.0
2025-07-31 00:00:00+08:00,97.06223455415851,97.06223455415851,93.9729863580717,94.47125244140625,3437532,0.0,0.0
2025-08-04 00:00:00+08:00,93.37506141707698,101.14801539501131,92.17922585259652,97.56050109863281,5967209,0.0,0.0
2025-08-05 00:00:00+08:00,98.15842104000328,100.15148542660232,95.76674225549695,96.96258544921875,3935505,0.0,0.0
2025-08-06 00:00:00+08:00,95.86639839025997,96.56397551961095,93.77368220808229,94.67056274414062,2006840,0.0,0.0
2025-08-07 00:00:00+08:00,94.37159393063278,94.86986001812913,91.4816567055037,93.1757583618164,1152922,0.0,0.0
2025-08-08 00:00:00+08:00,93.27541601649948,94.0726448485898,90.2858193005672,90.4851303100586,1065200,0.0,0.0
2025-08-11 00:00:00+08:00,89.98686247938527,94.96952357784652,88.19310144276423,93.07611083984375,1602000,0.0,0.0
2025-08-12 00:00:00+08:00,93.57437256587829,95.36812591552734,91.08304213336255,95.36812591552734,1365238,0.0,0.0
2025-08-13 00:00:00+08:00,95.46778622535989,96.06570401490303,91.68096088669124,91.88026428222656,1076221,0.0,0.0
2025-08-14 00:00:00+08:00,92.17922781967603,93.07610831364411,89.48859394070904,90.58477783203125,834200,0.0,0.0
2025-08-15 00:00:00+08:00,92.27888083972735,92.37853253983135,90.48512742904305,91.2823486328125,626149,0.0,0.0
2025-08-18 00:00:00+08:00,91.88026761445057,95.6670930904561,91.68096421168711,93.07611083984375,1879307,0.0,0.0
2025-08-19 00:00:00+08:00,95.56744016372129,97.06223847409356,90.78408252935508,91.2823486328125,1918208,0.0,0.0
2025-08-20 00:00:00+08:00,92.37852977366049,96.16535508771965,90.78407981092822,90.98339080810547,2282133,0.0,0.0
2025-08-21 00:00:00+08:00,91.38200291697191,95.16882845150526,90.18616727603379,92.67749786376953,1765040,0.0,0.0
2025-08-22 00:00:00+08:00,94.17229519774408,101.64628688010471,93.6740290855867,95.06917572021484,10735143,0.0,0.0
2025-08-25 00:00:00+08:00,97.66015230753776,104.13761138916016,96.06570236187964,104.13761138916016,6198037,0.0,0.0
2025-08-26 00:00:00+08:00,108.12374264912835,114.10293579101562,107.1272104588138,114.10293579101562,13274187,0.0,0.0
2025-08-27 00:00:00+08:00,114.60120137532552,124.06825714111328,110.61507263183593,119.5838623046875,15908513,0.0,0.0
2025-08-28 00:00:00+08:00,122.07519560149221,131.54225158691406,119.0855989745169,131.54225158691406,10043102,0.0,0.0
2025-08-29 00:00:00+08:00,131.5422547806141,134.53185148017351,127.05785973127499,128.5526580810547,13520642,0.0,0.0
2025-09-01 00:00:00+08:00,130.54571578462244,131.54224796618445,117.5907974243164,117.5907974243164,2166962,0.0,0.0
2025-09-02 00:00:00+08:00,119.08559836328557,121.0786627710393,110.6150746303322,112.60813903808594,1395956,0.0,0.0
2025-09-03 00:00:00+08:00,113.1064040276312,123.56999206542969,113.1064040276312,123.56999206542969,1598160,0.0,0.0
2025-09-04 00:00:00+08:00,135.52838134765625,135.52838134765625,135.03011523976045,135.52838134765625,4915502,0.0,0.0
2025-09-05 00:00:00+08:00,142.00584181973767,148.9815673828125,137.52144681490384,148.9815673828125,3983481,0.0,0.0
2025-09-08 00:00:00+08:00,155.45901712557165,163.4312744140625,154.96075104504095,163.4312744140625,2349139,0.0,0.0
2025-09-09 00:00:00+08:00,162.43474225300113,165.4243387361852,154.46248496451028,163.4312744140625,2414370,0.0,0.0
2025-09-10 00:00:00+08:00,157.95035045931797,166.9191400753045,157.95035045931797,160.44168090820312,2393153,0.0,0.0
2025-09-11 00:00:00+08:00,171.40353921019002,171.40353921019002,160.93995106073075,161.43821716308594,1246332,0.0,0.0
2025-09-12 00:00:00+08:00,159.44515991210938,159.44515991210938,154.46249866485596,159.44515991210938,1003215,0.0,0.0
2025-09-15 00:00:00+08:00,162.4347532060411,162.4347532060411,143.50064086914062,143.50064086914062,1507454,0.0,0.0
2025-09-16 00:00:00+08:00,144.9954378189579,154.46249389648438,144.9954378189579,154.46249389648438,653252,0.0,0.0
2025-09-17 00:00:00+08:00,151.9711599125204,151.9711599125204,144.99543453948667,147.9850311279297,801854,0.0,0.0
2025-09-18 00:00:00+08:00,152.46941907159214,152.46941907159214,143.998895789837,144.49716186523438,598581,0.0,0.0
2025-09-19 00:00:00+08:00,146.98849338813116,151.47288810166737,145.49369515028576,148.48329162597656,364336,0.0,0.0
2025-09-22 00:00:00+08:00,152.96770029067994,162.93302278518678,152.96770029067994,159.44515991210938,851202,0.0,0.0
2025-09-23 00:00:00+08:00,155.95729064941406,155.95729064941406,150.47636350199056,155.95729064941406,644260,0.0,0.0
2025-09-24 00:00:00+08:00,154.46249631851438,158.44862525576636,148.9815690297929,156.95382690429688,780699,0.0,0.0
2025-09-25 00:00:00+08:00,151.97115418094916,156.95381497376718,144.99542907100397,148.48329162597656,5472455,0.0,0.0
2025-09-26 00:00:00+08:00,147.98503577930776,147.98503577930776,134.03358459472656,134.03358459472656,4743058,0.0,0.0
2025-09-30 00:00:00+08:00,131.54225637616904,138.01971597045008,130.54572413089502,136.52491760253906,2256678,0.0,0.0
2025-10-01 00:00:00+08:00,137.5214374599172,142.00583215969712,132.53877668238397,133.53530883789062,1829020,0.0,0.0
2025-10-02 00:00:00+08:00,134.5318507084616,137.52144739087186,130.54572179858127,134.03358459472656,1187143,0.0,0.0
2025-10-03 00:00:00+08:00,136.5249071024232,146.98849487304688,135.52837493379238,146.98849487304688,3997781,0.0,0.0
2025-10-07 00:00:00+08:00,144.49717387395646,144.49717387395646,135.03011765462827,138.01971435546875,4366100,0.0,0.0
2025-10-08 00:00:00+08:00,137.5214385986328,138.517970762391,132.04051169796267,137.5214385986328,1798161,0.0,0.0
2025-10-09 00:00:00+08:00,137.521450610871,142.00584573948638,133.53532160765735,140.51104736328125,1679542,0.0,0.0
2025-10-13 00:00:00+08:00,132.53879020662765,144.99544342153627,128.5526611778569,135.03012084960938,4638128,0.0,0.0
2025-10-14 00:00:00+08:00,133.03704843066987,135.52837892562624,125.06479084680952,125.56305694580078,601323,0.0,0.0
2025-10-15 00:00:00+08:00,128.05438588460285,134.53184509277344,124.56652323404947,134.53184509277344,280204,0.0,0.0
2025-10-16 00:00:00+08:00,138.51798209308708,138.51798209308708,135.03011923462805,136.52491760253906,201358,0.0,0.0
2025-10-17 00:00:00+08:00,133.03704425163988,133.53531033497936,132.04051208496094,132.04051208496094,108005,0.0,0.0
2025-10-20 00:00:00+08:00,133.53530994359997,137.5214385986328,132.53877777984175,137.5214385986328,205010,0.0,0.0
2025-10-21 00:00:00+08:00,138.01970774332682,138.01970774332682,133.53531290690103,134.53184509277344,116202,0.0,0.0
2025-10-22 00:00:00+08:00,137.5214401077438,137.5214401077438,135.52837575835622,136.02664184570312,84884,0.0,0.0
2025-10-23 00:00:00+08:00,136.02664745555205,138.01971188713523,134.53184913186467,135.52838134765625,122300,0.0,0.0
2025-10-27 00:00:00+08:00,137.02318055289132,139.51451110839844,136.0266483306885,139.51451110839844,149302,0.0,0.0
2025-10-28 00:00:00+08:00,139.514512705889,139.514512705889,135.52838377143502,138.01971435546875,102340,0.0,0.0
2025-10-29 00:00:00+08:00,134.03358447265623,135.03011669921875,124.5665283203125,124.5665283203125,2651161,0.0,0.0
2025-10-30 00:00:00+08:00,124.06825604932061,124.06825604932061,114.10293427829085,115.59773254394531,2773101,0.0,0.0
2025-10-31 00:00:00+08:00,115.59773612644362,117.59080054241679,113.10640560647717,114.60120391845703,778525,0.0,0.0
2025-11-03 00:00:00+08:00,114.10293781446374,120.08213106238324,112.60813950248387,114.60120391845703,2236164,0.0,0.0
2025-11-04 00:00:00+08:00,116.09600067138672,123.56999213091805,116.09600067138672,116.09600067138672,3526251,0.0,0.0
2025-11-05 00:00:00+08:00,113.60467216296072,122.07519596458499,113.60467216296072,116.59426879882812,2859407,0.0,0.0
2025-11-06 00:00:00+08:00,116.59427038415686,116.59427038415686,112.6081414821344,115.09947204589844,1047042,0.0,0.0
2025-11-07 00:00:00+08:00,115.09946693662066,115.09946693662066,108.62200775836928,110.11680603027344,1168228,0.0,0.0
2025-11-10 00:00:00+08:00,100.64975030821373,110.11680603027344,100.64975030821373,110.11680603027344,1151157,0.0,0.0
2025-11-11 00:00:00+08:00,109.61854395845012,112.6081406118624,107.12721341393988,111.11334228515625,2014137,0.0,0.0
2025-11-12 00:00:00+08:00,109.61853897362424,113.60466766357422,109.61853897362424,113.60466766357422,252049,0.0,0.0
2025-11-13 00:00:00+08:00,114.10293893856853,114.10293893856853,110.6150761762542,111.11334228515625,133100,0.0,0.0
2025-11-14 00:00:00+08:00,105.63241269172877,113.1064041557662,105.63241269172877,108.62200927734375,162100,0.0,0.0
2025-11-17 00:00:00+08:00,110.61507208370469,111.61160426463896,102.64281463623047,102.64281463623047,150558,0.0,0.0
2025-11-18 00:00:00+08:00,100.64975178535349,102.14455007919537,100.64975178535349,101.14801788330078,184610,0.0,0.0
2025-11-19 00:00:00+08:00,104.6358839670817,107.62548065185547,103.63935173882378,107.62548065185547,153131,0.0,0.0
2025-11-20 00:00:00+08:00,106.13068188361402,107.62548022000294,105.63241577148438,105.63241577148438,61001,0.0,0.0
2025-11-21 00:00:00+08:00,105.63241276482643,105.63241276482643,100.64975178535349,101.14801788330078,76001,0.0,0.0
2025-11-24 00:00:00+08:00,102.64281843382147,111.11334228515625,102.64281843382147,111.11334228515625,139005,0.0,0.0
2025-11-25 00:00:00+08:00,112.10987235926375,122.07519434675386,112.10987235926375,118.08906555175781,351002,0.0,0.0
2025-11-26 00:00:00+08:00,124.56651834341196,129.54917907714844,123.56998619666466,129.54917907714844,3374108,0.0,0.0
2025-11-27 00:00:00+08:00,129.54918128856713,139.51450292614922,120.58039181474325,137.5214385986328,9982710,0.0,0.0
2025-11-28 00:00:00+08:00,141.50756929120945,150.47635889417344,128.05438488676347,130.54571533203125,8435554,0.0,0.0
2025-12-01 00:00:00+08:00,133.53530883789062,135.5283731489039,125.56305159383744,133.53530883789062,4610873,0.0,0.0
2025-12-02 00:00:00+08:00,131.54225063323975,135.03011333942413,127.55612182617188,127.55612182617188,2980212,0.0,0.0
2025-12-03 00:00:00+08:00,126.0613165635329,129.54917907714844,126.0613165635329,129.54917907714844,288020,0.0,0.0
2025-12-04 00:00:00+08:00,131.04398705493446,131.04398705493446,127.05785817113417,130.04745483398438,157004,0.0,0.0
2025-12-05 00:00:00+08:00,130.54572094445942,130.54572094445942,128.55265650255927,130.04745483398438,106250,0.0,0.0
2025-12-08 00:00:00+08:00,130.04744515052207,130.54571122389572,129.05091300377478,129.54917907714844,166048,0.0,0.0
2025-12-09 00:00:00+08:00,131.54224600162146,133.53531033497936,131.043979918282,132.04051208496094,267106,0.0,0.0
2025-12-10 00:00:00+08:00,131.54225158691406,132.04051769140995,131.04398548241818,131.54225158691406,113080,0.0,0.0
2025-12-11 00:00:00+08:00,132.53878946630675,133.03705559211994,130.545724963054,131.0439910888672,148000,0.0,0.0
2025-12-12 00:00:00+08:00,131.04397729726938,131.04397729726938,129.05091300377478,129.54917907714844,83000,0.0,0.0
2025-12-15 00:00:00+08:00,128.05438488676347,132.53877968824548,128.05438488676347,130.54571533203125,103116,0.0,0.0
2025-12-16 00:00:00+08:00,130.54572212039017,130.54572212039017,124.56652874083031,126.5595932006836,112000,0.0,0.0
2025-12-17 00:00:00+08:00,130.54572254742763,130.54572254742763,126.55959361468175,128.5526580810547,54001,0.0,0.0
2025-12-18 00:00:00+08:00,128.55265402793884,130.54571843147278,124.56652522087097,127.55612182617188,118001,0.0,0.0
2025-12-19 00:00:00+08:00,127.55612409607438,128.55265631557498,120.08213244982002,120.58039855957031,1769301,0.0,0.0
2025-12-22 00:00:00+08:00,125.06479132175446,130.0474523305893,124.06825911998749,127.55612182617188,1671391,0.0,0.0
2025-12-23 00:00:00+08:00,130.54571205057124,140.0127675046203,128.05438166792675,139.0162353515625,4592399,0.0,0.0
2025-12-24 00:00:00+08:00,139.51450925884825,139.51450925884825,131.54225158691406,131.54225158691406,2710631,0.0,0.0
2025-12-26 00:00:00+08:00,132.53878379590583,134.0335821093935,128.55265495993874,131.54225158691406,1107077,0.0,0.0
2025-12-29 00:00:00+08:00,134.53185153782152,141.00931105630923,134.03358542101478,138.01971435546875,3672700,0.0,0.0
2025-12-30 00:00:00+08:00,141.50757201691243,145.99196690477234,132.53878224119265,133.03704833984375,3574030,0.0,0.0
2025-12-31 00:00:00+08:00,132.53878946630675,133.03705559211994,130.04745883724084,131.0439910888672,785110,0.0,0.0
2026-01-02 00:00:00+08:00,132.04051060463064,137.0231713821639,131.043978449124,133.53530883789062,1159549,0.0,0.0
2026-01-05 00:00:00+08:00,134.53183981088492,135.5283719576322,128.55264693040112,129.54917907714844,1031000,0.0,0.0
2026-01-06 00:00:00+08:00,129.0509170648706,132.53877968824548,129.0509170648706,130.54571533203125,813000,0.0,0.0
2026-01-07 00:00:00+08:00,130.0474539293131,131.0439861433308,125.56305896623333,126.06132507324219,722316,0.0,0.0
2026-01-08 00:00:00+08:00,125.56305918974036,138.01971188713523,125.56305918974036,135.52838134765625,3144743,0.0,0.0
2026-01-09 00:00:00+08:00,138.51797542500586,141.50757201691243,131.04398394523935,133.03704833984375,2707510,0.0,0.0
2026-01-12 00:00:00+08:00,131.54225097656249,140.51104081587357,131.04398487437854,137.02317810058594,3191161,0.0,0.0
2026-01-13 00:00:00+08:00,136.52491760253906,136.52491760253906,132.53878862144302,136.52491760253906,1165029,0.0,0.0
2026-01-14 00:00:00+08:00,137.0231740203969,138.5179722824376,134.53184358366244,136.02664184570312,1145500,0.0,0.0
2026-01-15 00:00:00+08:00,135.0301096710093,136.52490793305,134.03357749631553,136.02664184570312,747219,0.0,0.0
2026-01-16 00:00:00+08:00,136.5249167994449,137.02318291915088,132.53878784179688,132.53878784179688,747374,0.0,0.0
2026-01-19 00:00:00+08:00,133.5353160048976,136.02664652737704,130.5457193779223,131.54225158691406,946140,0.0,0.0
2026-01-20 00:00:00+08:00,136.5249064348746,141.00930117178655,135.0301081892373,137.5214385986328,2438695,0.0,0.0
2026-01-21 00:00:00+08:00,136.5249129116746,146.98850112753286,135.52838070064047,141.00930786132812,3918542,0.0,0.0
2026-01-22 00:00:00+08:00,144.49717059994754,146.98850112753286,139.01624343925988,141.00930786132812,3117183,0.0,0.0
2026-01-23 00:00:00+08:00,140.51103508990744,142.50409941742384,136.5249064348746,137.5214385986328,1044266,0.0,0.0
2026-01-26 00:00:00+08:00,139.51450954477696,143.9989044944305,138.51797733374283,141.00930786132812,1083455,0.0,0.0
2026-01-27 00:00:00+08:00,139.0162383697845,140.01277054447831,136.02664184570312,136.02664184570312,1006352,0.0,0.0
2026-01-28 00:00:00+08:00,138.51797799503103,139.01624410292683,133.53531691607307,135.52838134765625,782200,0.0,0.0
2026-01-29 00:00:00+08:00,136.524911998402,142.0058391224254,134.5318475896662,137.02317810058594,1975164,0.0,0.0
2026-01-30 00:00:00+08:00,137.0231845986254,137.52145072443858,131.0439910888672,131.0439910888672,948359,0.0,0.0
2026-02-02 00:00:00+08:00,129.5491847053903,131.54224908547323,121.07866109003785,121.5769271850586,1130229,0.0,0.0
2026-02-03 00:00:00+08:00,124.06825611562381,125.56305438207711,121.57692567153498,123.07172393798828,492359,0.0,0.0
2026-02-04 00:00:00+08:00,120.5803989937635,124.06826177457484,120.5803989937635,122.5734634399414,240255,0.0,0.0
2026-02-05 00:00:00+08:00,122.0751953125,123.07172751913265,121.07866310586735,122.0751953125,266149,0.0,0.0
2026-02-06 00:00:00+08:00,122.57346044612837,122.57346044612837,116.0960011542598,118.08906555175781,496067,0.0,0.0
2026-02-09 00:00:00+08:00,120.08213200288661,121.0786642186782,117.09253535551184,118.58733367919922,297049,0.0,0.0
2026-02-10 00:00:00+08:00,118.58733367919922,119.08559978709502,116.59426924761604,118.58733367919922,245053,0.0,0.0
2026-02-11 00:00:00+08:00,121.07866109003785,124.06825766016225,118.5873306149342,121.5769271850586,657200,0.0,0.0
2026-02-23 00:00:00+08:00,132.04051060463064,133.53530883789062,130.54571237137068,133.53530883789062,1333049,0.0,0.0
2026-02-24 00:00:00+08:00,134.53184701346018,143.99890291440738,134.53184701346018,142.5041046142578,3626389,0.0,0.0
2026-02-25 00:00:00+08:00,144.49716219338038,144.49716219338038,137.52143712197582,139.0162353515625,1222200,0.0,0.0
2026-02-26 00:00:00+08:00,138.01970319850471,139.5145014280914,135.03010673933133,139.0162353515625,595009,0.0,0.0
2026-03-02 00:00:00+08:00,145.49370350557217,146.49023572136375,135.52838134765625,135.52838134765625,1975110,0.0,0.0
2026-03-03 00:00:00+08:00,136.52491103040146,138.01970932635476,132.04051614254155,133.03704833984375,653627,0.0,0.0
2026-03-04 00:00:00+08:00,135.52837944030762,139.5145082473755,127.55612182617188,127.55612182617188,1792296,0.0,0.0
2026-03-05 00:00:00+08:00,130.54571686380157,134.53184562300163,128.55265248420156,129.05091857910156,514001,0.0,0.0
2026-03-06 00:00:00+08:00,127.05785888671875,127.556125,123.56999609374999,124.5665283203125,554097,0.0,0.0
2026-03-09 00:00:00+08:00,115.09946645539382,117.09253080959978,113.10640210118787,115.59773254394531,742025,0.0,0.0
2026-03-10 00:00:00+08:00,118.58732907525425,119.08559516380573,115.59773254394531,115.59773254394531,333020,0.0,0.0
2026-03-11 00:00:00+08:00,115.59773356119791,119.5838623046875,115.59773356119791,119.5838623046875,278006,0.0,0.0
2026-03-12 00:00:00+08:00,119.58386178744041,120.08212787822141,117.0925313335354,117.5907974243164,195208,0.0,0.0
2026-03-13 00:00:00+08:00,117.0925313335354,118.08906351509741,115.5977330611924,117.5907974243164,146026,0.0,0.0
2026-03-16 00:00:00+08:00,119.08560180664062,119.5838679229864,117.5908034576033,119.08560180664062,285031,0.0,0.0
2026-03-17 00:00:00+08:00,121.07866584290849,121.07866584290849,116.59427081168967,117.09253692626953,169138,0.0,0.0
2026-03-18 00:00:00+08:00,118.58733569029485,119.5838679229864,115.09947287587441,119.08560180664062,306000,0.0,0.0
2026-03-19 00:00:00+08:00,119.58386384988134,119.58386384988134,117.59079945238331,118.08906555175781,187001,0.0,0.0
2026-03-20 00:00:00+08:00,118.58733569029485,121.07866627202372,116.59427122491174,119.08560180664062,373005,0.0,0.0
2026-03-23 00:00:00+08:00,118.58733109504946,130.545717423962,118.08906499801144,123.56999206542969,2105006,0.0,0.0
2026-03-24 00:00:00+08:00,125.56305754728832,126.06132364866644,119.58386433075079,120.0821304321289,722037,0.0,0.0
2026-03-25 00:00:00+08:00,122.5734634399414,125.06479399766378,122.07519732839692,122.5734634399414,372291,0.0,0.0
2026-03-26 00:00:00+08:00,124.56652425950574,127.05785474469585,122.07519377431562,123.56999206542969,453120,0.0,0.0
2026-03-27 00:00:00+08:00,123.07172340424462,123.07172340424462,119.58386079764661,121.07865905761719,255091,0.0,0.0
2026-03-30 00:00:00+08:00,118.58733258928572,126.06132413903062,118.58733258928572,122.0751953125,661026,0.0,0.0
2026-03-31 00:00:00+08:00,122.57345993631388,124.56652432552224,114.60120237948045,116.09600067138672,453095,0.0,0.0
2026-04-01 00:00:00+08:00,119.58386589499082,120.58039811078241,117.09253535551184,118.58733367919922,213022,0.0,0.0
2026-04-02 00:00:00+08:00,121.0786642186782,123.07172865026138,118.08906757130343,118.58733367919922,418017,0.0,0.0
2026-04-07 00:00:00+08:00,119.58386543469551,119.58386543469551,116.59426879882812,116.59426879882812,203050,0.0,0.0
2026-04-08 00:00:00+08:00,122.57346044612837,122.57346044612837,117.59079945238331,118.08906555175781,226173,0.0,0.0
2026-04-09 00:00:00+08:00,119.58386069849918,119.58386069849918,113.60466766357422,113.60466766357422,418046,0.0,0.0
2026-04-10 00:00:00+08:00,113.60467171047046,115.59773612644362,113.60467171047046,114.60120391845703,204030,0.0,0.0
2026-04-13 00:00:00+08:00,114.60120137532552,121.07866058349609,114.60120137532552,119.5838623046875,533119,0.0,0.0
2026-04-14 00:00:00+08:00,120.0821304321289,122.07519483764142,117.09253382386014,120.0821304321289,447021,0.0,0.0
2026-04-15 00:00:00+08:00,120.08213244982002,122.57346299857147,117.59080190106857,120.58039855957031,562018,0.0,0.0
2026-04-16 00:00:00+08:00,119.08560107421874,131.04398779296875,118.5873349609375,124.5665283203125,1480031,0.0,0.0
2026-04-17 00:00:00+08:00,126.55958709108876,129.05091754563776,123.07172445472018,125.06478881835938,1118830,0.0,0.0
2026-04-20 00:00:00+08:00,131.54225004389045,137.02317712905256,128.05438735333274,133.03704833984375,1911096,0.0,0.0
2026-04-21 00:00:00+08:00,133.5353076641376,135.03010588425855,128.55264693040112,129.54917907714844,924430,0.0,0.0
2026-04-22 00:00:00+08:00,132.04051514850158,132.5387812434016,128.05438638930156,129.05091857910156,702221,0.0,0.0
2026-04-23 00:00:00+08:00,130.54571634928385,131.04398244222006,118.0890640258789,127.05785369873047,1079180,0.0,0.0
2026-04-24 00:00:00+08:00,124.06826177457484,126.06132622075275,120.5803989937635,122.5734634399414,638038,0.0,0.0
2026-04-27 00:00:00+08:00,123.07172865026138,123.56999475815718,117.59080146340763,118.58733367919922,563029,0.0,0.0
2026-04-28 00:00:00+08:00,117.0925313335354,120.58039396900242,116.0959991519734,117.5907974243164,341031,0.0,0.0
2026-04-29 00:00:00+08:00,117.0925333530088,121.57692824737936,117.0925333530088,118.08906555175781,313100,0.0,0.0
2026-04-30 00:00:00+08:00,118.58733569029485,120.58040015567795,117.5908034576033,119.08560180664062,217022,0.0,0.0
2026-05-04 00:00:00+08:00,120.0821308992347,124.56652582908164,120.0821308992347,122.0751953125,502074,0.0,0.0
2026-05-05 00:00:00+08:00,123.07172445472018,126.06132100017896,121.07866009108098,125.06478881835938,379095,0.0,0.0
2026-05-06 00:00:00+08:00,126.06132413903062,126.06132413903062,121.07866310586735,122.0751953125,369050,0.0,0.0
2026-05-07 00:00:00+08:00,122.57345937510006,123.07172547012078,120.08212889999639,121.5769271850586,274001,0.0,0.0
2026-05-08 00:00:00+08:00,123.07172445472018,129.05091754563776,122.07519227290058,125.06478881835938,1161061,0.0,0.0
2026-05-11 00:00:00+08:00,121.07866112321746,121.07866112321746,112.60813750554381,114.10293579101562,1021425,0.0,0.0
2026-05-12 00:00:00+08:00,115.59773356119791,115.59773356119791,111.61160481770833,112.10987091064453,472012,0.0,0.0
2026-05-13 00:00:00+08:00,112.6081380581637,113.1064041557662,107.62547708213876,108.62200927734375,545005,0.0,0.0
2026-05-14 00:00:00+08:00,109.1202754504575,109.1202754504575,99.6532195894589,101.14801788330078,1076723,0.0,0.0
2026-05-15 00:00:00+08:00,101.64628193165996,103.63934628326113,100.15148366795908,100.64974975585938,484112,0.0,0.0
2026-05-18 00:00:00+08:00,98.75633840928369,99.15495280547101,93.17575967147276,93.87332916259766,1115159,0.0,0.0
2026-05-19 00:00:00+08:00,95.4677846688431,97.56050069959288,93.07610594672747,93.37506103515625,600001,0.0,0.0
2026-05-20 00:00:00+08:00,94.86986499157899,96.56397433964068,92.27888272135598,92.87680053710938,431034,0.0,0.0
2026-05-21 00:00:00+08:00,93.47472027473714,96.2650057796484,93.27540927964108,94.47125244140625,410068,0.0,0.0
2026-05-22 00:00:00+08:00,94.96952315145484,97.66015709136859,94.96952315145484,96.36466217041016,293015,0.0,0.0
2026-05-25 00:00:00+08:00,96.86292929214589,101.14802090362214,92.8768003895401,99.25460815429688,706001,0.0,0.0
2026-05-26 00:00:00+08:00,99.45391508292083,103.14108112545797,98.05876850363154,98.25807189941406,516000,0.0,0.0
2026-05-27 00:00:00+08:00,100.64975002604302,100.64975002604302,97.36119079589844,97.36119079589844,334100,0.0,0.0
2026-05-28 00:00:00+08:00,97.16189014668367,100.15148676658163,95.96605453989943,97.66015625,282039,0.0,0.0
2026-05-29 00:00:00+08:00,100.64975479079641,105.13414980622794,98.95565304836396,99.25460815429688,537500,0.0,0.0
2026-06-01 00:00:00+08:00,101.64628645089957,107.62547977154071,101.64628645089957,103.63935089111328,627055,0.0,0.0
2026-06-02 00:00:00+08:00,104.13761237116142,105.13414454696202,99.25460318915113,100.64974975585938,376515,0.0,0.0
2026-06-03 00:00:00+08:00,102.14454801956025,102.14454801956025,100.15148366795908,100.64974975585938,191098,0.0,0.0
2026-06-04 00:00:00+08:00,100.64975334167481,101.14801944732666,99.25460672526214,99.6532211303711,197140,0.0,0.0
2026-06-05 00:00:00+08:00,101.1480167558839,101.1480167558839,96.76327362223351,98.25807189941406,339020,0.0,0.0
2026-06-08 00:00:00+08:00,88.6913628335506,95.3681253090588,88.6913628335506,94.47125244140625,288030,0.0,0.0
2026-06-09 00:00:00+08:00,95.76674175757995,98.55703492548605,94.5709061730129,94.96952056884766,271500,0.0,0.0
2026-06-10 00:00:00+08:00,96.36466199128913,97.7598086105886,92.17922973632812,92.17922973632812,266001,0.0,0.0
2026-06-11 00:00:00+08:00,91.282350801163,92.47819403962968,88.69136852222483,90.68443298339844,329276,0.0,0.0
2026-06-12 00:00:00+08:00,91.68096609741912,93.47472717093498,88.19310325675644,89.3889389038086,575000,0.0,0.0
2026-06-15 00:00:00+08:00,90.18616403530133,92.37853183255362,89.98686063661923,91.48165893554688,208001,0.0,0.0
2026-06-16 00:00:00+08:00,92.27888157613862,92.27888157613862,90.18616544550446,91.08304595947266,120298,0.0,0.0
2026-06-17 00:00:00+08:00,91.28235006635171,93.37506621315038,89.98686273877992,90.88373565673828,162099,0.0,0.0
2026-06-18 00:00:00+08:00,90.9833955389038,92.47819388223998,90.68443282906155,91.7806167602539,116000,0.0,0.0
2026-06-22 00:00:00+08:00,96.66362105265702,100.64974975585938,96.46431765867176,100.64974975585938,497001,0.0,0.0
2026-06-23 00:00:00+08:00,106.13067726950044,107.12720945043472,100.64975027436192,102.64281463623047,1417059,0.0,0.0
2026-06-24 00:00:00+08:00,102.64281822653378,104.63588265811697,100.15148768705481,101.64628601074219,342038,0.0,0.0
2026-06-25 00:00:00+08:00,102.64281420637535,102.64281420637535,99.5535659790039,99.5535659790039,215229,0.0,0.0
2026-06-26 00:00:00+08:00,99.4539206046417,103.63935297194921,96.86293069799287,98.85599517822266,343015,0.0,0.0
2026-06-29 00:00:00+08:00,102.14455000851132,108.62200927734375,101.64628391090882,108.62200927734375,858030,0.0,0.0
2026-06-30 00:00:00+08:00,111.61160729449729,117.59080054241679,110.11680898251741,114.60120391845703,4029357,0.0,0.0
2026-07-01 00:00:00+08:00,121.07866400315356,126.06132507324219,120.08213178913584,126.06132507324219,2344736,0.0,0.0
2026-07-02 00:00:00+08:00,127.55612134176587,135.52837892562624,124.56652474781824,125.56305694580078,4946082,0.0,0.0
2026-07-03 00:00:00+08:00,125.56306143530009,138.01971435546875,124.56652920168659,138.01971435546875,4848186,0.0,0.0
2026-07-06 00:00:00+08:00,140.5110424266142,147.48676793715535,134.53184913186467,135.52838134765625,9322574,0.0,0.0
2026-07-07 00:00:00+08:00,135.03011006961466,135.03011006961466,122.57345784917051,123.07172393798828,2601725,0.0,0.0
2026-07-08 00:00:00+08:00,127.55612892066421,135.03012084960938,124.0682660204898,135.03012084960938,3403642,0.0,0.0
2026-07-09 00:00:00+08:00,139.51450493499524,144.49716582553077,130.54571533203125,130.54571533203125,3881391,0.0,0.0
2026-07-10 00:00:00+08:00,130.54571533203125,130.54571533203125,130.54571533203125,130.54571533203125,0,0.0,0.0
2026-07-13 00:00:00+08:00,133.5353185865614,143.50064086914062,133.03705247243246,143.50064086914062,2649215,0.0,0.0
2026-07-14 00:00:00+08:00,143.5,149.5,138.0,141.5,7279240,0.499361,0.0
2026-07-15 00:00:00+08:00,143.0,144.0,133.0,135.5,2220578,0.0,0.0
2026-07-16 00:00:00+08:00,133.0,135.0,127.5,127.5,1772449,0.0,0.0
2026-07-17 00:00:00+08:00,123.5,132.0,116.0,117.0,2520197,0.0,0.0
2026-07-20 00:00:00+08:00,119.0,126.5,113.5,113.5,3484069,0.0,0.0
2026-07-21 00:00:00+08:00,113.5,124.0,112.5,120.5,2106050,0.0,0.0
2026-07-22 00:00:00+08:00,119.0,123.0,113.5,115.0,1743544,0.0,0.0
2026-07-23 00:00:00+08:00,113.5,114.0,107.0,110.0,1245126,0.0,0.0
2026-07-24 00:00:00+08:00,109.0,115.5,108.5,109.5,1802002,0.0,0.0
2026-07-27 00:00:00+08:00,109.0,109.0,103.0,105.0,496200,0.0,0.0
2026-07-28 00:00:00+08:00,102.5,106.5,101.0,101.5,651054,0.0,0.0
2026-07-29 00:00:00+08:00,101.0,104.5,91.5,96.30000305175781,918106,0.0,0.0
2026-07-30 00:00:00+08:00,94.0,98.5,93.5,94.0,539054,0.0,0.0
2026-07-31 00:00:00+08:00,99.4000015258789,102.5,98.9000015258789,102.0,518755,0.0,0.0
2026-08-03 00:00:00+08:00,102.0,102.5,100.0,101.0,323217,0.0,0.0
2026-08-04 00:00:00+08:00,101.5,105.0,101.0,102.0,546000,0.0,0.0
2026-08-05 00:00:00+08:00,104.5,106.5,104.0,106.0,575200,0.0,0.0
2026-08-06 00:00:00+08:00,106.0,106.0,102.5,104.5,246053,0.0,0.0
2026-08-07 00:00:00+08:00,104.5,105.5,102.5,103.5,219028,0.0,0.0
2026-08-10 00:00:00+08:00,103.5,105.0,103.0,103.0,221020,0.0,0.0
2026-08-11 00:00:00+08:00,103.0,112.0,100.5,106.5,1130727,0.0,0.0
2026-08-12 00:00:00+08:00,107.0,107.0,103.0,104.0,450300,0.0,0.0
2026-08-13 00:00:00+08:00,104.5,106.0,104.0,105.0,345062,0.0,0.0
2026-08-14 00:00:00+08:00,107.0,115.5,103.5,115.5,1387095,0.0,0.0
2026-08-17 00:00:00+08:00,122.0,123.0,112.5,118.0,3384800,0.0,0.0
2026-08-18 00:00:00+08:00,115.5,119.5,112.5,113.0,1269108,0.0,0.0
2026-08-19 00:00:00+08:00,111.0,114.5,107.0,109.0,538031,0.0,0.0
2026-08-20 00:00:00+08:00,109.5,115.0,108.0,108.0,967040,0.0,0.0
2026-08-21 00:00:00+08:00,108.5,109.0,105.5,106.5,260030,0.0,0.0
