Date,Open,High,Low,Close,Volume,Dividends,Stock Splits
2001-01-04 00:00:00+09:00,2173.115966796875,2173.115966796875,2173.115966796875,2173.115966796875,100,0.0,0.0
2001-01-05 00:00:00+09:00,2173.115966796875,2173.115966796875,2173.115966796875,2173.115966796875,100,0.0,0.0
2001-01-08 00:00:00+09:00,2173.115966796875,2173.115966796875,2173.115966796875,2173.115966796875,0,0.0,0.0
2001-01-09 00:00:00+09:00,2173.115966796875,2173.115966796875,2173.115966796875,2173.115966796875,0,0.0,0.0
2001-01-10 00:00:00+09:00,2127.8427734375,2127.8427734375,2127.8427734375,2127.8427734375,100,0.0,0.0
2001-01-11 00:00:00+09:00,2127.8427734375,2127.8427734375,2127.8427734375,2127.8427734375,100,0.0,0.0
2001-01-12 00:00:00+09:00,2127.8427734375,2127.8427734375,2127.8427734375,2127.8427734375,100,0.0,0.0
2001-01-15 00:00:00+09:00,2173.115966796875,2173.115966796875,2173.115966796875,2173.115966796875,100,0.0,0.0
2001-01-16 00:00:00+09:00,2082.5693359375,2082.5693359375,2082.5693359375,2082.5693359375,200,0.0,0.0
2001-01-17 00:00:00+09:00,2127.8427734375,2127.8427734375,2127.8427734375,2127.8427734375,200,0.0,0.0
2001-01-18 00:00:00+09:00,2127.8427734375,2127.8427734375,2127.8427734375,2127.8427734375,0,0.0,0.0
2001-01-19 00:00:00+09:00,2127.8427734375,2127.8427734375,2127.8427734375,2127.8427734375,200,0.0,0.0
2001-01-22 00:00:00+09:00,2127.8427734375,2127.8427734375,2127.8427734375,2127.8427734375,0,0.0,0.0
2001-01-23 00:00:00+09:00,2127.8427734375,2127.8427734375,2127.8427734375,2127.8427734375,0,0.0,0.0
2001-01-24 00:00:00+09:00,2082.5693359375,2082.5693359375,2082.5693359375,2082.5693359375,500,0.0,0.0
2001-01-25 00:00:00+09:00,2082.5693359375,2082.5693359375,2082.5693359375,2082.5693359375,500,0.0,0.0
2001-01-26 00:00:00+09:00,2127.8427734375,2127.8427734375,2127.8427734375,2127.8427734375,100,0.0,0.0
2001-01-29 00:00:00+09:00,2173.115966796875,2173.115966796875,2173.115966796875,2173.115966796875,100,0.0,0.0
2001-01-30 00:00:00+09:00,2127.8427734375,2127.8427734375,2127.8427734375,2127.8427734375,100,0.0,0.0
2001-01-31 00:00:00+09:00,2127.8427734375,2127.8427734375,2127.8427734375,2127.8427734375,0,0.0,0.0
2001-02-01 00:00:00+09:00,2127.8427734375,2127.8427734375,2127.8427734375,2127.8427734375,0,0.0,0.0
2001-02-02 00:00:00+09:00,2127.8427734375,2127.8427734375,2127.8427734375,2127.8427734375,100,0.0,0.0
2001-02-05 00:00:00+09:00,1946.7498806423612,2037.29638671875,1946.7498806423612,2037.29638671875,300,0.0,0.0
2001-02-06 00:00:00+09:00,2037.29638671875,2037.29638671875,2037.29638671875,2037.29638671875,0,0.0,0.0
2001-02-07 00:00:00+09:00,2037.29638671875,2037.29638671875,2037.29638671875,2037.29638671875,0,0.0,0.0
2001-02-08 00:00:00+09:00,2037.29638671875,2037.29638671875,2037.29638671875,2037.29638671875,0,0.0,0.0
2001-02-09 00:00:00+09:00,2037.29638671875,2037.29638671875,2037.29638671875,2037.29638671875,0,0.0,0.0
2001-02-12 00:00:00+09:00,2037.29638671875,2037.29638671875,2037.29638671875,2037.29638671875,0,0.0,0.0
2001-02-13 00:00:00+09:00,1992.0230712890625,1992.0230712890625,1992.0230712890625,1992.0230712890625,100,0.0,0.0
2001-02-14 00:00:00+09:00,1992.0230712890625,1992.0230712890625,1992.0230712890625,1992.0230712890625,100,0.0,0.0
2001-02-15 00:00:00+09:00,1992.0232426354644,1992.0232426354644,1973.9139404296875,1973.9139404296875,1100,0.0,0.0
2001-02-16 00:00:00+09:00,1992.0230712890625,1992.0230712890625,1992.0230712890625,1992.0230712890625,100,0.0,0.0
2001-02-19 00:00:00+09:00,1982.9683837890625,1982.9683837890625,1982.9683837890625,1982.9683837890625,100,0.0,0.0
2001-02-20 00:00:00+09:00,1992.0230712890625,1992.0230712890625,1992.0230712890625,1992.0230712890625,300,0.0,0.0
2001-02-21 00:00:00+09:00,1992.0230712890625,1992.0230712890625,1992.0230712890625,1992.0230712890625,0,0.0,0.0
2001-02-22 00:00:00+09:00,1992.0230712890625,1992.0230712890625,1992.0230712890625,1992.0230712890625,0,0.0,0.0
2001-02-23 00:00:00+09:00,1992.0230712890625,1992.0230712890625,1992.0230712890625,1992.0230712890625,0,0.0,0.0
2001-02-26 00:00:00+09:00,1992.0230712890625,1992.0230712890625,1992.0230712890625,1992.0230712890625,200,0.0,0.0
2001-02-27 00:00:00+09:00,1982.9683837890625,1982.9683837890625,1982.9683837890625,1982.9683837890625,100,0.0,0.0
2001-02-28 00:00:00+09:00,1982.9683837890625,1982.9683837890625,1982.9683837890625,1982.9683837890625,0,0.0,0.0
2001-03-01 00:00:00+09:00,1982.9683837890625,1982.9683837890625,1982.9683837890625,1982.9683837890625,0,0.0,0.0
2001-03-02 00:00:00+09:00,1982.9683837890625,1982.9683837890625,1982.9683837890625,1982.9683837890625,100,0.0,0.0
2001-03-05 00:00:00+09:00,1982.9683837890625,1982.9683837890625,1982.9683837890625,1982.9683837890625,0,0.0,0.0
2001-03-06 00:00:00+09:00,1982.9683837890625,1982.9683837890625,1982.9683837890625,1982.9683837890625,0,0.0,0.0
2001-03-07 00:00:00+09:00,1982.9683837890625,1982.9683837890625,1982.9683837890625,1982.9683837890625,0,0.0,0.0
2001-03-08 00:00:00+09:00,1964.859130859375,1964.859130859375,1964.859130859375,1964.859130859375,100,0.0,0.0
2001-03-09 00:00:00+09:00,1964.859130859375,1964.859130859375,1964.859130859375,1964.859130859375,0,0.0,0.0
2001-03-12 00:00:00+09:00,1964.859130859375,1964.859130859375,1964.859130859375,1964.859130859375,100,0.0,0.0
2001-03-13 00:00:00+09:00,1982.9683837890625,1982.9683837890625,1982.9683837890625,1982.9683837890625,100,0.0,0.0
2001-03-14 00:00:00+09:00,1982.9683837890625,1982.9683837890625,1982.9683837890625,1982.9683837890625,0,0.0,0.0
2001-03-15 00:00:00+09:00,1937.6953125,1937.6953125,1937.6953125,1937.6953125,100,0.0,0.0
2001-03-16 00:00:00+09:00,1919.5858154296875,1919.5858154296875,1919.5858154296875,1919.5858154296875,200,0.0,0.0
2001-03-19 00:00:00+09:00,1937.6953125,1937.6953125,1937.6953125,1937.6953125,200,0.0,0.0
2001-03-20 00:00:00+09:00,1937.6953125,1937.6953125,1937.6953125,1937.6953125,0,0.0,0.0
2001-03-21 00:00:00+09:00,1937.6953125,1937.6953125,1937.6953125,1937.6953125,0,0.0,0.0
2001-03-22 00:00:00+09:00,1892.4219970703125,1892.4219970703125,1892.4219970703125,1892.4219970703125,400,0.0,0.0
2001-03-23 00:00:00+09:00,1892.4219970703125,1892.4219970703125,1892.4219970703125,1892.4219970703125,0,0.0,0.0
2001-03-26 00:00:00+09:00,1783.7658624267578,1810.9298095703125,1783.7658624267578,1810.9298095703125,400,0.0,0.0
2001-03-27 00:00:00+09:00,1892.4219970703125,1892.4219970703125,1892.4219970703125,1892.4219970703125,100,0.0,0.0
2001-03-28 00:00:00+09:00,1901.4764404296875,1901.4764404296875,1901.4764404296875,1901.4764404296875,1200,0.0,0.0
2001-03-29 00:00:00+09:00,1901.4764404296875,1901.4764404296875,1901.4764404296875,1901.4764404296875,0,0.0,0.0
2001-03-30 00:00:00+09:00,1901.4764404296875,1901.4764404296875,1901.4764404296875,1901.4764404296875,0,0.0,0.0
2001-04-02 00:00:00+09:00,1901.4764404296875,1901.4764404296875,1901.4764404296875,1901.4764404296875,0,0.0,0.0
2001-04-03 00:00:00+09:00,1928.640380859375,1928.640380859375,1928.640380859375,1928.640380859375,100,0.0,0.0
2001-04-04 00:00:00+09:00,1928.640380859375,1928.640380859375,1928.640380859375,1928.640380859375,0,0.0,0.0
2001-04-05 00:00:00+09:00,1901.4764404296875,1901.4764404296875,1901.4764404296875,1901.4764404296875,200,0.0,0.0
2001-04-06 00:00:00+09:00,1901.4764404296875,1901.4764404296875,1901.4764404296875,1901.4764404296875,0,0.0,0.0
2001-04-09 00:00:00+09:00,1901.4764404296875,1901.4764404296875,1901.4764404296875,1901.4764404296875,0,0.0,0.0
2001-04-10 00:00:00+09:00,1901.4764404296875,1901.4764404296875,1901.4764404296875,1901.4764404296875,100,0.0,0.0
2001-04-11 00:00:00+09:00,1883.3671875,1883.3671875,1883.3671875,1883.3671875,100,0.0,0.0
2001-04-12 00:00:00+09:00,1883.3671875,1883.3671875,1883.3671875,1883.3671875,100,0.0,0.0
2001-04-13 00:00:00+09:00,1874.3125,1874.3125,1874.3125,1874.3125,100,0.0,0.0
2001-04-16 00:00:00+09:00,1874.3125,1874.3125,1874.3125,1874.3125,200,0.0,0.0
2001-04-17 00:00:00+09:00,1901.4764404296875,1901.4764404296875,1901.4764404296875,1901.4764404296875,300,0.0,0.0
2001-04-18 00:00:00+09:00,1901.4764404296875,1901.4764404296875,1901.4764404296875,1901.4764404296875,100,0.0,0.0
2001-04-19 00:00:00+09:00,1901.4764404296875,1901.4764404296875,1901.4764404296875,1901.4764404296875,0,0.0,0.0
2001-04-20 00:00:00+09:00,1810.9298095703125,1810.9298095703125,1810.9298095703125,1810.9298095703125,100,0.0,0.0
2001-04-23 00:00:00+09:00,1810.9298095703125,1810.9298095703125,1810.9298095703125,1810.9298095703125,0,0.0,0.0
2001-04-24 00:00:00+09:00,1810.9298095703125,1810.9298095703125,1810.9298095703125,1810.9298095703125,0,0.0,0.0
2001-04-25 00:00:00+09:00,1838.093994140625,1838.093994140625,1838.093994140625,1838.093994140625,1200,0.0,0.0
2001-04-26 00:00:00+09:00,1838.093994140625,1838.093994140625,1838.093994140625,1838.093994140625,1200,0.0,0.0
2001-04-27 00:00:00+09:00,1973.9139404296875,1973.9139404296875,1973.9139404296875,1973.9139404296875,100,0.0,0.0
2001-04-30 00:00:00+09:00,1973.9139404296875,1973.9139404296875,1973.9139404296875,1973.9139404296875,0,0.0,0.0
2001-05-01 00:00:00+09:00,1901.4767316065797,1973.9139404296875,1901.4767316065797,1973.9139404296875,1200,0.0,0.0
2001-05-02 00:00:00+09:00,2082.5693359375,2082.5693359375,2082.5693359375,2082.5693359375,100,0.0,0.0
2001-05-03 00:00:00+09:00,2082.5693359375,2082.5693359375,2082.5693359375,2082.5693359375,0,0.0,0.0
2001-05-04 00:00:00+09:00,2082.5693359375,2082.5693359375,2082.5693359375,2082.5693359375,0,0.0,0.0
2001-05-07 00:00:00+09:00,1901.4764404296875,1901.4764404296875,1901.4764404296875,1901.4764404296875,6,0.0,0.0
2001-05-08 00:00:00+09:00,1901.4764404296875,1901.4764404296875,1901.4764404296875,1901.4764404296875,3,0.0,0.0
2001-05-09 00:00:00+09:00,1865.2579345703125,1865.2579345703125,1865.2579345703125,1865.2579345703125,2,0.0,0.0
2001-05-10 00:00:00+09:00,1865.258019721799,1865.258019721799,1856.203369140625,1856.203369140625,4,0.0,0.0
2001-05-11 00:00:00+09:00,1865.2579345703125,1865.2579345703125,1865.2579345703125,1865.2579345703125,2,0.0,0.0
2001-05-14 00:00:00+09:00,1856.203369140625,1856.203369140625,1856.203369140625,1856.203369140625,8,0.0,0.0
2001-05-15 00:00:00+09:00,1856.203369140625,1856.203369140625,1856.203369140625,1856.203369140625,100,0.0,0.0
2001-05-16 00:00:00+09:00,1883.3671875,1883.3671875,1883.3671875,1883.3671875,100,0.0,0.0
2001-05-17 00:00:00+09:00,1883.3671875,1883.3671875,1883.3671875,1883.3671875,300,0.0,0.0
2001-05-18 00:00:00+09:00,1883.3671875,1883.3671875,1883.3671875,1883.3671875,0,0.0,0.0
2001-05-21 00:00:00+09:00,1883.3671875,1883.3671875,1883.3671875,1883.3671875,0,0.0,0.0
2001-05-22 00:00:00+09:00,1883.3671875,1883.3671875,1883.3671875,1883.3671875,0,0.0,0.0
2001-05-23 00:00:00+09:00,1856.203256739248,1856.203256739248,1829.039306640625,1829.039306640625,300,0.0,0.0
2001-05-24 00:00:00+09:00,1810.9298095703125,1810.9298095703125,1810.9298095703125,1810.9298095703125,100,0.0,0.0
2001-05-25 00:00:00+09:00,1810.9299692941543,1819.984619140625,1810.9299692941543,1819.984619140625,1000,0.0,0.0
2001-05-28 00:00:00+09:00,1810.9298095703125,1810.9298095703125,1810.9298095703125,1810.9298095703125,300,0.0,0.0
2001-05-29 00:00:00+09:00,1810.9298095703125,1810.9298095703125,1810.9298095703125,1810.9298095703125,500,0.0,0.0
2001-05-30 00:00:00+09:00,1810.9298936086684,1810.9298936086684,1801.875244140625,1801.875244140625,200,0.0,0.0
2001-05-31 00:00:00+09:00,1792.82080078125,1792.82080078125,1792.82080078125,1792.82080078125,100,0.0,0.0
2001-06-01 00:00:00+09:00,1792.82080078125,1792.82080078125,1792.82080078125,1792.82080078125,0,0.0,0.0
2001-06-04 00:00:00+09:00,1810.9301017992425,1810.9301017992425,1792.82080078125,1792.82080078125,300,0.0,0.0
2001-06-05 00:00:00+09:00,1702.2740999921482,1801.875244140625,1702.2740999921482,1801.875244140625,200,0.0,0.0
2001-06-06 00:00:00+09:00,1801.875244140625,1801.875244140625,1801.875244140625,1801.875244140625,0,0.0,0.0
2001-06-07 00:00:00+09:00,1801.875244140625,1801.875244140625,1801.875244140625,1801.875244140625,0,0.0,0.0
2001-06-08 00:00:00+09:00,1801.875244140625,1801.875244140625,1801.875244140625,1801.875244140625,0,0.0,0.0
2001-06-11 00:00:00+09:00,1847.1485595703125,1847.1485595703125,1847.1485595703125,1847.1485595703125,300,0.0,0.0
2001-06-12 00:00:00+09:00,1829.039306640625,1829.039306640625,1829.039306640625,1829.039306640625,200,0.0,0.0
2001-06-13 00:00:00+09:00,1810.9298095703125,1810.9298095703125,1810.9298095703125,1810.9298095703125,100,0.0,0.0
2001-06-14 00:00:00+09:00,1810.9298095703125,1810.9298095703125,1810.9298095703125,1810.9298095703125,100,0.0,0.0
2001-06-15 00:00:00+09:00,1810.9298095703125,1810.9298095703125,1810.9298095703125,1810.9298095703125,100,0.0,0.0
2001-06-18 00:00:00+09:00,1801.875244140625,1801.875244140625,1801.875244140625,1801.875244140625,100,0.0,0.0
2001-06-19 00:00:00+09:00,1801.875244140625,1801.875244140625,1801.875244140625,1801.875244140625,0,0.0,0.0
2001-06-20 00:00:00+09:00,1801.875244140625,1801.875244140625,1801.875244140625,1801.875244140625,0,0.0,0.0
2001-06-21 00:00:00+09:00,1620.7823486328125,1620.7823486328125,1620.7823486328125,1620.7823486328125,500,0.0,0.0
2001-06-22 00:00:00+09:00,1620.7822547797582,1801.875244140625,1620.7822547797582,1801.875244140625,600,0.0,0.0
2001-06-25 00:00:00+09:00,1666.055502119975,1801.875244140625,1666.055502119975,1801.875244140625,200,0.0,0.0
2001-06-26 00:00:00+09:00,1792.82080078125,1792.82080078125,1792.82080078125,1792.82080078125,100,0.0,0.0
2001-06-27 00:00:00+09:00,1792.82080078125,1792.82080078125,1792.82080078125,1792.82080078125,100,0.0,0.0
2001-06-28 00:00:00+09:00,1774.7113037109375,1774.7113037109375,1774.7113037109375,1774.7113037109375,100,0.0,0.0
2001-06-29 00:00:00+09:00,1801.875244140625,1801.875244140625,1801.875244140625,1801.875244140625,100,0.0,0.0
2001-07-02 00:00:00+09:00,1801.875244140625,1801.875244140625,1801.875244140625,1801.875244140625,100,0.0,0.0
2001-07-03 00:00:00+09:00,1792.82080078125,1792.82080078125,1792.82080078125,1792.82080078125,300,0.0,0.0
2001-07-04 00:00:00+09:00,1774.7113037109375,1774.7113037109375,1774.7113037109375,1774.7113037109375,100,0.0,0.0
2001-07-05 00:00:00+09:00,1774.7113037109375,1774.7113037109375,1774.7113037109375,1774.7113037109375,100,0.0,0.0
2001-07-06 00:00:00+09:00,1783.76611328125,1783.76611328125,1783.76611328125,1783.76611328125,100,0.0,0.0
2001-07-09 00:00:00+09:00,1783.765953219667,1783.765953219667,1774.7113037109375,1774.7113037109375,200,0.0,0.0
2001-07-10 00:00:00+09:00,1765.65673828125,1765.65673828125,1765.65673828125,1765.65673828125,200,0.0,0.0
2001-07-11 00:00:00+09:00,1720.38330078125,1720.38330078125,1720.38330078125,1720.38330078125,300,0.0,0.0
2001-07-12 00:00:00+09:00,1702.274169921875,1702.274169921875,1702.274169921875,1702.274169921875,200,0.0,0.0
2001-07-13 00:00:00+09:00,1729.4381194419047,1729.4381194419047,1702.274169921875,1702.274169921875,200,0.0,0.0
2001-07-16 00:00:00+09:00,1747.5474853515625,1747.5474853515625,1747.5474853515625,1747.5474853515625,200,0.0,0.0
2001-07-17 00:00:00+09:00,1720.38330078125,1720.38330078125,1720.38330078125,1720.38330078125,200,0.0,0.0
2001-07-18 00:00:00+09:00,1720.38330078125,1720.38330078125,1720.38330078125,1720.38330078125,0,0.0,0.0
2001-07-19 00:00:00+09:00,1720.38330078125,1720.38330078125,1720.38330078125,1720.38330078125,0,0.0,0.0
2001-07-20 00:00:00+09:00,1720.38330078125,1720.38330078125,1720.38330078125,1720.38330078125,0,0.0,0.0
2001-07-23 00:00:00+09:00,1720.38330078125,1720.38330078125,1720.38330078125,1720.38330078125,0,0.0,0.0
2001-07-24 00:00:00+09:00,1720.38330078125,1720.38330078125,1720.38330078125,1720.38330078125,0,0.0,0.0
2001-07-25 00:00:00+09:00,1720.38330078125,1720.38330078125,1720.38330078125,1720.38330078125,0,0.0,0.0
2001-07-26 00:00:00+09:00,1720.38330078125,1720.38330078125,1720.38330078125,1720.38330078125,100,0.0,0.0
2001-07-27 00:00:00+09:00,1711.3287353515625,1711.3287353515625,1711.3287353515625,1711.3287353515625,100,0.0,0.0
2001-07-30 00:00:00+09:00,1756.60205078125,1756.60205078125,1756.60205078125,1756.60205078125,100,0.0,0.0
2001-07-31 00:00:00+09:00,1720.38330078125,1720.38330078125,1720.38330078125,1720.38330078125,100,0.0,0.0
2001-08-01 00:00:00+09:00,1720.38330078125,1720.38330078125,1720.38330078125,1720.38330078125,0,0.0,0.0
2001-08-02 00:00:00+09:00,1629.8370361328125,1629.8370361328125,1629.8370361328125,1629.8370361328125,200,0.0,0.0
2001-08-03 00:00:00+09:00,1629.8370361328125,1629.8370361328125,1629.8370361328125,1629.8370361328125,0,0.0,0.0
2001-08-06 00:00:00+09:00,1720.38330078125,1720.38330078125,1720.38330078125,1720.38330078125,200,0.0,0.0
2001-08-07 00:00:00+09:00,1629.8368112664473,1720.38330078125,1629.8368112664473,1720.38330078125,300,0.0,0.0
2001-08-08 00:00:00+09:00,1720.38330078125,1720.38330078125,1720.38330078125,1720.38330078125,0,0.0,0.0
2001-08-09 00:00:00+09:00,1720.38330078125,1720.38330078125,1720.38330078125,1720.38330078125,0,0.0,0.0
2001-08-10 00:00:00+09:00,1756.60205078125,1756.60205078125,1756.60205078125,1756.60205078125,100,0.0,0.0
2001-08-13 00:00:00+09:00,1738.4928385416667,1738.4928385416667,1557.3998345269097,1629.8370361328125,300,0.0,0.0
2001-08-14 00:00:00+09:00,1801.875244140625,1801.875244140625,1801.875244140625,1801.875244140625,100,0.0,0.0
2001-08-15 00:00:00+09:00,1801.875244140625,1801.875244140625,1801.875244140625,1801.875244140625,100,0.0,0.0
2001-08-16 00:00:00+09:00,1810.9298095703125,1810.9298095703125,1810.9298095703125,1810.9298095703125,200,0.0,0.0
2001-08-17 00:00:00+09:00,1801.875244140625,1801.875244140625,1801.875244140625,1801.875244140625,200,0.0,0.0
2001-08-20 00:00:00+09:00,1801.875244140625,1801.875244140625,1801.875244140625,1801.875244140625,0,0.0,0.0
2001-08-21 00:00:00+09:00,1801.875244140625,1801.875244140625,1801.875244140625,1801.875244140625,0,0.0,0.0
2001-08-22 00:00:00+09:00,1801.875244140625,1801.875244140625,1801.875244140625,1801.875244140625,0,0.0,0.0
2001-08-23 00:00:00+09:00,1720.38330078125,1720.38330078125,1720.38330078125,1720.38330078125,100,0.0,0.0
2001-08-24 00:00:00+09:00,1720.38330078125,1720.38330078125,1720.38330078125,1720.38330078125,0,0.0,0.0
2001-08-27 00:00:00+09:00,1720.383538140191,1720.383538140191,1629.8370361328125,1629.8370361328125,800,0.0,0.0
2001-08-28 00:00:00+09:00,1629.8370361328125,1629.8370361328125,1629.8370361328125,1629.8370361328125,200,0.0,0.0
2001-08-29 00:00:00+09:00,1675.1102294921875,1675.1102294921875,1675.1102294921875,1675.1102294921875,100,0.0,0.0
2001-08-30 00:00:00+09:00,1675.1102294921875,1675.1102294921875,1675.1102294921875,1675.1102294921875,0,0.0,0.0
2001-08-31 00:00:00+09:00,1675.1102294921875,1675.1102294921875,1675.1102294921875,1675.1102294921875,500,0.0,0.0
2001-09-03 00:00:00+09:00,1675.1102294921875,1675.1102294921875,1675.1102294921875,1675.1102294921875,0,0.0,0.0
2001-09-04 00:00:00+09:00,1765.656728383657,1765.656728383657,1675.1102294921875,1675.1102294921875,200,0.0,0.0
2001-09-05 00:00:00+09:00,1675.1102294921875,1675.1102294921875,1675.1102294921875,1675.1102294921875,0,0.0,0.0
2001-09-06 00:00:00+09:00,1557.3998345269097,1629.8370361328125,1557.3998345269097,1629.8370361328125,200,0.0,0.0
2001-09-07 00:00:00+09:00,1629.8370361328125,1629.8370361328125,1629.8370361328125,1629.8370361328125,0,0.0,0.0
2001-09-10 00:00:00+09:00,1629.8370361328125,1629.8370361328125,1629.8370361328125,1629.8370361328125,200,0.0,0.0
2001-09-11 00:00:00+09:00,1629.8370361328125,1629.8370361328125,1629.8370361328125,1629.8370361328125,100,0.0,0.0
2001-09-12 00:00:00+09:00,1810.929966517857,1810.929966517857,1403.4707240513392,1584.563720703125,400,0.0,0.0
2001-09-13 00:00:00+09:00,1720.38330078125,1720.38330078125,1720.38330078125,1720.38330078125,100,0.0,0.0
2001-09-14 00:00:00+09:00,1801.875244140625,1801.875244140625,1801.875244140625,1801.875244140625,200,0.0,0.0
2001-09-17 00:00:00+09:00,1801.875244140625,1801.875244140625,1801.875244140625,1801.875244140625,200,0.0,0.0
2001-09-18 00:00:00+09:00,1801.875244140625,1801.875244140625,1801.875244140625,1801.875244140625,0,0.0,0.0
2001-09-19 00:00:00+09:00,1801.875244140625,1801.875244140625,1801.875244140625,1801.875244140625,0,0.0,0.0
2001-09-20 00:00:00+09:00,1801.875244140625,1801.875244140625,1801.875244140625,1801.875244140625,0,0.0,0.0
2001-09-21 00:00:00+09:00,1801.875244140625,1801.875244140625,1801.875244140625,1801.875244140625,0,0.0,0.0
2001-09-24 00:00:00+09:00,1801.875244140625,1801.875244140625,1801.875244140625,1801.875244140625,0,0.0,0.0
2001-09-25 00:00:00+09:00,1801.875244140625,1801.875244140625,1801.875244140625,1801.875244140625,0,0.0,0.0
2001-09-26 00:00:00+09:00,1756.6020255253231,1756.6020255253231,1575.509033203125,1575.509033203125,200,0.0,0.0
2001-09-27 00:00:00+09:00,1666.0557861328125,1666.0557861328125,1666.0557861328125,1666.0557861328125,100,0.0,0.0
2001-09-28 00:00:00+09:00,1666.0557861328125,1666.0557861328125,1666.0557861328125,1666.0557861328125,0,0.0,0.0
2001-10-01 00:00:00+09:00,1747.5474853515625,1747.5474853515625,1747.5474853515625,1747.5474853515625,100,0.0,0.0
2001-10-02 00:00:00+09:00,1747.5474853515625,1747.5474853515625,1747.5474853515625,1747.5474853515625,100,0.0,0.0
2001-10-03 00:00:00+09:00,1657.0009765625,1657.0009765625,1657.0009765625,1657.0009765625,100,0.0,0.0
2001-10-04 00:00:00+09:00,1657.0009765625,1657.0009765625,1657.0009765625,1657.0009765625,0,0.0,0.0
2001-10-05 00:00:00+09:00,1521.18115234375,1521.18115234375,1521.18115234375,1521.18115234375,100,0.0,0.0
2001-10-08 00:00:00+09:00,1521.18115234375,1521.18115234375,1521.18115234375,1521.18115234375,0,0.0,0.0
2001-10-09 00:00:00+09:00,1521.18115234375,1521.18115234375,1521.18115234375,1521.18115234375,0,0.0,0.0
2001-10-10 00:00:00+09:00,1711.3287353515625,1711.3287353515625,1711.3287353515625,1711.3287353515625,200,0.0,0.0
2001-10-11 00:00:00+09:00,1711.3287353515625,1711.3287353515625,1711.3287353515625,1711.3287353515625,200,0.0,0.0
2001-10-12 00:00:00+09:00,1711.3287353515625,1711.3287353515625,1711.3287353515625,1711.3287353515625,100,0.0,0.0
2001-10-15 00:00:00+09:00,1711.3287353515625,1711.3287353515625,1711.3287353515625,1711.3287353515625,100,0.0,0.0
2001-10-16 00:00:00+09:00,1711.3287353515625,1711.3287353515625,1711.3287353515625,1711.3287353515625,100,0.0,0.0
2001-10-17 00:00:00+09:00,1711.3287353515625,1711.3287353515625,1711.3287353515625,1711.3287353515625,200,0.0,0.0
2001-10-18 00:00:00+09:00,1530.2358771829045,1548.3451775045958,1530.2358771829045,1539.29052734375,600,0.0,0.0
2001-10-19 00:00:00+09:00,1557.399658203125,1557.399658203125,1557.399658203125,1557.399658203125,100,0.0,0.0
2001-10-22 00:00:00+09:00,1557.399658203125,1557.399658203125,1557.399658203125,1557.399658203125,0,0.0,0.0
2001-10-23 00:00:00+09:00,1557.399658203125,1557.399658203125,1557.399658203125,1557.399658203125,0,0.0,0.0
2001-10-24 00:00:00+09:00,1557.399658203125,1557.399658203125,1557.399658203125,1557.399658203125,0,0.0,0.0
2001-10-25 00:00:00+09:00,1557.399658203125,1557.399658203125,1557.399658203125,1557.399658203125,0,0.0,0.0
2001-10-26 00:00:00+09:00,1557.399658203125,1557.399658203125,1557.399658203125,1557.399658203125,100,0.0,0.0
2001-10-29 00:00:00+09:00,1593.6182861328125,1593.6182861328125,1593.6182861328125,1593.6182861328125,100,0.0,0.0
2001-10-30 00:00:00+09:00,1584.563720703125,1584.563720703125,1584.563720703125,1584.563720703125,100,0.0,0.0
2001-10-31 00:00:00+09:00,1584.563720703125,1584.563720703125,1584.563720703125,1584.563720703125,0,0.0,0.0
2001-11-01 00:00:00+09:00,1584.563720703125,1584.563720703125,1584.563720703125,1584.563720703125,0,0.0,0.0
2001-11-02 00:00:00+09:00,1575.509033203125,1575.509033203125,1575.509033203125,1575.509033203125,100,0.0,0.0
2001-11-05 00:00:00+09:00,1575.509033203125,1575.509033203125,1575.509033203125,1575.509033203125,0,0.0,0.0
2001-11-06 00:00:00+09:00,1575.509033203125,1575.509033203125,1575.509033203125,1575.509033203125,0,0.0,0.0
2001-11-07 00:00:00+09:00,1575.509033203125,1575.509033203125,1575.509033203125,1575.509033203125,0,0.0,0.0
2001-11-08 00:00:00+09:00,1475.907958984375,1475.907958984375,1475.907958984375,1475.907958984375,100,0.0,0.0
2001-11-09 00:00:00+09:00,1475.907958984375,1475.907958984375,1475.907958984375,1475.907958984375,0,0.0,0.0
2001-11-12 00:00:00+09:00,1539.29052734375,1539.29052734375,1539.29052734375,1539.29052734375,200,0.0,0.0
2001-11-13 00:00:00+09:00,1557.399658203125,1557.399658203125,1557.399658203125,1557.399658203125,200,0.0,0.0
2001-11-14 00:00:00+09:00,1557.399658203125,1557.399658203125,1557.399658203125,1557.399658203125,100,0.0,0.0
2001-11-15 00:00:00+09:00,1557.399658203125,1557.399658203125,1557.399658203125,1557.399658203125,100,0.0,0.0
2001-11-16 00:00:00+09:00,1557.399658203125,1557.399658203125,1557.399658203125,1557.399658203125,100,0.0,0.0
2001-11-19 00:00:00+09:00,1557.399658203125,1557.399658203125,1557.399658203125,1557.399658203125,200,0.0,0.0
2001-11-20 00:00:00+09:00,1557.399658203125,1557.399658203125,1557.399658203125,1557.399658203125,0,0.0,0.0
2001-11-21 00:00:00+09:00,1557.399658203125,1557.399658203125,1557.399658203125,1557.399658203125,0,0.0,0.0
2001-11-22 00:00:00+09:00,1557.399658203125,1557.399658203125,1557.399658203125,1557.399658203125,0,0.0,0.0
2001-11-23 00:00:00+09:00,1557.399658203125,1557.399658203125,1557.399658203125,1557.399658203125,0,0.0,0.0
2001-11-26 00:00:00+09:00,1548.3453369140625,1548.3453369140625,1548.3453369140625,1548.3453369140625,100,0.0,0.0
2001-11-27 00:00:00+09:00,1548.3450236492845,1548.3450236492845,1412.5252847326806,1503.07177734375,300,0.0,0.0
2001-11-28 00:00:00+09:00,1548.3453369140625,1548.3453369140625,1548.3453369140625,1548.3453369140625,100,0.0,0.0
2001-11-29 00:00:00+09:00,1539.2905197143555,1539.2905197143555,1448.7440185546875,1448.7440185546875,200,0.0,0.0
2001-11-30 00:00:00+09:00,1530.23583984375,1530.23583984375,1530.23583984375,1530.23583984375,100,0.0,0.0
2001-12-03 00:00:00+09:00,1530.23583984375,1530.23583984375,1530.23583984375,1530.23583984375,0,0.0,0.0
2001-12-04 00:00:00+09:00,1548.3453369140625,1548.3453369140625,1548.3453369140625,1548.3453369140625,100,0.0,0.0
2001-12-05 00:00:00+09:00,1457.7987060546875,1457.7987060546875,1457.7987060546875,1457.7987060546875,100,0.0,0.0
2001-12-06 00:00:00+09:00,1457.7987060546875,1457.7987060546875,1457.7987060546875,1457.7987060546875,0,0.0,0.0
2001-12-07 00:00:00+09:00,1457.7987060546875,1457.7987060546875,1457.7987060546875,1457.7987060546875,0,0.0,0.0
2001-12-10 00:00:00+09:00,1548.3453369140625,1548.3453369140625,1548.3453369140625,1548.3453369140625,300,0.0,0.0
2001-12-11 00:00:00+09:00,1539.29052734375,1539.29052734375,1539.29052734375,1539.29052734375,200,0.0,0.0
2001-12-12 00:00:00+09:00,1539.29052734375,1539.29052734375,1539.29052734375,1539.29052734375,300,0.0,0.0
2001-12-13 00:00:00+09:00,1530.235775509396,1530.235775509396,1340.088134765625,1340.088134765625,500,0.0,0.0
2001-12-14 00:00:00+09:00,1475.907958984375,1475.907958984375,1475.907958984375,1475.907958984375,300,0.0,0.0
2001-12-17 00:00:00+09:00,1521.18115234375,1521.18115234375,1521.18115234375,1521.18115234375,300,0.0,0.0
2001-12-18 00:00:00+09:00,1521.18115234375,1521.18115234375,1521.18115234375,1521.18115234375,100,0.0,0.0
2001-12-19 00:00:00+09:00,1539.29052734375,1539.29052734375,1539.29052734375,1539.29052734375,100,0.0,0.0
2001-12-20 00:00:00+09:00,1512.1265869140625,1512.1265869140625,1512.1265869140625,1512.1265869140625,100,0.0,0.0
2001-12-21 00:00:00+09:00,1512.1265869140625,1512.1265869140625,1512.1265869140625,1512.1265869140625,0,0.0,0.0
2001-12-24 00:00:00+09:00,1512.1265869140625,1512.1265869140625,1512.1265869140625,1512.1265869140625,0,0.0,0.0
2001-12-25 00:00:00+09:00,1512.1265869140625,1512.1265869140625,1512.1265869140625,1512.1265869140625,0,0.0,0.0
2001-12-26 00:00:00+09:00,1539.29052734375,1539.29052734375,1539.29052734375,1539.29052734375,100,0.0,0.0
2001-12-27 00:00:00+09:00,1539.29052734375,1539.29052734375,1539.29052734375,1539.29052734375,100,0.0,0.0
2001-12-28 00:00:00+09:00,1530.23583984375,1530.23583984375,1530.23583984375,1530.23583984375,100,0.0,0.0
2001-12-31 00:00:00+09:00,1530.23583984375,1530.23583984375,1530.23583984375,1530.23583984375,0,0.0,0.0
2002-01-01 00:00:00+09:00,1530.23583984375,1530.23583984375,1530.23583984375,1530.23583984375,0,0.0,0.0
2002-01-02 00:00:00+09:00,1530.23583984375,1530.23583984375,1530.23583984375,1530.23583984375,0,0.0,0.0
2002-01-03 00:00:00+09:00,1530.23583984375,1530.23583984375,1530.23583984375,1530.23583984375,0,0.0,0.0
2002-01-04 00:00:00+09:00,1539.29052734375,1539.29052734375,1539.29052734375,1539.29052734375,100,0.0,0.0
2002-01-07 00:00:00+09:00,1530.23583984375,1530.23583984375,1530.23583984375,1530.23583984375,100,0.0,0.0
2002-01-08 00:00:00+09:00,1394.416029022961,1484.9625244140625,1394.416029022961,1484.9625244140625,200,0.0,0.0
2002-01-09 00:00:00+09:00,1484.9625244140625,1484.9625244140625,1484.9625244140625,1484.9625244140625,0,0.0,0.0
2002-01-10 00:00:00+09:00,1475.907958984375,1475.907958984375,1475.907958984375,1475.907958984375,200,0.0,0.0
2002-01-11 00:00:00+09:00,1475.907958984375,1475.907958984375,1475.907958984375,1475.907958984375,200,0.0,0.0
2002-01-14 00:00:00+09:00,1475.907958984375,1475.907958984375,1475.907958984375,1475.907958984375,0,0.0,0.0
2002-01-15 00:00:00+09:00,1475.907958984375,1475.907958984375,1475.907958984375,1475.907958984375,100,0.0,0.0
2002-01-16 00:00:00+09:00,1475.907958984375,1475.907958984375,1475.907958984375,1475.907958984375,100,0.0,0.0
2002-01-17 00:00:00+09:00,1475.907958984375,1475.907958984375,1475.907958984375,1475.907958984375,100,0.0,0.0
2002-01-18 00:00:00+09:00,1512.1265869140625,1512.1265869140625,1512.1265869140625,1512.1265869140625,200,0.0,0.0
2002-01-21 00:00:00+09:00,1512.1265869140625,1512.1265869140625,1512.1265869140625,1512.1265869140625,0,0.0,0.0
2002-01-22 00:00:00+09:00,1512.1265869140625,1512.1265869140625,1512.1265869140625,1512.1265869140625,0,0.0,0.0
2002-01-23 00:00:00+09:00,1512.1265869140625,1512.1265869140625,1512.1265869140625,1512.1265869140625,0,0.0,0.0
2002-01-24 00:00:00+09:00,1512.1265869140625,1512.1265869140625,1512.1265869140625,1512.1265869140625,0,0.0,0.0
2002-01-25 00:00:00+09:00,1503.07177734375,1503.07177734375,1503.07177734375,1503.07177734375,200,0.0,0.0
2002-01-28 00:00:00+09:00,1530.23583984375,1530.23583984375,1530.23583984375,1530.23583984375,100,0.0,0.0
2002-01-29 00:00:00+09:00,1539.29052734375,1539.29052734375,1539.29052734375,1539.29052734375,100,0.0,0.0
2002-01-30 00:00:00+09:00,1539.29052734375,1539.29052734375,1539.29052734375,1539.29052734375,0,0.0,0.0
2002-01-31 00:00:00+09:00,1539.29052734375,1539.29052734375,1539.29052734375,1539.29052734375,0,0.0,0.0
2002-02-01 00:00:00+09:00,1539.29052734375,1539.29052734375,1539.29052734375,1539.29052734375,0,0.0,0.0
2002-02-04 00:00:00+09:00,1530.23583984375,1530.23583984375,1530.23583984375,1530.23583984375,100,0.0,0.0
2002-02-05 00:00:00+09:00,1530.23583984375,1530.23583984375,1530.23583984375,1530.23583984375,0,0.0,0.0
2002-02-06 00:00:00+09:00,1530.23583984375,1530.23583984375,1530.23583984375,1530.23583984375,0,0.0,0.0
2002-02-07 00:00:00+09:00,1530.23583984375,1530.23583984375,1530.23583984375,1530.23583984375,0,0.0,0.0
2002-02-08 00:00:00+09:00,1530.23583984375,1530.23583984375,1530.23583984375,1530.23583984375,0,0.0,0.0
2002-02-11 00:00:00+09:00,1530.23583984375,1530.23583984375,1530.23583984375,1530.23583984375,0,0.0,0.0
2002-02-12 00:00:00+09:00,1539.29052734375,1539.29052734375,1539.29052734375,1539.29052734375,200,0.0,0.0
2002-02-13 00:00:00+09:00,1484.9625244140625,1484.9625244140625,1484.9625244140625,1484.9625244140625,200,0.0,0.0
2002-02-14 00:00:00+09:00,1439.6892309570312,1439.6892309570312,1312.924141438802,1358.1973876953125,1400,0.0,0.0
2002-02-15 00:00:00+09:00,1349.142784324852,1349.142784324852,1303.8695365287163,1340.088134765625,300,0.0,0.0
2002-02-18 00:00:00+09:00,1340.088134765625,1340.088134765625,1340.088134765625,1340.088134765625,100,0.0,0.0
2002-02-19 00:00:00+09:00,1340.088134765625,1340.088134765625,1340.088134765625,1340.088134765625,200,0.0,0.0
2002-02-20 00:00:00+09:00,1240.4869974070582,1312.9241943359375,1240.4869974070582,1312.9241943359375,300,0.0,0.0
2002-02-21 00:00:00+09:00,1312.9241943359375,1312.9241943359375,1312.9241943359375,1312.9241943359375,100,0.0,0.0
2002-02-22 00:00:00+09:00,1312.9241943359375,1312.9241943359375,1312.9241943359375,1312.9241943359375,0,0.0,0.0
2002-02-25 00:00:00+09:00,1267.650946255388,1312.9241943359375,1267.650946255388,1312.9241943359375,200,0.0,0.0
2002-02-26 00:00:00+09:00,1312.9241943359375,1312.9241943359375,1312.9241943359375,1312.9241943359375,200,0.0,0.0
2002-02-27 00:00:00+09:00,1303.8695447198274,1312.9241943359375,1303.8695447198274,1312.9241943359375,600,0.0,0.0
2002-02-28 00:00:00+09:00,1349.142784324852,1349.142784324852,1340.088134765625,1340.088134765625,500,0.0,0.0
2002-03-01 00:00:00+09:00,1321.9788818359375,1321.9788818359375,1321.9788818359375,1321.9788818359375,100,0.0,0.0
2002-03-04 00:00:00+09:00,1321.9788818359375,1321.9788818359375,1321.9788818359375,1321.9788818359375,200,0.0,0.0
2002-03-05 00:00:00+09:00,1276.7055878510346,1340.088134765625,1249.5416391733531,1340.088134765625,300,0.0,0.0
2002-03-06 00:00:00+09:00,1294.8150380086554,1294.8150380086554,1258.596435546875,1258.596435546875,300,0.0,0.0
2002-03-07 00:00:00+09:00,1267.6510009765625,1267.6510009765625,1267.6510009765625,1267.6510009765625,100,0.0,0.0
2002-03-08 00:00:00+09:00,1267.6510009765625,1267.6510009765625,1267.6510009765625,1267.6510009765625,0,0.0,0.0
2002-03-11 00:00:00+09:00,1258.596435546875,1258.596435546875,1258.596435546875,1258.596435546875,300,0.0,0.0
2002-03-12 00:00:00+09:00,1267.65108616232,1267.65108616232,1258.596435546875,1258.596435546875,600,0.0,0.0
2002-03-13 00:00:00+09:00,1267.6510009765625,1267.6510009765625,1267.6510009765625,1267.6510009765625,200,0.0,0.0
2002-03-14 00:00:00+09:00,1231.4324837005395,1258.596435546875,1231.4324837005395,1258.596435546875,300,0.0,0.0
2002-03-15 00:00:00+09:00,1249.5417849314297,1258.596435546875,1177.1045800078687,1258.596435546875,400,0.0,0.0
2002-03-18 00:00:00+09:00,1439.6893310546875,1439.6893310546875,1439.6893310546875,1439.6893310546875,800,0.0,0.0
2002-03-19 00:00:00+09:00,1349.142784324852,1349.142784324852,1276.7055878510346,1340.088134765625,700,0.0,0.0
2002-03-20 00:00:00+09:00,1321.978989854991,1321.978989854991,1258.596435546875,1258.596435546875,500,0.0,0.0
2002-03-21 00:00:00+09:00,1258.596435546875,1258.596435546875,1258.596435546875,1258.596435546875,0,0.0,0.0
2002-03-22 00:00:00+09:00,1331.0334852063977,1340.088134765625,1331.0334852063977,1340.088134765625,400,0.0,0.0
2002-03-25 00:00:00+09:00,1340.088134765625,1340.088134765625,1340.088134765625,1340.088134765625,0,0.0,0.0
2002-03-26 00:00:00+09:00,1358.1973876953125,1358.1973876953125,1358.1973876953125,1358.1973876953125,100,0.0,0.0
2002-03-27 00:00:00+09:00,1340.088134765625,1340.088134765625,1340.088134765625,1340.088134765625,100,0.0,0.0
2002-03-28 00:00:00+09:00,1358.1972989169035,1394.4158935546875,1358.1972989169035,1394.4158935546875,400,0.0,0.0
2002-03-29 00:00:00+09:00,1430.6345466382577,1494.01708984375,1358.1973544034092,1494.01708984375,1300,0.0,0.0
2002-04-01 00:00:00+09:00,1539.2903349905305,1539.2903349905305,1494.01708984375,1494.01708984375,700,0.0,0.0
2002-04-02 00:00:00+09:00,1484.9625244140625,1484.9625244140625,1484.9625244140625,1484.9625244140625,100,0.0,0.0
2002-04-03 00:00:00+09:00,1484.9625244140625,1484.9625244140625,1484.9625244140625,1484.9625244140625,0,0.0,0.0
2002-04-04 00:00:00+09:00,1321.9788818359375,1321.9788818359375,1321.9788818359375,1321.9788818359375,200,0.0,0.0
2002-04-05 00:00:00+09:00,1321.9788818359375,1321.9788818359375,1321.9788818359375,1321.9788818359375,200,0.0,0.0
2002-04-08 00:00:00+09:00,1321.9788818359375,1321.9788818359375,1321.9788818359375,1321.9788818359375,0,0.0,0.0
2002-04-09 00:00:00+09:00,1312.9241943359375,1312.9241943359375,1312.9241943359375,1312.9241943359375,400,0.0,0.0
2002-04-10 00:00:00+09:00,1439.6893310546875,1439.6893310546875,1439.6893310546875,1439.6893310546875,200,0.0,0.0
2002-04-11 00:00:00+09:00,1439.6893310546875,1439.6893310546875,1439.6893310546875,1439.6893310546875,200,0.0,0.0
2002-04-12 00:00:00+09:00,1421.580078125,1421.580078125,1421.580078125,1421.580078125,100,0.0,0.0
2002-04-15 00:00:00+09:00,1421.580078125,1421.580078125,1421.580078125,1421.580078125,100,0.0,0.0
2002-04-16 00:00:00+09:00,1421.580078125,1421.580078125,1421.580078125,1421.580078125,200,0.0,0.0
2002-04-17 00:00:00+09:00,1403.4708251953125,1403.4708251953125,1403.4708251953125,1403.4708251953125,100,0.0,0.0
2002-04-18 00:00:00+09:00,1403.4708251953125,1403.4708251953125,1403.4708251953125,1403.4708251953125,0,0.0,0.0
2002-04-19 00:00:00+09:00,1403.4708251953125,1403.4708251953125,1403.4708251953125,1403.4708251953125,0,0.0,0.0
2002-04-22 00:00:00+09:00,1403.4708251953125,1403.4708251953125,1403.4708251953125,1403.4708251953125,0,0.0,0.0
2002-04-23 00:00:00+09:00,1403.4708251953125,1403.4708251953125,1403.4708251953125,1403.4708251953125,0,0.0,0.0
2002-04-24 00:00:00+09:00,1403.4708251953125,1403.4708251953125,1403.4708251953125,1403.4708251953125,100,0.0,0.0
2002-04-25 00:00:00+09:00,1403.4708251953125,1403.4708251953125,1403.4708251953125,1403.4708251953125,0,0.0,0.0
2002-04-26 00:00:00+09:00,1403.4708251953125,1403.4708251953125,1403.4708251953125,1403.4708251953125,100,0.0,0.0
2002-04-29 00:00:00+09:00,1403.4708251953125,1403.4708251953125,1403.4708251953125,1403.4708251953125,0,0.0,0.0
2002-04-30 00:00:00+09:00,1403.4708251953125,1403.4708251953125,1403.4708251953125,1403.4708251953125,100,0.0,0.0
2002-05-01 00:00:00+09:00,1403.4708251953125,1403.4708251953125,1403.4708251953125,1403.4708251953125,100,0.0,0.0
2002-05-02 00:00:00+09:00,1448.7440776209678,1448.7440776209678,1403.4708251953125,1403.4708251953125,200,0.0,0.0
2002-05-03 00:00:00+09:00,1403.4708251953125,1403.4708251953125,1403.4708251953125,1403.4708251953125,0,0.0,0.0
2002-05-06 00:00:00+09:00,1403.4708251953125,1403.4708251953125,1403.4708251953125,1403.4708251953125,0,0.0,0.0
2002-05-07 00:00:00+09:00,1394.4158935546875,1394.4158935546875,1394.4158935546875,1394.4158935546875,100,0.0,0.0
2002-05-08 00:00:00+09:00,1403.4708251953125,1403.4708251953125,1403.4708251953125,1403.4708251953125,100,0.0,0.0
2002-05-09 00:00:00+09:00,1403.4708251953125,1403.4708251953125,1403.4708251953125,1403.4708251953125,0,0.0,0.0
2002-05-10 00:00:00+09:00,1439.6893310546875,1439.6893310546875,1439.6893310546875,1439.6893310546875,200,0.0,0.0
2002-05-13 00:00:00+09:00,1530.2356859611743,1530.2356859611743,1494.01708984375,1494.01708984375,300,0.0,0.0
2002-05-14 00:00:00+09:00,1494.0171739531725,1494.0171739531725,1484.9625244140625,1484.9625244140625,200,0.0,0.0
2002-05-15 00:00:00+09:00,1530.235883924696,1702.2742377387153,1475.907982720269,1629.8370361328125,1200,0.0,0.0
2002-05-16 00:00:00+09:00,1629.8370361328125,1629.8370361328125,1629.8370361328125,1629.8370361328125,100,0.0,0.0
2002-05-17 00:00:00+09:00,1629.8370361328125,1629.8370361328125,1629.8370361328125,1629.8370361328125,100,0.0,0.0
2002-05-20 00:00:00+09:00,1629.8370361328125,1629.8370361328125,1629.8370361328125,1629.8370361328125,0,0.0,0.0
2002-05-21 00:00:00+09:00,1629.8370361328125,1629.8370361328125,1629.8370361328125,1629.8370361328125,0,0.0,0.0
2002-05-22 00:00:00+09:00,1629.8370361328125,1629.8370361328125,1629.8370361328125,1629.8370361328125,0,0.0,0.0
2002-05-23 00:00:00+09:00,1611.7274169921875,1611.7274169921875,1593.6181201720506,1611.7274169921875,400,0.0,0.0
2002-05-24 00:00:00+09:00,1611.7274169921875,1611.7274169921875,1611.7274169921875,1611.7274169921875,0,0.0,0.0
2002-05-27 00:00:00+09:00,1620.7821762547348,1620.7821762547348,1494.01708984375,1494.01708984375,300,0.0,0.0
2002-05-28 00:00:00+09:00,1539.29052734375,1539.29052734375,1539.29052734375,1539.29052734375,100,0.0,0.0
2002-05-29 00:00:00+09:00,1530.23583984375,1530.23583984375,1530.23583984375,1530.23583984375,100,0.0,0.0
2002-05-30 00:00:00+09:00,1484.9625244140625,1484.9625244140625,1484.9625244140625,1484.9625244140625,100,0.0,0.0
2002-05-31 00:00:00+09:00,1484.9625244140625,1484.9625244140625,1484.9625244140625,1484.9625244140625,0,0.0,0.0
2002-06-03 00:00:00+09:00,1394.4160237091266,1394.4160237091266,1367.2520751953125,1367.2520751953125,300,0.0,0.0
2002-06-04 00:00:00+09:00,1385.3613742045218,1385.3613742045218,1367.2520751953125,1367.2520751953125,400,0.0,0.0
2002-06-05 00:00:00+09:00,1367.2520751953125,1367.2520751953125,1367.2520751953125,1367.2520751953125,0,0.0,0.0
2002-06-06 00:00:00+09:00,1367.2521320079106,1439.6893310546875,1358.1974821270637,1439.6893310546875,500,0.0,0.0
2002-06-07 00:00:00+09:00,1439.6893310546875,1439.6893310546875,1439.6893310546875,1439.6893310546875,0,0.0,0.0
2002-06-10 00:00:00+09:00,1530.23583984375,1530.23583984375,1530.23583984375,1530.23583984375,200,0.0,0.0
2002-06-11 00:00:00+09:00,1484.9625244140625,1484.9625244140625,1484.9625244140625,1484.9625244140625,100,0.0,0.0
2002-06-12 00:00:00+09:00,1475.907958984375,1475.907958984375,1475.907958984375,1475.907958984375,100,0.0,0.0
2002-06-13 00:00:00+09:00,1475.907958984375,1475.907958984375,1475.907958984375,1475.907958984375,200,0.0,0.0
2002-06-14 00:00:00+09:00,1475.907958984375,1475.907958984375,1475.907958984375,1475.907958984375,200,0.0,0.0
2002-06-17 00:00:00+09:00,1475.907958984375,1475.907958984375,1475.907958984375,1475.907958984375,100,0.0,0.0
2002-06-18 00:00:00+09:00,1475.907958984375,1475.907958984375,1475.907958984375,1475.907958984375,0,0.0,0.0
2002-06-19 00:00:00+09:00,1475.907958984375,1475.907958984375,1475.907958984375,1475.907958984375,0,0.0,0.0
2002-06-20 00:00:00+09:00,1475.907958984375,1475.907958984375,1475.907958984375,1475.907958984375,0,0.0,0.0
2002-06-21 00:00:00+09:00,1475.907958984375,1475.907958984375,1475.907958984375,1475.907958984375,0,0.0,0.0
2002-06-24 00:00:00+09:00,1475.907958984375,1475.907958984375,1475.907958984375,1475.907958984375,0,0.0,0.0
2002-06-25 00:00:00+09:00,1475.907958984375,1475.907958984375,1475.907958984375,1475.907958984375,0,0.0,0.0
2002-06-26 00:00:00+09:00,1385.361572265625,1385.361572265625,1385.361572265625,1385.361572265625,100,0.0,0.0
2002-06-27 00:00:00+09:00,1484.9625244140625,1484.9625244140625,1484.9625244140625,1484.9625244140625,100,0.0,0.0
2002-06-28 00:00:00+09:00,1484.9625244140625,1484.9625244140625,1484.9625244140625,1484.9625244140625,100,0.0,0.0
2002-07-01 00:00:00+09:00,1484.9625244140625,1484.9625244140625,1484.9625244140625,1484.9625244140625,0,0.0,0.0
2002-07-02 00:00:00+09:00,1484.9625244140625,1484.9625244140625,1484.9625244140625,1484.9625244140625,300,0.0,0.0
2002-07-03 00:00:00+09:00,1475.907958984375,1475.907958984375,1475.907958984375,1475.907958984375,200,0.0,0.0
2002-07-04 00:00:00+09:00,1475.907958984375,1475.907958984375,1475.907958984375,1475.907958984375,200,0.0,0.0
2002-07-05 00:00:00+09:00,1475.907958984375,1475.907958984375,1475.907958984375,1475.907958984375,300,0.0,0.0
2002-07-08 00:00:00+09:00,1475.907958984375,1475.907958984375,1475.907958984375,1475.907958984375,100,0.0,0.0
2002-07-09 00:00:00+09:00,1475.907958984375,1475.907958984375,1475.907958984375,1475.907958984375,100,0.0,0.0
2002-07-10 00:00:00+09:00,1484.9625244140625,1484.9625244140625,1484.9625244140625,1484.9625244140625,200,0.0,0.0
2002-07-11 00:00:00+09:00,1484.9625244140625,1484.9625244140625,1484.9625244140625,1484.9625244140625,200,0.0,0.0
2002-07-12 00:00:00+09:00,1484.9625244140625,1484.9625244140625,1484.9625244140625,1484.9625244140625,300,0.0,0.0
2002-07-15 00:00:00+09:00,1484.9625244140625,1484.9625244140625,1484.9625244140625,1484.9625244140625,300,0.0,0.0
2002-07-16 00:00:00+09:00,1484.9625244140625,1484.9625244140625,1484.9625244140625,1484.9625244140625,400,0.0,0.0
2002-07-17 00:00:00+09:00,1484.9625244140625,1484.9625244140625,1484.9625244140625,1484.9625244140625,400,0.0,0.0
2002-07-18 00:00:00+09:00,1484.9625244140625,1484.9625244140625,1484.9625244140625,1484.9625244140625,500,0.0,0.0
2002-07-19 00:00:00+09:00,1484.9625244140625,1484.9625244140625,1484.9625244140625,1484.9625244140625,0,0.0,0.0
2002-07-22 00:00:00+09:00,1484.9625244140625,1484.9625244140625,1484.9625244140625,1484.9625244140625,0,0.0,0.0
2002-07-23 00:00:00+09:00,1484.9625244140625,1484.9625244140625,1484.9625244140625,1484.9625244140625,0,0.0,0.0
2002-07-24 00:00:00+09:00,1484.9625244140625,1484.9625244140625,1484.9625244140625,1484.9625244140625,0,0.0,0.0
2002-07-25 00:00:00+09:00,1484.9625244140625,1484.9625244140625,1484.9625244140625,1484.9625244140625,0,0.0,0.0
2002-07-26 00:00:00+09:00,1475.907958984375,1475.907958984375,1475.907958984375,1475.907958984375,100,0.0,0.0
2002-07-29 00:00:00+09:00,1466.8533935546875,1466.8533935546875,1466.8533935546875,1466.8533935546875,100,0.0,0.0
2002-07-30 00:00:00+09:00,1466.8533935546875,1466.8533935546875,1466.8533935546875,1466.8533935546875,100,0.0,0.0
2002-07-31 00:00:00+09:00,1475.907958984375,1475.907958984375,1475.907958984375,1475.907958984375,100,0.0,0.0
2002-08-01 00:00:00+09:00,1475.907958984375,1475.907958984375,1475.907958984375,1475.907958984375,0,0.0,0.0
2002-08-02 00:00:00+09:00,1475.907958984375,1475.907958984375,1475.907958984375,1475.907958984375,100,0.0,0.0
2002-08-05 00:00:00+09:00,1385.361382561761,1385.361382561761,1340.088134765625,1340.088134765625,200,0.0,0.0
2002-08-06 00:00:00+09:00,1385.361572265625,1385.361572265625,1385.361572265625,1385.361572265625,100,0.0,0.0
2002-08-07 00:00:00+09:00,1385.361572265625,1385.361572265625,1385.361572265625,1385.361572265625,0,0.0,0.0
2002-08-08 00:00:00+09:00,1385.361572265625,1385.361572265625,1385.361572265625,1385.361572265625,0,0.0,0.0
2002-08-09 00:00:00+09:00,1385.361572265625,1385.361572265625,1385.361572265625,1385.361572265625,0,0.0,0.0
2002-08-12 00:00:00+09:00,1349.14306640625,1349.14306640625,1349.14306640625,1349.14306640625,200,0.0,0.0
2002-08-13 00:00:00+09:00,1349.14306640625,1349.14306640625,1349.14306640625,1349.14306640625,200,0.0,0.0
2002-08-14 00:00:00+09:00,1349.14306640625,1349.14306640625,1349.14306640625,1349.14306640625,100,0.0,0.0
2002-08-15 00:00:00+09:00,1349.14306640625,1349.14306640625,1349.14306640625,1349.14306640625,100,0.0,0.0
2002-08-16 00:00:00+09:00,1484.9625244140625,1484.9625244140625,1484.9625244140625,1484.9625244140625,200,0.0,0.0
2002-08-19 00:00:00+09:00,1539.29052734375,1539.29052734375,1539.29052734375,1539.29052734375,200,0.0,0.0
2002-08-20 00:00:00+09:00,1539.29052734375,1539.29052734375,1539.29052734375,1539.29052734375,0,0.0,0.0
2002-08-21 00:00:00+09:00,1539.29052734375,1539.29052734375,1539.29052734375,1539.29052734375,0,0.0,0.0
2002-08-22 00:00:00+09:00,1539.29052734375,1539.29052734375,1539.29052734375,1539.29052734375,0,0.0,0.0
2002-08-23 00:00:00+09:00,1539.29052734375,1539.29052734375,1539.29052734375,1539.29052734375,0,0.0,0.0
2002-08-26 00:00:00+09:00,1539.29052734375,1539.29052734375,1539.29052734375,1539.29052734375,100,0.0,0.0
2002-08-27 00:00:00+09:00,1539.29052734375,1539.29052734375,1539.29052734375,1539.29052734375,100,0.0,0.0
2002-08-28 00:00:00+09:00,1512.1265869140625,1512.1265869140625,1512.1265869140625,1512.1265869140625,100,0.0,0.0
2002-08-29 00:00:00+09:00,1512.1265869140625,1512.1265869140625,1512.1265869140625,1512.1265869140625,0,0.0,0.0
2002-08-30 00:00:00+09:00,1512.1265869140625,1512.1265869140625,1512.1265869140625,1512.1265869140625,0,0.0,0.0
2002-09-02 00:00:00+09:00,1448.7440776209678,1448.7440776209678,1276.7057184034777,1403.4708251953125,600,0.0,0.0
2002-09-03 00:00:00+09:00,1439.6893310546875,1439.6893310546875,1439.6893310546875,1439.6893310546875,100,0.0,0.0
2002-09-04 00:00:00+09:00,1439.6893310546875,1439.6893310546875,1439.6893310546875,1439.6893310546875,0,0.0,0.0
2002-09-05 00:00:00+09:00,1439.6893310546875,1439.6893310546875,1439.6893310546875,1439.6893310546875,0,0.0,0.0
2002-09-06 00:00:00+09:00,1439.6893310546875,1439.6893310546875,1439.6893310546875,1439.6893310546875,0,0.0,0.0
2002-09-09 00:00:00+09:00,1258.5962600708008,1303.8695068359375,1258.5962600708008,1303.8695068359375,300,0.0,0.0
2002-09-10 00:00:00+09:00,1213.323013305664,1303.8695068359375,1213.323013305664,1303.8695068359375,400,0.0,0.0
2002-09-11 00:00:00+09:00,1439.6893310546875,1439.6893310546875,1439.6893310546875,1439.6893310546875,100,0.0,0.0
2002-09-12 00:00:00+09:00,1430.634765625,1430.634765625,1430.634765625,1430.634765625,100,0.0,0.0
2002-09-13 00:00:00+09:00,1439.6893310546875,1439.6893310546875,1439.6893310546875,1439.6893310546875,200,0.0,0.0
2002-09-16 00:00:00+09:00,1439.6893310546875,1439.6893310546875,1439.6893310546875,1439.6893310546875,0,0.0,0.0
2002-09-17 00:00:00+09:00,1448.7440185546875,1448.7440185546875,1448.7440185546875,1448.7440185546875,200,0.0,0.0
2002-09-18 00:00:00+09:00,1448.7440185546875,1448.7440185546875,1448.7440185546875,1448.7440185546875,200,0.0,0.0
2002-09-19 00:00:00+09:00,1448.7440185546875,1448.7440185546875,1448.7440185546875,1448.7440185546875,0,0.0,0.0
2002-09-20 00:00:00+09:00,1358.1973876953125,1358.1973876953125,1358.1973876953125,1358.1973876953125,100,0.0,0.0
2002-09-23 00:00:00+09:00,1358.1973876953125,1358.1973876953125,1358.1973876953125,1358.1973876953125,0,0.0,0.0
2002-09-24 00:00:00+09:00,1358.1973876953125,1358.1973876953125,1358.1973876953125,1358.1973876953125,0,0.0,0.0
2002-09-25 00:00:00+09:00,1358.1973876953125,1358.1973876953125,1358.1973876953125,1358.1973876953125,0,0.0,0.0
2002-09-26 00:00:00+09:00,1403.4708251953125,1403.4708251953125,1403.4708251953125,1403.4708251953125,100,0.0,0.0
2002-09-27 00:00:00+09:00,1394.4158935546875,1394.4158935546875,1394.4158935546875,1394.4158935546875,100,0.0,0.0
2002-09-30 00:00:00+09:00,1385.361572265625,1385.361572265625,1385.361572265625,1385.361572265625,100,0.0,0.0
2002-10-01 00:00:00+09:00,1385.3614309650577,1385.3614309650577,1276.7056324579944,1321.9788818359375,300,0.0,0.0
2002-10-02 00:00:00+09:00,1394.4158935546875,1394.4158935546875,1394.4158935546875,1394.4158935546875,100,0.0,0.0
2002-10-03 00:00:00+09:00,1231.4325548537236,1276.705810546875,1231.4325548537236,1276.705810546875,200,0.0,0.0
2002-10-04 00:00:00+09:00,1276.705810546875,1276.705810546875,1276.705810546875,1276.705810546875,0,0.0,0.0
2002-10-07 00:00:00+09:00,1276.705810546875,1276.705810546875,1276.705810546875,1276.705810546875,0,0.0,0.0
2002-10-08 00:00:00+09:00,1276.705810546875,1276.705810546875,1276.705810546875,1276.705810546875,0,0.0,0.0
2002-10-09 00:00:00+09:00,1276.705810546875,1276.705810546875,1276.705810546875,1276.705810546875,0,0.0,0.0
2002-10-10 00:00:00+09:00,1321.9788818359375,1321.9788818359375,1321.9788818359375,1321.9788818359375,100,0.0,0.0
2002-10-11 00:00:00+09:00,1267.6510009765625,1267.6510009765625,1267.6510009765625,1267.6510009765625,100,0.0,0.0
2002-10-14 00:00:00+09:00,1267.6510009765625,1267.6510009765625,1267.6510009765625,1267.6510009765625,0,0.0,0.0
2002-10-15 00:00:00+09:00,1267.6510009765625,1267.6510009765625,1267.6510009765625,1267.6510009765625,200,0.0,0.0
2002-10-16 00:00:00+09:00,1267.6510597511574,1267.6510597511574,1131.8313033492477,1222.3778076171875,600,0.0,0.0
2002-10-17 00:00:00+09:00,1267.6510009765625,1267.6510009765625,1267.6510009765625,1267.6510009765625,300,0.0,0.0
2002-10-18 00:00:00+09:00,1267.6510009765625,1267.6510009765625,1267.6510009765625,1267.6510009765625,500,0.0,0.0
2002-10-21 00:00:00+09:00,1177.104500906808,1267.6510009765625,1177.104500906808,1267.6510009765625,200,0.0,0.0
2002-10-22 00:00:00+09:00,1267.6510009765625,1267.6510009765625,1267.6510009765625,1267.6510009765625,0,0.0,0.0
2002-10-23 00:00:00+09:00,1267.6510009765625,1267.6510009765625,1267.6510009765625,1267.6510009765625,0,0.0,0.0
2002-10-24 00:00:00+09:00,1267.6510009765625,1267.6510009765625,1267.6510009765625,1267.6510009765625,0,0.0,0.0
2002-10-25 00:00:00+09:00,1267.6510009765625,1267.6510009765625,1267.6510009765625,1267.6510009765625,0,0.0,0.0
2002-10-28 00:00:00+09:00,1267.6510009765625,1267.6510009765625,1267.6510009765625,1267.6510009765625,100,0.0,0.0
2002-10-29 00:00:00+09:00,1267.6510009765625,1267.6510009765625,1267.6510009765625,1267.6510009765625,100,0.0,0.0
2002-10-30 00:00:00+09:00,1267.6510009765625,1267.6510009765625,1267.6510009765625,1267.6510009765625,100,0.0,0.0
2002-10-31 00:00:00+09:00,1267.6510009765625,1267.6510009765625,1267.6510009765625,1267.6510009765625,100,0.0,0.0
2002-11-01 00:00:00+09:00,1267.6510009765625,1267.6510009765625,1267.6510009765625,1267.6510009765625,0,0.0,0.0
2002-11-04 00:00:00+09:00,1267.6510009765625,1267.6510009765625,1267.6510009765625,1267.6510009765625,0,0.0,0.0
2002-11-05 00:00:00+09:00,1267.6510009765625,1267.6510009765625,1267.6510009765625,1267.6510009765625,100,0.0,0.0
2002-11-06 00:00:00+09:00,1267.6510009765625,1267.6510009765625,1267.6510009765625,1267.6510009765625,0,0.0,0.0
2002-11-07 00:00:00+09:00,1267.6510009765625,1267.6510009765625,1267.6510009765625,1267.6510009765625,0,0.0,0.0
2002-11-08 00:00:00+09:00,1267.6510009765625,1267.6510009765625,1267.6510009765625,1267.6510009765625,0,0.0,0.0
2002-11-11 00:00:00+09:00,1267.6510009765625,1267.6510009765625,1267.6510009765625,1267.6510009765625,200,0.0,0.0
2002-11-12 00:00:00+09:00,1267.6510009765625,1267.6510009765625,1267.6510009765625,1267.6510009765625,200,0.0,0.0
2002-11-13 00:00:00+09:00,1267.6510009765625,1267.6510009765625,1267.6510009765625,1267.6510009765625,200,0.0,0.0
2002-11-14 00:00:00+09:00,1267.6510009765625,1267.6510009765625,1267.6510009765625,1267.6510009765625,100,0.0,0.0
2002-11-15 00:00:00+09:00,1267.6510009765625,1267.6510009765625,1267.6510009765625,1267.6510009765625,100,0.0,0.0
2002-11-18 00:00:00+09:00,1358.1973876953125,1358.1973876953125,1358.1973876953125,1358.1973876953125,200,0.0,0.0
2002-11-19 00:00:00+09:00,1358.1973876953125,1358.1973876953125,1358.1973876953125,1358.1973876953125,100,0.0,0.0
2002-11-20 00:00:00+09:00,1358.1973876953125,1358.1973876953125,1358.1973876953125,1358.1973876953125,0,0.0,0.0
2002-11-21 00:00:00+09:00,1358.1973876953125,1358.1973876953125,1358.1973876953125,1358.1973876953125,0,0.0,0.0
2002-11-22 00:00:00+09:00,1358.1973876953125,1358.1973876953125,1358.1973876953125,1358.1973876953125,0,0.0,0.0
2002-11-25 00:00:00+09:00,1358.1973876953125,1358.1973876953125,1358.1973876953125,1358.1973876953125,0,0.0,0.0
2002-11-26 00:00:00+09:00,1358.197717858641,1358.197717858641,1349.14306640625,1349.14306640625,300,0.0,0.0
2002-11-27 00:00:00+09:00,1358.1973876953125,1358.1973876953125,1358.1973876953125,1358.1973876953125,100,0.0,0.0
2002-11-28 00:00:00+09:00,1448.7440185546875,1448.7440185546875,1448.7440185546875,1448.7440185546875,100,0.0,0.0
2002-11-29 00:00:00+09:00,1484.9625244140625,1484.9625244140625,1484.9625244140625,1484.9625244140625,100,0.0,0.0
2002-12-02 00:00:00+09:00,1484.9625244140625,1484.9625244140625,1484.9625244140625,1484.9625244140625,0,0.0,0.0
2002-12-03 00:00:00+09:00,1484.9625244140625,1484.9625244140625,1484.9625244140625,1484.9625244140625,100,0.0,0.0
2002-12-04 00:00:00+09:00,1303.8695068359375,1303.8695068359375,1303.8695068359375,1303.8695068359375,100,0.0,0.0
2002-12-05 00:00:00+09:00,1376.306884765625,1376.306884765625,1376.306884765625,1376.306884765625,100,0.0,0.0
2002-12-06 00:00:00+09:00,1484.9625244140625,1484.9625244140625,1484.9625244140625,1484.9625244140625,100,0.0,0.0
2002-12-09 00:00:00+09:00,1484.9625244140625,1484.9625244140625,1484.9625244140625,1484.9625244140625,100,0.0,0.0
2002-12-10 00:00:00+09:00,1711.3287353515625,1711.3287353515625,1711.3287353515625,1711.3287353515625,300,0.0,0.0
2002-12-11 00:00:00+09:00,1675.1102294921875,1675.1102294921875,1675.1102294921875,1675.1102294921875,300,0.0,0.0
2002-12-12 00:00:00+09:00,2127.8427734375,2127.8427734375,2127.8427734375,2127.8427734375,300,0.0,0.0
2002-12-13 00:00:00+09:00,1494.0172691345215,1494.0172691345215,1448.7440185546875,1448.7440185546875,600,0.0,0.0
2002-12-16 00:00:00+09:00,1494.0173300466229,1494.0173300466229,1403.4708251953125,1403.4708251953125,200,0.0,0.0
2002-12-17 00:00:00+09:00,1539.29052734375,1539.29052734375,1539.29052734375,1539.29052734375,100,0.0,0.0
2002-12-18 00:00:00+09:00,1539.29052734375,1539.29052734375,1539.29052734375,1539.29052734375,0,0.0,0.0
2002-12-19 00:00:00+09:00,1539.29052734375,1539.29052734375,1539.29052734375,1539.29052734375,0,0.0,0.0
2002-12-20 00:00:00+09:00,1222.3779037150932,1276.705810546875,1222.3779037150932,1276.705810546875,500,0.0,0.0
2002-12-23 00:00:00+09:00,1276.705810546875,1276.705810546875,1276.705810546875,1276.705810546875,0,0.0,0.0
2002-12-24 00:00:00+09:00,1131.8313598632812,1177.1046142578125,1086.55810546875,1177.1046142578125,500,0.0,0.0
2002-12-25 00:00:00+09:00,1131.8312327067058,1177.104482014974,1086.5579833984375,1086.5579833984375,300,0.0,0.0
2002-12-26 00:00:00+09:00,1222.3778076171875,1222.3778076171875,1222.3778076171875,1222.3778076171875,100,0.0,0.0
2002-12-27 00:00:00+09:00,1267.6510009765625,1267.6510009765625,1267.6510009765625,1267.6510009765625,100,0.0,0.0
2002-12-30 00:00:00+09:00,1403.4708251953125,1403.4708251953125,1403.4708251953125,1403.4708251953125,100,0.0,0.0
2002-12-31 00:00:00+09:00,1403.4708251953125,1403.4708251953125,1403.4708251953125,1403.4708251953125,0,0.0,0.0
2003-01-01 00:00:00+09:00,1403.4708251953125,1403.4708251953125,1403.4708251953125,1403.4708251953125,0,0.0,0.0
2003-01-02 00:00:00+09:00,1403.4708251953125,1403.4708251953125,1403.4708251953125,1403.4708251953125,0,0.0,0.0
2003-01-03 00:00:00+09:00,1403.4708251953125,1403.4708251953125,1403.4708251953125,1403.4708251953125,0,0.0,0.0
2003-01-06 00:00:00+09:00,1403.4708251953125,1403.4708251953125,1403.4708251953125,1403.4708251953125,100,0.0,0.0
2003-01-07 00:00:00+09:00,1448.7440185546875,1448.7440185546875,1448.7440185546875,1448.7440185546875,200,0.0,0.0
2003-01-08 00:00:00+09:00,1276.705810546875,1276.705810546875,1276.705810546875,1276.705810546875,100,0.0,0.0
2003-01-09 00:00:00+09:00,1276.705810546875,1276.705810546875,1276.705810546875,1276.705810546875,0,0.0,0.0
2003-01-10 00:00:00+09:00,1367.2520751953125,1367.2520751953125,1367.2520751953125,1367.2520751953125,200,0.0,0.0
2003-01-13 00:00:00+09:00,1367.2520751953125,1367.2520751953125,1367.2520751953125,1367.2520751953125,0,0.0,0.0
2003-01-14 00:00:00+09:00,1412.525390625,1412.525390625,1412.525390625,1412.525390625,300,0.0,0.0
2003-01-15 00:00:00+09:00,1865.2579345703125,1865.2579345703125,1865.2579345703125,1865.2579345703125,200,0.0,0.0
2003-01-16 00:00:00+09:00,1865.2579345703125,1865.2579345703125,1865.2579345703125,1865.2579345703125,300,0.0,0.0
2003-01-17 00:00:00+09:00,1946.749755859375,1946.749755859375,1946.749755859375,1946.749755859375,100,0.0,0.0
2003-01-20 00:00:00+09:00,1946.749755859375,1946.749755859375,1946.749755859375,1946.749755859375,0,0.0,0.0
2003-01-21 00:00:00+09:00,1946.749755859375,1946.749755859375,1946.749755859375,1946.749755859375,0,0.0,0.0
2003-01-22 00:00:00+09:00,1946.749755859375,1946.749755859375,1946.749755859375,1946.749755859375,0,0.0,0.0
2003-01-23 00:00:00+09:00,1946.749755859375,1946.749755859375,1946.749755859375,1946.749755859375,0,0.0,0.0
2003-01-24 00:00:00+09:00,1946.749755859375,1946.749755859375,1946.749755859375,1946.749755859375,0,0.0,0.0
2003-01-27 00:00:00+09:00,1856.203369140625,1856.203369140625,1856.203369140625,1856.203369140625,100,0.0,0.0
2003-01-28 00:00:00+09:00,1856.203369140625,1856.203369140625,1856.203369140625,1856.203369140625,100,0.0,0.0
2003-01-29 00:00:00+09:00,1810.9298095703125,1810.9298095703125,1810.9298095703125,1810.9298095703125,100,0.0,0.0
2003-01-30 00:00:00+09:00,1810.9298095703125,1810.9298095703125,1810.9298095703125,1810.9298095703125,0,0.0,0.0
2003-01-31 00:00:00+09:00,1810.9298095703125,1810.9298095703125,1810.9298095703125,1810.9298095703125,0,0.0,0.0
2003-02-03 00:00:00+09:00,1810.9298095703125,1810.9298095703125,1810.9298095703125,1810.9298095703125,0,0.0,0.0
2003-02-04 00:00:00+09:00,1829.039306640625,1829.039306640625,1829.039306640625,1829.039306640625,100,0.0,0.0
2003-02-05 00:00:00+09:00,1829.039306640625,1829.039306640625,1829.039306640625,1829.039306640625,100,0.0,0.0
2003-02-06 00:00:00+09:00,1829.039306640625,1829.039306640625,1829.039306640625,1829.039306640625,0,0.0,0.0
2003-02-07 00:00:00+09:00,1829.039306640625,1829.039306640625,1829.039306640625,1829.039306640625,0,0.0,0.0
2003-02-10 00:00:00+09:00,1819.984619140625,1819.984619140625,1819.984619140625,1819.984619140625,200,0.0,0.0
2003-02-11 00:00:00+09:00,1819.984619140625,1819.984619140625,1819.984619140625,1819.984619140625,0,0.0,0.0
2003-02-12 00:00:00+09:00,1819.984619140625,1819.984619140625,1819.984619140625,1819.984619140625,100,0.0,0.0
2003-02-13 00:00:00+09:00,1819.984619140625,1819.984619140625,1819.984619140625,1819.984619140625,100,0.0,0.0
2003-02-14 00:00:00+09:00,1829.039306640625,1829.039306640625,1829.039306640625,1829.039306640625,100,0.0,0.0
2003-02-17 00:00:00+09:00,1829.039306640625,1829.039306640625,1829.039306640625,1829.039306640625,100,0.0,0.0
2003-02-18 00:00:00+09:00,1819.984619140625,1819.984619140625,1819.984619140625,1819.984619140625,100,0.0,0.0
2003-02-19 00:00:00+09:00,1638.8916015625,1638.8916015625,1638.8916015625,1638.8916015625,100,0.0,0.0
2003-02-20 00:00:00+09:00,1638.8916015625,1638.8916015625,1638.8916015625,1638.8916015625,0,0.0,0.0
2003-02-21 00:00:00+09:00,1638.8916015625,1638.8916015625,1638.8916015625,1638.8916015625,0,0.0,0.0
2003-02-24 00:00:00+09:00,1638.8916015625,1638.8916015625,1638.8916015625,1638.8916015625,0,0.0,0.0
2003-02-25 00:00:00+09:00,1638.8916015625,1638.8916015625,1638.8916015625,1638.8916015625,0,0.0,0.0
2003-02-26 00:00:00+09:00,1829.039306640625,1829.039306640625,1829.039306640625,1829.039306640625,100,0.0,0.0
2003-02-27 00:00:00+09:00,1810.9298095703125,1810.9298095703125,1810.9298095703125,1810.9298095703125,100,0.0,0.0
2003-02-28 00:00:00+09:00,1801.875244140625,1801.875244140625,1801.875244140625,1801.875244140625,100,0.0,0.0
2003-03-03 00:00:00+09:00,1829.039306640625,1829.039306640625,1829.039306640625,1829.039306640625,100,0.0,0.0
2003-03-04 00:00:00+09:00,1829.039306640625,1829.039306640625,1829.039306640625,1829.039306640625,100,0.0,0.0
2003-03-05 00:00:00+09:00,1539.2904811549831,1675.1102294921875,1539.2904811549831,1675.1102294921875,200,0.0,0.0
2003-03-06 00:00:00+09:00,1675.1102294921875,1675.1102294921875,1675.1102294921875,1675.1102294921875,100,0.0,0.0
2003-03-07 00:00:00+09:00,1675.1102294921875,1675.1102294921875,1675.1102294921875,1675.1102294921875,100,0.0,0.0
2003-03-10 00:00:00+09:00,1856.203369140625,1856.203369140625,1856.203369140625,1856.203369140625,100,0.0,0.0
2003-03-11 00:00:00+09:00,1883.3671875,1883.3671875,1883.3671875,1883.3671875,100,0.0,0.0
2003-03-12 00:00:00+09:00,1819.984619140625,1819.984619140625,1819.984619140625,1819.984619140625,100,0.0,0.0
2003-03-13 00:00:00+09:00,1856.203369140625,1856.203369140625,1856.203369140625,1856.203369140625,100,0.0,0.0
2003-03-14 00:00:00+09:00,1819.984619140625,1819.984619140625,1819.984619140625,1819.984619140625,100,0.0,0.0
2003-03-17 00:00:00+09:00,1856.203369140625,1856.203369140625,1856.203369140625,1856.203369140625,200,0.0,0.0
2003-03-18 00:00:00+09:00,1856.203369140625,1856.203369140625,1856.203369140625,1856.203369140625,0,0.0,0.0
2003-03-19 00:00:00+09:00,1856.203369140625,1856.203369140625,1856.203369140625,1856.203369140625,0,0.0,0.0
2003-03-20 00:00:00+09:00,1856.203369140625,1856.203369140625,1856.203369140625,1856.203369140625,0,0.0,0.0
2003-03-21 00:00:00+09:00,1856.203369140625,1856.203369140625,1856.203369140625,1856.203369140625,0,0.0,0.0
2003-03-24 00:00:00+09:00,1946.749755859375,1946.749755859375,1946.749755859375,1946.749755859375,100,0.0,0.0
2003-03-25 00:00:00+09:00,1946.749755859375,1946.749755859375,1946.749755859375,1946.749755859375,0,0.0,0.0
2003-03-26 00:00:00+09:00,1946.749755859375,1946.749755859375,1946.749755859375,1946.749755859375,100,0.0,0.0
2003-03-27 00:00:00+09:00,1937.6953164805536,1937.6953164805536,1666.0557861328125,1666.0557861328125,200,0.0,0.0
2003-03-28 00:00:00+09:00,1847.1485595703125,1847.1485595703125,1847.1485595703125,1847.1485595703125,100,0.0,0.0
2003-03-31 00:00:00+09:00,1847.1485595703125,1847.1485595703125,1847.1485595703125,1847.1485595703125,0,0.0,0.0
2003-04-01 00:00:00+09:00,1847.1485595703125,1847.1485595703125,1847.1485595703125,1847.1485595703125,0,0.0,0.0
2003-04-02 00:00:00+09:00,1946.749755859375,1946.749755859375,1946.749755859375,1946.749755859375,100,0.0,0.0
2003-04-03 00:00:00+09:00,1892.4219970703125,1892.4219970703125,1892.4219970703125,1892.4219970703125,100,0.0,0.0
2003-04-04 00:00:00+09:00,1892.4219970703125,1892.4219970703125,1892.4219970703125,1892.4219970703125,0,0.0,0.0
2003-04-07 00:00:00+09:00,1892.4219970703125,1892.4219970703125,1892.4219970703125,1892.4219970703125,0,0.0,0.0
2003-04-08 00:00:00+09:00,1901.4764404296875,1901.4764404296875,1901.4764404296875,1901.4764404296875,200,0.0,0.0
2003-04-09 00:00:00+09:00,1901.4764404296875,1901.4764404296875,1901.4764404296875,1901.4764404296875,0,0.0,0.0
2003-04-10 00:00:00+09:00,1901.4764404296875,1901.4764404296875,1901.4764404296875,1901.4764404296875,100,0.0,0.0
2003-04-11 00:00:00+09:00,1901.4764404296875,1901.4764404296875,1901.4764404296875,1901.4764404296875,100,0.0,0.0
2003-04-14 00:00:00+09:00,1901.4764404296875,1901.4764404296875,1901.4764404296875,1901.4764404296875,100,0.0,0.0
2003-04-15 00:00:00+09:00,1892.4219970703125,1892.4219970703125,1892.4219970703125,1892.4219970703125,100,0.0,0.0
2003-04-16 00:00:00+09:00,1937.6953125,1937.6953125,1937.6953125,1937.6953125,100,0.0,0.0
2003-04-17 00:00:00+09:00,1946.749755859375,1946.749755859375,1946.749755859375,1946.749755859375,200,0.0,0.0
2003-04-18 00:00:00+09:00,1946.749755859375,1946.749755859375,1946.749755859375,1946.749755859375,0,0.0,0.0
2003-04-21 00:00:00+09:00,1946.749755859375,1946.749755859375,1946.749755859375,1946.749755859375,0,0.0,0.0
2003-04-22 00:00:00+09:00,1946.749755859375,1946.749755859375,1946.749755859375,1946.749755859375,0,0.0,0.0
2003-04-23 00:00:00+09:00,1946.749755859375,1946.749755859375,1946.749755859375,1946.749755859375,0,0.0,0.0
2003-04-24 00:00:00+09:00,1946.749755859375,1946.749755859375,1946.749755859375,1946.749755859375,0,0.0,0.0
2003-04-25 00:00:00+09:00,1946.749755859375,1946.749755859375,1946.749755859375,1946.749755859375,0,0.0,0.0
2003-04-28 00:00:00+09:00,1901.4764404296875,1901.4764404296875,1901.4764404296875,1901.4764404296875,100,0.0,0.0
2003-04-29 00:00:00+09:00,1901.4764404296875,1901.4764404296875,1901.4764404296875,1901.4764404296875,0,0.0,0.0
2003-04-30 00:00:00+09:00,1892.4219970703125,1892.4219970703125,1892.4219970703125,1892.4219970703125,100,0.0,0.0
2003-05-01 00:00:00+09:00,1801.875244140625,1801.875244140625,1801.875244140625,1801.875244140625,100,0.0,0.0
2003-05-02 00:00:00+09:00,1810.9298095703125,1810.9298095703125,1810.9298095703125,1810.9298095703125,100,0.0,0.0
2003-05-05 00:00:00+09:00,1810.9298095703125,1810.9298095703125,1810.9298095703125,1810.9298095703125,0,0.0,0.0
2003-05-06 00:00:00+09:00,1629.8370361328125,1629.8370361328125,1629.8370361328125,1629.8370361328125,500,0.0,0.0
2003-05-07 00:00:00+09:00,1629.8370361328125,1629.8370361328125,1629.8370361328125,1629.8370361328125,0,0.0,0.0
2003-05-08 00:00:00+09:00,1539.290534125434,1629.8370361328125,1539.290534125434,1629.8370361328125,500,0.0,0.0
2003-05-09 00:00:00+09:00,1629.8370361328125,1629.8370361328125,1629.8370361328125,1629.8370361328125,200,0.0,0.0
2003-05-12 00:00:00+09:00,1666.0557861328125,1666.0557861328125,1666.0557861328125,1666.0557861328125,100,0.0,0.0
2003-05-13 00:00:00+09:00,1702.274169921875,1702.274169921875,1702.274169921875,1702.274169921875,100,0.0,0.0
2003-05-14 00:00:00+09:00,1702.274169921875,1702.274169921875,1702.274169921875,1702.274169921875,100,0.0,0.0
2003-05-15 00:00:00+09:00,1620.7823486328125,1620.7823486328125,1620.7823486328125,1620.7823486328125,100,0.0,0.0
2003-05-16 00:00:00+09:00,1657.0009765625,1657.0009765625,1657.0009765625,1657.0009765625,200,0.0,0.0
2003-05-19 00:00:00+09:00,1629.8370361328125,1629.8370361328125,1629.8370361328125,1629.8370361328125,200,0.0,0.0
2003-05-20 00:00:00+09:00,1629.8370361328125,1629.8370361328125,1629.8370361328125,1629.8370361328125,0,0.0,0.0
2003-05-21 00:00:00+09:00,1629.8370361328125,1629.8370361328125,1629.8370361328125,1629.8370361328125,0,0.0,0.0
2003-05-22 00:00:00+09:00,1629.8370361328125,1629.8370361328125,1629.8370361328125,1629.8370361328125,0,0.0,0.0
2003-05-23 00:00:00+09:00,1629.8370361328125,1629.8370361328125,1629.8370361328125,1629.8370361328125,0,0.0,0.0
2003-05-26 00:00:00+09:00,1620.7823486328125,1620.7823486328125,1620.7823486328125,1620.7823486328125,200,0.0,0.0
2003-05-27 00:00:00+09:00,1620.7823486328125,1620.7823486328125,1620.7823486328125,1620.7823486328125,200,0.0,0.0
2003-05-28 00:00:00+09:00,1620.7823486328125,1620.7823486328125,1620.7823486328125,1620.7823486328125,100,0.0,0.0
2003-05-29 00:00:00+09:00,1620.7823486328125,1620.7823486328125,1620.7823486328125,1620.7823486328125,0,0.0,0.0
2003-05-30 00:00:00+09:00,1620.7823486328125,1620.7823486328125,1620.7823486328125,1620.7823486328125,0,0.0,0.0
2003-06-02 00:00:00+09:00,1620.7823486328125,1620.7823486328125,1620.7823486328125,1620.7823486328125,0,0.0,0.0
2003-06-03 00:00:00+09:00,1602.6729736328125,1602.6729736328125,1602.6729736328125,1602.6729736328125,100,0.0,0.0
2003-06-04 00:00:00+09:00,1466.8533935546875,1475.9080441321855,1421.5801406671972,1466.8533935546875,500,0.0,0.0
2003-06-05 00:00:00+09:00,1466.8533935546875,1466.8533935546875,1466.8533935546875,1466.8533935546875,600,0.0,0.0
2003-06-06 00:00:00+09:00,1466.8533935546875,1466.8533935546875,1466.8533935546875,1466.8533935546875,200,0.0,0.0
2003-06-09 00:00:00+09:00,1466.8533935546875,1466.8533935546875,1466.8533935546875,1466.8533935546875,200,0.0,0.0
2003-06-10 00:00:00+09:00,1647.9464111328125,1647.9464111328125,1647.9464111328125,1647.9464111328125,100,0.0,0.0
2003-06-11 00:00:00+09:00,1575.509033203125,1575.509033203125,1575.509033203125,1575.509033203125,100,0.0,0.0
2003-06-12 00:00:00+09:00,1575.509033203125,1575.509033203125,1575.509033203125,1575.509033203125,100,0.0,0.0
2003-06-13 00:00:00+09:00,1647.9464111328125,1647.9464111328125,1647.9464111328125,1647.9464111328125,100,0.0,0.0
2003-06-16 00:00:00+09:00,1638.8916015625,1638.8916015625,1638.8916015625,1638.8916015625,200,0.0,0.0
2003-06-17 00:00:00+09:00,1620.7823486328125,1620.7823486328125,1620.7823486328125,1620.7823486328125,100,0.0,0.0
2003-06-18 00:00:00+09:00,1620.7823486328125,1620.7823486328125,1620.7823486328125,1620.7823486328125,0,0.0,0.0
2003-06-19 00:00:00+09:00,1620.7823486328125,1620.7823486328125,1620.7823486328125,1620.7823486328125,0,0.0,0.0
2003-06-20 00:00:00+09:00,1620.7823486328125,1620.7823486328125,1620.7823486328125,1620.7823486328125,0,0.0,0.0
2003-06-23 00:00:00+09:00,1484.9625901442307,1530.23583984375,1484.9625901442307,1530.23583984375,200,0.0,0.0
2003-06-24 00:00:00+09:00,1530.23583984375,1530.23583984375,1530.23583984375,1530.23583984375,0,0.0,0.0
2003-06-25 00:00:00+09:00,1530.23583984375,1530.23583984375,1530.23583984375,1530.23583984375,0,0.0,0.0
2003-06-26 00:00:00+09:00,1575.509033203125,1575.509033203125,1575.509033203125,1575.509033203125,100,0.0,0.0
2003-06-27 00:00:00+09:00,1575.509033203125,1575.509033203125,1575.509033203125,1575.509033203125,100,0.0,0.0
2003-06-30 00:00:00+09:00,1620.7823486328125,1620.7823486328125,1620.7823486328125,1620.7823486328125,100,0.0,0.0
2003-07-01 00:00:00+09:00,1629.8370361328125,1629.8370361328125,1629.8370361328125,1629.8370361328125,100,0.0,0.0
2003-07-02 00:00:00+09:00,1629.8370361328125,1629.8370361328125,1629.8370361328125,1629.8370361328125,400,0.0,0.0
2003-07-03 00:00:00+09:00,1629.8370361328125,1629.8370361328125,1629.8370361328125,1629.8370361328125,300,0.0,0.0
2003-07-04 00:00:00+09:00,1629.8370361328125,1629.8370361328125,1629.8370361328125,1629.8370361328125,100,0.0,0.0
2003-07-07 00:00:00+09:00,1629.8370361328125,1629.8370361328125,1629.8370361328125,1629.8370361328125,100,0.0,0.0
2003-07-08 00:00:00+09:00,1629.8370361328125,1629.8370361328125,1629.8370361328125,1629.8370361328125,200,0.0,0.0
2003-07-09 00:00:00+09:00,1629.8370361328125,1629.8370361328125,1629.8370361328125,1629.8370361328125,100,0.0,0.0
2003-07-10 00:00:00+09:00,1629.8370361328125,1629.8370361328125,1629.8370361328125,1629.8370361328125,100,0.0,0.0
2003-07-11 00:00:00+09:00,1629.8370361328125,1629.8370361328125,1629.8370361328125,1629.8370361328125,100,0.0,0.0
2003-07-14 00:00:00+09:00,1747.5474853515625,1747.5474853515625,1747.5474853515625,1747.5474853515625,100,0.0,0.0
2003-07-15 00:00:00+09:00,1765.65673828125,1765.65673828125,1765.65673828125,1765.65673828125,200,0.0,0.0
2003-07-16 00:00:00+09:00,1747.5474853515625,1747.5474853515625,1747.5474853515625,1747.5474853515625,200,0.0,0.0
2003-07-17 00:00:00+09:00,1738.49267578125,1738.49267578125,1738.49267578125,1738.49267578125,100,0.0,0.0
2003-07-18 00:00:00+09:00,1738.49267578125,1738.49267578125,1738.49267578125,1738.49267578125,0,0.0,0.0
2003-07-21 00:00:00+09:00,1738.49267578125,1738.49267578125,1738.49267578125,1738.49267578125,0,0.0,0.0
2003-07-22 00:00:00+09:00,1738.49267578125,1738.49267578125,1738.49267578125,1738.49267578125,0,0.0,0.0
2003-07-23 00:00:00+09:00,1738.49267578125,1738.49267578125,1738.49267578125,1738.49267578125,0,0.0,0.0
2003-07-24 00:00:00+09:00,1738.49267578125,1738.49267578125,1738.49267578125,1738.49267578125,0,0.0,0.0
2003-07-25 00:00:00+09:00,1738.49267578125,1738.49267578125,1738.49267578125,1738.49267578125,0,0.0,0.0
2003-07-28 00:00:00+09:00,1693.2196044921875,1693.2196044921875,1693.2196044921875,1693.2196044921875,100,0.0,0.0
2003-07-29 00:00:00+09:00,1666.0557861328125,1666.0557861328125,1666.0557861328125,1666.0557861328125,100,0.0,0.0
2003-07-30 00:00:00+09:00,1657.0009765625,1657.0009765625,1657.0009765625,1657.0009765625,100,0.0,0.0
2003-07-31 00:00:00+09:00,1657.0009765625,1657.0009765625,1657.0009765625,1657.0009765625,100,0.0,0.0
2003-08-01 00:00:00+09:00,1657.0009765625,1657.0009765625,1657.0009765625,1657.0009765625,0,0.0,0.0
2003-08-04 00:00:00+09:00,1657.0009765625,1657.0009765625,1657.0009765625,1657.0009765625,100,0.0,0.0
2003-08-05 00:00:00+09:00,1521.18115234375,1521.18115234375,1521.18115234375,1521.18115234375,100,0.0,0.0
2003-08-06 00:00:00+09:00,1629.8370361328125,1629.8370361328125,1629.8370361328125,1629.8370361328125,1000,0.0,0.0
2003-08-07 00:00:00+09:00,1629.8370361328125,1629.8370361328125,1629.8370361328125,1629.8370361328125,0,0.0,0.0
2003-08-08 00:00:00+09:00,1629.8370361328125,1629.8370361328125,1629.8370361328125,1629.8370361328125,0,0.0,0.0
2003-08-11 00:00:00+09:00,1629.8370361328125,1629.8370361328125,1629.8370361328125,1629.8370361328125,100,0.0,0.0
2003-08-12 00:00:00+09:00,1620.7823486328125,1620.7823486328125,1620.7823486328125,1620.7823486328125,100,0.0,0.0
2003-08-13 00:00:00+09:00,1629.8370361328125,1629.8370361328125,1629.8370361328125,1629.8370361328125,100,0.0,0.0
2003-08-14 00:00:00+09:00,1647.9464111328125,1647.9464111328125,1647.9464111328125,1647.9464111328125,100,0.0,0.0
2003-08-15 00:00:00+09:00,1647.9464111328125,1647.9464111328125,1647.9464111328125,1647.9464111328125,0,0.0,0.0
2003-08-18 00:00:00+09:00,1647.9463292738972,1647.9463292738972,1539.29052734375,1539.29052734375,300,0.0,0.0
2003-08-19 00:00:00+09:00,1548.3453369140625,1548.3453369140625,1548.3453369140625,1548.3453369140625,100,0.0,0.0
2003-08-20 00:00:00+09:00,1548.3453369140625,1548.3453369140625,1548.3453369140625,1548.3453369140625,0,0.0,0.0
2003-08-21 00:00:00+09:00,1548.3453369140625,1548.3453369140625,1548.3453369140625,1548.3453369140625,0,0.0,0.0
2003-08-22 00:00:00+09:00,1557.399658203125,1557.399658203125,1557.399658203125,1557.399658203125,100,0.0,0.0
2003-08-25 00:00:00+09:00,1557.399658203125,1557.399658203125,1557.399658203125,1557.399658203125,0,0.0,0.0
2003-08-26 00:00:00+09:00,1611.7274169921875,1611.7274169921875,1611.7274169921875,1611.7274169921875,100,0.0,0.0
2003-08-27 00:00:00+09:00,1620.7822992234003,1620.7822992234003,1521.18115234375,1521.18115234375,400,0.0,0.0
2003-08-28 00:00:00+09:00,1521.18115234375,1521.18115234375,1521.18115234375,1521.18115234375,100,0.0,0.0
2003-08-29 00:00:00+09:00,1566.45458984375,1566.45458984375,1566.45458984375,1566.45458984375,100,0.0,0.0
2003-09-01 00:00:00+09:00,1566.45458984375,1566.45458984375,1566.45458984375,1566.45458984375,0,0.0,0.0
2003-09-02 00:00:00+09:00,1611.7278945655153,1611.7278945655153,1548.3453369140625,1548.3453369140625,300,0.0,0.0
2003-09-03 00:00:00+09:00,1548.3453369140625,1548.3453369140625,1548.3453369140625,1548.3453369140625,0,0.0,0.0
2003-09-04 00:00:00+09:00,1548.3453369140625,1548.3453369140625,1548.3453369140625,1548.3453369140625,0,0.0,0.0
2003-09-05 00:00:00+09:00,1548.3453369140625,1548.3453369140625,1548.3453369140625,1548.3453369140625,0,0.0,0.0
2003-09-08 00:00:00+09:00,1548.3453369140625,1548.3453369140625,1548.3453369140625,1548.3453369140625,0,0.0,0.0
2003-09-09 00:00:00+09:00,1548.3453369140625,1548.3453369140625,1548.3453369140625,1548.3453369140625,0,0.0,0.0
2003-09-10 00:00:00+09:00,1593.6184283088237,1593.6184283088237,1539.29052734375,1539.29052734375,200,0.0,0.0
2003-09-11 00:00:00+09:00,1539.29052734375,1539.29052734375,1539.29052734375,1539.29052734375,100,0.0,0.0
2003-09-12 00:00:00+09:00,1539.29052734375,1539.29052734375,1539.29052734375,1539.29052734375,100,0.0,0.0
2003-09-15 00:00:00+09:00,1539.29052734375,1539.29052734375,1539.29052734375,1539.29052734375,0,0.0,0.0
2003-09-16 00:00:00+09:00,1539.29052734375,1539.29052734375,1539.29052734375,1539.29052734375,100,0.0,0.0
2003-09-17 00:00:00+09:00,1530.23583984375,1530.23583984375,1530.23583984375,1530.23583984375,200,0.0,0.0
2003-09-18 00:00:00+09:00,1530.23583984375,1530.23583984375,1530.23583984375,1530.23583984375,200,0.0,0.0
2003-09-19 00:00:00+09:00,1521.18115234375,1521.18115234375,1521.18115234375,1521.18115234375,200,0.0,0.0
2003-09-22 00:00:00+09:00,1521.18115234375,1521.18115234375,1521.18115234375,1521.18115234375,0,0.0,0.0
2003-09-23 00:00:00+09:00,1521.18115234375,1521.18115234375,1521.18115234375,1521.18115234375,0,0.0,0.0
2003-09-24 00:00:00+09:00,1521.18115234375,1521.18115234375,1521.18115234375,1521.18115234375,0,0.0,0.0
2003-09-25 00:00:00+09:00,1484.9625244140625,1484.9625244140625,1484.9625244140625,1484.9625244140625,100,0.0,0.0
2003-09-26 00:00:00+09:00,1575.509033203125,1575.509033203125,1575.509033203125,1575.509033203125,100,0.0,0.0
2003-09-29 00:00:00+09:00,1611.7274169921875,1611.7274169921875,1611.7274169921875,1611.7274169921875,100,0.0,0.0
2003-09-30 00:00:00+09:00,1620.7823486328125,1620.7823486328125,1620.7823486328125,1620.7823486328125,100,0.0,0.0
2003-10-01 00:00:00+09:00,1620.7823486328125,1620.7823486328125,1620.7823486328125,1620.7823486328125,100,0.0,0.0
2003-10-02 00:00:00+09:00,1611.7274169921875,1611.7274169921875,1611.7274169921875,1611.7274169921875,100,0.0,0.0
2003-10-03 00:00:00+09:00,1521.18115234375,1521.18115234375,1521.18115234375,1521.18115234375,200,0.0,0.0
2003-10-06 00:00:00+09:00,1521.18115234375,1521.18115234375,1521.18115234375,1521.18115234375,0,0.0,0.0
2003-10-07 00:00:00+09:00,1521.18115234375,1521.18115234375,1521.18115234375,1521.18115234375,100,0.0,0.0
2003-10-08 00:00:00+09:00,1521.18115234375,1521.18115234375,1521.18115234375,1521.18115234375,0,0.0,0.0
2003-10-09 00:00:00+09:00,1521.18115234375,1521.18115234375,1521.18115234375,1521.18115234375,0,0.0,0.0
2003-10-10 00:00:00+09:00,1584.563720703125,1584.563720703125,1584.563720703125,1584.563720703125,100,0.0,0.0
2003-10-13 00:00:00+09:00,1584.563720703125,1584.563720703125,1584.563720703125,1584.563720703125,0,0.0,0.0
2003-10-14 00:00:00+09:00,1620.7823486328125,1620.7823486328125,1620.7823486328125,1620.7823486328125,100,0.0,0.0
2003-10-15 00:00:00+09:00,1602.672768582119,1611.7274169921875,1602.672768582119,1611.7274169921875,200,0.0,0.0
2003-10-16 00:00:00+09:00,1611.7274169921875,1611.7274169921875,1611.7274169921875,1611.7274169921875,300,0.0,0.0
2003-10-17 00:00:00+09:00,1657.0009765625,1657.0009765625,1657.0009765625,1657.0009765625,200,0.0,0.0
2003-10-20 00:00:00+09:00,1647.9463292738972,1647.9463292738972,1539.29052734375,1539.29052734375,200,0.0,0.0
2003-10-21 00:00:00+09:00,1584.563720703125,1584.563720703125,1584.563720703125,1584.563720703125,100,0.0,0.0
2003-10-22 00:00:00+09:00,1584.563720703125,1584.563720703125,1584.563720703125,1584.563720703125,0,0.0,0.0
2003-10-23 00:00:00+09:00,1584.563720703125,1584.563720703125,1584.563720703125,1584.563720703125,0,0.0,0.0
2003-10-24 00:00:00+09:00,1584.563720703125,1584.563720703125,1584.563720703125,1584.563720703125,0,0.0,0.0
2003-10-27 00:00:00+09:00,1675.1102294921875,1675.1102294921875,1675.1102294921875,1675.1102294921875,100,0.0,0.0
2003-10-28 00:00:00+09:00,1584.563720703125,1584.563720703125,1584.563720703125,1584.563720703125,100,0.0,0.0
2003-10-29 00:00:00+09:00,1584.563720703125,1584.563720703125,1584.563720703125,1584.563720703125,100,0.0,0.0
2003-10-30 00:00:00+09:00,1584.563720703125,1584.563720703125,1584.563720703125,1584.563720703125,0,0.0,0.0
2003-10-31 00:00:00+09:00,1539.29052734375,1539.29052734375,1539.29052734375,1539.29052734375,100,0.0,0.0
2003-11-03 00:00:00+09:00,1539.29052734375,1539.29052734375,1539.29052734375,1539.29052734375,0,0.0,0.0
2003-11-04 00:00:00+09:00,1539.29052734375,1539.29052734375,1539.29052734375,1539.29052734375,0,0.0,0.0
2003-11-05 00:00:00+09:00,1539.29052734375,1539.29052734375,1539.29052734375,1539.29052734375,100,0.0,0.0
2003-11-06 00:00:00+09:00,1539.29052734375,1539.29052734375,1539.29052734375,1539.29052734375,0,0.0,0.0
2003-11-07 00:00:00+09:00,1539.29052734375,1539.29052734375,1539.29052734375,1539.29052734375,0,0.0,0.0
2003-11-10 00:00:00+09:00,1530.23583984375,1530.23583984375,1530.23583984375,1530.23583984375,100,0.0,0.0
2003-11-11 00:00:00+09:00,1530.23583984375,1530.23583984375,1530.23583984375,1530.23583984375,100,0.0,0.0
2003-11-12 00:00:00+09:00,1539.29052734375,1539.29052734375,1539.29052734375,1539.29052734375,100,0.0,0.0
2003-11-13 00:00:00+09:00,1539.29052734375,1539.29052734375,1539.29052734375,1539.29052734375,100,0.0,0.0
2003-11-14 00:00:00+09:00,1539.29052734375,1539.29052734375,1539.29052734375,1539.29052734375,200,0.0,0.0
2003-11-17 00:00:00+09:00,1720.38330078125,1720.38330078125,1720.38330078125,1720.38330078125,200,0.0,0.0
2003-11-18 00:00:00+09:00,1539.29052734375,1539.29052734375,1539.29052734375,1539.29052734375,100,0.0,0.0
2003-11-19 00:00:00+09:00,1539.29052734375,1539.29052734375,1539.29052734375,1539.29052734375,0,0.0,0.0
2003-11-20 00:00:00+09:00,1539.29052734375,1539.29052734375,1539.29052734375,1539.29052734375,0,0.0,0.0
2003-11-21 00:00:00+09:00,1394.416081650452,1439.6893310546875,1394.416081650452,1439.6893310546875,200,0.0,0.0
2003-11-24 00:00:00+09:00,1439.6893310546875,1439.6893310546875,1439.6893310546875,1439.6893310546875,0,0.0,0.0
2003-11-25 00:00:00+09:00,1439.6893310546875,1439.6893310546875,1439.6893310546875,1439.6893310546875,0,0.0,0.0
2003-11-26 00:00:00+09:00,1539.29052734375,1539.29052734375,1539.29052734375,1539.29052734375,100,0.0,0.0
2003-11-27 00:00:00+09:00,1539.2905824722782,1539.2905824722782,1403.4708251953125,1403.4708251953125,200,0.0,0.0
2003-11-28 00:00:00+09:00,1494.01708984375,1494.01708984375,1494.01708984375,1494.01708984375,100,0.0,0.0
2003-12-01 00:00:00+09:00,1494.01708984375,1494.01708984375,1494.01708984375,1494.01708984375,0,0.0,0.0
2003-12-02 00:00:00+09:00,1539.29052734375,1539.29052734375,1539.29052734375,1539.29052734375,100,0.0,0.0
2003-12-03 00:00:00+09:00,1448.7440185546875,1448.7440185546875,1448.7440185546875,1448.7440185546875,100,0.0,0.0
2003-12-04 00:00:00+09:00,1448.7440185546875,1448.7440185546875,1448.7440185546875,1448.7440185546875,0,0.0,0.0
2003-12-05 00:00:00+09:00,1530.23583984375,1530.23583984375,1530.23583984375,1530.23583984375,100,0.0,0.0
2003-12-08 00:00:00+09:00,1620.7823787913603,1620.7823787913603,1539.29052734375,1539.29052734375,200,0.0,0.0
2003-12-09 00:00:00+09:00,1539.29052734375,1539.29052734375,1539.29052734375,1539.29052734375,100,0.0,0.0
2003-12-10 00:00:00+09:00,1530.23583984375,1530.23583984375,1530.23583984375,1530.23583984375,200,0.0,0.0
2003-12-11 00:00:00+09:00,1539.29052734375,1539.29052734375,1539.29052734375,1539.29052734375,200,0.0,0.0
2003-12-12 00:00:00+09:00,1810.9298095703125,1810.9298095703125,1810.9298095703125,1810.9298095703125,200,0.0,0.0
2003-12-15 00:00:00+09:00,1675.1102294921875,1675.1102294921875,1675.1102294921875,1675.1102294921875,200,0.0,0.0
2003-12-16 00:00:00+09:00,1675.1102294921875,1675.1102294921875,1675.1102294921875,1675.1102294921875,200,0.0,0.0
2003-12-17 00:00:00+09:00,1675.1102294921875,1675.1102294921875,1675.1102294921875,1675.1102294921875,100,0.0,0.0
2003-12-18 00:00:00+09:00,1539.29052734375,1539.29052734375,1539.29052734375,1539.29052734375,200,0.0,0.0
2003-12-19 00:00:00+09:00,1539.29052734375,1539.29052734375,1539.29052734375,1539.29052734375,0,0.0,0.0
2003-12-22 00:00:00+09:00,1539.29052734375,1539.29052734375,1539.29052734375,1539.29052734375,0,0.0,0.0
2003-12-23 00:00:00+09:00,1539.29052734375,1539.29052734375,1539.29052734375,1539.29052734375,0,0.0,0.0
2003-12-24 00:00:00+09:00,1539.29052734375,1539.29052734375,1539.29052734375,1539.29052734375,0,0.0,0.0
2003-12-25 00:00:00+09:00,1539.29052734375,1539.29052734375,1539.29052734375,1539.29052734375,0,0.0,0.0
2003-12-26 00:00:00+09:00,1530.23583984375,1530.23583984375,1530.23583984375,1530.23583984375,100,0.0,0.0
2003-12-29 00:00:00+09:00,1539.29052734375,1539.29052734375,1539.29052734375,1539.29052734375,100,0.0,0.0
2003-12-30 00:00:00+09:00,1539.29052734375,1539.29052734375,1539.29052734375,1539.29052734375,100,0.0,0.0
2003-12-31 00:00:00+09:00,1539.29052734375,1539.29052734375,1539.29052734375,1539.29052734375,0,0.0,0.0
2004-01-01 00:00:00+09:00,1539.29052734375,1539.29052734375,1539.29052734375,1539.29052734375,0,0.0,0.0
2004-01-02 00:00:00+09:00,1539.29052734375,1539.29052734375,1539.29052734375,1539.29052734375,0,0.0,0.0
2004-01-05 00:00:00+09:00,1539.29052734375,1539.29052734375,1539.29052734375,1539.29052734375,100,0.0,0.0
2004-01-06 00:00:00+09:00,1539.29052734375,1539.29052734375,1539.29052734375,1539.29052734375,100,0.0,0.0
2004-01-07 00:00:00+09:00,1530.2359475971741,1530.2359475971741,1466.8533935546875,1466.8533935546875,200,0.0,0.0
2004-01-08 00:00:00+09:00,1466.8533935546875,1466.8533935546875,1466.8533935546875,1466.8533935546875,0,0.0,0.0
2004-01-09 00:00:00+09:00,1466.8533935546875,1466.8533935546875,1466.8533935546875,1466.8533935546875,0,0.0,0.0
2004-01-12 00:00:00+09:00,1466.8533935546875,1466.8533935546875,1466.8533935546875,1466.8533935546875,0,0.0,0.0
2004-01-13 00:00:00+09:00,1512.1265869140625,1512.1265869140625,1512.1265869140625,1512.1265869140625,100,0.0,0.0
2004-01-14 00:00:00+09:00,1530.23583984375,1530.23583984375,1530.23583984375,1530.23583984375,100,0.0,0.0
2004-01-15 00:00:00+09:00,1530.23583984375,1530.23583984375,1530.23583984375,1530.23583984375,100,0.0,0.0
2004-01-16 00:00:00+09:00,1720.38330078125,1720.38330078125,1720.38330078125,1720.38330078125,200,0.0,0.0
2004-01-19 00:00:00+09:00,1702.274169921875,1702.274169921875,1702.274169921875,1702.274169921875,200,0.0,0.0
2004-01-20 00:00:00+09:00,1675.110170181188,1675.110170181188,1602.6729736328125,1602.6729736328125,300,0.0,0.0
2004-01-21 00:00:00+09:00,1602.6729736328125,1602.6729736328125,1602.6729736328125,1602.6729736328125,0,0.0,0.0
2004-01-22 00:00:00+09:00,1602.6729736328125,1602.6729736328125,1602.6729736328125,1602.6729736328125,0,0.0,0.0
2004-01-23 00:00:00+09:00,1602.6729736328125,1602.6729736328125,1602.6729736328125,1602.6729736328125,0,0.0,0.0
2004-01-26 00:00:00+09:00,1638.8916015625,1638.8916015625,1638.8916015625,1638.8916015625,100,0.0,0.0
2004-01-27 00:00:00+09:00,1638.8916015625,1638.8916015625,1638.8916015625,1638.8916015625,100,0.0,0.0
2004-01-28 00:00:00+09:00,1693.2196044921875,1693.2196044921875,1693.2196044921875,1693.2196044921875,100,0.0,0.0
2004-01-29 00:00:00+09:00,1693.2196044921875,1693.2196044921875,1693.2196044921875,1693.2196044921875,0,0.0,0.0
2004-01-30 00:00:00+09:00,1693.2196044921875,1693.2196044921875,1693.2196044921875,1693.2196044921875,0,0.0,0.0
2004-02-02 00:00:00+09:00,1593.6183500744048,1593.6183500744048,1521.18115234375,1521.18115234375,300,0.0,0.0
2004-02-03 00:00:00+09:00,1657.0009765625,1657.0009765625,1657.0009765625,1657.0009765625,100,0.0,0.0
2004-02-04 00:00:00+09:00,1566.4545102326767,1566.4545102326767,1457.7987060546875,1457.7987060546875,1500,0.0,0.0
2004-02-05 00:00:00+09:00,1457.7987060546875,1457.7987060546875,1457.7987060546875,1457.7987060546875,700,0.0,0.0
2004-02-06 00:00:00+09:00,1448.7440185546875,1448.7440185546875,1448.7440185546875,1448.7440185546875,300,0.0,0.0
2004-02-09 00:00:00+09:00,1448.7440185546875,1448.7440185546875,1448.7440185546875,1448.7440185546875,0,0.0,0.0
2004-02-10 00:00:00+09:00,1548.3453369140625,1548.3453369140625,1548.3453369140625,1548.3453369140625,100,0.0,0.0
2004-02-11 00:00:00+09:00,1548.3453369140625,1548.3453369140625,1548.3453369140625,1548.3453369140625,0,0.0,0.0
2004-02-12 00:00:00+09:00,1521.18115234375,1521.18115234375,1521.18115234375,1521.18115234375,100,0.0,0.0
2004-02-13 00:00:00+09:00,1512.1265869140625,1512.1265869140625,1512.1265869140625,1512.1265869140625,100,0.0,0.0
2004-02-16 00:00:00+09:00,1512.1265869140625,1512.1265869140625,1512.1265869140625,1512.1265869140625,100,0.0,0.0
2004-02-17 00:00:00+09:00,1512.1265869140625,1512.1265869140625,1512.1265869140625,1512.1265869140625,100,0.0,0.0
2004-02-18 00:00:00+09:00,1521.18115234375,1521.18115234375,1521.18115234375,1521.18115234375,200,0.0,0.0
2004-02-19 00:00:00+09:00,1521.18115234375,1521.18115234375,1521.18115234375,1521.18115234375,0,0.0,0.0
2004-02-20 00:00:00+09:00,1521.18115234375,1521.18115234375,1521.18115234375,1521.18115234375,0,0.0,0.0
2004-02-23 00:00:00+09:00,1521.18115234375,1521.18115234375,1521.18115234375,1521.18115234375,0,0.0,0.0
2004-02-24 00:00:00+09:00,1521.18115234375,1521.18115234375,1521.18115234375,1521.18115234375,0,0.0,0.0
2004-02-25 00:00:00+09:00,1521.18115234375,1521.18115234375,1521.18115234375,1521.18115234375,0,0.0,0.0
2004-02-26 00:00:00+09:00,1566.4544778262868,1566.4544778262868,1430.634725413603,1539.29052734375,400,0.0,0.0
2004-02-27 00:00:00+09:00,1566.45458984375,1566.45458984375,1566.45458984375,1566.45458984375,100,0.0,0.0
2004-03-01 00:00:00+09:00,1675.1102294921875,1675.1102294921875,1675.1102294921875,1675.1102294921875,100,0.0,0.0
2004-03-02 00:00:00+09:00,1675.1102294921875,1675.1102294921875,1675.1102294921875,1675.1102294921875,100,0.0,0.0
2004-03-03 00:00:00+09:00,1602.6729736328125,1602.6729736328125,1602.6729736328125,1602.6729736328125,100,0.0,0.0
2004-03-04 00:00:00+09:00,1602.6729736328125,1602.6729736328125,1602.6729736328125,1602.6729736328125,0,0.0,0.0
2004-03-05 00:00:00+09:00,1602.6729736328125,1602.6729736328125,1602.6729736328125,1602.6729736328125,0,0.0,0.0
2004-03-08 00:00:00+09:00,1602.6729736328125,1602.6729736328125,1602.6729736328125,1602.6729736328125,0,0.0,0.0
2004-03-09 00:00:00+09:00,1602.6729736328125,1602.6729736328125,1602.6729736328125,1602.6729736328125,0,0.0,0.0
2004-03-10 00:00:00+09:00,1629.8370361328125,1629.8370361328125,1629.8370361328125,1629.8370361328125,100,0.0,0.0
2004-03-11 00:00:00+09:00,1620.7823486328125,1620.7823486328125,1620.7823486328125,1620.7823486328125,100,0.0,0.0
2004-03-12 00:00:00+09:00,1620.7823787913603,1620.7823787913603,1530.2358771829045,1539.29052734375,700,0.0,0.0
2004-03-15 00:00:00+09:00,1620.7823486328125,1620.7823486328125,1620.7823486328125,1620.7823486328125,100,0.0,0.0
2004-03-16 00:00:00+09:00,1647.9464111328125,1647.9464111328125,1647.9464111328125,1647.9464111328125,100,0.0,0.0
2004-03-17 00:00:00+09:00,1657.0009765625,1657.0009765625,1657.0009765625,1657.0009765625,300,0.0,0.0
2004-03-18 00:00:00+09:00,1657.0009765625,1657.0009765625,1657.0009765625,1657.0009765625,0,0.0,0.0
2004-03-19 00:00:00+09:00,1657.0009765625,1657.0009765625,1657.0009765625,1657.0009765625,0,0.0,0.0
2004-03-22 00:00:00+09:00,1657.0009765625,1657.0009765625,1657.0009765625,1657.0009765625,0,0.0,0.0
2004-03-23 00:00:00+09:00,1657.0009765625,1657.0009765625,1657.0009765625,1657.0009765625,0,0.0,0.0
2004-03-24 00:00:00+09:00,1657.0009765625,1657.0009765625,1657.0009765625,1657.0009765625,0,0.0,0.0
2004-03-25 00:00:00+09:00,1657.0009765625,1657.0009765625,1657.0009765625,1657.0009765625,0,0.0,0.0
2004-03-26 00:00:00+09:00,1629.8370361328125,1629.8370361328125,1629.8370361328125,1629.8370361328125,200,0.0,0.0
2004-03-29 00:00:00+09:00,1620.7823486328125,1620.7823486328125,1620.7823486328125,1620.7823486328125,100,0.0,0.0
2004-03-30 00:00:00+09:00,1620.7823486328125,1620.7823486328125,1620.7823486328125,1620.7823486328125,0,0.0,0.0
2004-03-31 00:00:00+09:00,1629.8370361328125,1629.8370361328125,1629.8370361328125,1629.8370361328125,100,0.0,0.0
2004-04-01 00:00:00+09:00,1629.8370361328125,1629.8370361328125,1629.8370361328125,1629.8370361328125,0,0.0,0.0
2004-04-02 00:00:00+09:00,1620.7823486328125,1620.7823486328125,1620.7823486328125,1620.7823486328125,100,0.0,0.0
2004-04-05 00:00:00+09:00,1620.7823486328125,1620.7823486328125,1620.7823486328125,1620.7823486328125,100,0.0,0.0
2004-04-06 00:00:00+09:00,1620.7823486328125,1620.7823486328125,1620.7823486328125,1620.7823486328125,0,0.0,0.0
2004-04-07 00:00:00+09:00,1494.017128082643,1503.07177734375,1494.017128082643,1503.07177734375,200,0.0,0.0
2004-04-08 00:00:00+09:00,1503.07177734375,1503.07177734375,1503.07177734375,1503.07177734375,0,0.0,0.0
2004-04-09 00:00:00+09:00,1530.235740661621,1593.6182861328125,1530.235740661621,1593.6182861328125,400,0.0,0.0
2004-04-12 00:00:00+09:00,1566.45458984375,1566.45458984375,1566.45458984375,1566.45458984375,100,0.0,0.0
2004-04-13 00:00:00+09:00,1539.29052734375,1539.29052734375,1539.29052734375,1539.29052734375,1000,0.0,0.0
2004-04-14 00:00:00+09:00,1629.8369698660713,1629.8369698660713,1584.563720703125,1584.563720703125,600,0.0,0.0
2004-04-15 00:00:00+09:00,1602.6729736328125,1602.6729736328125,1602.6729736328125,1602.6729736328125,200,0.0,0.0
2004-04-16 00:00:00+09:00,1629.8370361328125,1629.8370361328125,1629.8370361328125,1629.8370361328125,100,0.0,0.0
2004-04-19 00:00:00+09:00,1620.7823486328125,1620.7823486328125,1620.7823486328125,1620.7823486328125,100,0.0,0.0
2004-04-20 00:00:00+09:00,1557.399658203125,1557.399658203125,1557.399658203125,1557.399658203125,100,0.0,0.0
2004-04-21 00:00:00+09:00,1557.399658203125,1557.399658203125,1557.399658203125,1557.399658203125,0,0.0,0.0
2004-04-22 00:00:00+09:00,1611.7277357313367,1629.8370361328125,1611.7277357313367,1629.8370361328125,300,0.0,0.0
2004-04-23 00:00:00+09:00,1629.8371967516448,1629.8371967516448,1548.3453369140625,1548.3453369140625,600,0.0,0.0
2004-04-26 00:00:00+09:00,1593.618592379386,1593.618592379386,1548.3453369140625,1548.3453369140625,200,0.0,0.0
2004-04-27 00:00:00+09:00,1593.6182861328125,1593.6182861328125,1593.6182861328125,1593.6182861328125,100,0.0,0.0
2004-04-28 00:00:00+09:00,1548.3453369140625,1548.3453369140625,1548.3453369140625,1548.3453369140625,200,0.0,0.0
2004-04-29 00:00:00+09:00,1548.3453369140625,1548.3453369140625,1548.3453369140625,1548.3453369140625,0,0.0,0.0
2004-04-30 00:00:00+09:00,1566.45458984375,1566.45458984375,1566.45458984375,1566.45458984375,100,0.0,0.0
2004-05-03 00:00:00+09:00,1566.45458984375,1566.45458984375,1566.45458984375,1566.45458984375,0,0.0,0.0
2004-05-04 00:00:00+09:00,1566.45458984375,1566.45458984375,1566.45458984375,1566.45458984375,0,0.0,0.0
2004-05-05 00:00:00+09:00,1566.45458984375,1566.45458984375,1566.45458984375,1566.45458984375,0,0.0,0.0
2004-05-06 00:00:00+09:00,1584.5637851291233,1629.8370361328125,1584.5637851291233,1629.8370361328125,200,0.0,0.0
2004-05-07 00:00:00+09:00,1629.8369518301104,1638.8916015625,1629.8369518301104,1638.8916015625,300,0.0,0.0
2004-05-10 00:00:00+09:00,1629.8369698660713,1629.8369698660713,1584.563720703125,1584.563720703125,900,0.0,0.0
2004-05-11 00:00:00+09:00,1620.7823486328125,1620.7823486328125,1620.7823486328125,1620.7823486328125,100,0.0,0.0
2004-05-12 00:00:00+09:00,1629.8370361328125,1629.8370361328125,1629.8370361328125,1629.8370361328125,100,0.0,0.0
2004-05-13 00:00:00+09:00,1629.8370361328125,1629.8370361328125,1629.8370361328125,1629.8370361328125,100,0.0,0.0
2004-05-14 00:00:00+09:00,1629.8370361328125,1629.8370361328125,1629.8370361328125,1629.8370361328125,100,0.0,0.0
2004-05-17 00:00:00+09:00,1629.8370289522059,1629.8370289522059,1539.29052734375,1539.29052734375,300,0.0,0.0
2004-05-18 00:00:00+09:00,1539.2903349905305,1539.2903349905305,1494.01708984375,1494.01708984375,300,0.0,0.0
2004-05-19 00:00:00+09:00,1494.01708984375,1494.01708984375,1494.01708984375,1494.01708984375,0,0.0,0.0
2004-05-20 00:00:00+09:00,1494.01708984375,1494.01708984375,1494.01708984375,1494.01708984375,0,0.0,0.0
2004-05-21 00:00:00+09:00,1494.01708984375,1494.01708984375,1494.01708984375,1494.01708984375,0,0.0,0.0
2004-05-24 00:00:00+09:00,1494.01708984375,1494.01708984375,1494.01708984375,1494.01708984375,0,0.0,0.0
2004-05-25 00:00:00+09:00,1494.01708984375,1494.01708984375,1494.01708984375,1494.01708984375,0,0.0,0.0
2004-05-26 00:00:00+09:00,1503.07177734375,1503.07177734375,1503.07177734375,1503.07177734375,100,0.0,0.0
2004-05-27 00:00:00+09:00,1539.29052734375,1539.29052734375,1539.29052734375,1539.29052734375,100,0.0,0.0
2004-05-28 00:00:00+09:00,1539.29052734375,1539.29052734375,1539.29052734375,1539.29052734375,200,0.0,0.0
2004-05-31 00:00:00+09:00,1584.563720703125,1584.563720703125,1539.2904715401785,1584.563720703125,400,0.0,0.0
2004-06-01 00:00:00+09:00,1584.563720703125,1584.563720703125,1584.563720703125,1584.563720703125,0,0.0,0.0
2004-06-02 00:00:00+09:00,1584.563720703125,1584.563720703125,1584.563720703125,1584.563720703125,100,0.0,0.0
2004-06-03 00:00:00+09:00,1494.01708984375,1494.01708984375,1494.01708984375,1494.01708984375,100,0.0,0.0
2004-06-04 00:00:00+09:00,1494.01708984375,1494.01708984375,1494.01708984375,1494.01708984375,0,0.0,0.0
2004-06-07 00:00:00+09:00,1494.01708984375,1494.01708984375,1494.01708984375,1494.01708984375,0,0.0,0.0
2004-06-08 00:00:00+09:00,1494.01708984375,1494.01708984375,1494.01708984375,1494.01708984375,0,0.0,0.0
2004-06-09 00:00:00+09:00,1584.563720703125,1584.563720703125,1584.563720703125,1584.563720703125,100,0.0,0.0
2004-06-10 00:00:00+09:00,1584.563720703125,1584.563720703125,1584.563720703125,1584.563720703125,100,0.0,0.0
2004-06-11 00:00:00+09:00,1584.563720703125,1584.563720703125,1584.563720703125,1584.563720703125,100,0.0,0.0
2004-06-14 00:00:00+09:00,1584.563720703125,1584.563720703125,1584.563720703125,1584.563720703125,300,0.0,0.0
2004-06-15 00:00:00+09:00,1584.563720703125,1584.563720703125,1584.563720703125,1584.563720703125,100,0.0,0.0
2004-06-16 00:00:00+09:00,1584.563720703125,1584.563720703125,1584.563720703125,1584.563720703125,100,0.0,0.0
2004-06-17 00:00:00+09:00,1620.7823787913603,1620.7823787913603,1539.29052734375,1539.29052734375,400,0.0,0.0
2004-06-18 00:00:00+09:00,1539.29052734375,1539.29052734375,1539.29052734375,1539.29052734375,0,0.0,0.0
2004-06-21 00:00:00+09:00,1539.29052734375,1539.29052734375,1539.29052734375,1539.29052734375,0,0.0,0.0
2004-06-22 00:00:00+09:00,1629.8370361328125,1629.8370361328125,1629.8370361328125,1629.8370361328125,100,0.0,0.0
2004-06-23 00:00:00+09:00,1629.8370361328125,1629.8370361328125,1629.8370361328125,1629.8370361328125,0,0.0,0.0
2004-06-24 00:00:00+09:00,1629.8370361328125,1629.8370361328125,1629.8370361328125,1629.8370361328125,0,0.0,0.0
2004-06-25 00:00:00+09:00,1629.8370361328125,1629.8370361328125,1629.8370361328125,1629.8370361328125,0,0.0,0.0
2004-06-28 00:00:00+09:00,1629.8370361328125,1629.8370361328125,1629.8370361328125,1629.8370361328125,100,0.0,0.0
2004-06-29 00:00:00+09:00,1629.8370361328125,1629.8370361328125,1629.8370361328125,1629.8370361328125,100,0.0,0.0
2004-06-30 00:00:00+09:00,1629.8369698660713,1629.8369698660713,1584.563720703125,1584.563720703125,300,0.0,0.0
2004-07-01 00:00:00+09:00,1629.8370361328125,1629.8370361328125,1629.8370361328125,1629.8370361328125,100,0.0,0.0
2004-07-02 00:00:00+09:00,1629.8370361328125,1629.8370361328125,1629.8370361328125,1629.8370361328125,200,0.0,0.0
2004-07-05 00:00:00+09:00,1620.7823486328125,1620.7823486328125,1620.7823486328125,1620.7823486328125,100,0.0,0.0
2004-07-06 00:00:00+09:00,1584.563720703125,1584.563720703125,1584.563720703125,1584.563720703125,100,0.0,0.0
2004-07-07 00:00:00+09:00,1584.563720703125,1584.563720703125,1584.563720703125,1584.563720703125,0,0.0,0.0
2004-07-08 00:00:00+09:00,1584.563720703125,1584.563720703125,1584.563720703125,1584.563720703125,0,0.0,0.0
2004-07-09 00:00:00+09:00,1548.3453369140625,1548.3453369140625,1548.3453369140625,1548.3453369140625,100,0.0,0.0
2004-07-12 00:00:00+09:00,1629.8370361328125,1629.8370361328125,1629.8370361328125,1629.8370361328125,100,0.0,0.0
2004-07-13 00:00:00+09:00,1629.8370361328125,1629.8370361328125,1629.8370361328125,1629.8370361328125,200,0.0,0.0
2004-07-14 00:00:00+09:00,1629.8369698660713,1629.8369698660713,1584.563720703125,1584.563720703125,400,0.0,0.0
2004-07-15 00:00:00+09:00,1629.8370361328125,1629.8370361328125,1629.8370361328125,1629.8370361328125,100,0.0,0.0
2004-07-16 00:00:00+09:00,1584.563720703125,1584.563720703125,1584.563720703125,1584.563720703125,400,0.0,0.0
2004-07-19 00:00:00+09:00,1584.563720703125,1584.563720703125,1584.563720703125,1584.563720703125,0,0.0,0.0
2004-07-20 00:00:00+09:00,1629.8370361328125,1629.8370361328125,1629.8370361328125,1629.8370361328125,500,0.0,0.0
2004-07-21 00:00:00+09:00,1629.8370361328125,1629.8370361328125,1629.8370361328125,1629.8370361328125,100,0.0,0.0
2004-07-22 00:00:00+09:00,1629.8370361328125,1629.8370361328125,1629.8370361328125,1629.8370361328125,0,0.0,0.0
2004-07-23 00:00:00+09:00,1629.8370361328125,1629.8370361328125,1629.8370361328125,1629.8370361328125,0,0.0,0.0
2004-07-26 00:00:00+09:00,1629.8370361328125,1629.8370361328125,1629.8370361328125,1629.8370361328125,100,0.0,0.0
2004-07-27 00:00:00+09:00,1629.8370361328125,1629.8370361328125,1629.8370361328125,1629.8370361328125,100,0.0,0.0
2004-07-28 00:00:00+09:00,1539.29052734375,1539.29052734375,1539.29052734375,1539.29052734375,200,0.0,0.0
2004-07-29 00:00:00+09:00,1539.29052734375,1539.29052734375,1539.29052734375,1539.29052734375,0,0.0,0.0
2004-07-30 00:00:00+09:00,1503.07177734375,1503.07177734375,1503.07177734375,1503.07177734375,500,0.0,0.0
2004-08-02 00:00:00+09:00,1503.07177734375,1503.07177734375,1503.07177734375,1503.07177734375,0,0.0,0.0
2004-08-03 00:00:00+09:00,1539.29052734375,1539.29052734375,1539.29052734375,1539.29052734375,1800,0.0,0.0
2004-08-04 00:00:00+09:00,1539.29052734375,1539.29052734375,1539.29052734375,1539.29052734375,0,0.0,0.0
2004-08-05 00:00:00+09:00,1448.7440185546875,1448.7440185546875,1448.7440185546875,1448.7440185546875,300,0.0,0.0
2004-08-06 00:00:00+09:00,1448.7440185546875,1448.7440185546875,1448.7440185546875,1448.7440185546875,0,0.0,0.0
2004-08-09 00:00:00+09:00,1448.7440185546875,1448.7440185546875,1448.7440185546875,1448.7440185546875,0,0.0,0.0
2004-08-10 00:00:00+09:00,1530.23583984375,1530.23583984375,1530.23583984375,1530.23583984375,100,0.0,0.0
2004-08-11 00:00:00+09:00,1530.23583984375,1530.23583984375,1530.23583984375,1530.23583984375,100,0.0,0.0
2004-08-12 00:00:00+09:00,1557.399658203125,1557.399658203125,1557.399658203125,1557.399658203125,100,0.0,0.0
2004-08-13 00:00:00+09:00,1611.7274169921875,1611.7274169921875,1611.7274169921875,1611.7274169921875,100,0.0,0.0
2004-08-16 00:00:00+09:00,1611.7274169921875,1611.7274169921875,1611.7274169921875,1611.7274169921875,100,0.0,0.0
2004-08-17 00:00:00+09:00,1611.7274169921875,1611.7274169921875,1611.7274169921875,1611.7274169921875,200,0.0,0.0
2004-08-18 00:00:00+09:00,1539.29052734375,1539.29052734375,1539.29052734375,1539.29052734375,200,0.0,0.0
2004-08-19 00:00:00+09:00,1539.29052734375,1539.29052734375,1539.29052734375,1539.29052734375,0,0.0,0.0
2004-08-20 00:00:00+09:00,1539.29052734375,1539.29052734375,1539.29052734375,1539.29052734375,0,0.0,0.0
2004-08-23 00:00:00+09:00,1539.29052734375,1539.29052734375,1539.29052734375,1539.29052734375,0,0.0,0.0
2004-08-24 00:00:00+09:00,1539.29052734375,1539.29052734375,1539.29052734375,1539.29052734375,0,0.0,0.0
2004-08-25 00:00:00+09:00,1539.29052734375,1539.29052734375,1539.29052734375,1539.29052734375,100,0.0,0.0
2004-08-26 00:00:00+09:00,1584.563720703125,1584.563720703125,1584.563720703125,1584.563720703125,100,0.0,0.0
2004-08-27 00:00:00+09:00,1584.563720703125,1584.563720703125,1584.563720703125,1584.563720703125,100,0.0,0.0
2004-08-30 00:00:00+09:00,1629.8370361328125,1629.8370361328125,1629.8370361328125,1629.8370361328125,100,0.0,0.0
2004-08-31 00:00:00+09:00,1629.8370361328125,1629.8370361328125,1629.8370361328125,1629.8370361328125,0,0.0,0.0
2004-09-01 00:00:00+09:00,1611.7274169921875,1611.7274169921875,1611.7274169921875,1611.7274169921875,100,0.0,0.0
2004-09-02 00:00:00+09:00,1611.7276702008928,1611.7276702008928,1584.563720703125,1584.563720703125,300,0.0,0.0
2004-09-03 00:00:00+09:00,1539.29052734375,1539.29052734375,1539.29052734375,1539.29052734375,100,0.0,0.0
2004-09-06 00:00:00+09:00,1539.29052734375,1539.29052734375,1539.29052734375,1539.29052734375,100,0.0,0.0
2004-09-07 00:00:00+09:00,1539.29052734375,1539.29052734375,1539.29052734375,1539.29052734375,0,0.0,0.0
2004-09-08 00:00:00+09:00,1539.29052734375,1539.29052734375,1539.29052734375,1539.29052734375,0,0.0,0.0
2004-09-09 00:00:00+09:00,1539.29052734375,1539.29052734375,1539.29052734375,1539.29052734375,0,0.0,0.0
2004-09-10 00:00:00+09:00,1584.563720703125,1584.563720703125,1584.563720703125,1584.563720703125,100,0.0,0.0
2004-09-13 00:00:00+09:00,1584.563720703125,1584.563720703125,1584.563720703125,1584.563720703125,100,0.0,0.0
2004-09-14 00:00:00+09:00,1629.8370361328125,1629.8370361328125,1629.8370361328125,1629.8370361328125,100,0.0,0.0
2004-09-15 00:00:00+09:00,1584.563720703125,1584.563720703125,1584.563720703125,1584.563720703125,100,0.0,0.0
2004-09-16 00:00:00+09:00,1611.7274169921875,1611.7274169921875,1611.7274169921875,1611.7274169921875,100,0.0,0.0
2004-09-17 00:00:00+09:00,1611.7274169921875,1611.7274169921875,1611.7274169921875,1611.7274169921875,100,0.0,0.0
2004-09-20 00:00:00+09:00,1611.7274169921875,1611.7274169921875,1611.7274169921875,1611.7274169921875,0,0.0,0.0
2004-09-21 00:00:00+09:00,1611.7274169921875,1611.7274169921875,1611.7274169921875,1611.7274169921875,0,0.0,0.0
2004-09-22 00:00:00+09:00,1611.7274169921875,1611.7274169921875,1611.7274169921875,1611.7274169921875,0,0.0,0.0
2004-09-23 00:00:00+09:00,1611.7274169921875,1611.7274169921875,1611.7274169921875,1611.7274169921875,0,0.0,0.0
2004-09-24 00:00:00+09:00,1611.7274169921875,1611.7274169921875,1611.7274169921875,1611.7274169921875,0,0.0,0.0
2004-09-27 00:00:00+09:00,1575.5092901932564,1575.5092901932564,1548.3453369140625,1548.3453369140625,200,0.0,0.0
2004-09-28 00:00:00+09:00,1584.563720703125,1584.563720703125,1584.563720703125,1584.563720703125,100,0.0,0.0
2004-09-29 00:00:00+09:00,1584.563720703125,1584.563720703125,1584.563720703125,1584.563720703125,100,0.0,0.0
2004-09-30 00:00:00+09:00,1584.563720703125,1584.563720703125,1584.563720703125,1584.563720703125,0,0.0,0.0
2004-10-01 00:00:00+09:00,1584.563720703125,1584.563720703125,1584.563720703125,1584.563720703125,0,0.0,0.0
2004-10-04 00:00:00+09:00,1629.8370361328125,1629.8370361328125,1629.8370361328125,1629.8370361328125,100,0.0,0.0
2004-10-05 00:00:00+09:00,1521.1811355064654,1575.509033203125,1521.1811355064654,1575.509033203125,300,0.0,0.0
2004-10-06 00:00:00+09:00,1575.509033203125,1575.509033203125,1575.509033203125,1575.509033203125,0,0.0,0.0
2004-10-07 00:00:00+09:00,1611.7274169921875,1611.7274169921875,1611.7274169921875,1611.7274169921875,100,0.0,0.0
2004-10-08 00:00:00+09:00,1611.7274169921875,1611.7274169921875,1611.7274169921875,1611.7274169921875,0,0.0,0.0
2004-10-11 00:00:00+09:00,1611.7274169921875,1611.7274169921875,1611.7274169921875,1611.7274169921875,0,0.0,0.0
2004-10-12 00:00:00+09:00,1611.7274169921875,1611.7274169921875,1611.7274169921875,1611.7274169921875,100,0.0,0.0
2004-10-13 00:00:00+09:00,1620.7823486328125,1620.7823486328125,1620.7823486328125,1620.7823486328125,100,0.0,0.0
2004-10-14 00:00:00+09:00,1620.7823486328125,1620.7823486328125,1620.7823486328125,1620.7823486328125,100,0.0,0.0
2004-10-15 00:00:00+09:00,1620.7823486328125,1620.7823486328125,1620.7823486328125,1620.7823486328125,100,0.0,0.0
2004-10-18 00:00:00+09:00,1620.7823486328125,1620.7823486328125,1620.7823486328125,1620.7823486328125,100,0.0,0.0
2004-10-19 00:00:00+09:00,1602.6730855305989,1629.8370361328125,1602.6730855305989,1629.8370361328125,1100,0.0,0.0
2004-10-20 00:00:00+09:00,1629.8370361328125,1629.8370361328125,1629.8370361328125,1629.8370361328125,0,0.0,0.0
2004-10-21 00:00:00+09:00,1629.8370361328125,1629.8370361328125,1629.8370361328125,1629.8370361328125,0,0.0,0.0
2004-10-22 00:00:00+09:00,1629.8370361328125,1629.8370361328125,1629.8370361328125,1629.8370361328125,0,0.0,0.0
2004-10-25 00:00:00+09:00,1992.0228430706522,2082.5693359375,1992.0228430706522,2082.5693359375,1700,0.0,0.0
2004-10-26 00:00:00+09:00,2173.1161164314517,2806.941650390625,2173.1161164314517,2806.941650390625,4700,0.0,0.0
2004-10-27 00:00:00+09:00,3350.2205025809153,3350.2205025809153,2444.7555018833705,2535.302001953125,4800,0.0,0.0
2004-10-28 00:00:00+09:00,2127.8429565429688,2354.209228515625,2127.8429565429688,2354.209228515625,2100,0.0,0.0
2004-10-29 00:00:00+09:00,2345.154500524009,2345.154500524009,1847.1487185594513,1856.203369140625,3600,0.0,0.0
2004-11-01 00:00:00+09:00,1946.749987121022,2010.1325448412413,1928.6406849152452,1973.9139404296875,2200,0.0,0.0
2004-11-02 00:00:00+09:00,2200.28009765625,2245.5533506944444,2037.29638671875,2037.29638671875,2300,0.0,0.0
2004-11-03 00:00:00+09:00,2037.29638671875,2037.29638671875,2037.29638671875,2037.29638671875,0,0.0,0.0
2004-11-04 00:00:00+09:00,2227.443865966797,2227.443865966797,2173.115966796875,2173.115966796875,1300,0.0,0.0
2004-11-05 00:00:00+09:00,2001.0775525892102,2046.3508003853462,2001.0775525892102,2010.1322021484375,500,0.0,0.0
2004-11-08 00:00:00+09:00,2055.405517578125,2055.405517578125,2055.405517578125,2055.405517578125,100,0.0,0.0
2004-11-09 00:00:00+09:00,2055.405517578125,2055.405517578125,2055.405517578125,2055.405517578125,200,0.0,0.0
2004-11-10 00:00:00+09:00,2046.3508003853462,2055.4054499445733,1992.0229030299831,2010.1322021484375,800,0.0,0.0
2004-11-11 00:00:00+09:00,2010.1324092813209,2010.1324092813209,1992.0231082968044,2001.0777587890625,700,0.0,0.0
2004-11-12 00:00:00+09:00,2010.1322021484375,2010.1322021484375,2010.1322021484375,2010.1322021484375,100,0.0,0.0
2004-11-15 00:00:00+09:00,1874.3125650657798,1919.5858154296875,1874.3125650657798,1919.5858154296875,500,0.0,0.0
2004-11-16 00:00:00+09:00,2010.1325448412413,2010.1325448412413,1928.6406849152452,1973.9139404296875,400,0.0,0.0
2004-11-17 00:00:00+09:00,1883.3672349059466,1883.3672349059466,1865.2579345703125,1865.2579345703125,200,0.0,0.0
2004-11-18 00:00:00+09:00,1856.2032376802883,1856.2032376802883,1765.65673828125,1765.65673828125,200,0.0,0.0
2004-11-19 00:00:00+09:00,1847.1485595703125,1847.1485595703125,1847.1485595703125,1847.1485595703125,100,0.0,0.0
2004-11-22 00:00:00+09:00,1847.1485595703125,1847.1485595703125,1847.1485595703125,1847.1485595703125,0,0.0,0.0
2004-11-23 00:00:00+09:00,1847.1485595703125,1847.1485595703125,1847.1485595703125,1847.1485595703125,0,0.0,0.0
2004-11-24 00:00:00+09:00,1847.1485595703125,1847.1485595703125,1847.1485595703125,1847.1485595703125,0,0.0,0.0
2004-11-25 00:00:00+09:00,1810.9298095703125,1810.9298095703125,1810.9298095703125,1810.9298095703125,100,0.0,0.0
2004-11-26 00:00:00+09:00,1810.9298095703125,1810.9298095703125,1810.9298095703125,1810.9298095703125,200,0.0,0.0
2004-11-29 00:00:00+09:00,1819.9844586181641,1819.9844586181641,1810.9298095703125,1810.9298095703125,200,0.0,0.0
2004-11-30 00:00:00+09:00,1801.8751413445723,1810.9297902960527,1720.38330078125,1720.38330078125,300,0.0,0.0
2004-12-01 00:00:00+09:00,1720.38330078125,1720.38330078125,1720.38330078125,1720.38330078125,0,0.0,0.0
2004-12-02 00:00:00+09:00,1747.5474887424045,1747.5474887424045,1629.8370361328125,1629.8370361328125,1600,0.0,0.0
2004-12-03 00:00:00+09:00,1666.0555796030405,1702.2741791596284,1666.0555796030405,1675.1102294921875,300,0.0,0.0
2004-12-06 00:00:00+09:00,1720.38330078125,1720.38330078125,1720.38330078125,1720.38330078125,300,0.0,0.0
2004-12-07 00:00:00+09:00,1720.38330078125,1720.38330078125,1720.38330078125,1720.38330078125,0,0.0,0.0
2004-12-08 00:00:00+09:00,1629.8369800464527,1675.1102294921875,1629.8369800464527,1675.1102294921875,900,0.0,0.0
2004-12-09 00:00:00+09:00,1720.3836160177714,1720.3836160177714,1647.9464111328125,1647.9464111328125,200,0.0,0.0
2004-12-10 00:00:00+09:00,1783.765997280732,1783.765997280732,1638.8916015625,1638.8916015625,500,0.0,0.0
2004-12-13 00:00:00+09:00,1729.4379497327302,1729.4379497327302,1720.38330078125,1720.38330078125,300,0.0,0.0
2004-12-14 00:00:00+09:00,1765.65673828125,1765.65673828125,1765.65673828125,1765.65673828125,400,0.0,0.0
2004-12-15 00:00:00+09:00,1765.65673828125,1765.65673828125,1765.65673828125,1765.65673828125,100,0.0,0.0
2004-12-16 00:00:00+09:00,1756.601896587171,1756.601896587171,1720.38330078125,1720.38330078125,200,0.0,0.0
2004-12-17 00:00:00+09:00,1702.2741791596284,1702.2741791596284,1675.1102294921875,1675.1102294921875,200,0.0,0.0
2004-12-20 00:00:00+09:00,1675.1102294921875,1675.1102294921875,1675.1102294921875,1675.1102294921875,0,0.0,0.0
2004-12-21 00:00:00+09:00,1675.1102294921875,1675.1102294921875,1675.1102294921875,1675.1102294921875,0,0.0,0.0
2004-12-22 00:00:00+09:00,1584.563778147978,1602.6730784696692,1539.29052734375,1539.29052734375,1500,0.0,0.0
2004-12-23 00:00:00+09:00,1539.29052734375,1539.29052734375,1539.29052734375,1539.29052734375,0,0.0,0.0
2004-12-24 00:00:00+09:00,1575.5091279871324,1575.5091279871324,1539.29052734375,1539.29052734375,1100,0.0,0.0
2004-12-27 00:00:00+09:00,1584.5639412863213,1584.5639412863213,1512.1267325418037,1548.3453369140625,1600,0.0,0.0
2004-12-28 00:00:00+09:00,1593.618542268786,1593.618542268786,1539.290637418714,1566.45458984375,1600,0.0,0.0
2004-12-29 00:00:00+09:00,1611.7276702008928,1611.7276702008928,1584.563720703125,1584.563720703125,400,0.0,0.0
2004-12-30 00:00:00+09:00,1575.509033203125,1575.509033203125,1575.509033203125,1575.509033203125,200,0.0,0.0
2004-12-31 00:00:00+09:00,1575.509033203125,1575.509033203125,1575.509033203125,1575.509033203125,0,0.0,0.0
2005-01-03 00:00:00+09:00,1575.509033203125,1575.509033203125,1575.509033203125,1575.509033203125,0,0.0,0.0
2005-01-04 00:00:00+09:00,1620.7824946938222,1620.7824946938222,1566.45458984375,1566.45458984375,700,0.0,0.0
2005-01-05 00:00:00+09:00,1575.5092406520953,1575.5092406520953,1548.3452882270592,1566.45458984375,1100,0.0,0.0
2005-01-06 00:00:00+09:00,1566.45458984375,1566.45458984375,1557.3999390354047,1566.45458984375,900,0.0,0.0
2005-01-07 00:00:00+09:00,1620.7823859320747,1657.0009867350261,1620.7823859320747,1629.8370361328125,2300,0.0,0.0
2005-01-10 00:00:00+09:00,1629.8370361328125,1629.8370361328125,1629.8370361328125,1629.8370361328125,0,0.0,0.0
2005-01-11 00:00:00+09:00,1720.3833770751953,1765.656623840332,1693.2194290161133,1738.49267578125,3600,0.0,0.0
2005-01-12 00:00:00+09:00,1738.4927884615383,1765.65673828125,1693.2195387620193,1765.65673828125,2000,0.0,0.0
2005-01-13 00:00:00+09:00,1810.9300199468087,2127.8427734375,1810.9300199468087,2127.8427734375,5100,0.0,0.0
2005-01-14 00:00:00+09:00,2218.3887317585495,2680.175773879717,2218.3887317585495,2399.481689453125,13900,0.0,0.0
2005-01-17 00:00:00+09:00,2354.209044905733,2354.209044905733,2145.952090933303,2191.225341796875,4000,0.0,0.0
2005-01-18 00:00:00+09:00,2191.224728954082,2218.388671875,2191.224728954082,2218.388671875,1400,0.0,0.0
2005-01-19 00:00:00+09:00,2254.608055802374,2254.608055802374,2037.2964359660004,2109.733642578125,3800,0.0,0.0
2005-01-20 00:00:00+09:00,2109.7332837975546,2109.7332837975546,2082.5693359375,2082.5693359375,400,0.0,0.0
2005-01-21 00:00:00+09:00,1946.7498196688566,1992.0230712890625,1946.7498196688566,1992.0230712890625,600,0.0,0.0
2005-01-24 00:00:00+09:00,2091.624048181482,2091.624048181482,2010.1322021484375,2010.1322021484375,400,0.0,0.0
2005-01-25 00:00:00+09:00,2055.405687934028,2064.4603385416667,2037.29638671875,2037.29638671875,400,0.0,0.0
2005-01-26 00:00:00+09:00,2019.1868517076646,2019.1868517076646,2010.1322021484375,2010.1322021484375,400,0.0,0.0
2005-01-27 00:00:00+09:00,2064.4603385416667,2064.4603385416667,2010.1324348958333,2037.29638671875,300,0.0,0.0
2005-01-28 00:00:00+09:00,2064.460205078125,2064.460205078125,2064.460205078125,2064.460205078125,100,0.0,0.0
2005-01-31 00:00:00+09:00,2064.460205078125,2064.460205078125,2064.460205078125,2064.460205078125,0,0.0,0.0
2005-02-01 00:00:00+09:00,2046.350830078125,2046.350830078125,2046.350830078125,2046.350830078125,400,0.0,0.0
2005-02-02 00:00:00+09:00,2055.405517578125,2055.405517578125,2055.405517578125,2055.405517578125,100,0.0,0.0
2005-02-03 00:00:00+09:00,1955.8046875,1955.8046875,1955.8046875,1955.8046875,300,0.0,0.0
2005-02-04 00:00:00+09:00,2037.2963229092686,2037.2963229092686,1992.0230712890625,1992.0230712890625,200,0.0,0.0
2005-02-07 00:00:00+09:00,1992.0230712890625,1992.0230712890625,1992.0230712890625,1992.0230712890625,100,0.0,0.0
2005-02-08 00:00:00+09:00,2010.1321183961602,2028.2414167600896,2010.1321183961602,2019.186767578125,300,0.0,0.0
2005-02-09 00:00:00+09:00,2019.186767578125,2019.186767578125,2019.186767578125,2019.186767578125,0,0.0,0.0
2005-02-10 00:00:00+09:00,2064.4603385416667,2073.5149891493056,2037.29638671875,2037.29638671875,600,0.0,0.0
2005-02-11 00:00:00+09:00,2037.29638671875,2037.29638671875,2037.29638671875,2037.29638671875,0,0.0,0.0
2005-02-14 00:00:00+09:00,2082.56942884057,2082.56942884057,2046.350830078125,2046.350830078125,400,0.0,0.0
2005-02-15 00:00:00+09:00,2109.7332837975546,2145.9518809442934,2082.5693359375,2082.5693359375,400,0.0,0.0
2005-02-16 00:00:00+09:00,2073.515039272063,2109.733642578125,2046.351086792516,2109.733642578125,1700,0.0,0.0
2005-02-17 00:00:00+09:00,2118.788123337766,2127.8427734375,2082.56952293883,2127.8427734375,400,0.0,0.0
2005-02-18 00:00:00+09:00,2136.8973673502605,2173.115966796875,2127.842717488607,2173.115966796875,1200,0.0,0.0
2005-02-21 00:00:00+09:00,2191.2253043147043,2236.498554403851,2182.170654296875,2182.170654296875,500,0.0,0.0
2005-02-22 00:00:00+09:00,2182.170654296875,2182.170654296875,2182.170654296875,2182.170654296875,0,0.0,0.0
2005-02-23 00:00:00+09:00,2155.006591796875,2155.006591796875,2155.006591796875,2155.006591796875,200,0.0,0.0
2005-02-24 00:00:00+09:00,2155.0067053008497,2155.0067053008497,2019.1869549667626,2064.460205078125,400,0.0,0.0
2005-02-25 00:00:00+09:00,2200.2799919695894,2200.2799919695894,2191.225341796875,2191.225341796875,400,0.0,0.0
2005-02-28 00:00:00+09:00,2182.1706916241606,2191.225341796875,2182.1706916241606,2191.225341796875,200,0.0,0.0
2005-03-01 00:00:00+09:00,2191.225341796875,2191.225341796875,2191.225341796875,2191.225341796875,100,0.0,0.0
2005-03-02 00:00:00+09:00,2227.4440021756327,2227.4440021756327,2100.6788963607596,2145.9521484375,500,0.0,0.0
2005-03-03 00:00:00+09:00,2164.061449268196,2164.061449268196,2145.9521484375,2145.9521484375,200,0.0,0.0
2005-03-04 00:00:00+09:00,2227.44384765625,2227.44384765625,2227.44384765625,2227.44384765625,100,0.0,0.0
2005-03-07 00:00:00+09:00,2227.44384765625,2227.44384765625,2227.44384765625,2227.44384765625,0,0.0,0.0
2005-03-08 00:00:00+09:00,2227.44384765625,2227.44384765625,2227.44384765625,2227.44384765625,0,0.0,0.0
2005-03-09 00:00:00+09:00,2191.2252251279037,2191.2252251279037,2037.296180387514,2046.350830078125,1400,0.0,0.0
2005-03-10 00:00:00+09:00,2055.4055550558523,2064.460205078125,2055.4055550558523,2064.460205078125,1300,0.0,0.0
2005-03-11 00:00:00+09:00,2155.006591796875,2155.006591796875,2155.006591796875,2155.006591796875,200,0.0,0.0
2005-03-14 00:00:00+09:00,2173.115966796875,2173.115966796875,2173.115966796875,2173.115966796875,200,0.0,0.0
2005-03-15 00:00:00+09:00,2155.0068590887663,2155.0068590887663,2037.2964003990437,2100.678955078125,2100,0.0,0.0
2005-03-16 00:00:00+09:00,2127.84264316078,2155.006591796875,2037.2961477071296,2155.006591796875,1200,0.0,0.0
2005-03-17 00:00:00+09:00,2127.842567573159,2136.897216796875,2127.842567573159,2136.897216796875,300,0.0,0.0
2005-03-18 00:00:00+09:00,2136.897292706145,2155.006591796875,2127.84264316078,2155.006591796875,600,0.0,0.0
2005-03-21 00:00:00+09:00,2155.006591796875,2155.006591796875,2155.006591796875,2155.006591796875,0,0.0,0.0
2005-03-22 00:00:00+09:00,2200.2796298868984,2200.2796298868984,2164.06103515625,2164.06103515625,1700,0.0,0.0
2005-03-23 00:00:00+09:00,2191.225341796875,2191.225341796875,2182.1706916241606,2191.225341796875,300,0.0,0.0
2005-03-24 00:00:00+09:00,2191.2248926986886,2200.279541015625,2191.2248926986886,2200.279541015625,300,0.0,0.0
2005-03-25 00:00:00+09:00,2209.334425951087,2209.334425951087,2082.5693359375,2082.5693359375,500,0.0,0.0
2005-03-28 00:00:00+09:00,2236.498754149343,2236.498754149343,2109.733642578125,2109.733642578125,400,0.0,0.0
2005-03-29 00:00:00+09:00,2200.2799919695894,2200.2799919695894,2191.225341796875,2191.225341796875,200,0.0,0.0
2005-03-30 00:00:00+09:00,2182.1706166585286,2182.1706166585286,2173.115966796875,2173.115966796875,400,0.0,0.0
2005-03-31 00:00:00+09:00,2046.350830078125,2046.350830078125,2046.350830078125,2046.350830078125,100,0.0,0.0
2005-04-01 00:00:00+09:00,2082.56950512267,2082.56950512267,2064.460205078125,2064.460205078125,500,0.0,0.0
2005-04-04 00:00:00+09:00,2145.9521484375,2145.9521484375,2145.9521484375,2145.9521484375,100,0.0,0.0
2005-04-05 00:00:00+09:00,2073.5147791499585,2073.5147791499585,2046.350830078125,2046.350830078125,700,0.0,0.0
2005-04-06 00:00:00+09:00,2055.4056235573507,2055.4056235573507,1919.585868696733,1992.0230712890625,2400,0.0,0.0
2005-04-07 00:00:00+09:00,2019.187059773579,2019.187059773579,2001.0777587890625,2001.0777587890625,300,0.0,0.0
2005-04-08 00:00:00+09:00,2010.1324348958333,2037.29638671875,2001.0777842881944,2037.29638671875,600,0.0,0.0
2005-04-11 00:00:00+09:00,1946.749987121022,1973.9139404296875,1946.749987121022,1973.9139404296875,1400,0.0,0.0
2005-04-12 00:00:00+09:00,2019.1869560773982,2019.1869560773982,1946.749755859375,1946.749755859375,600,0.0,0.0
2005-04-13 00:00:00+09:00,2010.1322021484375,2010.1322021484375,2010.1322021484375,2010.1322021484375,100,0.0,0.0
2005-04-14 00:00:00+09:00,2028.2415771484375,2028.2415771484375,2028.2415771484375,2028.2415771484375,100,0.0,0.0
2005-04-15 00:00:00+09:00,2019.1871714369158,2019.1871714369158,1937.6953125,1937.6953125,200,0.0,0.0
2005-04-18 00:00:00+09:00,1919.5858154296875,1919.5858154296875,1919.5858154296875,1919.5858154296875,200,0.0,0.0
2005-04-19 00:00:00+09:00,1829.0394173971038,1856.203369140625,1829.0394173971038,1856.203369140625,1500,0.0,0.0
2005-04-20 00:00:00+09:00,1856.203369140625,1856.203369140625,1856.203369140625,1856.203369140625,0,0.0,0.0
2005-04-21 00:00:00+09:00,1901.476622046494,1901.476622046494,1856.203369140625,1856.203369140625,500,0.0,0.0
2005-04-22 00:00:00+09:00,1819.9844586181641,1819.9844586181641,1765.6565643310548,1810.9298095703125,500,0.0,0.0
2005-04-25 00:00:00+09:00,1847.148743551884,1892.4219970703125,1847.148743551884,1892.4219970703125,200,0.0,0.0
2005-04-26 00:00:00+09:00,1937.6951058321222,1946.749755859375,1937.6951058321222,1946.749755859375,200,0.0,0.0
2005-04-27 00:00:00+09:00,1964.8593388310185,1964.8593388310185,1955.8046875,1955.8046875,200,0.0,0.0
2005-04-28 00:00:00+09:00,1865.2579345703125,1865.2579345703125,1865.2579345703125,1865.2579345703125,100,0.0,0.0
2005-04-29 00:00:00+09:00,1865.2579345703125,1865.2579345703125,1865.2579345703125,1865.2579345703125,0,0.0,0.0
2005-05-02 00:00:00+09:00,1865.2579345703125,1865.2579345703125,1865.2579345703125,1865.2579345703125,0,0.0,0.0
2005-05-03 00:00:00+09:00,1865.2579345703125,1865.2579345703125,1865.2579345703125,1865.2579345703125,0,0.0,0.0
2005-05-04 00:00:00+09:00,1865.2579345703125,1865.2579345703125,1865.2579345703125,1865.2579345703125,0,0.0,0.0
2005-05-05 00:00:00+09:00,1865.2579345703125,1865.2579345703125,1865.2579345703125,1865.2579345703125,0,0.0,0.0
2005-05-06 00:00:00+09:00,1910.531359521028,1937.6953125,1910.531359521028,1937.6953125,300,0.0,0.0
2005-05-09 00:00:00+09:00,1892.4219970703125,1892.4219970703125,1892.4219970703125,1892.4219970703125,100,0.0,0.0
2005-05-10 00:00:00+09:00,1892.4219970703125,1892.4219970703125,1892.4219970703125,1892.4219970703125,100,0.0,0.0
2005-05-11 00:00:00+09:00,1937.6951330176228,1982.9683837890625,1937.6951330176228,1982.9683837890625,200,0.0,0.0
2005-05-12 00:00:00+09:00,2028.2417102658371,2028.2417102658371,2001.0777587890625,2001.0777587890625,200,0.0,0.0
2005-05-13 00:00:00+09:00,2019.186767578125,2019.186767578125,2019.186767578125,2019.186767578125,400,0.0,0.0
2005-05-16 00:00:00+09:00,1946.7500361689815,1955.8046875,1946.7500361689815,1955.8046875,300,0.0,0.0
2005-05-17 00:00:00+09:00,1955.8046875,1955.8046875,1955.8046875,1955.8046875,0,0.0,0.0
2005-05-18 00:00:00+09:00,1865.2579345703125,1865.2579345703125,1865.2579345703125,1865.2579345703125,100,0.0,0.0
2005-05-19 00:00:00+09:00,1856.2031099581604,1910.531005859375,1856.2031099581604,1910.531005859375,300,0.0,0.0
2005-05-20 00:00:00+09:00,1946.749755859375,1946.749755859375,1946.749755859375,1946.749755859375,100,0.0,0.0
2005-05-23 00:00:00+09:00,2082.5693359375,2082.5693359375,1992.0228430706522,2082.5693359375,700,0.0,0.0
2005-05-24 00:00:00+09:00,1992.0230059956396,1992.0230059956396,1946.749755859375,1946.749755859375,300,0.0,0.0
2005-05-25 00:00:00+09:00,1946.749755859375,1946.749755859375,1946.749755859375,1946.749755859375,0,0.0,0.0
2005-05-26 00:00:00+09:00,1992.0230059956396,1992.0230059956396,1946.749755859375,1946.749755859375,200,0.0,0.0
2005-05-27 00:00:00+09:00,1992.0231278582319,1992.0231278582319,1856.203369140625,1856.203369140625,700,0.0,0.0
2005-05-30 00:00:00+09:00,1901.476622046494,1901.476622046494,1856.203369140625,1856.203369140625,200,0.0,0.0
2005-05-31 00:00:00+09:00,1856.203255586846,1946.749755859375,1856.203255586846,1946.749755859375,600,0.0,0.0
2005-06-01 00:00:00+09:00,1946.749755859375,1946.749755859375,1946.749755859375,1946.749755859375,0,0.0,0.0
2005-06-02 00:00:00+09:00,1946.749874952363,1946.749874952363,1856.203369140625,1856.203369140625,800,0.0,0.0
2005-06-03 00:00:00+09:00,1838.0939097684973,1847.1485595703125,1838.0939097684973,1847.1485595703125,400,0.0,0.0
2005-06-06 00:00:00+09:00,1847.1484914808418,1847.1484914808418,1801.875244140625,1801.875244140625,400,0.0,0.0
2005-06-07 00:00:00+09:00,1810.9298936086684,1810.9298936086684,1801.875244140625,1801.875244140625,300,0.0,0.0
2005-06-08 00:00:00+09:00,1756.6020883413462,1792.8206881009614,1756.6020883413462,1765.65673828125,1100,0.0,0.0
2005-06-09 00:00:00+09:00,1801.875160522461,1810.9298095703125,1801.875160522461,1810.9298095703125,1200,0.0,0.0
2005-06-10 00:00:00+09:00,1810.9301162347563,1856.203369140625,1810.9301162347563,1856.203369140625,400,0.0,0.0
2005-06-13 00:00:00+09:00,1874.3125,1874.3125,1874.3125,1874.3125,300,0.0,0.0
2005-06-14 00:00:00+09:00,1856.2031409488852,1856.2031409488852,1801.875244140625,1801.875244140625,200,0.0,0.0
2005-06-15 00:00:00+09:00,1829.0394173971038,1856.203369140625,1810.9301162347563,1856.203369140625,400,0.0,0.0
2005-06-16 00:00:00+09:00,1865.2579345703125,1865.2579345703125,1865.2579345703125,1865.2579345703125,300,0.0,0.0
2005-06-17 00:00:00+09:00,1865.2579345703125,1865.2579345703125,1865.2579345703125,1865.2579345703125,0,0.0,0.0
2005-06-20 00:00:00+09:00,1874.3125,1874.3125,1874.3125,1874.3125,100,0.0,0.0
2005-06-21 00:00:00+09:00,1874.3125,1874.3125,1874.3125,1874.3125,0,0.0,0.0
2005-06-22 00:00:00+09:00,1874.3125,1874.3125,1874.3125,1874.3125,0,0.0,0.0
2005-06-23 00:00:00+09:00,1874.3125,1874.3125,1874.3125,1874.3125,100,0.0,0.0
2005-06-24 00:00:00+09:00,1829.039306640625,1829.039306640625,1829.039306640625,1829.039306640625,300,0.0,0.0
2005-06-27 00:00:00+09:00,1829.039306640625,1829.039306640625,1829.039306640625,1829.039306640625,100,0.0,0.0
2005-06-28 00:00:00+09:00,1874.3125,1874.3125,1874.3125,1874.3125,100,0.0,0.0
2005-06-29 00:00:00+09:00,1883.3671497584542,1892.4217995169083,1874.3125,1874.3125,700,0.0,0.0
2005-06-30 00:00:00+09:00,1874.3125847381295,1874.3125847381295,1865.2579345703125,1865.2579345703125,300,0.0,0.0
2005-07-01 00:00:00+09:00,1892.4219970703125,1892.4219970703125,1892.4219970703125,1892.4219970703125,100,0.0,0.0
2005-07-04 00:00:00+09:00,2064.460205078125,2064.460205078125,2064.460205078125,2064.460205078125,200,0.0,0.0
2005-07-05 00:00:00+09:00,2046.350830078125,2046.350830078125,2046.350830078125,2046.350830078125,100,0.0,0.0
2005-07-06 00:00:00+09:00,2046.350830078125,2046.350830078125,2046.350830078125,2046.350830078125,0,0.0,0.0
2005-07-07 00:00:00+09:00,2046.350830078125,2046.350830078125,2046.350830078125,2046.350830078125,0,0.0,0.0
2005-07-08 00:00:00+09:00,1856.2033263878889,1964.859130859375,1856.2033263878889,1964.859130859375,1500,0.0,0.0
2005-07-11 00:00:00+09:00,1937.6953125,1937.6953125,1937.6953125,1937.6953125,100,0.0,0.0
2005-07-12 00:00:00+09:00,1910.5310815085827,1928.640380859375,1883.3671324823945,1928.640380859375,500,0.0,0.0
2005-07-13 00:00:00+09:00,1919.5859232088417,1919.5859232088417,1856.203369140625,1856.203369140625,500,0.0,0.0
2005-07-14 00:00:00+09:00,1892.421865211343,1919.5858154296875,1883.3672151385613,1919.5858154296875,800,0.0,0.0
2005-07-15 00:00:00+09:00,1955.8043298855634,1955.8043298855634,1928.640380859375,1928.640380859375,600,0.0,0.0
2005-07-18 00:00:00+09:00,1928.640380859375,1928.640380859375,1928.640380859375,1928.640380859375,0,0.0,0.0
2005-07-19 00:00:00+09:00,1892.4219970703125,1892.4219970703125,1892.4219970703125,1892.4219970703125,100,0.0,0.0
2005-07-20 00:00:00+09:00,1901.4765057231104,1946.749755859375,1901.4765057231104,1946.749755859375,300,0.0,0.0
2005-07-21 00:00:00+09:00,1928.6405998850553,1928.6405998850553,1892.4219970703125,1892.4219970703125,200,0.0,0.0
2005-07-22 00:00:00+09:00,1937.6953125,1937.6953125,1937.6953125,1937.6953125,100,0.0,0.0
2005-07-25 00:00:00+09:00,1946.7498301141272,1964.859130859375,1919.5858789962558,1964.859130859375,600,0.0,0.0
2005-07-26 00:00:00+09:00,1964.859120316939,1992.0230712890625,1964.859120316939,1992.0230712890625,800,0.0,0.0
2005-07-27 00:00:00+09:00,2118.788123337766,2182.1706740359045,2118.788123337766,2127.8427734375,1800,0.0,0.0
2005-07-28 00:00:00+09:00,2127.8429810613648,2127.8429810613648,2118.788330078125,2118.788330078125,200,0.0,0.0
2005-07-29 00:00:00+09:00,2019.186767578125,2019.186767578125,2019.186767578125,2019.186767578125,100,0.0,0.0
2005-08-01 00:00:00+09:00,2109.7332593977717,2127.8425577617013,2019.186767578125,2019.186767578125,900,0.0,0.0
2005-08-02 00:00:00+09:00,2073.514892578125,2073.514892578125,2073.514892578125,2073.514892578125,100,0.0,0.0
2005-08-03 00:00:00+09:00,2055.405592206264,2073.514892578125,2055.405592206264,2073.514892578125,300,0.0,0.0
2005-08-04 00:00:00+09:00,2064.460167435297,2064.460167435297,2055.405517578125,2055.405517578125,600,0.0,0.0
2005-08-05 00:00:00+09:00,2055.4056235573507,2055.4056235573507,1992.0230712890625,1992.0230712890625,400,0.0,0.0
2005-08-08 00:00:00+09:00,1810.9298095703125,1810.9298095703125,1765.6565643310548,1810.9298095703125,500,0.0,0.0
2005-08-09 00:00:00+09:00,2109.7335368213567,2109.7335368213567,1919.5858789962558,1964.859130859375,800,0.0,0.0
2005-08-10 00:00:00+09:00,1982.9685674649531,1982.9685674649531,1892.4220575350466,1937.6953125,2400,0.0,0.0
2005-08-11 00:00:00+09:00,1973.913990162037,1973.913990162037,1955.8046875,1955.8046875,300,0.0,0.0
2005-08-12 00:00:00+09:00,1992.0230712890625,1992.0230712890625,1992.0230712890625,1992.0230712890625,100,0.0,0.0
2005-08-15 00:00:00+09:00,2019.1872468171296,2019.1872468171296,1955.8046875,1955.8046875,700,0.0,0.0
2005-08-16 00:00:00+09:00,1982.9684578045462,2037.2963607580953,1982.9684578045462,2001.0777587890625,1200,0.0,0.0
2005-08-17 00:00:00+09:00,2046.350830078125,2046.350830078125,2046.350830078125,2046.350830078125,300,0.0,0.0
2005-08-18 00:00:00+09:00,2037.29638671875,2037.29638671875,2037.29638671875,2037.29638671875,200,0.0,0.0
2005-08-19 00:00:00+09:00,2037.2962270464216,2037.2962270464216,2019.1869272504534,2028.2415771484375,400,0.0,0.0
2005-08-22 00:00:00+09:00,2028.2415771484375,2028.2415771484375,2028.2415771484375,2028.2415771484375,0,0.0,0.0
2005-08-23 00:00:00+09:00,2019.186767578125,2019.186767578125,2019.186767578125,2019.186767578125,100,0.0,0.0
2005-08-24 00:00:00+09:00,2019.186767578125,2019.186767578125,2019.186767578125,2019.186767578125,0,0.0,0.0
2005-08-25 00:00:00+09:00,2019.186767578125,2019.186767578125,2019.186767578125,2019.186767578125,0,0.0,0.0
2005-08-26 00:00:00+09:00,2010.1323060501454,2010.1323060501454,1946.749755859375,1946.749755859375,300,0.0,0.0
2005-08-29 00:00:00+09:00,2001.0779441550926,2001.0779441550926,1955.8046875,1955.8046875,200,0.0,0.0
2005-08-30 00:00:00+09:00,2001.0777587890625,2001.0777587890625,2001.0777587890625,2001.0777587890625,100,0.0,0.0
2005-08-31 00:00:00+09:00,2001.0777587890625,2001.0777587890625,2001.0777587890625,2001.0777587890625,0,0.0,0.0
2005-09-01 00:00:00+09:00,2001.0777842881944,2037.29638671875,2001.0777842881944,2037.29638671875,300,0.0,0.0
2005-09-02 00:00:00+09:00,2209.334679066051,2218.3893293900924,1992.0230712890625,1992.0230712890625,1300,0.0,0.0
2005-09-05 00:00:00+09:00,2019.1869722406916,2173.11602393617,1992.0230219414893,2127.8427734375,3400,0.0,0.0
2005-09-06 00:00:00+09:00,2164.0613738364364,2200.2799742353723,2127.8427734375,2127.8427734375,1000,0.0,0.0
2005-09-07 00:00:00+09:00,2191.225189978335,2191.225189978335,2082.569395433955,2155.006591796875,1600,0.0,0.0
2005-09-08 00:00:00+09:00,2155.0065152443062,2155.0065152443062,2136.897216796875,2136.897216796875,800,0.0,0.0
2005-09-09 00:00:00+09:00,2091.6240234375,2136.8972706980517,2091.6240234375,2091.6240234375,300,0.0,0.0
2005-09-12 00:00:00+09:00,2182.170654296875,2182.170654296875,2155.006704243387,2182.170654296875,1700,0.0,0.0
2005-09-13 00:00:00+09:00,2218.3891997466217,2345.154296875,2218.3891997466217,2345.154296875,4600,0.0,0.0
2005-09-14 00:00:00+09:00,2390.427925441576,2499.083740234375,2363.2639717433763,2499.083740234375,6500,0.0,0.0
2005-09-15 00:00:00+09:00,2499.0829294023724,2499.0829294023724,2281.771370323905,2480.9736328125,4100,0.0,0.0
2005-09-16 00:00:00+09:00,2444.755615234375,2444.755615234375,2444.755615234375,2444.755615234375,200,0.0,0.0
2005-09-19 00:00:00+09:00,2444.755615234375,2444.755615234375,2444.755615234375,2444.755615234375,0,0.0,0.0
2005-09-20 00:00:00+09:00,2308.935592254298,2435.70068359375,2299.8809428729087,2435.70068359375,1300,0.0,0.0
2005-09-21 00:00:00+09:00,2444.755615234375,2444.755615234375,2444.755615234375,2444.755615234375,700,0.0,0.0
2005-09-22 00:00:00+09:00,2417.591552734375,2417.591552734375,2417.591552734375,2417.591552734375,100,0.0,0.0
2005-09-23 00:00:00+09:00,2417.591552734375,2417.591552734375,2417.591552734375,2417.591552734375,0,0.0,0.0
2005-09-26 00:00:00+09:00,2363.2635759626114,2363.2635759626114,2281.771728515625,2281.771728515625,800,0.0,0.0
2005-09-27 00:00:00+09:00,2381.3731064907342,2381.3731064907342,2336.099853515625,2336.099853515625,400,0.0,0.0
2005-09-28 00:00:00+09:00,2290.82666015625,2290.82666015625,2290.82666015625,2290.82666015625,300,0.0,0.0
2005-09-29 00:00:00+09:00,2155.006591796875,2155.006591796875,2155.006591796875,2155.006591796875,600,0.0,0.0
2005-09-30 00:00:00+09:00,2245.5534060029645,2290.82666015625,2245.5534060029645,2290.82666015625,400,0.0,0.0
2005-10-03 00:00:00+09:00,2173.115966796875,2173.115966796875,2127.842717488607,2173.115966796875,600,0.0,0.0
2005-10-04 00:00:00+09:00,2272.71728515625,2272.71728515625,2272.71728515625,2272.71728515625,100,0.0,0.0
2005-10-05 00:00:00+09:00,2227.44384765625,2227.44384765625,2227.44384765625,2227.44384765625,400,0.0,0.0
2005-10-06 00:00:00+09:00,2155.0066670735678,2173.115966796875,2136.8973673502605,2173.115966796875,800,0.0,0.0
2005-10-07 00:00:00+09:00,2173.115966796875,2173.115966796875,2173.115966796875,2173.115966796875,0,0.0,0.0
2005-10-10 00:00:00+09:00,2173.115966796875,2173.115966796875,2173.115966796875,2173.115966796875,0,0.0,0.0
2005-10-11 00:00:00+09:00,2218.3889931126646,2290.8261847245067,2218.3889931126646,2236.498291015625,800,0.0,0.0
2005-10-12 00:00:00+09:00,2263.6625603978414,2263.6625603978414,2254.60791015625,2254.60791015625,500,0.0,0.0
2005-10-13 00:00:00+09:00,2254.60791015625,2254.60791015625,2254.60791015625,2254.60791015625,100,0.0,0.0
2005-10-14 00:00:00+09:00,2254.60791015625,2254.60791015625,2254.60791015625,2254.60791015625,200,0.0,0.0
2005-10-17 00:00:00+09:00,2254.60791015625,2254.60791015625,2254.60791015625,2254.60791015625,100,0.0,0.0
2005-10-18 00:00:00+09:00,2173.115966796875,2173.115966796875,2173.115966796875,2173.115966796875,100,0.0,0.0
2005-10-19 00:00:00+09:00,2173.11602393617,2173.11602393617,2100.678823138298,2127.8427734375,1200,0.0,0.0
2005-10-20 00:00:00+09:00,2173.11602393617,2173.11602393617,2127.8427734375,2127.8427734375,200,0.0,0.0
2005-10-21 00:00:00+09:00,2127.8427734375,2127.8427734375,2127.8427734375,2127.8427734375,0,0.0,0.0
2005-10-24 00:00:00+09:00,2127.8429442311563,2127.8429442311563,2109.733642578125,2109.733642578125,200,0.0,0.0
2005-10-25 00:00:00+09:00,2127.8424404256016,2164.06103515625,2118.7877917429396,2164.06103515625,300,0.0,0.0
2005-10-26 00:00:00+09:00,2109.73334407005,2155.006591796875,2109.73334407005,2155.006591796875,600,0.0,0.0
2005-10-27 00:00:00+09:00,2145.951737790926,2164.06103515625,2145.951737790926,2164.06103515625,200,0.0,0.0
2005-10-28 00:00:00+09:00,2155.0066670735678,2173.115966796875,2155.0066670735678,2173.115966796875,400,0.0,0.0
2005-10-31 00:00:00+09:00,2191.225341796875,2191.225341796875,2191.225341796875,2191.225341796875,100,0.0,0.0
2005-11-01 00:00:00+09:00,2191.225341796875,2191.225341796875,2191.225341796875,2191.225341796875,0,0.0,0.0
2005-11-02 00:00:00+09:00,2218.38913861443,2218.38913861443,2155.006591796875,2155.006591796875,400,0.0,0.0
2005-11-03 00:00:00+09:00,2155.006591796875,2155.006591796875,2155.006591796875,2155.006591796875,0,0.0,0.0
2005-11-04 00:00:00+09:00,2155.006591796875,2155.006591796875,2155.006591796875,2155.006591796875,200,0.0,0.0
2005-11-07 00:00:00+09:00,2155.006591796875,2155.006591796875,2155.006591796875,2155.006591796875,100,0.0,0.0
2005-11-08 00:00:00+09:00,2155.006591796875,2155.006591796875,2155.006591796875,2155.006591796875,100,0.0,0.0
2005-11-09 00:00:00+09:00,2145.952017211914,2173.115966796875,2145.952017211914,2173.115966796875,400,0.0,0.0
2005-11-10 00:00:00+09:00,2173.1156346055327,2209.334228515625,2173.1156346055327,2209.334228515625,800,0.0,0.0
2005-11-11 00:00:00+09:00,2218.389292315018,2218.389292315018,2191.225341796875,2191.225341796875,200,0.0,0.0
2005-11-14 00:00:00+09:00,2254.60785443951,2254.60785443951,2182.170654296875,2182.170654296875,200,0.0,0.0
2005-11-15 00:00:00+09:00,2191.2253043147043,2191.2253043147043,2182.170654296875,2182.170654296875,200,0.0,0.0
2005-11-16 00:00:00+09:00,2182.1706166585286,2200.279916381836,2173.115966796875,2173.115966796875,300,0.0,0.0
2005-11-17 00:00:00+09:00,2209.334228515625,2209.334228515625,2209.334228515625,2209.334228515625,100,0.0,0.0
2005-11-18 00:00:00+09:00,2182.170654296875,2182.170654296875,2182.170654296875,2182.170654296875,100,0.0,0.0
2005-11-21 00:00:00+09:00,2209.334228515625,2209.334228515625,2209.334228515625,2209.334228515625,100,0.0,0.0
2005-11-22 00:00:00+09:00,2209.334228515625,2209.334228515625,2209.334228515625,2209.334228515625,0,0.0,0.0
2005-11-23 00:00:00+09:00,2209.334228515625,2209.334228515625,2209.334228515625,2209.334228515625,0,0.0,0.0
2005-11-24 00:00:00+09:00,2245.5534527658046,2363.263916015625,2245.5534527658046,2363.263916015625,700,0.0,0.0
2005-11-25 00:00:00+09:00,2263.6624468051323,2263.6624468051323,2227.44384765625,2227.44384765625,300,0.0,0.0
2005-11-28 00:00:00+09:00,2263.66259765625,2263.66259765625,2263.66259765625,2263.66259765625,100,0.0,0.0
2005-11-29 00:00:00+09:00,2254.6079472656247,2263.66259765625,2254.6079472656247,2263.66259765625,200,0.0,0.0
2005-11-30 00:00:00+09:00,2308.935791015625,2308.935791015625,2308.935791015625,2308.935791015625,100,0.0,0.0
2005-12-01 00:00:00+09:00,2299.88134765625,2299.88134765625,2299.88134765625,2299.88134765625,100,0.0,0.0
2005-12-02 00:00:00+09:00,2408.5369427849264,2616.793896484375,2308.935791015625,2308.935791015625,3900,0.0,0.0
2005-12-05 00:00:00+09:00,2281.7713758680557,2281.7713758680557,2155.0062994309415,2200.279541015625,2600,0.0,0.0
2005-12-06 00:00:00+09:00,2200.279541015625,2200.279541015625,2200.279541015625,2200.279541015625,0,0.0,0.0
2005-12-07 00:00:00+09:00,2272.716886821546,2272.716886821546,2182.1703973067433,2236.498291015625,2000,0.0,0.0
2005-12-08 00:00:00+09:00,2218.388876993148,2218.388876993148,2209.334228515625,2209.334228515625,200,0.0,0.0
2005-12-09 00:00:00+09:00,2200.2799721994706,2245.55322265625,2200.2799721994706,2245.55322265625,300,0.0,0.0
2005-12-12 00:00:00+09:00,2254.6076889038086,2317.990234375,2218.389091491699,2317.990234375,600,0.0,0.0
2005-12-13 00:00:00+09:00,2299.8810279482886,2299.8810279482886,2263.6624290829614,2281.771728515625,800,0.0,0.0
2005-12-14 00:00:00+09:00,2327.045202920603,2336.099853515625,2281.7719499454943,2336.099853515625,500,0.0,0.0
2005-12-15 00:00:00+09:00,2417.591493187881,2417.591493187881,2218.3891978690294,2227.44384765625,1400,0.0,0.0
2005-12-16 00:00:00+09:00,2245.5529399671054,2245.5529399671054,2236.498291015625,2236.498291015625,300,0.0,0.0
2005-12-19 00:00:00+09:00,2191.225189978335,2191.225189978335,2155.006591796875,2155.006591796875,900,0.0,0.0
2005-12-20 00:00:00+09:00,2173.1158136917375,2173.1158136917375,2091.623970678297,2136.897216796875,900,0.0,0.0
2005-12-21 00:00:00+09:00,2091.624173038564,2173.11602393617,2082.56952293883,2127.8427734375,800,0.0,0.0
2005-12-22 00:00:00+09:00,2100.678955078125,2100.678955078125,2046.351051067484,2100.678955078125,2000,0.0,0.0
2005-12-23 00:00:00+09:00,2100.678955078125,2100.678955078125,2100.678955078125,2100.678955078125,0,0.0,0.0
2005-12-26 00:00:00+09:00,2100.678955078125,2100.678955078125,2100.678955078125,2100.678955078125,200,0.0,0.0
2005-12-27 00:00:00+09:00,2109.733642578125,2109.733642578125,2109.733642578125,2109.733642578125,200,0.0,0.0
2005-12-28 00:00:00+09:00,2127.8427734375,2127.8427734375,2127.8427734375,2127.8427734375,200,0.0,0.0
2005-12-29 00:00:00+09:00,2127.8429070834454,2127.8429070834454,2100.678955078125,2100.678955078125,200,0.0,0.0
2005-12-30 00:00:00+09:00,2091.6240234375,2091.6240234375,2091.6240234375,2091.6240234375,100,0.0,0.0
2006-01-02 00:00:00+09:00,2091.6240234375,2091.6240234375,2091.6240234375,2091.6240234375,0,0.0,0.0
2006-01-03 00:00:00+09:00,2091.6240234375,2091.6240234375,2091.6240234375,2091.6240234375,0,0.0,0.0
2006-01-04 00:00:00+09:00,2091.6240234375,2091.6240234375,2091.6240234375,2091.6240234375,0,0.0,0.0
2006-01-05 00:00:00+09:00,2155.00679296875,2408.53700390625,2155.00679296875,2263.66259765625,1800,0.0,0.0
2006-01-06 00:00:00+09:00,2218.388671875,2218.388671875,2218.388671875,2218.388671875,300,0.0,0.0
2006-01-09 00:00:00+09:00,2218.388671875,2218.388671875,2218.388671875,2218.388671875,0,0.0,0.0
2006-01-10 00:00:00+09:00,2245.55320442168,2245.55320442168,2173.1160042790457,2182.170654296875,1000,0.0,0.0
2006-01-11 00:00:00+09:00,2245.553147230691,2245.553147230691,2227.44384765625,2227.44384765625,400,0.0,0.0
2006-01-12 00:00:00+09:00,2254.6072624362246,2254.6072624362246,2218.388671875,2218.388671875,300,0.0,0.0
2006-01-13 00:00:00+09:00,2254.607893005875,2254.607893005875,2191.225341796875,2191.225341796875,200,0.0,0.0
2006-01-16 00:00:00+09:00,2245.5532599146586,2254.60791015625,2245.5532599146586,2254.60791015625,400,0.0,0.0
2006-01-17 00:00:00+09:00,2254.60791015625,2254.60791015625,2254.60791015625,2254.60791015625,0,0.0,0.0
2006-01-18 00:00:00+09:00,2173.115966796875,2173.115966796875,2173.115966796875,2173.115966796875,200,0.0,0.0
2006-01-19 00:00:00+09:00,2082.5693359375,2082.5693359375,2082.5693359375,2082.5693359375,400,0.0,0.0
2006-01-20 00:00:00+09:00,2082.5693359375,2082.5693359375,2082.5693359375,2082.5693359375,0,0.0,0.0
2006-01-23 00:00:00+09:00,2082.5693359375,2082.5693359375,2082.5693359375,2082.5693359375,0,0.0,0.0
2006-01-24 00:00:00+09:00,2082.5693359375,2082.5693359375,2082.5693359375,2082.5693359375,0,0.0,0.0
2006-01-25 00:00:00+09:00,2037.2960659420544,2037.2960659420544,2019.186767578125,2019.186767578125,800,0.0,0.0
2006-01-26 00:00:00+09:00,2019.186767578125,2019.186767578125,2019.186767578125,2019.186767578125,100,0.0,0.0
2006-01-27 00:00:00+09:00,2109.733642578125,2109.733642578125,2109.733642578125,2109.733642578125,300,0.0,0.0
2006-01-30 00:00:00+09:00,2082.569690098578,2109.733642578125,2082.569690098578,2109.733642578125,200,0.0,0.0
2006-01-31 00:00:00+09:00,2164.0613738364364,2164.0613738364364,2127.8427734375,2127.8427734375,200,0.0,0.0
2006-02-01 00:00:00+09:00,2091.6239852241847,2091.6239852241847,2082.5693359375,2082.5693359375,400,0.0,0.0
2006-02-02 00:00:00+09:00,2082.569467149642,2082.569467149642,2055.405517578125,2055.405517578125,400,0.0,0.0
2006-02-03 00:00:00+09:00,2046.350830078125,2046.350830078125,2019.1868810062915,2046.350830078125,400,0.0,0.0
2006-02-06 00:00:00+09:00,2055.405517578125,2073.5148172924696,2055.405517578125,2055.405517578125,500,0.0,0.0
2006-02-07 00:00:00+09:00,2055.405517578125,2055.405517578125,2055.405517578125,2055.405517578125,0,0.0,0.0
2006-02-08 00:00:00+09:00,2055.405517578125,2055.405517578125,2055.405517578125,2055.405517578125,0,0.0,0.0
2006-02-09 00:00:00+09:00,2055.405517578125,2055.405517578125,2055.405517578125,2055.405517578125,0,0.0,0.0
2006-02-10 00:00:00+09:00,2127.842646418391,2127.842646418391,2010.1322021484375,2010.1322021484375,200,0.0,0.0
2006-02-13 00:00:00+09:00,2046.3509061591571,2046.3509061591571,1946.749755859375,1946.749755859375,600,0.0,0.0
2006-02-14 00:00:00+09:00,1955.8046875,1955.8046875,1955.8046875,1955.8046875,200,0.0,0.0
2006-02-15 00:00:00+09:00,1973.9139404296875,1973.9139404296875,1973.9139404296875,1973.9139404296875,100,0.0,0.0
2006-02-16 00:00:00+09:00,1964.859130859375,1964.859130859375,1964.859130859375,1964.859130859375,100,0.0,0.0
2006-02-17 00:00:00+09:00,1964.859130859375,1964.859130859375,1964.859130859375,1964.859130859375,0,0.0,0.0
2006-02-20 00:00:00+09:00,1856.203369140625,1856.203369140625,1856.203369140625,1856.203369140625,100,0.0,0.0
2006-02-21 00:00:00+09:00,1856.203369140625,1856.203369140625,1856.203369140625,1856.203369140625,0,0.0,0.0
2006-02-22 00:00:00+09:00,1856.203369140625,1856.203369140625,1856.203369140625,1856.203369140625,0,0.0,0.0
2006-02-23 00:00:00+09:00,1810.9298095703125,1810.9298095703125,1810.9298095703125,1810.9298095703125,400,0.0,0.0
2006-02-24 00:00:00+09:00,1810.9298095703125,1810.9298095703125,1810.9298095703125,1810.9298095703125,0,0.0,0.0
2006-02-27 00:00:00+09:00,1856.203369140625,1892.4219714653202,1856.203369140625,1856.203369140625,300,0.0,0.0
2006-02-28 00:00:00+09:00,1819.984619140625,1819.984619140625,1819.984619140625,1819.984619140625,100,0.0,0.0
2006-03-01 00:00:00+09:00,1892.4217907133557,1901.4764404296875,1892.4217907133557,1901.4764404296875,200,0.0,0.0
2006-03-02 00:00:00+09:00,1955.804369149229,2055.405517578125,1955.804369149229,2055.405517578125,300,0.0,0.0
2006-03-03 00:00:00+09:00,1992.0230339433504,1992.0230339433504,1982.9683837890625,1982.9683837890625,300,0.0,0.0
2006-03-06 00:00:00+09:00,1847.148605559593,1955.804405886628,1847.148605559593,1946.749755859375,700,0.0,0.0
2006-03-07 00:00:00+09:00,1946.749755859375,1946.749755859375,1946.749755859375,1946.749755859375,0,0.0,0.0
2006-03-08 00:00:00+09:00,1946.749755859375,1946.749755859375,1946.749755859375,1946.749755859375,0,0.0,0.0
2006-03-09 00:00:00+09:00,1946.749755859375,1946.749755859375,1946.749755859375,1946.749755859375,0,0.0,0.0
2006-03-10 00:00:00+09:00,2073.514856240916,2073.514856240916,1946.749755859375,1946.749755859375,400,0.0,0.0
2006-03-13 00:00:00+09:00,1946.749755859375,1946.749755859375,1946.749755859375,1946.749755859375,200,0.0,0.0
2006-03-14 00:00:00+09:00,1992.0230712890625,1992.0230712890625,1992.0230712890625,1992.0230712890625,100,0.0,0.0
2006-03-15 00:00:00+09:00,2037.29638671875,2037.29638671875,2037.29638671875,2037.29638671875,100,0.0,0.0
2006-03-16 00:00:00+09:00,2064.460205078125,2064.460205078125,2064.460205078125,2064.460205078125,100,0.0,0.0
2006-03-17 00:00:00+09:00,2064.460205078125,2064.460205078125,2064.460205078125,2064.460205078125,100,0.0,0.0
2006-03-20 00:00:00+09:00,2064.460205078125,2064.460205078125,2064.460205078125,2064.460205078125,0,0.0,0.0
2006-03-21 00:00:00+09:00,2064.460205078125,2064.460205078125,2064.460205078125,2064.460205078125,0,0.0,0.0
2006-03-22 00:00:00+09:00,2064.460205078125,2064.460205078125,2064.460205078125,2064.460205078125,0,0.0,0.0
2006-03-23 00:00:00+09:00,2064.460205078125,2064.460205078125,2064.460205078125,2064.460205078125,0,0.0,0.0
2006-03-24 00:00:00+09:00,2064.460205078125,2064.460205078125,2064.460205078125,2064.460205078125,0,0.0,0.0
2006-03-27 00:00:00+09:00,2037.2963229092686,2037.2963229092686,1992.0230712890625,1992.0230712890625,300,0.0,0.0
2006-03-28 00:00:00+09:00,1992.0230712890625,1992.0230712890625,1992.0230712890625,1992.0230712890625,0,0.0,0.0
2006-03-29 00:00:00+09:00,1992.0230712890625,1992.0230712890625,1992.0230712890625,1992.0230712890625,100,0.0,0.0
2006-03-30 00:00:00+09:00,1955.8046875,1955.8046875,1955.8046875,1955.8046875,300,0.0,0.0
2006-03-31 00:00:00+09:00,1955.8046875,1955.8046875,1955.8046875,1955.8046875,0,0.0,0.0
2006-04-03 00:00:00+09:00,2082.5693359375,2082.5693359375,2073.5146866508153,2082.5693359375,400,0.0,0.0
2006-04-04 00:00:00+09:00,1992.0231336805555,2037.29638671875,1992.0231336805555,2037.29638671875,300,0.0,0.0
2006-04-05 00:00:00+09:00,2037.29638671875,2037.29638671875,2037.29638671875,2037.29638671875,0,0.0,0.0
2006-04-06 00:00:00+09:00,1982.9684209650213,1992.0230712890625,1982.9684209650213,1992.0230712890625,200,0.0,0.0
2006-04-07 00:00:00+09:00,1992.0230712890625,1992.0230712890625,1992.0230712890625,1992.0230712890625,100,0.0,0.0
2006-04-10 00:00:00+09:00,2118.7879968591637,2118.7879968591637,2010.1322021484375,2010.1322021484375,1300,0.0,0.0
2006-04-11 00:00:00+09:00,2100.678610215807,2127.8425577617013,2019.186767578125,2019.186767578125,700,0.0,0.0
2006-04-12 00:00:00+09:00,2109.733473238032,2127.8427734375,2109.733473238032,2127.8427734375,300,0.0,0.0
2006-04-13 00:00:00+09:00,2155.006591796875,2155.006591796875,2155.006591796875,2155.006591796875,800,0.0,0.0
2006-04-14 00:00:00+09:00,2109.7334933218476,2109.7334933218476,2064.4602423921942,2073.514892578125,300,0.0,0.0
2006-04-17 00:00:00+09:00,2073.514892578125,2073.514892578125,2073.514892578125,2073.514892578125,0,0.0,0.0
2006-04-18 00:00:00+09:00,2073.514892578125,2073.514892578125,2073.514892578125,2073.514892578125,600,0.0,0.0
2006-04-19 00:00:00+09:00,2073.514892578125,2073.514892578125,2073.514892578125,2073.514892578125,0,0.0,0.0
2006-04-20 00:00:00+09:00,2064.460205078125,2064.460205078125,2064.460205078125,2064.460205078125,100,0.0,0.0
2006-04-21 00:00:00+09:00,2019.186767578125,2019.186767578125,2019.186767578125,2019.186767578125,100,0.0,0.0
2006-04-24 00:00:00+09:00,2019.186767578125,2019.186767578125,2019.186767578125,2019.186767578125,100,0.0,0.0
2006-04-25 00:00:00+09:00,2019.186767578125,2019.186767578125,2019.186767578125,2019.186767578125,100,0.0,0.0
2006-04-26 00:00:00+09:00,2019.186767578125,2019.186767578125,2019.186767578125,2019.186767578125,200,0.0,0.0
2006-04-27 00:00:00+09:00,2145.9518561256305,2145.9518561256305,2019.186767578125,2019.186767578125,500,0.0,0.0
2006-04-28 00:00:00+09:00,2019.186767578125,2019.186767578125,2019.186767578125,2019.186767578125,0,0.0,0.0
2006-05-01 00:00:00+09:00,2019.186767578125,2019.186767578125,2019.186767578125,2019.186767578125,0,0.0,0.0
2006-05-02 00:00:00+09:00,2019.186767578125,2019.186767578125,2019.186767578125,2019.186767578125,0,0.0,0.0
2006-05-03 00:00:00+09:00,2019.186767578125,2019.186767578125,2019.186767578125,2019.186767578125,0,0.0,0.0
2006-05-04 00:00:00+09:00,2019.186767578125,2019.186767578125,2019.186767578125,2019.186767578125,0,0.0,0.0
2006-05-05 00:00:00+09:00,2019.186767578125,2019.186767578125,2019.186767578125,2019.186767578125,0,0.0,0.0
2006-05-08 00:00:00+09:00,2019.186767578125,2019.186767578125,2019.186767578125,2019.186767578125,0,0.0,0.0
2006-05-09 00:00:00+09:00,2019.186767578125,2019.186767578125,2019.186767578125,2019.186767578125,0,0.0,0.0
2006-05-10 00:00:00+09:00,2109.733642578125,2109.733642578125,2109.733642578125,2109.733642578125,100,0.0,0.0
2006-05-11 00:00:00+09:00,2127.8427734375,2127.8427734375,2127.8427734375,2127.8427734375,100,0.0,0.0
2006-05-12 00:00:00+09:00,2173.115966796875,2173.115966796875,2173.115966796875,2173.115966796875,100,0.0,0.0
2006-05-15 00:00:00+09:00,2173.115966796875,2173.115966796875,2173.115966796875,2173.115966796875,100,0.0,0.0
2006-05-16 00:00:00+09:00,2173.115966796875,2173.115966796875,2173.115966796875,2173.115966796875,0,0.0,0.0
2006-05-17 00:00:00+09:00,2173.115966796875,2173.115966796875,2173.115966796875,2173.115966796875,0,0.0,0.0
2006-05-18 00:00:00+09:00,2173.115966796875,2173.115966796875,2173.115966796875,2173.115966796875,0,0.0,0.0
2006-05-19 00:00:00+09:00,2173.115966796875,2173.115966796875,2173.115966796875,2173.115966796875,0,0.0,0.0
2006-05-22 00:00:00+09:00,2127.8427734375,2127.8427734375,2127.8427734375,2127.8427734375,100,0.0,0.0
2006-05-23 00:00:00+09:00,2127.8427734375,2127.8427734375,2127.8427734375,2127.8427734375,100,0.0,0.0
2006-05-24 00:00:00+09:00,2127.8427734375,2127.8427734375,2127.8427734375,2127.8427734375,0,0.0,0.0
2006-05-25 00:00:00+09:00,2127.8427734375,2127.8427734375,2127.8427734375,2127.8427734375,0,0.0,0.0
2006-05-26 00:00:00+09:00,2118.788330078125,2118.788330078125,2118.788330078125,2118.788330078125,100,0.0,0.0
2006-05-29 00:00:00+09:00,2127.8427734375,2127.8427734375,2127.8427734375,2127.8427734375,300,0.0,0.0
2006-05-30 00:00:00+09:00,1992.0230339433504,1992.0230339433504,1982.9683837890625,1982.9683837890625,300,0.0,0.0
2006-05-31 00:00:00+09:00,1910.5311825547587,1982.9683837890625,1910.5311825547587,1982.9683837890625,500,0.0,0.0
2006-06-01 00:00:00+09:00,1982.9683837890625,1982.9683837890625,1982.9683837890625,1982.9683837890625,0,0.0,0.0
2006-06-02 00:00:00+09:00,1720.38330078125,1720.38330078125,1720.38330078125,1720.38330078125,100,0.0,0.0
2006-06-05 00:00:00+09:00,1729.4379681396485,1810.9298095703125,1720.383319091797,1810.9298095703125,700,0.0,0.0
2006-06-06 00:00:00+09:00,1675.1102388822114,1765.65673828125,1629.8369891826924,1765.65673828125,900,0.0,0.0
2006-06-07 00:00:00+09:00,1801.875160522461,1856.2030548095704,1765.6565643310548,1810.9298095703125,700,0.0,0.0
2006-06-08 00:00:00+09:00,1810.9298095703125,1810.9298095703125,1810.9298095703125,1810.9298095703125,100,0.0,0.0
2006-06-09 00:00:00+09:00,1901.4765057231104,1946.749755859375,1901.4765057231104,1946.749755859375,200,0.0,0.0
2006-06-12 00:00:00+09:00,1720.3835967092805,1810.9301017992425,1720.3835967092805,1792.82080078125,900,0.0,0.0
2006-06-13 00:00:00+09:00,1883.3671875,1883.3671875,1883.3671875,1883.3671875,100,0.0,0.0
2006-06-14 00:00:00+09:00,1883.367001953125,1883.367001953125,1810.9298095703125,1810.9298095703125,800,0.0,0.0
2006-06-15 00:00:00+09:00,1883.3671875,1883.3671875,1883.3671875,1883.3671875,100,0.0,0.0
2006-06-16 00:00:00+09:00,1928.6403366932318,1928.6403366932318,1792.8205946725818,1801.875244140625,1600,0.0,0.0
2006-06-19 00:00:00+09:00,1810.9298095703125,1810.9298095703125,1810.9298095703125,1810.9298095703125,100,0.0,0.0
2006-06-20 00:00:00+09:00,1810.9298095703125,1810.9298095703125,1810.9298095703125,1810.9298095703125,0,0.0,0.0
2006-06-21 00:00:00+09:00,1810.9298095703125,1810.9298095703125,1810.9298095703125,1810.9298095703125,0,0.0,0.0
2006-06-22 00:00:00+09:00,1774.7112133789062,1810.9298095703125,1765.6565643310548,1810.9298095703125,300,0.0,0.0
2006-06-23 00:00:00+09:00,1810.9298095703125,1810.9298095703125,1810.9298095703125,1810.9298095703125,100,0.0,0.0
2006-06-26 00:00:00+09:00,1810.9298095703125,1810.9298095703125,1810.9298095703125,1810.9298095703125,100,0.0,0.0
2006-06-27 00:00:00+09:00,1765.6565643310548,1810.9298095703125,1765.6565643310548,1810.9298095703125,200,0.0,0.0
2006-06-28 00:00:00+09:00,1856.203369140625,1856.203369140625,1856.203369140625,1856.203369140625,100,0.0,0.0
2006-06-29 00:00:00+09:00,1856.203369140625,1856.203369140625,1856.203369140625,1856.203369140625,0,0.0,0.0
2006-06-30 00:00:00+09:00,1856.203369140625,1856.203369140625,1856.203369140625,1856.203369140625,0,0.0,0.0
2006-07-03 00:00:00+09:00,1901.4764785766602,2028.2415771484375,1892.421828678676,2028.2415771484375,400,0.0,0.0
2006-07-04 00:00:00+09:00,2019.186767578125,2019.186767578125,2019.186767578125,2019.186767578125,100,0.0,0.0
2006-07-05 00:00:00+09:00,2019.186767578125,2019.186767578125,2019.186767578125,2019.186767578125,0,0.0,0.0
2006-07-06 00:00:00+09:00,2019.186767578125,2019.186767578125,2019.186767578125,2019.186767578125,0,0.0,0.0
2006-07-07 00:00:00+09:00,2019.186767578125,2019.186767578125,2019.186767578125,2019.186767578125,0,0.0,0.0
2006-07-10 00:00:00+09:00,2010.132181905622,2010.132181905622,1801.875244140625,1801.875244140625,500,0.0,0.0
2006-07-11 00:00:00+09:00,1982.968318720746,2109.7334167211593,1982.968318720746,2055.405517578125,1600,0.0,0.0
2006-07-12 00:00:00+09:00,2100.6788051672147,2127.842755234032,2064.460205078125,2064.460205078125,700,0.0,0.0
2006-07-13 00:00:00+09:00,2100.678955078125,2100.678955078125,2100.678955078125,2100.678955078125,100,0.0,0.0
2006-07-14 00:00:00+09:00,2100.678955078125,2100.678955078125,2100.678955078125,2100.678955078125,0,0.0,0.0
2006-07-17 00:00:00+09:00,2100.678955078125,2100.678955078125,2100.678955078125,2100.678955078125,0,0.0,0.0
2006-07-18 00:00:00+09:00,2037.29638671875,2037.29638671875,2037.29638671875,2037.29638671875,100,0.0,0.0
2006-07-19 00:00:00+09:00,1901.4764404296875,1901.4764404296875,1901.4764404296875,1901.4764404296875,100,0.0,0.0
2006-07-20 00:00:00+09:00,1810.9298095703125,1810.9298095703125,1810.9298095703125,1810.9298095703125,100,0.0,0.0
2006-07-21 00:00:00+09:00,1810.9298095703125,1810.9298095703125,1810.9298095703125,1810.9298095703125,100,0.0,0.0
2006-07-24 00:00:00+09:00,1810.9298095703125,1810.9298095703125,1810.9298095703125,1810.9298095703125,200,0.0,0.0
2006-07-25 00:00:00+09:00,1675.1102294921875,1675.1102294921875,1675.1102294921875,1675.1102294921875,100,0.0,0.0
2006-07-26 00:00:00+09:00,1756.60205078125,1756.60205078125,1756.60205078125,1756.60205078125,100,0.0,0.0
2006-07-27 00:00:00+09:00,1865.2576840049342,1865.2576840049342,1720.38330078125,1720.38330078125,1300,0.0,0.0
2006-07-28 00:00:00+09:00,1865.2576840049342,1865.2576840049342,1720.38330078125,1720.38330078125,1300,0.0,0.0
2006-07-31 00:00:00+09:00,1756.60205078125,1756.60205078125,1756.60205078125,1756.60205078125,100,0.0,0.0
2006-08-01 00:00:00+09:00,1756.60205078125,1756.60205078125,1756.60205078125,1756.60205078125,0,0.0,0.0
2006-08-02 00:00:00+09:00,1765.65673828125,1765.65673828125,1765.65673828125,1765.65673828125,100,0.0,0.0
2006-08-03 00:00:00+09:00,1720.383581990347,1729.438232421875,1720.383581990347,1729.438232421875,200,0.0,0.0
2006-08-04 00:00:00+09:00,1729.438232421875,1729.438232421875,1729.438232421875,1729.438232421875,0,0.0,0.0
2006-08-07 00:00:00+09:00,1657.0009765625,1657.0009765625,1657.0009765625,1657.0009765625,100,0.0,0.0
2006-08-08 00:00:00+09:00,1657.0009765625,1657.0009765625,1657.0009765625,1657.0009765625,0,0.0,0.0
2006-08-09 00:00:00+09:00,1756.60205078125,1756.60205078125,1756.60205078125,1756.60205078125,100,0.0,0.0
2006-08-10 00:00:00+09:00,1756.60205078125,1756.60205078125,1756.60205078125,1756.60205078125,100,0.0,0.0
2006-08-11 00:00:00+09:00,2037.2964359660004,2173.116198363734,2037.2964359660004,2109.733642578125,1100,0.0,0.0
2006-08-14 00:00:00+09:00,2091.6241668125367,2091.6241668125367,1865.2579149929982,1919.5858154296875,1000,0.0,0.0
2006-08-15 00:00:00+09:00,1964.8590559138809,1964.8590559138809,1946.749755859375,1946.749755859375,200,0.0,0.0
2006-08-16 00:00:00+09:00,1819.9845929827009,1982.9682878766741,1819.9845929827009,1901.4764404296875,900,0.0,0.0
2006-08-17 00:00:00+09:00,1955.8046875,1955.8046875,1955.8046875,1955.8046875,300,0.0,0.0
2006-08-18 00:00:00+09:00,1819.9848495911215,1937.6953125,1819.9848495911215,1937.6953125,1900,0.0,0.0
2006-08-21 00:00:00+09:00,1874.3125,1883.3671497584542,1865.2578502415458,1874.3125,700,0.0,0.0
2006-08-22 00:00:00+09:00,1874.3125,1874.3125,1874.3125,1874.3125,0,0.0,0.0
2006-08-23 00:00:00+09:00,1874.3125,1874.3125,1874.3125,1874.3125,100,0.0,0.0
2006-08-24 00:00:00+09:00,1874.3125,1874.3125,1874.3125,1874.3125,0,0.0,0.0
2006-08-25 00:00:00+09:00,1883.3671875,1883.3671875,1883.3671875,1883.3671875,100,0.0,0.0
2006-08-28 00:00:00+09:00,1973.913707166615,1973.913707166615,1829.039306640625,1829.039306640625,400,0.0,0.0
2006-08-29 00:00:00+09:00,1729.4381206759174,1819.984619140625,1729.4381206759174,1819.984619140625,300,0.0,0.0
2006-08-30 00:00:00+09:00,1819.984619140625,1819.984619140625,1819.984619140625,1819.984619140625,0,0.0,0.0
2006-08-31 00:00:00+09:00,1819.984619140625,1819.984619140625,1819.984619140625,1819.984619140625,0,0.0,0.0
2006-09-01 00:00:00+09:00,1819.984619140625,1819.984619140625,1819.984619140625,1819.984619140625,0,0.0,0.0
2006-09-04 00:00:00+09:00,1819.984619140625,1819.984619140625,1819.984619140625,1819.984619140625,0,0.0,0.0
2006-09-05 00:00:00+09:00,1819.984619140625,1819.984619140625,1819.984619140625,1819.984619140625,0,0.0,0.0
2006-09-06 00:00:00+09:00,1856.203369140625,1856.203369140625,1856.203369140625,1856.203369140625,100,0.0,0.0
2006-09-07 00:00:00+09:00,1856.203369140625,1856.203369140625,1856.203369140625,1856.203369140625,0,0.0,0.0
2006-09-08 00:00:00+09:00,1792.82080078125,1792.82080078125,1792.82080078125,1792.82080078125,100,0.0,0.0
2006-09-11 00:00:00+09:00,1783.766150272254,1792.82080078125,1783.766150272254,1792.82080078125,200,0.0,0.0
2006-09-12 00:00:00+09:00,1838.093994140625,1838.093994140625,1838.093994140625,1838.093994140625,100,0.0,0.0
2006-09-13 00:00:00+09:00,1847.1485877403845,1847.1485877403845,1765.65673828125,1765.65673828125,400,0.0,0.0
2006-09-14 00:00:00+09:00,1856.203369140625,1856.203369140625,1847.1487185594513,1856.203369140625,400,0.0,0.0
2006-09-15 00:00:00+09:00,1901.4764404296875,1901.4764404296875,1901.4764404296875,1901.4764404296875,200,0.0,0.0
2006-09-18 00:00:00+09:00,1901.4764404296875,1901.4764404296875,1901.4764404296875,1901.4764404296875,0,0.0,0.0
2006-09-19 00:00:00+09:00,1765.65673828125,1765.65673828125,1765.65673828125,1765.65673828125,100,0.0,0.0
2006-09-20 00:00:00+09:00,1874.312616493496,1874.312616493496,1783.76611328125,1783.76611328125,700,0.0,0.0
2006-09-21 00:00:00+09:00,1756.60205078125,1756.60205078125,1756.60205078125,1756.60205078125,100,0.0,0.0
2006-09-22 00:00:00+09:00,1747.5474853515625,1747.5474853515625,1747.5474853515625,1747.5474853515625,100,0.0,0.0
2006-09-25 00:00:00+09:00,1747.5474853515625,1747.5474853515625,1747.5474853515625,1747.5474853515625,0,0.0,0.0
2006-09-26 00:00:00+09:00,1810.9298095703125,1810.9298095703125,1810.9298095703125,1810.9298095703125,100,0.0,0.0
2006-09-27 00:00:00+09:00,1810.9298095703125,1810.9298095703125,1810.9298095703125,1810.9298095703125,0,0.0,0.0
2006-09-28 00:00:00+09:00,1801.875160522461,1810.9298095703125,1801.875160522461,1810.9298095703125,200,0.0,0.0
2006-09-29 00:00:00+09:00,1810.9298095703125,1810.9298095703125,1810.9298095703125,1810.9298095703125,100,0.0,0.0
2006-10-02 00:00:00+09:00,1810.9298095703125,1810.9298095703125,1810.9298095703125,1810.9298095703125,0,0.0,0.0
2006-10-03 00:00:00+09:00,1810.9298095703125,1810.9298095703125,1810.9298095703125,1810.9298095703125,300,0.0,0.0
2006-10-04 00:00:00+09:00,1810.9298095703125,1810.9298095703125,1810.9298095703125,1810.9298095703125,0,0.0,0.0
2006-10-05 00:00:00+09:00,1720.38330078125,1720.38330078125,1720.38330078125,1720.38330078125,100,0.0,0.0
2006-10-06 00:00:00+09:00,1720.38330078125,1720.38330078125,1720.38330078125,1720.38330078125,0,0.0,0.0
2006-10-09 00:00:00+09:00,1720.38330078125,1720.38330078125,1720.38330078125,1720.38330078125,0,0.0,0.0
2006-10-10 00:00:00+09:00,1865.2579345703125,1865.2579345703125,1865.2579345703125,1865.2579345703125,100,0.0,0.0
2006-10-11 00:00:00+09:00,1892.4219970703125,1892.4219970703125,1892.4219970703125,1892.4219970703125,200,0.0,0.0
2006-10-12 00:00:00+09:00,1847.1485595703125,1847.1485595703125,1847.1485595703125,1847.1485595703125,100,0.0,0.0
2006-10-13 00:00:00+09:00,1856.2032376802883,1856.2032376802883,1765.65673828125,1765.65673828125,200,0.0,0.0
2006-10-16 00:00:00+09:00,1955.8046875,1955.8046875,1955.8046875,1955.8046875,100,0.0,0.0
2006-10-17 00:00:00+09:00,1955.8046875,1955.8046875,1955.8046875,1955.8046875,0,0.0,0.0
2006-10-18 00:00:00+09:00,1955.8046875,1955.8046875,1955.8046875,1955.8046875,0,0.0,0.0
2006-10-19 00:00:00+09:00,1955.8046875,1955.8046875,1955.8046875,1955.8046875,0,0.0,0.0
2006-10-20 00:00:00+09:00,1955.8046875,1955.8046875,1955.8046875,1955.8046875,0,0.0,0.0
2006-10-23 00:00:00+09:00,1955.8046875,1955.8046875,1955.8046875,1955.8046875,0,0.0,0.0
2006-10-24 00:00:00+09:00,1801.875244140625,1801.875244140625,1801.875244140625,1801.875244140625,100,0.0,0.0
2006-10-25 00:00:00+09:00,1819.984619140625,1819.984619140625,1819.984619140625,1819.984619140625,100,0.0,0.0
2006-10-26 00:00:00+09:00,1928.6404558048694,1946.749755859375,1928.6404558048694,1946.749755859375,200,0.0,0.0
2006-10-27 00:00:00+09:00,1847.1485595703125,1847.1485595703125,1847.1485595703125,1847.1485595703125,200,0.0,0.0
2006-10-30 00:00:00+09:00,1810.9298095703125,1810.9298095703125,1810.9298095703125,1810.9298095703125,100,0.0,0.0
2006-10-31 00:00:00+09:00,1765.65673828125,1765.65673828125,1765.65673828125,1765.65673828125,100,0.0,0.0
2006-11-01 00:00:00+09:00,1765.65673828125,1765.65673828125,1765.65673828125,1765.65673828125,0,0.0,0.0
2006-11-02 00:00:00+09:00,1810.9298095703125,1810.9298095703125,1810.9298095703125,1810.9298095703125,100,0.0,0.0
2006-11-03 00:00:00+09:00,1810.9298095703125,1810.9298095703125,1810.9298095703125,1810.9298095703125,0,0.0,0.0
2006-11-06 00:00:00+09:00,1810.9298095703125,1810.9298095703125,1810.9298095703125,1810.9298095703125,0,0.0,0.0
2006-11-07 00:00:00+09:00,1810.9298095703125,1810.9298095703125,1810.9298095703125,1810.9298095703125,0,0.0,0.0
2006-11-08 00:00:00+09:00,1810.9298095703125,1810.9298095703125,1810.9298095703125,1810.9298095703125,0,0.0,0.0
2006-11-09 00:00:00+09:00,1810.9298095703125,1810.9298095703125,1810.9298095703125,1810.9298095703125,0,0.0,0.0
2006-11-10 00:00:00+09:00,1801.875244140625,1801.875244140625,1801.875244140625,1801.875244140625,100,0.0,0.0
2006-11-13 00:00:00+09:00,1801.875160522461,1810.9298095703125,1801.875160522461,1810.9298095703125,200,0.0,0.0
2006-11-14 00:00:00+09:00,1810.9299879807693,1810.9299879807693,1765.65673828125,1765.65673828125,200,0.0,0.0
2006-11-15 00:00:00+09:00,1874.3125,1874.3125,1874.3125,1874.3125,100,0.0,0.0
2006-11-16 00:00:00+09:00,1874.3125,1874.3125,1874.3125,1874.3125,0,0.0,0.0
2006-11-17 00:00:00+09:00,1874.3125,1874.3125,1874.3125,1874.3125,0,0.0,0.0
2006-11-20 00:00:00+09:00,1874.3125,1874.3125,1874.3125,1874.3125,0,0.0,0.0
2006-11-21 00:00:00+09:00,1874.3125,1874.3125,1874.3125,1874.3125,0,0.0,0.0
2006-11-22 00:00:00+09:00,1720.38330078125,1720.38330078125,1720.38330078125,1720.38330078125,100,0.0,0.0
2006-11-23 00:00:00+09:00,1720.38330078125,1720.38330078125,1720.38330078125,1720.38330078125,0,0.0,0.0
2006-11-24 00:00:00+09:00,1720.38330078125,1720.38330078125,1720.38330078125,1720.38330078125,0,0.0,0.0
2006-11-27 00:00:00+09:00,1629.8370361328125,1629.8370361328125,1629.8370361328125,1629.8370361328125,200,0.0,0.0
2006-11-28 00:00:00+09:00,1720.38330078125,1720.38330078125,1629.8368112664473,1720.38330078125,400,0.0,0.0
2006-11-29 00:00:00+09:00,1810.9298095703125,1810.9298095703125,1810.9298095703125,1810.9298095703125,100,0.0,0.0
2006-11-30 00:00:00+09:00,1810.9298095703125,1810.9298095703125,1810.9298095703125,1810.9298095703125,0,0.0,0.0
2006-12-01 00:00:00+09:00,1810.9298095703125,1810.9298095703125,1810.9298095703125,1810.9298095703125,0,0.0,0.0
2006-12-04 00:00:00+09:00,1810.9298095703125,1810.9298095703125,1810.9298095703125,1810.9298095703125,0,0.0,0.0
2006-12-05 00:00:00+09:00,1810.9298095703125,1810.9298095703125,1810.9298095703125,1810.9298095703125,0,0.0,0.0
2006-12-06 00:00:00+09:00,1810.9298095703125,1810.9298095703125,1810.9298095703125,1810.9298095703125,0,0.0,0.0
2006-12-07 00:00:00+09:00,1810.9298095703125,1810.9298095703125,1810.9298095703125,1810.9298095703125,0,0.0,0.0
2006-12-08 00:00:00+09:00,1810.9298095703125,1810.9298095703125,1810.9298095703125,1810.9298095703125,0,0.0,0.0
2006-12-11 00:00:00+09:00,1829.039306640625,1829.039306640625,1829.039306640625,1829.039306640625,100,0.0,0.0
2006-12-12 00:00:00+09:00,1810.9298095703125,1810.9298095703125,1810.9298095703125,1810.9298095703125,100,0.0,0.0
2006-12-13 00:00:00+09:00,1838.093994140625,1838.093994140625,1838.093994140625,1838.093994140625,100,0.0,0.0
2006-12-14 00:00:00+09:00,1829.0390881990131,1829.0390881990131,1720.38330078125,1720.38330078125,200,0.0,0.0
2006-12-15 00:00:00+09:00,1765.6565455386512,1765.6565455386512,1720.38330078125,1720.38330078125,200,0.0,0.0
2006-12-18 00:00:00+09:00,1765.65673828125,1765.65673828125,1765.65673828125,1765.65673828125,100,0.0,0.0
2006-12-19 00:00:00+09:00,1801.875244140625,1801.875244140625,1801.875244140625,1801.875244140625,100,0.0,0.0
2006-12-20 00:00:00+09:00,1801.875244140625,1801.875244140625,1801.875244140625,1801.875244140625,100,0.0,0.0
2006-12-21 00:00:00+09:00,1801.875244140625,1801.875244140625,1801.875244140625,1801.875244140625,0,0.0,0.0
2006-12-22 00:00:00+09:00,1801.875244140625,1801.875244140625,1801.875244140625,1801.875244140625,0,0.0,0.0
2006-12-25 00:00:00+09:00,1774.7113037109375,1774.7113037109375,1774.7113037109375,1774.7113037109375,100,0.0,0.0
2006-12-26 00:00:00+09:00,1774.7113037109375,1774.7113037109375,1774.7113037109375,1774.7113037109375,0,0.0,0.0
2006-12-27 00:00:00+09:00,1774.7113037109375,1774.7113037109375,1774.7113037109375,1774.7113037109375,0,0.0,0.0
2006-12-28 00:00:00+09:00,1774.7113037109375,1774.7113037109375,1774.7113037109375,1774.7113037109375,0,0.0,0.0
2006-12-29 00:00:00+09:00,1774.7113037109375,1774.7113037109375,1774.7113037109375,1774.7113037109375,0,0.0,0.0
2007-01-04 00:00:00+09:00,1774.7113037109375,1774.7113037109375,1774.7113037109375,1774.7113037109375,0,0.0,0.0
2007-01-05 00:00:00+09:00,1774.7113037109375,1774.7113037109375,1774.7113037109375,1774.7113037109375,0,0.0,0.0
2007-01-09 00:00:00+09:00,1702.274169921875,1702.274169921875,1702.274169921875,1702.274169921875,200,0.0,0.0
2007-01-10 00:00:00+09:00,1711.3286518297698,1720.38330078125,1711.3286518297698,1720.38330078125,200,0.0,0.0
2007-01-11 00:00:00+09:00,1720.38330078125,1720.38330078125,1720.38330078125,1720.38330078125,100,0.0,0.0
2007-01-12 00:00:00+09:00,1756.60205078125,1756.60205078125,1756.60205078125,1756.60205078125,100,0.0,0.0
2007-01-15 00:00:00+09:00,1765.65673828125,1765.65673828125,1765.65673828125,1765.65673828125,100,0.0,0.0
2007-01-16 00:00:00+09:00,1756.60205078125,1756.60205078125,1756.60205078125,1756.60205078125,100,0.0,0.0
2007-01-17 00:00:00+09:00,1756.60205078125,1756.60205078125,1756.60205078125,1756.60205078125,0,0.0,0.0
2007-01-18 00:00:00+09:00,1756.60205078125,1756.60205078125,1756.60205078125,1756.60205078125,0,0.0,0.0
2007-01-19 00:00:00+09:00,1756.60205078125,1756.60205078125,1756.60205078125,1756.60205078125,0,0.0,0.0
2007-01-22 00:00:00+09:00,1720.3834789379223,1720.3834789379223,1675.1102294921875,1675.1102294921875,300,0.0,0.0
2007-01-23 00:00:00+09:00,1629.8368112664473,1720.38330078125,1629.8368112664473,1720.38330078125,800,0.0,0.0
2007-01-24 00:00:00+09:00,1720.38330078125,1720.38330078125,1720.38330078125,1720.38330078125,0,0.0,0.0
2007-01-25 00:00:00+09:00,1720.38330078125,1720.38330078125,1720.38330078125,1720.38330078125,0,0.0,0.0
2007-01-26 00:00:00+09:00,1684.1649299172796,1684.1649299172796,1539.29052734375,1539.29052734375,900,0.0,0.0
2007-01-29 00:00:00+09:00,1530.2358217075891,1584.563720703125,1494.0172223772322,1584.563720703125,800,0.0,0.0
2007-01-30 00:00:00+09:00,1602.6730393629807,1602.6730393629807,1512.1265399639424,1530.23583984375,400,0.0,0.0
2007-01-31 00:00:00+09:00,1530.23583984375,1530.23583984375,1530.23583984375,1530.23583984375,100,0.0,0.0
2007-02-01 00:00:00+09:00,1521.18115234375,1521.18115234375,1521.18115234375,1521.18115234375,100,0.0,0.0
2007-02-02 00:00:00+09:00,1521.18115234375,1521.18115234375,1521.18115234375,1521.18115234375,100,0.0,0.0
2007-02-05 00:00:00+09:00,1521.18115234375,1521.18115234375,1521.18115234375,1521.18115234375,100,0.0,0.0
2007-02-06 00:00:00+09:00,1521.18115234375,1521.18115234375,1521.18115234375,1521.18115234375,0,0.0,0.0
2007-02-07 00:00:00+09:00,1521.18115234375,1521.18115234375,1521.18115234375,1521.18115234375,0,0.0,0.0
2007-02-08 00:00:00+09:00,1521.18115234375,1521.18115234375,1521.18115234375,1521.18115234375,0,0.0,0.0
2007-02-09 00:00:00+09:00,1521.18115234375,1521.18115234375,1521.18115234375,1521.18115234375,200,0.0,0.0
2007-02-13 00:00:00+09:00,1566.4541749418452,1611.7274169921875,1566.4541749418452,1611.7274169921875,200,0.0,0.0
2007-02-14 00:00:00+09:00,1629.837182086447,1666.0557861328125,1629.837182086447,1666.0557861328125,200,0.0,0.0
2007-02-15 00:00:00+09:00,1620.7823486328125,1620.7823486328125,1620.7823486328125,1620.7823486328125,100,0.0,0.0
2007-02-16 00:00:00+09:00,1611.7274169921875,1611.7274169921875,1611.7274169921875,1611.7274169921875,200,0.0,0.0
2007-02-19 00:00:00+09:00,1675.1102294921875,1675.1102294921875,1675.1102294921875,1675.1102294921875,100,0.0,0.0
2007-02-20 00:00:00+09:00,1675.1102294921875,1675.1102294921875,1675.1102294921875,1675.1102294921875,0,0.0,0.0
2007-02-21 00:00:00+09:00,1675.1102294921875,1675.1102294921875,1675.1102294921875,1675.1102294921875,0,0.0,0.0
2007-02-22 00:00:00+09:00,1584.563720703125,1584.563720703125,1584.563720703125,1584.563720703125,200,0.0,0.0
2007-02-23 00:00:00+09:00,1584.563720703125,1584.563720703125,1584.563720703125,1584.563720703125,0,0.0,0.0
2007-02-26 00:00:00+09:00,1566.45458984375,1566.45458984375,1566.45458984375,1566.45458984375,100,0.0,0.0
2007-02-27 00:00:00+09:00,1530.2357106763263,1566.4543073787245,1530.2357106763263,1557.399658203125,500,0.0,0.0
2007-02-28 00:00:00+09:00,1521.1811899038462,1530.23583984375,1521.1811899038462,1530.23583984375,200,0.0,0.0
2007-03-01 00:00:00+09:00,1503.0717388731061,1503.0717388731061,1494.01708984375,1494.01708984375,200,0.0,0.0
2007-03-02 00:00:00+09:00,1494.01708984375,1494.01708984375,1494.01708984375,1494.01708984375,0,0.0,0.0
2007-03-05 00:00:00+09:00,1494.01708984375,1494.01708984375,1494.01708984375,1494.01708984375,100,0.0,0.0
2007-03-06 00:00:00+09:00,1494.01708984375,1494.01708984375,1494.01708984375,1494.01708984375,0,0.0,0.0
2007-03-07 00:00:00+09:00,1512.1265869140625,1512.1265869140625,1512.1265869140625,1512.1265869140625,200,0.0,0.0
2007-03-08 00:00:00+09:00,1512.1265869140625,1512.1265869140625,1512.1265869140625,1512.1265869140625,100,0.0,0.0
2007-03-09 00:00:00+09:00,1503.07177734375,1503.07177734375,1503.07177734375,1503.07177734375,100,0.0,0.0
2007-03-12 00:00:00+09:00,1557.3999390354047,1566.45458984375,1557.3999390354047,1566.45458984375,200,0.0,0.0
2007-03-13 00:00:00+09:00,1539.29052734375,1539.29052734375,1539.29052734375,1539.29052734375,100,0.0,0.0
2007-03-14 00:00:00+09:00,1530.2356859611743,1530.2356859611743,1494.01708984375,1494.01708984375,500,0.0,0.0
2007-03-15 00:00:00+09:00,1521.181219482422,1521.181219482422,1448.7440185546875,1448.7440185546875,300,0.0,0.0
2007-03-16 00:00:00+09:00,1539.29052734375,1539.29052734375,1539.29052734375,1539.29052734375,200,0.0,0.0
2007-03-19 00:00:00+09:00,1584.5636057299237,1675.1100974859194,1557.399658203125,1557.399658203125,1000,0.0,0.0
2007-03-20 00:00:00+09:00,1557.3998993296682,1557.3998993296682,1466.8533935546875,1466.8533935546875,500,0.0,0.0
2007-03-22 00:00:00+09:00,1457.7986686706543,1457.7986686706543,1448.7440185546875,1448.7440185546875,600,0.0,0.0
2007-03-23 00:00:00+09:00,1448.7440185546875,1448.7440185546875,1448.7440185546875,1448.7440185546875,0,0.0,0.0
2007-03-26 00:00:00+09:00,1475.907958984375,1475.907958984375,1475.907958984375,1475.907958984375,200,0.0,0.0
2007-03-27 00:00:00+09:00,1484.9626090394938,1484.9626090394938,1475.907958984375,1475.907958984375,200,0.0,0.0
2007-03-28 00:00:00+09:00,1475.907958984375,1475.907958984375,1475.907958984375,1475.907958984375,0,0.0,0.0
2007-03-29 00:00:00+09:00,1448.7440185546875,1448.7440185546875,1448.7440185546875,1448.7440185546875,200,0.0,0.0
2007-03-30 00:00:00+09:00,1539.29052734375,1539.29052734375,1539.29052734375,1539.29052734375,100,0.0,0.0
2007-04-02 00:00:00+09:00,1539.29052734375,1539.29052734375,1539.29052734375,1539.29052734375,0,0.0,0.0
2007-04-03 00:00:00+09:00,1539.29052734375,1539.29052734375,1539.29052734375,1539.29052734375,0,0.0,0.0
2007-04-04 00:00:00+09:00,1539.29052734375,1539.29052734375,1539.29052734375,1539.29052734375,0,0.0,0.0
2007-04-05 00:00:00+09:00,1539.29052734375,1539.29052734375,1539.29052734375,1539.29052734375,0,0.0,0.0
2007-04-06 00:00:00+09:00,1448.7440185546875,1448.7440185546875,1430.634718322754,1448.7440185546875,300,0.0,0.0
2007-04-09 00:00:00+09:00,1430.634765625,1430.634765625,1358.1975623022151,1430.634765625,800,0.0,0.0
2007-04-10 00:00:00+09:00,1448.7439903846155,1448.7439903846155,1412.525390625,1412.525390625,400,0.0,0.0
2007-04-11 00:00:00+09:00,1439.6893310546875,1439.6893310546875,1439.6893310546875,1439.6893310546875,100,0.0,0.0
2007-04-12 00:00:00+09:00,1448.7440185546875,1448.7440185546875,1448.7440185546875,1448.7440185546875,100,0.0,0.0
2007-04-13 00:00:00+09:00,1475.9078748749523,1484.9625244140625,1466.8532253358421,1484.9625244140625,400,0.0,0.0
2007-04-16 00:00:00+09:00,1620.7822727699063,1629.8369223384534,1602.6729736328125,1602.6729736328125,900,0.0,0.0
2007-04-17 00:00:00+09:00,1593.6183240642654,1602.6729736328125,1593.6183240642654,1602.6729736328125,300,0.0,0.0
2007-04-18 00:00:00+09:00,1557.3999880071271,1557.3999880071271,1548.3453369140625,1548.3453369140625,300,0.0,0.0
2007-04-19 00:00:00+09:00,1475.908006751019,1475.908006751019,1457.7987060546875,1457.7987060546875,600,0.0,0.0
2007-04-20 00:00:00+09:00,1457.7987060546875,1457.7987060546875,1457.7987060546875,1457.7987060546875,200,0.0,0.0
2007-04-23 00:00:00+09:00,1448.7440185546875,1448.7440185546875,1448.7440185546875,1448.7440185546875,200,0.0,0.0
2007-04-24 00:00:00+09:00,1448.7440185546875,1448.7440185546875,1448.7440185546875,1448.7440185546875,0,0.0,0.0
2007-04-25 00:00:00+09:00,1494.01708984375,1494.01708984375,1494.01708984375,1494.01708984375,100,0.0,0.0
2007-04-26 00:00:00+09:00,1494.01708984375,1494.01708984375,1494.01708984375,1494.01708984375,0,0.0,0.0
2007-04-27 00:00:00+09:00,1494.01708984375,1494.01708984375,1494.01708984375,1494.01708984375,0,0.0,0.0
2007-05-01 00:00:00+09:00,1494.01708984375,1494.01708984375,1494.01708984375,1494.01708984375,0,0.0,0.0
2007-05-02 00:00:00+09:00,1494.01708984375,1494.01708984375,1494.01708984375,1494.01708984375,0,0.0,0.0
2007-05-07 00:00:00+09:00,1494.01708984375,1494.01708984375,1494.01708984375,1494.01708984375,0,0.0,0.0
2007-05-08 00:00:00+09:00,1385.361572265625,1385.361572265625,1385.361572265625,1385.361572265625,100,0.0,0.0
2007-05-09 00:00:00+09:00,1403.4707406850962,1412.525390625,1403.4707406850962,1412.525390625,200,0.0,0.0
2007-05-10 00:00:00+09:00,1412.525390625,1412.525390625,1412.525390625,1412.525390625,100,0.0,0.0
2007-05-11 00:00:00+09:00,1448.7440185546875,1448.7440185546875,1448.7440185546875,1448.7440185546875,100,0.0,0.0
2007-05-14 00:00:00+09:00,1475.907958984375,1475.907958984375,1475.907958984375,1475.907958984375,100,0.0,0.0
2007-05-15 00:00:00+09:00,1494.01708984375,1494.01708984375,1494.01708984375,1494.01708984375,100,0.0,0.0
2007-05-16 00:00:00+09:00,1466.8533935546875,1466.8533935546875,1466.8533935546875,1466.8533935546875,100,0.0,0.0
2007-05-17 00:00:00+09:00,1512.1265869140625,1512.1265869140625,1512.1265869140625,1512.1265869140625,100,0.0,0.0
2007-05-18 00:00:00+09:00,1512.1265869140625,1512.1265869140625,1512.1265869140625,1512.1265869140625,0,0.0,0.0
2007-05-21 00:00:00+09:00,1512.1265869140625,1512.1265869140625,1512.1265869140625,1512.1265869140625,0,0.0,0.0
2007-05-22 00:00:00+09:00,1512.1265869140625,1512.1265869140625,1512.1265869140625,1512.1265869140625,0,0.0,0.0
2007-05-23 00:00:00+09:00,1512.1265869140625,1512.1265869140625,1512.1265869140625,1512.1265869140625,0,0.0,0.0
2007-05-24 00:00:00+09:00,1403.470633951823,1403.470633951823,1358.1973876953125,1358.1973876953125,500,0.0,0.0
2007-05-25 00:00:00+09:00,1358.1975727696572,1403.4708251953125,1358.1975727696572,1403.4708251953125,400,0.0,0.0
2007-05-28 00:00:00+09:00,1394.4158935546875,1394.4158935546875,1394.4158935546875,1394.4158935546875,100,0.0,0.0
2007-05-29 00:00:00+09:00,1385.3612448952415,1394.4158935546875,1340.0880015980115,1394.4158935546875,500,0.0,0.0
2007-05-30 00:00:00+09:00,1421.580078125,1421.580078125,1385.3614774084397,1421.580078125,300,0.0,0.0
2007-05-31 00:00:00+09:00,1439.6893310546875,1439.6893310546875,1439.6893310546875,1439.6893310546875,100,0.0,0.0
2007-06-01 00:00:00+09:00,1484.9625244140625,1484.9625244140625,1484.9625244140625,1484.9625244140625,100,0.0,0.0
2007-06-04 00:00:00+09:00,1385.3615135482594,1430.634765625,1385.3615135482594,1430.634765625,200,0.0,0.0
2007-06-05 00:00:00+09:00,1385.361572265625,1385.361572265625,1385.361572265625,1385.361572265625,100,0.0,0.0
2007-06-06 00:00:00+09:00,1385.3615353232935,1385.3615353232935,1376.306884765625,1376.306884765625,300,0.0,0.0
2007-06-07 00:00:00+09:00,1376.306884765625,1376.306884765625,1376.306884765625,1376.306884765625,0,0.0,0.0
2007-06-08 00:00:00+09:00,1394.4158935546875,1394.4158935546875,1394.4158935546875,1394.4158935546875,100,0.0,0.0
2007-06-11 00:00:00+09:00,1412.525390625,1412.525390625,1412.525390625,1412.525390625,100,0.0,0.0
2007-06-12 00:00:00+09:00,1457.7987060546875,1457.7987060546875,1457.7987060546875,1457.7987060546875,100,0.0,0.0
2007-06-13 00:00:00+09:00,1503.07177734375,1503.07177734375,1503.07177734375,1503.07177734375,100,0.0,0.0
2007-06-14 00:00:00+09:00,1539.29052734375,1539.29052734375,1539.29052734375,1539.29052734375,100,0.0,0.0
2007-06-15 00:00:00+09:00,1521.181219482422,1521.181219482422,1448.7440185546875,1448.7440185546875,200,0.0,0.0
2007-06-18 00:00:00+09:00,1484.962478821536,1512.1264266048568,1448.7438817771083,1503.07177734375,600,0.0,0.0
2007-06-19 00:00:00+09:00,1475.907976217831,1539.29052734375,1475.907976217831,1539.29052734375,800,0.0,0.0
2007-06-20 00:00:00+09:00,1539.2902297116398,1611.7274169921875,1539.2902297116398,1611.7274169921875,300,0.0,0.0
2007-06-21 00:00:00+09:00,1575.509033203125,1602.6729820514547,1575.509033203125,1575.509033203125,500,0.0,0.0
2007-06-22 00:00:00+09:00,1584.5636744957185,1602.6729736328125,1539.2904266529838,1602.6729736328125,400,0.0,0.0
2007-06-25 00:00:00+09:00,1557.3996887207031,1593.6182861328125,1557.3996887207031,1593.6182861328125,200,0.0,0.0
2007-06-26 00:00:00+09:00,1512.1265768612134,1539.29052734375,1503.0719267003678,1539.29052734375,400,0.0,0.0
2007-06-27 00:00:00+09:00,1494.0172031947545,1521.18115234375,1494.0172031947545,1521.18115234375,200,0.0,0.0
2007-06-28 00:00:00+09:00,1475.9079860298934,1512.1265869140625,1475.9079860298934,1512.1265869140625,200,0.0,0.0
2007-06-29 00:00:00+09:00,1512.1266464421778,1512.1266464421778,1466.8533935546875,1466.8533935546875,200,0.0,0.0
2007-07-02 00:00:00+09:00,1448.7440185546875,1448.7440185546875,1448.7440185546875,1448.7440185546875,200,0.0,0.0
2007-07-03 00:00:00+09:00,1448.7440185546875,1448.7440185546875,1448.7440185546875,1448.7440185546875,100,0.0,0.0
2007-07-04 00:00:00+09:00,1448.7440088190183,1475.907958984375,1448.7440088190183,1475.907958984375,400,0.0,0.0
2007-07-05 00:00:00+09:00,1448.7440185546875,1448.7440185546875,1448.7440185546875,1448.7440185546875,200,0.0,0.0
2007-07-06 00:00:00+09:00,1448.7440185546875,1448.7440185546875,1448.7440185546875,1448.7440185546875,0,0.0,0.0
2007-07-09 00:00:00+09:00,1584.5635801373107,1584.5635801373107,1494.01708984375,1494.01708984375,400,0.0,0.0
2007-07-10 00:00:00+09:00,1494.0172590946127,1494.0172590946127,1475.907958984375,1475.907958984375,200,0.0,0.0
2007-07-11 00:00:00+09:00,1484.9625244140625,1484.9625244140625,1484.9625244140625,1484.9625244140625,100,0.0,0.0
2007-07-12 00:00:00+09:00,1484.9626947096838,1494.0173452871818,1466.8533935546875,1466.8533935546875,400,0.0,0.0
2007-07-13 00:00:00+09:00,1475.907968902588,1475.907968902588,1448.7440185546875,1448.7440185546875,300,0.0,0.0
2007-07-17 00:00:00+09:00,1584.563730600718,1765.656728383657,1584.563730600718,1675.1102294921875,3000,0.0,0.0
2007-07-18 00:00:00+09:00,1647.9461499591207,1647.9461499591207,1557.399658203125,1557.399658203125,1400,0.0,0.0
2007-07-19 00:00:00+09:00,1521.181227022059,1539.29052734375,1521.181227022059,1539.29052734375,900,0.0,0.0
2007-07-20 00:00:00+09:00,1475.907958984375,1475.907958984375,1475.907958984375,1475.907958984375,300,0.0,0.0
2007-07-23 00:00:00+09:00,1448.7440185546875,1448.7440185546875,1448.7440185546875,1448.7440185546875,100,0.0,0.0
2007-07-24 00:00:00+09:00,1448.7440185546875,1448.7440185546875,1448.7440185546875,1448.7440185546875,100,0.0,0.0
2007-07-25 00:00:00+09:00,1539.2905375771895,1539.2905375771895,1512.1265869140625,1512.1265869140625,200,0.0,0.0
2007-07-26 00:00:00+09:00,1448.7440557065217,1457.7987060546875,1448.7440557065217,1457.7987060546875,300,0.0,0.0
2007-07-27 00:00:00+09:00,1457.7987060546875,1457.7987060546875,1457.7987060546875,1457.7987060546875,0,0.0,0.0
2007-07-30 00:00:00+09:00,1421.5800586536618,1475.907958984375,1421.5800586536618,1475.907958984375,300,0.0,0.0
2007-07-31 00:00:00+09:00,1475.907958984375,1475.907958984375,1475.907958984375,1475.907958984375,0,0.0,0.0
2007-08-01 00:00:00+09:00,1448.7440185546875,1448.7440185546875,1448.7440185546875,1448.7440185546875,400,0.0,0.0
2007-08-02 00:00:00+09:00,1448.7440185546875,1448.7440185546875,1448.7440185546875,1448.7440185546875,0,0.0,0.0
2007-08-03 00:00:00+09:00,1448.7440185546875,1448.7440185546875,1448.7440185546875,1448.7440185546875,0,0.0,0.0
2007-08-06 00:00:00+09:00,1448.7440185546875,1448.7440185546875,1448.7440185546875,1448.7440185546875,0,0.0,0.0
2007-08-07 00:00:00+09:00,1448.7440185546875,1448.7440185546875,1448.7440185546875,1448.7440185546875,0,0.0,0.0
2007-08-08 00:00:00+09:00,1448.7440185546875,1448.7440185546875,1448.7440185546875,1448.7440185546875,0,0.0,0.0
2007-08-09 00:00:00+09:00,1448.7440185546875,1448.7440185546875,1448.7440185546875,1448.7440185546875,100,0.0,0.0
2007-08-10 00:00:00+09:00,1457.7987060546875,1457.7987060546875,1457.7987060546875,1457.7987060546875,100,0.0,0.0
2007-08-13 00:00:00+09:00,1294.8148574829102,1321.9788055419922,1285.7602081298828,1303.8695068359375,2500,0.0,0.0
2007-08-14 00:00:00+09:00,1349.1427536010742,1349.1427536010742,1303.8695068359375,1303.8695068359375,600,0.0,0.0
2007-08-15 00:00:00+09:00,1321.9790799790535,1321.9790799790535,1249.5418701171875,1249.5418701171875,400,0.0,0.0
2007-08-16 00:00:00+09:00,1267.6510009765625,1267.6510009765625,1267.6510009765625,1267.6510009765625,100,0.0,0.0
2007-08-17 00:00:00+09:00,1276.705810546875,1276.705810546875,1249.5418571309842,1276.705810546875,500,0.0,0.0
2007-08-20 00:00:00+09:00,1285.76025390625,1285.76025390625,1285.76025390625,1285.76025390625,100,0.0,0.0
2007-08-21 00:00:00+09:00,1276.705810546875,1276.705810546875,1276.705810546875,1276.705810546875,100,0.0,0.0
2007-08-22 00:00:00+09:00,1213.3231571903937,1222.3778076171875,1195.2138563368055,1222.3778076171875,600,0.0,0.0
2007-08-23 00:00:00+09:00,1204.268310546875,1204.268310546875,1204.268310546875,1204.268310546875,200,0.0,0.0
2007-08-24 00:00:00+09:00,1204.268310546875,1204.268310546875,1204.268310546875,1204.268310546875,0,0.0,0.0
2007-08-27 00:00:00+09:00,1294.8148193359375,1294.8148193359375,1294.8148193359375,1294.8148193359375,100,0.0,0.0
2007-08-28 00:00:00+09:00,1267.6510009765625,1267.6510009765625,1267.6510009765625,1267.6510009765625,100,0.0,0.0
2007-08-29 00:00:00+09:00,1213.3232177734374,1213.3232177734374,1177.1046142578125,1177.1046142578125,200,0.0,0.0
2007-08-30 00:00:00+09:00,1177.1046142578125,1177.1046142578125,1177.1046142578125,1177.1046142578125,0,0.0,0.0
2007-08-31 00:00:00+09:00,1177.1046142578125,1177.1046142578125,1177.1046142578125,1177.1046142578125,0,0.0,0.0
2007-09-03 00:00:00+09:00,1131.8312145414807,1140.8858642578125,1113.721915108817,1140.8858642578125,900,0.0,0.0
2007-09-04 00:00:00+09:00,1113.7219329833986,1113.7219329833986,1086.5579833984375,1086.5579833984375,200,0.0,0.0
2007-09-05 00:00:00+09:00,1086.5579454438025,1113.7218940798975,1077.5032958984375,1077.5032958984375,500,0.0,0.0
2007-09-06 00:00:00+09:00,986.9567653849973,1068.4486083984375,986.9567653849973,1068.4486083984375,300,0.0,0.0
2007-09-07 00:00:00+09:00,1086.5579833984375,1086.5579833984375,1086.5579833984375,1086.5579833984375,100,0.0,0.0
2007-09-10 00:00:00+09:00,1086.5579833984375,1086.5579833984375,1086.5579833984375,1086.5579833984375,100,0.0,0.0
2007-09-11 00:00:00+09:00,1122.776611328125,1122.776611328125,1122.776611328125,1122.776611328125,100,0.0,0.0
2007-09-12 00:00:00+09:00,1086.5579833984375,1086.5579833984375,1086.5579833984375,1086.5579833984375,300,0.0,0.0
2007-09-13 00:00:00+09:00,1077.5033131827295,1077.5033131827295,996.011465967229,1023.1754150390625,700,0.0,0.0
2007-09-14 00:00:00+09:00,1014.120949074074,1014.120949074074,923.5744357638889,977.90234375,500,0.0,0.0
2007-09-18 00:00:00+09:00,996.0115356445312,996.0115356445312,996.0115356445312,996.0115356445312,200,0.0,0.0
2007-09-19 00:00:00+09:00,996.0115356445312,996.0115356445312,996.0115356445312,996.0115356445312,0,0.0,0.0
2007-09-20 00:00:00+09:00,905.4649508729274,905.4649508729274,887.3556518554688,887.3556518554688,300,0.0,0.0
2007-09-21 00:00:00+09:00,905.4650032874381,914.5196533203125,905.4650032874381,914.5196533203125,300,0.0,0.0
2007-09-25 00:00:00+09:00,905.4649047851562,905.4649047851562,896.4102557373047,905.4649047851562,900,0.0,0.0
2007-09-26 00:00:00+09:00,905.4649047851562,905.4649047851562,905.4649047851562,905.4649047851562,1100,0.0,0.0
2007-09-27 00:00:00+09:00,905.4649716331845,950.7382202148438,905.4649716331845,950.7382202148438,1000,0.0,0.0
2007-09-28 00:00:00+09:00,959.7929077148438,959.7929077148438,959.7929077148438,959.7929077148438,300,0.0,0.0
2007-10-01 00:00:00+09:00,1005.0661580787515,1005.0661580787515,959.7929077148438,959.7929077148438,600,0.0,0.0
2007-10-02 00:00:00+09:00,959.7929077148438,959.7929077148438,959.7929077148438,959.7929077148438,0,0.0,0.0
2007-10-03 00:00:00+09:00,959.7929077148438,959.7929077148438,959.7929077148438,959.7929077148438,100,0.0,0.0
2007-10-04 00:00:00+09:00,932.6289672851562,932.6289672851562,932.6289672851562,932.6289672851562,2000,0.0,0.0
2007-10-05 00:00:00+09:00,968.84765625,968.84765625,968.84765625,968.84765625,100,0.0,0.0
2007-10-09 00:00:00+09:00,923.5742938701923,950.7382436899038,905.4649939903846,941.68359375,1900,0.0,0.0
2007-10-10 00:00:00+09:00,986.9568019557644,1005.0661010742188,932.6289046004011,1005.0661010742188,1200,0.0,0.0
2007-10-11 00:00:00+09:00,1014.1207885742188,1014.1207885742188,1014.1207885742188,1014.1207885742188,100,0.0,0.0
2007-10-12 00:00:00+09:00,1023.1756004050926,1023.1756004050926,977.90234375,977.90234375,600,0.0,0.0
2007-10-15 00:00:00+09:00,977.90234375,977.90234375,977.90234375,977.90234375,100,0.0,0.0
2007-10-16 00:00:00+09:00,996.0116213177322,996.0116213177322,977.9023191119553,986.9569702148438,500,0.0,0.0
2007-10-17 00:00:00+09:00,1023.1754150390625,1023.1754150390625,1023.1754150390625,1023.1754150390625,200,0.0,0.0
2007-10-18 00:00:00+09:00,1023.1754150390625,1023.1754150390625,1023.1754150390625,1023.1754150390625,0,0.0,0.0
2007-10-19 00:00:00+09:00,1023.1754150390625,1023.1754150390625,1023.1754150390625,1023.1754150390625,0,0.0,0.0
2007-10-22 00:00:00+09:00,977.90234375,977.90234375,977.90234375,977.90234375,200,0.0,0.0
2007-10-23 00:00:00+09:00,996.0116213177322,996.0116213177322,986.9569702148438,986.9569702148438,400,0.0,0.0
2007-10-24 00:00:00+09:00,986.9569702148438,986.9569702148438,986.9569702148438,986.9569702148438,0,0.0,0.0
2007-10-25 00:00:00+09:00,986.9569702148438,986.9569702148438,986.9569702148438,986.9569702148438,0,0.0,0.0
2007-10-26 00:00:00+09:00,1077.5032958984375,1077.5032958984375,1077.5032958984375,1077.5032958984375,100,0.0,0.0
2007-10-29 00:00:00+09:00,1077.5032958984375,1077.5032958984375,1077.5032958984375,1077.5032958984375,0,0.0,0.0
2007-10-30 00:00:00+09:00,1077.5032958984375,1077.5032958984375,1077.5032958984375,1077.5032958984375,0,0.0,0.0
2007-10-31 00:00:00+09:00,1077.5032958984375,1077.5032958984375,1077.5032958984375,1077.5032958984375,0,0.0,0.0
2007-11-01 00:00:00+09:00,1077.5032958984375,1077.5032958984375,1077.5032958984375,1077.5032958984375,0,0.0,0.0
2007-11-02 00:00:00+09:00,1041.28466796875,1041.28466796875,1041.28466796875,1041.28466796875,100,0.0,0.0
2007-11-05 00:00:00+09:00,1041.28466796875,1041.28466796875,1041.28466796875,1041.28466796875,0,0.0,0.0
2007-11-06 00:00:00+09:00,968.84765625,968.84765625,968.84765625,968.84765625,1500,0.0,0.0
2007-11-07 00:00:00+09:00,968.8475196475074,968.8475196475074,950.7382202148438,950.7382202148438,300,0.0,0.0
2007-11-08 00:00:00+09:00,950.7382202148438,950.7382202148438,950.7382202148438,950.7382202148438,0,0.0,0.0
2007-11-09 00:00:00+09:00,950.7382202148438,950.7382202148438,950.7382202148438,950.7382202148438,0,0.0,0.0
2007-11-12 00:00:00+09:00,950.7381984165737,950.7381984165737,887.3556518554688,887.3556518554688,400,0.0,0.0
2007-11-13 00:00:00+09:00,996.0114781996783,1032.2300774069395,905.4649801815258,923.5742797851562,1700,0.0,0.0
2007-11-14 00:00:00+09:00,1086.5580388849432,1086.5580388849432,996.0115356445312,996.0115356445312,200,0.0,0.0
2007-11-15 00:00:00+09:00,1086.5580201380462,1086.5580201380462,932.6289672851562,932.6289672851562,300,0.0,0.0
2007-11-16 00:00:00+09:00,1023.1754150390625,1023.1754150390625,1023.1754150390625,1023.1754150390625,100,0.0,0.0
2007-11-19 00:00:00+09:00,1149.9406616210938,1195.213916015625,1149.9406616210938,1177.1046142578125,600,0.0,0.0
2007-11-20 00:00:00+09:00,1041.2847272087547,1041.2847272087547,923.5742797851562,923.5742797851562,1200,0.0,0.0
2007-11-21 00:00:00+09:00,896.410400390625,923.5743519176137,896.410400390625,896.410400390625,400,0.0,0.0
2007-11-22 00:00:00+09:00,896.410400390625,896.410400390625,896.410400390625,896.410400390625,0,0.0,0.0
2007-11-26 00:00:00+09:00,941.68359375,941.68359375,941.68359375,941.68359375,200,0.0,0.0
2007-11-27 00:00:00+09:00,923.5742741221004,923.5742741221004,878.301025390625,878.301025390625,200,0.0,0.0
2007-11-28 00:00:00+09:00,878.301025390625,878.301025390625,878.301025390625,878.301025390625,0,0.0,0.0
2007-11-29 00:00:00+09:00,896.4103013641981,896.4103013641981,887.3556518554688,887.3556518554688,500,0.0,0.0
2007-11-30 00:00:00+09:00,941.6835704985119,950.7382202148438,932.6289207821801,950.7382202148438,300,0.0,0.0
2007-12-03 00:00:00+09:00,860.1916595458985,914.5195538330079,860.1916595458985,905.4649047851562,2000,0.0,0.0
2007-12-04 00:00:00+09:00,905.4649353027344,905.4649353027344,869.246337890625,869.246337890625,900,0.0,0.0
2007-12-05 00:00:00+09:00,869.246337890625,869.246337890625,869.246337890625,869.246337890625,300,0.0,0.0
2007-12-06 00:00:00+09:00,905.4649508729274,905.4649508729274,887.3556518554688,887.3556518554688,1000,0.0,0.0
2007-12-07 00:00:00+09:00,887.3556518554688,887.3556518554688,887.3556518554688,887.3556518554688,0,0.0,0.0
2007-12-10 00:00:00+09:00,932.6288833618164,932.6288833618164,869.246337890625,869.246337890625,700,0.0,0.0
2007-12-11 00:00:00+09:00,905.4649746295103,905.4649746295103,878.301025390625,878.301025390625,300,0.0,0.0
2007-12-12 00:00:00+09:00,914.5196533203125,914.5196533203125,914.5196533203125,914.5196533203125,100,0.0,0.0
2007-12-13 00:00:00+09:00,914.5196533203125,914.5196533203125,914.5196533203125,914.5196533203125,100,0.0,0.0
2007-12-14 00:00:00+09:00,914.5195538330079,914.5195538330079,905.4649047851562,905.4649047851562,300,0.0,0.0
2007-12-17 00:00:00+09:00,905.4649047851562,905.4649047851562,905.4649047851562,905.4649047851562,400,0.0,0.0
2007-12-18 00:00:00+09:00,887.3556941105769,941.68359375,887.3556941105769,941.68359375,600,0.0,0.0
2007-12-19 00:00:00+09:00,941.68359375,941.68359375,941.68359375,941.68359375,0,0.0,0.0
2007-12-20 00:00:00+09:00,805.8639400316322,833.0278930664062,805.8639400316322,833.0278930664062,1400,0.0,0.0
2007-12-21 00:00:00+09:00,833.0278930664062,833.0278930664062,833.0278930664062,833.0278930664062,400,0.0,0.0
2007-12-25 00:00:00+09:00,778.699986996858,833.0278930664062,778.699986996858,833.0278930664062,500,0.0,0.0
2007-12-26 00:00:00+09:00,833.0278930664062,833.0278930664062,833.0278930664062,833.0278930664062,100,0.0,0.0
2007-12-27 00:00:00+09:00,851.1370849609375,851.1370849609375,851.1370849609375,851.1370849609375,200,0.0,0.0
2007-12-28 00:00:00+09:00,851.1370849609375,851.1370849609375,851.1370849609375,851.1370849609375,0,0.0,0.0
2008-01-04 00:00:00+09:00,851.1370849609375,851.1370849609375,851.1370849609375,851.1370849609375,0,0.0,0.0
2008-01-07 00:00:00+09:00,778.6998291015625,778.6998291015625,778.6998291015625,778.6998291015625,100,0.0,0.0
2008-01-08 00:00:00+09:00,706.2626953125,724.3719951923077,706.2626953125,706.2626953125,800,0.0,0.0
2008-01-09 00:00:00+09:00,724.3720005580358,724.3720005580358,633.8255004882812,633.8255004882812,1200,0.0,0.0
2008-01-10 00:00:00+09:00,787.7545166015625,787.7545166015625,787.7545166015625,787.7545166015625,1000,0.0,0.0
2008-01-11 00:00:00+09:00,842.0823974609375,842.0823974609375,842.0823974609375,842.0823974609375,100,0.0,0.0
2008-01-15 00:00:00+09:00,633.8254677377096,742.4812622070312,597.606869581269,742.4812622070312,2000,0.0,0.0
2008-01-16 00:00:00+09:00,715.3173828125,715.3173828125,715.3173828125,715.3173828125,100,0.0,0.0
2008-01-17 00:00:00+09:00,760.590576171875,760.590576171875,760.590576171875,760.590576171875,100,0.0,0.0
2008-01-18 00:00:00+09:00,805.8637084960938,805.8637084960938,805.8637084960938,805.8637084960938,400,0.0,0.0
2008-01-21 00:00:00+09:00,805.8638643152574,805.8638643152574,769.645263671875,769.645263671875,200,0.0,0.0
2008-01-22 00:00:00+09:00,679.0986938476562,679.0986938476562,679.0986938476562,679.0986938476562,100,0.0,0.0
2008-01-23 00:00:00+09:00,724.3720092773438,724.3720092773438,724.3720092773438,724.3720092773438,100,0.0,0.0
2008-01-24 00:00:00+09:00,724.3720092773438,724.3720092773438,724.3720092773438,724.3720092773438,0,0.0,0.0
2008-01-25 00:00:00+09:00,724.3720092773438,724.3720092773438,724.3720092773438,724.3720092773438,100,0.0,0.0
2008-01-28 00:00:00+09:00,751.535888671875,751.535888671875,751.535888671875,751.535888671875,100,0.0,0.0
2008-01-29 00:00:00+09:00,787.7545008505545,851.1370468960014,787.7545008505545,842.0823974609375,1200,0.0,0.0
2008-01-30 00:00:00+09:00,842.0823974609375,842.0823974609375,842.0823974609375,842.0823974609375,0,0.0,0.0
2008-01-31 00:00:00+09:00,842.0823974609375,842.0823974609375,842.0823974609375,842.0823974609375,0,0.0,0.0
2008-02-01 00:00:00+09:00,842.0823974609375,842.0823974609375,842.0823974609375,842.0823974609375,0,0.0,0.0
2008-02-04 00:00:00+09:00,796.8092537345467,833.0278561770261,796.8092537345467,823.9732055664062,700,0.0,0.0
2008-02-05 00:00:00+09:00,823.9732055664062,823.9732055664062,823.9732055664062,823.9732055664062,0,0.0,0.0
2008-02-06 00:00:00+09:00,842.0824043118224,887.3556518554688,842.0824043118224,887.3556518554688,200,0.0,0.0
2008-02-07 00:00:00+09:00,869.246337890625,869.246337890625,869.246337890625,869.246337890625,500,0.0,0.0
2008-02-08 00:00:00+09:00,869.246337890625,869.246337890625,869.246337890625,869.246337890625,0,0.0,0.0
2008-02-12 00:00:00+09:00,814.9185180664062,814.9185180664062,814.9185180664062,814.9185180664062,200,0.0,0.0
2008-02-13 00:00:00+09:00,715.3173828125,715.3173828125,715.3173828125,715.3173828125,200,0.0,0.0
2008-02-14 00:00:00+09:00,814.9185180664062,814.9185180664062,814.9185180664062,814.9185180664062,300,0.0,0.0
2008-02-15 00:00:00+09:00,769.645263671875,769.645263671875,769.645263671875,769.645263671875,1200,0.0,0.0
2008-02-18 00:00:00+09:00,814.9185180664062,814.9185180664062,814.9185180664062,814.9185180664062,200,0.0,0.0
2008-02-19 00:00:00+09:00,833.0278930664062,833.0278930664062,833.0278930664062,833.0278930664062,400,0.0,0.0
2008-02-20 00:00:00+09:00,823.9732055664062,823.9732055664062,823.9732055664062,823.9732055664062,100,0.0,0.0
2008-02-21 00:00:00+09:00,814.9185180664062,814.9185180664062,814.9185180664062,814.9185180664062,600,0.0,0.0
2008-02-22 00:00:00+09:00,842.0824686686198,842.0824686686198,814.9185180664062,814.9185180664062,400,0.0,0.0
2008-02-25 00:00:00+09:00,796.8092890200408,833.0278930664062,796.8092890200408,833.0278930664062,300,0.0,0.0
2008-02-26 00:00:00+09:00,860.191650390625,860.191650390625,860.191650390625,860.191650390625,200,0.0,0.0
2008-02-27 00:00:00+09:00,860.191650390625,860.191650390625,860.191650390625,860.191650390625,700,0.0,0.0
2008-02-28 00:00:00+09:00,860.191650390625,860.191650390625,860.191650390625,860.191650390625,500,0.0,0.0
2008-02-29 00:00:00+09:00,860.191650390625,860.191650390625,860.191650390625,860.191650390625,0,0.0,0.0
2008-03-03 00:00:00+09:00,860.191650390625,860.191650390625,860.191650390625,860.191650390625,100,0.0,0.0
2008-03-04 00:00:00+09:00,860.191650390625,860.191650390625,860.191650390625,860.191650390625,0,0.0,0.0
2008-03-05 00:00:00+09:00,814.9185180664062,814.9185180664062,814.9185180664062,814.9185180664062,300,0.0,0.0
2008-03-06 00:00:00+09:00,814.9185180664062,814.9185180664062,814.9185180664062,814.9185180664062,100,0.0,0.0
2008-03-07 00:00:00+09:00,833.0278930664062,833.0278930664062,833.0278930664062,833.0278930664062,300,0.0,0.0
2008-03-10 00:00:00+09:00,814.9185180664062,814.9185180664062,814.9185180664062,814.9185180664062,400,0.0,0.0
2008-03-11 00:00:00+09:00,814.9185180664062,814.9185180664062,814.9185180664062,814.9185180664062,300,0.0,0.0
2008-03-12 00:00:00+09:00,914.5194894169153,914.5194894169153,805.8637084960938,805.8637084960938,700,0.0,0.0
2008-03-13 00:00:00+09:00,896.4101925967784,896.4101925967784,805.8637084960938,805.8637084960938,1100,0.0,0.0
2008-03-14 00:00:00+09:00,814.9185180664062,814.9185180664062,814.9185180664062,814.9185180664062,500,0.0,0.0
2008-03-17 00:00:00+09:00,905.4649616109913,905.4649616109913,787.7545166015625,787.7545166015625,1600,0.0,0.0
2008-03-18 00:00:00+09:00,914.5196533203125,914.5196533203125,914.5196533203125,914.5196533203125,800,0.0,0.0
2008-03-19 00:00:00+09:00,914.5196533203125,914.5196533203125,914.5196533203125,914.5196533203125,5200,0.0,0.0
2008-03-21 00:00:00+09:00,1014.1207653484514,1041.284714420285,986.9568162766178,1023.1754150390625,5000,0.0,0.0
2008-03-24 00:00:00+09:00,1014.1209112149533,1014.1209112149533,968.84765625,968.84765625,1300,0.0,0.0
2008-03-25 00:00:00+09:00,1005.0661185128348,1005.0661185128348,950.7382202148438,950.7382202148438,600,0.0,0.0
2008-03-26 00:00:00+09:00,959.7929177886074,959.7929177886074,932.6289672851562,932.6289672851562,700,0.0,0.0
2008-03-27 00:00:00+09:00,1041.28466796875,1041.28466796875,1041.28466796875,1041.28466796875,300,0.0,0.0
2008-03-28 00:00:00+09:00,1077.5032958984375,1077.5032958984375,1077.5032958984375,1077.5032958984375,100,0.0,0.0
2008-03-31 00:00:00+09:00,950.7382676207903,950.7382676207903,932.6289672851562,932.6289672851562,600,0.0,0.0
2008-04-01 00:00:00+09:00,941.68359375,941.68359375,941.68359375,941.68359375,100,0.0,0.0
2008-04-02 00:00:00+09:00,941.68359375,941.68359375,941.68359375,941.68359375,900,0.0,0.0
2008-04-03 00:00:00+09:00,941.68359375,941.68359375,941.68359375,941.68359375,0,0.0,0.0
2008-04-04 00:00:00+09:00,941.68359375,941.68359375,941.68359375,941.68359375,0,0.0,0.0
2008-04-07 00:00:00+09:00,941.68359375,941.68359375,941.68359375,941.68359375,0,0.0,0.0
2008-04-08 00:00:00+09:00,923.5742797851562,923.5742797851562,923.5742797851562,923.5742797851562,300,0.0,0.0
2008-04-09 00:00:00+09:00,914.5196533203125,914.5196533203125,914.5196533203125,914.5196533203125,500,0.0,0.0
2008-04-10 00:00:00+09:00,959.7929034846843,959.7929034846843,914.5196533203125,914.5196533203125,300,0.0,0.0
2008-04-11 00:00:00+09:00,941.68359375,941.68359375,941.68359375,941.68359375,100,0.0,0.0
2008-04-14 00:00:00+09:00,923.5743033531868,923.5743033531868,914.5196533203125,914.5196533203125,700,0.0,0.0
2008-04-15 00:00:00+09:00,833.0277852809176,851.1370849609375,814.9184856008976,851.1370849609375,900,0.0,0.0
2008-04-16 00:00:00+09:00,860.1916885375977,869.246337890625,860.1916885375977,869.246337890625,300,0.0,0.0
2008-04-17 00:00:00+09:00,887.3556518554688,887.3556518554688,887.3556518554688,887.3556518554688,1200,0.0,0.0
2008-04-18 00:00:00+09:00,887.3556518554688,887.3556518554688,887.3556518554688,887.3556518554688,0,0.0,0.0
2008-04-21 00:00:00+09:00,887.3556518554688,887.3556518554688,887.3556518554688,887.3556518554688,0,0.0,0.0
2008-04-22 00:00:00+09:00,823.973168267144,823.973168267144,814.9185180664062,814.9185180664062,200,0.0,0.0
2008-04-23 00:00:00+09:00,860.191650390625,860.191650390625,860.191650390625,860.191650390625,200,0.0,0.0
2008-04-24 00:00:00+09:00,860.1917348009474,860.1917348009474,851.1370849609375,851.1370849609375,1900,0.0,0.0
2008-04-25 00:00:00+09:00,887.3556722005209,950.7382202148438,887.3556722005209,950.7382202148438,600,0.0,0.0
2008-04-28 00:00:00+09:00,905.4649047851562,905.4649047851562,905.4649047851562,905.4649047851562,500,0.0,0.0
2008-04-30 00:00:00+09:00,950.7381500244142,950.7381500244142,905.4649047851562,905.4649047851562,1100,0.0,0.0
2008-05-01 00:00:00+09:00,905.4649047851562,914.5195538330079,905.4649047851562,905.4649047851562,900,0.0,0.0
2008-05-02 00:00:00+09:00,914.5196533203125,914.5196533203125,914.5196533203125,914.5196533203125,100,0.0,0.0
2008-05-07 00:00:00+09:00,905.4649047851562,905.4649047851562,905.4649047851562,905.4649047851562,700,0.0,0.0
2008-05-08 00:00:00+09:00,905.4649047851562,905.4649047851562,905.4649047851562,905.4649047851562,0,0.0,0.0
2008-05-09 00:00:00+09:00,905.4649047851562,905.4649047851562,905.4649047851562,905.4649047851562,100,0.0,0.0
2008-05-12 00:00:00+09:00,950.738271077474,950.738271077474,814.9185180664062,814.9185180664062,600,0.0,0.0
2008-05-13 00:00:00+09:00,959.7929077148438,959.7929077148438,959.7929077148438,959.7929077148438,300,0.0,0.0
2008-05-14 00:00:00+09:00,977.90234375,977.90234375,860.1918764467592,977.90234375,900,0.0,0.0
2008-05-15 00:00:00+09:00,968.84765625,968.84765625,968.84765625,968.84765625,400,0.0,0.0
2008-05-16 00:00:00+09:00,968.84765625,968.84765625,968.84765625,968.84765625,400,0.0,0.0
2008-05-19 00:00:00+09:00,923.5742028808594,923.5742028808594,905.4649047851562,905.4649047851562,400,0.0,0.0
2008-05-20 00:00:00+09:00,950.7382202148438,950.7382202148438,950.7382202148438,950.7382202148438,200,0.0,0.0
2008-05-21 00:00:00+09:00,950.7382202148438,950.7382202148438,914.5196213495163,950.7382202148438,400,0.0,0.0
2008-05-22 00:00:00+09:00,941.68359375,941.68359375,941.68359375,941.68359375,200,0.0,0.0
2008-05-23 00:00:00+09:00,950.7382840243254,996.0115356445312,950.7382840243254,996.0115356445312,2000,0.0,0.0
2008-05-26 00:00:00+09:00,968.8475577876253,968.8475577876253,959.7929077148438,959.7929077148438,1900,0.0,0.0
2008-05-27 00:00:00+09:00,1005.0661010742188,1005.0661010742188,1005.0661010742188,1005.0661010742188,100,0.0,0.0
2008-05-28 00:00:00+09:00,950.7382840243254,996.0115356445312,950.7382840243254,996.0115356445312,1300,0.0,0.0
2008-05-29 00:00:00+09:00,996.0115356445312,996.0115356445312,996.0115356445312,996.0115356445312,600,0.0,0.0
2008-05-30 00:00:00+09:00,996.0115356445312,996.0115356445312,996.0115356445312,996.0115356445312,400,0.0,0.0
2008-06-02 00:00:00+09:00,996.0115356445312,996.0115356445312,996.0115356445312,996.0115356445312,0,0.0,0.0
2008-06-03 00:00:00+09:00,950.7382576420622,959.7929077148438,950.7382576420622,959.7929077148438,700,0.0,0.0
2008-06-04 00:00:00+09:00,996.0115356445312,996.0115356445312,996.0115356445312,996.0115356445312,300,0.0,0.0
2008-06-05 00:00:00+09:00,1005.0661859685724,1005.0661859685724,986.9568853204901,996.0115356445312,1500,0.0,0.0
2008-06-06 00:00:00+09:00,977.90234375,977.90234375,977.90234375,977.90234375,700,0.0,0.0
2008-06-09 00:00:00+09:00,950.7382202148438,950.7382202148438,950.7382202148438,950.7382202148438,500,0.0,0.0
2008-06-10 00:00:00+09:00,950.7382576420622,959.7929077148438,950.7382576420622,959.7929077148438,500,0.0,0.0
2008-06-11 00:00:00+09:00,941.6835704985119,950.7382202148438,941.6835704985119,950.7382202148438,700,0.0,0.0
2008-06-12 00:00:00+09:00,996.0114887782506,1014.1207885742188,996.0114887782506,1014.1207885742188,300,0.0,0.0
2008-06-13 00:00:00+09:00,959.7928699311756,959.7928699311756,950.7382202148438,950.7382202148438,300,0.0,0.0
2008-06-16 00:00:00+09:00,986.9569702148438,986.9569702148438,986.9569702148438,986.9569702148438,100,0.0,0.0
2008-06-17 00:00:00+09:00,986.9569702148438,986.9569702148438,986.9569702148438,986.9569702148438,200,0.0,0.0
2008-06-18 00:00:00+09:00,986.9569702148438,986.9569702148438,986.9569702148438,986.9569702148438,0,0.0,0.0
2008-06-19 00:00:00+09:00,986.9569702148438,986.9569702148438,986.9569702148438,986.9569702148438,0,0.0,0.0
2008-06-20 00:00:00+09:00,941.6836174529733,941.6836174529733,932.6289672851562,932.6289672851562,600,0.0,0.0
2008-06-23 00:00:00+09:00,932.6289672851562,932.6289672851562,932.6289672851562,932.6289672851562,0,0.0,0.0
2008-06-24 00:00:00+09:00,932.6289672851562,932.6289672851562,932.6289672851562,932.6289672851562,600,0.0,0.0
2008-06-25 00:00:00+09:00,941.6835704985119,950.7382202148438,941.6835704985119,950.7382202148438,700,0.0,0.0
2008-06-26 00:00:00+09:00,950.7382202148438,950.7382202148438,950.7382202148438,950.7382202148438,100,0.0,0.0
2008-06-27 00:00:00+09:00,950.7382202148438,950.7382202148438,950.7382202148438,950.7382202148438,100,0.0,0.0
2008-06-30 00:00:00+09:00,950.7382202148438,950.7382202148438,950.7382202148438,950.7382202148438,0,0.0,0.0
2008-07-01 00:00:00+09:00,896.410400390625,896.410400390625,896.410400390625,896.410400390625,200,0.0,0.0
2008-07-02 00:00:00+09:00,950.7382202148438,950.7382202148438,950.7382202148438,950.7382202148438,300,0.0,0.0
2008-07-03 00:00:00+09:00,950.7382202148438,950.7382202148438,950.7382202148438,950.7382202148438,200,0.0,0.0
2008-07-04 00:00:00+09:00,941.68359375,941.68359375,941.68359375,941.68359375,100,0.0,0.0
2008-07-07 00:00:00+09:00,941.68359375,941.68359375,941.68359375,941.68359375,100,0.0,0.0
2008-07-08 00:00:00+09:00,941.68359375,941.68359375,941.68359375,941.68359375,100,0.0,0.0
2008-07-09 00:00:00+09:00,932.6289672851562,932.6289672851562,932.6289672851562,932.6289672851562,900,0.0,0.0
2008-07-10 00:00:00+09:00,977.90234375,977.90234375,977.90234375,977.90234375,100,0.0,0.0
2008-07-11 00:00:00+09:00,941.68359375,941.68359375,941.68359375,941.68359375,600,0.0,0.0
2008-07-14 00:00:00+09:00,977.90234375,977.90234375,977.90234375,977.90234375,100,0.0,0.0
2008-07-15 00:00:00+09:00,968.84765625,968.84765625,968.84765625,968.84765625,100,0.0,0.0
2008-07-16 00:00:00+09:00,968.84765625,968.84765625,968.84765625,968.84765625,100,0.0,0.0
2008-07-17 00:00:00+09:00,968.84765625,968.84765625,968.84765625,968.84765625,300,0.0,0.0
2008-07-18 00:00:00+09:00,968.84765625,968.84765625,968.84765625,968.84765625,0,0.0,0.0
2008-07-22 00:00:00+09:00,860.1917033292809,887.3556518554688,860.1917033292809,887.3556518554688,700,0.0,0.0
2008-07-23 00:00:00+09:00,878.301025390625,878.301025390625,878.301025390625,878.301025390625,300,0.0,0.0
2008-07-24 00:00:00+09:00,833.0278930664062,833.0278930664062,833.0278930664062,833.0278930664062,100,0.0,0.0
2008-07-25 00:00:00+09:00,959.7929077148438,959.7929077148438,959.7929077148438,959.7929077148438,300,0.0,0.0
2008-07-28 00:00:00+09:00,968.84765625,968.84765625,968.84765625,968.84765625,100,0.0,0.0
2008-07-29 00:00:00+09:00,833.0277852809176,860.1917348009474,833.0277852809176,851.1370849609375,1600,0.0,0.0
2008-07-30 00:00:00+09:00,896.410400390625,896.410400390625,896.410400390625,896.410400390625,200,0.0,0.0
2008-07-31 00:00:00+09:00,896.410400390625,896.410400390625,896.410400390625,896.410400390625,0,0.0,0.0
2008-08-01 00:00:00+09:00,896.410400390625,896.410400390625,896.410400390625,896.410400390625,100,0.0,0.0
2008-08-04 00:00:00+09:00,896.410400390625,896.410400390625,896.410400390625,896.410400390625,0,0.0,0.0
2008-08-05 00:00:00+09:00,887.3556518554688,887.3556518554688,887.3556518554688,887.3556518554688,300,0.0,0.0
2008-08-06 00:00:00+09:00,887.3556518554688,887.3556518554688,887.3556518554688,887.3556518554688,0,0.0,0.0
2008-08-07 00:00:00+09:00,887.3556518554688,887.3556518554688,887.3556518554688,887.3556518554688,0,0.0,0.0
2008-08-08 00:00:00+09:00,860.191650390625,860.191650390625,860.191650390625,860.191650390625,100,0.0,0.0
2008-08-11 00:00:00+09:00,896.410400390625,896.410400390625,896.410400390625,896.410400390625,100,0.0,0.0
2008-08-12 00:00:00+09:00,905.4649047851562,905.4649047851562,905.4649047851562,905.4649047851562,100,0.0,0.0
2008-08-13 00:00:00+09:00,905.4648951480264,905.4648951480264,860.191650390625,860.191650390625,300,0.0,0.0
2008-08-14 00:00:00+09:00,914.5196533203125,914.5196533203125,914.5196533203125,914.5196533203125,400,0.0,0.0
2008-08-15 00:00:00+09:00,914.5196533203125,914.5196533203125,914.5196533203125,914.5196533203125,100,0.0,0.0
2008-08-18 00:00:00+09:00,959.7929077148438,959.7929077148438,959.7929077148438,959.7929077148438,200,0.0,0.0
2008-08-19 00:00:00+09:00,959.7929077148438,959.7929077148438,959.7929077148438,959.7929077148438,0,0.0,0.0
2008-08-20 00:00:00+09:00,959.7929077148438,959.7929077148438,959.7929077148438,959.7929077148438,0,0.0,0.0
2008-08-21 00:00:00+09:00,959.7929077148438,959.7929077148438,959.7929077148438,959.7929077148438,0,0.0,0.0
2008-08-22 00:00:00+09:00,959.7929077148438,959.7929077148438,959.7929077148438,959.7929077148438,0,0.0,0.0
2008-08-25 00:00:00+09:00,878.301025390625,878.301025390625,878.301025390625,878.301025390625,1300,0.0,0.0
2008-08-26 00:00:00+09:00,923.5742797851562,923.5742797851562,923.5742797851562,923.5742797851562,200,0.0,0.0
2008-08-27 00:00:00+09:00,923.5742797851562,923.5742797851562,923.5742797851562,923.5742797851562,0,0.0,0.0
2008-08-28 00:00:00+09:00,923.5742797851562,923.5742797851562,923.5742797851562,923.5742797851562,0,0.0,0.0
2008-08-29 00:00:00+09:00,923.5742797851562,923.5742797851562,923.5742797851562,923.5742797851562,0,0.0,0.0
2008-09-01 00:00:00+09:00,923.5742797851562,923.5742797851562,923.5742797851562,923.5742797851562,0,0.0,0.0
2008-09-02 00:00:00+09:00,887.3556518554688,887.3556518554688,887.3556518554688,887.3556518554688,300,0.0,0.0
2008-09-03 00:00:00+09:00,887.3556518554688,887.3556518554688,887.3556518554688,887.3556518554688,0,0.0,0.0
2008-09-04 00:00:00+09:00,887.3556518554688,887.3556518554688,887.3556518554688,887.3556518554688,0,0.0,0.0
2008-09-05 00:00:00+09:00,878.301025390625,878.301025390625,878.301025390625,878.301025390625,200,0.0,0.0
2008-09-08 00:00:00+09:00,878.301025390625,878.301025390625,878.301025390625,878.301025390625,0,0.0,0.0
2008-09-09 00:00:00+09:00,878.301025390625,878.301025390625,878.301025390625,878.301025390625,500,0.0,0.0
2008-09-10 00:00:00+09:00,860.191650390625,860.191650390625,860.191650390625,860.191650390625,400,0.0,0.0
2008-09-11 00:00:00+09:00,878.301025390625,878.301025390625,878.301025390625,878.301025390625,100,0.0,0.0
2008-09-12 00:00:00+09:00,887.3556518554688,887.3556518554688,887.3556518554688,887.3556518554688,400,0.0,0.0
2008-09-16 00:00:00+09:00,887.3556518554688,887.3556518554688,887.3556518554688,887.3556518554688,100,0.0,0.0
2008-09-17 00:00:00+09:00,896.410400390625,896.410400390625,896.410400390625,896.410400390625,100,0.0,0.0
2008-09-18 00:00:00+09:00,896.410400390625,896.410400390625,896.410400390625,896.410400390625,600,0.0,0.0
2008-09-19 00:00:00+09:00,896.410400390625,896.410400390625,896.410400390625,896.410400390625,0,0.0,0.0
2008-09-22 00:00:00+09:00,896.410400390625,896.410400390625,896.410400390625,896.410400390625,0,0.0,0.0
2008-09-24 00:00:00+09:00,896.410400390625,896.410400390625,896.410400390625,896.410400390625,0,0.0,0.0
2008-09-25 00:00:00+09:00,896.410400390625,896.410400390625,896.410400390625,896.410400390625,300,0.0,0.0
2008-09-26 00:00:00+09:00,887.3556518554688,887.3556518554688,887.3556518554688,887.3556518554688,300,0.0,0.0
2008-09-29 00:00:00+09:00,878.301025390625,878.301025390625,878.301025390625,878.301025390625,300,0.0,0.0
2008-09-30 00:00:00+09:00,869.246337890625,869.246337890625,869.246337890625,869.246337890625,300,0.0,0.0
2008-10-01 00:00:00+09:00,869.246337890625,869.246337890625,869.246337890625,869.246337890625,0,0.0,0.0
2008-10-02 00:00:00+09:00,869.246337890625,869.246337890625,869.246337890625,869.246337890625,0,0.0,0.0
2008-10-03 00:00:00+09:00,869.246337890625,869.246337890625,869.246337890625,869.246337890625,0,0.0,0.0
2008-10-06 00:00:00+09:00,823.9731963186554,896.410400390625,823.9731963186554,896.410400390625,200,0.0,0.0
2008-10-07 00:00:00+09:00,878.301025390625,878.301025390625,878.301025390625,878.301025390625,200,0.0,0.0
2008-10-08 00:00:00+09:00,878.301025390625,878.301025390625,878.301025390625,878.301025390625,0,0.0,0.0
2008-10-09 00:00:00+09:00,878.301025390625,878.301025390625,878.301025390625,878.301025390625,0,0.0,0.0
2008-10-10 00:00:00+09:00,896.410400390625,896.410400390625,896.410400390625,896.410400390625,100,0.0,0.0
2008-10-14 00:00:00+09:00,905.4649047851562,905.4649047851562,905.4649047851562,905.4649047851562,100,0.0,0.0
2008-10-15 00:00:00+09:00,905.4649047851562,905.4649047851562,905.4649047851562,905.4649047851562,100,0.0,0.0
2008-10-16 00:00:00+09:00,905.4649047851562,905.4649047851562,905.4649047851562,905.4649047851562,100,0.0,0.0
2008-10-17 00:00:00+09:00,896.410400390625,896.410400390625,896.410400390625,896.410400390625,100,0.0,0.0
2008-10-20 00:00:00+09:00,896.410400390625,896.410400390625,896.410400390625,896.410400390625,200,0.0,0.0
2008-10-21 00:00:00+09:00,896.410400390625,896.410400390625,896.410400390625,896.410400390625,0,0.0,0.0
2008-10-22 00:00:00+09:00,896.410400390625,896.410400390625,896.410400390625,896.410400390625,0,0.0,0.0
2008-10-23 00:00:00+09:00,896.410400390625,896.410400390625,896.410400390625,896.410400390625,0,0.0,0.0
2008-10-24 00:00:00+09:00,896.410400390625,896.410400390625,896.410400390625,896.410400390625,0,0.0,0.0
2008-10-27 00:00:00+09:00,887.3556518554688,887.3556518554688,887.3556518554688,887.3556518554688,400,0.0,0.0
2008-10-28 00:00:00+09:00,896.410400390625,896.410400390625,896.410400390625,896.410400390625,100,0.0,0.0
2008-10-29 00:00:00+09:00,896.410400390625,896.410400390625,896.410400390625,896.410400390625,0,0.0,0.0
2008-10-30 00:00:00+09:00,896.410400390625,896.410400390625,896.410400390625,896.410400390625,0,0.0,0.0
2008-10-31 00:00:00+09:00,896.410400390625,896.410400390625,896.410400390625,896.410400390625,100,0.0,0.0
2008-11-04 00:00:00+09:00,851.1370538205517,887.3556518554688,851.1370538205517,887.3556518554688,600,0.0,0.0
2008-11-05 00:00:00+09:00,887.3556518554688,887.3556518554688,887.3556518554688,887.3556518554688,0,0.0,0.0
2008-11-06 00:00:00+09:00,896.410400390625,896.410400390625,896.410400390625,896.410400390625,200,0.0,0.0
2008-11-07 00:00:00+09:00,896.410400390625,896.410400390625,896.410400390625,896.410400390625,0,0.0,0.0
2008-11-10 00:00:00+09:00,896.410400390625,896.410400390625,896.410400390625,896.410400390625,100,0.0,0.0
2008-11-11 00:00:00+09:00,896.410400390625,896.410400390625,896.410400390625,896.410400390625,100,0.0,0.0
2008-11-12 00:00:00+09:00,896.410400390625,896.410400390625,896.410400390625,896.410400390625,100,0.0,0.0
2008-11-13 00:00:00+09:00,896.410400390625,896.410400390625,896.410400390625,896.410400390625,100,0.0,0.0
2008-11-14 00:00:00+09:00,896.410400390625,896.410400390625,896.410400390625,896.410400390625,200,0.0,0.0
2008-11-17 00:00:00+09:00,941.68359375,941.68359375,941.68359375,941.68359375,300,0.0,0.0
2008-11-18 00:00:00+09:00,833.027818467882,878.3010694715712,814.9185180664062,814.9185180664062,800,0.0,0.0
2008-11-19 00:00:00+09:00,814.9185180664062,814.9185180664062,814.9185180664062,814.9185180664062,700,0.0,0.0
2008-11-20 00:00:00+09:00,814.9185180664062,814.9185180664062,814.9185180664062,814.9185180664062,0,0.0,0.0
2008-11-21 00:00:00+09:00,851.1370538205517,887.3556518554688,851.1370538205517,887.3556518554688,300,0.0,0.0
2008-11-25 00:00:00+09:00,914.5196533203125,914.5196533203125,914.5196533203125,914.5196533203125,300,0.0,0.0
2008-11-26 00:00:00+09:00,833.0278930664062,833.0278930664062,833.0278930664062,833.0278930664062,400,0.0,0.0
2008-11-27 00:00:00+09:00,833.0278930664062,833.0278930664062,833.0278930664062,833.0278930664062,0,0.0,0.0
2008-11-28 00:00:00+09:00,833.0277852809176,851.1370849609375,833.0277852809176,851.1370849609375,200,0.0,0.0
2008-12-01 00:00:00+09:00,851.1370849609375,851.1370849609375,851.1370849609375,851.1370849609375,0,0.0,0.0
2008-12-02 00:00:00+09:00,833.0278930664062,833.0278930664062,833.0278930664062,833.0278930664062,200,0.0,0.0
2008-12-03 00:00:00+09:00,833.0278930664062,833.0278930664062,833.0278930664062,833.0278930664062,0,0.0,0.0
2008-12-04 00:00:00+09:00,833.0278930664062,833.0278930664062,833.0278930664062,833.0278930664062,0,0.0,0.0
2008-12-05 00:00:00+09:00,833.0278930664062,833.0278930664062,833.0278930664062,833.0278930664062,0,0.0,0.0
2008-12-08 00:00:00+09:00,833.0278930664062,833.0278930664062,833.0278930664062,833.0278930664062,0,0.0,0.0
2008-12-09 00:00:00+09:00,833.0278930664062,833.0278930664062,833.0278930664062,833.0278930664062,0,0.0,0.0
2008-12-10 00:00:00+09:00,814.9185180664062,814.9185180664062,814.9185180664062,814.9185180664062,100,0.0,0.0
2008-12-11 00:00:00+09:00,787.7545166015625,787.7545166015625,787.7545166015625,787.7545166015625,100,0.0,0.0
2008-12-12 00:00:00+09:00,742.4812469482422,796.8091430664062,742.4812469482422,796.8091430664062,500,0.0,0.0
2008-12-15 00:00:00+09:00,787.7545166015625,787.7545166015625,787.7545166015625,787.7545166015625,200,0.0,0.0
2008-12-16 00:00:00+09:00,697.2080589294434,724.3720092773438,697.2080589294434,724.3720092773438,700,0.0,0.0
2008-12-17 00:00:00+09:00,769.645263671875,769.645263671875,769.645263671875,769.645263671875,400,0.0,0.0
2008-12-18 00:00:00+09:00,769.645263671875,769.645263671875,769.645263671875,769.645263671875,0,0.0,0.0
2008-12-19 00:00:00+09:00,769.645263671875,769.645263671875,769.645263671875,769.645263671875,0,0.0,0.0
2008-12-22 00:00:00+09:00,715.3173828125,715.3173828125,715.3173828125,715.3173828125,200,0.0,0.0
2008-12-24 00:00:00+09:00,715.3173828125,715.3173828125,715.3173828125,715.3173828125,0,0.0,0.0
2008-12-25 00:00:00+09:00,805.8637084960938,805.8637084960938,805.8637084960938,805.8637084960938,400,0.0,0.0
2008-12-26 00:00:00+09:00,796.8091430664062,796.8091430664062,796.8091430664062,796.8091430664062,100,0.0,0.0
2008-12-29 00:00:00+09:00,842.0823974609375,842.0823974609375,842.0823974609375,842.0823974609375,100,0.0,0.0
2008-12-30 00:00:00+09:00,842.0823974609375,842.0823974609375,842.0823974609375,842.0823974609375,0,0.0,0.0
2009-01-05 00:00:00+09:00,842.0823974609375,842.0823974609375,842.0823974609375,842.0823974609375,0,0.0,0.0
2009-01-06 00:00:00+09:00,833.0278930664062,833.0278930664062,833.0278930664062,833.0278930664062,300,0.0,0.0
2009-01-07 00:00:00+09:00,778.6998291015625,778.6998291015625,778.6998291015625,778.6998291015625,300,0.0,0.0
2009-01-08 00:00:00+09:00,778.6998291015625,778.6998291015625,778.6998291015625,778.6998291015625,0,0.0,0.0
2009-01-09 00:00:00+09:00,778.6998291015625,778.6998291015625,778.6998291015625,778.6998291015625,0,0.0,0.0
2009-01-13 00:00:00+09:00,805.8637084960938,805.8637084960938,805.8637084960938,805.8637084960938,200,0.0,0.0
2009-01-14 00:00:00+09:00,796.8091430664062,796.8091430664062,796.8091430664062,796.8091430664062,100,0.0,0.0
2009-01-15 00:00:00+09:00,814.9185180664062,814.9185180664062,814.9185180664062,814.9185180664062,100,0.0,0.0
2009-01-16 00:00:00+09:00,778.6998291015625,778.6998291015625,778.6998291015625,778.6998291015625,300,0.0,0.0
2009-01-19 00:00:00+09:00,778.6998364551957,778.6998364551957,660.9893960608057,751.535888671875,700,0.0,0.0
2009-01-20 00:00:00+09:00,688.1533373455669,778.6998291015625,688.1533373455669,778.6998291015625,700,0.0,0.0
2009-01-21 00:00:00+09:00,679.0987505231585,679.0987505231585,633.8255004882812,633.8255004882812,5000,0.0,0.0
2009-01-22 00:00:00+09:00,633.8254772777289,642.880126953125,624.7708276023328,642.880126953125,700,0.0,0.0
2009-01-23 00:00:00+09:00,588.5523071289062,588.5523071289062,588.5523071289062,588.5523071289062,700,0.0,0.0
2009-01-26 00:00:00+09:00,588.5523071289062,588.5523071289062,588.5523071289062,588.5523071289062,700,0.0,0.0
2009-01-27 00:00:00+09:00,588.5521510389984,588.5521510389984,543.2789086513832,552.3335571289062,1600,0.0,0.0
2009-01-28 00:00:00+09:00,588.5523071289062,588.5523071289062,588.5523071289062,588.5523071289062,300,0.0,0.0
2009-01-29 00:00:00+09:00,588.5523071289062,588.5523071289062,588.5523071289062,588.5523071289062,0,0.0,0.0
2009-01-30 00:00:00+09:00,579.49755859375,579.49755859375,579.49755859375,579.49755859375,100,0.0,0.0
2009-02-02 00:00:00+09:00,552.3335571289062,552.3335571289062,552.3335571289062,552.3335571289062,100,0.0,0.0
2009-02-03 00:00:00+09:00,597.6067995165215,597.6067995165215,552.3335571289062,552.3335571289062,400,0.0,0.0
2009-02-04 00:00:00+09:00,552.3335571289062,552.3335571289062,552.3335571289062,552.3335571289062,0,0.0,0.0
2009-02-05 00:00:00+09:00,561.3883056640625,561.3883056640625,561.3883056640625,561.3883056640625,400,0.0,0.0
2009-02-06 00:00:00+09:00,561.3883056640625,561.3883056640625,561.3883056640625,561.3883056640625,0,0.0,0.0
2009-02-09 00:00:00+09:00,552.3335571289062,552.3335571289062,552.3335571289062,552.3335571289062,100,0.0,0.0
2009-02-10 00:00:00+09:00,561.3882528276586,606.6614990234375,561.3882528276586,606.6614990234375,100,0.0,0.0
2009-02-12 00:00:00+09:00,597.6068115234375,597.6068115234375,597.6068115234375,597.6068115234375,100,0.0,0.0
2009-02-13 00:00:00+09:00,588.5523071289062,588.5523071289062,588.5523071289062,588.5523071289062,200,0.0,0.0
2009-02-16 00:00:00+09:00,534.2243041992188,534.2243041992188,534.2243041992188,534.2243041992188,600,0.0,0.0
2009-02-17 00:00:00+09:00,534.2243041992188,534.2243041992188,534.2243041992188,534.2243041992188,100,0.0,0.0
2009-02-18 00:00:00+09:00,579.49755859375,579.49755859375,579.49755859375,579.49755859375,700,0.0,0.0
2009-02-19 00:00:00+09:00,579.49755859375,579.49755859375,579.49755859375,579.49755859375,0,0.0,0.0
2009-02-20 00:00:00+09:00,525.1697387695312,525.1697387695312,525.1697387695312,525.1697387695312,100,0.0,0.0
2009-02-23 00:00:00+09:00,525.1697387695312,525.1697387695312,525.1697387695312,525.1697387695312,0,0.0,0.0
2009-02-24 00:00:00+09:00,525.1697387695312,525.1697387695312,525.1697387695312,525.1697387695312,0,0.0,0.0
2009-02-25 00:00:00+09:00,615.7161254882812,615.7161254882812,615.7161254882812,615.7161254882812,500,0.0,0.0
2009-02-26 00:00:00+09:00,597.6068115234375,597.6068115234375,597.6068115234375,597.6068115234375,100,0.0,0.0
2009-02-27 00:00:00+09:00,534.2243041992188,534.2243041992188,534.2243041992188,534.2243041992188,200,0.0,0.0
2009-03-02 00:00:00+09:00,534.2243041992188,534.2243041992188,534.2243041992188,534.2243041992188,0,0.0,0.0
2009-03-03 00:00:00+09:00,534.2243041992188,534.2243041992188,534.2243041992188,534.2243041992188,0,0.0,0.0
2009-03-04 00:00:00+09:00,507.06031474129094,552.3335571289062,507.06031474129094,552.3335571289062,200,0.0,0.0
2009-03-05 00:00:00+09:00,552.3335571289062,552.3335571289062,552.3335571289062,552.3335571289062,0,0.0,0.0
2009-03-06 00:00:00+09:00,570.4429321289062,570.4429321289062,570.4429321289062,570.4429321289062,100,0.0,0.0
2009-03-09 00:00:00+09:00,570.4429321289062,570.4429321289062,570.4429321289062,570.4429321289062,0,0.0,0.0
2009-03-10 00:00:00+09:00,588.5523071289062,588.5523071289062,588.5523071289062,588.5523071289062,100,0.0,0.0
2009-03-11 00:00:00+09:00,606.6614990234375,606.6614990234375,606.6614990234375,606.6614990234375,100,0.0,0.0
2009-03-12 00:00:00+09:00,434.6232096354167,434.6232096354167,362.18600802951386,407.4592590332031,9500,0.0,0.0
2009-03-13 00:00:00+09:00,425.56855943467883,425.56855943467883,407.4592590332031,407.4592590332031,2600,0.0,0.0
2009-03-16 00:00:00+09:00,443.67784705528845,470.841796875,443.67784705528845,470.841796875,1200,0.0,0.0
2009-03-17 00:00:00+09:00,434.6231904871324,461.7871398925781,434.6231904871324,461.7871398925781,1800,0.0,0.0
2009-03-18 00:00:00+09:00,452.7324900907629,461.7871398925781,452.7324900907629,461.7871398925781,400,0.0,0.0
2009-03-19 00:00:00+09:00,461.7871398925781,461.7871398925781,461.7871398925781,461.7871398925781,100,0.0,0.0
2009-03-23 00:00:00+09:00,434.6231904871324,461.7871398925781,434.6231904871324,461.7871398925781,300,0.0,0.0
2009-03-24 00:00:00+09:00,443.6778259277344,443.6778259277344,443.6778259277344,443.6778259277344,200,0.0,0.0
2009-03-25 00:00:00+09:00,543.2789916992188,543.2789916992188,543.2789916992188,543.2789916992188,600,0.0,0.0
2009-03-26 00:00:00+09:00,624.7709350585938,624.7709350585938,624.7709350585938,624.7709350585938,200,0.0,0.0
2009-03-27 00:00:00+09:00,624.7709350585938,624.7709350585938,624.7709350585938,624.7709350585938,500,0.0,0.0
2009-03-30 00:00:00+09:00,642.8801401774089,642.8801401774089,543.2789916992188,543.2789916992188,300,0.0,0.0
2009-03-31 00:00:00+09:00,543.279052734375,588.5523071289062,543.279052734375,588.5523071289062,300,0.0,0.0
2009-04-01 00:00:00+09:00,588.5523071289062,588.5523071289062,588.5523071289062,588.5523071289062,0,0.0,0.0
2009-04-02 00:00:00+09:00,588.5523071289062,588.5523071289062,588.5523071289062,588.5523071289062,0,0.0,0.0
2009-04-03 00:00:00+09:00,588.5523071289062,588.5523071289062,588.5523071289062,588.5523071289062,0,0.0,0.0
2009-04-06 00:00:00+09:00,534.2243041992188,534.2243041992188,534.2243041992188,534.2243041992188,1400,0.0,0.0
2009-04-07 00:00:00+09:00,507.0603942871094,507.0603942871094,507.0603942871094,507.0603942871094,300,0.0,0.0
2009-04-08 00:00:00+09:00,624.7709350585938,624.7709350585938,624.7709350585938,624.7709350585938,700,0.0,0.0
2009-04-09 00:00:00+09:00,561.3882598876953,579.49755859375,561.3882598876953,579.49755859375,200,0.0,0.0
2009-04-10 00:00:00+09:00,624.7709350585938,624.7709350585938,624.7709350585938,624.7709350585938,700,0.0,0.0
2009-04-13 00:00:00+09:00,633.8254547119141,633.8254547119141,579.49755859375,579.49755859375,300,0.0,0.0
2009-04-14 00:00:00+09:00,633.8255004882812,633.8255004882812,633.8255004882812,633.8255004882812,100,0.0,0.0
2009-04-15 00:00:00+09:00,724.3720005580358,724.3720005580358,633.8255004882812,633.8255004882812,200,0.0,0.0
2009-04-16 00:00:00+09:00,724.3720092773438,724.3720092773438,724.3720092773438,724.3720092773438,300,0.0,0.0
2009-04-17 00:00:00+09:00,724.3720332278481,724.3720332278481,715.3173828125,715.3173828125,800,0.0,0.0
2009-04-20 00:00:00+09:00,715.3173828125,715.3173828125,715.3173828125,715.3173828125,0,0.0,0.0
2009-04-21 00:00:00+09:00,724.3720092773438,724.3720092773438,724.3720092773438,724.3720092773438,500,0.0,0.0
2009-04-22 00:00:00+09:00,651.9347910423801,660.9894409179688,651.9347910423801,660.9894409179688,600,0.0,0.0
2009-04-23 00:00:00+09:00,814.9184056332236,860.191650390625,814.9184056332236,860.191650390625,1300,0.0,0.0
2009-04-24 00:00:00+09:00,724.3719482421875,724.3719482421875,651.9347534179688,651.9347534179688,1200,0.0,0.0
2009-04-27 00:00:00+09:00,787.7545166015625,787.7545166015625,787.7545166015625,787.7545166015625,1400,0.0,0.0
2009-04-28 00:00:00+09:00,751.5359979323399,751.5359979323399,733.4266967773438,733.4266967773438,2400,0.0,0.0
2009-04-30 00:00:00+09:00,733.4266967773438,733.4266967773438,733.4266967773438,733.4266967773438,200,0.0,0.0
2009-05-01 00:00:00+09:00,778.6998291015625,778.6998291015625,778.6998291015625,778.6998291015625,100,0.0,0.0
2009-05-07 00:00:00+09:00,760.590576171875,760.590576171875,760.590576171875,760.590576171875,300,0.0,0.0
2009-05-08 00:00:00+09:00,760.590576171875,760.590576171875,760.590576171875,760.590576171875,0,0.0,0.0
2009-05-11 00:00:00+09:00,796.8091349774096,796.8091349774096,751.535888671875,751.535888671875,200,0.0,0.0
2009-05-12 00:00:00+09:00,769.645263671875,769.645263671875,769.645263671875,769.645263671875,400,0.0,0.0
2009-05-13 00:00:00+09:00,796.8090600860253,805.8637084960938,796.8090600860253,805.8637084960938,300,0.0,0.0
2009-05-14 00:00:00+09:00,787.7545166015625,787.7545166015625,787.7545166015625,787.7545166015625,200,0.0,0.0
2009-05-15 00:00:00+09:00,887.3556518554688,887.3556518554688,887.3556518554688,887.3556518554688,300,0.0,0.0
2009-05-18 00:00:00+09:00,905.4649047851562,905.4649047851562,905.4649047851562,905.4649047851562,300,0.0,0.0
2009-05-19 00:00:00+09:00,814.9185910432235,833.0278930664062,814.9185910432235,833.0278930664062,800,0.0,0.0
2009-05-20 00:00:00+09:00,833.0278930664062,833.0278930664062,833.0278930664062,833.0278930664062,0,0.0,0.0
2009-05-21 00:00:00+09:00,842.0823974609375,842.0823974609375,842.0823974609375,842.0823974609375,200,0.0,0.0
2009-05-22 00:00:00+09:00,814.9183569061622,814.9183569061622,805.8637084960938,805.8637084960938,600,0.0,0.0
2009-05-25 00:00:00+09:00,814.9185180664062,814.9185180664062,814.9185180664062,814.9185180664062,400,0.0,0.0
2009-05-26 00:00:00+09:00,833.0278930664062,833.0278930664062,833.0278930664062,833.0278930664062,100,0.0,0.0
2009-05-27 00:00:00+09:00,842.0823974609375,842.0823974609375,842.0823974609375,842.0823974609375,200,0.0,0.0
2009-05-28 00:00:00+09:00,842.0823974609375,842.0823974609375,842.0823974609375,842.0823974609375,0,0.0,0.0
2009-05-29 00:00:00+09:00,842.0823974609375,842.0823974609375,842.0823974609375,842.0823974609375,0,0.0,0.0
2009-06-01 00:00:00+09:00,842.0823974609375,842.0823974609375,842.0823974609375,842.0823974609375,0,0.0,0.0
2009-06-02 00:00:00+09:00,814.9185180664062,814.9185180664062,814.9185180664062,814.9185180664062,300,0.0,0.0
2009-06-03 00:00:00+09:00,814.9185180664062,814.9185180664062,814.9185180664062,814.9185180664062,0,0.0,0.0
2009-06-04 00:00:00+09:00,814.9185180664062,814.9185180664062,814.9185180664062,814.9185180664062,0,0.0,0.0
2009-06-05 00:00:00+09:00,833.0277480258736,842.0823974609375,833.0277480258736,842.0823974609375,200,0.0,0.0
2009-06-08 00:00:00+09:00,842.0823974609375,842.0823974609375,842.0823974609375,842.0823974609375,0,0.0,0.0
2009-06-09 00:00:00+09:00,842.0823974609375,842.0823974609375,842.0823974609375,842.0823974609375,0,0.0,0.0
2009-06-10 00:00:00+09:00,814.9185180664062,814.9185180664062,814.9185180664062,814.9185180664062,300,0.0,0.0
2009-06-11 00:00:00+09:00,842.0825440779977,842.0825440779977,814.9185910432235,833.0278930664062,900,0.0,0.0
2009-06-12 00:00:00+09:00,842.0823974609375,842.0823974609375,842.0823974609375,842.0823974609375,100,0.0,0.0
2009-06-15 00:00:00+09:00,869.2464971127717,869.2464971127717,833.0278930664062,833.0278930664062,200,0.0,0.0
2009-06-16 00:00:00+09:00,851.1370849609375,851.1370849609375,851.1370849609375,851.1370849609375,100,0.0,0.0
2009-06-17 00:00:00+09:00,896.410400390625,896.410400390625,896.410400390625,896.410400390625,400,0.0,0.0
2009-06-18 00:00:00+09:00,896.410400390625,896.410400390625,896.410400390625,896.410400390625,0,0.0,0.0
2009-06-19 00:00:00+09:00,896.410400390625,896.410400390625,896.410400390625,896.410400390625,0,0.0,0.0
2009-06-22 00:00:00+09:00,896.410400390625,896.410400390625,896.410400390625,896.410400390625,0,0.0,0.0
2009-06-23 00:00:00+09:00,896.410400390625,896.410400390625,896.410400390625,896.410400390625,0,0.0,0.0
2009-06-24 00:00:00+09:00,896.410400390625,896.410400390625,896.410400390625,896.410400390625,100,0.0,0.0
2009-06-25 00:00:00+09:00,905.4650200737847,905.4650200737847,814.9185180664062,814.9185180664062,900,0.0,0.0
2009-06-26 00:00:00+09:00,814.9185180664062,814.9185180664062,814.9185180664062,814.9185180664062,100,0.0,0.0
2009-06-29 00:00:00+09:00,814.9185180664062,814.9185180664062,814.9185180664062,814.9185180664062,200,0.0,0.0
2009-06-30 00:00:00+09:00,805.8637084960938,805.8637084960938,805.8637084960938,805.8637084960938,200,0.0,0.0
2009-07-01 00:00:00+09:00,805.8637084960938,805.8637084960938,805.8637084960938,805.8637084960938,100,0.0,0.0
2009-07-02 00:00:00+09:00,805.8637084960938,805.8637084960938,805.8637084960938,805.8637084960938,0,0.0,0.0
2009-07-03 00:00:00+09:00,805.8637084960938,805.8637084960938,805.8637084960938,805.8637084960938,0,0.0,0.0
2009-07-06 00:00:00+09:00,814.9184417724609,814.9184417724609,796.8091430664062,796.8091430664062,300,0.0,0.0
2009-07-07 00:00:00+09:00,814.9185180664062,814.9185180664062,814.9185180664062,814.9185180664062,100,0.0,0.0
2009-07-08 00:00:00+09:00,814.9185180664062,814.9185180664062,814.9185180664062,814.9185180664062,500,0.0,0.0
2009-07-09 00:00:00+09:00,814.9185180664062,814.9185180664062,814.9185180664062,814.9185180664062,0,0.0,0.0
2009-07-10 00:00:00+09:00,851.1370849609375,851.1370849609375,851.1370849609375,851.1370849609375,100,0.0,0.0
2009-07-13 00:00:00+09:00,851.1370849609375,851.1370849609375,851.1370849609375,851.1370849609375,100,0.0,0.0
2009-07-14 00:00:00+09:00,887.355719672309,887.355719672309,814.9185180664062,814.9185180664062,300,0.0,0.0
2009-07-15 00:00:00+09:00,842.0823974609375,842.0823974609375,842.0823974609375,842.0823974609375,100,0.0,0.0
2009-07-16 00:00:00+09:00,842.0824351209275,851.1370849609375,842.0824351209275,851.1370849609375,200,0.0,0.0
2009-07-17 00:00:00+09:00,887.3556518554688,887.3556518554688,887.3556518554688,887.3556518554688,200,0.0,0.0
2009-07-21 00:00:00+09:00,887.3556518554688,887.3556518554688,887.3556518554688,887.3556518554688,0,0.0,0.0
2009-07-22 00:00:00+09:00,887.3556518554688,887.3556518554688,887.3556518554688,887.3556518554688,0,0.0,0.0
2009-07-23 00:00:00+09:00,887.3556518554688,887.3556518554688,887.3556518554688,887.3556518554688,0,0.0,0.0
2009-07-24 00:00:00+09:00,887.3556518554688,887.3556518554688,887.3556518554688,887.3556518554688,0,0.0,0.0
2009-07-27 00:00:00+09:00,887.3556518554688,887.3556518554688,887.3556518554688,887.3556518554688,300,0.0,0.0
2009-07-28 00:00:00+09:00,887.3556518554688,887.3556518554688,887.3556518554688,887.3556518554688,100,0.0,0.0
2009-07-29 00:00:00+09:00,887.3556518554688,887.3556518554688,887.3556518554688,887.3556518554688,0,0.0,0.0
2009-07-30 00:00:00+09:00,842.0823974609375,842.0823974609375,842.0823974609375,842.0823974609375,100,0.0,0.0
2009-07-31 00:00:00+09:00,842.0823974609375,842.0823974609375,842.0823974609375,842.0823974609375,0,0.0,0.0
2009-08-03 00:00:00+09:00,842.0823974609375,842.0823974609375,842.0823974609375,842.0823974609375,0,0.0,0.0
2009-08-04 00:00:00+09:00,833.0278930664062,833.0278930664062,833.0278930664062,833.0278930664062,200,0.0,0.0
2009-08-05 00:00:00+09:00,833.0278930664062,833.0278930664062,833.0278930664062,833.0278930664062,0,0.0,0.0
2009-08-06 00:00:00+09:00,833.0278930664062,833.0278930664062,833.0278930664062,833.0278930664062,0,0.0,0.0
2009-08-07 00:00:00+09:00,833.0278930664062,833.0278930664062,833.0278930664062,833.0278930664062,0,0.0,0.0
2009-08-10 00:00:00+09:00,842.0823974609375,842.0823974609375,842.0823974609375,842.0823974609375,100,0.0,0.0
2009-08-11 00:00:00+09:00,860.191650390625,860.191650390625,860.191650390625,860.191650390625,100,0.0,0.0
2009-08-12 00:00:00+09:00,905.4649047851562,905.4649047851562,905.4649047851562,905.4649047851562,100,0.0,0.0
2009-08-13 00:00:00+09:00,860.191650390625,860.191650390625,860.191650390625,860.191650390625,200,0.0,0.0
2009-08-14 00:00:00+09:00,896.410400390625,896.410400390625,896.410400390625,896.410400390625,200,0.0,0.0
2009-08-17 00:00:00+09:00,887.3556518554688,887.3556518554688,887.3556518554688,887.3556518554688,400,0.0,0.0
2009-08-18 00:00:00+09:00,887.3556518554688,887.3556518554688,887.3556518554688,887.3556518554688,0,0.0,0.0
2009-08-19 00:00:00+09:00,887.3556518554688,887.3556518554688,887.3556518554688,887.3556518554688,0,0.0,0.0
2009-08-20 00:00:00+09:00,860.1916963310651,860.1916963310651,842.0823974609375,842.0823974609375,200,0.0,0.0
2009-08-21 00:00:00+09:00,842.0823974609375,842.0823974609375,842.0823974609375,842.0823974609375,0,0.0,0.0
2009-08-24 00:00:00+09:00,887.3556518554688,887.3556518554688,887.3556518554688,887.3556518554688,100,0.0,0.0
2009-08-25 00:00:00+09:00,860.191650390625,860.191650390625,860.191650390625,860.191650390625,200,0.0,0.0
2009-08-26 00:00:00+09:00,860.191650390625,860.191650390625,860.191650390625,860.191650390625,100,0.0,0.0
2009-08-27 00:00:00+09:00,860.191650390625,860.191650390625,860.191650390625,860.191650390625,100,0.0,0.0
2009-08-28 00:00:00+09:00,860.191650390625,860.191650390625,860.191650390625,860.191650390625,0,0.0,0.0
2009-08-31 00:00:00+09:00,860.191650390625,860.191650390625,860.191650390625,860.191650390625,0,0.0,0.0
2009-09-02 00:00:00+09:00,860.191650390625,860.191650390625,860.191650390625,860.191650390625,0,0.0,0.0
2009-09-03 00:00:00+09:00,860.191650390625,860.191650390625,860.191650390625,860.191650390625,0,0.0,0.0
2009-09-04 00:00:00+09:00,860.191650390625,860.191650390625,860.191650390625,860.191650390625,0,0.0,0.0
2009-09-07 00:00:00+09:00,860.191650390625,860.191650390625,860.191650390625,860.191650390625,0,0.0,0.0
2009-09-08 00:00:00+09:00,860.191650390625,860.191650390625,860.191650390625,860.191650390625,0,0.0,0.0
2009-09-09 00:00:00+09:00,860.191650390625,860.191650390625,860.191650390625,860.191650390625,0,0.0,0.0
2009-09-10 00:00:00+09:00,860.191650390625,860.191650390625,860.191650390625,860.191650390625,400,0.0,0.0
2009-09-11 00:00:00+09:00,860.191650390625,860.191650390625,860.191650390625,860.191650390625,1100,0.0,0.0
2009-09-14 00:00:00+09:00,860.191650390625,860.191650390625,860.191650390625,860.191650390625,100,0.0,0.0
2009-09-15 00:00:00+09:00,860.191650390625,860.191650390625,860.191650390625,860.191650390625,100,0.0,0.0
2009-09-16 00:00:00+09:00,860.191650390625,860.191650390625,860.191650390625,860.191650390625,200,0.0,0.0
2009-09-17 00:00:00+09:00,860.191650390625,860.191650390625,860.191650390625,860.191650390625,300,0.0,0.0
2009-09-18 00:00:00+09:00,860.191650390625,860.191650390625,860.191650390625,860.191650390625,0,0.0,0.0
2009-09-21 00:00:00+09:00,860.191650390625,860.191650390625,860.191650390625,860.191650390625,0,0.0,0.0
2009-09-24 00:00:00+09:00,842.0823524876645,860.191650390625,842.0823524876645,860.191650390625,200,0.0,0.0
2009-09-25 00:00:00+09:00,851.1371188693577,851.1371188693577,814.9185180664062,814.9185180664062,300,0.0,0.0
2009-09-28 00:00:00+09:00,814.9185180664062,814.9185180664062,814.9185180664062,814.9185180664062,100,0.0,0.0
2009-09-29 00:00:00+09:00,814.9185180664062,814.9185180664062,814.9185180664062,814.9185180664062,100,0.0,0.0
2009-09-30 00:00:00+09:00,778.6999172634548,814.9185180664062,778.6999172634548,814.9185180664062,300,0.0,0.0
2009-10-01 00:00:00+09:00,814.9185180664062,814.9185180664062,814.9185180664062,814.9185180664062,0,0.0,0.0
2009-10-02 00:00:00+09:00,814.9185180664062,814.9185180664062,814.9185180664062,814.9185180664062,0,0.0,0.0
2009-10-05 00:00:00+09:00,814.9185180664062,814.9185180664062,814.9185180664062,814.9185180664062,0,0.0,0.0
2009-10-06 00:00:00+09:00,814.9185180664062,814.9185180664062,814.9185180664062,814.9185180664062,0,0.0,0.0
2009-10-07 00:00:00+09:00,814.9185180664062,814.9185180664062,814.9185180664062,814.9185180664062,100,0.0,0.0
2009-10-08 00:00:00+09:00,814.9185180664062,814.9185180664062,814.9185180664062,814.9185180664062,0,0.0,0.0
2009-10-09 00:00:00+09:00,814.9185180664062,814.9185180664062,814.9185180664062,814.9185180664062,0,0.0,0.0
2009-10-13 00:00:00+09:00,851.1370849609375,851.1370849609375,851.1370849609375,851.1370849609375,100,0.0,0.0
2009-10-14 00:00:00+09:00,851.1370849609375,851.1370849609375,851.1370849609375,851.1370849609375,100,0.0,0.0
2009-10-15 00:00:00+09:00,851.1370391845703,869.246337890625,851.1370391845703,869.246337890625,200,0.0,0.0
2009-10-16 00:00:00+09:00,887.3556518554688,887.3556518554688,887.3556518554688,887.3556518554688,100,0.0,0.0
2009-10-19 00:00:00+09:00,860.191650390625,860.191650390625,860.191650390625,860.191650390625,100,0.0,0.0
2009-10-20 00:00:00+09:00,905.4649047851562,905.4649047851562,905.4649047851562,905.4649047851562,200,0.0,0.0
2009-10-21 00:00:00+09:00,905.4649047851562,905.4649047851562,905.4649047851562,905.4649047851562,0,0.0,0.0
2009-10-22 00:00:00+09:00,905.4649047851562,905.4649047851562,905.4649047851562,905.4649047851562,0,0.0,0.0
2009-10-23 00:00:00+09:00,896.410400390625,896.410400390625,896.410400390625,896.410400390625,100,0.0,0.0
2009-10-26 00:00:00+09:00,878.301025390625,878.301025390625,878.301025390625,878.301025390625,200,0.0,0.0
2009-10-27 00:00:00+09:00,878.301025390625,878.301025390625,878.301025390625,878.301025390625,0,0.0,0.0
2009-10-28 00:00:00+09:00,878.301025390625,878.301025390625,878.301025390625,878.301025390625,0,0.0,0.0
2009-10-29 00:00:00+09:00,878.301025390625,878.301025390625,878.301025390625,878.301025390625,0,0.0,0.0
2009-10-30 00:00:00+09:00,823.9732055664062,823.9732055664062,823.9732055664062,823.9732055664062,100,0.0,0.0
2009-11-02 00:00:00+09:00,823.9732055664062,823.9732055664062,823.9732055664062,823.9732055664062,0,0.0,0.0
2009-11-04 00:00:00+09:00,823.9732055664062,823.9732055664062,823.9732055664062,823.9732055664062,0,0.0,0.0
2009-11-05 00:00:00+09:00,823.9732055664062,823.9732055664062,823.9732055664062,823.9732055664062,0,0.0,0.0
2009-11-06 00:00:00+09:00,823.9732055664062,823.9732055664062,823.9732055664062,823.9732055664062,0,0.0,0.0
2009-11-09 00:00:00+09:00,823.9732055664062,823.9732055664062,823.9732055664062,823.9732055664062,0,0.0,0.0
2009-11-10 00:00:00+09:00,823.9732055664062,823.9732055664062,823.9732055664062,823.9732055664062,100,0.0,0.0
2009-11-11 00:00:00+09:00,833.0278930664062,833.0278930664062,833.0278930664062,833.0278930664062,100,0.0,0.0
2009-11-12 00:00:00+09:00,833.0278930664062,833.0278930664062,833.0278930664062,833.0278930664062,200,0.0,0.0
2009-11-13 00:00:00+09:00,851.1370849609375,851.1370849609375,851.1370849609375,851.1370849609375,100,0.0,0.0
2009-11-16 00:00:00+09:00,860.191650390625,860.191650390625,860.191650390625,860.191650390625,100,0.0,0.0
2009-11-17 00:00:00+09:00,905.4650610619849,905.4650610619849,823.9732055664062,823.9732055664062,500,0.0,0.0
2009-11-18 00:00:00+09:00,814.918449155746,842.0823974609375,814.918449155746,842.0823974609375,400,0.0,0.0
2009-11-19 00:00:00+09:00,842.0823974609375,842.0823974609375,842.0823974609375,842.0823974609375,0,0.0,0.0
2009-11-20 00:00:00+09:00,842.0823974609375,842.0823974609375,842.0823974609375,842.0823974609375,0,0.0,0.0
2009-11-24 00:00:00+09:00,842.0823974609375,842.0823974609375,842.0823974609375,842.0823974609375,0,0.0,0.0
2009-11-25 00:00:00+09:00,896.410400390625,896.410400390625,896.410400390625,896.410400390625,200,0.0,0.0
2009-11-26 00:00:00+09:00,896.410400390625,896.410400390625,896.410400390625,896.410400390625,100,0.0,0.0
2009-11-27 00:00:00+09:00,887.3556446362567,887.3556446362567,842.0823974609375,842.0823974609375,300,0.0,0.0
2009-11-30 00:00:00+09:00,842.0823974609375,842.0823974609375,842.0823974609375,842.0823974609375,0,0.0,0.0
2009-12-01 00:00:00+09:00,842.0823974609375,842.0823974609375,842.0823974609375,842.0823974609375,0,0.0,0.0
2009-12-02 00:00:00+09:00,842.0823974609375,842.0823974609375,842.0823974609375,842.0823974609375,0,0.0,0.0
2009-12-03 00:00:00+09:00,805.8637084960938,805.8637084960938,805.8637084960938,805.8637084960938,200,0.0,0.0
2009-12-04 00:00:00+09:00,805.8637084960938,805.8637084960938,805.8637084960938,805.8637084960938,0,0.0,0.0
2009-12-07 00:00:00+09:00,805.8637084960938,805.8637084960938,805.8637084960938,805.8637084960938,0,0.0,0.0
2009-12-08 00:00:00+09:00,878.301025390625,878.301025390625,878.301025390625,878.301025390625,100,0.0,0.0
2009-12-09 00:00:00+09:00,878.301025390625,878.301025390625,878.301025390625,878.301025390625,0,0.0,0.0
2009-12-10 00:00:00+09:00,860.1918080088857,860.1918080088857,814.9185549557864,823.9732055664062,1000,0.0,0.0
2009-12-11 00:00:00+09:00,851.1370849609375,851.1370849609375,851.1370849609375,851.1370849609375,100,0.0,0.0
2009-12-14 00:00:00+09:00,851.1370849609375,851.1370849609375,851.1370849609375,851.1370849609375,200,0.0,0.0
2009-12-15 00:00:00+09:00,860.191650390625,860.191650390625,860.191650390625,860.191650390625,300,0.0,0.0
2009-12-16 00:00:00+09:00,860.1917690700955,860.1917690700955,814.9185180664062,814.9185180664062,200,0.0,0.0
2009-12-17 00:00:00+09:00,851.1370849609375,851.1370849609375,851.1370849609375,851.1370849609375,200,0.0,0.0
2009-12-18 00:00:00+09:00,814.9185180664062,814.9185180664062,814.9185180664062,814.9185180664062,200,0.0,0.0
2009-12-21 00:00:00+09:00,814.9185180664062,814.9185180664062,814.9185180664062,814.9185180664062,0,0.0,0.0
2009-12-22 00:00:00+09:00,814.9185180664062,814.9185180664062,814.9185180664062,814.9185180664062,100,0.0,0.0
2009-12-24 00:00:00+09:00,814.9185180664062,814.9185180664062,814.9185180664062,814.9185180664062,0,0.0,0.0
2009-12-25 00:00:00+09:00,823.9732055664062,823.9732055664062,823.9732055664062,823.9732055664062,200,0.0,0.0
2009-12-28 00:00:00+09:00,833.0278930664062,833.0278930664062,833.0278930664062,833.0278930664062,100,0.0,0.0
2009-12-29 00:00:00+09:00,851.1370849609375,851.1370849609375,851.1370849609375,851.1370849609375,100,0.0,0.0
2009-12-30 00:00:00+09:00,851.1370849609375,851.1370849609375,851.1370849609375,851.1370849609375,0,0.0,0.0
2010-01-04 00:00:00+09:00,851.1370849609375,851.1370849609375,851.1370849609375,851.1370849609375,0,0.0,0.0
2010-01-05 00:00:00+09:00,851.1370849609375,851.1370849609375,851.1370849609375,851.1370849609375,0,0.0,0.0
2010-01-06 00:00:00+09:00,851.1370849609375,851.1370849609375,851.1370849609375,851.1370849609375,0,0.0,0.0
2010-01-07 00:00:00+09:00,851.1370849609375,851.1370849609375,851.1370849609375,851.1370849609375,0,0.0,0.0
2010-01-08 00:00:00+09:00,851.1370849609375,851.1370849609375,851.1370849609375,851.1370849609375,0,0.0,0.0
2010-01-12 00:00:00+09:00,860.191650390625,860.191650390625,860.191650390625,860.191650390625,100,0.0,0.0
2010-01-13 00:00:00+09:00,869.246337890625,869.246337890625,869.246337890625,869.246337890625,100,0.0,0.0
2010-01-14 00:00:00+09:00,869.246337890625,869.246337890625,869.246337890625,869.246337890625,100,0.0,0.0
2010-01-15 00:00:00+09:00,851.1370849609375,851.1370849609375,851.1370849609375,851.1370849609375,200,0.0,0.0
2010-01-18 00:00:00+09:00,851.1370849609375,851.1370849609375,851.1370849609375,851.1370849609375,100,0.0,0.0
2010-01-19 00:00:00+09:00,851.1371573982658,860.1918080088857,778.699952513307,823.9732055664062,600,0.0,0.0
2010-01-20 00:00:00+09:00,823.9732055664062,823.9732055664062,823.9732055664062,823.9732055664062,0,0.0,0.0
2010-01-21 00:00:00+09:00,823.9732055664062,823.9732055664062,823.9732055664062,823.9732055664062,0,0.0,0.0
2010-01-22 00:00:00+09:00,860.191650390625,860.191650390625,860.191650390625,860.191650390625,100,0.0,0.0
2010-01-25 00:00:00+09:00,887.3556518554688,887.3556518554688,887.3556518554688,887.3556518554688,200,0.0,0.0
2010-01-26 00:00:00+09:00,869.246337890625,869.246337890625,869.246337890625,869.246337890625,100,0.0,0.0
2010-01-27 00:00:00+09:00,860.191650390625,860.191650390625,860.191650390625,860.191650390625,100,0.0,0.0
2010-01-28 00:00:00+09:00,814.9185180664062,814.9185180664062,814.9185180664062,814.9185180664062,100,0.0,0.0
2010-01-29 00:00:00+09:00,814.9185180664062,814.9185180664062,814.9185180664062,814.9185180664062,0,0.0,0.0
2010-02-01 00:00:00+09:00,814.9185180664062,814.9185180664062,814.9185180664062,814.9185180664062,0,0.0,0.0
2010-02-02 00:00:00+09:00,814.9185180664062,814.9185180664062,814.9185180664062,814.9185180664062,0,0.0,0.0
2010-02-03 00:00:00+09:00,842.0823974609375,842.0823974609375,842.0823974609375,842.0823974609375,100,0.0,0.0
2010-02-04 00:00:00+09:00,851.1370849609375,851.1370849609375,851.1370849609375,851.1370849609375,100,0.0,0.0
2010-02-05 00:00:00+09:00,851.1370849609375,851.1370849609375,851.1370849609375,851.1370849609375,0,0.0,0.0
2010-02-08 00:00:00+09:00,805.8637084960938,805.8637084960938,805.8637084960938,805.8637084960938,200,0.0,0.0
2010-02-09 00:00:00+09:00,805.8637084960938,805.8637084960938,805.8637084960938,805.8637084960938,0,0.0,0.0
2010-02-10 00:00:00+09:00,842.0823974609375,842.0823974609375,842.0823974609375,842.0823974609375,100,0.0,0.0
2010-02-12 00:00:00+09:00,842.0823974609375,842.0823974609375,842.0823974609375,842.0823974609375,100,0.0,0.0
2010-02-15 00:00:00+09:00,842.0823974609375,842.0823974609375,842.0823974609375,842.0823974609375,100,0.0,0.0
2010-02-16 00:00:00+09:00,851.1370849609375,851.1370849609375,851.1370849609375,851.1370849609375,100,0.0,0.0
2010-02-17 00:00:00+09:00,814.9185180664062,814.9185180664062,814.9185180664062,814.9185180664062,300,0.0,0.0
2010-02-18 00:00:00+09:00,860.191650390625,860.191650390625,860.191650390625,860.191650390625,300,0.0,0.0
2010-02-19 00:00:00+09:00,860.191650390625,860.191650390625,860.191650390625,860.191650390625,0,0.0,0.0
2010-02-22 00:00:00+09:00,860.191650390625,860.191650390625,860.191650390625,860.191650390625,0,0.0,0.0
2010-02-23 00:00:00+09:00,860.191650390625,860.191650390625,860.191650390625,860.191650390625,0,0.0,0.0
2010-02-24 00:00:00+09:00,814.9185180664062,814.9185180664062,814.9185180664062,814.9185180664062,100,0.0,0.0
2010-02-25 00:00:00+09:00,814.9185180664062,814.9185180664062,814.9185180664062,814.9185180664062,100,0.0,0.0
2010-02-26 00:00:00+09:00,860.191650390625,860.191650390625,860.191650390625,860.191650390625,100,0.0,0.0
2010-03-01 00:00:00+09:00,814.9185180664062,814.9185180664062,814.9185180664062,814.9185180664062,100,0.0,0.0
2010-03-02 00:00:00+09:00,814.9185180664062,814.9185180664062,814.9185180664062,814.9185180664062,0,0.0,0.0
2010-03-03 00:00:00+09:00,814.9185180664062,814.9185180664062,814.9185180664062,814.9185180664062,0,0.0,0.0
2010-03-04 00:00:00+09:00,814.9185180664062,814.9185180664062,814.9185180664062,814.9185180664062,0,0.0,0.0
2010-03-05 00:00:00+09:00,814.9185180664062,814.9185180664062,814.9185180664062,814.9185180664062,0,0.0,0.0
2010-03-08 00:00:00+09:00,814.9185180664062,814.9185180664062,814.9185180664062,814.9185180664062,0,0.0,0.0
2010-03-09 00:00:00+09:00,814.9185180664062,814.9185180664062,814.9185180664062,814.9185180664062,0,0.0,0.0
2010-03-10 00:00:00+09:00,860.191650390625,860.191650390625,860.191650390625,860.191650390625,100,0.0,0.0
2010-03-11 00:00:00+09:00,860.191650390625,860.191650390625,860.191650390625,860.191650390625,100,0.0,0.0
2010-03-12 00:00:00+09:00,860.191650390625,860.191650390625,860.191650390625,860.191650390625,100,0.0,0.0
2010-03-15 00:00:00+09:00,860.191650390625,860.191650390625,860.191650390625,860.191650390625,100,0.0,0.0
2010-03-16 00:00:00+09:00,851.1370849609375,851.1370849609375,851.1370849609375,851.1370849609375,200,0.0,0.0
2010-03-17 00:00:00+09:00,860.191650390625,860.191650390625,860.191650390625,860.191650390625,300,0.0,0.0
2010-03-18 00:00:00+09:00,860.191650390625,860.191650390625,860.191650390625,860.191650390625,0,0.0,0.0
2010-03-19 00:00:00+09:00,860.191650390625,860.191650390625,860.191650390625,860.191650390625,0,0.0,0.0
2010-03-23 00:00:00+09:00,860.191650390625,860.191650390625,860.191650390625,860.191650390625,0,0.0,0.0
2010-03-24 00:00:00+09:00,823.973168267144,823.973168267144,814.9185180664062,814.9185180664062,200,0.0,0.0
2010-03-25 00:00:00+09:00,860.191650390625,860.191650390625,860.191650390625,860.191650390625,300,0.0,0.0
2010-03-26 00:00:00+09:00,860.191650390625,860.191650390625,860.191650390625,860.191650390625,100,0.0,0.0
2010-03-29 00:00:00+09:00,860.191650390625,860.191650390625,860.191650390625,860.191650390625,100,0.0,0.0
2010-03-30 00:00:00+09:00,860.191650390625,860.191650390625,860.191650390625,860.191650390625,0,0.0,0.0
2010-03-31 00:00:00+09:00,860.191650390625,860.191650390625,860.191650390625,860.191650390625,0,0.0,0.0
2010-04-01 00:00:00+09:00,860.191650390625,860.191650390625,860.191650390625,860.191650390625,0,0.0,0.0
2010-04-02 00:00:00+09:00,860.191650390625,860.191650390625,860.191650390625,860.191650390625,0,0.0,0.0
2010-04-05 00:00:00+09:00,860.191650390625,860.191650390625,860.191650390625,860.191650390625,0,0.0,0.0
2010-04-06 00:00:00+09:00,860.191650390625,860.191650390625,860.191650390625,860.191650390625,300,0.0,0.0
2010-04-07 00:00:00+09:00,860.191650390625,860.191650390625,860.191650390625,860.191650390625,0,0.0,0.0
2010-04-08 00:00:00+09:00,823.9732055664062,823.9732055664062,823.9732055664062,823.9732055664062,100,0.0,0.0
2010-04-09 00:00:00+09:00,823.9732055664062,823.9732055664062,823.9732055664062,823.9732055664062,0,0.0,0.0
2010-04-12 00:00:00+09:00,851.1370849609375,851.1370849609375,851.1370849609375,851.1370849609375,100,0.0,0.0
2010-04-13 00:00:00+09:00,851.1370849609375,851.1370849609375,851.1370849609375,851.1370849609375,100,0.0,0.0
2010-04-14 00:00:00+09:00,833.027818467882,833.027818467882,814.9185180664062,814.9185180664062,400,0.0,0.0
2010-04-15 00:00:00+09:00,842.0825440779977,842.0825440779977,823.9732420548149,833.0278930664062,400,0.0,0.0
2010-04-16 00:00:00+09:00,842.0823974609375,842.0823974609375,842.0823974609375,842.0823974609375,100,0.0,0.0
2010-04-19 00:00:00+09:00,842.0823974609375,842.0823974609375,842.0823974609375,842.0823974609375,200,0.0,0.0
2010-04-20 00:00:00+09:00,814.9185180664062,814.9185180664062,814.9185180664062,814.9185180664062,300,0.0,0.0
2010-04-21 00:00:00+09:00,814.9185180664062,814.9185180664062,814.9185180664062,814.9185180664062,0,0.0,0.0
2010-04-22 00:00:00+09:00,814.9185549557864,823.9732055664062,814.9185549557864,823.9732055664062,400,0.0,0.0
2010-04-23 00:00:00+09:00,814.9185180664062,814.9185180664062,814.9185180664062,814.9185180664062,100,0.0,0.0
2010-04-26 00:00:00+09:00,833.0278930664062,833.0278930664062,833.0278930664062,833.0278930664062,400,0.0,0.0
2010-04-27 00:00:00+09:00,833.0278930664062,833.0278930664062,833.0278930664062,833.0278930664062,0,0.0,0.0
2010-04-28 00:00:00+09:00,833.0278930664062,833.0278930664062,833.0278930664062,833.0278930664062,0,0.0,0.0
2010-04-30 00:00:00+09:00,833.0278930664062,833.0278930664062,833.0278930664062,833.0278930664062,0,0.0,0.0
2010-05-06 00:00:00+09:00,833.0278930664062,833.0278930664062,833.0278930664062,833.0278930664062,0,0.0,0.0
2010-05-07 00:00:00+09:00,842.0823524876645,860.191650390625,842.0823524876645,860.191650390625,700,0.0,0.0
2010-05-10 00:00:00+09:00,887.3556518554688,887.3556518554688,887.3556518554688,887.3556518554688,300,0.0,0.0
2010-05-11 00:00:00+09:00,869.246337890625,869.246337890625,869.246337890625,869.246337890625,200,0.0,0.0
2010-05-12 00:00:00+09:00,887.3556446362567,887.3556446362567,842.0823974609375,842.0823974609375,800,0.0,0.0
2010-05-13 00:00:00+09:00,887.3556518554688,887.3556518554688,887.3556518554688,887.3556518554688,100,0.0,0.0
2010-05-14 00:00:00+09:00,887.3556518554688,887.3556518554688,887.3556518554688,887.3556518554688,200,0.0,0.0
2010-05-17 00:00:00+09:00,905.4649047851562,905.4649047851562,905.4649047851562,905.4649047851562,600,0.0,0.0
2010-05-18 00:00:00+09:00,905.4649047851562,905.4649047851562,905.4649047851562,905.4649047851562,0,0.0,0.0
2010-05-19 00:00:00+09:00,905.4649047851562,905.4649047851562,905.4649047851562,905.4649047851562,0,0.0,0.0
2010-05-20 00:00:00+09:00,905.4649047851562,905.4649047851562,905.4649047851562,905.4649047851562,0,0.0,0.0
2010-05-21 00:00:00+09:00,905.4649047851562,905.4649047851562,905.4649047851562,905.4649047851562,0,0.0,0.0
2010-05-24 00:00:00+09:00,887.3556518554688,887.3556518554688,887.3556518554688,887.3556518554688,100,0.0,0.0
2010-05-25 00:00:00+09:00,896.410400390625,896.410400390625,896.410400390625,896.410400390625,200,0.0,0.0
2010-05-26 00:00:00+09:00,896.4103341609873,896.4103341609873,851.1370849609375,851.1370849609375,200,0.0,0.0
2010-05-27 00:00:00+09:00,851.1370849609375,851.1370849609375,851.1370849609375,851.1370849609375,0,0.0,0.0
2010-05-28 00:00:00+09:00,851.1370849609375,851.1370849609375,851.1370849609375,851.1370849609375,0,0.0,0.0
2010-05-31 00:00:00+09:00,851.1370849609375,851.1370849609375,851.1370849609375,851.1370849609375,0,0.0,0.0
2010-06-01 00:00:00+09:00,833.0278930664062,833.0278930664062,833.0278930664062,833.0278930664062,100,0.0,0.0
2010-06-02 00:00:00+09:00,833.0278930664062,833.0278930664062,833.0278930664062,833.0278930664062,0,0.0,0.0
2010-06-03 00:00:00+09:00,833.0278930664062,833.0278930664062,833.0278930664062,833.0278930664062,0,0.0,0.0
2010-06-04 00:00:00+09:00,833.0278930664062,833.0278930664062,833.0278930664062,833.0278930664062,0,0.0,0.0
2010-06-07 00:00:00+09:00,833.0278930664062,833.0278930664062,833.0278930664062,833.0278930664062,0,0.0,0.0
2010-06-08 00:00:00+09:00,833.0278930664062,833.0278930664062,833.0278930664062,833.0278930664062,0,0.0,0.0
2010-06-09 00:00:00+09:00,833.0278930664062,833.0278930664062,833.0278930664062,833.0278930664062,0,0.0,0.0
2010-06-10 00:00:00+09:00,869.246337890625,869.246337890625,869.246337890625,869.246337890625,100,0.0,0.0
2010-06-11 00:00:00+09:00,869.246337890625,869.246337890625,869.246337890625,869.246337890625,100,0.0,0.0
2010-06-14 00:00:00+09:00,914.5196533203125,914.5196533203125,914.5196533203125,914.5196533203125,100,0.0,0.0
2010-06-15 00:00:00+09:00,842.0824043118224,887.3556518554688,842.0824043118224,887.3556518554688,300,0.0,0.0
2010-06-16 00:00:00+09:00,860.191650390625,860.191650390625,860.191650390625,860.191650390625,300,0.0,0.0
2010-06-17 00:00:00+09:00,878.301025390625,878.301025390625,878.301025390625,878.301025390625,200,0.0,0.0
2010-06-18 00:00:00+09:00,878.301025390625,878.301025390625,878.301025390625,878.301025390625,0,0.0,0.0
2010-06-21 00:00:00+09:00,878.301025390625,878.301025390625,878.301025390625,878.301025390625,0,0.0,0.0
2010-06-22 00:00:00+09:00,842.0823974609375,842.0823974609375,842.0823974609375,842.0823974609375,100,0.0,0.0
2010-06-23 00:00:00+09:00,842.0823974609375,842.0823974609375,842.0823974609375,842.0823974609375,0,0.0,0.0
2010-06-24 00:00:00+09:00,851.1370849609375,851.1370849609375,851.1370849609375,851.1370849609375,200,0.0,0.0
2010-06-25 00:00:00+09:00,814.9185180664062,814.9185180664062,814.9185180664062,814.9185180664062,100,0.0,0.0
2010-06-28 00:00:00+09:00,814.9185180664062,814.9185180664062,814.9185180664062,814.9185180664062,200,0.0,0.0
2010-06-29 00:00:00+09:00,814.9185180664062,814.9185180664062,814.9185180664062,814.9185180664062,0,0.0,0.0
2010-06-30 00:00:00+09:00,814.9185180664062,814.9185180664062,814.9185180664062,814.9185180664062,100,0.0,0.0
2010-07-01 00:00:00+09:00,842.0823974609375,842.0823974609375,842.0823974609375,842.0823974609375,100,0.0,0.0
2010-07-02 00:00:00+09:00,842.0823974609375,842.0823974609375,842.0823974609375,842.0823974609375,0,0.0,0.0
2010-07-05 00:00:00+09:00,842.0823974609375,842.0823974609375,842.0823974609375,842.0823974609375,0,0.0,0.0
2010-07-06 00:00:00+09:00,842.0823974609375,842.0823974609375,842.0823974609375,842.0823974609375,0,0.0,0.0
2010-07-07 00:00:00+09:00,842.0823974609375,842.0823974609375,842.0823974609375,842.0823974609375,0,0.0,0.0
2010-07-08 00:00:00+09:00,842.0823974609375,842.0823974609375,842.0823974609375,842.0823974609375,0,0.0,0.0
2010-07-09 00:00:00+09:00,842.0823974609375,842.0823974609375,842.0823974609375,842.0823974609375,0,0.0,0.0
2010-07-12 00:00:00+09:00,842.0823974609375,842.0823974609375,842.0823974609375,842.0823974609375,100,0.0,0.0
2010-07-13 00:00:00+09:00,814.9185180664062,814.9185180664062,814.9185180664062,814.9185180664062,200,0.0,0.0
2010-07-14 00:00:00+09:00,842.0823974609375,842.0823974609375,842.0823974609375,842.0823974609375,100,0.0,0.0
2010-07-15 00:00:00+09:00,842.0823974609375,842.0823974609375,842.0823974609375,842.0823974609375,100,0.0,0.0
2010-07-16 00:00:00+09:00,860.191650390625,860.191650390625,860.191650390625,860.191650390625,100,0.0,0.0
2010-07-21 00:00:00+09:00,814.9185180664062,814.9185180664062,814.9185180664062,814.9185180664062,300,0.0,0.0
2010-07-22 00:00:00+09:00,778.6998291015625,778.6998291015625,778.6998291015625,778.6998291015625,100,0.0,0.0
2010-07-23 00:00:00+09:00,823.9730985908099,842.0823974609375,823.9730985908099,842.0823974609375,200,0.0,0.0
2010-07-26 00:00:00+09:00,842.0823974609375,842.0823974609375,842.0823974609375,842.0823974609375,100,0.0,0.0
2010-07-27 00:00:00+09:00,842.0823974609375,842.0823974609375,842.0823974609375,842.0823974609375,0,0.0,0.0
2010-07-28 00:00:00+09:00,842.0823974609375,842.0823974609375,842.0823974609375,842.0823974609375,0,0.0,0.0
2010-07-29 00:00:00+09:00,842.0823974609375,842.0823974609375,842.0823974609375,842.0823974609375,0,0.0,0.0
2010-07-30 00:00:00+09:00,842.0823974609375,842.0823974609375,842.0823974609375,842.0823974609375,0,0.0,0.0
2010-08-02 00:00:00+09:00,842.0823974609375,842.0823974609375,842.0823974609375,842.0823974609375,0,0.0,0.0
2010-08-03 00:00:00+09:00,842.0823974609375,842.0823974609375,842.0823974609375,842.0823974609375,0,0.0,0.0
2010-08-04 00:00:00+09:00,842.0823974609375,842.0823974609375,842.0823974609375,842.0823974609375,0,0.0,0.0
2010-08-05 00:00:00+09:00,842.0823974609375,842.0823974609375,842.0823974609375,842.0823974609375,0,0.0,0.0
2010-08-06 00:00:00+09:00,842.0823974609375,842.0823974609375,842.0823974609375,842.0823974609375,0,0.0,0.0
2010-08-09 00:00:00+09:00,842.0823974609375,842.0823974609375,842.0823974609375,842.0823974609375,0,0.0,0.0
2010-08-10 00:00:00+09:00,842.0823974609375,842.0823974609375,842.0823974609375,842.0823974609375,300,0.0,0.0
2010-08-11 00:00:00+09:00,842.0823974609375,842.0823974609375,842.0823974609375,842.0823974609375,100,0.0,0.0
2010-08-12 00:00:00+09:00,842.0823974609375,842.0823974609375,842.0823974609375,842.0823974609375,100,0.0,0.0
2010-08-13 00:00:00+09:00,842.0823974609375,842.0823974609375,842.0823974609375,842.0823974609375,100,0.0,0.0
2010-08-16 00:00:00+09:00,860.191650390625,860.191650390625,860.191650390625,860.191650390625,100,0.0,0.0
2010-08-17 00:00:00+09:00,814.9185144761029,814.9185144761029,769.645263671875,769.645263671875,700,0.0,0.0
2010-08-18 00:00:00+09:00,769.645263671875,769.645263671875,769.645263671875,769.645263671875,0,0.0,0.0
2010-08-19 00:00:00+09:00,796.8091430664062,796.8091430664062,796.8091430664062,796.8091430664062,100,0.0,0.0
2010-08-20 00:00:00+09:00,796.8091430664062,796.8091430664062,796.8091430664062,796.8091430664062,0,0.0,0.0
2010-08-23 00:00:00+09:00,814.9185910432235,833.0278930664062,814.9185910432235,833.0278930664062,200,0.0,0.0
2010-08-24 00:00:00+09:00,842.0824649586398,842.0824649586398,769.645263671875,769.645263671875,600,0.0,0.0
2010-08-25 00:00:00+09:00,796.8091430664062,796.8091430664062,796.8091430664062,796.8091430664062,300,0.0,0.0
2010-08-26 00:00:00+09:00,787.7545166015625,787.7545166015625,787.7545166015625,787.7545166015625,200,0.0,0.0
2010-08-27 00:00:00+09:00,796.8091430664062,796.8091430664062,796.8091430664062,796.8091430664062,100,0.0,0.0
2010-08-30 00:00:00+09:00,814.918474469866,814.918474469866,760.590576171875,760.590576171875,300,0.0,0.0
2010-08-31 00:00:00+09:00,796.8091430664062,796.8091430664062,796.8091430664062,796.8091430664062,100,0.0,0.0
2010-09-01 00:00:00+09:00,796.8091430664062,796.8091430664062,796.8091430664062,796.8091430664062,0,0.0,0.0
2010-09-02 00:00:00+09:00,751.535888671875,751.535888671875,751.535888671875,751.535888671875,100,0.0,0.0
2010-09-03 00:00:00+09:00,751.535888671875,751.535888671875,751.535888671875,751.535888671875,0,0.0,0.0
2010-09-06 00:00:00+09:00,787.7545166015625,787.7545166015625,787.7545166015625,787.7545166015625,100,0.0,0.0
2010-09-07 00:00:00+09:00,787.7545166015625,787.7545166015625,787.7545166015625,787.7545166015625,0,0.0,0.0
2010-09-08 00:00:00+09:00,787.7545166015625,787.7545166015625,787.7545166015625,787.7545166015625,0,0.0,0.0
2010-09-09 00:00:00+09:00,787.7545166015625,787.7545166015625,787.7545166015625,787.7545166015625,0,0.0,0.0
2010-09-10 00:00:00+09:00,805.8637084960938,805.8637084960938,805.8637084960938,805.8637084960938,100,0.0,0.0
2010-09-13 00:00:00+09:00,842.0823974609375,842.0823974609375,842.0823974609375,842.0823974609375,100,0.0,0.0
2010-09-14 00:00:00+09:00,860.191650390625,860.191650390625,860.191650390625,860.191650390625,100,0.0,0.0
2010-09-16 00:00:00+09:00,896.4103248832151,896.4103248832151,878.301025390625,878.301025390625,300,0.0,0.0
2010-09-17 00:00:00+09:00,896.410400390625,896.410400390625,896.410400390625,896.410400390625,200,0.0,0.0
2010-09-21 00:00:00+09:00,896.410400390625,896.410400390625,896.410400390625,896.410400390625,0,0.0,0.0
2010-09-22 00:00:00+09:00,896.410400390625,896.410400390625,896.410400390625,896.410400390625,100,0.0,0.0
2010-09-24 00:00:00+09:00,905.4649047851562,905.4649047851562,905.4649047851562,905.4649047851562,100,0.0,0.0
2010-09-27 00:00:00+09:00,905.4649047851562,905.4649047851562,905.4649047851562,905.4649047851562,100,0.0,0.0
2010-09-28 00:00:00+09:00,905.4649047851562,905.4649047851562,905.4649047851562,905.4649047851562,100,0.0,0.0
2010-09-29 00:00:00+09:00,905.4649047851562,905.4649047851562,905.4649047851562,905.4649047851562,0,0.0,0.0
2010-09-30 00:00:00+09:00,905.4649047851562,905.4649047851562,905.4649047851562,905.4649047851562,0,0.0,0.0
2010-10-01 00:00:00+09:00,905.4649047851562,905.4649047851562,905.4649047851562,905.4649047851562,0,0.0,0.0
2010-10-04 00:00:00+09:00,905.4649047851562,905.4649047851562,905.4649047851562,905.4649047851562,0,0.0,0.0
2010-10-05 00:00:00+09:00,905.4649047851562,905.4649047851562,905.4649047851562,905.4649047851562,0,0.0,0.0
2010-10-06 00:00:00+09:00,814.9185180664062,814.9185180664062,814.9185180664062,814.9185180664062,100,0.0,0.0
2010-10-07 00:00:00+09:00,814.9185180664062,814.9185180664062,814.9185180664062,814.9185180664062,0,0.0,0.0
2010-10-08 00:00:00+09:00,814.9185180664062,814.9185180664062,814.9185180664062,814.9185180664062,0,0.0,0.0
2010-10-12 00:00:00+09:00,887.3556518554688,887.3556518554688,887.3556518554688,887.3556518554688,100,0.0,0.0
2010-10-13 00:00:00+09:00,896.410400390625,896.410400390625,896.410400390625,896.410400390625,100,0.0,0.0
2010-10-14 00:00:00+09:00,896.410400390625,896.410400390625,896.410400390625,896.410400390625,100,0.0,0.0
2010-10-15 00:00:00+09:00,896.410400390625,896.410400390625,896.410400390625,896.410400390625,100,0.0,0.0
2010-10-18 00:00:00+09:00,905.4649047851562,905.4649047851562,905.4649047851562,905.4649047851562,100,0.0,0.0
2010-10-19 00:00:00+09:00,905.4649047851562,905.4649047851562,905.4649047851562,905.4649047851562,200,0.0,0.0
2010-10-20 00:00:00+09:00,905.4649047851562,905.4649047851562,905.4649047851562,905.4649047851562,0,0.0,0.0
2010-10-21 00:00:00+09:00,905.4649047851562,905.4649047851562,905.4649047851562,905.4649047851562,0,0.0,0.0
2010-10-22 00:00:00+09:00,905.4649047851562,905.4649047851562,905.4649047851562,905.4649047851562,0,0.0,0.0
2010-10-25 00:00:00+09:00,905.4649047851562,905.4649047851562,905.4649047851562,905.4649047851562,100,0.0,0.0
2010-10-26 00:00:00+09:00,814.9185180664062,814.9185180664062,814.9185180664062,814.9185180664062,100,0.0,0.0
2010-10-27 00:00:00+09:00,814.9185180664062,814.9185180664062,814.9185180664062,814.9185180664062,0,0.0,0.0
2010-10-28 00:00:00+09:00,860.191650390625,860.191650390625,860.191650390625,860.191650390625,100,0.0,0.0
2010-10-29 00:00:00+09:00,860.191650390625,860.191650390625,860.191650390625,860.191650390625,0,0.0,0.0
2010-11-01 00:00:00+09:00,860.191650390625,860.191650390625,860.191650390625,860.191650390625,0,0.0,0.0
2010-11-02 00:00:00+09:00,860.191650390625,860.191650390625,860.191650390625,860.191650390625,0,0.0,0.0
2010-11-04 00:00:00+09:00,860.191650390625,860.191650390625,860.191650390625,860.191650390625,0,0.0,0.0
2010-11-05 00:00:00+09:00,860.191650390625,860.191650390625,860.191650390625,860.191650390625,0,0.0,0.0
2010-11-08 00:00:00+09:00,860.191650390625,860.191650390625,860.191650390625,860.191650390625,0,0.0,0.0
2010-11-09 00:00:00+09:00,814.9184654498922,814.9184654498922,787.7545166015625,787.7545166015625,200,0.0,0.0
2010-11-10 00:00:00+09:00,878.3011092301253,878.3011092301253,823.9732055664062,823.9732055664062,200,0.0,0.0
2010-11-11 00:00:00+09:00,851.1370849609375,851.1370849609375,851.1370849609375,851.1370849609375,100,0.0,0.0
2010-11-12 00:00:00+09:00,887.3556518554688,887.3556518554688,887.3556518554688,887.3556518554688,100,0.0,0.0
2010-11-15 00:00:00+09:00,887.3556518554688,887.3556518554688,887.3556518554688,887.3556518554688,100,0.0,0.0
2010-11-16 00:00:00+09:00,887.3556518554688,887.3556518554688,887.3556518554688,887.3556518554688,100,0.0,0.0
2010-11-17 00:00:00+09:00,887.3556518554688,887.3556518554688,887.3556518554688,887.3556518554688,100,0.0,0.0
2010-11-18 00:00:00+09:00,887.3556518554688,887.3556518554688,887.3556518554688,887.3556518554688,0,0.0,0.0
2010-11-19 00:00:00+09:00,887.3556518554688,887.3556518554688,887.3556518554688,887.3556518554688,0,0.0,0.0
2010-11-22 00:00:00+09:00,887.3556518554688,887.3556518554688,887.3556518554688,887.3556518554688,0,0.0,0.0
2010-11-24 00:00:00+09:00,796.809159441692,796.809159441692,742.4812622070312,742.4812622070312,900,0.0,0.0
2010-11-25 00:00:00+09:00,805.8637566817434,860.191650390625,805.8637566817434,860.191650390625,500,0.0,0.0
2010-11-26 00:00:00+09:00,860.191650390625,860.191650390625,860.191650390625,860.191650390625,200,0.0,0.0
2010-11-29 00:00:00+09:00,860.191650390625,860.191650390625,860.191650390625,860.191650390625,0,0.0,0.0
2010-11-30 00:00:00+09:00,860.191650390625,860.191650390625,860.191650390625,860.191650390625,0,0.0,0.0
2010-12-01 00:00:00+09:00,860.191650390625,860.191650390625,860.191650390625,860.191650390625,0,0.0,0.0
2010-12-02 00:00:00+09:00,860.191650390625,860.191650390625,860.191650390625,860.191650390625,0,0.0,0.0
2010-12-03 00:00:00+09:00,805.8637766283612,805.8637766283612,778.6998291015625,778.6998291015625,800,0.0,0.0
2010-12-06 00:00:00+09:00,742.481239410768,751.535888671875,742.481239410768,751.535888671875,400,0.0,0.0
2010-12-07 00:00:00+09:00,742.4812622070312,742.4812622070312,742.4812622070312,742.4812622070312,700,0.0,0.0
2010-12-08 00:00:00+09:00,742.4812622070312,760.5905612852515,742.4812622070312,742.4812622070312,300,0.0,0.0
2010-12-09 00:00:00+09:00,751.535888671875,751.535888671875,751.535888671875,751.535888671875,100,0.0,0.0
2010-12-10 00:00:00+09:00,760.590576171875,760.590576171875,760.590576171875,760.590576171875,200,0.0,0.0
2010-12-13 00:00:00+09:00,733.4266126679211,742.4812622070312,733.4266126679211,742.4812622070312,1100,0.0,0.0
2010-12-14 00:00:00+09:00,760.590576171875,760.590576171875,760.590576171875,760.590576171875,200,0.0,0.0
2010-12-15 00:00:00+09:00,742.4811900745739,742.4811900745739,697.2079467773438,697.2079467773438,2000,0.0,0.0
2010-12-16 00:00:00+09:00,724.3720332278481,724.3720332278481,715.3173828125,715.3173828125,400,0.0,0.0
2010-12-17 00:00:00+09:00,751.5359450120192,751.5359450120192,706.2626953125,706.2626953125,1400,0.0,0.0
2010-12-20 00:00:00+09:00,715.3173828125,724.3720332278481,715.3173828125,715.3173828125,400,0.0,0.0
2010-12-21 00:00:00+09:00,715.3173828125,715.3173828125,715.3173828125,715.3173828125,200,0.0,0.0
2010-12-22 00:00:00+09:00,715.3173828125,715.3173828125,715.3173828125,715.3173828125,400,0.0,0.0
2010-12-24 00:00:00+09:00,715.3173828125,715.3173828125,715.3173828125,715.3173828125,700,0.0,0.0
2010-12-27 00:00:00+09:00,697.2080819818037,715.3173828125,697.2080819818037,715.3173828125,400,0.0,0.0
2010-12-28 00:00:00+09:00,715.3173828125,715.3173828125,715.3173828125,715.3173828125,0,0.0,0.0
2010-12-29 00:00:00+09:00,697.2079467773438,697.2079467773438,697.2079467773438,697.2079467773438,200,0.0,0.0
2010-12-30 00:00:00+09:00,697.2079467773438,697.2079467773438,697.2079467773438,697.2079467773438,100,0.0,0.0
2011-01-04 00:00:00+09:00,715.3173828125,715.3173828125,715.3173828125,715.3173828125,100,0.0,0.0
2011-01-05 00:00:00+09:00,715.3173828125,715.3173828125,715.3173828125,715.3173828125,0,0.0,0.0
2011-01-06 00:00:00+09:00,715.3173452524038,715.3173452524038,706.2626953125,706.2626953125,200,0.0,0.0
2011-01-07 00:00:00+09:00,706.2626953125,706.2626953125,706.2626953125,706.2626953125,0,0.0,0.0
2011-01-11 00:00:00+09:00,715.3173452524038,715.3173452524038,706.2626953125,706.2626953125,200,0.0,0.0
2011-01-12 00:00:00+09:00,715.3173828125,715.3173828125,715.3173828125,715.3173828125,100,0.0,0.0
2011-01-13 00:00:00+09:00,715.317359161377,724.3720092773438,715.317359161377,724.3720092773438,200,0.0,0.0
2011-01-14 00:00:00+09:00,742.4812622070312,742.4812622070312,742.4812622070312,742.4812622070312,100,0.0,0.0
2011-01-17 00:00:00+09:00,751.535888671875,751.535888671875,751.535888671875,751.535888671875,100,0.0,0.0
2011-01-18 00:00:00+09:00,715.3173956223476,733.4266967773438,715.3173956223476,733.4266967773438,600,0.0,0.0
2011-01-19 00:00:00+09:00,715.3173828125,715.3173828125,715.3173828125,715.3173828125,100,0.0,0.0
2011-01-20 00:00:00+09:00,742.4813340585442,742.4813340585442,715.3173828125,715.3173828125,200,0.0,0.0
2011-01-21 00:00:00+09:00,715.3173828125,715.3173828125,715.3173828125,715.3173828125,0,0.0,0.0
2011-01-24 00:00:00+09:00,724.3720092773438,724.3720092773438,724.3720092773438,724.3720092773438,100,0.0,0.0
2011-01-25 00:00:00+09:00,733.4266967773438,733.4266967773438,733.4266967773438,733.4266967773438,200,0.0,0.0
2011-01-26 00:00:00+09:00,715.3173828125,715.3173828125,715.3173828125,715.3173828125,200,0.0,0.0
2011-01-27 00:00:00+09:00,706.2627090454101,724.3720092773438,706.2627090454101,724.3720092773438,200,0.0,0.0
2011-01-28 00:00:00+09:00,697.2079467773438,697.2079467773438,697.2079467773438,697.2079467773438,100,0.0,0.0
2011-01-31 00:00:00+09:00,697.2079467773438,697.2079467773438,697.2079467773438,697.2079467773438,0,0.0,0.0
2011-02-01 00:00:00+09:00,697.2079467773438,697.2079467773438,697.2079467773438,697.2079467773438,0,0.0,0.0
2011-02-02 00:00:00+09:00,697.2079467773438,697.2079467773438,697.2079467773438,697.2079467773438,0,0.0,0.0
2011-02-03 00:00:00+09:00,697.2079467773438,697.2079467773438,697.2079467773438,697.2079467773438,0,0.0,0.0
2011-02-04 00:00:00+09:00,697.2079467773438,697.2079467773438,697.2079467773438,697.2079467773438,0,0.0,0.0
2011-02-07 00:00:00+09:00,697.2079467773438,697.2079467773438,697.2079467773438,697.2079467773438,0,0.0,0.0
2011-02-08 00:00:00+09:00,697.2079467773438,697.2079467773438,697.2079467773438,697.2079467773438,0,0.0,0.0
2011-02-09 00:00:00+09:00,697.2079467773438,697.2079467773438,697.2079467773438,697.2079467773438,100,0.0,0.0
2011-02-10 00:00:00+09:00,697.2079467773438,697.2079467773438,697.2079467773438,697.2079467773438,300,0.0,0.0
2011-02-14 00:00:00+09:00,715.3173828125,715.3173828125,715.3173828125,715.3173828125,100,0.0,0.0
2011-02-15 00:00:00+09:00,724.3720092773438,724.3720092773438,715.317359161377,724.3720092773438,300,0.0,0.0
2011-02-16 00:00:00+09:00,733.4266967773438,733.4266967773438,733.4266967773438,733.4266967773438,200,0.0,0.0
2011-02-17 00:00:00+09:00,742.4812622070312,742.4812622070312,742.4812622070312,742.4812622070312,100,0.0,0.0
2011-02-18 00:00:00+09:00,742.4812622070312,742.4812622070312,742.4812622070312,742.4812622070312,300,0.0,0.0
2011-02-21 00:00:00+09:00,742.4812622070312,742.4812622070312,742.4812622070312,742.4812622070312,0,0.0,0.0
2011-02-22 00:00:00+09:00,706.2626953125,706.2626953125,706.2626953125,706.2626953125,100,0.0,0.0
2011-02-23 00:00:00+09:00,706.2626953125,706.2626953125,706.2626953125,706.2626953125,0,0.0,0.0
2011-02-24 00:00:00+09:00,742.4812622070312,742.4812622070312,742.4812622070312,742.4812622070312,100,0.0,0.0
2011-02-25 00:00:00+09:00,742.4812622070312,742.4812622070312,742.4812622070312,742.4812622070312,100,0.0,0.0
2011-02-28 00:00:00+09:00,742.4812622070312,742.4812622070312,742.4812622070312,742.4812622070312,200,0.0,0.0
2011-03-01 00:00:00+09:00,742.4812622070312,742.4812622070312,742.4812622070312,742.4812622070312,0,0.0,0.0
2011-03-02 00:00:00+09:00,724.3720092773438,724.3720092773438,724.3720092773438,724.3720092773438,100,0.0,0.0
2011-03-03 00:00:00+09:00,724.3720092773438,724.3720092773438,724.3720092773438,724.3720092773438,100,0.0,0.0
2011-03-04 00:00:00+09:00,724.3720092773438,724.3720092773438,724.3720092773438,724.3720092773438,0,0.0,0.0
2011-03-07 00:00:00+09:00,724.3720092773438,724.3720092773438,724.3720092773438,724.3720092773438,0,0.0,0.0
2011-03-08 00:00:00+09:00,724.3720092773438,724.3720092773438,724.3720092773438,724.3720092773438,0,0.0,0.0
2011-03-09 00:00:00+09:00,724.3720092773438,724.3720092773438,724.3720092773438,724.3720092773438,0,0.0,0.0
2011-03-10 00:00:00+09:00,715.3173828125,715.3173828125,715.3173828125,715.3173828125,100,0.0,0.0
2011-03-11 00:00:00+09:00,697.2079467773438,697.2079467773438,697.2079467773438,697.2079467773438,200,0.0,0.0
2011-03-14 00:00:00+09:00,968.84765625,968.84765625,968.84765625,968.84765625,2100,0.0,0.0
2011-03-15 00:00:00+09:00,968.8475196475074,1041.2847173781622,923.5742710658482,950.7382202148438,8100,0.0,0.0
2011-03-16 00:00:00+09:00,1041.2847872647374,1041.2847872647374,996.0115356445312,996.0115356445312,2500,0.0,0.0
2011-03-17 00:00:00+09:00,1032.2300931490383,1032.2300931490383,851.1370943509615,941.68359375,2200,0.0,0.0
2011-03-18 00:00:00+09:00,851.1370391845703,869.246337890625,851.1370391845703,869.246337890625,700,0.0,0.0
2011-03-22 00:00:00+09:00,905.4650610619849,914.5197116726047,787.7546031239268,823.9732055664062,3000,0.0,0.0
2011-03-23 00:00:00+09:00,833.0277480258736,842.0823974609375,805.8637997206821,842.0823974609375,700,0.0,0.0
2011-03-24 00:00:00+09:00,833.027818467882,833.027818467882,814.9185180664062,814.9185180664062,1100,0.0,0.0
2011-03-25 00:00:00+09:00,860.1916963310651,905.4649435063844,833.0277480258736,842.0823974609375,2000,0.0,0.0
2011-03-28 00:00:00+09:00,932.628851928711,932.628851928711,860.1916595458985,905.4649047851562,2400,0.0,0.0
2011-03-29 00:00:00+09:00,905.4649508729274,923.5742498903859,860.1917033292809,887.3556518554688,600,0.0,0.0
2011-03-30 00:00:00+09:00,842.0825440779977,851.137195089589,814.9185910432235,833.0278930664062,800,0.0,0.0
2011-03-31 00:00:00+09:00,833.0276537262991,851.1369505464361,805.8637084960938,805.8637084960938,600,0.0,0.0
2011-04-01 00:00:00+09:00,814.9184856008976,851.1370849609375,814.9184856008976,851.1370849609375,600,0.0,0.0
2011-04-04 00:00:00+09:00,814.9184654498922,814.9184654498922,787.7545166015625,787.7545166015625,500,0.0,0.0
2011-04-05 00:00:00+09:00,760.590576171875,760.590576171875,760.590576171875,760.590576171875,600,0.0,0.0
2011-04-06 00:00:00+09:00,760.590576171875,760.590576171875,760.590576171875,760.590576171875,0,0.0,0.0
2011-04-07 00:00:00+09:00,760.590576171875,760.590576171875,760.590576171875,760.590576171875,0,0.0,0.0
2011-04-08 00:00:00+09:00,760.590576171875,760.590576171875,760.590576171875,760.590576171875,0,0.0,0.0
2011-04-11 00:00:00+09:00,796.8092141544118,796.8092141544118,769.645263671875,769.645263671875,300,0.0,0.0
2011-04-12 00:00:00+09:00,796.8091430664062,796.8091430664062,796.8091430664062,796.8091430664062,100,0.0,0.0
2011-04-13 00:00:00+09:00,814.9185180664062,814.9185180664062,814.9185180664062,814.9185180664062,200,0.0,0.0
2011-04-14 00:00:00+09:00,842.0823974609375,842.0823974609375,833.0277480258736,842.0823974609375,500,0.0,0.0
2011-04-15 00:00:00+09:00,860.1917258980347,878.301025390625,860.1917258980347,878.301025390625,200,0.0,0.0
2011-04-18 00:00:00+09:00,896.410246196546,896.410246196546,860.191650390625,860.191650390625,300,0.0,0.0
2011-04-19 00:00:00+09:00,860.191650390625,860.191650390625,860.191650390625,860.191650390625,0,0.0,0.0
2011-04-20 00:00:00+09:00,851.1370849609375,851.1370849609375,851.1370849609375,851.1370849609375,100,0.0,0.0
2011-04-21 00:00:00+09:00,851.1370849609375,851.1370849609375,851.1370849609375,851.1370849609375,0,0.0,0.0
2011-04-22 00:00:00+09:00,814.9185180664062,814.9185180664062,814.9185180664062,814.9185180664062,100,0.0,0.0
2011-04-25 00:00:00+09:00,814.9185180664062,814.9185180664062,814.9185180664062,814.9185180664062,100,0.0,0.0
2011-04-26 00:00:00+09:00,814.9185180664062,814.9185180664062,814.9185180664062,814.9185180664062,100,0.0,0.0
2011-04-27 00:00:00+09:00,814.9185144761029,814.9185144761029,769.645263671875,769.645263671875,200,0.0,0.0
2011-04-28 00:00:00+09:00,742.4812622070312,742.4812622070312,742.4812622070312,742.4812622070312,100,0.0,0.0
2011-05-02 00:00:00+09:00,742.4812622070312,742.4812622070312,742.4812622070312,742.4812622070312,0,0.0,0.0
2011-05-06 00:00:00+09:00,760.5906168619791,814.9185180664062,751.5359666612413,814.9185180664062,300,0.0,0.0
2011-05-09 00:00:00+09:00,814.9185180664062,814.9185180664062,814.9185180664062,814.9185180664062,0,0.0,0.0
2011-05-10 00:00:00+09:00,814.9185549557864,823.9732055664062,814.9185549557864,823.9732055664062,200,0.0,0.0
2011-05-11 00:00:00+09:00,851.1370849609375,851.1370849609375,851.1370849609375,851.1370849609375,100,0.0,0.0
2011-05-12 00:00:00+09:00,851.1370849609375,851.1370849609375,851.1370849609375,851.1370849609375,100,0.0,0.0
2011-05-13 00:00:00+09:00,851.1370733351935,851.1370733351935,751.5359264555432,760.590576171875,900,0.0,0.0
2011-05-16 00:00:00+09:00,778.6998603634718,778.6998603634718,724.371963128811,742.4812622070312,1400,0.0,0.0
2011-05-17 00:00:00+09:00,769.645263671875,769.645263671875,769.645263671875,769.645263671875,200,0.0,0.0
2011-05-18 00:00:00+09:00,769.645263671875,769.645263671875,769.645263671875,769.645263671875,0,0.0,0.0
2011-05-19 00:00:00+09:00,724.3720092773438,724.3720092773438,724.3720092773438,724.3720092773438,400,0.0,0.0
2011-05-20 00:00:00+09:00,724.3720092773438,724.3720092773438,724.3720092773438,724.3720092773438,0,0.0,0.0
2011-05-23 00:00:00+09:00,715.3173452524038,715.3173452524038,706.2626953125,706.2626953125,400,0.0,0.0
2011-05-24 00:00:00+09:00,724.3720092773438,724.3720092773438,724.3720092773438,724.3720092773438,300,0.0,0.0
2011-05-25 00:00:00+09:00,733.4266967773438,733.4266967773438,733.4266967773438,733.4266967773438,200,0.0,0.0
2011-05-26 00:00:00+09:00,742.4813340585442,742.4813340585442,715.3173828125,715.3173828125,200,0.0,0.0
2011-05-27 00:00:00+09:00,715.3173828125,715.3173828125,715.3173828125,715.3173828125,0,0.0,0.0
2011-05-30 00:00:00+09:00,706.2626953125,706.2626953125,706.2626953125,706.2626953125,300,0.0,0.0
2011-05-31 00:00:00+09:00,697.2079467773438,697.2079467773438,697.2079467773438,697.2079467773438,300,0.0,0.0
2011-06-01 00:00:00+09:00,697.2079467773438,697.2079467773438,697.2079467773438,697.2079467773438,0,0.0,0.0
2011-06-02 00:00:00+09:00,697.2080453725962,706.2626953125,697.2080453725962,706.2626953125,200,0.0,0.0
2011-06-03 00:00:00+09:00,706.2626953125,706.2626953125,706.2626953125,706.2626953125,0,0.0,0.0
2011-06-06 00:00:00+09:00,706.2626953125,706.2626953125,706.2626953125,706.2626953125,0,0.0,0.0
2011-06-07 00:00:00+09:00,697.2079467773438,697.2079467773438,697.2079467773438,697.2079467773438,100,0.0,0.0
2011-06-08 00:00:00+09:00,697.2079467773438,697.2079467773438,697.2079467773438,697.2079467773438,0,0.0,0.0
2011-06-09 00:00:00+09:00,697.2079467773438,697.2079467773438,697.2079467773438,697.2079467773438,0,0.0,0.0
2011-06-10 00:00:00+09:00,715.3173828125,715.3173828125,715.3173828125,715.3173828125,100,0.0,0.0
2011-06-13 00:00:00+09:00,715.317359161377,724.3720092773438,697.2080589294434,724.3720092773438,700,0.0,0.0
2011-06-14 00:00:00+09:00,751.535888671875,751.535888671875,751.535888671875,751.535888671875,200,0.0,0.0
2011-06-15 00:00:00+09:00,751.535888671875,751.535888671875,751.535888671875,751.535888671875,100,0.0,0.0
2011-06-16 00:00:00+09:00,751.535888671875,751.535888671875,751.535888671875,751.535888671875,200,0.0,0.0
2011-06-17 00:00:00+09:00,778.6998291015625,778.6998291015625,778.6998291015625,778.6998291015625,300,0.0,0.0
2011-06-20 00:00:00+09:00,778.6998291015625,778.6998291015625,778.6998291015625,778.6998291015625,0,0.0,0.0
2011-06-21 00:00:00+09:00,787.7545099025818,787.7545099025818,742.4812622070312,742.4812622070312,200,0.0,0.0
2011-06-22 00:00:00+09:00,742.4812622070312,742.4812622070312,742.4812622070312,742.4812622070312,0,0.0,0.0
2011-06-23 00:00:00+09:00,742.4812622070312,742.4812622070312,742.4812622070312,742.4812622070312,0,0.0,0.0
2011-06-24 00:00:00+09:00,760.590576171875,760.590576171875,760.590576171875,760.590576171875,100,0.0,0.0
2011-06-27 00:00:00+09:00,769.645263671875,769.645263671875,769.645263671875,769.645263671875,100,0.0,0.0
2011-06-28 00:00:00+09:00,769.645263671875,769.645263671875,769.645263671875,769.645263671875,0,0.0,0.0
2011-06-29 00:00:00+09:00,769.645263671875,769.645263671875,769.645263671875,769.645263671875,0,0.0,0.0
2011-06-30 00:00:00+09:00,769.645263671875,769.645263671875,769.645263671875,769.645263671875,0,0.0,0.0
2011-07-01 00:00:00+09:00,778.6998291015625,778.6998291015625,778.6998291015625,778.6998291015625,100,0.0,0.0
2011-07-04 00:00:00+09:00,778.6998291015625,778.6998291015625,778.6998291015625,778.6998291015625,100,0.0,0.0
2011-07-05 00:00:00+09:00,778.6998291015625,778.6998291015625,778.6998291015625,778.6998291015625,0,0.0,0.0
2011-07-06 00:00:00+09:00,778.6998291015625,778.6998291015625,778.6998291015625,778.6998291015625,0,0.0,0.0
2011-07-07 00:00:00+09:00,778.6998291015625,778.6998291015625,778.6998291015625,778.6998291015625,0,0.0,0.0
2011-07-08 00:00:00+09:00,778.6998291015625,778.6998291015625,778.6998291015625,778.6998291015625,0,0.0,0.0
2011-07-11 00:00:00+09:00,787.7545166015625,787.7545166015625,787.7545166015625,787.7545166015625,100,0.0,0.0
2011-07-12 00:00:00+09:00,805.8637924194336,805.8637924194336,796.8091430664062,796.8091430664062,200,0.0,0.0
2011-07-13 00:00:00+09:00,805.8637084960938,805.8637084960938,805.8637084960938,805.8637084960938,100,0.0,0.0
2011-07-14 00:00:00+09:00,805.8637084960938,805.8637084960938,805.8637084960938,805.8637084960938,100,0.0,0.0
2011-07-15 00:00:00+09:00,814.9183569061622,814.9183569061622,805.8637084960938,805.8637084960938,200,0.0,0.0
2011-07-19 00:00:00+09:00,833.0278147977941,833.0278147977941,769.645263671875,769.645263671875,400,0.0,0.0
2011-07-20 00:00:00+09:00,751.535888671875,751.535888671875,751.535888671875,751.535888671875,200,0.0,0.0
2011-07-21 00:00:00+09:00,724.3720092773438,724.3720092773438,724.3720092773438,724.3720092773438,100,0.0,0.0
2011-07-22 00:00:00+09:00,715.3173135897008,742.4812622070312,715.3173135897008,742.4812622070312,200,0.0,0.0
2011-07-25 00:00:00+09:00,751.535888671875,751.535888671875,751.535888671875,751.535888671875,200,0.0,0.0
2011-07-26 00:00:00+09:00,751.535888671875,751.535888671875,751.535888671875,751.535888671875,200,0.0,0.0
2011-07-27 00:00:00+09:00,724.3720092773438,724.3720092773438,724.3720092773438,724.3720092773438,400,0.0,0.0
2011-07-28 00:00:00+09:00,724.3720092773438,724.3720092773438,724.3720092773438,724.3720092773438,0,0.0,0.0
2011-07-29 00:00:00+09:00,724.3720092773438,724.3720092773438,724.3720092773438,724.3720092773438,0,0.0,0.0
2011-08-01 00:00:00+09:00,688.1533430989583,688.1533430989583,679.0986938476562,679.0986938476562,1000,0.0,0.0
2011-08-02 00:00:00+09:00,679.098740669146,679.098740669146,660.9894409179688,660.9894409179688,400,0.0,0.0
2011-08-03 00:00:00+09:00,679.0986938476562,679.0986938476562,679.0986938476562,679.0986938476562,400,0.0,0.0
2011-08-04 00:00:00+09:00,633.8254912912029,660.9894409179688,633.8254912912029,660.9894409179688,300,0.0,0.0
2011-08-05 00:00:00+09:00,660.9894409179688,660.9894409179688,660.9894409179688,660.9894409179688,0,0.0,0.0
2011-08-08 00:00:00+09:00,660.9894409179688,660.9894409179688,660.9894409179688,660.9894409179688,100,0.0,0.0
2011-08-09 00:00:00+09:00,588.5523071289062,588.5523071289062,588.5523071289062,588.5523071289062,100,0.0,0.0
2011-08-10 00:00:00+09:00,633.8255004882812,633.8255004882812,633.8255004882812,633.8255004882812,200,0.0,0.0
2011-08-11 00:00:00+09:00,651.9347534179688,651.9347534179688,651.9347534179688,651.9347534179688,100,0.0,0.0
2011-08-12 00:00:00+09:00,651.9347534179688,651.9347534179688,651.9347534179688,651.9347534179688,100,0.0,0.0
2011-08-15 00:00:00+09:00,651.9347534179688,651.9347534179688,651.9347534179688,651.9347534179688,100,0.0,0.0
2011-08-16 00:00:00+09:00,688.1534423828125,688.1534423828125,688.1534423828125,688.1534423828125,100,0.0,0.0
2011-08-17 00:00:00+09:00,715.3173828125,715.3173828125,715.3173828125,715.3173828125,300,0.0,0.0
2011-08-18 00:00:00+09:00,715.3173828125,715.3173828125,715.3173828125,715.3173828125,0,0.0,0.0
2011-08-19 00:00:00+09:00,715.3173828125,715.3173828125,715.3173828125,715.3173828125,0,0.0,0.0
2011-08-22 00:00:00+09:00,715.3173828125,715.3173828125,715.3173828125,715.3173828125,0,0.0,0.0
2011-08-23 00:00:00+09:00,715.3173828125,715.3173828125,715.3173828125,715.3173828125,0,0.0,0.0
2011-08-24 00:00:00+09:00,715.3173828125,715.3173828125,715.3173828125,715.3173828125,0,0.0,0.0
2011-08-25 00:00:00+09:00,715.3173828125,715.3173828125,715.3173828125,715.3173828125,200,0.0,0.0
2011-08-26 00:00:00+09:00,715.3173828125,715.3173828125,715.3173828125,715.3173828125,100,0.0,0.0
2011-08-29 00:00:00+09:00,724.3720092773438,724.3720092773438,724.3720092773438,724.3720092773438,100,0.0,0.0
2011-08-30 00:00:00+09:00,724.3720092773438,724.3720092773438,724.3720092773438,724.3720092773438,0,0.0,0.0
2011-08-31 00:00:00+09:00,724.3720092773438,724.3720092773438,724.3720092773438,724.3720092773438,0,0.0,0.0
2011-09-01 00:00:00+09:00,724.3720092773438,724.3720092773438,724.3720092773438,724.3720092773438,0,0.0,0.0
2011-09-02 00:00:00+09:00,724.3720092773438,724.3720092773438,724.3720092773438,724.3720092773438,0,0.0,0.0
2011-09-05 00:00:00+09:00,724.3720092773438,724.3720092773438,724.3720092773438,724.3720092773438,0,0.0,0.0
2011-09-06 00:00:00+09:00,724.3720092773438,724.3720092773438,724.3720092773438,724.3720092773438,0,0.0,0.0
2011-09-07 00:00:00+09:00,724.3720092773438,724.3720092773438,724.3720092773438,724.3720092773438,0,0.0,0.0
2011-09-08 00:00:00+09:00,679.0987169420397,679.0987169420397,651.9347682643581,670.0440673828125,900,0.0,0.0
2011-09-09 00:00:00+09:00,670.0440673828125,670.0440673828125,670.0440673828125,670.0440673828125,0,0.0,0.0
2011-09-12 00:00:00+09:00,670.0440673828125,670.0440673828125,670.0440673828125,670.0440673828125,100,0.0,0.0
2011-09-13 00:00:00+09:00,670.0440673828125,670.0440673828125,670.0440673828125,670.0440673828125,100,0.0,0.0
2011-09-14 00:00:00+09:00,670.0440673828125,670.0440673828125,670.0440673828125,670.0440673828125,100,0.0,0.0
2011-09-15 00:00:00+09:00,679.0986938476562,679.0986938476562,679.0986938476562,679.0986938476562,100,0.0,0.0
2011-09-16 00:00:00+09:00,679.0986494584517,697.2079467773438,679.0986494584517,697.2079467773438,200,0.0,0.0
2011-09-20 00:00:00+09:00,724.3720092773438,724.3720092773438,724.3720092773438,724.3720092773438,300,0.0,0.0
2011-09-21 00:00:00+09:00,724.3720092773438,724.3720092773438,724.3720092773438,724.3720092773438,0,0.0,0.0
2011-09-22 00:00:00+09:00,724.3720092773438,724.3720092773438,724.3720092773438,724.3720092773438,100,0.0,0.0
2011-09-26 00:00:00+09:00,724.3719401041667,724.3719401041667,679.0986938476562,679.0986938476562,200,0.0,0.0
2011-09-27 00:00:00+09:00,679.0986938476562,679.0986938476562,679.0986938476562,679.0986938476562,0,0.0,0.0
2011-09-28 00:00:00+09:00,679.0986938476562,679.0986938476562,679.0986938476562,679.0986938476562,0,0.0,0.0
2011-09-29 00:00:00+09:00,633.8255004882812,633.8255004882812,633.8255004882812,633.8255004882812,100,0.0,0.0
2011-09-30 00:00:00+09:00,633.8255004882812,633.8255004882812,633.8255004882812,633.8255004882812,0,0.0,0.0
2011-10-03 00:00:00+09:00,597.6068115234375,597.6068115234375,597.6068115234375,597.6068115234375,200,0.0,0.0
2011-10-04 00:00:00+09:00,588.5523071289062,588.5523071289062,588.5523071289062,588.5523071289062,400,0.0,0.0
2011-10-05 00:00:00+09:00,606.6616088867187,606.6616088867187,588.5523071289062,588.5523071289062,200,0.0,0.0
2011-10-06 00:00:00+09:00,588.5523071289062,588.5523071289062,588.5523071289062,588.5523071289062,0,0.0,0.0
2011-10-07 00:00:00+09:00,588.5523071289062,588.5523071289062,588.5523071289062,588.5523071289062,0,0.0,0.0
2011-10-11 00:00:00+09:00,606.6614990234375,606.6614990234375,606.6614990234375,606.6614990234375,100,0.0,0.0
2011-10-12 00:00:00+09:00,606.6614990234375,606.6614990234375,606.6614990234375,606.6614990234375,100,0.0,0.0
2011-10-13 00:00:00+09:00,606.6614990234375,606.6614990234375,606.6614990234375,606.6614990234375,100,0.0,0.0
2011-10-14 00:00:00+09:00,606.6614765840419,615.7161254882812,606.6614765840419,615.7161254882812,300,0.0,0.0
2011-10-17 00:00:00+09:00,615.7161254882812,615.7161254882812,615.7161254882812,615.7161254882812,100,0.0,0.0
2011-10-18 00:00:00+09:00,615.7161254882812,615.7161254882812,615.7161254882812,615.7161254882812,500,0.0,0.0
2011-10-19 00:00:00+09:00,615.7161254882812,615.7161254882812,615.7161254882812,615.7161254882812,0,0.0,0.0
2011-10-20 00:00:00+09:00,633.8255004882812,633.8255004882812,633.8255004882812,633.8255004882812,100,0.0,0.0
2011-10-21 00:00:00+09:00,633.8255004882812,633.8255004882812,633.8255004882812,633.8255004882812,0,0.0,0.0
2011-10-24 00:00:00+09:00,633.8255004882812,633.8255004882812,633.8255004882812,633.8255004882812,0,0.0,0.0
2011-10-25 00:00:00+09:00,651.9347534179688,651.9347534179688,651.9347534179688,651.9347534179688,100,0.0,0.0
2011-10-26 00:00:00+09:00,651.9347534179688,651.9347534179688,651.9347534179688,651.9347534179688,100,0.0,0.0
2011-10-27 00:00:00+09:00,651.9347534179688,651.9347534179688,651.9347534179688,651.9347534179688,100,0.0,0.0
2011-10-28 00:00:00+09:00,651.9347534179688,651.9347534179688,651.9347534179688,651.9347534179688,0,0.0,0.0
2011-10-31 00:00:00+09:00,651.9347534179688,651.9347534179688,651.9347534179688,651.9347534179688,0,0.0,0.0
2011-11-01 00:00:00+09:00,606.6614990234375,615.7161482625933,606.6614990234375,606.6614990234375,400,0.0,0.0
2011-11-02 00:00:00+09:00,615.7161254882812,615.7161254882812,615.7161254882812,615.7161254882812,100,0.0,0.0
2011-11-04 00:00:00+09:00,615.7161254882812,615.7161254882812,615.7161254882812,615.7161254882812,0,0.0,0.0
2011-11-07 00:00:00+09:00,615.7161254882812,615.7161254882812,615.7161254882812,615.7161254882812,0,0.0,0.0
2011-11-08 00:00:00+09:00,615.7161254882812,615.7161254882812,615.7161254882812,615.7161254882812,0,0.0,0.0
2011-11-09 00:00:00+09:00,615.7161254882812,615.7161254882812,615.7161254882812,615.7161254882812,0,0.0,0.0
2011-11-10 00:00:00+09:00,624.7709350585938,624.7709350585938,624.7709350585938,624.7709350585938,100,0.0,0.0
2011-11-11 00:00:00+09:00,633.8254467409048,633.8254467409048,606.6614990234375,606.6614990234375,200,0.0,0.0
2011-11-14 00:00:00+09:00,633.8255004882812,633.8255004882812,633.8255004882812,633.8255004882812,100,0.0,0.0
2011-11-15 00:00:00+09:00,670.0440673828125,670.0440673828125,670.0440673828125,670.0440673828125,100,0.0,0.0
2011-11-16 00:00:00+09:00,670.0440673828125,670.0440673828125,670.0440673828125,670.0440673828125,200,0.0,0.0
2011-11-17 00:00:00+09:00,715.3173828125,715.3173828125,715.3173828125,715.3173828125,300,0.0,0.0
2011-11-18 00:00:00+09:00,715.3173828125,715.3173828125,715.3173828125,715.3173828125,0,0.0,0.0
2011-11-21 00:00:00+09:00,642.880126953125,642.880126953125,642.880126953125,642.880126953125,200,0.0,0.0
2011-11-22 00:00:00+09:00,642.880126953125,642.880126953125,642.880126953125,642.880126953125,0,0.0,0.0
2011-11-24 00:00:00+09:00,670.0440673828125,670.0440673828125,670.0440673828125,670.0440673828125,100,0.0,0.0
2011-11-25 00:00:00+09:00,688.1534423828125,688.1534423828125,688.1534423828125,688.1534423828125,100,0.0,0.0
2011-11-28 00:00:00+09:00,633.8255004882812,642.8801504952567,633.8255004882812,633.8255004882812,1000,0.0,0.0
2011-11-29 00:00:00+09:00,633.8255004882812,633.8255004882812,633.8255004882812,633.8255004882812,100,0.0,0.0
2011-11-30 00:00:00+09:00,633.8255004882812,633.8255004882812,633.8255004882812,633.8255004882812,0,0.0,0.0
2011-12-01 00:00:00+09:00,633.8255004882812,633.8255004882812,633.8255004882812,633.8255004882812,0,0.0,0.0
2011-12-02 00:00:00+09:00,633.8255004882812,633.8255004882812,633.8255004882812,633.8255004882812,0,0.0,0.0
2011-12-05 00:00:00+09:00,633.8255004882812,633.8255004882812,633.8255004882812,633.8255004882812,0,0.0,0.0
2011-12-06 00:00:00+09:00,642.880126953125,642.880126953125,642.880126953125,642.880126953125,200,0.0,0.0
2011-12-07 00:00:00+09:00,642.880126953125,642.880126953125,642.880126953125,642.880126953125,0,0.0,0.0
2011-12-08 00:00:00+09:00,642.880126953125,642.880126953125,642.880126953125,642.880126953125,200,0.0,0.0
2011-12-09 00:00:00+09:00,633.8255004882812,633.8255004882812,633.8255004882812,633.8255004882812,100,0.0,0.0
2011-12-12 00:00:00+09:00,724.3720092773438,724.3720092773438,724.3720092773438,724.3720092773438,200,0.0,0.0
2011-12-13 00:00:00+09:00,724.3720092773438,724.3720092773438,724.3720092773438,724.3720092773438,200,0.0,0.0
2011-12-14 00:00:00+09:00,724.3720092773438,724.3720092773438,724.3720092773438,724.3720092773438,400,0.0,0.0
2011-12-15 00:00:00+09:00,724.3720092773438,724.3720092773438,724.3720092773438,724.3720092773438,100,0.0,0.0
2011-12-16 00:00:00+09:00,742.4812622070312,742.4812622070312,742.4812622070312,742.4812622070312,200,0.0,0.0
2011-12-19 00:00:00+09:00,760.590576171875,760.590576171875,760.590576171875,760.590576171875,300,0.0,0.0
2011-12-20 00:00:00+09:00,760.590576171875,760.590576171875,760.590576171875,760.590576171875,0,0.0,0.0
2011-12-21 00:00:00+09:00,724.3720092773438,724.3720092773438,724.3720092773438,724.3720092773438,200,0.0,0.0
2011-12-22 00:00:00+09:00,724.3720092773438,724.3720092773438,724.3720092773438,724.3720092773438,100,0.0,0.0
2011-12-26 00:00:00+09:00,751.535888671875,751.535888671875,751.535888671875,751.535888671875,100,0.0,0.0
2011-12-27 00:00:00+09:00,724.3720092773438,724.3720092773438,724.3720092773438,724.3720092773438,100,0.0,0.0
2011-12-28 00:00:00+09:00,724.3720092773438,724.3720092773438,724.3720092773438,724.3720092773438,0,0.0,0.0
2011-12-29 00:00:00+09:00,724.3720092773438,724.3720092773438,724.3720092773438,724.3720092773438,0,0.0,0.0
2011-12-30 00:00:00+09:00,724.3720092773438,724.3720092773438,724.3720092773438,724.3720092773438,0,0.0,0.0
2012-01-04 00:00:00+09:00,724.3720092773438,724.3720092773438,724.3720092773438,724.3720092773438,0,0.0,0.0
2012-01-05 00:00:00+09:00,679.0986938476562,679.0986938476562,679.0986938476562,679.0986938476562,1700,0.0,0.0
2012-01-06 00:00:00+09:00,679.0986938476562,679.0986938476562,679.0986938476562,679.0986938476562,0,0.0,0.0
2012-01-10 00:00:00+09:00,706.2626953125,706.2626953125,706.2626953125,706.2626953125,100,0.0,0.0
2012-01-11 00:00:00+09:00,715.3173452524038,715.3173452524038,706.2626953125,706.2626953125,400,0.0,0.0
2012-01-12 00:00:00+09:00,715.3172908528646,715.3172908528646,679.0986938476562,679.0986938476562,200,0.0,0.0
2012-01-13 00:00:00+09:00,715.3173828125,715.3173828125,715.3173828125,715.3173828125,100,0.0,0.0
2012-01-16 00:00:00+09:00,715.3172440962359,715.3172440962359,697.2079467773438,697.2079467773438,200,0.0,0.0
2012-01-17 00:00:00+09:00,697.2080160604941,697.2080160604941,670.0440673828125,670.0440673828125,400,0.0,0.0
2012-01-18 00:00:00+09:00,670.0440673828125,670.0440673828125,670.0440673828125,670.0440673828125,0,0.0,0.0
2012-01-19 00:00:00+09:00,670.0440673828125,670.0440673828125,670.0440673828125,670.0440673828125,0,0.0,0.0
2012-01-20 00:00:00+09:00,670.0440673828125,670.0440673828125,670.0440673828125,670.0440673828125,0,0.0,0.0
2012-01-23 00:00:00+09:00,670.0440673828125,670.0440673828125,670.0440673828125,670.0440673828125,0,0.0,0.0
2012-01-24 00:00:00+09:00,688.1534423828125,697.208092940481,688.1534423828125,688.1534423828125,400,0.0,0.0
2012-01-25 00:00:00+09:00,679.0986938476562,679.0986938476562,679.0986938476562,679.0986938476562,100,0.0,0.0
2012-01-26 00:00:00+09:00,697.2079467773438,697.2079467773438,697.2079467773438,697.2079467773438,100,0.0,0.0
2012-01-27 00:00:00+09:00,697.2079467773438,697.2079467773438,697.2079467773438,697.2079467773438,100,0.0,0.0
2012-01-30 00:00:00+09:00,715.3173275902158,760.590576171875,715.3173275902158,760.590576171875,500,0.0,0.0
2012-01-31 00:00:00+09:00,715.317359161377,724.3720092773438,715.317359161377,724.3720092773438,500,0.0,0.0
2012-02-01 00:00:00+09:00,724.3720092773438,724.3720092773438,724.3720092773438,724.3720092773438,0,0.0,0.0
2012-02-02 00:00:00+09:00,724.3720092773438,724.3720092773438,724.3720092773438,724.3720092773438,0,0.0,0.0
2012-02-03 00:00:00+09:00,724.3720092773438,724.3720092773438,724.3720092773438,724.3720092773438,0,0.0,0.0
2012-02-06 00:00:00+09:00,724.3720092773438,724.3720092773438,724.3720092773438,724.3720092773438,0,0.0,0.0
2012-02-07 00:00:00+09:00,724.3720092773438,724.3720092773438,724.3720092773438,724.3720092773438,0,0.0,0.0
2012-02-08 00:00:00+09:00,688.1534423828125,688.1534423828125,688.1534423828125,688.1534423828125,300,0.0,0.0
2012-02-09 00:00:00+09:00,679.0987169420397,679.0987169420397,670.0440673828125,670.0440673828125,500,0.0,0.0
2012-02-10 00:00:00+09:00,679.0986938476562,679.0986938476562,679.0986938476562,679.0986938476562,200,0.0,0.0
2012-02-13 00:00:00+09:00,697.2079467773438,697.2079467773438,697.2079467773438,697.2079467773438,100,0.0,0.0
2012-02-14 00:00:00+09:00,697.2079467773438,697.2079467773438,697.2079467773438,697.2079467773438,100,0.0,0.0
2012-02-15 00:00:00+09:00,706.2626953125,706.2626953125,706.2626953125,706.2626953125,100,0.0,0.0
2012-02-16 00:00:00+09:00,706.2625954367898,706.2625954367898,697.2079467773438,697.2079467773438,400,0.0,0.0
2012-02-17 00:00:00+09:00,706.2626953125,706.2626953125,706.2626953125,706.2626953125,300,0.0,0.0
2012-02-20 00:00:00+09:00,706.2626953125,706.2626953125,706.2626953125,706.2626953125,100,0.0,0.0
2012-02-21 00:00:00+09:00,706.2626953125,706.2626953125,706.2626953125,706.2626953125,0,0.0,0.0
2012-02-22 00:00:00+09:00,706.2626953125,706.2626953125,706.2626953125,706.2626953125,0,0.0,0.0
2012-02-23 00:00:00+09:00,751.5359633501839,769.645263671875,724.3720128676471,769.645263671875,900,0.0,0.0
2012-02-24 00:00:00+09:00,769.6452258882068,769.6452258882068,760.590576171875,760.590576171875,300,0.0,0.0
2012-02-27 00:00:00+09:00,760.5906485098379,760.5906485098379,733.4266967773438,733.4266967773438,300,0.0,0.0
2012-02-28 00:00:00+09:00,706.2627323971519,715.3173828125,679.0987811511076,715.3173828125,1800,0.0,0.0
2012-02-29 00:00:00+09:00,733.4267393339665,986.9569702148438,724.372088231078,986.9569702148438,14500,0.0,0.0
2012-03-01 00:00:00+09:00,914.5196338410072,996.011482401097,823.9731354409075,851.1370849609375,6700,0.0,0.0
2012-03-02 00:00:00+09:00,842.0823021363676,851.1369505464361,751.535818035683,805.8637084960938,4000,0.0,0.0
2012-03-05 00:00:00+09:00,805.8637766283612,805.8637766283612,778.6998291015625,778.6998291015625,700,0.0,0.0
2012-03-06 00:00:00+09:00,769.645263671875,778.6999138327207,769.645263671875,769.645263671875,400,0.0,0.0
2012-03-07 00:00:00+09:00,760.5906135110295,769.645263671875,760.5906135110295,769.645263671875,700,0.0,0.0
2012-03-08 00:00:00+09:00,805.8637924194336,923.5742340087891,805.8637924194336,869.246337890625,3800,0.0,0.0
2012-03-09 00:00:00+09:00,950.7381820678711,959.7928314208984,869.246337890625,869.246337890625,1300,0.0,0.0
2012-03-12 00:00:00+09:00,959.7930072286855,959.7930072286855,833.0278930664062,833.0278930664062,1000,0.0,0.0
2012-03-13 00:00:00+09:00,869.2463528380102,887.3556518554688,842.0824043118224,887.3556518554688,300,0.0,0.0
2012-03-14 00:00:00+09:00,887.35567513692,887.35567513692,878.301025390625,878.301025390625,300,0.0,0.0
2012-03-15 00:00:00+09:00,878.301025390625,878.301025390625,878.301025390625,878.301025390625,100,0.0,0.0
2012-03-16 00:00:00+09:00,878.3009952011929,878.3009952011929,842.0823974609375,842.0823974609375,400,0.0,0.0
2012-03-19 00:00:00+09:00,833.0276537262991,833.0276537262991,805.8637084960938,805.8637084960938,500,0.0,0.0
2012-03-21 00:00:00+09:00,805.8637084960938,805.8637084960938,805.8637084960938,805.8637084960938,100,0.0,0.0
2012-03-22 00:00:00+09:00,805.8638643152574,805.8638643152574,769.645263671875,769.645263671875,1000,0.0,0.0
2012-03-23 00:00:00+09:00,769.6452990873361,769.6452990873361,733.4266967773438,733.4266967773438,700,0.0,0.0
2012-03-26 00:00:00+09:00,733.4266126679211,742.4812622070312,733.4266126679211,742.4812622070312,300,0.0,0.0
2012-03-27 00:00:00+09:00,769.645263671875,769.645263671875,769.645263671875,769.645263671875,100,0.0,0.0
2012-03-28 00:00:00+09:00,742.4812622070312,742.4812622070312,742.4812622070312,742.4812622070312,100,0.0,0.0
2012-03-29 00:00:00+09:00,769.6451608758224,887.3555972450657,769.6451608758224,860.191650390625,1600,0.0,0.0
2012-03-30 00:00:00+09:00,860.191650390625,860.191650390625,860.191650390625,860.191650390625,100,0.0,0.0
2012-04-02 00:00:00+09:00,823.973168267144,823.973168267144,805.8638678656683,814.9185180664062,600,0.0,0.0
2012-04-03 00:00:00+09:00,814.9184654498922,814.9184654498922,769.6452173693426,787.7545166015625,800,0.0,0.0
2012-04-04 00:00:00+09:00,760.590576171875,760.590576171875,760.590576171875,760.590576171875,200,0.0,0.0
2012-04-05 00:00:00+09:00,778.6998669854526,787.7545166015625,778.6998669854526,787.7545166015625,200,0.0,0.0
2012-04-06 00:00:00+09:00,760.590576171875,760.590576171875,760.590576171875,760.590576171875,100,0.0,0.0
2012-04-09 00:00:00+09:00,751.535888671875,751.535888671875,751.535888671875,751.535888671875,300,0.0,0.0
2012-04-10 00:00:00+09:00,778.6998669854526,787.7545166015625,778.6998669854526,787.7545166015625,200,0.0,0.0
2012-04-11 00:00:00+09:00,796.8092176649305,814.9185180664062,796.8092176649305,814.9185180664062,200,0.0,0.0
2012-04-12 00:00:00+09:00,814.9185180664062,814.9185180664062,814.9185180664062,814.9185180664062,100,0.0,0.0
2012-04-13 00:00:00+09:00,805.8637084960938,805.8637084960938,805.8637084960938,805.8637084960938,100,0.0,0.0
2012-04-16 00:00:00+09:00,814.9185180664062,814.9185180664062,805.8638678656683,814.9185180664062,1400,0.0,0.0
2012-04-17 00:00:00+09:00,833.027818467882,833.027818467882,814.9185180664062,814.9185180664062,600,0.0,0.0
2012-04-18 00:00:00+09:00,814.9185180664062,814.9185180664062,814.9185180664062,814.9185180664062,0,0.0,0.0
2012-04-19 00:00:00+09:00,814.9184654498922,814.9184654498922,787.7545166015625,787.7545166015625,200,0.0,0.0
2012-04-20 00:00:00+09:00,787.7545166015625,787.7545166015625,787.7545166015625,787.7545166015625,100,0.0,0.0
2012-04-23 00:00:00+09:00,787.7545166015625,787.7545166015625,787.7545166015625,787.7545166015625,0,0.0,0.0
2012-04-24 00:00:00+09:00,814.9183569061622,814.9183569061622,805.8637084960938,805.8637084960938,200,0.0,0.0
2012-04-25 00:00:00+09:00,796.8091430664062,796.8091430664062,796.8091430664062,796.8091430664062,200,0.0,0.0
2012-04-26 00:00:00+09:00,823.9732055664062,823.9732055664062,823.9732055664062,823.9732055664062,100,0.0,0.0
2012-04-27 00:00:00+09:00,959.7928532780827,1095.6125966664906,914.5196054819468,1005.0661010742188,50900,0.0,0.0
2012-05-01 00:00:00+09:00,941.6835489078444,941.6835489078444,869.2463528380102,887.3556518554688,10500,0.0,0.0
2012-05-02 00:00:00+09:00,887.3555972450657,887.3555972450657,842.0823524876645,860.191650390625,4600,0.0,0.0
2012-05-07 00:00:00+09:00,833.0278930664062,842.0825440779977,823.9732420548149,833.0278930664062,2600,0.0,0.0
2012-05-08 00:00:00+09:00,833.0277852809176,851.1370849609375,823.9731354409075,851.1370849609375,1000,0.0,0.0
2012-05-09 00:00:00+09:00,842.0825440779977,851.137195089589,823.9732420548149,833.0278930664062,1800,0.0,0.0
2012-05-10 00:00:00+09:00,814.9184654498922,814.9184654498922,787.7545166015625,787.7545166015625,2600,0.0,0.0
2012-05-11 00:00:00+09:00,805.8638247535342,805.8638247535342,760.590576171875,760.590576171875,1200,0.0,0.0
2012-05-14 00:00:00+09:00,769.6452853045886,778.6999357199367,715.3173828125,715.3173828125,900,0.0,0.0
2012-05-15 00:00:00+09:00,724.3720005580358,724.3720005580358,624.7708504813058,633.8255004882812,1300,0.0,0.0
2012-05-16 00:00:00+09:00,670.0440673828125,679.0987169420397,670.0440673828125,670.0440673828125,700,0.0,0.0
2012-05-17 00:00:00+09:00,670.0440445963542,679.0986938476562,670.0440445963542,679.0986938476562,900,0.0,0.0
2012-05-18 00:00:00+09:00,660.9894178235853,670.0440673828125,660.9894178235853,670.0440673828125,600,0.0,0.0
2012-05-21 00:00:00+09:00,670.0440673828125,670.0440673828125,670.0440673828125,670.0440673828125,0,0.0,0.0
2012-05-22 00:00:00+09:00,670.0440673828125,670.0440673828125,670.0440673828125,670.0440673828125,0,0.0,0.0
2012-05-23 00:00:00+09:00,688.1534423828125,688.1534423828125,688.1534423828125,688.1534423828125,200,0.0,0.0
2012-05-24 00:00:00+09:00,688.1534423828125,688.1534423828125,688.1534423828125,688.1534423828125,300,0.0,0.0
2012-05-25 00:00:00+09:00,706.2626953125,706.2626953125,706.2626953125,706.2626953125,100,0.0,0.0
2012-05-28 00:00:00+09:00,679.0987586975098,724.3720092773438,679.0987586975098,724.3720092773438,700,0.0,0.0
2012-05-29 00:00:00+09:00,715.317359161377,724.3720092773438,715.317359161377,724.3720092773438,400,0.0,0.0
2012-05-30 00:00:00+09:00,733.4266126679211,742.4812622070312,733.4266126679211,742.4812622070312,700,0.0,0.0
2012-05-31 00:00:00+09:00,751.535888671875,751.535888671875,751.535888671875,751.535888671875,100,0.0,0.0
2012-06-01 00:00:00+09:00,751.5359666612413,887.355719672309,751.5359666612413,814.9185180664062,3200,0.0,0.0
2012-06-04 00:00:00+09:00,860.191650390625,950.7381399054276,860.191650390625,860.191650390625,2200,0.0,0.0
2012-06-05 00:00:00+09:00,878.3009576416016,914.5195538330079,878.3009576416016,905.4649047851562,1700,0.0,0.0
2012-06-06 00:00:00+09:00,905.4651331018518,986.9569950810185,905.4651331018518,977.90234375,1500,0.0,0.0
2012-06-07 00:00:00+09:00,1023.1754343668621,1158.9951822916667,1023.1754343668621,1086.5579833984375,11800,0.0,0.0
2012-06-08 00:00:00+09:00,1122.7764337713068,1303.8694069602273,1095.6124877929688,1195.213623046875,8100,0.0,0.0
2012-06-11 00:00:00+09:00,1340.0879646901333,1620.782065402256,1303.8693710498594,1611.7274169921875,14600,0.0,0.0
2012-06-12 00:00:00+09:00,1385.3614774084397,1466.8533290207008,1240.4870745421974,1421.580078125,16600,0.0,0.0
2012-06-13 00:00:00+09:00,1403.4706785620713,1810.9299078220274,1331.03348224919,1484.9625244140625,16700,0.0,0.0
2012-06-14 00:00:00+09:00,1530.23589924695,1783.7661074062082,1494.017298081342,1693.2196044921875,15300,0.0,0.0
2012-06-15 00:00:00+09:00,1647.9461822509766,1738.49267578125,1539.2903900146484,1593.6182861328125,11000,0.0,0.0
2012-06-18 00:00:00+09:00,1557.3998315050194,1747.5474853515625,1539.290531138682,1747.5474853515625,9300,0.0,0.0
2012-06-19 00:00:00+09:00,1756.6019744873047,1765.656623840332,1657.000831604004,1738.49267578125,7400,0.0,0.0
2012-06-20 00:00:00+09:00,1756.602132556508,1946.749786080666,1702.2742315496057,1865.2579345703125,24200,0.0,0.0
2012-06-21 00:00:00+09:00,1765.6568309928798,2263.6626038370255,1765.6568309928798,2145.9521484375,41200,0.0,0.0
2012-06-22 00:00:00+09:00,2155.0065218098957,2870.3238126627607,2155.0065218098957,2716.394775390625,42500,0.0,0.0
2012-06-25 00:00:00+09:00,2933.7064453125,3160.072683376736,2372.3181749131945,2852.214599609375,33900,0.0,0.0
2012-06-26 00:00:00+09:00,2906.5423436426854,2906.5423436426854,2471.919189453125,2471.919189453125,14600,0.0,0.0
2012-06-27 00:00:00+09:00,2535.301840572034,2825.050622351695,2535.301840572034,2671.12158203125,14700,0.0,0.0
2012-06-28 00:00:00+09:00,2671.1219145122327,2852.2149256656044,2589.6300594932154,2752.61376953125,13800,0.0,0.0
2012-06-29 00:00:00+09:00,2788.832264836996,3196.2915243099333,2752.613663994957,3141.963623046875,19500,0.0,0.0
2012-07-02 00:00:00+09:00,3196.29152675685,3866.3356428475213,3196.29152675685,3676.18798828125,34200,0.0,0.0
2012-07-03 00:00:00+09:00,3748.62512281921,3848.2262734255173,2951.81591796875,2951.81591796875,37200,0.0,0.0
2012-07-04 00:00:00+09:00,2625.8482457802047,2843.1598247413253,2580.5750001633046,2707.340087890625,30700,0.0,0.0
2012-07-05 00:00:00+09:00,2897.4880176380366,3033.3077684648197,2770.7229168663725,2951.81591796875,18200,0.0,0.0
2012-07-06 00:00:00+09:00,3006.143869889229,3332.111277467579,3006.143869889229,3141.963623046875,28000,0.0,0.0
2012-07-09 00:00:00+09:00,3214.400545172735,3241.5644934418006,2770.7227234446673,2960.870361328125,13300,0.0,0.0
2012-07-10 00:00:00+09:00,3105.7449897766114,3105.7449897766114,2870.3240867614745,2897.488037109375,7500,0.0,0.0
2012-07-11 00:00:00+09:00,2825.0507996179467,2897.4879996081504,2743.5589496289676,2888.433349609375,7200,0.0,0.0
2012-07-12 00:00:00+09:00,2815.99609375,2815.99609375,2761.668194835209,2815.99609375,2800,0.0,0.0
2012-07-13 00:00:00+09:00,2743.558987396936,2815.996188384314,2634.903185915869,2779.777587890625,10300,0.0,0.0
2012-07-17 00:00:00+09:00,2707.340023289841,2716.394672197165,2517.1923962360397,2634.90283203125,5500,0.0,0.0
2012-07-18 00:00:00+09:00,2653.0126077720365,2653.0126077720365,1937.6952152328186,2272.71728515625,18900,0.0,0.0
2012-07-19 00:00:00+09:00,2272.717096592353,2426.6461429751016,2227.44384765625,2227.44384765625,4800,0.0,0.0
2012-07-20 00:00:00+09:00,2299.881064860026,2327.045014444987,2028.2415690104167,2173.115966796875,5800,0.0,0.0
2012-07-23 00:00:00+09:00,2218.388927252223,2263.6621706655337,2064.4598996469667,2164.06103515625,3300,0.0,0.0
2012-07-24 00:00:00+09:00,2127.8429565429688,2399.4824829101562,2082.5697021484375,2354.209228515625,7800,0.0,0.0
2012-07-25 00:00:00+09:00,2281.7719075520836,2444.755615234375,2263.6626066984954,2444.755615234375,4800,0.0,0.0
2012-07-26 00:00:00+09:00,2399.4818947531962,2399.4818947531962,2308.9354081587358,2390.42724609375,2400,0.0,0.0
2012-07-27 00:00:00+09:00,2317.990458015267,2390.4276598282445,2308.935807788645,2372.318359375,1700,0.0,0.0
2012-07-30 00:00:00+09:00,2372.318359375,2372.318359375,2372.318359375,2372.318359375,0,0.0,0.0
2012-07-31 00:00:00+09:00,2308.935697695463,2345.154296875,2236.49849933639,2345.154296875,1600,0.0,0.0
2012-08-01 00:00:00+09:00,2272.7170985159264,2345.154296875,2245.553149131274,2345.154296875,600,0.0,0.0
2012-08-02 00:00:00+09:00,2200.2801889272837,2200.2801889272837,2118.788330078125,2118.788330078125,5200,0.0,0.0
2012-08-03 00:00:00+09:00,2046.35098828125,2263.66259765625,2028.2416875,2263.66259765625,6000,0.0,0.0
2012-08-06 00:00:00+09:00,2263.662237870066,2263.662237870066,2118.7878546463817,2236.498291015625,900,0.0,0.0
2012-08-07 00:00:00+09:00,2091.6241008479424,2227.44384765625,2037.296202124619,2227.44384765625,1600,0.0,0.0
2012-08-08 00:00:00+09:00,2109.7334712859124,2245.55322265625,2055.4055707377775,2245.55322265625,3000,0.0,0.0
2012-08-09 00:00:00+09:00,2299.880988043708,2689.230919090477,2299.880988043708,2680.17626953125,29700,0.0,0.0
2012-08-10 00:00:00+09:00,2743.55908203125,2752.6137324669967,2535.302122009076,2743.55908203125,22500,0.0,0.0
2012-08-13 00:00:00+09:00,2779.777758388832,2815.9963611039957,2662.067299564549,2761.66845703125,15400,0.0,0.0
2012-08-14 00:00:00+09:00,2761.6680216471354,2761.6680216471354,2571.520387369792,2716.394775390625,4000,0.0,0.0
2012-08-15 00:00:00+09:00,2671.121268986825,2671.121268986825,2526.246895075675,2598.68408203125,6400,0.0,0.0
2012-08-16 00:00:00+09:00,2526.247521709195,2535.30217232464,2444.7556661701888,2517.19287109375,7400,0.0,0.0
2012-08-17 00:00:00+09:00,2508.1383654005986,2580.5755745096412,2499.0837142619685,2553.41162109375,3100,0.0,0.0
2012-08-20 00:00:00+09:00,2553.4116476307745,2634.9035087253737,2499.083740234375,2499.083740234375,1200,0.0,0.0
2012-08-21 00:00:00+09:00,2571.5207369697655,2571.5207369697655,2354.2091253948556,2508.13818359375,2300,0.0,0.0
2012-08-22 00:00:00+09:00,2363.2637758771434,2508.13818359375,2363.2637758771434,2508.13818359375,2100,0.0,0.0
2012-08-23 00:00:00+09:00,2435.70068359375,2435.70068359375,2381.3727873054136,2435.70068359375,1100,0.0,0.0
2012-08-24 00:00:00+09:00,2408.536901855469,2535.302001953125,2408.536901855469,2535.302001953125,5100,0.0,0.0
2012-08-27 00:00:00+09:00,2462.864501953125,2471.9191508573645,2399.4819596234493,2462.864501953125,1900,0.0,0.0
2012-08-28 00:00:00+09:00,2390.4272731203873,2453.809814453125,2390.4272731203873,2453.809814453125,400,0.0,0.0
2012-08-29 00:00:00+09:00,2399.482306463068,2517.1927592329544,2390.42765625,2490.02880859375,5100,0.0,0.0
2012-08-30 00:00:00+09:00,2471.9194527958216,2490.028752816304,2417.591552734375,2417.591552734375,800,0.0,0.0
2012-08-31 00:00:00+09:00,2381.3732180540587,2435.7011241693604,2254.6081037850213,2363.263916015625,2800,0.0,0.0
2012-09-03 00:00:00+09:00,2363.263916015625,2363.263916015625,2363.263916015625,2363.263916015625,300,0.0,0.0
2012-09-04 00:00:00+09:00,2290.8263083338284,2381.372802734375,2245.553061133555,2381.372802734375,3900,0.0,0.0
2012-09-05 00:00:00+09:00,2381.372802734375,2381.372802734375,2381.372802734375,2381.372802734375,0,0.0,0.0
2012-09-06 00:00:00+09:00,2381.372802734375,2381.372802734375,2381.372802734375,2381.372802734375,0,0.0,0.0
2012-09-07 00:00:00+09:00,2236.4986615013986,2327.045166015625,2236.4986615013986,2327.045166015625,1600,0.0,0.0
2012-09-10 00:00:00+09:00,2308.9358651127795,2354.209117369893,2100.6789047300585,2327.045166015625,3200,0.0,0.0
2012-09-11 00:00:00+09:00,2317.990234375,2317.990234375,2317.990234375,2317.990234375,300,0.0,0.0
2012-09-12 00:00:00+09:00,2290.826378231957,2290.826378231957,2218.3891805013022,2281.771728515625,1500,0.0,0.0
2012-09-13 00:00:00+09:00,2218.389345703125,2263.66259765625,2109.7335410156247,2263.66259765625,3200,0.0,0.0
2012-09-14 00:00:00+09:00,2254.6072624362246,2254.6072624362246,2182.1700813137754,2218.388671875,600,0.0,0.0
2012-09-18 00:00:00+09:00,2155.0061383928573,2218.388671875,2127.842195471939,2218.388671875,500,0.0,0.0
2012-09-19 00:00:00+09:00,2173.1156346055327,2209.334228515625,2127.842392217917,2209.334228515625,900,0.0,0.0
2012-09-20 00:00:00+09:00,2200.2799543325336,2218.3892543681923,2082.569504100752,2182.170654296875,2900,0.0,0.0
2012-09-21 00:00:00+09:00,2209.334024234694,2227.443319515306,2145.951490752551,2218.388671875,2300,0.0,0.0
2012-09-24 00:00:00+09:00,2191.2253241356384,2191.2253241356384,2082.56952293883,2127.8427734375,2300,0.0,0.0
2012-09-25 00:00:00+09:00,2109.7332837975546,2127.842582370924,2055.405388077446,2082.5693359375,1600,0.0,0.0
2012-09-26 00:00:00+09:00,2091.6240234375,2091.6240234375,2091.6240234375,2091.6240234375,200,0.0,0.0
2012-09-27 00:00:00+09:00,2028.241785139485,2109.733642578125,1992.0231818334228,2109.733642578125,1300,0.0,0.0
2012-09-28 00:00:00+09:00,2037.2964359660004,2109.733642578125,2037.2964359660004,2109.733642578125,200,0.0,0.0
2012-10-01 00:00:00+09:00,2064.4602550828313,2263.6625603978414,2037.2963043580571,2254.60791015625,2800,0.0,0.0
2012-10-02 00:00:00+09:00,2236.498134283372,2236.498134283372,2191.2248926986886,2200.279541015625,400,0.0,0.0
2012-10-03 00:00:00+09:00,2200.279541015625,2200.279541015625,2200.279541015625,2200.279541015625,0,0.0,0.0
2012-10-04 00:00:00+09:00,2127.8422529112618,2399.481689453125,2127.8422529112618,2399.481689453125,2400,0.0,0.0
2012-10-05 00:00:00+09:00,2254.6072624362246,2254.6072624362246,2082.568957270408,2218.388671875,3800,0.0,0.0
2012-10-09 00:00:00+09:00,2118.788123337766,2145.952073636968,2118.788123337766,2127.8427734375,500,0.0,0.0
2012-10-10 00:00:00+09:00,2127.8427734375,2127.8427734375,2082.56952293883,2127.8427734375,2500,0.0,0.0
2012-10-11 00:00:00+09:00,2127.8427260262624,2127.8427260262624,1964.8590278625488,2028.2415771484375,2200,0.0,0.0
2012-10-12 00:00:00+09:00,1992.0230339433504,1992.0230339433504,1928.6404828633347,1982.9683837890625,900,0.0,0.0
2012-10-15 00:00:00+09:00,1982.9683837890625,1982.9683837890625,1982.9683837890625,1982.9683837890625,0,0.0,0.0
2012-10-16 00:00:00+09:00,1910.5312726276677,1910.5312726276677,1856.203369140625,1856.203369140625,300,0.0,0.0
2012-10-17 00:00:00+09:00,1810.9299778293919,1810.9299778293919,1611.7276802681588,1675.1102294921875,1600,0.0,0.0
2012-10-18 00:00:00+09:00,1675.110170181188,1675.110170181188,1475.9078796731549,1602.6729736328125,6500,0.0,0.0
2012-10-19 00:00:00+09:00,1593.618232421875,1901.4763000488283,1457.7984967041016,1810.9298095703125,22700,0.0,0.0
2012-10-22 00:00:00+09:00,1783.7659094769022,2173.115828804348,1720.3833644701087,2082.5693359375,10200,0.0,0.0
2012-10-23 00:00:00+09:00,2136.8974364119576,2164.0613868748214,1928.6404828633347,1982.9683837890625,15100,0.0,0.0
2012-10-24 00:00:00+09:00,1973.9138073122879,2037.2963607580953,1946.7498558355132,2001.0777587890625,6300,0.0,0.0
2012-10-25 00:00:00+09:00,2055.40550169906,2227.44384765625,2037.296202124619,2227.44384765625,14000,0.0,0.0
2012-10-26 00:00:00+09:00,2227.443959431476,2272.717210639433,2200.2800087067017,2254.60791015625,8200,0.0,0.0
2012-10-29 00:00:00+09:00,2263.6624654134116,2263.6624654134116,2145.952017211914,2173.115966796875,8600,0.0,0.0
2012-10-30 00:00:00+09:00,2136.897498022152,2145.9521484375,1992.0230913765822,2145.9521484375,4500,0.0,0.0
2012-10-31 00:00:00+09:00,2082.569467149642,2082.569467149642,1992.0229685779184,2055.405517578125,2500,0.0,0.0
2012-11-01 00:00:00+09:00,2010.1323719371449,2010.1323719371449,1946.7498196688566,1992.0230712890625,3400,0.0,0.0
2012-11-02 00:00:00+09:00,1937.6951047663104,2064.460205078125,1901.4765046772204,2064.460205078125,1600,0.0,0.0
2012-11-05 00:00:00+09:00,1919.585868696733,1992.0230712890625,1919.585868696733,1992.0230712890625,1300,0.0,0.0
2012-11-06 00:00:00+09:00,1973.9136868990383,1973.9136868990383,1810.9299879807693,1883.3671875,3800,0.0,0.0
2012-11-07 00:00:00+09:00,1901.4765057231104,1955.804405886628,1829.0393055050872,1946.749755859375,2800,0.0,0.0
2012-11-08 00:00:00+09:00,1801.8751413445723,1801.8751413445723,1638.8914602179277,1720.38330078125,3400,0.0,0.0
2012-11-09 00:00:00+09:00,1711.3288020497744,1774.71135027384,1657.0009035720038,1756.60205078125,1300,0.0,0.0
2012-11-12 00:00:00+09:00,1747.5474010349549,1765.656700527545,1684.164852810889,1756.60205078125,1600,0.0,0.0
2012-11-13 00:00:00+09:00,1756.6019744873047,1756.6019744873047,1684.164779663086,1738.49267578125,1800,0.0,0.0
2012-11-14 00:00:00+09:00,1738.4928278688526,1738.4928278688526,1602.6730756915983,1657.0009765625,1600,0.0,0.0
2012-11-15 00:00:00+09:00,1647.9464111328125,1675.110362964672,1629.8371099115727,1647.9464111328125,1900,0.0,0.0
2012-11-16 00:00:00+09:00,1611.7274169921875,1611.7274169921875,1611.7274169921875,1611.7274169921875,300,0.0,0.0
2012-11-19 00:00:00+09:00,1611.7277058516397,1856.203256739248,1611.7277058516397,1829.039306640625,6400,0.0,0.0
2012-11-20 00:00:00+09:00,1810.9300863056283,1810.9300863056283,1693.2196306957626,1729.438232421875,2400,0.0,0.0
2012-11-21 00:00:00+09:00,1702.2740028782894,1756.601896587171,1675.1100560238488,1720.38330078125,1900,0.0,0.0
2012-11-22 00:00:00+09:00,1729.4380264282227,1738.49267578125,1729.4380264282227,1738.49267578125,400,0.0,0.0
2012-11-26 00:00:00+09:00,1756.60206155216,1901.476458381204,1747.5474117503447,1847.1485595703125,3900,0.0,0.0
2012-11-27 00:00:00+09:00,1874.312581937607,2055.4055850233663,1874.312581937607,1982.9683837890625,12100,0.0,0.0
2012-11-28 00:00:00+09:00,2028.2416725852274,2037.2963229092686,1946.7498196688566,1992.0230712890625,4600,0.0,0.0
2012-11-29 00:00:00+09:00,1973.9138073122879,2037.2963607580953,1964.8591568200297,2001.0777587890625,5200,0.0,0.0
2012-11-30 00:00:00+09:00,2019.1868517076646,2019.1868517076646,1964.8589543523015,2010.1322021484375,1600,0.0,0.0
2012-12-03 00:00:00+09:00,1946.7496980676328,1946.7496980676328,1874.3125,1874.3125,2200,0.0,0.0
2012-12-04 00:00:00+09:00,1810.9299603630516,1847.1485595703125,1729.4381121467143,1847.1485595703125,3300,0.0,0.0
2012-12-05 00:00:00+09:00,1847.1485595703125,1847.1485595703125,1847.1485595703125,1847.1485595703125,0,0.0,0.0
2012-12-06 00:00:00+09:00,1774.7113037109375,1774.7113037109375,1729.4380561672913,1774.7113037109375,1800,0.0,0.0
2012-12-07 00:00:00+09:00,1810.9298095703125,1838.0937567138674,1783.7658624267578,1810.9298095703125,1000,0.0,0.0
2012-12-10 00:00:00+09:00,1874.3124974830862,1874.3124974830862,1756.60205078125,1756.60205078125,600,0.0,0.0
2012-12-11 00:00:00+09:00,1865.2581271950257,1973.9139404296875,1865.2581271950257,1973.9139404296875,10100,0.0,0.0
2012-12-12 00:00:00+09:00,1946.749786080666,1946.749786080666,1829.0393338990443,1865.2579345703125,1900,0.0,0.0
2012-12-13 00:00:00+09:00,1892.421895445274,1892.421895445274,1838.093994140625,1838.093994140625,600,0.0,0.0
2012-12-14 00:00:00+09:00,1856.203200483092,1883.3671497584542,1856.203200483092,1874.3125,600,0.0,0.0
2012-12-17 00:00:00+09:00,1829.0393439231834,1838.093994140625,1792.8207430534173,1838.093994140625,2700,0.0,0.0
2012-12-18 00:00:00+09:00,1810.9298095703125,1810.9298095703125,1792.8205114746095,1810.9298095703125,900,0.0,0.0
2012-12-19 00:00:00+09:00,1819.984619140625,1819.984619140625,1819.984619140625,1819.984619140625,200,0.0,0.0
2012-12-20 00:00:00+09:00,1792.8205647400769,1910.531005859375,1792.8205647400769,1910.531005859375,800,0.0,0.0
2012-12-21 00:00:00+09:00,1838.0938420127984,1838.0938420127984,1792.8205946725818,1801.875244140625,1000,0.0,0.0
2012-12-25 00:00:00+09:00,1801.8754512902462,1801.8754512902462,1792.82080078125,1792.82080078125,200,0.0,0.0
2012-12-26 00:00:00+09:00,1838.0938420127984,1874.3124398849718,1774.711295736495,1801.875244140625,800,0.0,0.0
2012-12-27 00:00:00+09:00,1801.875244140625,1801.875244140625,1801.875244140625,1801.875244140625,100,0.0,0.0
2012-12-28 00:00:00+09:00,1783.7658624267578,1810.9298095703125,1774.7112133789062,1810.9298095703125,800,0.0,0.0
2013-01-04 00:00:00+09:00,1810.9299879807693,1883.3671875,1765.65673828125,1883.3671875,1600,0.0,0.0
2013-01-07 00:00:00+09:00,1883.3671875,1883.3671875,1883.3671875,1883.3671875,0,0.0,0.0
2013-01-08 00:00:00+09:00,1810.9300642449236,1810.9300642449236,1729.4382113539023,1783.76611328125,2500,0.0,0.0
2013-01-09 00:00:00+09:00,1774.7114359010686,1774.7114359010686,1738.4928351683939,1747.5474853515625,800,0.0,0.0
2013-01-10 00:00:00+09:00,1774.7113882211538,1774.7113882211538,1729.4381385216345,1765.65673828125,3900,0.0,0.0
2013-01-11 00:00:00+09:00,1810.9299879807693,1910.5311373197114,1810.9299879807693,1883.3671875,8200,0.0,0.0
2013-01-15 00:00:00+09:00,1874.3126956629412,1946.7499012924268,1856.2033942555697,1892.4219970703125,6500,0.0,0.0
2013-01-16 00:00:00+09:00,1955.8045785273605,2127.8429442311563,1937.6952768743295,2109.733642578125,9300,0.0,0.0
2013-01-17 00:00:00+09:00,2082.569468180339,2218.3892161051435,2019.186919148763,2173.115966796875,13000,0.0,0.0
2013-01-18 00:00:00+09:00,2173.116235977564,2173.116235977564,2109.7336790948852,2118.788330078125,3400,0.0,0.0
2013-01-21 00:00:00+09:00,2118.788330078125,2127.8429810613648,2064.460424178686,2118.788330078125,2700,0.0,0.0
2013-01-22 00:00:00+09:00,2118.788330078125,2118.788330078125,2118.788330078125,2118.788330078125,0,0.0,0.0
2013-01-23 00:00:00+09:00,1973.9136292363557,1973.9136292363557,1901.4764318331866,1928.640380859375,2900,0.0,0.0
2013-01-24 00:00:00+09:00,1901.4764700061949,2082.569467149642,1738.4927725770924,2055.405517578125,3900,0.0,0.0
2013-01-25 00:00:00+09:00,2037.2963515700997,2444.7556218841196,2001.0777497644092,2327.045166015625,32200,0.0,0.0
2013-01-28 00:00:00+09:00,2317.9902052238804,2453.809943811217,2218.389063593167,2426.64599609375,15500,0.0,0.0
2013-01-29 00:00:00+09:00,2426.6462376278914,2662.0671412783586,2390.427637066281,2544.356689453125,19800,0.0,0.0
2013-01-30 00:00:00+09:00,2571.520464409722,2879.3785481770833,2553.411165364583,2852.214599609375,21100,0.0,0.0
2013-01-31 00:00:00+09:00,2806.9414092734137,2969.9251040054182,2797.88675956608,2924.65185546875,11200,0.0,0.0
2013-02-01 00:00:00+09:00,2942.761407667591,2942.761407667591,2698.285844569052,2806.941650390625,7500,0.0,0.0
2013-02-04 00:00:00+09:00,2806.9417104252047,2806.9417104252047,2444.7556832735654,2761.66845703125,4900,0.0,0.0
2013-02-05 00:00:00+09:00,2544.3567863218245,2852.2149028162803,2544.3567863218245,2806.941650390625,5900,0.0,0.0
2013-02-06 00:00:00+09:00,2797.8866186523437,2797.8866186523437,2662.066879882813,2716.394775390625,1800,0.0,0.0
2013-02-07 00:00:00+09:00,2643.95814297686,2643.95814297686,2408.5372124378246,2616.794189453125,4300,0.0,0.0
2013-02-08 00:00:00+09:00,2499.0828161851414,2499.0828161851414,2308.9352106058373,2399.481689453125,6100,0.0,0.0
2013-02-12 00:00:00+09:00,2381.372674239309,2408.53662109375,2281.7715357730262,2408.53662109375,3900,0.0,0.0
2013-02-13 00:00:00+09:00,2399.4822764295213,2399.4822764295213,2127.8427734375,2127.8427734375,4500,0.0,0.0
2013-02-14 00:00:00+09:00,2173.1162109375,2354.209228515625,2082.5697021484375,2354.209228515625,4600,0.0,0.0
2013-02-15 00:00:00+09:00,2209.3345307849704,2281.771728515625,2073.5147850399926,2281.771728515625,4900,0.0,0.0
2013-02-18 00:00:00+09:00,2272.717263307089,2336.0998164670477,2218.389360598553,2327.045166015625,2700,0.0,0.0
2013-02-19 00:00:00+09:00,2354.2087624289775,2625.848235016936,2281.771569738855,2589.629638671875,18400,0.0,0.0
2013-02-20 00:00:00+09:00,2607.7393254950493,2743.55908203125,2544.3567724448226,2743.55908203125,23600,0.0,0.0
2013-02-21 00:00:00+09:00,2734.5047386220635,2825.051253145973,2671.1221784553272,2698.2861328125,10900,0.0,0.0
2013-02-22 00:00:00+09:00,2734.5044254351264,2861.26953125,2553.4114171281644,2861.26953125,11500,0.0,0.0
2013-02-25 00:00:00+09:00,2861.2692491319444,2897.487847222222,2770.72275390625,2852.214599609375,11800,0.0,0.0
2013-02-26 00:00:00+09:00,2834.10550607086,2852.2148064291405,2761.668304637739,2843.16015625,3600,0.0,0.0
2013-02-27 00:00:00+09:00,2843.160252331149,2852.2149028162803,2698.285844569052,2806.941650390625,3600,0.0,0.0
2013-02-28 00:00:00+09:00,2843.16015625,2843.16015625,2843.16015625,2843.16015625,200,0.0,0.0
2013-03-01 00:00:00+09:00,2698.285844569052,2806.941650390625,2698.285844569052,2806.941650390625,900,0.0,0.0
2013-03-04 00:00:00+09:00,2806.941650390625,2825.050951360887,2716.3951455393144,2806.941650390625,3100,0.0,0.0
2013-03-05 00:00:00+09:00,2806.9416350814768,2806.9416350814768,2671.1218785452766,2743.55908203125,1100,0.0,0.0
2013-03-06 00:00:00+09:00,2671.1218785452766,2743.55908203125,2671.1218785452766,2743.55908203125,800,0.0,0.0
2013-03-07 00:00:00+09:00,2707.3407842648908,2707.3407842648908,2698.2861328125,2698.2861328125,400,0.0,0.0
2013-03-08 00:00:00+09:00,2671.1213545365767,2788.831787109375,2607.7388139204545,2788.831787109375,3900,0.0,0.0
2013-03-11 00:00:00+09:00,2752.613637520358,2788.832238014047,2625.848535792447,2779.777587890625,1900,0.0,0.0
2013-03-12 00:00:00+09:00,2761.6680216471354,2761.6680216471354,2716.394775390625,2716.394775390625,500,0.0,0.0
2013-03-13 00:00:00+09:00,2716.394775390625,2716.394775390625,2716.394775390625,2716.394775390625,0,0.0,0.0
2013-03-14 00:00:00+09:00,2734.5041280455507,2734.5041280455507,2671.12158203125,2671.12158203125,500,0.0,0.0
2013-03-15 00:00:00+09:00,2680.176154543515,2689.23080371427,2653.01220703125,2653.01220703125,2100,0.0,0.0
2013-03-18 00:00:00+09:00,2607.739144736842,2607.739144736842,2535.30194627193,2580.5751953125,900,0.0,0.0
2013-03-19 00:00:00+09:00,2580.5751953125,2580.5751953125,2580.5751953125,2580.5751953125,100,0.0,0.0
2013-03-21 00:00:00+09:00,2580.575251988002,2580.575251988002,2535.302001953125,2535.302001953125,700,0.0,0.0
2013-03-22 00:00:00+09:00,2535.30194627193,2580.5751953125,2508.1379968475876,2580.5751953125,700,0.0,0.0
2013-03-25 00:00:00+09:00,2526.2472964638155,2580.5751953125,2526.2472964638155,2580.5751953125,1000,0.0,0.0
2013-03-26 00:00:00+09:00,2526.2474845583256,2526.2474845583256,2508.13818359375,2508.13818359375,1300,0.0,0.0
2013-03-27 00:00:00+09:00,2509.0439453125,2509.0439453125,2509.0439453125,2509.0439453125,0,1.0,0.0
2013-03-28 00:00:00+09:00,2518.101700044014,2572.44921875,2518.101700044014,2572.44921875,300,0.0,0.0
2013-03-29 00:00:00+09:00,2572.449522416078,2572.449522416078,2499.986155587456,2563.3916015625,800,0.0,0.0
2013-04-01 00:00:00+09:00,2563.3916015625,2563.3916015625,2563.3916015625,2563.3916015625,0,0.0,0.0
2013-04-02 00:00:00+09:00,2563.3916015625,2563.3916015625,2563.3916015625,2563.3916015625,0,0.0,0.0
2013-04-03 00:00:00+09:00,2563.3916015625,2563.3916015625,2563.3916015625,2563.3916015625,0,0.0,0.0
2013-04-04 00:00:00+09:00,2563.3916015625,2563.3916015625,2563.3916015625,2563.3916015625,0,0.0,0.0
2013-04-05 00:00:00+09:00,2536.217832941308,2536.217832941308,2527.159912109375,2527.159912109375,600,0.0,0.0
2013-04-08 00:00:00+09:00,2427.5226133089536,2572.449336491578,2427.5226133089536,2554.33349609375,700,0.0,0.0
2013-04-09 00:00:00+09:00,2527.15958381106,2653.970458984375,2454.696226569166,2653.970458984375,4600,0.0,0.0
2013-04-10 00:00:00+09:00,2644.9125874837237,2653.9705073038735,2536.217549641927,2608.680908203125,1600,0.0,0.0
2013-04-11 00:00:00+09:00,2608.681069494585,2608.681069494585,2472.8122637917418,2509.0439453125,1500,0.0,0.0
2013-04-12 00:00:00+09:00,2463.754191080729,2608.680908203125,2463.754191080729,2608.680908203125,1400,0.0,0.0
2013-04-15 00:00:00+09:00,2608.680908203125,2608.680908203125,2608.680908203125,2608.680908203125,100,0.0,0.0
2013-04-16 00:00:00+09:00,2608.680908203125,2608.680908203125,2608.680908203125,2608.680908203125,0,0.0,0.0
2013-04-17 00:00:00+09:00,2509.0439453125,2509.0439453125,2509.0439453125,2509.0439453125,100,0.0,0.0
2013-04-18 00:00:00+09:00,2509.0439453125,2509.0439453125,2509.0439453125,2509.0439453125,0,0.0,0.0
2013-04-19 00:00:00+09:00,2472.8118250229777,2472.8118250229777,2463.75390625,2463.75390625,400,0.0,0.0
2013-04-22 00:00:00+09:00,2391.290813337054,2536.217529296875,2382.232893589565,2536.217529296875,2500,0.0,0.0
2013-04-23 00:00:00+09:00,2490.927978515625,2490.927978515625,2490.927978515625,2490.927978515625,600,0.0,0.0
2013-04-24 00:00:00+09:00,2536.2173927436443,2717.3757779396187,2518.1015542240466,2672.086181640625,5900,0.0,0.0
2013-04-25 00:00:00+09:00,2608.6811079545455,2708.318233605587,2581.507346413352,2690.202392578125,1000,0.0,0.0
2013-04-26 00:00:00+09:00,2690.201913770989,3079.692426539179,2690.201913770989,3034.40283203125,14500,0.0,0.0
2013-04-30 00:00:00+09:00,3034.4034254807693,3034.4034254807693,2862.302932692308,2943.82421875,1800,0.0,0.0
2013-05-01 00:00:00+09:00,2717.3758250269398,2880.4183745285563,2608.680792025862,2626.796630859375,7200,0.0,0.0
2013-05-02 00:00:00+09:00,2617.7389140559676,2708.318115234375,2545.275553113242,2708.318115234375,3600,0.0,0.0
2013-05-07 00:00:00+09:00,2717.3761026748757,2780.781545070623,2599.623138225631,2735.491943359375,5600,0.0,0.0
2013-05-08 00:00:00+09:00,2717.375732421875,2735.491570638021,2617.738622233073,2717.375732421875,4600,0.0,0.0
2013-05-09 00:00:00+09:00,2653.9703891096447,2653.9703891096447,2599.622872609106,2626.796630859375,1600,0.0,0.0
2013-05-10 00:00:00+09:00,2644.9124576595277,2663.0282964106204,2590.56494140625,2590.56494140625,1100,0.0,0.0
2013-05-13 00:00:00+09:00,2581.5072068270906,2599.623046875,2554.3334467552268,2599.623046875,1600,0.0,0.0
2013-05-14 00:00:00+09:00,2554.3334782732663,2554.3334782732663,2400.3488359660128,2481.8701171875,4100,0.0,0.0
2013-05-15 00:00:00+09:00,2499.986069408815,2499.986069408815,2427.522705078125,2427.522705078125,1800,0.0,0.0
2013-05-16 00:00:00+09:00,2427.522646085037,2499.98600865474,2364.1172038365476,2436.58056640625,12400,0.0,0.0
2013-05-17 00:00:00+09:00,2463.754181338028,2572.44921875,2463.754181338028,2572.44921875,1800,0.0,0.0
2013-05-20 00:00:00+09:00,2644.912469692888,2644.912469692888,2590.564953192349,2626.796630859375,2700,0.0,0.0
2013-05-21 00:00:00+09:00,2644.912775059472,2807.955343385056,2599.6231727468103,2617.739013671875,7700,0.0,0.0
2013-05-22 00:00:00+09:00,2617.738919223312,2617.738919223312,2481.8701171875,2481.8701171875,4600,0.0,0.0
2013-05-23 00:00:00+09:00,2490.9277795862267,2509.0436179832177,2373.174830005787,2445.63818359375,4600,0.0,0.0
2013-05-24 00:00:00+09:00,2481.870344555105,2481.870344555105,2373.17529296875,2373.17529296875,1000,0.0,0.0
2013-05-27 00:00:00+09:00,2364.1168447265622,2364.1168447265622,2219.1901416015626,2264.479736328125,1600,0.0,0.0
2013-05-28 00:00:00+09:00,2219.190185546875,2219.190185546875,2219.190185546875,2219.190185546875,300,0.0,0.0
2013-05-29 00:00:00+09:00,2228.248291015625,2228.248291015625,2228.248291015625,2228.248291015625,400,0.0,0.0
2013-05-30 00:00:00+09:00,2373.174810666454,2445.638163663903,2219.190185546875,2219.190185546875,1600,0.0,0.0
2013-05-31 00:00:00+09:00,2219.190185546875,2219.190185546875,2219.190185546875,2219.190185546875,0,0.0,0.0
2013-06-03 00:00:00+09:00,2219.190185546875,2219.190185546875,2219.190185546875,2219.190185546875,0,0.0,0.0
2013-06-04 00:00:00+09:00,2264.4797811702806,2264.4797811702806,2182.9585090481505,2219.190185546875,600,0.0,0.0
2013-06-05 00:00:00+09:00,2173.9008869108607,2210.132568359375,2173.9008869108607,2210.132568359375,600,0.0,0.0
2013-06-06 00:00:00+09:00,2137.6691237229566,2137.6691237229566,1884.04736328125,1884.04736328125,1300,0.0,0.0
2013-06-07 00:00:00+09:00,1648.5415666090335,1666.6574080003415,1594.1940424351094,1657.5994873046875,1300,0.0,0.0
2013-06-10 00:00:00+09:00,1693.8309808498475,1856.87353515625,1693.8309808498475,1856.87353515625,1000,0.0,0.0
2013-06-11 00:00:00+09:00,1902.1632033128005,1902.1632033128005,1829.6998431865986,1884.04736328125,400,0.0,0.0
2013-06-12 00:00:00+09:00,1884.0471261160712,1902.1629638671875,1820.6416939871651,1902.1629638671875,700,0.0,0.0
2013-06-13 00:00:00+09:00,1893.1050449916295,1902.1629638671875,1893.1050449916295,1902.1629638671875,700,0.0,0.0
2013-06-14 00:00:00+09:00,1902.1629638671875,1902.1629638671875,1902.1629638671875,1902.1629638671875,0,0.0,0.0
2013-06-17 00:00:00+09:00,1902.1629638671875,1902.1629638671875,1902.1629638671875,1902.1629638671875,0,0.0,0.0
2013-06-18 00:00:00+09:00,1902.1629638671875,1902.1629638671875,1902.1629638671875,1902.1629638671875,0,0.0,0.0
2013-06-19 00:00:00+09:00,1902.1629638671875,1902.1629638671875,1902.1629638671875,1902.1629638671875,100,0.0,0.0
2013-06-20 00:00:00+09:00,1902.1629638671875,1902.1629638671875,1902.1629638671875,1902.1629638671875,0,0.0,0.0
2013-06-21 00:00:00+09:00,1784.410172485953,1838.7576904296875,1784.410172485953,1838.7576904296875,300,0.0,0.0
2013-06-24 00:00:00+09:00,1884.0472774026382,1884.0472774026382,1793.4680813736652,1802.5260009765625,400,0.0,0.0
2013-06-25 00:00:00+09:00,1757.2364399157073,1757.2364399157073,1721.0047607421875,1721.0047607421875,1100,0.0,0.0
2013-06-26 00:00:00+09:00,1693.8309266786318,1693.8309266786318,1675.715087890625,1675.715087890625,1000,0.0,0.0
2013-06-27 00:00:00+09:00,1630.4254667637713,1630.4254667637713,1603.251708984375,1603.251708984375,200,0.0,0.0
2013-06-28 00:00:00+09:00,1693.8310013620476,1721.0047607421875,1693.8310013620476,1721.0047607421875,200,0.0,0.0
2013-07-01 00:00:00+09:00,1721.0047607421875,1721.0047607421875,1721.0047607421875,1721.0047607421875,0,0.0,0.0
2013-07-02 00:00:00+09:00,1766.2945525016191,1766.2945525016191,1702.889107027202,1748.1787109375,300,0.0,0.0
2013-07-03 00:00:00+09:00,1766.29443359375,1766.29443359375,1766.29443359375,1766.29443359375,600,0.0,0.0
2013-07-04 00:00:00+09:00,1766.294317100254,1784.41015625,1721.0047192258885,1784.41015625,2100,0.0,0.0
2013-07-05 00:00:00+09:00,1784.4104550679526,1811.584218343099,1730.0629285176597,1739.120849609375,1500,0.0,0.0
2013-07-08 00:00:00+09:00,1739.1205741995072,1838.7576904296875,1739.1205741995072,1838.7576904296875,400,0.0,0.0
2013-07-09 00:00:00+09:00,1775.352236675127,1793.4680758248733,1730.0626388007615,1784.41015625,1200,0.0,0.0
2013-07-10 00:00:00+09:00,1802.5260388826068,1802.5260388826068,1721.0047607421875,1721.0047607421875,1400,0.0,0.0
2013-07-11 00:00:00+09:00,1766.294384765625,1811.583984375,1766.294384765625,1811.583984375,800,0.0,0.0
2013-07-12 00:00:00+09:00,1811.583984375,1811.583984375,1811.583984375,1811.583984375,800,0.0,0.0
2013-07-16 00:00:00+09:00,1820.641845703125,1820.641845703125,1820.641845703125,1820.641845703125,400,0.0,0.0
2013-07-17 00:00:00+09:00,1829.6997707723983,1838.7576904296875,1829.6997707723983,1838.7576904296875,600,0.0,0.0
2013-07-18 00:00:00+09:00,1838.757744140625,1838.757744140625,1811.583984375,1811.583984375,900,0.0,0.0
2013-07-19 00:00:00+09:00,1811.583984375,1820.6419042968748,1811.583984375,1811.583984375,600,0.0,0.0
2013-07-22 00:00:00+09:00,1811.583984375,1811.583984375,1811.583984375,1811.583984375,0,0.0,0.0
2013-07-23 00:00:00+09:00,1820.641845703125,1820.641845703125,1820.641845703125,1820.641845703125,100,0.0,0.0
2013-07-24 00:00:00+09:00,1820.641845703125,1820.641845703125,1820.641845703125,1820.641845703125,0,0.0,0.0
2013-07-25 00:00:00+09:00,1811.583984375,1811.583984375,1811.583984375,1811.583984375,400,0.0,0.0
2013-07-26 00:00:00+09:00,1784.4102739383013,1784.4102739383013,1766.29443359375,1766.29443359375,400,0.0,0.0
2013-07-29 00:00:00+09:00,1721.0046848606419,1721.0046848606419,1675.715087890625,1675.715087890625,400,0.0,0.0
2013-07-30 00:00:00+09:00,1702.888910765289,1702.888910765289,1684.7730712890625,1684.7730712890625,400,0.0,0.0
2013-07-31 00:00:00+09:00,1802.5260739793964,1847.815673828125,1802.5260739793964,1847.815673828125,400,0.0,0.0
2013-08-01 00:00:00+09:00,1847.815902709961,1847.815902709961,1693.8312441507976,1739.120849609375,1600,0.0,0.0
2013-08-02 00:00:00+09:00,1739.120849609375,1739.120849609375,1739.120849609375,1739.120849609375,0,0.0,0.0
2013-08-05 00:00:00+09:00,1739.120849609375,1739.120849609375,1739.120849609375,1739.120849609375,0,0.0,0.0
2013-08-06 00:00:00+09:00,1739.120849609375,1739.120849609375,1739.120849609375,1739.120849609375,100,0.0,0.0
2013-08-07 00:00:00+09:00,1739.120849609375,1739.120849609375,1739.120849609375,1739.120849609375,0,0.0,0.0
2013-08-08 00:00:00+09:00,1739.120849609375,1739.120849609375,1739.120849609375,1739.120849609375,100,0.0,0.0
2013-08-09 00:00:00+09:00,1693.8311767578125,1693.8311767578125,1693.8311767578125,1693.8311767578125,100,0.0,0.0
2013-08-12 00:00:00+09:00,1721.0048708708389,1721.0048708708389,1666.6573486328125,1666.6573486328125,400,0.0,0.0
2013-08-13 00:00:00+09:00,1666.657156422652,1666.657156422652,1639.4833984375,1639.4833984375,400,0.0,0.0
2013-08-14 00:00:00+09:00,1639.4834621555203,1648.5413818359375,1639.4834621555203,1648.5413818359375,600,0.0,0.0
2013-08-15 00:00:00+09:00,1684.7731893788214,1684.7731893788214,1666.6573486328125,1666.6573486328125,600,0.0,0.0
2013-08-16 00:00:00+09:00,1702.8890380859375,1702.8890380859375,1702.8890380859375,1702.8890380859375,100,0.0,0.0
2013-08-19 00:00:00+09:00,1721.004878916639,1721.004878916639,1702.8890380859375,1702.8890380859375,200,0.0,0.0
2013-08-20 00:00:00+09:00,1702.8890380859375,1702.8890380859375,1702.8890380859375,1702.8890380859375,200,0.0,0.0
2013-08-21 00:00:00+09:00,1702.8890380859375,1702.8890380859375,1702.8890380859375,1702.8890380859375,0,0.0,0.0
2013-08-22 00:00:00+09:00,1657.599428259808,1666.6573486328125,1657.599428259808,1666.6573486328125,200,0.0,0.0
2013-08-23 00:00:00+09:00,1657.5994873046875,1657.5994873046875,1657.5994873046875,1657.5994873046875,100,0.0,0.0
2013-08-26 00:00:00+09:00,1684.7732493916496,1684.7732493916496,1657.5994873046875,1657.5994873046875,300,0.0,0.0
2013-08-27 00:00:00+09:00,1639.4833984375,1639.4833984375,1639.4833984375,1639.4833984375,100,0.0,0.0
2013-08-28 00:00:00+09:00,1594.193795827514,1621.3675537109375,1539.846280060667,1621.3675537109375,1500,0.0,0.0
2013-08-29 00:00:00+09:00,1621.3675537109375,1621.3675537109375,1621.3675537109375,1621.3675537109375,800,0.0,0.0
2013-08-30 00:00:00+09:00,1621.3675537109375,1621.3675537109375,1621.3675537109375,1621.3675537109375,0,0.0,0.0
2013-09-02 00:00:00+09:00,1621.3675537109375,1621.3675537109375,1621.3675537109375,1621.3675537109375,300,0.0,0.0
2013-09-03 00:00:00+09:00,1621.3675537109375,1621.3675537109375,1621.3675537109375,1621.3675537109375,300,0.0,0.0
2013-09-04 00:00:00+09:00,1621.3675537109375,1621.3675537109375,1621.3675537109375,1621.3675537109375,300,0.0,0.0
2013-09-05 00:00:00+09:00,1621.3675537109375,1621.3675537109375,1621.3675537109375,1621.3675537109375,0,0.0,0.0
2013-09-06 00:00:00+09:00,1621.3675537109375,1621.3675537109375,1621.3675537109375,1621.3675537109375,0,0.0,0.0
2013-09-09 00:00:00+09:00,1666.6573486328125,1666.6573486328125,1666.6573486328125,1666.6573486328125,100,0.0,0.0
2013-09-10 00:00:00+09:00,1711.9468994140625,1711.9468994140625,1711.9468994140625,1711.9468994140625,100,0.0,0.0
2013-09-11 00:00:00+09:00,1757.2364501953125,1757.2364501953125,1757.2364501953125,1757.2364501953125,100,0.0,0.0
2013-09-12 00:00:00+09:00,1739.120849609375,1739.120849609375,1739.120849609375,1739.120849609375,100,0.0,0.0
2013-09-13 00:00:00+09:00,1739.120849609375,1739.120849609375,1739.120849609375,1739.120849609375,0,0.0,0.0
2013-09-17 00:00:00+09:00,1757.2366317195595,1757.2366317195595,1748.1787109375,1748.1787109375,200,0.0,0.0
2013-09-18 00:00:00+09:00,1702.8890974891378,1702.8890974891378,1693.8311767578125,1693.8311767578125,500,0.0,0.0
2013-09-19 00:00:00+09:00,1693.8311767578125,1693.8311767578125,1693.8311767578125,1693.8311767578125,200,0.0,0.0
2013-09-20 00:00:00+09:00,1684.7732493916496,1702.8890907829577,1657.5994873046875,1657.5994873046875,1000,0.0,0.0
2013-09-24 00:00:00+09:00,1657.5992491026184,1675.715087890625,1657.5992491026184,1675.715087890625,600,0.0,0.0
2013-09-25 00:00:00+09:00,1702.8890907829577,1702.8890907829577,1657.5994873046875,1657.5994873046875,1000,0.0,0.0
2013-09-26 00:00:00+09:00,1693.8311097518258,1721.0048708708389,1666.6573486328125,1666.6573486328125,600,0.0,0.0
2013-09-27 00:00:00+09:00,1702.8890380859375,1702.8890380859375,1702.8890380859375,1702.8890380859375,100,0.0,0.0
2013-09-30 00:00:00+09:00,1702.8890380859375,1702.8890380859375,1702.8890380859375,1702.8890380859375,0,0.0,0.0
2013-10-01 00:00:00+09:00,1702.8890380859375,1702.8890380859375,1702.8890380859375,1702.8890380859375,0,0.0,0.0
2013-10-02 00:00:00+09:00,1684.7731893788214,1684.7731893788214,1666.6573486328125,1666.6573486328125,900,0.0,0.0
2013-10-03 00:00:00+09:00,1639.4833984375,1675.7150757510358,1639.4833984375,1639.4833984375,300,0.0,0.0
2013-10-04 00:00:00+09:00,1630.4255316230688,1630.4255316230688,1612.3096923828125,1612.3096923828125,200,0.0,0.0
2013-10-07 00:00:00+09:00,1567.02003194518,1603.251708984375,1567.02003194518,1603.251708984375,200,0.0,0.0
2013-10-08 00:00:00+09:00,1621.3676007150234,1621.3676007150234,1576.0780029296875,1576.0780029296875,500,0.0,0.0
2013-10-09 00:00:00+09:00,1548.9042846679686,1721.0047607421875,1548.9042846679686,1721.0047607421875,2400,0.0,0.0
2013-10-10 00:00:00+09:00,2173.90087890625,2173.90087890625,2173.90087890625,2173.90087890625,2500,0.0,0.0
2013-10-11 00:00:00+09:00,2717.376013647152,2717.376013647152,2047.0899302808543,2146.72705078125,31300,0.0,0.0
2013-10-15 00:00:00+09:00,2210.1323349738436,2219.190254379474,2010.8581080499725,2056.147705078125,3700,0.0,0.0
2013-10-16 00:00:00+09:00,2010.858207807149,2010.858207807149,1956.510688677226,1983.6844482421875,1400,0.0,0.0
2013-10-17 00:00:00+09:00,1974.6267187935964,2083.3217675345286,1974.6267187935964,2028.9742431640625,2300,0.0,0.0
2013-10-18 00:00:00+09:00,1974.626486449115,2101.437361725664,1974.626486449115,2047.08984375,1300,0.0,0.0
2013-10-21 00:00:00+09:00,2047.0898543648098,2083.321533203125,2010.8581755264945,2083.321533203125,900,0.0,0.0
2013-10-22 00:00:00+09:00,2028.9740982768692,2083.3216187664284,1938.3948974609375,1938.3948974609375,1700,0.0,0.0
2013-10-23 00:00:00+09:00,1983.6845366379312,2101.4375,1983.6845366379312,2101.4375,3300,0.0,0.0
2013-10-24 00:00:00+09:00,2119.5531644780585,2128.611083984375,2038.03188892121,2128.611083984375,2000,0.0,0.0
2013-10-25 00:00:00+09:00,2137.6691213452254,2137.6691213452254,2110.495361328125,2110.495361328125,400,0.0,0.0
2013-10-28 00:00:00+09:00,2038.03188892121,2128.611083984375,2038.03188892121,2128.611083984375,400,0.0,0.0
2013-10-29 00:00:00+09:00,2074.2636813053246,2110.495361328125,2065.2057612996246,2110.495361328125,700,0.0,0.0
2013-10-30 00:00:00+09:00,2083.3216104628164,2146.72705078125,2074.263690417326,2146.72705078125,900,0.0,0.0
2013-10-31 00:00:00+09:00,2137.668925702811,2300.711470883534,2137.668925702811,2255.421875,5400,0.0,0.0
2013-11-01 00:00:00+09:00,2264.4801064143107,2291.6538676912824,2173.900902157738,2282.595947265625,5300,0.0,0.0
2013-11-05 00:00:00+09:00,2282.595530790441,2481.869743795956,2273.5376120174633,2463.75390625,19400,0.0,0.0
2013-11-06 00:00:00+09:00,2463.7542089483395,2490.927968605858,2336.943330546587,2454.6962890625,10300,0.0,0.0
2013-11-07 00:00:00+09:00,2427.5225784187032,2463.7542586936092,2382.2329780750706,2409.40673828125,2900,0.0,0.0
2013-11-08 00:00:00+09:00,2346.0012697234865,2355.059189683809,2255.4220701202635,2300.711669921875,2200,0.0,0.0
2013-11-11 00:00:00+09:00,2300.7117881169397,2327.8855493939113,2282.595947265625,2282.595947265625,1400,0.0,0.0
2013-11-12 00:00:00+09:00,2327.8852778596697,2400.3486328125,2219.1902454304245,2400.3486328125,2300,0.0,0.0
2013-11-13 00:00:00+09:00,2382.2327940742925,2400.3486328125,2373.174874705189,2400.3486328125,800,0.0,0.0
2013-11-14 00:00:00+09:00,2400.3487697474634,2472.812128834179,2346.0012504324263,2454.6962890625,3300,0.0,0.0
2013-11-15 00:00:00+09:00,2454.696298828125,2490.927978515625,2400.348779296875,2490.927978515625,4400,0.0,0.0
2013-11-18 00:00:00+09:00,2472.8122216606885,2472.8122216606885,2327.885498046875,2327.885498046875,1400,0.0,0.0
2013-11-19 00:00:00+09:00,2373.1751241577604,2436.58056640625,2327.8855225516963,2436.58056640625,1000,0.0,0.0
2013-11-20 00:00:00+09:00,2373.1753528346503,2373.1753528346503,2327.8857468645238,2364.117431640625,600,0.0,0.0
2013-11-21 00:00:00+09:00,2318.8277671755723,2373.17529296875,2318.8277671755723,2373.17529296875,700,0.0,0.0
2013-11-22 00:00:00+09:00,2373.17499034577,2382.23291015625,2373.17499034577,2382.23291015625,300,0.0,0.0
2013-11-25 00:00:00+09:00,2382.23291015625,2382.23291015625,2382.23291015625,2382.23291015625,100,0.0,0.0
2013-11-26 00:00:00+09:00,2382.23321393428,2382.23321393428,2309.769846210043,2373.17529296875,300,0.0,0.0
2013-11-27 00:00:00+09:00,2255.4218173828126,2291.6534931640626,2228.248060546875,2264.479736328125,3300,0.0,0.0
2013-11-28 00:00:00+09:00,2327.885498046875,2327.885498046875,2327.885498046875,2327.885498046875,100,0.0,0.0
2013-11-29 00:00:00+09:00,2309.7697085425966,2309.7697085425966,2155.785061306424,2282.595947265625,3800,0.0,0.0
2013-12-02 00:00:00+09:00,2210.132535110652,2327.885498046875,2210.132535110652,2327.885498046875,500,0.0,0.0
2013-12-03 00:00:00+09:00,2346.001338498602,2391.2909396279183,2318.827577821012,2327.885498046875,2700,0.0,0.0
2013-12-04 00:00:00+09:00,2327.885498046875,2327.885498046875,2327.885498046875,2327.885498046875,0,0.0,0.0
2013-12-05 00:00:00+09:00,2327.885498046875,2327.885498046875,2327.885498046875,2327.885498046875,0,0.0,0.0
2013-12-06 00:00:00+09:00,2327.885498046875,2327.885498046875,2327.885498046875,2327.885498046875,0,0.0,0.0
2013-12-09 00:00:00+09:00,2327.885168945312,2327.885168945312,2264.479736328125,2264.479736328125,800,0.0,0.0
2013-12-10 00:00:00+09:00,2264.4800564658317,2327.885498046875,2192.016694658925,2327.885498046875,1400,0.0,0.0
2013-12-11 00:00:00+09:00,2336.943359375,2336.943359375,2336.943359375,2336.943359375,100,0.0,0.0
2013-12-12 00:00:00+09:00,2336.943087890625,2336.943087890625,2182.9584658203125,2264.479736328125,1200,0.0,0.0
2013-12-13 00:00:00+09:00,2264.479736328125,2264.479736328125,2264.479736328125,2264.479736328125,0,0.0,0.0
2013-12-16 00:00:00+09:00,2192.0166314137555,2192.0166314137555,2074.263671875,2074.263671875,4600,0.0,0.0
2013-12-17 00:00:00+09:00,2074.2637552897136,2173.90087890625,2038.0320739746094,2173.90087890625,2700,0.0,0.0
2013-12-18 00:00:00+09:00,2164.842958577474,2173.90087890625,2164.842958577474,2173.90087890625,2100,0.0,0.0
2013-12-19 00:00:00+09:00,2173.90087890625,2173.90087890625,2173.90087890625,2173.90087890625,0,0.0,0.0
2013-12-20 00:00:00+09:00,2047.0896288227832,2119.552978515625,2047.0896288227832,2119.552978515625,1000,0.0,0.0
2013-12-24 00:00:00+09:00,2173.9008706302966,2173.9008706302966,1992.7424647444386,2137.669189453125,4100,0.0,0.0
2013-12-25 00:00:00+09:00,2065.2057703718356,2219.190411145174,2065.2057703718356,2146.72705078125,3500,0.0,0.0
2013-12-26 00:00:00+09:00,2219.1905188927285,2400.3489285982573,2137.6692345252404,2355.059326171875,3200,0.0,0.0
2013-12-27 00:00:00+09:00,2282.5959622896635,2409.406849083534,2282.5959622896635,2355.059326171875,600,0.0,0.0
2013-12-30 00:00:00+09:00,2355.05915072481,2409.4066695876904,2309.7695516724098,2382.23291015625,800,0.0,0.0
2014-01-06 00:00:00+09:00,2309.7695993822676,2336.943359375,2264.47999939438,2336.943359375,800,0.0,0.0
2014-01-07 00:00:00+09:00,2336.943359375,2336.943359375,2336.943359375,2336.943359375,0,0.0,0.0
2014-01-08 00:00:00+09:00,2327.885381161016,2364.117060245234,2309.7695416189067,2346.001220703125,1900,0.0,0.0
2014-01-09 00:00:00+09:00,2364.117211645776,2481.8701762105084,2364.117211645776,2472.812255859375,5100,0.0,0.0
2014-01-10 00:00:00+09:00,2463.7542465156794,2672.0864070666375,2445.63840646777,2599.623046875,15200,0.0,0.0
2014-01-14 00:00:00+09:00,2581.5072159914625,2699.260176720898,2499.9859354864693,2635.854736328125,7100,0.0,0.0
2014-01-15 00:00:00+09:00,2644.9125393291383,2672.0862982948483,2545.2754231215335,2653.970458984375,1600,0.0,0.0
2014-01-16 00:00:00+09:00,2581.5072068270906,2644.9126469947737,2545.275526731272,2599.623046875,4000,0.0,0.0
2014-01-17 00:00:00+09:00,2545.275449044364,2590.565047781808,2472.8120910644534,2536.217529296875,1800,0.0,0.0
2014-01-20 00:00:00+09:00,2518.101839857037,2717.376086176658,2518.101839857037,2663.028564453125,3600,0.0,0.0
2014-01-21 00:00:00+09:00,2626.796857685062,2672.086458679632,2554.33349609375,2554.33349609375,2400,0.0,0.0
2014-01-22 00:00:00+09:00,2608.6810172872338,2608.6810172872338,2445.638453706782,2554.33349609375,5200,0.0,0.0
2014-01-23 00:00:00+09:00,2481.8703079497086,2536.217832941308,2481.8703079497086,2527.159912109375,1100,0.0,0.0
2014-01-24 00:00:00+09:00,2490.9280461373087,2527.159726808397,2409.4067646273606,2518.101806640625,4100,0.0,0.0
2014-01-27 00:00:00+09:00,2445.638331821987,2617.7388070242746,2427.522492327009,2536.217529296875,3000,0.0,0.0
2014-01-28 00:00:00+09:00,2608.6811840503246,2789.839599609375,2536.2178178267045,2789.839599609375,6400,0.0,0.0
2014-01-29 00:00:00+09:00,2708.318046776024,2717.375966664907,2608.680927998311,2681.144287109375,8600,0.0,0.0
2014-01-30 00:00:00+09:00,2617.7390424884734,2762.665771484375,2581.507360239498,2762.665771484375,6500,0.0,0.0
2014-01-31 00:00:00+09:00,2672.0861105722925,2690.2019486100708,2490.92773019451,2644.912353515625,7000,0.0,0.0
2014-02-03 00:00:00+09:00,2572.4493959908805,2771.72364497609,2536.217714357206,2545.275634765625,7700,0.0,0.0
2014-02-04 00:00:00+09:00,2327.8853318599236,2581.507080078125,2291.6536535430373,2581.507080078125,7000,0.0,0.0
2014-02-05 00:00:00+09:00,2436.58019333743,2436.58019333743,2237.3059767819523,2418.46435546875,10400,0.0,0.0
2014-02-06 00:00:00+09:00,2346.001373791304,2391.2909756019467,2119.5533647380894,2210.132568359375,7400,0.0,0.0
2014-02-07 00:00:00+09:00,2282.595947265625,2300.7117881169397,2128.6113000294517,2282.595947265625,5000,0.0,0.0
2014-02-10 00:00:00+09:00,2282.596083313454,2373.17529296875,2192.016873658158,2373.17529296875,4800,0.0,0.0
2014-02-12 00:00:00+09:00,2373.174830005787,2445.63818359375,2364.116910807292,2445.63818359375,3700,0.0,0.0
2014-02-13 00:00:00+09:00,2373.1747607970506,2418.46435546875,2346.001003994031,2418.46435546875,1200,0.0,0.0
2014-02-14 00:00:00+09:00,2391.2910229127797,2509.0439899501516,2309.769738040753,2427.522705078125,4600,0.0,0.0
2014-02-17 00:00:00+09:00,2436.5804589843747,2545.275498046875,2436.5804589843747,2490.927978515625,1100,0.0,0.0
2014-02-18 00:00:00+09:00,2445.6383691766605,2463.7542089483395,2409.406689633303,2454.6962890625,1000,0.0,0.0
2014-02-19 00:00:00+09:00,2463.75390625,2463.75390625,2436.580149931066,2463.75390625,600,0.0,0.0
2014-02-20 00:00:00+09:00,2418.464609519142,2490.927968605858,2418.464609519142,2454.6962890625,2500,0.0,0.0
2014-02-21 00:00:00+09:00,2454.695987477022,2481.869743795956,2445.638068704044,2463.75390625,600,0.0,0.0
2014-02-24 00:00:00+09:00,2481.8701171875,2481.8701171875,2472.812197051779,2481.8701171875,400,0.0,0.0
2014-02-25 00:00:00+09:00,2481.869743795956,2481.869743795956,2418.46431238511,2463.75390625,1100,0.0,0.0
2014-02-26 00:00:00+09:00,2463.75390625,2463.75390625,2463.75390625,2463.75390625,0,0.0,0.0
2014-02-27 00:00:00+09:00,2463.75390625,2463.75390625,2463.75390625,2463.75390625,0,0.0,0.0
2014-02-28 00:00:00+09:00,2418.4647845367886,2427.522705078125,2391.2910229127797,2427.522705078125,700,0.0,0.0
2014-03-03 00:00:00+09:00,2409.4068134014424,2472.812255859375,2400.348893050309,2472.812255859375,400,0.0,0.0
2014-03-04 00:00:00+09:00,2454.6964070486756,2454.6964070486756,2436.58056640625,2436.58056640625,500,0.0,0.0
2014-03-05 00:00:00+09:00,2454.6962890625,2454.6962890625,2454.6962890625,2454.6962890625,100,0.0,0.0
2014-03-06 00:00:00+09:00,2445.6385102730205,2554.3335551740433,2445.6385102730205,2545.275634765625,4100,0.0,0.0
2014-03-07 00:00:00+09:00,2536.217646976169,2536.217646976169,2472.812205801765,2518.101806640625,3900,0.0,0.0
2014-03-10 00:00:00+09:00,2499.985698784722,2499.985698784722,2409.4065067997685,2445.63818359375,2600,0.0,0.0
2014-03-11 00:00:00+09:00,2445.638229658019,2481.869907134434,2355.0590359669814,2400.3486328125,3700,0.0,0.0
2014-03-12 00:00:00+09:00,2400.348691073331,2409.4066106622868,2264.4798972389917,2391.290771484375,5900,0.0,0.0
2014-03-13 00:00:00+09:00,2327.8854893620305,2327.8854893620305,2264.4800480175395,2291.65380859375,2800,0.0,0.0
2014-03-14 00:00:00+09:00,2219.190185546875,2246.3639429209184,2173.9005899234694,2219.190185546875,2900,0.0,0.0
2014-03-17 00:00:00+09:00,2173.9009452160494,2201.07470703125,2155.785104005916,2201.07470703125,3400,0.0,0.0
2014-03-18 00:00:00+09:00,2210.132500486255,2219.1904205702153,2173.9008201504153,2182.958740234375,1100,0.0,0.0
2014-03-19 00:00:00+09:00,2246.3641593992247,2346.0012793725773,2237.3062394016474,2336.943359375,2700,0.0,0.0
2014-03-20 00:00:00+09:00,2391.2905717329545,2391.2905717329545,2182.958438589553,2192.016357421875,3600,0.0,0.0
2014-03-24 00:00:00+09:00,2237.305951583484,2246.3638704158056,2192.016357421875,2192.016357421875,500,0.0,0.0
2014-03-25 00:00:00+09:00,2246.363955823293,2255.421875,2246.363955823293,2255.421875,300,0.0,0.0
2014-03-26 00:00:00+09:00,2228.248060546875,2264.479736328125,2228.248060546875,2264.479736328125,400,0.0,0.0
2014-03-27 00:00:00+09:00,2220.967109375,2266.29296875,2220.967109375,2266.29296875,300,2.0,0.0
2014-03-28 00:00:00+09:00,2266.29296875,2266.29296875,2266.29296875,2266.29296875,100,0.0,0.0
2014-03-31 00:00:00+09:00,2257.2278504859746,2302.5537109375,2257.2278504859746,2302.5537109375,1000,0.0,0.0
2014-04-01 00:00:00+09:00,2302.5534541377315,2447.59619140625,2302.5534541377315,2447.59619140625,1900,0.0,0.0
2014-04-02 00:00:00+09:00,2393.205336084906,2447.5963664504716,2384.1401643573113,2402.2705078125,1800,0.0,0.0
2014-04-03 00:00:00+09:00,2366.009996619591,2447.5965482271636,2356.94482421875,2356.94482421875,1800,0.0,0.0
2014-04-04 00:00:00+09:00,2338.814745721016,2375.075439453125,2320.6843988549617,2375.075439453125,1200,0.0,0.0
2014-04-07 00:00:00+09:00,2320.684095330739,2420.400990051982,2320.684095330739,2329.749267578125,1300,0.0,0.0
2014-04-08 00:00:00+09:00,2338.8143057193397,2402.2705078125,2338.8143057193397,2402.2705078125,2100,0.0,0.0
2014-04-09 00:00:00+09:00,2393.205336084906,2420.4008512676887,2347.879477446934,2402.2705078125,900,0.0,0.0
2014-04-10 00:00:00+09:00,2393.205322265625,2429.4660089666195,2347.8794638893824,2393.205322265625,2800,0.0,0.0
2014-04-11 00:00:00+09:00,2320.6843507751937,2338.814697265625,2293.488831039547,2338.814697265625,1400,0.0,0.0
2014-04-14 00:00:00+09:00,2347.879337086397,2465.7265625,2347.879337086397,2465.7265625,1600,0.0,0.0
2014-04-15 00:00:00+09:00,2429.465849247685,2447.59619140625,2429.465849247685,2447.59619140625,200,0.0,0.0
2014-04-16 00:00:00+09:00,2456.662010165912,2610.769959143109,2438.531663227418,2565.444091796875,4300,0.0,0.0
2014-04-17 00:00:00+09:00,2547.313463483538,2592.639325823103,2501.9876011439733,2538.248291015625,2100,0.0,0.0
2014-04-18 00:00:00+09:00,2529.1828422934323,2674.2255859375,2529.1828422934323,2674.2255859375,6300,0.0,0.0
2014-04-21 00:00:00+09:00,2647.030071504237,2674.2255859375,2538.2480137711864,2674.2255859375,11400,0.0,0.0
2014-04-22 00:00:00+09:00,2674.225878034319,2674.225878034319,2538.248291015625,2538.248291015625,8400,0.0,0.0
2014-04-23 00:00:00+09:00,2393.2055315290177,2538.248291015625,2329.749324253627,2538.248291015625,7600,0.0,0.0
2014-04-24 00:00:00+09:00,2447.5962201286766,2574.508616727941,2447.5962201286766,2465.7265625,4500,0.0,0.0
2014-04-25 00:00:00+09:00,2456.661826973531,2456.661826973531,2375.0752718341882,2429.46630859375,1500,0.0,0.0
2014-04-28 00:00:00+09:00,2356.9445082720586,2356.9445082720586,2293.4883099724266,2311.61865234375,1100,0.0,0.0
2014-04-30 00:00:00+09:00,2311.61865234375,2347.879337086397,2302.5534811580883,2311.61865234375,1300,0.0,0.0
2014-05-01 00:00:00+09:00,2311.618962214543,2356.94482421875,2311.618962214543,2356.94482421875,700,0.0,0.0
2014-05-02 00:00:00+09:00,2356.944438348549,2420.400634765625,2356.944438348549,2420.400634765625,700,0.0,0.0
2014-05-07 00:00:00+09:00,2356.9446218512358,2384.14013671875,2320.6839353612168,2384.14013671875,500,0.0,0.0
2014-05-08 00:00:00+09:00,2284.423694404824,2293.488867795319,2139.3809201568984,2184.706787109375,5200,0.0,0.0
2014-05-09 00:00:00+09:00,2202.836806017287,2202.836806017287,2094.0547415226065,2130.3154296875,5900,0.0,0.0
2014-05-12 00:00:00+09:00,2157.51094581117,2175.641289893617,2130.3154296875,2130.3154296875,500,0.0,0.0
2014-05-13 00:00:00+09:00,2166.5760761129445,2166.5760761129445,2066.8591855805494,2103.119873046875,1000,0.0,0.0
2014-05-14 00:00:00+09:00,2075.9245476973683,2075.9245476973683,2066.859375,2066.859375,400,0.0,0.0
2014-05-15 00:00:00+09:00,2066.8594130478896,2094.054931640625,2066.8594130478896,2094.054931640625,500,0.0,0.0
2014-05-16 00:00:00+09:00,2075.9245476973683,2075.9245476973683,2066.859375,2066.859375,200,0.0,0.0
2014-05-19 00:00:00+09:00,2039.6638569078948,2066.859375,1994.3379934210527,2066.859375,3400,0.0,0.0
2014-05-20 00:00:00+09:00,1994.3379934210527,2066.859375,1912.7514391447369,2066.859375,2200,0.0,0.0
2014-05-21 00:00:00+09:00,2039.663889613087,2039.663889613087,1930.8818155003887,2003.4031982421875,1400,0.0,0.0
2014-05-22 00:00:00+09:00,2003.4031982421875,2003.4031982421875,2003.4031982421875,2003.4031982421875,0,0.0,0.0
2014-05-23 00:00:00+09:00,2003.4029814715877,2021.5333251953125,1994.3378096097254,2021.5333251953125,500,0.0,0.0
2014-05-26 00:00:00+09:00,2021.5333251953125,2021.5333251953125,2021.5333251953125,2021.5333251953125,300,0.0,0.0
2014-05-27 00:00:00+09:00,1967.1425437927246,2030.5987548828125,1967.1425437927246,2030.5987548828125,200,0.0,0.0
2014-05-28 00:00:00+09:00,1985.272705078125,1985.272705078125,1985.272705078125,1985.272705078125,100,0.0,0.0
2014-05-29 00:00:00+09:00,1967.1423819952927,2175.641344142259,1921.8165206589956,2166.576171875,2700,0.0,0.0
2014-05-30 00:00:00+09:00,2166.576171875,2166.576171875,2166.576171875,2166.576171875,200,0.0,0.0
2014-06-02 00:00:00+09:00,2166.576171875,2166.576171875,2166.576171875,2166.576171875,0,0.0,0.0
2014-06-03 00:00:00+09:00,2084.989501953125,2148.445704186481,2012.4681279721467,2084.989501953125,4800,0.0,0.0
2014-06-04 00:00:00+09:00,2039.6638313225942,2048.72900390625,2030.5986587389382,2048.72900390625,300,0.0,0.0
2014-06-05 00:00:00+09:00,2030.5984970571749,2030.5984970571749,2021.5333251953125,2021.5333251953125,300,0.0,0.0
2014-06-06 00:00:00+09:00,2021.5333251953125,2021.5333251953125,2021.5333251953125,2021.5333251953125,500,0.0,0.0
2014-06-09 00:00:00+09:00,2003.4031854802913,2003.4031854802913,1976.207667125355,1994.3380126953125,1700,0.0,0.0
2014-06-10 00:00:00+09:00,1994.3380126953125,1994.3380126953125,1994.3380126953125,1994.3380126953125,700,0.0,0.0
2014-06-11 00:00:00+09:00,2021.5333251953125,2021.5333251953125,2021.5333251953125,2021.5333251953125,100,0.0,0.0
2014-06-12 00:00:00+09:00,2021.533393755351,2021.533393755351,1985.272705078125,1985.272705078125,500,0.0,0.0
2014-06-13 00:00:00+09:00,2130.315604469993,2130.315604469993,1994.3380126953125,1994.3380126953125,1900,0.0,0.0
2014-06-16 00:00:00+09:00,2048.7288407808996,2048.7288407808996,2021.5333251953125,2021.5333251953125,300,0.0,0.0
2014-06-17 00:00:00+09:00,2021.5333251953125,2021.5333251953125,2021.5333251953125,2021.5333251953125,0,0.0,0.0
2014-06-18 00:00:00+09:00,1985.272637747863,2021.5333251953125,1985.272637747863,2021.5333251953125,1300,0.0,0.0
2014-06-19 00:00:00+09:00,2012.468408857073,2030.5987548828125,1985.272889818464,2030.5987548828125,2800,0.0,0.0
2014-06-20 00:00:00+09:00,2021.5333114486557,2039.663655049092,2012.4681396484375,2012.4681396484375,600,0.0,0.0
2014-06-23 00:00:00+09:00,2012.4681533334501,2021.5333251953125,2003.4029814715877,2021.5333251953125,900,0.0,0.0
2014-06-24 00:00:00+09:00,2003.4031854802913,2012.46835826527,1994.3380126953125,1994.3380126953125,1200,0.0,0.0
2014-06-25 00:00:00+09:00,1994.3378772474316,1994.3378772474316,1939.9468442315924,1985.272705078125,1500,0.0,0.0
2014-06-26 00:00:00+09:00,1939.9468442315924,1985.272705078125,1939.9468442315924,1985.272705078125,500,0.0,0.0
2014-06-27 00:00:00+09:00,1985.272705078125,1985.272705078125,1985.272705078125,1985.272705078125,100,0.0,0.0
2014-06-30 00:00:00+09:00,1985.272705078125,1985.272705078125,1985.272705078125,1985.272705078125,0,0.0,0.0
2014-07-01 00:00:00+09:00,1994.3380126953125,1994.3380126953125,1994.3380126953125,1994.3380126953125,200,0.0,0.0
2014-07-02 00:00:00+09:00,1994.3380126953125,2084.9897405450993,1994.3380126953125,1994.3380126953125,800,0.0,0.0
2014-07-03 00:00:00+09:00,1994.3380126953125,1994.3380126953125,1949.0121487704191,1994.3380126953125,500,0.0,0.0
2014-07-04 00:00:00+09:00,1994.3380126953125,1994.3380126953125,1994.3380126953125,1994.3380126953125,100,0.0,0.0
2014-07-07 00:00:00+09:00,1958.0775146484375,1958.0775146484375,1958.0775146484375,1958.0775146484375,100,0.0,0.0
2014-07-08 00:00:00+09:00,1949.0121235978713,1994.3379869373566,1903.6862602583858,1976.2076416015625,2400,0.0,0.0
2014-07-09 00:00:00+09:00,1976.2078620062935,1976.2078620062935,1949.0123409695095,1958.0775146484375,900,0.0,0.0
2014-07-10 00:00:00+09:00,1958.077257449128,1958.077257449128,1912.751395008176,1949.0120849609375,1700,0.0,0.0
2014-07-11 00:00:00+09:00,1958.0775146484375,1958.0775146484375,1958.0775146484375,1958.0775146484375,100,0.0,0.0
2014-07-14 00:00:00+09:00,2021.533464866461,2021.533464866461,1949.0120849609375,1949.0120849609375,500,0.0,0.0
2014-07-15 00:00:00+09:00,1939.9469509299743,1976.2076416015625,1939.9469509299743,1976.2076416015625,300,0.0,0.0
2014-07-16 00:00:00+09:00,1967.1426883273655,1967.1426883273655,1958.0775146484375,1958.0775146484375,200,0.0,0.0
2014-07-17 00:00:00+09:00,1958.0775146484375,1958.0775146484375,1958.0775146484375,1958.0775146484375,100,0.0,0.0
2014-07-18 00:00:00+09:00,1921.8167122695854,1967.142578125,1921.8167122695854,1967.142578125,400,0.0,0.0
2014-07-22 00:00:00+09:00,1939.9468862327612,1939.9468862327612,1930.8817138671875,1930.8817138671875,700,0.0,0.0
2014-07-23 00:00:00+09:00,1930.8819936116536,1958.0775146484375,1930.8819936116536,1958.0775146484375,900,0.0,0.0
2014-07-24 00:00:00+09:00,1921.8168199327256,1958.0775146484375,1903.6864725748699,1958.0775146484375,800,0.0,0.0
2014-07-25 00:00:00+09:00,1967.142578125,1976.207751296083,1912.7515390985025,1967.142578125,1700,0.0,0.0
2014-07-28 00:00:00+09:00,1958.0773215553977,1994.3380126953125,1958.0773215553977,1994.3380126953125,1300,0.0,0.0
2014-07-29 00:00:00+09:00,2003.4031409879701,2048.72900390625,1994.3379684043143,2048.72900390625,1300,0.0,0.0
2014-07-30 00:00:00+09:00,2039.66357421875,2039.66357421875,2039.66357421875,2039.66357421875,100,0.0,0.0
2014-07-31 00:00:00+09:00,2030.5987548828125,2030.5987548828125,2030.5987548828125,2030.5987548828125,100,0.0,0.0
2014-08-01 00:00:00+09:00,2030.5986776089449,2030.5986776089449,1967.1424689336654,1976.2076416015625,500,0.0,0.0
2014-08-04 00:00:00+09:00,1949.0120849609375,1949.0120849609375,1949.0120849609375,1949.0120849609375,100,0.0,0.0
2014-08-05 00:00:00+09:00,1912.7512067522323,1912.7512067522323,1903.68603515625,1903.68603515625,500,0.0,0.0
2014-08-06 00:00:00+09:00,1876.4905863340737,1876.4905863340737,1749.5781795288706,1785.8388671875,3600,0.0,0.0
2014-08-07 00:00:00+09:00,1785.8388671875,1794.9040391021574,1767.7085233581854,1785.8388671875,1800,0.0,0.0
2014-08-08 00:00:00+09:00,1767.7086891054482,1767.7086891054482,1731.447998046875,1731.447998046875,1700,0.0,0.0
2014-08-11 00:00:00+09:00,1803.969294282579,1803.969294282579,1758.6434326171875,1758.6434326171875,500,0.0,0.0
2014-08-12 00:00:00+09:00,1776.7736678685897,1785.8388396434293,1767.70849609375,1767.70849609375,600,0.0,0.0
2014-08-13 00:00:00+09:00,1785.838841456993,1849.2950439453125,1785.838841456993,1849.2950439453125,700,0.0,0.0
2014-08-14 00:00:00+09:00,1849.2951259328358,1849.2951259328358,1794.9040928171642,1822.099609375,300,0.0,0.0
2014-08-15 00:00:00+09:00,1849.2951791158537,1858.3603515625,1840.2300066692073,1858.3603515625,500,0.0,0.0
2014-08-18 00:00:00+09:00,1930.8817356654577,1930.8817356654577,1767.7086312430245,1776.7738037109375,3100,0.0,0.0
2014-08-19 00:00:00+09:00,1794.9041748046875,1794.9041748046875,1794.9041748046875,1794.9041748046875,300,0.0,0.0
2014-08-20 00:00:00+09:00,1794.9041748046875,1794.9041748046875,1794.9041748046875,1794.9041748046875,100,0.0,0.0
2014-08-21 00:00:00+09:00,1749.5782863071986,1776.7738037109375,1749.5782863071986,1776.7738037109375,500,0.0,0.0
2014-08-22 00:00:00+09:00,1776.773777283344,1776.773777283344,1758.6434326171875,1758.6434326171875,400,0.0,0.0
2014-08-25 00:00:00+09:00,1776.7736678685897,1785.8388396434293,1758.6433243189101,1767.70849609375,1100,0.0,0.0
2014-08-26 00:00:00+09:00,1758.643529256185,1758.643529256185,1740.51318359375,1740.51318359375,1100,0.0,0.0
2014-08-27 00:00:00+09:00,1731.4481441517569,1749.5784912109375,1713.3177970925763,1749.5784912109375,500,0.0,0.0
2014-08-28 00:00:00+09:00,1740.513087951031,1758.6434326171875,1740.513087951031,1758.6434326171875,300,0.0,0.0
2014-08-29 00:00:00+09:00,1731.4480107625327,1758.643529256185,1722.3828379313152,1740.51318359375,700,0.0,0.0
2014-09-01 00:00:00+09:00,1740.51318359375,1749.5783564249675,1740.51318359375,1740.51318359375,500,0.0,0.0
2014-09-02 00:00:00+09:00,1731.4480107625327,1740.51318359375,1731.4480107625327,1740.51318359375,1300,0.0,0.0
2014-09-03 00:00:00+09:00,1749.5782602841093,1767.708604950266,1749.5782602841093,1758.6434326171875,700,0.0,0.0
2014-09-04 00:00:00+09:00,1758.6434326171875,1758.6434326171875,1758.6434326171875,1758.6434326171875,1500,0.0,0.0
2014-09-05 00:00:00+09:00,1758.6434326171875,1758.6434326171875,1758.6434326171875,1758.6434326171875,400,0.0,0.0
2014-09-08 00:00:00+09:00,1767.7085233581854,1785.8388671875,1767.7085233581854,1785.8388671875,1000,0.0,0.0
2014-09-09 00:00:00+09:00,1794.9040795898438,1813.034423828125,1794.9040795898438,1813.034423828125,700,0.0,0.0
2014-09-10 00:00:00+09:00,1831.1647815609454,1831.1647815609454,1822.099609375,1822.099609375,400,0.0,0.0
2014-09-11 00:00:00+09:00,1867.4253735471827,1867.4253735471827,1831.1646866821889,1840.2298583984375,700,0.0,0.0
2014-09-12 00:00:00+09:00,1876.4905592974494,1876.4905592974494,1849.2950439453125,1849.2950439453125,200,0.0,0.0
2014-09-16 00:00:00+09:00,1813.0344371890549,1849.2951259328358,1803.9692650031095,1822.099609375,700,0.0,0.0
2014-09-17 00:00:00+09:00,1794.9040795898438,1813.034423828125,1794.9040795898438,1813.034423828125,400,0.0,0.0
2014-09-18 00:00:00+09:00,1785.8388671875,1785.8388671875,1785.8388671875,1785.8388671875,200,0.0,0.0
2014-09-19 00:00:00+09:00,1776.7738037109375,1776.7738037109375,1758.6434587751116,1776.7738037109375,1000,0.0,0.0
2014-09-22 00:00:00+09:00,1776.7736018961998,1831.1646305256752,1776.7736018961998,1803.9691162109375,1100,0.0,0.0
2014-09-24 00:00:00+09:00,1803.9691162109375,1803.9691162109375,1803.9691162109375,1803.9691162109375,0,0.0,0.0
2014-09-25 00:00:00+09:00,1813.034423828125,1813.034423828125,1813.034423828125,1813.034423828125,800,0.0,0.0
2014-09-26 00:00:00+09:00,1813.0344935825892,1813.0344935825892,1776.7738037109375,1776.7738037109375,200,0.0,0.0
2014-09-29 00:00:00+09:00,1822.0995959472657,1822.0995959472657,1813.034423828125,1813.034423828125,300,0.0,0.0
2014-09-30 00:00:00+09:00,1785.8388671875,1785.8388671875,1785.8388671875,1785.8388671875,200,0.0,0.0
2014-10-01 00:00:00+09:00,1785.8388671875,1785.8388671875,1785.8388671875,1785.8388671875,0,0.0,0.0
2014-10-02 00:00:00+09:00,1776.7738749186199,1776.7738749186199,1740.51318359375,1740.51318359375,700,0.0,0.0
2014-10-03 00:00:00+09:00,1740.512916143216,1803.9691162109375,1740.512916143216,1803.9691162109375,600,0.0,0.0
2014-10-06 00:00:00+09:00,1813.0344893292684,1858.3603515625,1813.0344893292684,1858.3603515625,2900,0.0,0.0
2014-10-07 00:00:00+09:00,1858.3601907305244,1930.8815640273253,1858.3601907305244,1912.751220703125,4800,0.0,0.0
2014-10-08 00:00:00+09:00,1903.6862602583858,1976.2076416015625,1903.6862602583858,1976.2076416015625,2900,0.0,0.0
2014-10-09 00:00:00+09:00,1994.3380253994626,2012.4683710849124,1976.207679714013,2003.4031982421875,3100,0.0,0.0
2014-10-10 00:00:00+09:00,1976.207751296083,1994.3380976382489,1967.142578125,1967.142578125,1600,0.0,0.0
2014-10-14 00:00:00+09:00,1967.142578125,1976.207751296083,1921.8167122695854,1967.142578125,1100,0.0,0.0
2014-10-15 00:00:00+09:00,1967.142360739512,2003.403049416738,1958.0771885702054,1985.272705078125,7400,0.0,0.0
2014-10-16 00:00:00+09:00,1985.2726643880208,2157.510932074653,1949.0119764539932,2121.250244140625,15000,0.0,0.0
2014-10-17 00:00:00+09:00,2166.5762038010816,2402.2706862229566,2139.3806865985575,2356.94482421875,33300,0.0,0.0
2014-10-20 00:00:00+09:00,2356.944438348549,2438.5309765990755,2293.488241931472,2420.400634765625,10200,0.0,0.0
2014-10-21 00:00:00+09:00,2411.3358451224663,2447.596534522804,2284.4234322212837,2347.879638671875,6600,0.0,0.0
2014-10-22 00:00:00+09:00,2329.7489947150734,2329.7489947150734,2302.5534811580883,2311.61865234375,1300,0.0,0.0
2014-10-23 00:00:00+09:00,2284.423583984375,2347.8797946506074,2284.423583984375,2284.423583984375,3600,0.0,0.0
2014-10-24 00:00:00+09:00,2284.4233125,2338.81434375,2248.162625,2266.29296875,4000,0.0,0.0
2014-10-27 00:00:00+09:00,2166.5761315297273,2166.5761315297273,2112.1850989390227,2139.380615234375,2100,0.0,0.0
2014-10-28 00:00:00+09:00,2112.1851121604695,2184.706489402031,1994.3378741429326,2148.44580078125,7300,0.0,0.0
2014-10-29 00:00:00+09:00,2057.794140967253,2057.794140967253,1885.5558648510514,1939.9468994140625,10100,0.0,0.0
2014-10-30 00:00:00+09:00,1985.272761549905,2003.4031064042422,1930.881726986894,1939.9468994140625,4000,0.0,0.0
2014-10-31 00:00:00+09:00,1930.8816065766887,2021.5333251953125,1903.6860909911015,2021.5333251953125,3400,0.0,0.0
2014-11-04 00:00:00+09:00,2094.055119832357,2094.055119832357,1912.7516462537978,1958.0775146484375,5400,0.0,0.0
2014-11-05 00:00:00+09:00,1949.0121299342104,1958.077302631579,1885.5559210526317,1894.62109375,800,0.0,0.0
2014-11-06 00:00:00+09:00,1912.7512067522323,1912.7512067522323,1894.620863560268,1903.68603515625,1400,0.0,0.0
2014-11-07 00:00:00+09:00,1958.0770647321428,2012.468094308036,1903.68603515625,1903.68603515625,3500,0.0,0.0
2014-11-10 00:00:00+09:00,1939.9468994140625,1939.9468994140625,1903.6862097053884,1939.9468994140625,1000,0.0,0.0
2014-11-11 00:00:00+09:00,1958.0772442683995,1985.272761549905,1939.9468994140625,1939.9468994140625,1500,0.0,0.0
2014-11-12 00:00:00+09:00,1976.2076876658314,1976.2076876658314,1921.816650390625,1921.816650390625,700,0.0,0.0
2014-11-13 00:00:00+09:00,1921.8163923652253,1921.8163923652253,1912.751220703125,1912.751220703125,400,0.0,0.0
2014-11-14 00:00:00+09:00,1903.68603515625,1903.68603515625,1876.4905203683036,1903.68603515625,1000,0.0,0.0
2014-11-17 00:00:00+09:00,1894.6209028655408,1894.6209028655408,1840.2298721612667,1849.2950439453125,1900,0.0,0.0
2014-11-18 00:00:00+09:00,1831.164794921875,1831.164794921875,1831.164794921875,1831.164794921875,900,0.0,0.0
2014-11-19 00:00:00+09:00,1794.9041748046875,1794.9041748046875,1794.9041748046875,1794.9041748046875,700,0.0,0.0
2014-11-20 00:00:00+09:00,1813.0342876491834,1822.0994590874293,1794.9039447726916,1803.9691162109375,1700,0.0,0.0
2014-11-21 00:00:00+09:00,1822.0995149659404,1840.2298583984375,1813.034343249692,1840.2298583984375,700,0.0,0.0
2014-11-25 00:00:00+09:00,1840.2298721612667,1849.2950439453125,1840.2298721612667,1849.2950439453125,500,0.0,0.0
2014-11-26 00:00:00+09:00,1903.68603515625,2574.5087332589287,1903.68603515625,2220.967041015625,77400,0.0,0.0
2014-11-27 00:00:00+09:00,2293.4884521484373,2420.4008566151497,2048.728814962636,2084.989501953125,8700,0.0,0.0
2014-11-28 00:00:00+09:00,2084.989707375413,2084.989707375413,2021.5334988900743,2057.794189453125,2400,0.0,0.0
2014-12-01 00:00:00+09:00,2103.1198454483697,2103.1198454483697,2039.6636432150135,2084.989501953125,1700,0.0,0.0
2014-12-02 00:00:00+09:00,2084.989501953125,2084.989501953125,2012.4681279721467,2084.989501953125,1900,0.0,0.0
2014-12-03 00:00:00+09:00,2057.793973031523,2075.92431640625,2012.4681145947052,2075.92431640625,1500,0.0,0.0
2014-12-04 00:00:00+09:00,2084.989514050183,2084.989514050183,2003.4029678482193,2012.4681396484375,2400,0.0,0.0
2014-12-05 00:00:00+09:00,2003.403153608549,2057.794189453125,1994.3379809677863,2057.794189453125,1100,0.0,0.0
2014-12-08 00:00:00+09:00,2012.4683710849124,2021.533543927637,2003.4031982421875,2003.4031982421875,1200,0.0,0.0
2014-12-09 00:00:00+09:00,2003.4031596052537,2003.4031596052537,1949.0121235978713,1976.2076416015625,1500,0.0,0.0
2014-12-10 00:00:00+09:00,1976.2077168055941,2030.5987548828125,1876.4908136640277,2030.5987548828125,2200,0.0,0.0
2014-12-11 00:00:00+09:00,2075.924259982639,2075.924259982639,2039.66357421875,2039.66357421875,1000,0.0,0.0
2014-12-12 00:00:00+09:00,2075.92431640625,2075.92431640625,2075.92431640625,2075.92431640625,100,0.0,0.0
2014-12-15 00:00:00+09:00,2075.9245476973683,2075.9245476973683,2012.4683388157894,2066.859375,4200,0.0,0.0
2014-12-16 00:00:00+09:00,1958.0771885702054,1985.272705078125,1921.8164998929794,1985.272705078125,500,0.0,0.0
2014-12-17 00:00:00+09:00,1985.2725939999261,1985.2725939999261,1903.686049041025,1912.751220703125,1700,0.0,0.0
2014-12-18 00:00:00+09:00,1921.816650390625,1967.1425147866303,1921.816650390625,1921.816650390625,2000,0.0,0.0
2014-12-19 00:00:00+09:00,1930.8819936116536,1958.0775146484375,1921.8168199327256,1958.0775146484375,1900,0.0,0.0
2014-12-22 00:00:00+09:00,1939.9468442315924,1994.3378772474316,1921.8164998929794,1985.272705078125,1400,0.0,0.0
2014-12-24 00:00:00+09:00,1939.946996149027,1939.946996149027,1921.816650390625,1921.816650390625,900,0.0,0.0
2014-12-25 00:00:00+09:00,1967.1422506757258,1967.1422506757258,1912.751220703125,1912.751220703125,500,0.0,0.0
2014-12-26 00:00:00+09:00,1912.751477511424,1921.816650390625,1849.2952673570164,1921.816650390625,700,0.0,0.0
2014-12-29 00:00:00+09:00,1921.816650390625,1921.816650390625,1921.816650390625,1921.816650390625,0,0.0,0.0
2014-12-30 00:00:00+09:00,1903.6861967704665,1976.2075756950558,1903.6861967704665,1930.8817138671875,1300,0.0,0.0
2015-01-05 00:00:00+09:00,1930.8815640273253,1930.8815640273253,1912.751220703125,1912.751220703125,1100,0.0,0.0
2015-01-06 00:00:00+09:00,1912.751220703125,1912.751220703125,1903.686049041025,1912.751220703125,1300,0.0,0.0
2015-01-07 00:00:00+09:00,1921.816541501614,1930.8817138671875,1903.6861967704665,1930.8817138671875,300,0.0,0.0
2015-01-08 00:00:00+09:00,1912.7516462537978,1958.0775146484375,1912.7516462537978,1958.0775146484375,400,0.0,0.0
2015-01-09 00:00:00+09:00,1930.8818032004617,1994.3380126953125,1912.7514576305043,1994.3380126953125,1300,0.0,0.0
2015-01-13 00:00:00+09:00,1939.946778438551,2021.5333251953125,1939.946778438551,2021.5333251953125,700,0.0,0.0
2015-01-14 00:00:00+09:00,2039.663876620206,2039.663876620206,1976.207667125355,1994.3380126953125,800,0.0,0.0
2015-01-15 00:00:00+09:00,1976.2076416015625,1976.2076416015625,1976.2076416015625,1976.2076416015625,100,0.0,0.0
2015-01-16 00:00:00+09:00,1976.2078620062935,1994.3382093641494,1958.0775146484375,1958.0775146484375,300,0.0,0.0
2015-01-19 00:00:00+09:00,1958.077257449128,1958.077257449128,1949.0120849609375,1949.0120849609375,300,0.0,0.0
2015-01-20 00:00:00+09:00,1939.9469509299743,1976.2076416015625,1903.6862602583858,1976.2076416015625,700,0.0,0.0
2015-01-21 00:00:00+09:00,1903.686049041025,1912.751220703125,1858.3601907305244,1912.751220703125,1000,0.0,0.0
2015-01-22 00:00:00+09:00,1867.4254150390625,1867.4254150390625,1867.4254150390625,1867.4254150390625,200,0.0,0.0
2015-01-23 00:00:00+09:00,1894.620958181528,1894.620958181528,1867.4254420353818,1885.5557861328125,400,0.0,0.0
2015-01-26 00:00:00+09:00,1849.2951791158537,1858.3603515625,1831.164834222561,1858.3603515625,1600,0.0,0.0
2015-01-27 00:00:00+09:00,1858.360377509813,1885.5558952294687,1849.2952049365942,1876.49072265625,1200,0.0,0.0
2015-01-28 00:00:00+09:00,1867.4254150390625,1867.4254150390625,1867.4254150390625,1867.4254150390625,100,0.0,0.0
2015-01-29 00:00:00+09:00,1894.6210413490853,1894.6210413490853,1858.3603515625,1858.3603515625,700,0.0,0.0
2015-01-30 00:00:00+09:00,1876.4905869567278,1876.4905869567278,1867.4254150390625,1867.4254150390625,400,0.0,0.0
2015-02-02 00:00:00+09:00,1849.2951791158537,1858.3603515625,1849.2951791158537,1858.3603515625,400,0.0,0.0
2015-02-03 00:00:00+09:00,1858.3602431213972,1894.6209307920585,1858.3602431213972,1867.4254150390625,1300,0.0,0.0
2015-02-04 00:00:00+09:00,1867.4255500830316,1876.49072265625,1867.4255500830316,1876.49072265625,300,0.0,0.0
2015-02-05 00:00:00+09:00,1858.3602431213972,1867.4254150390625,1858.3602431213972,1867.4254150390625,200,0.0,0.0
2015-02-06 00:00:00+09:00,1867.4254150390625,1867.4254150390625,1867.4254150390625,1867.4254150390625,200,0.0,0.0
2015-02-09 00:00:00+09:00,1867.4254150390625,1867.4254150390625,1867.4254150390625,1867.4254150390625,300,0.0,0.0
2015-02-10 00:00:00+09:00,1876.4905869567278,1876.4905869567278,1867.4254150390625,1867.4254150390625,700,0.0,0.0
2015-02-12 00:00:00+09:00,1885.555868902439,1885.555868902439,1858.3603515625,1858.3603515625,200,0.0,0.0
2015-02-13 00:00:00+09:00,1858.3603515625,1858.3603515625,1858.3603515625,1858.3603515625,600,0.0,0.0
2015-02-16 00:00:00+09:00,1885.5557725694443,2175.6412760416665,1885.5557725694443,2121.250244140625,6100,0.0,0.0
2015-02-17 00:00:00+09:00,2121.2503622365552,2121.2503622365552,1949.0120849609375,1949.0120849609375,2900,0.0,0.0
2015-02-18 00:00:00+09:00,1994.3379474018896,1994.3379474018896,1921.8165674963664,1949.0120849609375,700,0.0,0.0
2015-02-19 00:00:00+09:00,1949.0120585983348,1967.1424033294822,1912.7513691360402,1930.8817138671875,1700,0.0,0.0
2015-02-20 00:00:00+09:00,1921.816541501614,1939.9468862327612,1921.816541501614,1930.8817138671875,500,0.0,0.0
2015-02-23 00:00:00+09:00,1939.9468862327612,1939.9468862327612,1930.8817138671875,1930.8817138671875,700,0.0,0.0
2015-02-24 00:00:00+09:00,1939.9469509299743,1976.2076416015625,1939.9469509299743,1976.2076416015625,1200,0.0,0.0
2015-02-25 00:00:00+09:00,1958.0771885702054,1985.272705078125,1958.0771885702054,1985.272705078125,400,0.0,0.0
2015-02-26 00:00:00+09:00,2003.4031854802913,2003.4031854802913,1994.3380126953125,1994.3380126953125,200,0.0,0.0
2015-02-27 00:00:00+09:00,1994.3380126953125,1994.3380126953125,1994.3380126953125,1994.3380126953125,600,0.0,0.0
2015-03-02 00:00:00+09:00,1949.0120849609375,1949.0120849609375,1949.0120849609375,1949.0120849609375,100,0.0,0.0
2015-03-03 00:00:00+09:00,1958.077257449128,1967.1424299373184,1949.0120849609375,1949.0120849609375,900,0.0,0.0
2015-03-04 00:00:00+09:00,2021.5333251953125,2021.5333251953125,2021.5333251953125,2021.5333251953125,300,0.0,0.0
2015-03-05 00:00:00+09:00,2021.5335049410478,2039.663850276842,1976.2076416015625,1976.2076416015625,1500,0.0,0.0
2015-03-06 00:00:00+09:00,1976.207667125355,1994.3380126953125,1976.207667125355,1994.3380126953125,500,0.0,0.0
2015-03-09 00:00:00+09:00,2039.6636689190373,2057.794012642762,2021.5333251953125,2021.5333251953125,1400,0.0,0.0
2015-03-10 00:00:00+09:00,2048.729062455812,2048.729062455812,2003.4031982421875,2003.4031982421875,800,0.0,0.0
2015-03-11 00:00:00+09:00,2021.5335818699427,2030.5987548828125,2021.5335818699427,2030.5987548828125,400,0.0,0.0
2015-03-12 00:00:00+09:00,2030.5987548828125,2030.5987548828125,2030.5987548828125,2030.5987548828125,100,0.0,0.0
2015-03-13 00:00:00+09:00,2012.4681145947052,2075.92431640625,2003.4029429073416,2075.92431640625,1000,0.0,0.0
2015-03-16 00:00:00+09:00,2039.6638569078948,2066.859375,2030.5986842105262,2066.859375,1400,0.0,0.0
2015-03-17 00:00:00+09:00,2030.5986842105262,2084.9897203947367,2003.403166118421,2066.859375,1100,0.0,0.0
2015-03-18 00:00:00+09:00,2084.989501953125,2084.989501953125,2084.989501953125,2084.989501953125,200,0.0,0.0
2015-03-19 00:00:00+09:00,2103.12013898577,2103.12013898577,1976.2077168055941,2030.5987548828125,1700,0.0,0.0
2015-03-20 00:00:00+09:00,2057.794189453125,2057.794189453125,2057.794189453125,2057.794189453125,100,0.0,0.0
2015-03-23 00:00:00+09:00,2003.4029678482193,2012.4681396484375,2003.4029678482193,2012.4681396484375,300,0.0,0.0
2015-03-24 00:00:00+09:00,2003.4029678482193,2012.4681396484375,2003.4029678482193,2012.4681396484375,200,0.0,0.0
2015-03-25 00:00:00+09:00,2021.5335818699427,2030.5987548828125,2021.5335818699427,2030.5987548828125,200,0.0,0.0
2015-03-26 00:00:00+09:00,2039.663927895682,2039.663927895682,2030.5987548828125,2030.5987548828125,200,0.0,0.0
2015-03-27 00:00:00+09:00,2005.193359375,2005.193359375,2005.193359375,2005.193359375,200,2.0,0.0
2015-03-30 00:00:00+09:00,2005.193359375,2005.193359375,2005.193359375,2005.193359375,200,0.0,0.0
2015-03-31 00:00:00+09:00,1968.9004542151163,1996.1202761627908,1905.3875363372094,1950.75390625,2100,0.0,0.0
2015-04-01 00:00:00+09:00,1905.387482711573,1905.387482711573,1896.314208984375,1896.314208984375,900,0.0,0.0
2015-04-02 00:00:00+09:00,1887.240966796875,1905.3875145545371,1860.0211451603816,1887.240966796875,1300,0.0,0.0
2015-04-03 00:00:00+09:00,1878.1676615299791,1905.387482711573,1878.1676615299791,1896.314208984375,800,0.0,0.0
2015-04-06 00:00:00+09:00,1923.5340843023257,1959.8271802325582,1923.5340843023257,1950.75390625,1000,0.0,0.0
2015-04-07 00:00:00+09:00,1932.6073582848837,1950.75390625,1932.6073582848837,1950.75390625,300,0.0,0.0
2015-04-08 00:00:00+09:00,1950.7538057850525,2086.8529085142422,1950.7538057850525,2050.559814453125,2800,0.0,0.0
2015-04-09 00:00:00+09:00,2050.5597482454978,2141.29248046875,2050.5597482454978,2141.29248046875,2400,0.0,0.0
2015-04-10 00:00:00+09:00,2123.1458129882812,2123.1458129882812,2077.7794494628906,2104.999267578125,2600,0.0,0.0
2015-04-13 00:00:00+09:00,2104.9993875794494,2159.4390269134005,2104.9993875794494,2141.29248046875,2500,0.0,0.0
2015-04-14 00:00:00+09:00,2150.3659349970458,2159.439208984375,2141.2926610097165,2159.439208984375,2600,0.0,0.0
2015-04-15 00:00:00+09:00,2168.5120276626276,2250.171476403061,2159.4387555803573,2222.95166015625,13900,0.0,0.0
2015-04-16 00:00:00+09:00,2213.8789708161157,2213.8789708161157,2177.5858729338843,2195.732421875,4200,0.0,0.0
2015-04-17 00:00:00+09:00,2177.5858729338843,2204.805696345558,2086.8531282283056,2195.732421875,5000,0.0,0.0
2015-04-20 00:00:00+09:00,2159.4393880208336,2195.732486979167,2159.4393880208336,2177.5859375,2000,0.0,0.0
2015-04-21 00:00:00+09:00,2204.805419921875,2222.9519665878984,2204.805419921875,2204.805419921875,3100,0.0,0.0
2015-04-22 00:00:00+09:00,2177.5857250261506,2195.732272734702,2168.512451171875,2168.512451171875,1800,0.0,0.0
2015-04-23 00:00:00+09:00,2186.659147404442,2222.9522452866736,2186.659147404442,2195.732421875,1600,0.0,0.0
2015-04-24 00:00:00+09:00,2195.731843909439,2222.95166015625,2195.731843909439,2222.95166015625,1800,0.0,0.0
2015-04-27 00:00:00+09:00,2195.732054671621,2232.025146484375,2195.732054671621,2232.025146484375,3500,0.0,0.0
2015-04-28 00:00:00+09:00,2241.098508310508,2295.538148188496,2232.02523499751,2277.3916015625,11300,0.0,0.0
2015-04-30 00:00:00+09:00,2186.658846580376,2186.658846580376,2141.29248046875,2141.29248046875,9700,0.0,0.0
2015-05-01 00:00:00+09:00,2141.2926610097165,2177.5857569590335,2104.999565060399,2159.439208984375,2800,0.0,0.0
2015-05-07 00:00:00+09:00,2114.072444624965,2132.2189892140204,1832.8010034946049,2023.3397216796875,11000,0.0,0.0
2015-05-08 00:00:00+09:00,1996.119877330044,2068.7060546875,1968.9000608209979,2068.7060546875,1600,0.0,0.0
2015-05-11 00:00:00+09:00,1959.8271484375,1996.1202437789352,1905.3875054253472,1959.8271484375,4300,0.0,0.0
2015-05-12 00:00:00+09:00,1959.8270286704008,1959.8270286704008,1914.4606622659935,1923.533935546875,700,0.0,0.0
2015-05-13 00:00:00+09:00,1950.7538190569198,1950.7538190569198,1887.2409040178572,1905.387451171875,1500,0.0,0.0
2015-05-14 00:00:00+09:00,1905.387388985112,1923.533935546875,1878.1675691424675,1923.533935546875,1000,0.0,0.0
2015-05-15 00:00:00+09:00,1923.533935546875,1923.533935546875,1923.533935546875,1923.533935546875,0,0.0,0.0
2015-05-18 00:00:00+09:00,1923.533935546875,1923.533935546875,1923.533935546875,1923.533935546875,0,0.0,0.0
2015-05-19 00:00:00+09:00,1923.533935546875,1923.533935546875,1887.240842423349,1923.533935546875,800,0.0,0.0
2015-05-20 00:00:00+09:00,1923.533935546875,1923.533935546875,1896.3141157042305,1923.533935546875,400,0.0,0.0
2015-05-21 00:00:00+09:00,1814.6547803691788,1850.9478759765625,1814.6547803691788,1850.9478759765625,8500,0.0,0.0
2015-05-22 00:00:00+09:00,1850.9478131636831,1869.0943603515625,1850.9478131636831,1869.0943603515625,600,0.0,0.0
2015-05-25 00:00:00+09:00,1905.3875363372094,1950.75390625,1905.3875363372094,1950.75390625,2400,0.0,0.0
2015-05-26 00:00:00+09:00,1968.9004807778454,1996.1203030927466,1950.7539325679113,1977.9737548828125,2800,0.0,0.0
2015-05-27 00:00:00+09:00,1996.1199346318974,2041.4862967826225,1968.9001173414624,2014.2664794921875,4100,0.0,0.0
2015-05-28 00:00:00+09:00,2023.3402203942974,2123.146240234375,2023.3402203942974,2123.146240234375,6100,0.0,0.0
2015-05-29 00:00:00+09:00,2114.072395169005,2222.95166015625,2095.925851004464,2222.95166015625,8300,0.0,0.0
2015-06-01 00:00:00+09:00,2232.025350413603,2331.831362017463,2222.952076631434,2313.684814453125,16700,0.0,0.0
2015-06-02 00:00:00+09:00,2286.464937876506,2313.684758565512,2213.87874937249,2259.2451171875,8400,0.0,0.0
2015-06-03 00:00:00+09:00,2268.3181762695312,2268.3181762695312,2204.8052673339844,2250.171630859375,3200,0.0,0.0
2015-06-04 00:00:00+09:00,2286.4649062500002,2286.4649062500002,2268.318359375,2268.318359375,3200,0.0,0.0
2015-06-05 00:00:00+09:00,2268.3184978148947,2386.271059701269,2268.3184978148947,2368.12451171875,7600,0.0,0.0
2015-06-08 00:00:00+09:00,2359.0510822955825,2413.49072265625,2331.831262115249,2413.49072265625,5800,0.0,0.0
2015-06-09 00:00:00+09:00,2404.4174871184946,2404.4174871184946,2277.3916576103475,2331.831298828125,6800,0.0,0.0
2015-06-10 00:00:00+09:00,2313.6847265625,2331.8312734375,2268.318359375,2268.318359375,2100,0.0,0.0
2015-06-11 00:00:00+09:00,2286.464993106618,2331.831362017463,2277.391719324449,2313.684814453125,2000,0.0,0.0
2015-06-12 00:00:00+09:00,2313.6846595177285,2368.1242985652043,2304.611386343149,2359.051025390625,6000,0.0,0.0
2015-06-15 00:00:00+09:00,2359.0511194370133,2359.0511194370133,2268.3183840740517,2331.831298828125,6400,0.0,0.0
2015-06-16 00:00:00+09:00,2286.4649062500002,2331.8312734375,2268.318359375,2268.318359375,3500,0.0,0.0
2015-06-17 00:00:00+09:00,2313.6845713009234,2340.904389786817,2195.7320245287196,2241.098388671875,3000,0.0,0.0
2015-06-18 00:00:00+09:00,2250.171476403061,2250.171476403061,2186.6585718271685,2222.95166015625,2100,0.0,0.0
2015-06-19 00:00:00+09:00,2186.658935546875,2222.9520299127985,2186.658935546875,2186.658935546875,800,0.0,0.0
2015-06-22 00:00:00+09:00,2150.3657536910755,2159.4390269134005,2104.9993875794494,2141.29248046875,1700,0.0,0.0
2015-06-23 00:00:00+09:00,2204.805388904009,2213.878662109375,2204.805388904009,2213.878662109375,400,0.0,0.0
2015-06-24 00:00:00+09:00,2204.805388904009,2232.0252085201078,2177.58556928791,2213.878662109375,700,0.0,0.0
2015-06-25 00:00:00+09:00,2213.8785701859815,2250.171661500506,2213.8785701859815,2241.098388671875,1800,0.0,0.0
2015-06-26 00:00:00+09:00,2268.3184455422793,2313.684814453125,2241.098624195772,2313.684814453125,1900,0.0,0.0
2015-06-29 00:00:00+09:00,2313.684539794922,2504.2232666015625,2295.5379943847656,2395.343994140625,17700,0.0,0.0
2015-06-30 00:00:00+09:00,2404.4176076837884,2404.4176076837884,2304.6115937799327,2368.12451171875,5800,0.0,0.0
2015-07-01 00:00:00+09:00,2368.124532671117,2449.7839993149487,2313.684888241896,2431.637451171875,6500,0.0,0.0
2015-07-02 00:00:00+09:00,2504.223234817217,2504.223234817217,2404.417236328125,2404.417236328125,3400,0.0,0.0
2015-07-03 00:00:00+09:00,2404.417266845703,2404.417266845703,2359.0509033203125,2395.343994140625,1000,0.0,0.0
2015-07-06 00:00:00+09:00,2340.9044790414664,2359.051025390625,2313.6846595177285,2359.051025390625,600,0.0,0.0
2015-07-07 00:00:00+09:00,2386.27099609375,2386.27099609375,2386.27099609375,2386.27099609375,100,0.0,0.0
2015-07-08 00:00:00+09:00,2395.344269843156,2395.344269843156,2222.952068604444,2386.27099609375,1700,0.0,0.0
2015-07-09 00:00:00+09:00,2241.0987365015685,2359.051301580598,2222.9521880278717,2349.97802734375,2900,0.0,0.0
2015-07-10 00:00:00+09:00,2359.051025390625,2359.051025390625,2286.4648399939906,2359.051025390625,400,0.0,0.0
2015-07-13 00:00:00+09:00,2349.9778459007175,2349.9778459007175,2277.3916576103475,2331.831298828125,700,0.0,0.0
2015-07-14 00:00:00+09:00,2331.8314157537116,2368.12451171875,2286.465045797414,2368.12451171875,3200,0.0,0.0
2015-07-15 00:00:00+09:00,2368.1243504433737,2495.150177670221,2368.1243504433737,2486.076904296875,6200,0.0,0.0
2015-07-16 00:00:00+09:00,2495.150435598273,3048.6201685855262,2495.150435598273,2758.275390625,20100,0.0,0.0
2015-07-17 00:00:00+09:00,2830.8614769345236,2948.8140384734625,2721.9821893601193,2858.081298828125,14800,0.0,0.0
2015-07-21 00:00:00+09:00,2930.667501923532,3012.3269679214013,2858.081309925426,2994.180419921875,7700,0.0,0.0
2015-07-22 00:00:00+09:00,3003.253693921638,3048.6200639204544,2948.8140499230585,2994.180419921875,8200,0.0,0.0
2015-07-23 00:00:00+09:00,2867.154446879898,2976.0337296728057,2821.78807904952,2894.374267578125,11800,0.0,0.0
2015-07-24 00:00:00+09:00,2939.7406354085033,2939.7406354085033,2858.0811733138225,2894.374267578125,2800,0.0,0.0
2015-07-27 00:00:00+09:00,2930.6674017137098,2930.6674017137098,2740.128654233871,2812.71484375,7500,0.0,0.0
2015-07-28 00:00:00+09:00,2749.201480013653,2812.714385492516,2721.9816633798546,2803.64111328125,4200,0.0,0.0
2015-07-29 00:00:00+09:00,2812.7150557048835,2876.2279763175743,2803.641781331642,2821.788330078125,4200,0.0,0.0
2015-07-30 00:00:00+09:00,2867.154701944333,2867.154701944333,2767.3486838386757,2821.788330078125,2100,0.0,0.0
2015-07-31 00:00:00+09:00,2849.0079031808036,3248.2319405691965,2849.0079031808036,3175.645751953125,21100,0.0,0.0
2015-08-03 00:00:00+09:00,3157.499281701963,3375.2578528538224,3103.059638913998,3293.598388671875,22400,0.0,0.0
2015-08-04 00:00:00+09:00,3293.5983976122357,3357.1113143705984,3175.6458379181336,3221.01220703125,13500,0.0,0.0
2015-08-05 00:00:00+09:00,3221.0123233210743,3257.305419921875,3148.4261301194724,3257.305419921875,2600,0.0,0.0
2015-08-06 00:00:00+09:00,3184.7192580580045,3248.232177734375,3175.6459838185233,3248.232177734375,1500,0.0,0.0
2015-08-07 00:00:00+09:00,3103.0595633370535,3175.645751953125,3012.3268275669643,3175.645751953125,3700,0.0,0.0
2015-08-10 00:00:00+09:00,3175.645911175272,3193.7924592391305,3103.059718919837,3130.279541015625,2800,0.0,0.0
2015-08-11 00:00:00+09:00,3193.7923159246575,3357.111241170805,3193.7923159246575,3311.744873046875,3700,0.0,0.0
2015-08-12 00:00:00+09:00,3311.7450324164497,3311.7450324164497,3248.2321139865453,3266.378662109375,700,0.0,0.0
2015-08-13 00:00:00+09:00,3248.2321236979164,3402.477783203125,3248.2321236979164,3402.477783203125,1800,0.0,0.0
2015-08-14 00:00:00+09:00,3429.6974227128017,3429.6974227128017,3384.3310546875,3384.3310546875,4800,0.0,0.0
2015-08-17 00:00:00+09:00,3411.550875502681,3465.990517133043,3384.3310546875,3384.3310546875,4200,0.0,0.0
2015-08-18 00:00:00+09:00,3384.331086189516,3384.331086189516,3375.2578125,3375.2578125,1300,0.0,0.0
2015-08-19 00:00:00+09:00,3357.111223493304,3357.111223493304,3103.0595633370535,3175.645751953125,5400,0.0,0.0
2015-08-20 00:00:00+09:00,3103.0595633370535,3175.645751953125,3039.5466482979914,3175.645751953125,2100,0.0,0.0
2015-08-21 00:00:00+09:00,3084.913211068071,3302.671790672876,3084.913211068071,3257.305419921875,600,0.0,0.0
2015-08-24 00:00:00+09:00,3157.499522235577,3257.3055416165867,2948.814208984375,2948.814208984375,4000,0.0,0.0
2015-08-25 00:00:00+09:00,2803.6416430664062,2894.374382324219,2721.982177734375,2721.982177734375,2800,0.0,0.0
2015-08-26 00:00:00+09:00,2721.9822197203425,2894.3744269692975,2721.9822197203425,2849.008056640625,2000,0.0,0.0
2015-08-27 00:00:00+09:00,2812.7152369966443,2812.7152369966443,2649.396287751678,2703.8359375,2500,0.0,0.0
2015-08-28 00:00:00+09:00,2703.8357576937287,2721.9823064030825,2631.2495628563133,2685.689208984375,2500,0.0,0.0
2015-08-31 00:00:00+09:00,2712.908759833207,2712.908759833207,2622.176025390625,2622.176025390625,3400,0.0,0.0
2015-09-01 00:00:00+09:00,2613.1027943464733,2613.1027943464733,2150.365841180952,2186.658935546875,29500,0.0,0.0
2015-09-02 00:00:00+09:00,2204.805696345558,2268.318617639463,2186.659147404442,2195.732421875,8400,0.0,0.0
2015-09-03 00:00:00+09:00,2268.318207157768,2395.3440267586034,2222.9518430146127,2241.098388671875,8500,0.0,0.0
2015-09-04 00:00:00+09:00,2259.244835106102,2259.244835106102,2005.1932070620426,2014.2664794921875,7500,0.0,0.0
2015-09-07 00:00:00+09:00,2023.3399023863947,2077.779541015625,1968.9002637571643,2077.779541015625,4800,0.0,0.0
2015-09-08 00:00:00+09:00,2077.779326857182,2086.852599026864,2068.7060546875,2068.7060546875,1100,0.0,0.0
2015-09-09 00:00:00+09:00,2123.1458750849183,2123.1458750849183,2068.706237262228,2086.852783203125,2200,0.0,0.0
2015-09-10 00:00:00+09:00,2077.779541015625,2077.779541015625,2041.4864485961382,2077.779541015625,700,0.0,0.0
2015-09-11 00:00:00+09:00,2104.9992982278136,2114.0725710650026,2086.852752553436,2095.926025390625,500,0.0,0.0
2015-09-14 00:00:00+09:00,2132.2194964034966,2141.2927708562775,2059.63330078125,2059.63330078125,1300,0.0,0.0
2015-09-15 00:00:00+09:00,2104.999565060399,2159.439208984375,2041.486647149094,2159.439208984375,900,0.0,0.0
2015-09-16 00:00:00+09:00,2159.438935250947,2159.438935250947,2095.926025390625,2095.926025390625,400,0.0,0.0
2015-09-17 00:00:00+09:00,2123.146221950716,2123.146221950716,2059.63330078125,2059.63330078125,500,0.0,0.0
2015-09-18 00:00:00+09:00,2014.2664794921875,2014.2664794921875,1996.1199346318974,2014.2664794921875,2100,0.0,0.0
2015-09-24 00:00:00+09:00,1950.7537998297275,1950.7537998297275,1769.288330078125,1769.288330078125,18400,0.0,0.0
2015-09-25 00:00:00+09:00,1814.6546913485222,1860.0210586322353,1805.5814178917797,1841.87451171875,4600,0.0,0.0
2015-09-28 00:00:00+09:00,1841.874570669779,1869.0943919112042,1832.8012969226372,1860.0211181640625,2400,0.0,0.0
2015-09-29 00:00:00+09:00,1869.0944287109376,1869.0944287109376,1814.65478515625,1814.65478515625,1100,0.0,0.0
2015-09-30 00:00:00+09:00,1814.6547757662258,1887.240966796875,1814.6547757662258,1887.240966796875,500,0.0,0.0
2015-10-01 00:00:00+09:00,1887.2409040178572,1905.387451171875,1869.0943568638393,1905.387451171875,700,0.0,0.0
2015-10-02 00:00:00+09:00,1860.0211181640625,1905.3874868997714,1860.0211181640625,1860.0211181640625,900,0.0,0.0
2015-10-05 00:00:00+09:00,1860.0211140755832,1905.387482711573,1860.0211140755832,1896.314208984375,900,0.0,0.0
2015-10-06 00:00:00+09:00,1896.3142049726746,1987.046942052707,1896.3142049726746,1932.6072998046875,1800,0.0,0.0
2015-10-07 00:00:00+09:00,1905.3874786806778,1959.8271209286972,1905.3874786806778,1932.6072998046875,700,0.0,0.0
2015-10-08 00:00:00+09:00,1941.6805454799107,1941.6805454799107,1905.387451171875,1905.387451171875,800,0.0,0.0
2015-10-09 00:00:00+09:00,1923.5341414350519,1968.9005126953125,1914.4608671829997,1968.9005126953125,1300,0.0,0.0
2015-10-13 00:00:00+09:00,1977.9736683447036,1987.046942052707,1923.5340260966843,1932.6072998046875,1800,0.0,0.0
2015-10-14 00:00:00+09:00,1959.8270286704008,1959.8270286704008,1905.387388985112,1923.533935546875,600,0.0,0.0
2015-10-15 00:00:00+09:00,1950.7540073478801,2059.63330078125,1950.7540073478801,2059.63330078125,3500,0.0,0.0
2015-10-16 00:00:00+09:00,2068.706324800532,2132.21923828125,2068.706324800532,2132.21923828125,2900,0.0,0.0
2015-10-19 00:00:00+09:00,2186.6588984375,2268.318359375,2186.6588984375,2268.318359375,4700,0.0,0.0
2015-10-20 00:00:00+09:00,2304.6117155216944,2331.831538933368,2177.5858729338843,2195.732421875,4300,0.0,0.0
2015-10-21 00:00:00+09:00,2177.5856050531916,2177.5856050531916,2132.21923828125,2132.21923828125,900,0.0,0.0
2015-10-22 00:00:00+09:00,2086.8527221679688,2104.999267578125,1996.1199951171875,2104.999267578125,3700,0.0,0.0
2015-10-23 00:00:00+09:00,2104.999565060399,2159.439208984375,2104.999565060399,2159.439208984375,400,0.0,0.0
2015-10-26 00:00:00+09:00,2177.5857569590335,2177.5857569590335,2114.0728390477284,2159.439208984375,1200,0.0,0.0
2015-10-27 00:00:00+09:00,2132.219176473497,2150.36572265625,2014.2666262856012,2150.36572265625,3000,0.0,0.0
2015-10-28 00:00:00+09:00,2141.2923583984375,2141.2923583984375,2077.7794494628906,2104.999267578125,800,0.0,0.0
2015-10-29 00:00:00+09:00,2059.632996419271,2059.632996419271,2041.4864501953125,2041.4864501953125,1100,0.0,0.0
2015-10-30 00:00:00+09:00,2041.4864518523755,2041.4864518523755,1996.120086255656,2005.193359375,1300,0.0,0.0
2015-11-02 00:00:00+09:00,1996.1201171875,1996.1201171875,1996.1201171875,1996.1201171875,200,0.0,0.0
2015-11-04 00:00:00+09:00,1987.0467529296875,1987.0467529296875,1987.0467529296875,1987.0467529296875,300,0.0,0.0
2015-11-05 00:00:00+09:00,1950.7537508877842,1996.1201171875,1950.7537508877842,1996.1201171875,600,0.0,0.0
2015-11-06 00:00:00+09:00,2032.4132080078125,2032.4132080078125,2032.4132080078125,2032.4132080078125,100,0.0,0.0
2015-11-09 00:00:00+09:00,1968.9002072408318,1987.0467529296875,1950.7536615519762,1987.0467529296875,1500,0.0,0.0
2015-11-10 00:00:00+09:00,1996.1202157607102,1996.1202157607102,1932.6072998046875,1932.6072998046875,1000,0.0,0.0
2015-11-11 00:00:00+09:00,1977.9734800852596,1987.0467529296875,1977.9734800852596,1987.0467529296875,2300,0.0,0.0
2015-11-12 00:00:00+09:00,1987.0470021802325,1987.0470021802325,1905.3875363372094,1950.75390625,1900,0.0,0.0
2015-11-13 00:00:00+09:00,1905.387454727321,1932.6072755091398,1841.8745395697435,1869.0943603515625,2900,0.0,0.0
2015-11-16 00:00:00+09:00,1841.8745748795086,1887.2409437189053,1787.4349322722326,1823.72802734375,4100,0.0,0.0
2015-11-17 00:00:00+09:00,1860.0212142491105,1860.0212142491105,1805.5815689540145,1832.8013916015625,2600,0.0,0.0
2015-11-18 00:00:00+09:00,1850.9478403483852,1896.314208984375,1841.8745666211873,1896.314208984375,1100,0.0,0.0
2015-11-19 00:00:00+09:00,1869.0943878027813,1896.314208984375,1860.0211140755832,1896.314208984375,500,0.0,0.0
2015-11-20 00:00:00+09:00,1850.947661341084,1914.4605712890625,1841.8743884913729,1914.4605712890625,1900,0.0,0.0
2015-11-24 00:00:00+09:00,1905.3875054253472,1959.8271484375,1905.3875054253472,1959.8271484375,1200,0.0,0.0
2015-11-25 00:00:00+09:00,1977.9735706676138,2032.4132102272729,1968.9002974076705,1996.1201171875,1900,0.0,0.0
2015-11-26 00:00:00+09:00,2005.1933882577077,2068.706301007952,1977.9735685076032,2032.4132080078125,1100,0.0,0.0
2015-11-27 00:00:00+09:00,2014.266599439538,2086.852783203125,2014.266599439538,2086.852783203125,900,0.0,0.0
2015-11-30 00:00:00+09:00,2077.779574257987,2077.779574257987,1977.9735685076032,2032.4132080078125,4300,0.0,0.0
2015-12-01 00:00:00+09:00,2032.4132080078125,2032.4132080078125,2023.3399347577774,2032.4132080078125,400,0.0,0.0
2015-12-02 00:00:00+09:00,2005.1933904474433,2005.1933904474433,1987.046843927557,1996.1201171875,5300,0.0,0.0
2015-12-03 00:00:00+09:00,1996.1201171875,1996.1201171875,1996.1201171875,1996.1201171875,300,0.0,0.0
2015-12-04 00:00:00+09:00,2032.4129939742152,2032.4129939742152,1977.9733602070487,2023.3397216796875,1100,0.0,0.0
2015-12-07 00:00:00+09:00,1950.7535164816338,2068.7060546875,1950.7535164816338,2068.7060546875,1100,0.0,0.0
2015-12-08 00:00:00+09:00,2068.7062068790583,2114.0725710650026,1977.9734785071698,2095.926025390625,2900,0.0,0.0
2015-12-09 00:00:00+09:00,2104.999480284335,2123.146027528165,2023.3400176870978,2114.07275390625,2500,0.0,0.0
2015-12-10 00:00:00+09:00,2114.07260211447,2114.07260211447,2032.4131453804348,2086.852783203125,1500,0.0,0.0
2015-12-11 00:00:00+09:00,2123.145964926862,2132.21923828125,2059.633051446144,2132.21923828125,1100,0.0,0.0
2015-12-14 00:00:00+09:00,2123.146240234375,2123.146240234375,2123.146240234375,2123.146240234375,1900,0.0,0.0
2015-12-15 00:00:00+09:00,2123.146240234375,2123.146240234375,2123.146240234375,2123.146240234375,0,0.0,0.0
2015-12-16 00:00:00+09:00,2050.560043987046,2123.146240234375,2041.4867694561297,2123.146240234375,1700,0.0,0.0
2015-12-17 00:00:00+09:00,2123.146240234375,2123.146240234375,2123.146240234375,2123.146240234375,0,0.0,0.0
2015-12-18 00:00:00+09:00,2123.145687705592,2123.145687705592,2059.6327825178178,2068.7060546875,1000,0.0,0.0
2015-12-21 00:00:00+09:00,2059.6329948058815,2077.779541015625,2005.1933561766514,2077.779541015625,1200,0.0,0.0
2015-12-22 00:00:00+09:00,2077.779541015625,2077.779541015625,2077.779541015625,2077.779541015625,0,0.0,0.0
2015-12-24 00:00:00+09:00,2059.63330078125,2068.706575234031,2014.2669285173458,2059.63330078125,900,0.0,0.0
2015-12-25 00:00:00+09:00,2059.63330078125,2059.63330078125,2059.63330078125,2059.63330078125,0,0.0,0.0
2015-12-28 00:00:00+09:00,1923.5340019152002,1932.6072755091398,1869.0943603515625,1869.0943603515625,900,0.0,0.0
2015-12-29 00:00:00+09:00,1869.0944505774457,1923.5340947690217,1850.947902513587,1878.167724609375,2300,0.0,0.0
2015-12-30 00:00:00+09:00,1878.167478796554,1987.0467529296875,1878.167478796554,1987.0467529296875,2900,0.0,0.0
2016-01-04 00:00:00+09:00,1950.7539325679113,1977.9737548828125,1905.3875620430763,1977.9737548828125,400,0.0,0.0
2016-01-05 00:00:00+09:00,1977.9737548828125,1977.9737548828125,1977.9737548828125,1977.9737548828125,0,0.0,0.0
2016-01-06 00:00:00+09:00,2023.3397216796875,2023.3397216796875,2023.3397216796875,2023.3397216796875,100,0.0,0.0
2016-01-07 00:00:00+09:00,2023.3397216796875,2023.3397216796875,2023.3397216796875,2023.3397216796875,1600,0.0,0.0
2016-01-08 00:00:00+09:00,1996.1201217939267,1996.1201217939267,1923.533935546875,1923.533935546875,400,0.0,0.0
2016-01-12 00:00:00+09:00,1914.460760646913,1914.460760646913,1814.6547494283536,1860.0211181640625,3700,0.0,0.0
2016-01-13 00:00:00+09:00,1887.240879002463,1887.240879002463,1841.87451171875,1841.87451171875,900,0.0,0.0
2016-01-14 00:00:00+09:00,1887.2409482074872,1887.2409482074872,1732.995293786683,1787.4349365234375,1900,0.0,0.0
2016-01-15 00:00:00+09:00,1760.215087890625,1760.215087890625,1760.215087890625,1760.215087890625,1100,0.0,0.0
2016-01-18 00:00:00+09:00,1723.921993294942,1760.215087890625,1633.1892568057347,1760.215087890625,2600,0.0,0.0
2016-01-19 00:00:00+09:00,1751.1417275918495,1751.1417275918495,1633.1891759923985,1678.5555419921875,3100,0.0,0.0
2016-01-20 00:00:00+09:00,1669.4823217147436,1669.4823217147436,1333.7712026742788,1415.4306640625,5900,0.0,0.0
2016-01-21 00:00:00+09:00,1424.503992151331,1451.7238136574074,1224.8919677734375,1224.8919677734375,10600,0.0,0.0
2016-01-22 00:00:00+09:00,1406.3576184983222,1406.3576184983222,1270.2584941275168,1351.91796875,10800,0.0,0.0
2016-01-25 00:00:00+09:00,1433.5772705078125,1442.650544371786,1370.064353459998,1433.5772705078125,3000,0.0,0.0
2016-01-26 00:00:00+09:00,1370.0642688227633,1424.5039086435354,1370.0642688227633,1388.2108154296875,2600,0.0,0.0
2016-01-27 00:00:00+09:00,1415.4306917010613,1469.8703336895637,1415.4306917010613,1442.6505126953125,1600,0.0,0.0
2016-01-28 00:00:00+09:00,1406.3574801888435,1424.5040283203125,1406.3574801888435,1424.5040283203125,1100,0.0,0.0
2016-01-29 00:00:00+09:00,1406.3573574279405,1460.7969970703125,1406.3573574279405,1460.7969970703125,1500,0.0,0.0
2016-02-01 00:00:00+09:00,1469.8703262420472,1560.603062429828,1451.723779004491,1515.2366943359375,2600,0.0,0.0
2016-02-02 00:00:00+09:00,1497.0902925379137,1542.4566650390625,1469.8704690372244,1542.4566650390625,2200,0.0,0.0
2016-02-03 00:00:00+09:00,1506.1633868550146,1560.60302734375,1460.7970197810685,1560.60302734375,2700,0.0,0.0
2016-02-04 00:00:00+09:00,1497.0901191525343,1524.3099395007623,1488.016845703125,1488.016845703125,1600,0.0,0.0
2016-02-05 00:00:00+09:00,1460.7970315004006,1460.7970315004006,1388.2108435997595,1415.4306640625,1800,0.0,0.0
2016-02-08 00:00:00+09:00,1370.0642688227633,1415.4306353400734,1324.6979023054535,1388.2108154296875,2600,0.0,0.0
2016-02-09 00:00:00+09:00,1333.7710567079741,1333.7710567079741,1297.4779667295259,1315.62451171875,4100,0.0,0.0
2016-02-10 00:00:00+09:00,1351.917858800144,1351.917858800144,1279.3316650390625,1279.3316650390625,800,0.0,0.0
2016-02-12 00:00:00+09:00,1252.111734375,1252.111734375,1070.646265625,1134.1591796875,7800,0.0,0.0
2016-02-15 00:00:00+09:00,1197.6721121651785,1270.25830078125,1188.5988385881697,1270.25830078125,1400,0.0,0.0
2016-02-16 00:00:00+09:00,1233.9652031792534,1306.5513916015625,1233.9652031792534,1306.5513916015625,500,0.0,0.0
2016-02-17 00:00:00+09:00,1306.5514276079136,1306.5514276079136,1261.18505859375,1261.18505859375,1000,0.0,0.0
2016-02-18 00:00:00+09:00,1270.2584096547719,1342.8446044921875,1270.2584096547719,1342.8446044921875,1200,0.0,0.0
2016-02-19 00:00:00+09:00,1306.5513297303082,1324.6978759765625,1297.478056607181,1324.6978759765625,1100,0.0,0.0
2016-02-22 00:00:00+09:00,1333.7712670898438,1360.9910888671875,1324.6979931640626,1360.9910888671875,400,0.0,0.0
2016-02-23 00:00:00+09:00,1315.624665154351,1342.844485812717,1297.478118048774,1306.5513916015625,1300,0.0,0.0
2016-02-24 00:00:00+09:00,1306.5513916015625,1306.5513916015625,1306.5513916015625,1306.5513916015625,200,0.0,0.0
2016-02-25 00:00:00+09:00,1279.3314217403017,1315.62451171875,1279.3314217403017,1315.62451171875,1300,0.0,0.0
2016-02-26 00:00:00+09:00,1297.4779667295259,1324.6977842133622,1297.4779667295259,1315.62451171875,500,0.0,0.0
2016-02-29 00:00:00+09:00,1288.4049072265625,1297.4781812211158,1288.4049072265625,1288.4049072265625,1900,0.0,0.0
2016-03-01 00:00:00+09:00,1288.4049072265625,1315.6247292102223,1288.4049072265625,1288.4049072265625,1600,0.0,0.0
2016-03-02 00:00:00+09:00,1297.4781215122769,1315.6246686662946,1270.25830078125,1270.25830078125,2300,0.0,0.0
2016-03-03 00:00:00+09:00,1297.4781812211158,1306.551455215669,1279.3316332320092,1288.4049072265625,1200,0.0,0.0
2016-03-04 00:00:00+09:00,1288.4047544252624,1315.6245731807255,1261.184935669799,1297.47802734375,2500,0.0,0.0
2016-03-07 00:00:00+09:00,1297.4779667295259,1324.6977842133622,1297.4779667295259,1315.62451171875,600,0.0,0.0
2016-03-08 00:00:00+09:00,1297.47802734375,1306.5513002622379,1288.4047544252624,1297.47802734375,700,0.0,0.0
2016-03-09 00:00:00+09:00,1288.4049072265625,1288.4049072265625,1288.4049072265625,1288.4049072265625,400,0.0,0.0
2016-03-10 00:00:00+09:00,1306.5513916015625,1306.5513916015625,1252.1117502848308,1306.5513916015625,4000,0.0,0.0
2016-03-11 00:00:00+09:00,1297.47802734375,1297.47802734375,1270.2582085882868,1297.47802734375,1500,0.0,0.0
2016-03-14 00:00:00+09:00,1315.62451171875,1315.62451171875,1297.4779667295259,1315.62451171875,600,0.0,0.0
2016-03-15 00:00:00+09:00,1324.6979387071399,1324.6979387071399,1306.5513916015625,1306.5513916015625,1200,0.0,0.0
2016-03-16 00:00:00+09:00,1315.62451171875,1315.62451171875,1315.62451171875,1315.62451171875,100,0.0,0.0
2016-03-17 00:00:00+09:00,1324.6978460992134,1324.6978460992134,1297.47802734375,1297.47802734375,700,0.0,0.0
2016-03-18 00:00:00+09:00,1315.624665154351,1315.624665154351,1279.3315709431968,1306.5513916015625,1400,0.0,0.0
2016-03-22 00:00:00+09:00,1297.4779667295259,1324.6977842133622,1297.4779667295259,1315.62451171875,800,0.0,0.0
2016-03-23 00:00:00+09:00,1315.6246028534354,1324.6978759765625,1315.6246028534354,1324.6978759765625,400,0.0,0.0
2016-03-24 00:00:00+09:00,1333.7711181640625,1333.7711181640625,1306.5512994260205,1333.7711181640625,600,0.0,0.0
2016-03-25 00:00:00+09:00,1333.7711490996896,1333.7711490996896,1324.6978759765625,1324.6978759765625,800,0.0,0.0
2016-03-28 00:00:00+09:00,1333.7711181640625,1333.7711181640625,1324.6978452513818,1333.7711181640625,500,0.0,0.0
2016-03-29 00:00:00+09:00,1352.16796875,1352.16796875,1352.16796875,1352.16796875,0,20.0,0.0
2016-03-30 00:00:00+09:00,1352.16796875,1352.16796875,1352.16796875,1352.16796875,0,0.0,0.0
2016-03-31 00:00:00+09:00,1333.7710613093964,1342.969482421875,1333.7710613093964,1342.969482421875,200,0.0,0.0
2016-04-01 00:00:00+09:00,1333.7712281139184,1333.7712281139184,1287.7791167996454,1296.9775390625,800,0.0,0.0
2016-04-04 00:00:00+09:00,1296.977481465944,1306.1759033203125,1296.977481465944,1306.1759033203125,600,0.0,0.0
2016-04-05 00:00:00+09:00,1296.9773335176355,1296.9773335176355,1250.9852294921875,1250.9852294921875,1400,0.0,0.0
2016-04-06 00:00:00+09:00,1260.183837890625,1260.183837890625,1241.7869935418569,1260.183837890625,600,0.0,0.0
2016-04-07 00:00:00+09:00,1260.183837890625,1260.183837890625,1260.183837890625,1260.183837890625,100,0.0,0.0
2016-04-08 00:00:00+09:00,1260.1836502972772,1260.1836502972772,1250.9852294921875,1250.9852294921875,1200,0.0,0.0
2016-04-11 00:00:00+09:00,1278.5804919074565,1278.5804919074565,1250.9852294921875,1250.9852294921875,700,0.0,0.0
2016-04-12 00:00:00+09:00,1260.183844038051,1278.5806884765625,1250.985421818795,1278.5806884765625,1300,0.0,0.0
2016-04-13 00:00:00+09:00,1287.7791748046875,1287.7791748046875,1278.580752127511,1287.7791748046875,400,0.0,0.0
2016-04-14 00:00:00+09:00,1296.9775974818638,1306.17602015904,1287.7791748046875,1287.7791748046875,1400,0.0,0.0
2016-04-15 00:00:00+09:00,1333.7711688834177,1333.7711688834177,1287.7790596115758,1306.1759033203125,4100,0.0,0.0
2016-04-18 00:00:00+09:00,1315.3744532267253,1766.09716796875,1315.3744532267253,1766.09716796875,34400,0.0,0.0
2016-04-19 00:00:00+09:00,1812.0892168830424,1812.0892168830424,1471.7475873161766,1563.7318115234375,25900,0.0,0.0
2016-04-20 00:00:00+09:00,1526.9380920410156,1554.5333587646485,1462.549136352539,1471.74755859375,5800,0.0,0.0
2016-04-21 00:00:00+09:00,1480.9459295916413,1499.3427734375,1462.5490857457823,1499.3427734375,5000,0.0,0.0
2016-04-22 00:00:00+09:00,1444.1522353273,1517.739610375825,1416.5569696841033,1480.9459228515625,6000,0.0,0.0
2016-04-25 00:00:00+09:00,1517.739617283359,1554.5333049750768,1480.9459295916413,1499.3427734375,3100,0.0,0.0
2016-04-26 00:00:00+09:00,1490.1443306503782,1490.1443306503782,1434.9537998855494,1444.1522216796875,2900,0.0,0.0
2016-04-27 00:00:00+09:00,1490.1444030761718,1508.5412475585938,1471.74755859375,1471.74755859375,1200,0.0,0.0
2016-04-28 00:00:00+09:00,1453.3505119077622,1462.5489328692036,1425.7552490234375,1425.7552490234375,2600,0.0,0.0
2016-05-02 00:00:00+09:00,1407.3585717773437,1407.3585717773437,1315.3743513997395,1379.7633056640625,4400,0.0,0.0
2016-05-06 00:00:00+09:00,1379.7633056640625,1379.7633056640625,1370.5648836263022,1379.7633056640625,900,0.0,0.0
2016-05-09 00:00:00+09:00,1352.1681021380898,1388.9617919921875,1352.1681021380898,1388.9617919921875,200,0.0,0.0
2016-05-10 00:00:00+09:00,1416.556828061996,1425.7552490234375,1379.7631442162299,1425.7552490234375,1600,0.0,0.0
2016-05-11 00:00:00+09:00,1425.7554759595218,1425.7554759595218,1352.1680965551593,1370.56494140625,2500,0.0,0.0
2016-05-12 00:00:00+09:00,1370.5647457593109,1370.5647457593109,1342.969482421875,1342.969482421875,1000,0.0,0.0
2016-05-13 00:00:00+09:00,1342.9695907377861,1342.9695907377861,1287.7790596115758,1306.1759033203125,2300,0.0,0.0
2016-05-16 00:00:00+09:00,1287.7791748046875,1287.7791748046875,1287.7791748046875,1287.7791748046875,500,0.0,0.0
2016-05-17 00:00:00+09:00,1333.77099609375,1361.3662580818966,1306.1757341056034,1333.77099609375,3500,0.0,0.0
2016-05-18 00:00:00+09:00,1333.7711688834177,1333.7711688834177,1306.1759033203125,1306.1759033203125,1400,0.0,0.0
2016-05-19 00:00:00+09:00,1315.3743896484375,1333.7712342589052,1315.3743896484375,1315.3743896484375,600,0.0,0.0
2016-05-20 00:00:00+09:00,1315.3743896484375,1315.3743896484375,1315.3743896484375,1315.3743896484375,100,0.0,0.0
2016-05-23 00:00:00+09:00,1315.3744428362165,1315.3744428362165,1287.7791748046875,1287.7791748046875,600,0.0,0.0
2016-05-24 00:00:00+09:00,1296.9775974818638,1306.17602015904,1287.7791748046875,1287.7791748046875,600,0.0,0.0
2016-05-25 00:00:00+09:00,1296.9775450379698,1315.3743896484375,1296.9775450379698,1315.3743896484375,200,0.0,0.0
2016-05-26 00:00:00+09:00,1315.3743896484375,1315.3743896484375,1315.3743896484375,1315.3743896484375,400,0.0,0.0
2016-05-27 00:00:00+09:00,1306.1759673432036,1315.3743896484375,1306.1759673432036,1315.3743896484375,200,0.0,0.0
2016-05-30 00:00:00+09:00,1306.1759033203125,1306.1759033203125,1306.1759033203125,1306.1759033203125,400,0.0,0.0
2016-05-31 00:00:00+09:00,1315.3743896484375,1315.3743896484375,1315.3743896484375,1315.3743896484375,100,0.0,0.0
2016-06-01 00:00:00+09:00,1315.3743896484375,1315.3743896484375,1315.3743896484375,1315.3743896484375,800,0.0,0.0
2016-06-02 00:00:00+09:00,1306.1759673432036,1315.3743896484375,1306.1759673432036,1315.3743896484375,500,0.0,0.0
2016-06-03 00:00:00+09:00,1315.3743896484375,1315.3743896484375,1315.3743896484375,1315.3743896484375,100,0.0,0.0
2016-06-06 00:00:00+09:00,1306.1759033203125,1306.1759033203125,1306.1759033203125,1306.1759033203125,400,0.0,0.0
2016-06-07 00:00:00+09:00,1306.1759613253546,1306.1759613253546,1296.9775390625,1296.9775390625,500,0.0,0.0
2016-06-08 00:00:00+09:00,1296.977532915074,1296.977532915074,1278.5806884765625,1278.5806884765625,2800,0.0,0.0
2016-06-09 00:00:00+09:00,1269.3822021484375,1269.3822021484375,1241.786936884341,1269.3822021484375,1600,0.0,0.0
2016-06-10 00:00:00+09:00,1269.3822600650092,1269.3822600650092,1260.183837890625,1260.183837890625,500,0.0,0.0
2016-06-13 00:00:00+09:00,1260.1838250411186,1260.1838250411186,1214.191714638158,1223.39013671875,400,0.0,0.0
2016-06-14 00:00:00+09:00,1223.3901893028847,1223.3901893028847,1177.398076923077,1195.794921875,1900,0.0,0.0
2016-06-15 00:00:00+09:00,1195.7949852397423,1204.993408203125,1195.7949852397423,1204.993408203125,200,0.0,0.0
2016-06-16 00:00:00+09:00,1204.993306822696,1204.993306822696,1085.413818359375,1085.413818359375,1300,0.0,0.0
2016-06-17 00:00:00+09:00,1149.8026033727133,1186.59628668064,1131.40576171875,1131.40576171875,2600,0.0,0.0
2016-06-20 00:00:00+09:00,1131.4058343796503,1159.0010986328125,1131.4058343796503,1159.0010986328125,1400,0.0,0.0
2016-06-21 00:00:00+09:00,1140.6043701171875,1168.1996371361518,1140.6043701171875,1140.6043701171875,700,0.0,0.0
2016-06-22 00:00:00+09:00,1149.8026123046875,1149.8026123046875,1149.8026123046875,1149.8026123046875,100,0.0,0.0
2016-06-23 00:00:00+09:00,1149.8026847839355,1177.39794921875,1149.8026847839355,1177.39794921875,1000,0.0,0.0
2016-06-24 00:00:00+09:00,1186.5964755699283,1186.5964755699283,1122.20751953125,1122.20751953125,2700,0.0,0.0
2016-06-27 00:00:00+09:00,1122.207525437878,1140.6043701171875,1122.207525437878,1140.6043701171875,900,0.0,0.0
2016-06-28 00:00:00+09:00,1140.6041825457316,1140.6041825457316,1122.2073408917684,1131.40576171875,1300,0.0,0.0
2016-06-29 00:00:00+09:00,1149.8027924568423,1149.8027924568423,1140.6043701171875,1140.6043701171875,200,0.0,0.0
2016-06-30 00:00:00+09:00,1149.8026772150918,1159.0010986328125,1149.8026772150918,1159.0010986328125,600,0.0,0.0
2016-07-01 00:00:00+09:00,1168.1995849609375,1168.1995849609375,1168.1995849609375,1168.1995849609375,700,0.0,0.0
2016-07-04 00:00:00+09:00,1168.1996042351975,1232.588558799342,1159.0011821546054,1223.39013671875,3200,0.0,0.0
2016-07-05 00:00:00+09:00,1232.5885832225176,1444.1522952681737,1232.5885832225176,1296.9775390625,14400,0.0,0.0
2016-07-06 00:00:00+09:00,1379.763454861111,1756.898799189815,1379.763454861111,1490.14453125,121900,0.0,0.0
2016-07-07 00:00:00+09:00,1720.1048204669844,1913.2716719632767,1536.1363904705154,1628.12060546875,99700,0.0,0.0
2016-07-08 00:00:00+09:00,1858.081276918069,1858.081276918069,1416.5570130959536,1434.953857421875,37000,0.0,0.0
2016-07-11 00:00:00+09:00,1434.953857421875,1434.953857421875,1434.953857421875,1434.953857421875,0,0.0,0.0
2016-07-12 00:00:00+09:00,1398.1601687700322,1563.7317677033254,1333.7712136293069,1434.953857421875,26600,0.0,0.0
2016-07-13 00:00:00+09:00,1425.7553639131434,1582.1285328584559,1379.7632553998162,1407.3585205078125,32500,0.0,0.0
2016-07-14 00:00:00+09:00,1453.3506504274765,1471.7474941037735,1425.7553849130306,1462.549072265625,8600,0.0,0.0
2016-07-15 00:00:00+09:00,1462.5491239107573,1462.5491239107573,1398.1601687700322,1434.953857421875,3600,0.0,0.0
2016-07-19 00:00:00+09:00,1444.1523825155723,1444.1523825155723,1352.168154329867,1361.3665771484375,2600,0.0,0.0
2016-07-20 00:00:00+09:00,1407.358543718365,1407.358543718365,1306.1759033203125,1306.1759033203125,6000,0.0,0.0
2016-07-21 00:00:00+09:00,1306.1759673432036,1324.5728119536714,1306.1759673432036,1315.3743896484375,1400,0.0,0.0
2016-07-22 00:00:00+09:00,1315.3743513997395,1416.556993815104,1315.3743513997395,1379.7633056640625,3500,0.0,0.0
2016-07-25 00:00:00+09:00,1425.7554818462852,1425.7554818462852,1361.3665246016142,1388.9617919921875,2200,0.0,0.0
2016-07-26 00:00:00+09:00,1398.1600334487275,1664.9142503567084,1398.1600334487275,1536.1363525390625,39900,0.0,0.0
2016-07-27 00:00:00+09:00,1517.7395738874163,1683.3111637660436,1480.9458872477214,1545.3348388671875,20100,0.0,0.0
2016-07-28 00:00:00+09:00,1526.938085628461,1526.938085628461,1453.3507080078125,1453.3507080078125,4100,0.0,0.0
2016-07-29 00:00:00+09:00,1490.1441957535283,1490.1441957535283,1407.3584071005544,1425.7552490234375,1600,0.0,0.0
2016-08-01 00:00:00+09:00,1425.7553639131434,1453.3506290211396,1370.5648336971508,1407.3585205078125,2500,0.0,0.0
2016-08-02 00:00:00+09:00,1407.3587012039989,1416.557124087685,1370.5650096692539,1398.1602783203125,1700,0.0,0.0
2016-08-03 00:00:00+09:00,1398.1600765306123,1398.1600765306123,1352.16796875,1352.16796875,2700,0.0,0.0
2016-08-04 00:00:00+09:00,1370.56494140625,1370.56494140625,1352.1680965551593,1370.56494140625,900,0.0,0.0
2016-08-05 00:00:00+09:00,1398.1601322852762,1572.9301488209358,1388.9617103623466,1499.3427734375,9600,0.0,0.0
2016-08-08 00:00:00+09:00,1536.1365078310423,1536.1365078310423,1453.3507080078125,1453.3507080078125,2000,0.0,0.0
2016-08-09 00:00:00+09:00,1407.3585847136262,1434.95385108056,1388.9617404690036,1416.5570068359375,3100,0.0,0.0
2016-08-10 00:00:00+09:00,1444.152279584836,1499.3428125626003,1434.953857421875,1434.953857421875,1200,0.0,0.0
2016-08-12 00:00:00+09:00,1480.9459616921165,1480.9459616921165,1416.5570068359375,1416.5570068359375,500,0.0,0.0
2016-08-15 00:00:00+09:00,1462.5489328692036,1462.5489328692036,1425.7552490234375,1425.7552490234375,300,0.0,0.0
2016-08-16 00:00:00+09:00,1425.7552490234375,1425.7552490234375,1425.7552490234375,1425.7552490234375,100,0.0,0.0
2016-08-17 00:00:00+09:00,1416.5570068359375,1416.5570068359375,1379.7633183466924,1416.5570068359375,1700,0.0,0.0
2016-08-18 00:00:00+09:00,1407.3587012039989,1407.3587012039989,1388.9618554366264,1398.1602783203125,700,0.0,0.0
2016-08-19 00:00:00+09:00,1388.9618554366264,1398.1602783203125,1388.9618554366264,1398.1602783203125,300,0.0,0.0
2016-08-22 00:00:00+09:00,1398.1602783203125,1398.1602783203125,1398.1602783203125,1398.1602783203125,0,0.0,0.0
2016-08-23 00:00:00+09:00,1388.9617919921875,1388.9617919921875,1388.9617919921875,1388.9617919921875,300,0.0,0.0
2016-08-24 00:00:00+09:00,1407.3585205078125,1407.3585205078125,1398.160098805147,1407.3585205078125,500,0.0,0.0
2016-08-25 00:00:00+09:00,1444.1522216796875,1444.1522216796875,1444.1522216796875,1444.1522216796875,300,0.0,0.0
2016-08-26 00:00:00+09:00,1453.3506290211396,1453.3506290211396,1407.3585205078125,1407.3585205078125,800,0.0,0.0
2016-08-29 00:00:00+09:00,1453.3507080078125,1471.7475524129745,1425.7554414000692,1453.3507080078125,1100,0.0,0.0
2016-08-30 00:00:00+09:00,1499.3427734375,1545.3348830521472,1462.5490857457823,1499.3427734375,7000,0.0,0.0
2016-08-31 00:00:00+09:00,1526.9380251326652,1536.1364469708137,1462.549072265625,1462.549072265625,3900,0.0,0.0
2016-09-01 00:00:00+09:00,1453.3506290211396,1453.3506290211396,1407.3585205078125,1407.3585205078125,3300,0.0,0.0
2016-09-02 00:00:00+09:00,1388.9618456041492,1388.9618456041492,1324.5728858741554,1361.3665771484375,12700,0.0,0.0
2016-09-05 00:00:00+09:00,1361.3663903061224,1370.5648118622448,1352.16796875,1352.16796875,1400,0.0,0.0
2016-09-06 00:00:00+09:00,1333.7711256377552,1352.16796875,1324.5727040816328,1352.16796875,2500,0.0,0.0
2016-09-07 00:00:00+09:00,1342.969674129614,1388.9617862573405,1333.7712517040688,1370.56494140625,2500,0.0,0.0
2016-09-08 00:00:00+09:00,1370.5648836263022,1388.9617277018228,1342.9696175130207,1379.7633056640625,3400,0.0,0.0
2016-09-09 00:00:00+09:00,1361.3665246016142,1444.152326773334,1361.3665246016142,1388.9617919921875,4600,0.0,0.0
2016-09-12 00:00:00+09:00,1388.9616549744899,1425.7553411989795,1352.16796875,1352.16796875,3300,0.0,0.0
2016-09-13 00:00:00+09:00,1370.5647457593109,1370.5647457593109,1342.969482421875,1342.969482421875,1300,0.0,0.0
2016-09-14 00:00:00+09:00,1342.969656564139,1342.969656564139,1315.3743896484375,1315.3743896484375,2200,0.0,0.0
2016-09-15 00:00:00+09:00,1324.57275390625,1324.57275390625,1315.3743320041233,1324.57275390625,600,0.0,0.0
2016-09-16 00:00:00+09:00,1342.969482421875,1342.969482421875,1342.969482421875,1342.969482421875,200,0.0,0.0
2016-09-20 00:00:00+09:00,1352.168154329867,1379.7634227855785,1352.168154329867,1361.3665771484375,1600,0.0,0.0
2016-09-21 00:00:00+09:00,1361.3663903061224,1361.3663903061224,1352.16796875,1352.16796875,200,0.0,0.0
2016-09-23 00:00:00+09:00,1388.9616048177083,1655.7158203125,1370.5647623697917,1517.739501953125,72300,0.0,0.0
2016-09-26 00:00:00+09:00,1499.3426809003277,1848.8826923985634,1490.1442595451108,1710.9063720703125,75700,0.0,0.0
2016-09-27 00:00:00+09:00,1710.9065272444384,2170.82763671875,1683.3112606759798,2170.82763671875,190500,0.0,0.0
2016-09-28 00:00:00+09:00,2299.605417469321,2336.3991041488302,1885.676442324843,2014.454345703125,162500,0.0,0.0
2016-09-29 00:00:00+09:00,2014.4543825545402,2124.835444612323,1876.4780549823113,1950.0654296875,37900,0.0,0.0
2016-09-30 00:00:00+09:00,1894.8749753393308,1904.073397549716,1793.6923310250947,1821.28759765625,17800,0.0,0.0
2016-10-03 00:00:00+09:00,1876.478078358209,1885.6765003109454,1812.0891246890549,1848.8828125,13100,0.0,0.0
2016-10-04 00:00:00+09:00,1830.485779798353,1830.485779798353,1683.3110437341638,1701.7078857421875,12000,0.0,0.0
2016-10-05 00:00:00+09:00,1720.1049290707238,1848.8828381990133,1720.1049290707238,1747.7001953125,22000,0.0,0.0
2016-10-06 00:00:00+09:00,1793.6922466817327,1848.8827773488629,1756.8985595703125,1756.8985595703125,10400,0.0,0.0
2016-10-07 00:00:00+09:00,1747.7001377924576,1775.2954031260226,1710.9064506810373,1756.8985595703125,7200,0.0,0.0
2016-10-11 00:00:00+09:00,1793.6924362182617,1931.6687774658203,1756.8987452189128,1766.09716796875,20400,0.0,0.0
2016-10-12 00:00:00+09:00,1766.0970982142858,1766.0970982142858,1729.3034086681548,1738.5018310546875,5200,0.0,0.0
2016-10-13 00:00:00+09:00,1710.9063067461993,1720.1047277502112,1683.3110437341638,1701.7078857421875,4800,0.0,0.0
2016-10-14 00:00:00+09:00,1674.1127861870661,1674.1127861870661,1655.7159423828125,1655.7159423828125,2900,0.0,0.0
2016-10-17 00:00:00+09:00,1655.716006452866,1674.112850969009,1655.716006452866,1664.9144287109375,1800,0.0,0.0
2016-10-18 00:00:00+09:00,1674.112622730152,1720.1047277502112,1674.112622730152,1701.7078857421875,1700,0.0,0.0
2016-10-19 00:00:00+09:00,1683.3111080046622,1738.5016361359626,1674.1126866494455,1710.9063720703125,3700,0.0,0.0
2016-10-20 00:00:00+09:00,1701.7081238793544,1710.9065461705943,1683.311279296875,1683.311279296875,1700,0.0,0.0
2016-10-21 00:00:00+09:00,1710.9065461705943,1710.9065461705943,1664.9144347143954,1683.311279296875,2000,0.0,0.0
2016-10-24 00:00:00+09:00,1683.311058307516,1683.311058307516,1591.3268474710399,1600.5252685546875,4200,0.0,0.0
2016-10-25 00:00:00+09:00,1618.9221839689264,1628.12060546875,1572.9300764698094,1628.12060546875,4100,0.0,0.0
2016-10-26 00:00:00+09:00,1609.7237371629285,1812.0890069776965,1572.9300517420616,1710.9063720703125,31300,0.0,0.0
2016-10-27 00:00:00+09:00,1729.3033175998264,1729.3033175998264,1646.5175204806858,1655.7159423828125,2800,0.0,0.0
2016-10-28 00:00:00+09:00,1628.120733676676,1646.517578125,1628.120733676676,1646.517578125,900,0.0,0.0
2016-10-31 00:00:00+09:00,1609.723876953125,1609.723876953125,1609.723876953125,1609.723876953125,100,0.0,0.0
2016-11-01 00:00:00+09:00,1609.7238951625086,1683.3112732270804,1591.3270506463657,1664.9144287109375,2300,0.0,0.0
2016-11-02 00:00:00+09:00,1618.9221107219826,1628.1205318056302,1591.3268474710399,1600.5252685546875,2500,0.0,0.0
2016-11-04 00:00:00+09:00,1591.3269617834758,1591.3269617834758,1582.1285400390625,1582.1285400390625,500,0.0,0.0
2016-11-07 00:00:00+09:00,1563.7316965502362,1582.1285400390625,1563.7316965502362,1582.1285400390625,600,0.0,0.0
2016-11-08 00:00:00+09:00,1572.9300292968749,1572.9300292968749,1499.3426595052083,1517.739501953125,2600,0.0,0.0
2016-11-09 00:00:00+09:00,1499.3427161239997,1517.7395592666255,1407.3585004108709,1508.5411376953125,6200,0.0,0.0
2016-11-10 00:00:00+09:00,1554.5334522626554,1692.509794179459,1508.5413382903876,1572.9302978515625,20600,0.0,0.0
2016-11-11 00:00:00+09:00,1600.525501206342,1600.525501206342,1554.5333891027115,1563.7318115234375,1400,0.0,0.0
2016-11-14 00:00:00+09:00,1563.731789510758,1683.311279296875,1554.5333672195184,1683.311279296875,8100,0.0,0.0
2016-11-15 00:00:00+09:00,1683.311214908139,1683.311214908139,1646.5175271505839,1674.11279296875,400,0.0,0.0
2016-11-16 00:00:00+09:00,1674.11279296875,1674.11279296875,1674.11279296875,1674.11279296875,300,0.0,0.0
2016-11-17 00:00:00+09:00,1683.3112732270804,1683.3112732270804,1664.9144287109375,1664.9144287109375,700,0.0,0.0
2016-11-18 00:00:00+09:00,1637.319091796875,1674.1127792529844,1637.319091796875,1637.319091796875,700,0.0,0.0
2016-11-21 00:00:00+09:00,1646.5173597181165,1701.7078857421875,1646.5173597181165,1701.7078857421875,1300,0.0,0.0
2016-11-22 00:00:00+09:00,1747.7003224690754,1784.4940134684246,1710.9066314697266,1766.09716796875,7100,0.0,0.0
2016-11-24 00:00:00+09:00,1793.692138671875,1793.692138671875,1729.3031901041666,1793.692138671875,2100,0.0,0.0
2016-11-25 00:00:00+09:00,1775.2954743375485,1821.2875850716819,1738.5017857502417,1784.493896484375,4200,0.0,0.0
2016-11-28 00:00:00+09:00,1821.2876097424196,1913.2718324566833,1766.0970761138615,1858.081298828125,11400,0.0,0.0
2016-11-29 00:00:00+09:00,1867.279556348128,2078.843249924517,1821.287449048913,1904.0732421875,21800,0.0,0.0
2016-11-30 00:00:00+09:00,1904.0732421875,2106.438514304046,1876.477977807971,1904.0732421875,12400,0.0,0.0
2016-12-01 00:00:00+09:00,1913.2716315954774,1922.4700529012248,1821.2874185380024,1830.48583984375,4900,0.0,0.0
2016-12-02 00:00:00+09:00,1839.684355571008,1839.684355571008,1729.3032942367474,1756.8985595703125,5800,0.0,0.0
2016-12-05 00:00:00+09:00,1747.7002648862533,1775.2955322265625,1655.7160404185556,1775.2955322265625,7100,0.0,0.0
2016-12-06 00:00:00+09:00,1775.2954788562865,2005.256033112282,1775.2954788562865,1977.6607666015625,30000,0.0,0.0
2016-12-07 00:00:00+09:00,1931.6687181260852,1986.8592529296875,1904.073450724284,1986.8592529296875,7600,0.0,0.0
2016-12-08 00:00:00+09:00,1977.6607538738524,1977.6607538738524,1931.6686433186464,1940.8670654296875,2700,0.0,0.0
2016-12-09 00:00:00+09:00,1885.6764490464154,1922.4701358570771,1848.8827622357537,1876.47802734375,2600,0.0,0.0
2016-12-12 00:00:00+09:00,1922.4701358570771,1922.4701358570771,1867.2796056410846,1876.47802734375,1300,0.0,0.0
2016-12-13 00:00:00+09:00,1867.2796426376112,1867.2796426376112,1802.8906894432107,1812.089111328125,3000,0.0,0.0
2016-12-14 00:00:00+09:00,1858.0811037609924,1858.0811037609924,1812.088997232255,1830.48583984375,1700,0.0,0.0
2016-12-15 00:00:00+09:00,1830.48583984375,1830.48583984375,1830.48583984375,1830.48583984375,500,0.0,0.0
2016-12-16 00:00:00+09:00,1839.6844482421875,1885.6765594482422,1830.4860260009766,1839.6844482421875,1000,0.0,0.0
2016-12-19 00:00:00+09:00,1793.6923186312017,1793.6923186312017,1747.7002078970684,1784.493896484375,2200,0.0,0.0
2016-12-20 00:00:00+09:00,1775.2955206008185,1775.2955206008185,1738.5018310546875,1738.5018310546875,1300,0.0,0.0
2016-12-21 00:00:00+09:00,1738.5018310546875,1747.7002534412204,1738.5018310546875,1738.5018310546875,1200,0.0,0.0
2016-12-22 00:00:00+09:00,1756.898478846396,1756.898478846396,1683.3111080046622,1710.9063720703125,2100,0.0,0.0
2016-12-26 00:00:00+09:00,1664.9143573889571,1664.9143573889571,1618.9222480688202,1637.319091796875,5500,0.0,0.0
2016-12-27 00:00:00+09:00,1637.3189614035866,1637.3189614035866,1609.7236980091443,1618.922119140625,4300,0.0,0.0
2016-12-28 00:00:00+09:00,1609.7237624691031,1655.7158699682202,1609.7237624691031,1628.12060546875,1600,0.0,0.0
2016-12-29 00:00:00+09:00,1655.7159355249298,1655.7159355249298,1637.319091796875,1637.319091796875,1600,0.0,0.0
2016-12-30 00:00:00+09:00,1646.5174484683969,1646.5174484683969,1628.12060546875,1628.12060546875,700,0.0,0.0
2017-01-04 00:00:00+09:00,1646.517578125,1646.517578125,1646.517578125,1646.517578125,400,0.0,0.0
2017-01-05 00:00:00+09:00,1674.1127996030061,1692.5096435546875,1655.7159556513247,1692.5096435546875,2500,0.0,0.0
2017-01-06 00:00:00+09:00,1738.5015697582348,1738.5015697582348,1692.5094647381757,1701.7078857421875,1600,0.0,0.0
2017-01-10 00:00:00+09:00,1720.1049094822095,1720.1049094822095,1692.5096435546875,1692.5096435546875,800,0.0,0.0
2017-01-11 00:00:00+09:00,1710.906480726305,1710.906480726305,1674.11279296875,1674.11279296875,700,0.0,0.0
2017-01-12 00:00:00+09:00,1674.112850969009,1674.112850969009,1646.5175841947946,1664.9144287109375,700,0.0,0.0
2017-01-13 00:00:00+09:00,1664.9144225733241,1664.9144225733241,1628.120733676676,1646.517578125,1300,0.0,0.0
2017-01-16 00:00:00+09:00,1628.1206699328475,1655.7159355249298,1628.1206699328475,1637.319091796875,600,0.0,0.0
2017-01-17 00:00:00+09:00,1637.3189614035866,1637.3189614035866,1618.922119140625,1618.922119140625,1300,0.0,0.0
2017-01-18 00:00:00+09:00,1646.5173825350676,1646.5173825350676,1618.922119140625,1618.922119140625,800,0.0,0.0
2017-01-19 00:00:00+09:00,1628.120540272106,1628.120540272106,1618.922119140625,1618.922119140625,800,0.0,0.0
2017-01-20 00:00:00+09:00,1628.12060546875,1628.12060546875,1628.12060546875,1628.12060546875,100,0.0,0.0
2017-01-23 00:00:00+09:00,1646.5175655691964,1646.5175655691964,1609.723876953125,1609.723876953125,2200,0.0,0.0
2017-01-24 00:00:00+09:00,1591.3271484375,1600.5255712608382,1582.1287256141618,1591.3271484375,2700,0.0,0.0
2017-01-25 00:00:00+09:00,1618.9224169075144,1618.9224169075144,1591.3271484375,1591.3271484375,1400,0.0,0.0
2017-01-26 00:00:00+09:00,1609.7237624691031,1664.9142914680438,1609.7237624691031,1628.12060546875,1900,0.0,0.0
2017-01-27 00:00:00+09:00,1655.716006452866,1664.9144287109375,1646.5175841947946,1664.9144287109375,1600,0.0,0.0
2017-01-30 00:00:00+09:00,1674.1127861870661,1674.1127861870661,1646.5175204806858,1655.7159423828125,1300,0.0,0.0
2017-01-31 00:00:00+09:00,1683.3112080891929,1683.3112080891929,1646.5175204806858,1655.7159423828125,3700,0.0,0.0
2017-02-01 00:00:00+09:00,1655.7159423828125,1655.7159423828125,1655.7159423828125,1655.7159423828125,0,0.0,0.0
2017-02-02 00:00:00+09:00,1655.7160003491622,1655.7160003491622,1646.517578125,1646.517578125,500,0.0,0.0
2017-02-03 00:00:00+09:00,1646.5173825350676,1646.5173825350676,1618.922119140625,1618.922119140625,1100,0.0,0.0
2017-02-06 00:00:00+09:00,1609.7238892283522,1646.517578125,1600.52546700419,1646.517578125,800,0.0,0.0
2017-02-07 00:00:00+09:00,1637.3189614035866,1637.3189614035866,1618.922119140625,1618.922119140625,1100,0.0,0.0
2017-02-08 00:00:00+09:00,1655.7159423828125,1655.7159423828125,1655.7159423828125,1655.7159423828125,200,0.0,0.0
2017-02-09 00:00:00+09:00,1628.12060546875,1628.12060546875,1628.12060546875,1628.12060546875,100,0.0,0.0
2017-02-10 00:00:00+09:00,1646.517590131916,1683.311279296875,1646.517590131916,1683.311279296875,1700,0.0,0.0
2017-02-13 00:00:00+09:00,1710.906480726305,1738.5017465444712,1664.9143710293613,1674.11279296875,3400,0.0,0.0
2017-02-14 00:00:00+09:00,1674.1127861870661,1674.1127861870661,1655.7159423828125,1655.7159423828125,1100,0.0,0.0
2017-02-15 00:00:00+09:00,1674.112844797486,1683.311267021648,1637.319155900838,1646.517578125,1600,0.0,0.0
2017-02-16 00:00:00+09:00,1646.517578125,1674.112844797486,1637.319155900838,1646.517578125,900,0.0,0.0
2017-02-17 00:00:00+09:00,1646.517578125,1646.517578125,1646.517578125,1646.517578125,100,0.0,0.0
2017-02-20 00:00:00+09:00,1655.7159490899726,1674.11279296875,1655.7159490899726,1674.11279296875,500,0.0,0.0
2017-02-21 00:00:00+09:00,1674.1127996030061,1692.5096435546875,1674.1127996030061,1692.5096435546875,800,0.0,0.0
2017-02-22 00:00:00+09:00,1683.3112215788467,1692.5096435546875,1683.3112215788467,1692.5096435546875,400,0.0,0.0
2017-02-23 00:00:00+09:00,1683.311279296875,1683.311279296875,1683.311279296875,1683.311279296875,300,0.0,0.0
2017-02-24 00:00:00+09:00,1701.708065530528,1701.708065530528,1683.3112215788467,1692.5096435546875,300,0.0,0.0
2017-02-27 00:00:00+09:00,1720.1049622593664,1720.1049622593664,1664.9144287109375,1664.9144287109375,1200,0.0,0.0
2017-02-28 00:00:00+09:00,1655.7159423828125,1655.7159423828125,1655.7159423828125,1655.7159423828125,100,0.0,0.0
2017-03-01 00:00:00+09:00,1664.9143710293613,1674.11279296875,1664.9143710293613,1674.11279296875,200,0.0,0.0
2017-03-02 00:00:00+09:00,1701.7078857421875,1701.7078857421875,1692.5094647381757,1701.7078857421875,1400,0.0,0.0
2017-03-03 00:00:00+09:00,1692.509695485152,1692.509695485152,1664.9144287109375,1664.9144287109375,1200,0.0,0.0
2017-03-06 00:00:00+09:00,1664.9144287109375,1674.112850969009,1664.9144287109375,1664.9144287109375,500,0.0,0.0
2017-03-07 00:00:00+09:00,1664.9143710293613,1674.11279296875,1664.9143710293613,1674.11279296875,300,0.0,0.0
2017-03-08 00:00:00+09:00,1674.1128570056353,1683.311279296875,1674.1128570056353,1683.311279296875,300,0.0,0.0
2017-03-09 00:00:00+09:00,1701.708065530528,1701.708065530528,1692.5096435546875,1692.5096435546875,1200,0.0,0.0
2017-03-10 00:00:00+09:00,1701.7078857421875,1701.7078857421875,1701.7078857421875,1701.7078857421875,400,0.0,0.0
2017-03-13 00:00:00+09:00,1710.9063720703125,1710.9063720703125,1710.9063720703125,1710.9063720703125,300,0.0,0.0
2017-03-14 00:00:00+09:00,1692.5096435546875,1692.5096435546875,1692.5096435546875,1692.5096435546875,200,0.0,0.0
2017-03-15 00:00:00+09:00,1701.708065530528,1701.708065530528,1692.5096435546875,1692.5096435546875,400,0.0,0.0
2017-03-16 00:00:00+09:00,1683.3110437341638,1701.7078857421875,1683.3110437341638,1701.7078857421875,1200,0.0,0.0
2017-03-17 00:00:00+09:00,1683.3112732270804,1683.3112732270804,1664.9144287109375,1664.9144287109375,1100,0.0,0.0
2017-03-21 00:00:00+09:00,1664.9143710293613,1674.11279296875,1664.9143710293613,1674.11279296875,1500,0.0,0.0
2017-03-22 00:00:00+09:00,1683.3112732270804,1683.3112732270804,1664.9144287109375,1664.9144287109375,600,0.0,0.0
2017-03-23 00:00:00+09:00,1655.7159423828125,1674.1127861870661,1655.7159423828125,1655.7159423828125,600,0.0,0.0
2017-03-24 00:00:00+09:00,1683.3112080891929,1683.3112080891929,1655.7159423828125,1655.7159423828125,500,0.0,0.0
2017-03-27 00:00:00+09:00,1655.7158699682202,1655.7158699682202,1628.12060546875,1628.12060546875,1700,0.0,0.0
2017-03-28 00:00:00+09:00,1628.1207396786517,1674.112850969009,1618.9223174205802,1664.9144287109375,2600,0.0,0.0
2017-03-29 00:00:00+09:00,1748.1599312994679,2118.140869140625,1720.411360961381,2118.140869140625,51000,10.0,0.0
2017-03-30 00:00:00+09:00,2589.8668416341147,2858.1030502319336,2432.624926249186,2663.863037109375,495500,0.0,0.0
2017-03-31 00:00:00+09:00,2469.623166106468,2506.621265973232,2229.135516972505,2386.37744140625,79900,0.0,0.0
2017-04-03 00:00:00+09:00,2358.6289617841335,2358.6289617841335,2118.1413029355554,2155.139404296875,35700,0.0,0.0
2017-04-04 00:00:00+09:00,2118.1410928441387,2219.8858614960404,2025.645848615137,2044.1448974609375,27000,0.0,0.0
2017-04-05 00:00:00+09:00,2044.1449758130452,2044.1449758130452,1960.8992528161339,1988.6478271484375,12800,0.0,0.0
2017-04-06 00:00:00+09:00,2044.144910222834,2238.3849243164063,1988.647763338956,2034.8953857421875,57500,0.0,0.0
2017-04-07 00:00:00+09:00,1997.8973200871394,2034.8954186072715,1886.9030245267427,1923.901123046875,16900,0.0,0.0
2017-04-10 00:00:00+09:00,1933.150647676908,1933.150647676908,1905.4020737868088,1923.901123046875,4000,0.0,0.0
2017-04-11 00:00:00+09:00,1942.400099810432,1942.400099810432,1886.9029541015625,1886.9029541015625,3200,0.0,0.0
2017-04-12 00:00:00+09:00,1905.4021502084684,1905.4021502084684,1785.1583251953125,1785.1583251953125,3500,0.0,0.0
2017-04-13 00:00:00+09:00,1785.1580572666267,1803.6571044921875,1729.660915589944,1803.6571044921875,5700,0.0,0.0
2017-04-14 00:00:00+09:00,1785.158165756537,1831.4057866310586,1775.9086415816325,1812.90673828125,3200,0.0,0.0
2017-04-17 00:00:00+09:00,1812.9067634503867,1822.156287753705,1775.9086662371135,1794.40771484375,2800,0.0,0.0
2017-04-18 00:00:00+09:00,1840.6554776937655,1868.404052734375,1822.1564276666925,1868.404052734375,3200,0.0,0.0
2017-04-19 00:00:00+09:00,1822.1564276666925,1877.6535777479116,1822.1564276666925,1868.404052734375,3500,0.0,0.0
2017-04-20 00:00:00+09:00,1849.9048569623162,1896.152478386374,1849.9048569623162,1886.9029541015625,2800,0.0,0.0
2017-04-21 00:00:00+09:00,1896.1524910762394,1896.1524910762394,1859.1543936893859,1877.6534423828125,1500,0.0,0.0
2017-04-24 00:00:00+09:00,1896.1525835309708,2071.8935546875,1896.1525835309708,2071.8935546875,10900,0.0,0.0
2017-04-25 00:00:00+09:00,2071.893550145349,2127.3906988099566,1951.6497280386993,1988.6478271484375,6200,0.0,0.0
2017-04-26 00:00:00+09:00,2034.895275934646,2062.6438478792093,1997.8971800085615,2025.645751953125,2600,0.0,0.0
2017-04-27 00:00:00+09:00,2034.8954510356104,2164.3887979196948,1988.6478271484375,1988.6478271484375,12100,0.0,0.0
2017-04-28 00:00:00+09:00,1997.8973784110917,2007.146903311143,1923.9011792106808,1970.1488037109375,7300,0.0,0.0
2017-05-01 00:00:00+09:00,1970.1489915979623,2034.8956720730127,1970.1489915979623,2007.1470947265625,1900,0.0,0.0
2017-05-02 00:00:00+09:00,2034.895534690367,2044.1450598480503,2007.1469592173164,2016.396484375,3000,0.0,0.0
2017-05-08 00:00:00+09:00,2044.1447999161671,2053.394323897688,2016.3962279716038,2025.645751953125,5100,0.0,0.0
2017-05-09 00:00:00+09:00,2044.144880623653,2238.3848919046336,2044.144880623653,2145.8896484375,12300,0.0,0.0
2017-05-10 00:00:00+09:00,2071.893536603009,2099.6421107539422,1997.8973388671875,1997.8973388671875,6600,0.0,0.0
2017-05-11 00:00:00+09:00,2016.3963162404186,2118.141084491082,1951.649645535451,1960.899169921875,18700,0.0,0.0
2017-05-12 00:00:00+09:00,1997.8972191671721,1997.8972191671721,1896.1524533762515,1905.4019775390625,10400,0.0,0.0
2017-05-15 00:00:00+09:00,1877.6534423828125,1886.902966729526,1822.1562963025324,1877.6534423828125,4700,0.0,0.0
2017-05-16 00:00:00+09:00,1896.1524658203125,1914.65151426734,1896.1524658203125,1896.1524658203125,1400,0.0,0.0
2017-05-17 00:00:00+09:00,1905.4019900438263,1923.9010384908538,1896.1524658203125,1896.1524658203125,2200,0.0,0.0
2017-05-18 00:00:00+09:00,1868.4039055319395,1896.152478386374,1840.6553326775047,1886.9029541015625,3000,0.0,0.0
2017-05-19 00:00:00+09:00,1886.902880859375,1942.4000244140625,1877.6533569335938,1942.4000244140625,2500,0.0,0.0
2017-05-22 00:00:00+09:00,1960.8990147569446,2173.638058810764,1942.3999674479167,2081.142822265625,18500,0.0,0.0
2017-05-23 00:00:00+09:00,2071.8934836647727,2164.388728471236,2025.6458612615413,2034.8953857421875,10300,0.0,0.0
2017-05-24 00:00:00+09:00,2044.144962452076,2044.144962452076,1997.8973388671875,1997.8973388671875,2300,0.0,0.0
2017-05-25 00:00:00+09:00,1997.8973189702645,2127.3906637183372,1997.8973189702645,2099.64208984375,5600,0.0,0.0
2017-05-26 00:00:00+09:00,2090.3925326260655,2090.3925326260655,2016.396336780895,2034.8953857421875,3600,0.0,0.0
2017-05-29 00:00:00+09:00,2127.3906768528764,2127.3906768528764,2081.143053443031,2090.392578125,2200,0.0,0.0
2017-05-30 00:00:00+09:00,2099.641893874369,2099.641893874369,2062.643798828125,2062.643798828125,2100,0.0,0.0
2017-05-31 00:00:00+09:00,2044.1447276475694,2099.641869574653,2044.1447276475694,2081.142822265625,2800,0.0,0.0
2017-06-01 00:00:00+09:00,2090.3922988025383,2127.390392586654,2090.3922988025383,2118.140869140625,3200,0.0,0.0
2017-06-02 00:00:00+09:00,2127.390650699013,2145.8896998355262,2108.8916015625,2108.8916015625,1500,0.0,0.0
2017-06-05 00:00:00+09:00,2108.8916015625,2108.8916015625,2053.3944541529604,2108.8916015625,2100,0.0,0.0
2017-06-06 00:00:00+09:00,2071.8935032894738,2108.8916015625,2071.8935032894738,2108.8916015625,1000,0.0,0.0
2017-06-07 00:00:00+09:00,2081.142846351247,2099.641893874369,2062.643798828125,2062.643798828125,2000,0.0,0.0
2017-06-08 00:00:00+09:00,2062.643798828125,2062.643798828125,2062.643798828125,2062.643798828125,100,0.0,0.0
2017-06-09 00:00:00+09:00,2062.643798828125,2071.893322589686,2053.3942750665638,2062.643798828125,1100,0.0,0.0
2017-06-12 00:00:00+09:00,2071.8932986111113,2081.142822265625,2071.8932986111113,2081.142822265625,300,0.0,0.0
2017-06-13 00:00:00+09:00,2090.3925524259867,2108.8916015625,2062.643978721217,2108.8916015625,800,0.0,0.0
2017-06-14 00:00:00+09:00,2108.8913340692934,2155.1389510444974,2108.8913340692934,2127.390380859375,1800,0.0,0.0
2017-06-15 00:00:00+09:00,2127.390392586654,2127.390392586654,2118.140869140625,2118.140869140625,400,0.0,0.0
2017-06-16 00:00:00+09:00,2081.142846351247,2081.142846351247,2062.643798828125,2062.643798828125,1400,0.0,0.0
2017-06-19 00:00:00+09:00,2062.643798828125,2062.643798828125,2053.3942750665638,2062.643798828125,800,0.0,0.0
2017-06-20 00:00:00+09:00,2053.394421883838,2053.394421883838,2044.1448974609375,2044.1448974609375,1100,0.0,0.0
2017-06-21 00:00:00+09:00,2044.1447513050027,2062.643798828125,2034.8952275434415,2062.643798828125,2600,0.0,0.0
2017-06-22 00:00:00+09:00,2062.643810925183,2062.643810925183,2053.394287109375,2053.394287109375,300,0.0,0.0
2017-06-23 00:00:00+09:00,2053.394287109375,2053.394287109375,2007.146668030335,2053.394287109375,1600,0.0,0.0
2017-06-26 00:00:00+09:00,2053.394287109375,2053.394287109375,2053.394287109375,2053.394287109375,100,0.0,0.0
2017-06-27 00:00:00+09:00,2053.394421883838,2053.394421883838,2044.1448974609375,2044.1448974609375,300,0.0,0.0
2017-06-28 00:00:00+09:00,2034.895534690367,2034.895534690367,2016.396484375,2016.396484375,300,0.0,0.0
2017-06-29 00:00:00+09:00,2034.895534690367,2034.895534690367,2016.396484375,2016.396484375,1100,0.0,0.0
2017-06-30 00:00:00+09:00,2007.1470947265625,2007.1470947265625,1988.6480431622624,2007.1470947265625,1200,0.0,0.0
2017-07-03 00:00:00+09:00,2007.1468635841652,2007.1468635841652,1997.8973388671875,1997.8973388671875,900,0.0,0.0
2017-07-04 00:00:00+09:00,2007.1468123002487,2053.3944347034803,2007.1468123002487,2034.8953857421875,1300,0.0,0.0
2017-07-05 00:00:00+09:00,2071.8935546875,2071.8935546875,2071.8935546875,2071.8935546875,400,0.0,0.0
2017-07-06 00:00:00+09:00,2071.893334740991,2071.893334740991,2053.394287109375,2053.394287109375,600,0.0,0.0
2017-07-07 00:00:00+09:00,2053.394287109375,2081.1428585567987,2053.394287109375,2053.394287109375,1000,0.0,0.0
2017-07-10 00:00:00+09:00,2118.1411261307567,2118.1411261307567,2108.8916015625,2108.8916015625,1200,0.0,0.0
2017-07-11 00:00:00+09:00,2108.8913932291666,2108.8913932291666,2081.142822265625,2081.142822265625,300,0.0,0.0
2017-07-12 00:00:00+09:00,2099.642102806969,2099.642102806969,2090.392578125,2090.392578125,300,0.0,0.0
2017-07-13 00:00:00+09:00,2090.392578125,2090.392578125,2090.392578125,2090.392578125,100,0.0,0.0
2017-07-14 00:00:00+09:00,2081.143079485212,2081.143079485212,2071.8935546875,2071.8935546875,400,0.0,0.0
2017-07-17 00:00:00+09:00,2071.8935546875,2071.8935546875,2071.8935546875,2071.8935546875,0,0.0,0.0
2017-07-18 00:00:00+09:00,2071.893470729638,2071.893470729638,2044.1448974609375,2044.1448974609375,600,0.0,0.0
2017-07-19 00:00:00+09:00,2090.3925524259867,2127.390650699013,2016.3963558799342,2108.8916015625,3800,0.0,0.0
2017-07-20 00:00:00+09:00,2108.8916144686123,2108.8916144686123,2099.64208984375,2099.64208984375,500,0.0,0.0
2017-07-21 00:00:00+09:00,2099.641893874369,2099.641893874369,2062.643798828125,2062.643798828125,200,0.0,0.0
2017-07-24 00:00:00+09:00,2108.8916015625,2108.8916015625,2081.14302785773,2108.8916015625,900,0.0,0.0
2017-07-25 00:00:00+09:00,2108.8916538783483,2108.8916538783483,2062.644029889788,2071.8935546875,1300,0.0,0.0
2017-07-26 00:00:00+09:00,2099.641906188415,2099.641906188415,2034.8952394777589,2053.394287109375,2700,0.0,0.0
2017-07-27 00:00:00+09:00,2062.643810925183,2062.643810925183,2053.394287109375,2053.394287109375,600,0.0,0.0
2017-07-28 00:00:00+09:00,2062.643798828125,2099.641893874369,2053.3942750665638,2062.643798828125,1600,0.0,0.0
2017-07-31 00:00:00+09:00,2044.144910222834,2053.3944347034803,2025.6458612615413,2034.8953857421875,800,0.0,0.0
2017-08-01 00:00:00+09:00,2034.8956720730127,2071.8937752016127,2007.1470947265625,2007.1470947265625,3200,0.0,0.0
2017-08-02 00:00:00+09:00,2071.8937752016127,2071.8937752016127,2007.1470947265625,2007.1470947265625,500,0.0,0.0
2017-08-03 00:00:00+09:00,2007.1468123002487,2034.8953857421875,2007.1468123002487,2034.8953857421875,1100,0.0,0.0
2017-08-04 00:00:00+09:00,2034.8956720730127,2034.8956720730127,2007.1470947265625,2007.1470947265625,400,0.0,0.0
2017-08-07 00:00:00+09:00,2007.1470947265625,2007.1470947265625,2007.1470947265625,2007.1470947265625,400,0.0,0.0
2017-08-08 00:00:00+09:00,1997.897434059633,2016.396484375,1997.897434059633,2016.396484375,700,0.0,0.0
2017-08-09 00:00:00+09:00,2016.396484375,2016.396484375,2016.396484375,2016.396484375,100,0.0,0.0
2017-08-10 00:00:00+09:00,2044.144962452076,2044.144962452076,1988.6478141502098,1997.8973388671875,1000,0.0,0.0
2017-08-11 00:00:00+09:00,1997.8973388671875,1997.8973388671875,1997.8973388671875,1997.8973388671875,0,0.0,0.0
2017-08-14 00:00:00+09:00,1997.897434059633,2016.396484375,1933.1507579558486,2016.396484375,1800,0.0,0.0
2017-08-15 00:00:00+09:00,2016.396484375,2016.396484375,2016.396484375,2016.396484375,100,0.0,0.0
2017-08-16 00:00:00+09:00,2007.1468767033068,2007.1468767033068,1988.6478271484375,1988.6478271484375,400,0.0,0.0
2017-08-17 00:00:00+09:00,1988.6478271484375,1988.6478271484375,1988.6478271484375,1988.6478271484375,0,0.0,0.0
2017-08-18 00:00:00+09:00,1988.6478535110402,1988.6478535110402,1970.1488037109375,1970.1488037109375,700,0.0,0.0
2017-08-21 00:00:00+09:00,1970.1488037109375,1970.1488037109375,1970.1488037109375,1970.1488037109375,200,0.0,0.0
2017-08-22 00:00:00+09:00,1970.1486080639982,2025.645751953125,1970.1486080639982,2025.645751953125,400,0.0,0.0
2017-08-23 00:00:00+09:00,2044.1447999161671,2044.1447999161671,2025.645751953125,2025.645751953125,500,0.0,0.0
2017-08-24 00:00:00+09:00,2025.645751953125,2025.645751953125,2025.645751953125,2025.645751953125,0,0.0,0.0
2017-08-25 00:00:00+09:00,2025.645751953125,2025.645751953125,2025.645751953125,2025.645751953125,100,0.0,0.0
2017-08-28 00:00:00+09:00,2025.645751953125,2025.645751953125,2025.645751953125,2025.645751953125,400,0.0,0.0
2017-08-29 00:00:00+09:00,2025.645751953125,2025.645751953125,2025.645751953125,2025.645751953125,0,0.0,0.0
2017-08-30 00:00:00+09:00,2025.645751953125,2025.645751953125,2025.645751953125,2025.645751953125,100,0.0,0.0
2017-08-31 00:00:00+09:00,1988.6478271484375,1997.8973519258723,1988.6478271484375,1988.6478271484375,800,0.0,0.0
2017-09-01 00:00:00+09:00,1988.6478141502098,2025.6459130181206,1988.6478141502098,1997.8973388671875,800,0.0,0.0
2017-09-04 00:00:00+09:00,2025.645751953125,2025.645751953125,2025.645751953125,2025.645751953125,100,0.0,0.0
2017-09-05 00:00:00+09:00,2016.396484375,2016.396484375,2016.396484375,2016.396484375,100,0.0,0.0
2017-09-06 00:00:00+09:00,1970.1487647162542,1997.8973388671875,1960.8992399992765,1997.8973388671875,1200,0.0,0.0
2017-09-07 00:00:00+09:00,2007.1470947265625,2007.1470947265625,2007.1470947265625,2007.1470947265625,600,0.0,0.0
2017-09-08 00:00:00+09:00,2007.1468635841652,2007.1468635841652,1997.8973388671875,1997.8973388671875,300,0.0,0.0
2017-09-11 00:00:00+09:00,2007.1470947265625,2007.1470947265625,2007.1470947265625,2007.1470947265625,100,0.0,0.0
2017-09-12 00:00:00+09:00,2007.1467661634783,2016.3962904315129,1979.398193359375,1979.398193359375,2300,0.0,0.0
2017-09-13 00:00:00+09:00,1997.8972804354264,1997.8972804354264,1942.4001337566647,1951.649658203125,2700,0.0,0.0
2017-09-14 00:00:00+09:00,1970.148694308299,1970.148694308299,1942.400121149027,1960.899169921875,1300,0.0,0.0
2017-09-15 00:00:00+09:00,1970.1488037109375,1970.1488037109375,1970.1488037109375,1970.1488037109375,400,0.0,0.0
2017-09-18 00:00:00+09:00,1970.1488037109375,1970.1488037109375,1970.1488037109375,1970.1488037109375,0,0.0,0.0
2017-09-19 00:00:00+09:00,1979.398302371003,1988.6478271484375,1979.398302371003,1988.6478271484375,300,0.0,0.0
2017-09-20 00:00:00+09:00,2007.1468767033068,2007.1468767033068,1988.6478271484375,1988.6478271484375,500,0.0,0.0
2017-09-21 00:00:00+09:00,1988.6478271484375,1988.6478271484375,1988.6478271484375,1988.6478271484375,200,0.0,0.0
2017-09-22 00:00:00+09:00,1988.6477176274095,1988.6477176274095,1979.398193359375,1979.398193359375,200,0.0,0.0
2017-09-25 00:00:00+09:00,1979.3982894332319,1997.8973388671875,1970.1487647162542,1997.8973388671875,600,0.0,0.0
2017-09-26 00:00:00+09:00,1997.897434059633,2053.394585005734,1997.897434059633,2016.396484375,3100,0.0,0.0
2017-09-27 00:00:00+09:00,1997.8975689444123,2007.1470947265625,1997.8975689444123,2007.1470947265625,200,0.0,0.0
2017-09-28 00:00:00+09:00,2016.396324192237,2044.1448974609375,2016.396324192237,2044.1448974609375,400,0.0,0.0
2017-09-29 00:00:00+09:00,2016.396336780895,2044.144910222834,2016.396336780895,2034.8953857421875,2200,0.0,0.0
2017-10-02 00:00:00+09:00,2016.396336780895,2044.144910222834,2007.1468123002487,2034.8953857421875,700,0.0,0.0
2017-10-03 00:00:00+09:00,2016.3962279716038,2025.645751953125,2007.1467039900826,2025.645751953125,900,0.0,0.0
2017-10-04 00:00:00+09:00,2034.8952039930557,2090.392345920139,2025.6456803385418,2081.142822265625,3800,0.0,0.0
2017-10-05 00:00:00+09:00,2081.142763884171,2229.1351382048233,2081.142763884171,2127.390380859375,15700,0.0,0.0
2017-10-06 00:00:00+09:00,2136.639916032683,2145.8894394787117,2090.3922988025383,2118.140869140625,6800,0.0,0.0
2017-10-09 00:00:00+09:00,2118.140869140625,2118.140869140625,2118.140869140625,2118.140869140625,0,0.0,0.0
2017-10-10 00:00:00+09:00,2118.1411261307567,2118.1411261307567,2108.8916015625,2108.8916015625,700,0.0,0.0
2017-10-11 00:00:00+09:00,2108.8916015625,2108.8916015625,2099.6420769942433,2108.8916015625,600,0.0,0.0
2017-10-12 00:00:00+09:00,2118.1413029355554,2164.388929637205,2081.1432015742357,2155.139404296875,2400,0.0,0.0
2017-10-13 00:00:00+09:00,2164.388622636555,2201.38671875,2145.889574579832,2201.38671875,3200,0.0,0.0
2017-10-16 00:00:00+09:00,2201.3869364420575,2238.385036214193,2201.3869364420575,2219.885986328125,2400,0.0,0.0
2017-10-17 00:00:00+09:00,2219.885754445607,2238.38480239932,2182.88765853818,2210.63623046875,1400,0.0,0.0
2017-10-18 00:00:00+09:00,2173.638146664916,2201.38671875,2071.893382352941,2201.38671875,3200,0.0,0.0
2017-10-19 00:00:00+09:00,2201.38671875,2201.38671875,2201.38671875,2201.38671875,0,0.0,0.0
2017-10-20 00:00:00+09:00,2201.38671875,2201.38671875,2201.38671875,2201.38671875,0,0.0,0.0
2017-10-23 00:00:00+09:00,2127.390392586654,2127.390392586654,2071.89325191048,2118.140869140625,2300,0.0,0.0
2017-10-24 00:00:00+09:00,2099.64208984375,2127.3906637183372,2099.64208984375,2099.64208984375,1500,0.0,0.0
2017-10-25 00:00:00+09:00,2127.390392586654,2136.639916032683,2099.641822248567,2118.140869140625,1100,0.0,0.0
2017-10-26 00:00:00+09:00,2118.140869140625,2118.140869140625,2118.140869140625,2118.140869140625,0,0.0,0.0
2017-10-27 00:00:00+09:00,2108.8916015625,2136.6401752672696,2108.8916015625,2108.8916015625,500,0.0,0.0
2017-10-30 00:00:00+09:00,2099.641869574653,2099.641869574653,2081.142822265625,2081.142822265625,1000,0.0,0.0
2017-10-31 00:00:00+09:00,2081.142846351247,2081.142846351247,2053.3942750665638,2062.643798828125,1300,0.0,0.0
2017-11-01 00:00:00+09:00,2136.639904254416,2136.639904254416,2099.6418106742526,2127.390380859375,1900,0.0,0.0
2017-11-02 00:00:00+09:00,2127.390380859375,2127.390380859375,2127.390380859375,2127.390380859375,0,0.0,0.0
2017-11-03 00:00:00+09:00,2127.390380859375,2127.390380859375,2127.390380859375,2127.390380859375,0,0.0,0.0
2017-11-06 00:00:00+09:00,2127.390380859375,2127.390380859375,2127.390380859375,2127.390380859375,0,0.0,0.0
2017-11-07 00:00:00+09:00,2201.38700340758,2201.38700340758,2173.638427734375,2173.638427734375,800,0.0,0.0
2017-11-08 00:00:00+09:00,2173.638427734375,2173.638427734375,2173.638427734375,2173.638427734375,0,0.0,0.0
2017-11-09 00:00:00+09:00,2145.88966112013,2145.88966112013,2136.64013671875,2136.64013671875,1500,0.0,0.0
2017-11-10 00:00:00+09:00,2127.3904651590524,2127.3904651590524,2053.3942750665638,2062.643798828125,3700,0.0,0.0
2017-11-13 00:00:00+09:00,2108.8916015625,2108.8916015625,2108.8916015625,2108.8916015625,800,0.0,0.0
2017-11-14 00:00:00+09:00,2108.8916015625,2108.8916015625,2108.8916015625,2108.8916015625,0,0.0,0.0
2017-11-15 00:00:00+09:00,2099.6418106742526,2127.390380859375,2081.142763884171,2127.390380859375,2300,0.0,0.0
2017-11-16 00:00:00+09:00,2108.891627488938,2118.141152170907,2090.392578125,2090.392578125,1300,0.0,0.0
2017-11-17 00:00:00+09:00,2090.392578125,2090.392578125,2090.392578125,2090.392578125,0,0.0,0.0
2017-11-20 00:00:00+09:00,2090.392578125,2090.392578125,2090.392578125,2090.392578125,0,0.0,0.0
2017-11-21 00:00:00+09:00,2136.6401752672696,2155.139224403783,2108.8916015625,2108.8916015625,1700,0.0,0.0
2017-11-22 00:00:00+09:00,2108.8916015625,2108.8916015625,2108.8916015625,2108.8916015625,0,0.0,0.0
2017-11-23 00:00:00+09:00,2108.8916015625,2108.8916015625,2108.8916015625,2108.8916015625,0,0.0,0.0
2017-11-24 00:00:00+09:00,2108.8916015625,2108.8916015625,2108.8916015625,2108.8916015625,0,0.0,0.0
2017-11-27 00:00:00+09:00,2192.137270171067,2192.137270171067,2145.8896484375,2145.8896484375,1100,0.0,0.0
2017-11-28 00:00:00+09:00,2192.137244591346,2885.8515625,2192.137244591346,2885.8515625,145800,0.0,0.0
2017-11-29 00:00:00+09:00,3625.8134765625,3625.8134765625,3524.068710638552,3625.8134765625,61500,0.0,0.0
2017-11-30 00:00:00+09:00,3348.3277744391025,3468.571589543269,2885.8515625,2885.8515625,200400,0.0,0.0
2017-12-01 00:00:00+09:00,2922.8496392697703,3228.0839370416134,2617.615341497927,2719.360107421875,188900,0.0,0.0
2017-12-04 00:00:00+09:00,2719.360021407918,2737.8590691725976,2589.86668705516,2599.1162109375,27600,0.0,0.0
2017-12-05 00:00:00+09:00,2571.3677005491395,2589.866748754529,2515.870555932971,2552.86865234375,15800,0.0,0.0
2017-12-06 00:00:00+09:00,2534.3696924372675,2534.3696924372675,2451.123972612686,2488.1220703125,13800,0.0,0.0
2017-12-07 00:00:00+09:00,2478.872326340122,2626.8647040320693,2469.622802734375,2469.622802734375,41300,0.0,0.0
2017-12-08 00:00:00+09:00,2488.1218985786004,2497.3714223651377,2423.3752320728377,2432.624755859375,10800,0.0,0.0
2017-12-11 00:00:00+09:00,2469.6230597245067,2488.1221088610196,2451.1240105879933,2460.37353515625,5100,0.0,0.0
2017-12-12 00:00:00+09:00,2497.3713145536535,2534.3694081025965,2488.121791166418,2515.870361328125,12700,0.0,0.0
2017-12-13 00:00:00+09:00,2534.3696667435424,2534.3696667435424,2497.371569418819,2506.62109375,3500,0.0,0.0
2017-12-14 00:00:00+09:00,2534.3694925560144,2562.1180636423937,2451.123779296875,2451.123779296875,7100,0.0,0.0
2017-12-15 00:00:00+09:00,2423.3755013769155,2423.3755013769155,2367.878352490421,2414.1259765625,5200,0.0,0.0
2017-12-18 00:00:00+09:00,2395.626979723979,2414.126029760457,2377.1279296875,2377.1279296875,4800,0.0,0.0
2017-12-19 00:00:00+09:00,2386.3774021192526,2460.3736006345785,2377.127877304837,2414.1259765625,6100,0.0,0.0
2017-12-20 00:00:00+09:00,2404.876338252315,2525.1201551649306,2395.6268138744213,2497.37158203125,9000,0.0,0.0
2017-12-21 00:00:00+09:00,2460.37353515625,2478.872584292763,2423.3754368832238,2460.37353515625,4900,0.0,0.0
2017-12-22 00:00:00+09:00,2488.1218985786004,2506.6209461516755,2330.879994207462,2432.624755859375,12900,0.0,0.0
2017-12-25 00:00:00+09:00,2451.12402257785,2645.3640394613776,2414.125924123845,2626.864990234375,47200,0.0,0.0
2017-12-26 00:00:00+09:00,2571.3678937639506,2608.365992954799,2506.6212201799663,2589.866943359375,15500,0.0,0.0
2017-12-27 00:00:00+09:00,2543.619384765625,2589.8670099431815,2534.3698597301136,2543.619384765625,4300,0.0,0.0
2017-12-28 00:00:00+09:00,2543.619243915264,2811.8554550917834,2534.369719391936,2645.364013671875,53400,0.0,0.0
2017-12-29 00:00:00+09:00,2663.863027597403,2848.853515625,2663.863027597403,2848.853515625,52400,0.0,0.0
2018-01-01 00:00:00+09:00,2848.853515625,2848.853515625,2848.853515625,2848.853515625,0,0.0,0.0
2018-01-02 00:00:00+09:00,2848.853515625,2848.853515625,2848.853515625,2848.853515625,0,0.0,0.0
2018-01-03 00:00:00+09:00,2848.853515625,2848.853515625,2848.853515625,2848.853515625,0,0.0,0.0
2018-01-04 00:00:00+09:00,2839.604055473907,2848.853580084571,2765.6078585885934,2802.60595703125,13700,0.0,0.0
2018-01-05 00:00:00+09:00,2830.354392665207,3006.0953516869026,2830.354392665207,2904.3505859375,52500,0.0,0.0
2018-01-08 00:00:00+09:00,2904.3505859375,2904.3505859375,2904.3505859375,2904.3505859375,0,0.0,0.0
2018-01-09 00:00:00+09:00,2885.8513419858873,2932.0989596459176,2848.853247857863,2867.352294921875,9400,0.0,0.0
2018-01-10 00:00:00+09:00,2821.10478499403,2821.10478499403,2784.106689453125,2784.106689453125,7600,0.0,0.0
2018-01-11 00:00:00+09:00,2774.8574880826272,2839.604162804555,2719.3603383209747,2728.60986328125,8600,0.0,0.0
2018-01-12 00:00:00+09:00,2737.859297392384,2802.6059699658526,2737.859297392384,2793.3564453125,1500,0.0,0.0
2018-01-15 00:00:00+09:00,2839.6041218802434,2839.6041218802434,2747.1088736105285,2756.3583984375,3400,0.0,0.0
2018-01-16 00:00:00+09:00,2765.6079631223515,2765.6079631223515,2728.60986328125,2728.60986328125,2700,0.0,0.0
2018-01-17 00:00:00+09:00,2682.361876370614,2691.6114000822367,2626.8647341008773,2636.1142578125,4900,0.0,0.0
2018-01-18 00:00:00+09:00,2617.615429049224,2858.1030656403186,2617.615429049224,2830.3544921875,20100,0.0,0.0
2018-01-19 00:00:00+09:00,2867.3526692708333,2867.3526692708333,2774.857421875,2774.857421875,3200,0.0,0.0
2018-01-22 00:00:00+09:00,2756.358424831081,2756.358424831081,2691.611750422297,2737.859375,4000,0.0,0.0
2018-01-23 00:00:00+09:00,2811.8555473993288,2811.8555473993288,2710.1107743026428,2756.3583984375,2300,0.0,0.0
2018-01-24 00:00:00+09:00,2737.859361847643,2774.8574613320707,2737.859361847643,2747.10888671875,1300,0.0,0.0
2018-01-25 00:00:00+09:00,2737.8593229166668,2802.60599609375,2737.8593229166668,2774.857421875,3200,0.0,0.0
2018-01-26 00:00:00+09:00,2830.354333781877,2830.354333781877,2756.3581420490177,2765.607666015625,2300,0.0,0.0
2018-01-29 00:00:00+09:00,2765.607666015625,2765.607666015625,2765.607666015625,2765.607666015625,0,0.0,0.0
2018-01-30 00:00:00+09:00,2765.6079364609636,2765.6079364609636,2737.859361847643,2747.10888671875,1000,0.0,0.0
2018-01-31 00:00:00+09:00,2747.1087834284854,2747.1087834284854,2617.6154401018903,2645.364013671875,6400,0.0,0.0
2018-02-01 00:00:00+09:00,2626.8648656728315,2737.8591557716836,2626.8648656728315,2719.360107421875,5900,0.0,0.0
2018-02-02 00:00:00+09:00,2728.609708150228,2728.609708150228,2654.6135126749673,2663.863037109375,2900,0.0,0.0
2018-02-05 00:00:00+09:00,2562.1181764464445,2589.866748754529,2543.619128241055,2552.86865234375,3000,0.0,0.0
2018-02-06 00:00:00+09:00,2478.8727612401185,2478.8727612401185,2303.1317818984685,2340.1298828125,7700,0.0,0.0
2018-02-07 00:00:00+09:00,2497.3717134915864,2562.118387545072,2404.87646484375,2404.87646484375,6500,0.0,0.0
2018-02-08 00:00:00+09:00,2451.123791318951,2451.123791318951,2432.624743837299,2441.874267578125,600,0.0,0.0
2018-02-09 00:00:00+09:00,2321.630779578064,2451.1241298334144,2312.381254559825,2377.1279296875,2000,0.0,0.0
2018-02-12 00:00:00+09:00,2377.1279296875,2377.1279296875,2377.1279296875,2377.1279296875,0,0.0,0.0
2018-02-13 00:00:00+09:00,2395.626939978966,2404.87646484375,2395.626939978966,2404.87646484375,1300,0.0,0.0
2018-02-14 00:00:00+09:00,2330.8801019623525,2349.379150390625,2321.630577748216,2349.379150390625,500,0.0,0.0
2018-02-15 00:00:00+09:00,2349.379150390625,2349.379150390625,2349.379150390625,2349.379150390625,0,0.0,0.0
2018-02-16 00:00:00+09:00,2377.127890249399,2404.87646484375,2377.127890249399,2404.87646484375,400,0.0,0.0
2018-02-19 00:00:00+09:00,2441.874423431734,2506.62109375,2441.874423431734,2506.62109375,500,0.0,0.0
2018-02-20 00:00:00+09:00,2506.6212328839047,2589.866956485215,2497.3717080393144,2580.617431640625,3500,0.0,0.0
2018-02-21 00:00:00+09:00,2580.617224651834,2589.866748754529,2534.3696041383605,2552.86865234375,1200,0.0,0.0
2018-02-22 00:00:00+09:00,2571.367725678604,2571.367725678604,2534.36962890625,2534.36962890625,600,0.0,0.0
2018-02-23 00:00:00+09:00,2552.8688441685267,2608.365992954799,2552.8688441685267,2589.866943359375,1400,0.0,0.0
2018-02-26 00:00:00+09:00,2589.866943359375,2589.866943359375,2589.866943359375,2589.866943359375,0,0.0,0.0
2018-02-27 00:00:00+09:00,2525.1202825730848,2580.617431640625,2506.6212328839047,2580.617431640625,900,0.0,0.0
2018-02-28 00:00:00+09:00,2626.8650425502233,2626.8650425502233,2589.866943359375,2589.866943359375,300,0.0,0.0
2018-03-01 00:00:00+09:00,2469.6230088975694,2497.37158203125,2469.6230088975694,2497.37158203125,600,0.0,0.0
2018-03-02 00:00:00+09:00,2497.37158203125,2497.37158203125,2497.37158203125,2497.37158203125,0,0.0,0.0
2018-03-05 00:00:00+09:00,2515.870555932971,2765.607706705729,2497.3715077275815,2552.86865234375,6800,0.0,0.0
2018-03-06 00:00:00+09:00,2580.617458081848,2654.61365759674,2562.118408203125,2562.118408203125,1700,0.0,0.0
2018-03-07 00:00:00+09:00,2543.619345246459,2636.114594164512,2506.6212456792377,2571.367919921875,2900,0.0,0.0
2018-03-08 00:00:00+09:00,2571.3679331424864,2571.3679331424864,2543.619358324402,2562.118408203125,700,0.0,0.0
2018-03-09 00:00:00+09:00,2608.3660600142043,2617.6155850497157,2543.619384765625,2543.619384765625,1600,0.0,0.0
2018-03-12 00:00:00+09:00,2617.6155578392936,2617.6155578392936,2562.118408203125,2562.118408203125,400,0.0,0.0
2018-03-13 00:00:00+09:00,2562.1183950300697,2571.367919921875,2562.1183950300697,2571.367919921875,300,0.0,0.0
2018-03-14 00:00:00+09:00,2571.367919921875,2571.367919921875,2571.367919921875,2571.367919921875,0,0.0,0.0
2018-03-15 00:00:00+09:00,2589.866943359375,2589.866943359375,2589.866943359375,2589.866943359375,400,0.0,0.0
2018-03-16 00:00:00+09:00,2589.866943359375,2589.866943359375,2589.866943359375,2589.866943359375,0,0.0,0.0
2018-03-19 00:00:00+09:00,2617.6153595753203,2617.6153595753203,2515.870592948718,2525.1201171875,1300,0.0,0.0
2018-03-20 00:00:00+09:00,2525.120334694602,2543.619384765625,2525.120334694602,2543.619384765625,300,0.0,0.0
2018-03-21 00:00:00+09:00,2543.619384765625,2543.619384765625,2543.619384765625,2543.619384765625,0,0.0,0.0
2018-03-22 00:00:00+09:00,2525.120334694602,2543.619384765625,2525.120334694602,2543.619384765625,200,0.0,0.0
2018-03-23 00:00:00+09:00,2543.61932396432,2543.61932396432,2404.876451748084,2414.1259765625,1700,0.0,0.0
2018-03-26 00:00:00+09:00,2386.3772346047795,2395.626758769914,2358.628662109375,2358.628662109375,800,0.0,0.0
2018-03-27 00:00:00+09:00,2404.876338252315,2497.37158203125,2404.876338252315,2497.37158203125,500,0.0,0.0
2018-03-28 00:00:00+09:00,2431.897705078125,2431.897705078125,2385.13044151893,2431.897705078125,400,30.0,0.0
2018-03-29 00:00:00+09:00,2394.483442164179,2506.724853515625,2394.483442164179,2506.724853515625,1100,0.0,0.0
2018-03-30 00:00:00+09:00,2506.724853515625,2506.724853515625,2506.724853515625,2506.724853515625,0,0.0,0.0
2018-04-02 00:00:00+09:00,2469.311279296875,2469.311279296875,2469.311279296875,2469.311279296875,600,0.0,0.0
2018-04-03 00:00:00+09:00,2469.311279296875,2469.311279296875,2469.311279296875,2469.311279296875,0,0.0,0.0
2018-04-04 00:00:00+09:00,2516.078722819629,2516.078722819629,2459.9580078125,2459.9580078125,500,0.0,0.0
2018-04-05 00:00:00+09:00,2497.3718421519884,2572.199462890625,2488.018389559659,2572.199462890625,1400,0.0,0.0
2018-04-06 00:00:00+09:00,2572.199462890625,2572.199462890625,2572.199462890625,2572.199462890625,0,0.0,0.0
2018-04-09 00:00:00+09:00,2497.37163474343,2497.37163474343,2469.311279296875,2469.311279296875,500,0.0,0.0
2018-04-10 00:00:00+09:00,2469.311279296875,2469.311279296875,2469.311279296875,2469.311279296875,0,0.0,0.0
2018-04-11 00:00:00+09:00,2581.5529154829546,2581.5529154829546,2572.199462890625,2572.199462890625,200,0.0,0.0
2018-04-12 00:00:00+09:00,2525.431948728667,2534.785400390625,2525.431948728667,2534.785400390625,300,0.0,0.0
2018-04-13 00:00:00+09:00,2534.785400390625,2534.785400390625,2534.785400390625,2534.785400390625,0,0.0,0.0
2018-04-16 00:00:00+09:00,2712.500819614955,2806.035330636161,2581.552504185268,2618.96630859375,6400,0.0,0.0
2018-04-17 00:00:00+09:00,2618.966398140138,2721.854363781358,2572.199141030493,2703.1474609375,2100,0.0,0.0
2018-04-18 00:00:00+09:00,2712.500912359429,2721.854363781358,2703.1474609375,2703.1474609375,2200,0.0,0.0
2018-04-19 00:00:00+09:00,2618.9666704136694,2618.9666704136694,2600.259765625,2600.259765625,500,0.0,0.0
2018-04-20 00:00:00+09:00,2534.7852850274726,2562.845638736264,2534.7852850274726,2553.4921875,400,0.0,0.0
2018-04-23 00:00:00+09:00,2553.4921875,2553.4921875,2553.4921875,2553.4921875,0,0.0,0.0
2018-04-24 00:00:00+09:00,2553.4923679127414,2562.8458198098574,2506.7251084271597,2544.138916015625,1100,0.0,0.0
2018-04-25 00:00:00+09:00,2544.138916015625,2590.9061755012062,2544.138916015625,2544.138916015625,2300,0.0,0.0
2018-04-26 00:00:00+09:00,2618.966586315056,2618.966586315056,2516.07861328125,2516.07861328125,1300,0.0,0.0
2018-04-27 00:00:00+09:00,2534.7852981512297,2590.906005859375,2534.7852981512297,2590.906005859375,300,0.0,0.0
2018-04-30 00:00:00+09:00,2590.906005859375,2590.906005859375,2590.906005859375,2590.906005859375,0,0.0,0.0
2018-05-01 00:00:00+09:00,2618.966616158808,2628.320068359375,2600.2597117576734,2628.320068359375,700,0.0,0.0
2018-05-02 00:00:00+09:00,2637.673639112903,2637.673639112903,2581.5529233870966,2609.61328125,1500,0.0,0.0
2018-05-03 00:00:00+09:00,2609.61328125,2609.61328125,2609.61328125,2609.61328125,0,0.0,0.0
2018-05-04 00:00:00+09:00,2609.61328125,2609.61328125,2609.61328125,2609.61328125,0,0.0,0.0
2018-05-07 00:00:00+09:00,2609.613273259943,2712.501251775568,2562.8460102982954,2572.199462890625,3700,0.0,0.0
2018-05-08 00:00:00+09:00,2525.432119728031,2525.432119728031,2431.897596775141,2488.018310546875,3800,0.0,0.0
2018-05-09 00:00:00+09:00,2478.664794921875,2516.0786031471107,2478.664794921875,2478.664794921875,1300,0.0,0.0
2018-05-10 00:00:00+09:00,2478.664794921875,2478.664794921875,2478.664794921875,2478.664794921875,0,0.0,0.0
2018-05-11 00:00:00+09:00,2497.371753488788,2497.371753488788,2450.6044921875,2450.6044921875,1700,0.0,0.0
2018-05-14 00:00:00+09:00,2459.95772479022,2525.431884765625,2450.604273365162,2525.431884765625,1300,0.0,0.0
2018-05-15 00:00:00+09:00,2525.431884765625,2525.431884765625,2525.431884765625,2525.431884765625,0,0.0,0.0
2018-05-16 00:00:00+09:00,2469.3110856681037,2469.3110856681037,2441.250732421875,2441.250732421875,1200,0.0,0.0
2018-05-17 00:00:00+09:00,2441.250732421875,2441.250732421875,2441.250732421875,2441.250732421875,0,0.0,0.0
2018-05-18 00:00:00+09:00,2441.250732421875,2441.250732421875,2441.250732421875,2441.250732421875,0,0.0,0.0
2018-05-21 00:00:00+09:00,2431.897641922056,2459.957999328849,2422.544189453125,2422.544189453125,800,0.0,0.0
2018-05-22 00:00:00+09:00,2422.544189453125,2422.544189453125,2422.544189453125,2422.544189453125,0,0.0,0.0
2018-05-23 00:00:00+09:00,2422.544189453125,2422.544189453125,2422.544189453125,2422.544189453125,0,0.0,0.0
2018-05-24 00:00:00+09:00,2413.1904296875,2431.897332243217,2413.1904296875,2413.1904296875,600,0.0,0.0
2018-05-25 00:00:00+09:00,2422.543932866115,2422.543932866115,2385.130126953125,2385.130126953125,900,0.0,0.0
2018-05-28 00:00:00+09:00,2441.2509553328805,2459.957859205163,2366.42333984375,2366.42333984375,1200,0.0,0.0
2018-05-29 00:00:00+09:00,2375.776624576066,2459.9576860767925,2375.776624576066,2413.1904296875,2300,0.0,0.0
2018-05-30 00:00:00+09:00,2413.1904296875,2413.1904296875,2413.1904296875,2413.1904296875,0,0.0,0.0
2018-05-31 00:00:00+09:00,2375.776900936235,2375.776900936235,2272.8889249114372,2310.302734375,5200,0.0,0.0
2018-06-01 00:00:00+09:00,2291.595574524177,2291.595574524177,2272.888671875,2272.888671875,700,0.0,0.0
2018-06-04 00:00:00+09:00,2272.8886073088843,2272.8886073088843,2263.53515625,2263.53515625,800,0.0,0.0
2018-06-05 00:00:00+09:00,2263.535272216797,2263.535272216797,2244.828369140625,2244.828369140625,1000,0.0,0.0
2018-06-06 00:00:00+09:00,2244.8285405585107,2244.8285405585107,2198.061279296875,2198.061279296875,900,0.0,0.0
2018-06-07 00:00:00+09:00,2188.707659912109,2244.828369140625,2188.707659912109,2244.828369140625,400,0.0,0.0
2018-06-08 00:00:00+09:00,2300.948974609375,2329.0093279582698,2291.5955234930766,2300.948974609375,1600,0.0,0.0
2018-06-11 00:00:00+09:00,2366.4234032818654,2431.897568590059,2300.949237973671,2375.77685546875,6700,0.0,0.0
2018-06-12 00:00:00+09:00,2478.6646417356005,2478.6646417356005,2357.0697725183823,2385.130126953125,1600,0.0,0.0
2018-06-13 00:00:00+09:00,2413.1907195437,2413.1907195437,2338.363100333043,2347.716552734375,900,0.0,0.0
2018-06-14 00:00:00+09:00,2347.716552734375,2347.716552734375,2347.716552734375,2347.716552734375,0,0.0,0.0
2018-06-15 00:00:00+09:00,2347.716552734375,2347.716552734375,2347.716552734375,2347.716552734375,0,0.0,0.0
2018-06-18 00:00:00+09:00,2366.423317920918,2366.423317920918,2291.595703125,2291.595703125,1600,0.0,0.0
2018-06-19 00:00:00+09:00,2226.1215181632383,2263.535325191192,2216.76806640625,2216.76806640625,2100,0.0,0.0
2018-06-20 00:00:00+09:00,2207.4147315492023,2207.4147315492023,2198.061279296875,2198.061279296875,600,0.0,0.0
2018-06-21 00:00:00+09:00,2198.061279296875,2198.061279296875,2198.061279296875,2198.061279296875,0,0.0,0.0
2018-06-22 00:00:00+09:00,2198.061279296875,2198.061279296875,2198.061279296875,2198.061279296875,800,0.0,0.0
2018-06-25 00:00:00+09:00,2207.4146779805674,2226.12158203125,2188.7077739298843,2226.12158203125,600,0.0,0.0
2018-06-26 00:00:00+09:00,2198.061279296875,2198.061279296875,2198.061279296875,2198.061279296875,100,0.0,0.0
2018-06-27 00:00:00+09:00,2198.061279296875,2198.061279296875,2198.061279296875,2198.061279296875,0,0.0,0.0
2018-06-28 00:00:00+09:00,2198.061279296875,2198.061279296875,2198.061279296875,2198.061279296875,0,0.0,0.0
2018-06-29 00:00:00+09:00,2132.5870307314713,2160.647386398991,2113.880126953125,2113.880126953125,1700,0.0,0.0
2018-07-02 00:00:00+09:00,2123.233652090097,2291.595791903409,2123.233652090097,2160.6474609375,2500,0.0,0.0
2018-07-03 00:00:00+09:00,2160.647515547903,2160.647515547903,2132.587158203125,2132.587158203125,1200,0.0,0.0
2018-07-04 00:00:00+09:00,2104.5265470232284,2132.586900983538,2085.8196443830216,2095.173095703125,2000,0.0,0.0
2018-07-05 00:00:00+09:00,2076.466340991558,2085.8197929780067,1973.578369140625,1973.578369140625,2300,0.0,0.0
2018-07-06 00:00:00+09:00,1973.578369140625,1973.578369140625,1973.578369140625,1973.578369140625,0,0.0,0.0
2018-07-09 00:00:00+09:00,1973.578369140625,1973.578369140625,1973.578369140625,1973.578369140625,0,0.0,0.0
2018-07-10 00:00:00+09:00,2067.11299106531,2198.06132534094,2048.4060861687913,2132.587158203125,3900,0.0,0.0
2018-07-11 00:00:00+09:00,2179.3544290476834,2291.595858869882,2151.2940715921336,2170.0009765625,4700,0.0,0.0
2018-07-12 00:00:00+09:00,2170.000796338519,2198.061151463586,2170.000796338519,2179.354248046875,600,0.0,0.0
2018-07-13 00:00:00+09:00,2179.3543116903716,2272.8888315054087,2170.0008597088677,2188.707763671875,1800,0.0,0.0
2018-07-16 00:00:00+09:00,2188.707763671875,2188.707763671875,2188.707763671875,2188.707763671875,0,0.0,0.0
2018-07-17 00:00:00+09:00,2226.121453753972,2263.535259699417,2207.41455078125,2207.41455078125,1500,0.0,0.0
2018-07-18 00:00:00+09:00,2207.414667634883,2216.7681196163862,2188.707763671875,2188.707763671875,700,0.0,0.0
2018-07-19 00:00:00+09:00,2216.7681196163862,2216.7681196163862,2188.707763671875,2188.707763671875,400,0.0,0.0
2018-07-20 00:00:00+09:00,2188.707763671875,2188.707763671875,2188.707763671875,2188.707763671875,0,0.0,0.0
2018-07-23 00:00:00+09:00,2188.707763671875,2188.707763671875,2188.707763671875,2188.707763671875,0,0.0,0.0
2018-07-24 00:00:00+09:00,2226.1215065886536,2244.8284100053647,2160.647344630164,2179.354248046875,1500,0.0,0.0
2018-07-25 00:00:00+09:00,2188.707827044548,2207.4147315492023,2188.707827044548,2198.061279296875,500,0.0,0.0
2018-07-26 00:00:00+09:00,2226.1213173004517,2385.1299828219126,2226.1213173004517,2329.00927734375,5900,0.0,0.0
2018-07-27 00:00:00+09:00,2263.535445063165,2263.535445063165,2151.2940180352393,2198.061279296875,3100,0.0,0.0
2018-07-30 00:00:00+09:00,2179.3543653612014,2179.3543653612014,2160.6474609375,2160.6474609375,1100,0.0,0.0
2018-07-31 00:00:00+09:00,2170.000602921196,2170.000602921196,2151.293701171875,2151.293701171875,800,0.0,0.0
2018-08-01 00:00:00+09:00,2151.293701171875,2151.293701171875,2151.293701171875,2151.293701171875,500,0.0,0.0
2018-08-02 00:00:00+09:00,2151.2940715921336,2170.0009765625,2151.2940715921336,2170.0009765625,600,0.0,0.0
2018-08-03 00:00:00+09:00,2179.3543116903716,2235.475023579394,2160.6474077273638,2188.707763671875,2200,0.0,0.0
2018-08-06 00:00:00+09:00,2188.707763671875,2188.707763671875,2188.707763671875,2188.707763671875,0,0.0,0.0
2018-08-07 00:00:00+09:00,2244.828304785565,2319.6559149450836,2235.474853515625,2235.474853515625,1900,0.0,0.0
2018-08-08 00:00:00+09:00,2235.474853515625,2235.474853515625,2235.474853515625,2235.474853515625,0,0.0,0.0
2018-08-09 00:00:00+09:00,2235.474853515625,2235.474853515625,2235.474853515625,2235.474853515625,0,0.0,0.0
2018-08-10 00:00:00+09:00,2254.181992810838,2282.242349567819,2188.707827044548,2198.061279296875,900,0.0,0.0
2018-08-13 00:00:00+09:00,2198.061279296875,2198.061279296875,2198.061279296875,2198.061279296875,0,0.0,0.0
2018-08-14 00:00:00+09:00,2198.061279296875,2198.061279296875,2198.061279296875,2198.061279296875,0,0.0,0.0
2018-08-15 00:00:00+09:00,2141.940673828125,2141.940673828125,2141.940673828125,2141.940673828125,300,0.0,0.0
2018-08-16 00:00:00+09:00,2123.2335788422984,2123.2335788422984,2113.880126953125,2113.880126953125,400,0.0,0.0
2018-08-17 00:00:00+09:00,2104.5264467985735,2170.000602921196,2104.5264467985735,2151.293701171875,400,0.0,0.0
2018-08-20 00:00:00+09:00,2151.293701171875,2151.293701171875,2151.293701171875,2151.293701171875,0,0.0,0.0
2018-08-21 00:00:00+09:00,2104.5264467985735,2151.293701171875,2104.5264467985735,2151.293701171875,300,0.0,0.0
2018-08-22 00:00:00+09:00,2151.293701171875,2151.293701171875,2151.293701171875,2151.293701171875,0,0.0,0.0
2018-08-23 00:00:00+09:00,2198.061279296875,2244.8285405585107,2198.061279296875,2198.061279296875,1200,0.0,0.0
2018-08-24 00:00:00+09:00,2198.061279296875,2198.061279296875,2198.061279296875,2198.061279296875,0,0.0,0.0
2018-08-27 00:00:00+09:00,2263.5353901326157,2263.5353901326157,2226.12158203125,2226.12158203125,700,0.0,0.0
2018-08-28 00:00:00+09:00,2151.293701171875,2151.293701171875,2151.293701171875,2151.293701171875,100,0.0,0.0
2018-08-29 00:00:00+09:00,2076.4661429653083,2123.2333984375,2057.759240776432,2123.2333984375,1400,0.0,0.0
2018-08-30 00:00:00+09:00,2123.2333984375,2141.940300626377,2113.8799473430618,2123.2333984375,1000,0.0,0.0
2018-08-31 00:00:00+09:00,2123.2333984375,2123.2333984375,2123.2333984375,2123.2333984375,0,0.0,0.0
2018-09-03 00:00:00+09:00,2123.2333984375,2123.2333984375,2123.2333984375,2123.2333984375,0,0.0,0.0
2018-09-04 00:00:00+09:00,2113.880126953125,2113.880126953125,2113.880126953125,2113.880126953125,800,0.0,0.0
2018-09-05 00:00:00+09:00,2113.880126953125,2113.880126953125,2113.880126953125,2113.880126953125,0,0.0,0.0
2018-09-06 00:00:00+09:00,2188.7078815328664,2188.7078815328664,2132.587166621767,2170.0009765625,700,0.0,0.0
2018-09-07 00:00:00+09:00,2170.0009765625,2170.0009765625,2170.0009765625,2170.0009765625,0,0.0,0.0
2018-09-10 00:00:00+09:00,2151.2941265522654,2151.2941265522654,2141.940673828125,2141.940673828125,300,0.0,0.0
2018-09-11 00:00:00+09:00,2141.940673828125,2141.940673828125,2141.940673828125,2141.940673828125,0,0.0,0.0
2018-09-12 00:00:00+09:00,2151.293751720815,2160.6472028152534,2123.2333984375,2123.2333984375,1300,0.0,0.0
2018-09-13 00:00:00+09:00,2123.2333984375,2123.2333984375,2123.2333984375,2123.2333984375,0,0.0,0.0
2018-09-14 00:00:00+09:00,2141.9406106513843,2141.9406106513843,2132.587158203125,2132.587158203125,600,0.0,0.0
2018-09-17 00:00:00+09:00,2132.587158203125,2132.587158203125,2132.587158203125,2132.587158203125,0,0.0,0.0
2018-09-18 00:00:00+09:00,2123.2337141365842,2170.0009765625,2123.2337141365842,2170.0009765625,1200,0.0,0.0
2018-09-19 00:00:00+09:00,2151.293701171875,2170.000602921196,2123.233348547894,2151.293701171875,1600,0.0,0.0
2018-09-20 00:00:00+09:00,2141.940673828125,2141.940673828125,2141.940673828125,2141.940673828125,300,0.0,0.0
2018-09-21 00:00:00+09:00,2141.940673828125,2151.2941265522654,2141.940673828125,2141.940673828125,400,0.0,0.0
2018-09-24 00:00:00+09:00,2141.940673828125,2141.940673828125,2141.940673828125,2141.940673828125,0,0.0,0.0
2018-09-25 00:00:00+09:00,2160.647579276406,2160.647579276406,2141.940673828125,2141.940673828125,1100,0.0,0.0
2018-09-26 00:00:00+09:00,2184.9664055512076,2184.9664055512076,2091.431884765625,2091.431884765625,1800,0.0,0.1
2018-09-27 00:00:00+09:00,2090.496561621493,2090.496561621493,2043.729300735106,2058.69482421875,1700,0.0,0.0
2018-09-28 00:00:00+09:00,2058.69482421875,2058.69482421875,2058.69482421875,2058.69482421875,0,0.0,0.0
2018-10-01 00:00:00+09:00,2054.953305951287,2067.11279296875,2040.9231286234447,2067.11279296875,900,0.0,0.0
2018-10-02 00:00:00+09:00,2047.4706072166653,2056.82405905411,2011.927490234375,2011.927490234375,3400,0.0,0.0
2018-10-03 00:00:00+09:00,2011.927490234375,2011.927490234375,2011.927490234375,2011.927490234375,0,0.0,0.0
2018-10-04 00:00:00+09:00,2071.7896250466497,2132.587063253436,2057.7594469989294,2075.531005859375,1800,0.0,0.0
2018-10-05 00:00:00+09:00,2075.531005859375,2075.531005859375,2075.531005859375,2075.531005859375,0,0.0,0.0
2018-10-08 00:00:00+09:00,2075.531005859375,2075.531005859375,2075.531005859375,2075.531005859375,0,0.0,0.0
2018-10-09 00:00:00+09:00,2075.531005859375,2075.531005859375,2075.531005859375,2075.531005859375,0,0.0,0.0
2018-10-10 00:00:00+09:00,2075.5310483473286,2075.5310483473286,2072.7250126803424,2074.595703125,1300,0.0,0.0
2018-10-11 00:00:00+09:00,2010.9921288925407,2010.9921288925407,1996.9619512491042,1998.8326416015625,1100,0.0,0.0
2018-10-12 00:00:00+09:00,1982.9317110283432,2010.9920654296877,1982.9317110283432,2010.9920654296875,1200,0.0,0.0
2018-10-15 00:00:00+09:00,2057.75927734375,2057.75927734375,2057.75927734375,2057.75927734375,200,0.0,0.0
2018-10-16 00:00:00+09:00,2010.992208513492,2104.526729839701,2010.992208513492,2021.281005859375,2000,0.0,0.0
2018-10-17 00:00:00+09:00,2021.281005859375,2021.281005859375,2021.281005859375,2021.281005859375,0,0.0,0.0
2018-10-18 00:00:00+09:00,2042.7941178068497,2043.7294630988858,2017.539794921875,2017.539794921875,800,0.0,0.0
2018-10-19 00:00:00+09:00,2017.539794921875,2017.539794921875,2017.539794921875,2017.539794921875,0,0.0,0.0
2018-10-22 00:00:00+09:00,2017.539794921875,2017.539794921875,2017.539794921875,2017.539794921875,0,0.0,0.0
2018-10-23 00:00:00+09:00,2017.539794921875,2017.539794921875,2017.539794921875,2017.539794921875,0,0.0,0.0
2018-10-24 00:00:00+09:00,2017.539794921875,2017.539794921875,2017.539794921875,2017.539794921875,0,0.0,0.0
2018-10-25 00:00:00+09:00,2018.4749332397287,2018.4749332397287,1976.3843994140625,1976.3843994140625,2000,0.0,0.0
2018-10-26 00:00:00+09:00,1982.9317568824406,1982.9317568824406,1964.224853515625,1964.224853515625,1800,0.0,0.0
2018-10-29 00:00:00+09:00,1954.871530370094,1954.871530370094,1918.39306640625,1918.39306640625,800,0.0,0.0
2018-10-30 00:00:00+09:00,1858.5309418945312,1870.6904296875,1858.5309418945312,1870.6904296875,700,0.0,0.0
2018-10-31 00:00:00+09:00,1917.4576416015625,1964.2249011528202,1917.4576416015625,1917.4576416015625,400,0.0,0.0
2018-11-01 00:00:00+09:00,1917.4576416015625,1917.4576416015625,1917.4576416015625,1917.4576416015625,0,0.0,0.0
2018-11-02 00:00:00+09:00,1917.4576416015625,1917.4576416015625,1917.4576416015625,1917.4576416015625,0,0.0,0.0
2018-11-05 00:00:00+09:00,1889.397216796875,1889.397216796875,1889.397216796875,1889.397216796875,200,0.0,0.0
2018-11-06 00:00:00+09:00,1889.3973517332101,1889.3973517332101,1787.444722357507,1819.2464599609375,1200,0.0,0.0
2018-11-07 00:00:00+09:00,1796.798095703125,1823.923105997446,1796.798095703125,1796.798095703125,700,0.0,0.0
2018-11-08 00:00:00+09:00,1796.7981432098704,1814.5697021484375,1796.7981432098704,1814.5697021484375,200,0.0,0.0
2018-11-09 00:00:00+09:00,1814.5697021484375,1814.5697021484375,1814.5697021484375,1814.5697021484375,0,0.0,0.0
2018-11-12 00:00:00+09:00,1814.5697021484375,1814.5697021484375,1814.5697021484375,1814.5697021484375,0,0.0,0.0
2018-11-13 00:00:00+09:00,1858.530833868529,1858.530833868529,1797.7333984375,1797.7333984375,400,0.0,0.0
2018-11-14 00:00:00+09:00,1851.9835205078125,1851.9835205078125,1851.9835205078125,1851.9835205078125,200,0.0,0.0
2018-11-15 00:00:00+09:00,1851.9835205078125,1851.9835205078125,1851.9835205078125,1851.9835205078125,0,0.0,0.0
2018-11-16 00:00:00+09:00,1814.5696756114132,1814.5696756114132,1721.03515625,1721.03515625,1900,0.0,0.0
2018-11-19 00:00:00+09:00,1729.4532470703125,1729.4532470703125,1729.4532470703125,1729.4532470703125,100,0.0,0.0
2018-11-20 00:00:00+09:00,1729.4532470703125,1729.4532470703125,1729.4532470703125,1729.4532470703125,0,0.0,0.0
2018-11-21 00:00:00+09:00,1804.2808730618672,1804.2808730618672,1766.8670654296875,1766.8670654296875,200,0.0,0.0
2018-11-22 00:00:00+09:00,1766.8670654296875,1766.8670654296875,1766.8670654296875,1766.8670654296875,0,0.0,0.0
2018-11-23 00:00:00+09:00,1766.8670654296875,1766.8670654296875,1766.8670654296875,1766.8670654296875,0,0.0,0.0
2018-11-26 00:00:00+09:00,1766.8670654296875,1766.8670654296875,1766.8670654296875,1766.8670654296875,0,0.0,0.0
2018-11-27 00:00:00+09:00,1766.8670654296875,1766.8670654296875,1766.8670654296875,1766.8670654296875,0,0.0,0.0
2018-11-28 00:00:00+09:00,1711.6816935221354,1711.6816935221354,1682.685992702908,1683.621337890625,1000,0.0,0.0
2018-11-29 00:00:00+09:00,1656.4963325921954,1659.3023681640625,1656.4963325921954,1659.3023681640625,200,0.0,0.0
2018-11-30 00:00:00+09:00,1659.3023681640625,1659.3023681640625,1659.3023681640625,1659.3023681640625,0,0.0,0.0
2018-12-03 00:00:00+09:00,1661.1729736328125,1661.1729736328125,1661.1729736328125,1661.1729736328125,400,0.0,0.0
2018-12-04 00:00:00+09:00,1658.366943359375,1658.366943359375,1658.366943359375,1658.366943359375,3600,0.0,0.0
2018-12-05 00:00:00+09:00,1658.366943359375,1658.366943359375,1658.366943359375,1658.366943359375,0,0.0,0.0
2018-12-06 00:00:00+09:00,1637.7894711914062,1637.7894711914062,1636.8541259765625,1636.8541259765625,1300,0.0,0.0
2018-12-07 00:00:00+09:00,1636.8541259765625,1636.8541259765625,1636.8541259765625,1636.8541259765625,0,0.0,0.0
2018-12-10 00:00:00+09:00,1669.5911865234375,1669.5911865234375,1669.5911865234375,1669.5911865234375,300,0.0,0.0
2018-12-11 00:00:00+09:00,1669.5911865234375,1669.5911865234375,1669.5911865234375,1669.5911865234375,200,0.0,0.0
2018-12-12 00:00:00+09:00,1636.8540677157314,1646.20751953125,1636.8540677157314,1646.20751953125,200,0.0,0.0
2018-12-13 00:00:00+09:00,1646.20751953125,1646.20751953125,1646.20751953125,1646.20751953125,0,0.0,0.0
2018-12-14 00:00:00+09:00,1646.20751953125,1646.20751953125,1646.20751953125,1646.20751953125,0,0.0,0.0
2018-12-17 00:00:00+09:00,1646.20751953125,1646.20751953125,1646.20751953125,1646.20751953125,0,0.0,0.0
2018-12-18 00:00:00+09:00,1634.9835205078125,1634.9835205078125,1634.9835205078125,1634.9835205078125,400,0.0,0.0
2018-12-19 00:00:00+09:00,1613.4703626130758,1613.4703626130758,1599.440185546875,1599.440185546875,600,0.0,0.0
2018-12-20 00:00:00+09:00,1510.5823961574229,1510.5823961574229,1489.0694580078125,1489.0694580078125,900,0.0,0.0
2018-12-21 00:00:00+09:00,1489.0694580078125,1489.0694580078125,1489.0694580078125,1489.0694580078125,0,0.0,0.0
2018-12-24 00:00:00+09:00,1489.0694580078125,1489.0694580078125,1489.0694580078125,1489.0694580078125,0,0.0,0.0
2018-12-25 00:00:00+09:00,1308.5479736328125,1308.5479736328125,1308.5479736328125,1308.5479736328125,100,0.0,0.0
2018-12-26 00:00:00+09:00,1308.5479736328125,1308.5479736328125,1308.5479736328125,1308.5479736328125,0,0.0,0.0
2018-12-27 00:00:00+09:00,1337.54365250871,1421.7247215477196,1337.54365250871,1384.3109130859375,800,0.0,0.0
2018-12-28 00:00:00+09:00,1300.1298954404635,1357.185955600081,1300.1298954404635,1356.2506103515625,800,0.0,0.0
2018-12-31 00:00:00+09:00,1356.2506103515625,1356.2506103515625,1356.2506103515625,1356.2506103515625,0,0.0,0.0
2019-01-04 00:00:00+09:00,1409.565185546875,1409.565185546875,1409.565185546875,1409.565185546875,100,0.0,0.0
2019-01-07 00:00:00+09:00,1344.0910120302915,1372.1513671875,1344.0910120302915,1372.1513671875,200,0.0,0.0
2019-01-08 00:00:00+09:00,1372.1513671875,1372.1513671875,1372.1513671875,1372.1513671875,0,0.0,0.0
2019-01-09 00:00:00+09:00,1379.634033203125,1379.634033203125,1379.634033203125,1379.634033203125,200,0.0,0.0
2019-01-10 00:00:00+09:00,1379.634033203125,1379.634033203125,1379.634033203125,1379.634033203125,200,0.0,0.0
2019-01-11 00:00:00+09:00,1379.634033203125,1379.634033203125,1379.634033203125,1379.634033203125,0,0.0,0.0
2019-01-15 00:00:00+09:00,1445.1084038997901,1445.1084038997901,1442.3023681640625,1442.3023681640625,200,0.0,0.0
2019-01-16 00:00:00+09:00,1442.3023681640625,1442.3023681640625,1442.3023681640625,1442.3023681640625,0,0.0,0.0
2019-01-17 00:00:00+09:00,1442.3022340655168,1442.3022340655168,1404.888427734375,1404.888427734375,300,0.0,0.0
2019-01-18 00:00:00+09:00,1404.888427734375,1404.888427734375,1404.888427734375,1404.888427734375,0,0.0,0.0
2019-01-21 00:00:00+09:00,1404.888427734375,1404.888427734375,1404.888427734375,1404.888427734375,0,0.0,0.0
2019-01-22 00:00:00+09:00,1407.694580078125,1407.694580078125,1407.694580078125,1407.694580078125,100,0.0,0.0
2019-01-23 00:00:00+09:00,1407.6945006964484,1428.2720947265625,1407.6945006964484,1428.2720947265625,500,0.0,0.0
2019-01-24 00:00:00+09:00,1448.8497545330579,1448.8497545330579,1391.7936957683603,1394.5997314453125,700,0.0,0.0
2019-01-25 00:00:00+09:00,1394.5997314453125,1394.5997314453125,1394.5997314453125,1394.5997314453125,0,0.0,0.0
2019-01-28 00:00:00+09:00,1386.1816351996529,1389.9230161313658,1386.1816351996529,1388.9876708984375,500,0.0,0.0
2019-01-29 00:00:00+09:00,1388.9876708984375,1388.9876708984375,1388.9876708984375,1388.9876708984375,0,0.0,0.0
2019-01-30 00:00:00+09:00,1388.9876708984375,1388.9876708984375,1388.9876708984375,1388.9876708984375,0,0.0,0.0
2019-01-31 00:00:00+09:00,1392.72900390625,1392.72900390625,1392.72900390625,1392.72900390625,300,0.0,0.0
2019-02-01 00:00:00+09:00,1392.72900390625,1392.72900390625,1392.72900390625,1392.72900390625,0,0.0,0.0
2019-02-04 00:00:00+09:00,1386.1814489539195,1386.1814489539195,1379.634033203125,1379.634033203125,400,0.0,0.0
2019-02-05 00:00:00+09:00,1379.634033203125,1379.634033203125,1379.634033203125,1379.634033203125,0,0.0,0.0
2019-02-06 00:00:00+09:00,1379.634033203125,1379.634033203125,1379.634033203125,1379.634033203125,0,0.0,0.0
2019-02-07 00:00:00+09:00,1379.634033203125,1379.634033203125,1379.634033203125,1379.634033203125,0,0.0,0.0
2019-02-08 00:00:00+09:00,1393.6644824613852,1393.6644824613852,1387.1170654296875,1387.1170654296875,200,0.0,0.0
2019-02-12 00:00:00+09:00,1387.1170654296875,1387.1170654296875,1387.1170654296875,1387.1170654296875,0,0.0,0.0
2019-02-13 00:00:00+09:00,1444.1728372776763,1444.1728372776763,1406.759033203125,1406.759033203125,200,0.0,0.0
2019-02-14 00:00:00+09:00,1442.3022885529892,1442.3022885529892,1398.341064453125,1398.341064453125,600,0.0,0.0
2019-02-15 00:00:00+09:00,1398.341064453125,1398.341064453125,1398.341064453125,1398.341064453125,0,0.0,0.0
2019-02-18 00:00:00+09:00,1403.017822265625,1403.017822265625,1403.017822265625,1403.017822265625,100,0.0,0.0
2019-02-19 00:00:00+09:00,1403.017822265625,1403.017822265625,1403.017822265625,1403.017822265625,0,0.0,0.0
2019-02-20 00:00:00+09:00,1410.50048828125,1410.50048828125,1410.50048828125,1410.50048828125,100,0.0,0.0
2019-02-21 00:00:00+09:00,1410.50048828125,1410.50048828125,1410.50048828125,1410.50048828125,0,0.0,0.0
2019-02-22 00:00:00+09:00,1398.341064453125,1403.9531356148098,1398.341064453125,1398.341064453125,300,0.0,0.0
2019-02-25 00:00:00+09:00,1423.5953369140625,1423.5953369140625,1423.5953369140625,1423.5953369140625,100,0.0,0.0
2019-02-26 00:00:00+09:00,1423.5953369140625,1423.5953369140625,1423.5953369140625,1423.5953369140625,0,0.0,0.0
2019-02-27 00:00:00+09:00,1448.8497212525626,1448.8497212525626,1411.4359130859375,1411.4359130859375,400,0.0,0.0
2019-02-28 00:00:00+09:00,1411.4359130859375,1411.4359130859375,1411.4359130859375,1411.4359130859375,0,0.0,0.0
2019-03-01 00:00:00+09:00,1411.4359130859375,1411.4359130859375,1411.4359130859375,1411.4359130859375,0,0.0,0.0
2019-03-04 00:00:00+09:00,1393.664306640625,1393.664306640625,1393.664306640625,1393.664306640625,200,0.0,0.0
2019-03-05 00:00:00+09:00,1368.4101027715774,1374.95751953125,1368.4101027715774,1374.95751953125,200,0.0,0.0
2019-03-06 00:00:00+09:00,1374.95751953125,1374.95751953125,1374.95751953125,1374.95751953125,0,0.0,0.0
2019-03-07 00:00:00+09:00,1374.95751953125,1374.95751953125,1374.95751953125,1374.95751953125,200,0.0,0.0
2019-03-08 00:00:00+09:00,1374.95751953125,1374.95751953125,1374.95751953125,1374.95751953125,0,0.0,0.0
2019-03-11 00:00:00+09:00,1401.1470947265625,1401.1470947265625,1401.1470947265625,1401.1470947265625,100,0.0,0.0
2019-03-12 00:00:00+09:00,1401.1470947265625,1401.1470947265625,1401.1470947265625,1401.1470947265625,100,0.0,0.0
2019-03-13 00:00:00+09:00,1402.0823974609375,1402.0823974609375,1402.0823974609375,1402.0823974609375,100,0.0,0.0
2019-03-14 00:00:00+09:00,1402.0823974609375,1402.0823974609375,1402.0823974609375,1402.0823974609375,0,0.0,0.0
2019-03-15 00:00:00+09:00,1388.9876708984375,1388.9876708984375,1388.9876708984375,1388.9876708984375,300,0.0,0.0
2019-03-18 00:00:00+09:00,1388.9876708984375,1388.9876708984375,1388.9876708984375,1388.9876708984375,0,0.0,0.0
2019-03-19 00:00:00+09:00,1388.9876708984375,1388.9876708984375,1388.9876708984375,1388.9876708984375,0,0.0,0.0
2019-03-20 00:00:00+09:00,1379.634033203125,1379.634033203125,1379.634033203125,1379.634033203125,200,0.0,0.0
2019-03-22 00:00:00+09:00,1366.539201701536,1379.634033203125,1366.539201701536,1379.634033203125,300,0.0,0.0
2019-03-25 00:00:00+09:00,1406.7590922668096,1418.9185791015625,1406.7590922668096,1418.9185791015625,500,0.0,0.0
2019-03-26 00:00:00+09:00,1406.7590922668096,1418.9185791015625,1406.7590922668096,1418.9185791015625,1200,0.0,0.0
2019-03-27 00:00:00+09:00,1390.2921142578125,1390.2921142578125,1390.2921142578125,1390.2921142578125,100,30.0,0.0
2019-03-28 00:00:00+09:00,1389.3380126953125,1389.3380126953125,1389.3380126953125,1389.3380126953125,300,0.0,0.0
2019-03-29 00:00:00+09:00,1389.337898668068,1390.2921142578125,1389.337898668068,1390.2921142578125,400,0.0,0.0
2019-04-01 00:00:00+09:00,1390.2921142578125,1390.2921142578125,1390.2921142578125,1390.2921142578125,0,0.0,0.0
2019-04-02 00:00:00+09:00,1394.1090053504622,1422.7354736328125,1394.1090053504622,1422.7354736328125,300,0.0,0.0
2019-04-03 00:00:00+09:00,1430.3692626953125,1430.3692626953125,1430.3692626953125,1430.3692626953125,100,0.0,0.0
2019-04-04 00:00:00+09:00,1430.3692626953125,1430.3692626953125,1430.3692626953125,1430.3692626953125,0,0.0,0.0
2019-04-05 00:00:00+09:00,1430.3692626953125,1430.3692626953125,1430.3692626953125,1430.3692626953125,0,0.0,0.0
2019-04-08 00:00:00+09:00,1447.5450439453125,1447.5450439453125,1447.5450439453125,1447.5450439453125,100,0.0,0.0
2019-04-09 00:00:00+09:00,1447.545114135742,1447.545114135742,1412.2391357421875,1412.2391357421875,300,0.0,0.0
2019-04-10 00:00:00+09:00,1447.545114135742,1447.545114135742,1412.2391357421875,1412.2391357421875,300,0.0,0.0
2019-04-11 00:00:00+09:00,1453.270377721799,1453.270377721799,1452.316162109375,1452.316162109375,200,0.0,0.0
2019-04-12 00:00:00+09:00,1453.270377721799,1453.270377721799,1452.316162109375,1452.316162109375,200,0.0,0.0
2019-04-15 00:00:00+09:00,1454.224593334223,1454.224593334223,1452.316162109375,1452.316162109375,700,0.0,0.0
2019-04-16 00:00:00+09:00,1452.316162109375,1452.316162109375,1452.316162109375,1452.316162109375,100,0.0,0.0
2019-04-17 00:00:00+09:00,1521.0196533203125,1521.0196533203125,1521.0196533203125,1521.0196533203125,300,0.0,0.0
2019-04-18 00:00:00+09:00,1526.7449951171875,1603.0822448730469,1526.7449951171875,1526.7449951171875,1000,0.0,0.0
2019-04-19 00:00:00+09:00,1489.530517578125,1489.530517578125,1489.530517578125,1489.530517578125,100,0.0,0.0
2019-04-22 00:00:00+09:00,1489.530517578125,1489.530517578125,1489.530517578125,1489.530517578125,0,0.0,0.0
2019-04-23 00:00:00+09:00,1521.0196533203125,1521.0196533203125,1521.0196533203125,1521.0196533203125,100,0.0,0.0
2019-04-24 00:00:00+09:00,1482.8510750927617,1599.265380859375,1482.8510750927617,1599.265380859375,500,0.0,0.0
2019-04-25 00:00:00+09:00,1599.265380859375,1599.265380859375,1599.265380859375,1599.265380859375,100,0.0,0.0
2019-04-26 00:00:00+09:00,1593.5400809782097,1593.5400809782097,1583.9979248046875,1583.9979248046875,200,0.0,0.0
2019-05-07 00:00:00+09:00,1660.3351722831158,1660.3351722831158,1598.3111572265625,1598.3111572265625,1400,0.0,0.0
2019-05-08 00:00:00+09:00,1578.2726811224732,1578.2726811224732,1575.4100341796875,1575.4100341796875,200,0.0,0.0
2019-05-09 00:00:00+09:00,1530.561895375193,1545.829345703125,1527.6992484387058,1545.829345703125,900,0.0,0.0
2019-05-10 00:00:00+09:00,1583.9978572094988,1583.9978572094988,1518.156982421875,1518.156982421875,300,0.0,0.0
2019-05-13 00:00:00+09:00,1556.32568359375,1556.32568359375,1556.32568359375,1556.32568359375,1100,0.0,0.0
2019-05-14 00:00:00+09:00,1591.631591796875,1591.631591796875,1591.631591796875,1591.631591796875,100,0.0,0.0
2019-05-15 00:00:00+09:00,1593.5400229620989,1593.5400229620989,1591.631591796875,1591.631591796875,300,0.0,0.0
2019-05-16 00:00:00+09:00,1549.64621057243,1549.64621057243,1531.51611328125,1531.51611328125,500,0.0,0.0
2019-05-17 00:00:00+09:00,1549.64621057243,1549.64621057243,1531.51611328125,1531.51611328125,500,0.0,0.0
2019-05-20 00:00:00+09:00,1531.5161097913108,1531.5161097913108,1501.9354248046875,1501.9354248046875,300,0.0,0.0
2019-05-21 00:00:00+09:00,1501.9354248046875,1501.9354248046875,1501.9354248046875,1501.9354248046875,0,0.0,0.0
2019-05-22 00:00:00+09:00,1463.7667236328125,1463.7667236328125,1463.7667236328125,1463.7667236328125,100,0.0,0.0
2019-05-23 00:00:00+09:00,1479.034225767022,1479.034225767022,1431.3234442906664,1440.8656005859375,1000,0.0,0.0
2019-05-24 00:00:00+09:00,1478.0800205169514,1479.0342361531793,1427.506591796875,1427.506591796875,800,0.0,0.0
2019-05-27 00:00:00+09:00,1493.3474152903602,1493.3474152903602,1464.720947265625,1464.720947265625,500,0.0,0.0
2019-05-28 00:00:00+09:00,1464.7208929125552,1464.7208929125552,1429.4149169921875,1429.4149169921875,800,0.0,0.0
2019-05-29 00:00:00+09:00,1429.4149169921875,1429.4149169921875,1429.4149169921875,1429.4149169921875,100,0.0,0.0
2019-05-30 00:00:00+09:00,1429.4149169921875,1429.4149169921875,1429.4149169921875,1429.4149169921875,100,0.0,0.0
2019-05-31 00:00:00+09:00,1429.4149169921875,1429.4149169921875,1429.4149169921875,1429.4149169921875,3400,0.0,0.0
2019-06-03 00:00:00+09:00,1429.4149169921875,1429.4149169921875,1429.4149169921875,1429.4149169921875,0,0.0,0.0
2019-06-04 00:00:00+09:00,1400.78857421875,1400.78857421875,1400.78857421875,1400.78857421875,100,0.0,0.0
2019-06-05 00:00:00+09:00,1400.78857421875,1400.78857421875,1400.78857421875,1400.78857421875,0,0.0,0.0
2019-06-06 00:00:00+09:00,1393.15478515625,1393.15478515625,1393.15478515625,1393.15478515625,200,0.0,0.0
2019-06-07 00:00:00+09:00,1393.15478515625,1393.15478515625,1392.2005695499786,1393.15478515625,1500,0.0,0.0
2019-06-10 00:00:00+09:00,1420.8270343959732,1421.78125,1420.8270343959732,1421.78125,200,0.0,0.0
2019-06-11 00:00:00+09:00,1488.576416015625,1488.576416015625,1488.576416015625,1488.576416015625,100,0.0,0.0
2019-06-12 00:00:00+09:00,1522.92822265625,1522.92822265625,1522.92822265625,1522.92822265625,100,0.0,0.0
2019-06-13 00:00:00+09:00,1521.9740069778939,1522.92822265625,1521.9740069778939,1522.92822265625,400,0.0,0.0
2019-06-14 00:00:00+09:00,1522.9280845039013,1522.9280845039013,1521.0196533203125,1521.0196533203125,400,0.0,0.0
2019-06-17 00:00:00+09:00,1521.0196533203125,1521.0196533203125,1521.0196533203125,1521.0196533203125,0,0.0,0.0
2019-06-18 00:00:00+09:00,1444.6824835855791,1460.9041495175175,1414.1475830078125,1414.1475830078125,800,0.0,0.0
2019-06-19 00:00:00+09:00,1414.1475830078125,1414.1475830078125,1414.1475830078125,1414.1475830078125,0,0.0,0.0
2019-06-20 00:00:00+09:00,1414.1475830078125,1414.1475830078125,1414.1475830078125,1414.1475830078125,0,0.0,0.0
2019-06-21 00:00:00+09:00,1414.1475830078125,1414.1475830078125,1414.1475830078125,1414.1475830078125,0,0.0,0.0
2019-06-24 00:00:00+09:00,1414.1475830078125,1414.1475830078125,1414.1475830078125,1414.1475830078125,0,0.0,0.0
2019-06-25 00:00:00+09:00,1480.942626953125,1480.942626953125,1480.942626953125,1480.942626953125,200,0.0,0.0
2019-06-26 00:00:00+09:00,1480.942626953125,1480.942626953125,1480.942626953125,1480.942626953125,100,0.0,0.0
2019-06-27 00:00:00+09:00,1480.942626953125,1480.942626953125,1480.942626953125,1480.942626953125,100,0.0,0.0
2019-06-28 00:00:00+09:00,1442.7740478515625,1442.7740478515625,1442.7740478515625,1442.7740478515625,100,0.0,0.0
2019-07-01 00:00:00+09:00,1480.942741074307,1480.942741074307,1479.988525390625,1479.988525390625,200,0.0,0.0
2019-07-02 00:00:00+09:00,1441.81982421875,1441.81982421875,1441.81982421875,1441.81982421875,100,0.0,0.0
2019-07-03 00:00:00+09:00,1441.81982421875,1441.81982421875,1441.81982421875,1441.81982421875,0,0.0,0.0
2019-07-04 00:00:00+09:00,1441.81982421875,1441.81982421875,1441.81982421875,1441.81982421875,0,0.0,0.0
2019-07-05 00:00:00+09:00,1441.8198203421928,1441.8198203421928,1412.2391357421875,1412.2391357421875,400,0.0,0.0
2019-07-08 00:00:00+09:00,1396.0174560546875,1396.0174560546875,1396.0174560546875,1396.0174560546875,300,0.0,0.0
2019-07-09 00:00:00+09:00,1396.0174560546875,1396.0174560546875,1396.0174560546875,1396.0174560546875,0,0.0,0.0
2019-07-10 00:00:00+09:00,1453.2704325783359,1453.2704325783359,1415.101806640625,1415.101806640625,400,0.0,0.0
2019-07-11 00:00:00+09:00,1443.7281494140625,1443.7281494140625,1443.7281494140625,1443.7281494140625,100,0.0,0.0
2019-07-12 00:00:00+09:00,1492.393226067486,1492.393226067486,1453.2703857421875,1453.2703857421875,400,0.0,0.0
2019-07-16 00:00:00+09:00,1453.270377721799,1453.270377721799,1452.316162109375,1452.316162109375,200,0.0,0.0
2019-07-17 00:00:00+09:00,1452.316162109375,1452.316162109375,1452.316162109375,1452.316162109375,100,0.0,0.0
2019-07-18 00:00:00+09:00,1452.316162109375,1452.316162109375,1452.316162109375,1452.316162109375,0,0.0,0.0
2019-07-19 00:00:00+09:00,1452.316162109375,1452.316162109375,1452.316162109375,1452.316162109375,100,0.0,0.0
2019-07-22 00:00:00+09:00,1459.949951171875,1459.949951171875,1459.949951171875,1459.949951171875,200,0.0,0.0
2019-07-23 00:00:00+09:00,1459.9498835298205,1480.942626953125,1459.9498835298205,1480.942626953125,400,0.0,0.0
2019-07-24 00:00:00+09:00,1507.66064453125,1507.66064453125,1507.66064453125,1507.66064453125,800,0.0,0.0
2019-07-25 00:00:00+09:00,1526.7449790754067,1526.7449790754067,1519.1112541800296,1524.8365478515625,800,0.0,0.0
2019-07-26 00:00:00+09:00,1526.7449951171875,1526.7449951171875,1526.7449951171875,1526.7449951171875,500,0.0,0.0
2019-07-29 00:00:00+09:00,1526.7449951171875,1526.7449951171875,1526.7449951171875,1526.7449951171875,100,0.0,0.0
2019-07-30 00:00:00+09:00,1526.7449951171875,1526.7449951171875,1526.7449951171875,1526.7449951171875,0,0.0,0.0
2019-07-31 00:00:00+09:00,1526.7449951171875,1526.7449951171875,1526.7449951171875,1526.7449951171875,0,0.0,0.0
2019-08-01 00:00:00+09:00,1451.362060546875,1451.362060546875,1451.362060546875,1451.362060546875,100,0.0,0.0
2019-08-02 00:00:00+09:00,1451.362060546875,1451.362060546875,1451.362060546875,1451.362060546875,0,0.0,0.0
2019-08-05 00:00:00+09:00,1451.362060546875,1451.362060546875,1451.362060546875,1451.362060546875,0,0.0,0.0
2019-08-06 00:00:00+09:00,1451.362060546875,1451.362060546875,1451.362060546875,1451.362060546875,0,0.0,0.0
2019-08-07 00:00:00+09:00,1451.362060546875,1451.362060546875,1451.362060546875,1451.362060546875,0,0.0,0.0
2019-08-08 00:00:00+09:00,1451.362060546875,1451.362060546875,1451.362060546875,1451.362060546875,0,0.0,0.0
2019-08-09 00:00:00+09:00,1451.362060546875,1451.362060546875,1451.362060546875,1451.362060546875,0,0.0,0.0
2019-08-13 00:00:00+09:00,1489.530517578125,1489.530517578125,1489.530517578125,1489.530517578125,100,0.0,0.0
2019-08-14 00:00:00+09:00,1536.2872206152467,1536.2872206152467,1505.7523193359375,1505.7523193359375,500,0.0,0.0
2019-08-15 00:00:00+09:00,1542.9666748046875,1542.9666748046875,1542.9666748046875,1542.9666748046875,400,0.0,0.0
2019-08-16 00:00:00+09:00,1574.4557802236764,1574.4557802236764,1470.446277166476,1498.1185302734375,600,0.0,0.0
2019-08-19 00:00:00+09:00,1479.0341796875,1479.0341796875,1479.0341796875,1479.0341796875,100,0.0,0.0
2019-08-20 00:00:00+09:00,1479.0341796875,1479.0341796875,1479.0341796875,1479.0341796875,0,0.0,0.0
2019-08-21 00:00:00+09:00,1479.0341796875,1479.0341796875,1479.0341796875,1479.0341796875,0,0.0,0.0
2019-08-22 00:00:00+09:00,1480.942626953125,1480.942626953125,1480.942626953125,1480.942626953125,100,0.0,0.0
2019-08-23 00:00:00+09:00,1519.111328125,1519.111328125,1519.111328125,1519.111328125,200,0.0,0.0
2019-08-26 00:00:00+09:00,1574.4557723530963,1574.4557723530963,1555.3714599609375,1555.3714599609375,400,0.0,0.0
2019-08-27 00:00:00+09:00,1555.3714599609375,1555.3714599609375,1555.3714599609375,1555.3714599609375,100,0.0,0.0
2019-08-28 00:00:00+09:00,1545.829345703125,1545.829345703125,1545.829345703125,1545.829345703125,400,0.0,0.0
2019-08-29 00:00:00+09:00,1543.9208843280742,1543.9208843280742,1467.5836341758827,1469.4920654296875,500,0.0,0.0
2019-08-30 00:00:00+09:00,1436.0945646158855,1436.0945646158855,1431.323486328125,1431.323486328125,500,0.0,0.0
2019-09-02 00:00:00+09:00,1431.323486328125,1431.323486328125,1431.323486328125,1431.323486328125,0,0.0,0.0
2019-09-03 00:00:00+09:00,1441.81982421875,1441.81982421875,1441.81982421875,1441.81982421875,100,0.0,0.0
2019-09-04 00:00:00+09:00,1441.81982421875,1441.81982421875,1441.81982421875,1441.81982421875,0,0.0,0.0
2019-09-05 00:00:00+09:00,1441.81982421875,1441.81982421875,1441.81982421875,1441.81982421875,0,0.0,0.0
2019-09-06 00:00:00+09:00,1425.59814453125,1425.59814453125,1425.59814453125,1425.59814453125,100,0.0,0.0
2019-09-09 00:00:00+09:00,1425.59814453125,1425.59814453125,1425.59814453125,1425.59814453125,0,0.0,0.0
2019-09-10 00:00:00+09:00,1454.224609375,1454.224609375,1454.224609375,1454.224609375,100,0.0,0.0
2019-09-11 00:00:00+09:00,1452.316162109375,1452.316162109375,1452.316162109375,1452.316162109375,100,0.0,0.0
2019-09-12 00:00:00+09:00,1452.3161840638734,1452.3161840638734,1411.284912109375,1411.284912109375,400,0.0,0.0
2019-09-13 00:00:00+09:00,1439.9113750307579,1454.224609375,1439.9113750307579,1454.224609375,300,0.0,0.0
2019-09-17 00:00:00+09:00,1454.224609375,1454.224609375,1454.224609375,1454.224609375,100,0.0,0.0
2019-09-18 00:00:00+09:00,1417.9644775390625,1417.9644775390625,1417.9644775390625,1417.9644775390625,100,0.0,0.0
2019-09-19 00:00:00+09:00,1417.9644775390625,1418.9186932036246,1417.9644775390625,1417.9644775390625,800,0.0,0.0
2019-09-20 00:00:00+09:00,1431.323486328125,1431.323486328125,1431.323486328125,1431.323486328125,500,0.0,0.0
2019-09-24 00:00:00+09:00,1414.1475490766807,1424.6439208984375,1414.1475490766807,1424.6439208984375,300,0.0,0.0
2019-09-25 00:00:00+09:00,1453.2703857421875,1453.2703857421875,1453.2703857421875,1453.2703857421875,100,0.0,0.0
2019-09-26 00:00:00+09:00,1491.4390869140625,1491.4390869140625,1491.4390869140625,1491.4390869140625,100,0.0,0.0
2019-09-27 00:00:00+09:00,1488.5763655037715,1488.5763655037715,1438.9571533203125,1438.9571533203125,300,0.0,0.0
2019-09-30 00:00:00+09:00,1417.01025390625,1417.01025390625,1417.01025390625,1417.01025390625,100,0.0,0.0
2019-10-01 00:00:00+09:00,1417.0102459272605,1417.0102459272605,1415.1018146196143,1416.0560302734375,300,0.0,0.0
2019-10-02 00:00:00+09:00,1416.0560302734375,1416.0560302734375,1416.0560302734375,1416.0560302734375,0,0.0,0.0
2019-10-03 00:00:00+09:00,1415.101806640625,1415.101806640625,1415.101806640625,1415.101806640625,200,0.0,0.0
2019-10-04 00:00:00+09:00,1415.101806640625,1415.101806640625,1415.101806640625,1415.101806640625,0,0.0,0.0
2019-10-07 00:00:00+09:00,1393.15478515625,1393.15478515625,1393.15478515625,1393.15478515625,300,0.0,0.0
2019-10-08 00:00:00+09:00,1393.15478515625,1393.15478515625,1393.15478515625,1393.15478515625,0,0.0,0.0
2019-10-09 00:00:00+09:00,1401.74267578125,1401.74267578125,1401.74267578125,1401.74267578125,500,0.0,0.0
2019-10-10 00:00:00+09:00,1428.4608111128591,1457.0872802734375,1428.4608111128591,1457.0872802734375,300,0.0,0.0
2019-10-11 00:00:00+09:00,1445.63671875,1445.63671875,1445.63671875,1445.63671875,100,0.0,0.0
2019-10-15 00:00:00+09:00,1445.63671875,1445.63671875,1445.63671875,1445.63671875,100,0.0,0.0
2019-10-16 00:00:00+09:00,1445.6367107678593,1445.6367107678593,1444.6824951171875,1444.6824951171875,200,0.0,0.0
2019-10-17 00:00:00+09:00,1431.323486328125,1431.323486328125,1431.323486328125,1431.323486328125,200,0.0,0.0
2019-10-18 00:00:00+09:00,1431.323486328125,1431.323486328125,1431.323486328125,1431.323486328125,100,0.0,0.0
2019-10-21 00:00:00+09:00,1432.2776715665784,1472.3547283325986,1432.2776715665784,1471.4005126953125,700,0.0,0.0
2019-10-23 00:00:00+09:00,1471.4005126953125,1471.4005126953125,1468.537865783454,1471.4005126953125,500,0.0,0.0
2019-10-24 00:00:00+09:00,1469.4920654296875,1469.4920654296875,1469.4920654296875,1469.4920654296875,100,0.0,0.0
2019-10-25 00:00:00+09:00,1470.4462890625,1470.4462890625,1470.4462890625,1470.4462890625,300,0.0,0.0
2019-10-28 00:00:00+09:00,1546.7836174382808,1546.7836174382808,1508.614990234375,1508.614990234375,300,0.0,0.0
2019-10-29 00:00:00+09:00,1528.6534423828125,1528.6534423828125,1528.6534423828125,1528.6534423828125,100,0.0,0.0
2019-10-30 00:00:00+09:00,1528.6534423828125,1528.6534423828125,1528.6534423828125,1528.6534423828125,0,0.0,0.0
2019-10-31 00:00:00+09:00,1528.6534423828125,1528.6534423828125,1528.6534423828125,1528.6534423828125,0,0.0,0.0
2019-11-01 00:00:00+09:00,1522.92822265625,1522.92822265625,1522.92822265625,1522.92822265625,100,0.0,0.0
2019-11-05 00:00:00+09:00,1484.759521484375,1484.759521484375,1484.759521484375,1484.759521484375,100,0.0,0.0
2019-11-06 00:00:00+09:00,1483.8052978515625,1483.8052978515625,1483.8052978515625,1483.8052978515625,100,0.0,0.0
2019-11-07 00:00:00+09:00,1483.8052978515625,1483.8052978515625,1483.8052978515625,1483.8052978515625,100,0.0,0.0
2019-11-08 00:00:00+09:00,1446.59089038403,1469.4920654296875,1446.59089038403,1469.4920654296875,300,0.0,0.0
2019-11-11 00:00:00+09:00,1479.0341500556563,1479.0341500556563,1446.5908203125,1446.5908203125,200,0.0,0.0
2019-11-12 00:00:00+09:00,1446.5908943631002,1446.5908943631002,1440.8656005859375,1440.8656005859375,1300,0.0,0.0
2019-11-13 00:00:00+09:00,1440.8655362186355,1440.8655362186355,1433.2318115234375,1433.2318115234375,800,0.0,0.0
2019-11-14 00:00:00+09:00,1440.8655362186355,1440.8655362186355,1433.2318115234375,1433.2318115234375,800,0.0,0.0
2019-11-15 00:00:00+09:00,1433.2318115234375,1433.2318115234375,1433.2318115234375,1433.2318115234375,0,0.0,0.0
2019-11-18 00:00:00+09:00,1431.3234839108911,1445.63671875,1431.3234839108911,1445.63671875,1000,0.0,0.0
2019-11-19 00:00:00+09:00,1412.2391653029104,1430.3692626953125,1412.2391653029104,1430.3692626953125,300,0.0,0.0
2019-11-20 00:00:00+09:00,1401.7427931283617,1430.3692626953125,1401.7427931283617,1430.3692626953125,200,0.0,0.0
2019-11-21 00:00:00+09:00,1430.3692626953125,1430.3692626953125,1430.3692626953125,1430.3692626953125,100,0.0,0.0
2019-11-22 00:00:00+09:00,1430.3692626953125,1430.3692626953125,1430.3692626953125,1430.3692626953125,100,0.0,0.0
2019-11-25 00:00:00+09:00,1483.805257686492,1483.805257686492,1479.0341796875,1479.0341796875,700,0.0,0.0
2019-11-26 00:00:00+09:00,1449.4534912109375,1449.4534912109375,1449.4534912109375,1449.4534912109375,3800,0.0,0.0
2019-11-27 00:00:00+09:00,1449.4534912109375,1449.4534912109375,1449.4534912109375,1449.4534912109375,3800,0.0,0.0
2019-11-28 00:00:00+09:00,1431.323486328125,1431.323486328125,1431.323486328125,1431.323486328125,300,0.0,0.0
2019-11-29 00:00:00+09:00,1431.323486328125,1431.323486328125,1431.323486328125,1431.323486328125,300,0.0,0.0
2019-12-02 00:00:00+09:00,1431.323486328125,1431.323486328125,1431.323486328125,1431.323486328125,0,0.0,0.0
2019-12-03 00:00:00+09:00,1431.323486328125,1431.323486328125,1431.323486328125,1431.323486328125,0,0.0,0.0
2019-12-04 00:00:00+09:00,1414.1475830078125,1414.1475830078125,1414.1475830078125,1414.1475830078125,300,0.0,0.0
2019-12-05 00:00:00+09:00,1415.1018146196143,1416.0560302734375,1415.1018146196143,1416.0560302734375,1100,0.0,0.0
2019-12-06 00:00:00+09:00,1415.1018146196143,1416.0560302734375,1415.1018146196143,1416.0560302734375,1100,0.0,0.0
2019-12-09 00:00:00+09:00,1455.1788330078125,1455.1788330078125,1455.1788330078125,1455.1788330078125,200,0.0,0.0
2019-12-10 00:00:00+09:00,1450.4077774439102,1450.4077774439102,1414.1475830078125,1414.1475830078125,200,0.0,0.0
2019-12-11 00:00:00+09:00,1442.7740014304577,1442.7740014304577,1422.7354736328125,1422.7354736328125,200,0.0,0.0
2019-12-12 00:00:00+09:00,1422.7354736328125,1422.7354736328125,1422.7354736328125,1422.7354736328125,200,0.0,0.0
2019-12-13 00:00:00+09:00,1422.7354736328125,1422.7354736328125,1422.7354736328125,1422.7354736328125,200,0.0,0.0
2019-12-16 00:00:00+09:00,1450.40771484375,1450.40771484375,1450.40771484375,1450.40771484375,100,0.0,0.0
2019-12-17 00:00:00+09:00,1445.6366368343956,1450.40771484375,1445.6366368343956,1450.40771484375,200,0.0,0.0
2019-12-18 00:00:00+09:00,1445.6366368343956,1450.40771484375,1445.6366368343956,1450.40771484375,200,0.0,0.0
2019-12-19 00:00:00+09:00,1450.40771484375,1450.40771484375,1450.40771484375,1450.40771484375,0,0.0,0.0
2019-12-20 00:00:00+09:00,1450.40771484375,1450.40771484375,1450.40771484375,1450.40771484375,0,0.0,0.0
2019-12-23 00:00:00+09:00,1421.7813297526043,1440.865642903646,1421.7813297526043,1431.323486328125,700,0.0,0.0
2019-12-24 00:00:00+09:00,1422.7355826182475,1422.7355826182475,1384.5669553179591,1406.513916015625,2200,0.0,0.0
2019-12-25 00:00:00+09:00,1406.513936797032,1430.3693292121786,1406.513936797032,1423.6898193359375,1200,0.0,0.0
2019-12-26 00:00:00+09:00,1441.819719342587,1441.819719342587,1428.4607014267722,1429.4149169921875,600,0.0,0.0
2019-12-27 00:00:00+09:00,1441.819719342587,1441.819719342587,1428.4607014267722,1429.4149169921875,600,0.0,0.0
2019-12-30 00:00:00+09:00,1466.629389911059,1466.629389911059,1437.0487060546875,1437.0487060546875,600,0.0,0.0
2020-01-06 00:00:00+09:00,1437.0487060546875,1437.0487060546875,1437.0487060546875,1437.0487060546875,0,0.0,0.0
2020-01-07 00:00:00+09:00,1475.2172973470267,1475.2172973470267,1431.323380349638,1433.2318115234375,1000,0.0,0.0
2020-01-08 00:00:00+09:00,1471.4004564713966,1471.4004564713966,1464.720947265625,1464.720947265625,300,0.0,0.0
2020-01-09 00:00:00+09:00,1471.4004564713966,1471.4004564713966,1464.720947265625,1464.720947265625,300,0.0,0.0
2020-01-10 00:00:00+09:00,1464.721027065635,1474.26318359375,1432.2776948700446,1474.26318359375,300,0.0,0.0
2020-01-14 00:00:00+09:00,1518.156982421875,1518.156982421875,1518.156982421875,1518.156982421875,100,0.0,0.0
2020-01-15 00:00:00+09:00,1517.202844748543,1517.202844748543,1479.0342197234224,1483.8052978515625,400,0.0,0.0
2020-01-16 00:00:00+09:00,1517.202844748543,1517.202844748543,1479.0342197234224,1483.8052978515625,400,0.0,0.0
2020-01-17 00:00:00+09:00,1483.8052978515625,1483.8052978515625,1483.8052978515625,1483.8052978515625,0,0.0,0.0
2020-01-20 00:00:00+09:00,1499.072707283266,1499.072707283266,1479.0341796875,1479.0341796875,1000,0.0,0.0
2020-01-21 00:00:00+09:00,1499.072707283266,1499.072707283266,1479.0341796875,1479.0341796875,1000,0.0,0.0
2020-01-22 00:00:00+09:00,1440.8656257203636,1487.6221923828125,1440.8656257203636,1487.6221923828125,300,0.0,0.0
2020-01-23 00:00:00+09:00,1498.118506202138,1498.118506202138,1495.255859375,1495.255859375,200,0.0,0.0
2020-01-24 00:00:00+09:00,1505.752255494137,1556.32568359375,1475.217355509465,1556.32568359375,2500,0.0,0.0
2020-01-27 00:00:00+09:00,1545.8293075561523,1574.4557762145996,1526.7449951171875,1526.7449951171875,900,0.0,0.0
2020-01-28 00:00:00+09:00,1523.8823582383452,1752.8941090067879,1479.9884393410605,1746.214599609375,4000,0.0,0.0
2020-01-29 00:00:00+09:00,1746.214651627974,1803.4675910256126,1641.2509293989701,1679.4195556640625,2700,0.0,0.0
2020-01-30 00:00:00+09:00,1641.2508476343046,1709.954371488764,1595.4484983979985,1698.5037841796875,1900,0.0,0.0
2020-01-31 00:00:00+09:00,1698.5038763552295,1698.5038763552295,1636.4798583984375,1636.4798583984375,900,0.0,0.0
2020-02-03 00:00:00+09:00,1603.0822738964962,1603.0822738964962,1559.1883544921875,1559.1883544921875,900,0.0,0.0
2020-02-04 00:00:00+09:00,1540.1040941321332,1545.8293881623642,1536.2872314453125,1536.2872314453125,500,0.0,0.0
2020-02-05 00:00:00+09:00,1530.5619032787438,1602.1280770604806,1530.5619032787438,1546.7835693359375,1600,0.0,0.0
2020-02-06 00:00:00+09:00,1546.7835693359375,1546.7835693359375,1546.7835693359375,1546.7835693359375,100,0.0,0.0
2020-02-07 00:00:00+09:00,1546.7835693359375,1546.7835693359375,1546.7835693359375,1546.7835693359375,100,0.0,0.0
2020-02-10 00:00:00+09:00,1546.7835693359375,1546.7835693359375,1546.7835693359375,1546.7835693359375,0,0.0,0.0
2020-02-12 00:00:00+09:00,1616.441303469811,1616.441303469811,1529.607679729697,1545.829345703125,2100,0.0,0.0
2020-02-13 00:00:00+09:00,1616.441303469811,1616.441303469811,1529.607679729697,1545.829345703125,2100,0.0,0.0
2020-02-14 00:00:00+09:00,1545.8293237579003,1545.8293237579003,1528.6534423828125,1528.6534423828125,400,0.0,0.0
2020-02-17 00:00:00+09:00,1525.7908935546875,1525.7908935546875,1525.7908935546875,1525.7908935546875,100,0.0,0.0
2020-02-18 00:00:00+09:00,1525.7908935546875,1525.7908935546875,1525.7908935546875,1525.7908935546875,100,0.0,0.0
2020-02-19 00:00:00+09:00,1525.7908935546875,1525.7908935546875,1525.7908935546875,1525.7908935546875,0,0.0,0.0
2020-02-20 00:00:00+09:00,1487.6221683766971,1487.6221683766971,1484.759521484375,1484.759521484375,700,0.0,0.0
2020-02-21 00:00:00+09:00,1484.7595620478764,1533.424560546875,1484.7595620478764,1533.424560546875,500,0.0,0.0
2020-02-25 00:00:00+09:00,1457.0872562438483,1457.0872562438483,1454.224609375,1454.224609375,700,0.0,0.0
2020-02-26 00:00:00+09:00,1492.3932884114583,1492.3932884114583,1431.323486328125,1431.323486328125,500,0.0,0.0
2020-02-27 00:00:00+09:00,1448.4993681640626,1448.4993681640626,1431.323486328125,1431.323486328125,700,0.0,0.0
2020-02-28 00:00:00+09:00,1394.1090007625214,1394.1090007625214,1393.15478515625,1393.15478515625,1500,0.0,0.0
2020-03-02 00:00:00+09:00,1336.8560791015625,1336.8560791015625,1336.8560791015625,1336.8560791015625,100,0.0,0.0
2020-03-03 00:00:00+09:00,1336.8560791015625,1336.8560791015625,1336.8560791015625,1336.8560791015625,0,0.0,0.0
2020-03-04 00:00:00+09:00,1336.8560791015625,1336.8560791015625,1336.8560791015625,1336.8560791015625,100,0.0,0.0
2020-03-05 00:00:00+09:00,1336.8560791015625,1336.8560791015625,1336.8560791015625,1336.8560791015625,0,0.0,0.0
2020-03-06 00:00:00+09:00,1335.90185546875,1335.90185546875,1335.90185546875,1335.90185546875,100,0.0,0.0
2020-03-09 00:00:00+09:00,1326.359701108416,1326.359701108416,1321.588623046875,1321.588623046875,300,0.0,0.0
2020-03-10 00:00:00+09:00,1334.947623802698,1334.947623802698,1140.2876414897958,1333.993408203125,400,0.0,0.0
2020-03-11 00:00:00+09:00,1333.993408203125,1333.993408203125,1333.993408203125,1333.993408203125,100,0.0,0.0
2020-03-12 00:00:00+09:00,1249.0682768485915,1249.0682768485915,1151.73828125,1151.73828125,1000,0.0,0.0
2020-03-13 00:00:00+09:00,1036.2782082362482,1036.2782082362482,953.2614456979852,979.0252685546875,1700,0.0,0.0
2020-03-16 00:00:00+09:00,1093.5310437863372,1093.5310437863372,1025.78173828125,1025.78173828125,600,0.0,0.0
2020-03-17 00:00:00+09:00,1054.408203125,1054.408203125,1054.408203125,1054.408203125,100,0.0,0.0
2020-03-18 00:00:00+09:00,1054.4082298278809,1054.4082298278809,992.3842163085938,992.3842163085938,500,0.0,0.0
2020-03-19 00:00:00+09:00,992.3842163085938,992.3842163085938,992.3842163085938,992.3842163085938,0,0.0,0.0
2020-03-23 00:00:00+09:00,1049.63720703125,1049.63720703125,1049.63720703125,1049.63720703125,100,0.0,0.0
2020-03-24 00:00:00+09:00,1049.63720703125,1049.63720703125,1049.63720703125,1049.63720703125,0,0.0,0.0
2020-03-25 00:00:00+09:00,1133.6081642787744,1133.6081642787744,1120.2491455078125,1120.2491455078125,300,0.0,0.0
2020-03-26 00:00:00+09:00,1129.7913017727853,1129.7913017727853,1120.2491455078125,1120.2491455078125,200,0.0,0.0
2020-03-27 00:00:00+09:00,1120.2491455078125,1131.69973302578,1120.2491455078125,1120.2491455078125,300,0.0,0.0
2020-03-30 00:00:00+09:00,1149.6263427734375,1149.6263427734375,1149.6263427734375,1149.6263427734375,0,30.0,0.0
2020-03-31 00:00:00+09:00,1149.6263427734375,1149.6263427734375,1149.6263427734375,1149.6263427734375,0,0.0,0.0
2020-04-01 00:00:00+09:00,1149.6263427734375,1149.6263427734375,1149.6263427734375,1149.6263427734375,0,0.0,0.0
2020-04-02 00:00:00+09:00,1077.16259765625,1077.16259765625,1077.16259765625,1077.16259765625,100,0.0,0.0
2020-04-03 00:00:00+09:00,1077.16259765625,1077.16259765625,1077.16259765625,1077.16259765625,0,0.0,0.0
2020-04-06 00:00:00+09:00,1126.1245700532356,1126.1245700532356,1106.539794921875,1106.539794921875,200,0.0,0.0
2020-04-07 00:00:00+09:00,1106.539794921875,1106.539794921875,1106.539794921875,1106.539794921875,0,0.0,0.0
2020-04-08 00:00:00+09:00,1272.0310945836509,1272.0310945836509,1204.463623046875,1204.463623046875,500,0.0,0.0
2020-04-09 00:00:00+09:00,1204.463623046875,1204.463623046875,1204.463623046875,1204.463623046875,0,0.0,0.0
2020-04-10 00:00:00+09:00,1270.0726318359375,1270.0726318359375,1270.0726318359375,1270.0726318359375,100,0.0,0.0
2020-04-13 00:00:00+09:00,1341.557119443435,1341.557119443435,1263.218017578125,1263.218017578125,600,0.0,0.0
2020-04-14 00:00:00+09:00,1380.7266249036575,1380.7266249036575,1310.221435546875,1310.221435546875,400,0.0,0.0
2020-04-15 00:00:00+09:00,1339.5986328125,1339.5986328125,1339.5986328125,1339.5986328125,100,0.0,0.0
2020-04-16 00:00:00+09:00,1310.221445783379,1500.193763034482,1310.221445783379,1401.2906494140625,3600,0.0,0.0
2020-04-17 00:00:00+09:00,1460.044941422746,1488.4428644953548,1449.2733154296875,1449.2733154296875,600,0.0,0.0
2020-04-20 00:00:00+09:00,1449.2733154296875,1449.2733154296875,1449.2733154296875,1449.2733154296875,200,0.0,0.0
2020-04-21 00:00:00+09:00,1449.2733493476728,1449.2733493476728,1330.785460651005,1388.560546875,1000,0.0,0.0
2020-04-22 00:00:00+09:00,1388.560546875,1388.560546875,1388.560546875,1388.560546875,0,0.0,0.0
2020-04-23 00:00:00+09:00,1388.560546875,1388.560546875,1388.560546875,1388.560546875,0,0.0,0.0
2020-04-24 00:00:00+09:00,1341.5570709448068,1361.141845703125,1341.5570709448068,1361.141845703125,300,0.0,0.0
2020-04-27 00:00:00+09:00,1361.1418336560935,1361.1418336560935,1270.0726318359375,1270.0726318359375,1200,0.0,0.0
2020-04-28 00:00:00+09:00,1416.9584868076267,1416.9584868076267,1415.979248046875,1415.979248046875,500,0.0,0.0
2020-04-30 00:00:00+09:00,1370.9341947652342,1371.9134334757807,1340.5777947382896,1369.9549560546875,1200,0.0,0.0
2020-05-01 00:00:00+09:00,1273.9896240234375,1273.9896240234375,1273.9896240234375,1273.9896240234375,100,0.0,0.0
2020-05-07 00:00:00+09:00,1303.3667690735083,1362.12109375,1303.3667690735083,1362.12109375,200,0.0,0.0
2020-05-08 00:00:00+09:00,1376.8096999718398,1655.892747263429,1376.8096999718398,1480.6090087890625,20900,0.0,0.0
2020-05-11 00:00:00+09:00,1488.4429544432635,1497.256103515625,1403.2491800771031,1497.256103515625,2000,0.0,0.0
2020-05-12 00:00:00+09:00,1492.35986328125,1492.35986328125,1468.8581331508365,1492.35986328125,1000,0.0,0.0
2020-05-13 00:00:00+09:00,1505.0900189905358,1505.0900189905358,1459.0657958984375,1459.0657958984375,1200,0.0,0.0
2020-05-14 00:00:00+09:00,1459.0657413775705,1459.0657413775705,1440.460205078125,1440.460205078125,400,0.0,0.0
2020-05-15 00:00:00+09:00,1509.0069580078125,1509.0069580078125,1509.0069580078125,1509.0069580078125,3300,0.0,0.0
2020-05-18 00:00:00+09:00,1442.418663944169,1442.418663944169,1438.501708984375,1438.501708984375,600,0.0,0.0
2020-05-19 00:00:00+09:00,1444.377197265625,1444.377197265625,1444.377197265625,1444.377197265625,100,0.0,0.0
2020-05-20 00:00:00+09:00,1420.875401488516,1450.2525634765625,1420.875401488516,1450.2525634765625,200,0.0,0.0
2020-05-21 00:00:00+09:00,1468.8580710445915,1468.8580710445915,1447.3148193359375,1447.3148193359375,200,0.0,0.0
2020-05-22 00:00:00+09:00,1468.858154296875,1468.858154296875,1468.858154296875,1468.858154296875,100,0.0,0.0
2020-05-25 00:00:00+09:00,1507.0484472460676,1508.0276860032127,1429.6885854316172,1466.899658203125,1000,0.0,0.0
2020-05-26 00:00:00+09:00,1509.00697414731,1511.944690514891,1459.0657958984375,1459.0657958984375,400,0.0,0.0
2020-05-27 00:00:00+09:00,1504.1106617647058,1504.1106617647058,1498.2352294921875,1498.2352294921875,500,0.0,0.0
2020-05-28 00:00:00+09:00,1498.2353268393988,1509.006953372231,1469.83740234375,1469.83740234375,800,0.0,0.0
2020-05-29 00:00:00+09:00,1469.83740234375,1469.83740234375,1469.83740234375,1469.83740234375,100,0.0,0.0
2020-06-01 00:00:00+09:00,1469.83740234375,1469.83740234375,1469.83740234375,1469.83740234375,100,0.0,0.0
2020-06-02 00:00:00+09:00,1480.6090087890625,1480.6090087890625,1480.6090087890625,1480.6090087890625,100,0.0,0.0
2020-06-03 00:00:00+09:00,1478.6505419921875,1478.6505419921875,1468.858154296875,1468.858154296875,300,0.0,0.0
2020-06-04 00:00:00+09:00,1439.48095703125,1439.48095703125,1439.48095703125,1439.48095703125,100,0.0,0.0
2020-06-05 00:00:00+09:00,1419.8961436908303,1483.5466604769708,1419.8961436908303,1461.024169921875,1700,0.0,0.0
2020-06-08 00:00:00+09:00,1463.9619484823259,1493.339111328125,1463.9619484823259,1493.339111328125,500,0.0,0.0
2020-06-09 00:00:00+09:00,1493.339111328125,1493.339111328125,1493.339111328125,1493.339111328125,200,0.0,0.0
2020-06-10 00:00:00+09:00,1493.3390647486638,1493.3390647486638,1488.44287109375,1488.44287109375,400,0.0,0.0
2020-06-11 00:00:00+09:00,1488.4429390822786,1488.4429390822786,1469.83740234375,1469.83740234375,400,0.0,0.0
2020-06-12 00:00:00+09:00,1509.006916467713,1509.006916467713,1430.6678163266247,1453.1903076171875,600,0.0,0.0
2020-06-15 00:00:00+09:00,1521.7370299676452,1521.7370299676452,1454.1695556640625,1454.1695556640625,300,0.0,0.0
2020-06-16 00:00:00+09:00,1522.7163041621545,1522.7163041621545,1483.5467529296875,1483.5467529296875,300,0.0,0.0
2020-06-17 00:00:00+09:00,1522.7162946451608,1522.7162946451608,1482.5675048828125,1482.5675048828125,400,0.0,0.0
2020-06-18 00:00:00+09:00,1482.5675048828125,1482.5675048828125,1482.5675048828125,1482.5675048828125,0,0.0,0.0
2020-06-19 00:00:00+09:00,1517.8200590602808,1517.8200590602808,1465.920405427897,1516.8408203125,300,0.0,0.0
2020-06-22 00:00:00+09:00,1516.8408203125,1516.8408203125,1516.8408203125,1516.8408203125,0,0.0,0.0
2020-06-23 00:00:00+09:00,1516.8408203125,1516.8408203125,1516.8408203125,1516.8408203125,0,0.0,0.0
2020-06-24 00:00:00+09:00,1478.6505126953125,1478.6505126953125,1478.6505126953125,1478.6505126953125,200,0.0,0.0
2020-06-25 00:00:00+09:00,1517.820114675442,1522.71630859375,1517.820114675442,1522.71630859375,400,0.0,0.0
2020-06-26 00:00:00+09:00,1520.7578310264269,1522.71630859375,1520.7578310264269,1522.71630859375,200,0.0,0.0
2020-06-29 00:00:00+09:00,1527.6124203330592,1527.6124203330592,1488.44287109375,1488.44287109375,200,0.0,0.0
2020-06-30 00:00:00+09:00,1473.7543667362788,1474.7336055181634,1470.816650390625,1470.816650390625,400,0.0,0.0
2020-07-01 00:00:00+09:00,1506.0691976989342,1508.0276751991928,1478.6505126953125,1478.6505126953125,700,0.0,0.0
2020-07-02 00:00:00+09:00,1516.840868237574,1517.8201070162943,1509.0069580078125,1509.0069580078125,300,0.0,0.0
2020-07-03 00:00:00+09:00,1469.8373569892374,1492.3598481356414,1452.2110595703125,1452.2110595703125,900,0.0,0.0
2020-07-06 00:00:00+09:00,1547.1972309727823,1547.1972309727823,1517.820068359375,1517.820068359375,700,0.0,0.0
2020-07-07 00:00:00+09:00,1556.9896518398364,1636.3079925939412,1556.9896518398364,1559.9273681640625,3900,0.0,0.0
2020-07-08 00:00:00+09:00,1528.5916959307142,1545.2387547589153,1468.8581319001098,1505.0899658203125,1400,0.0,0.0
2020-07-09 00:00:00+09:00,1465.9204139238523,1484.525950239519,1419.8961925114133,1427.7301025390625,900,0.0,0.0
2020-07-10 00:00:00+09:00,1427.7300457951153,1457.1072072312288,1427.7300457951153,1434.584716796875,900,0.0,0.0
2020-07-13 00:00:00+09:00,1434.5847738132554,1434.5847738132554,1399.3321786888341,1427.7301025390625,900,0.0,0.0
2020-07-14 00:00:00+09:00,1486.4843936317845,1516.8407942922493,1486.4843936317845,1488.44287109375,400,0.0,0.0
2020-07-15 00:00:00+09:00,1527.612413561022,1527.612413561022,1449.2733154296875,1449.2733154296875,400,0.0,0.0
2020-07-16 00:00:00+09:00,1430.6677949141704,1489.422119140625,1430.6677949141704,1489.422119140625,200,0.0,0.0
2020-07-17 00:00:00+09:00,1489.422119140625,1489.422119140625,1489.422119140625,1489.422119140625,0,0.0,0.0
2020-07-20 00:00:00+09:00,1510.965449959456,1510.965449959456,1471.7958984375,1471.7958984375,200,0.0,0.0
2020-07-21 00:00:00+09:00,1510.9654278008861,1510.9654278008861,1495.297607421875,1495.297607421875,200,0.0,0.0
2020-07-22 00:00:00+09:00,1521.7370448681193,1521.7370448681193,1494.318359375,1494.318359375,600,0.0,0.0
2020-07-27 00:00:00+09:00,1496.2767706888462,1525.6539324170303,1494.3182932403006,1500.1937255859375,700,0.0,0.0
2020-07-28 00:00:00+09:00,1537.4048686495607,1546.218017578125,1490.4014076972173,1546.218017578125,1300,0.0,0.0
2020-07-29 00:00:00+09:00,1545.2387205712462,1545.2387205712462,1438.501698681344,1450.2525634765625,1500,0.0,0.0
2020-07-30 00:00:00+09:00,1518.799339546395,1518.799339546395,1468.8581620371326,1482.5675048828125,1100,0.0,0.0
2020-07-31 00:00:00+09:00,1482.5675048828125,1482.5675048828125,1482.5675048828125,1482.5675048828125,0,0.0,0.0
2020-08-03 00:00:00+09:00,1443.39794921875,1443.39794921875,1443.39794921875,1443.39794921875,100,0.0,0.0
2020-08-04 00:00:00+09:00,1459.0657958984375,1459.0657958984375,1459.0657958984375,1459.0657958984375,100,0.0,0.0
2020-08-05 00:00:00+09:00,1443.397912016369,1443.397912016369,1414.0207496279763,1439.48095703125,800,0.0,0.0
2020-08-06 00:00:00+09:00,1439.480921427409,1439.480921427409,1410.103759765625,1410.103759765625,200,0.0,0.0
2020-08-07 00:00:00+09:00,1385.6228661088578,1405.2076416015625,1385.6228661088578,1405.2076416015625,500,0.0,0.0
2020-08-11 00:00:00+09:00,1380.7266581246638,1380.7266581246638,1365.058837890625,1365.058837890625,500,0.0,0.0
2020-08-12 00:00:00+09:00,1395.4152663210605,1395.4152663210605,1380.7266845703125,1380.7266845703125,300,0.0,0.0
2020-08-13 00:00:00+09:00,1439.4809510557802,1439.4809510557802,1400.3114013671875,1400.3114013671875,400,0.0,0.0
2020-08-14 00:00:00+09:00,1429.6885986328125,1429.6885986328125,1429.6885986328125,1429.6885986328125,100,0.0,0.0
2020-08-17 00:00:00+09:00,1429.6885986328125,1429.6885986328125,1429.6885986328125,1429.6885986328125,100,0.0,0.0
2020-08-18 00:00:00+09:00,1429.6886280980602,1430.6678668844288,1419.896240234375,1419.896240234375,600,0.0,0.0
2020-08-19 00:00:00+09:00,1390.5189784458705,1390.5189784458705,1370.9342041015625,1370.9342041015625,500,0.0,0.0
2020-08-20 00:00:00+09:00,1390.51904296875,1390.51904296875,1390.51904296875,1390.51904296875,100,0.0,0.0
2020-08-21 00:00:00+09:00,1390.51904296875,1390.51904296875,1390.51904296875,1390.51904296875,0,0.0,0.0
2020-08-24 00:00:00+09:00,1400.3113733945231,1400.3113733945231,1397.3736572265625,1397.3736572265625,200,0.0,0.0
2020-08-25 00:00:00+09:00,1382.6850679239649,1383.664306640625,1382.6850679239649,1383.664306640625,600,0.0,0.0
2020-08-26 00:00:00+09:00,1413.0414945943678,1413.0414945943678,1412.062255859375,1412.062255859375,200,0.0,0.0
2020-08-27 00:00:00+09:00,1412.062274457345,1414.020751953125,1412.062274457345,1414.020751953125,600,0.0,0.0
2020-08-28 00:00:00+09:00,1419.8961399623327,1426.7508109828404,1370.9342041015625,1370.9342041015625,1200,0.0,0.0
2020-08-31 00:00:00+09:00,1370.9342041015625,1370.9342041015625,1370.9342041015625,1370.9342041015625,0,0.0,0.0
2020-09-01 00:00:00+09:00,1370.9342041015625,1370.9342041015625,1370.9342041015625,1370.9342041015625,0,0.0,0.0
2020-09-02 00:00:00+09:00,1400.3114013671875,1400.3114013671875,1400.3114013671875,1400.3114013671875,100,0.0,0.0
2020-09-03 00:00:00+09:00,1429.6885986328125,1429.6885986328125,1429.6885986328125,1429.6885986328125,200,0.0,0.0
2020-09-04 00:00:00+09:00,1429.6885541271213,1429.6885541271213,1399.3321533203125,1399.3321533203125,300,0.0,0.0
2020-09-07 00:00:00+09:00,1371.9134800576755,1386.60206121461,1371.9134800576755,1374.8511962890625,500,0.0,0.0
2020-09-08 00:00:00+09:00,1374.8511962890625,1374.8511962890625,1374.8511962890625,1374.8511962890625,0,0.0,0.0
2020-09-09 00:00:00+09:00,1376.8097002915933,1390.51904296875,1376.8097002915933,1390.51904296875,200,0.0,0.0
2020-09-10 00:00:00+09:00,1419.896240234375,1419.896240234375,1419.896240234375,1419.896240234375,200,0.0,0.0
2020-09-11 00:00:00+09:00,1447.3148193359375,1447.3148193359375,1447.3148193359375,1447.3148193359375,100,0.0,0.0
2020-09-14 00:00:00+09:00,1449.2732967639968,1449.2732967639968,1447.3148193359375,1447.3148193359375,600,0.0,0.0
2020-09-15 00:00:00+09:00,1449.2733911546609,1468.858166710805,1444.377197265625,1444.377197265625,800,0.0,0.0
2020-09-16 00:00:00+09:00,1444.377197265625,1444.377197265625,1444.377197265625,1444.377197265625,0,0.0,0.0
2020-09-17 00:00:00+09:00,1444.377197265625,1444.377197265625,1444.377197265625,1444.377197265625,0,0.0,0.0
2020-09-18 00:00:00+09:00,1463.9619140625,1463.9619140625,1463.9619140625,1463.9619140625,100,0.0,0.0
2020-09-23 00:00:00+09:00,1483.5467529296875,1483.5467529296875,1483.5467529296875,1483.5467529296875,100,0.0,0.0
2020-09-24 00:00:00+09:00,1488.4429082595143,1492.35986328125,1488.4429082595143,1492.35986328125,900,0.0,0.0
2020-09-25 00:00:00+09:00,1517.820068359375,1517.820068359375,1517.820068359375,1517.820068359375,300,0.0,0.0
2020-09-28 00:00:00+09:00,1478.6504644572074,1499.2144775390625,1478.6504644572074,1499.2144775390625,600,0.0,0.0
2020-09-29 00:00:00+09:00,1481.5882369714773,1492.35986328125,1481.5882369714773,1492.35986328125,200,0.0,0.0
2020-09-30 00:00:00+09:00,1531.5294310809577,1531.5294310809577,1507.0484619140625,1507.0484619140625,200,0.0,0.0
2020-10-02 00:00:00+09:00,1478.6505126953125,1479.6297514454418,1478.6505126953125,1478.6505126953125,1200,0.0,0.0
2020-10-05 00:00:00+09:00,1478.6505126953125,1478.6505126953125,1478.6505126953125,1478.6505126953125,0,0.0,0.0
2020-10-06 00:00:00+09:00,1540.3425303141275,1540.3425303141275,1527.6124267578125,1527.6124267578125,200,0.0,0.0
2020-10-07 00:00:00+09:00,1503.1314636026339,1503.1314636026339,1439.4809455999164,1463.9619140625,400,0.0,0.0
2020-10-08 00:00:00+09:00,1463.9619233646495,1464.941162109375,1463.9619233646495,1464.941162109375,300,0.0,0.0
2020-10-09 00:00:00+09:00,1485.5051568579004,1485.5051568579004,1462.982666015625,1462.982666015625,400,0.0,0.0
2020-10-12 00:00:00+09:00,1463.961875996691,1472.7750244140625,1463.961875996691,1472.7750244140625,200,0.0,0.0
2020-10-13 00:00:00+09:00,1472.7750467460453,1472.7750467460453,1423.8131103515625,1423.8131103515625,1700,0.0,0.0
2020-10-14 00:00:00+09:00,1427.7301412072982,1439.481006567029,1418.9169921875,1418.9169921875,600,0.0,0.0
2020-10-15 00:00:00+09:00,1448.2941163616415,1468.8581301842207,1426.7508637856063,1427.7301025390625,1700,0.0,0.0
2020-10-16 00:00:00+09:00,1419.896240234375,1419.896240234375,1419.896240234375,1419.896240234375,100,0.0,0.0
2020-10-19 00:00:00+09:00,1419.8962369262365,1447.3149228806742,1419.8962369262365,1445.3564453125,300,0.0,0.0
2020-10-20 00:00:00+09:00,1457.107225242821,1457.107225242821,1449.2733154296875,1449.2733154296875,300,0.0,0.0
2020-10-21 00:00:00+09:00,1468.858143639943,1480.6090087890625,1468.858143639943,1480.6090087890625,900,0.0,0.0
2020-10-22 00:00:00+09:00,1482.5674770110336,1482.5674770110336,1479.6297607421875,1479.6297607421875,200,0.0,0.0
2020-10-23 00:00:00+09:00,1473.7543622185203,1473.7543622185203,1404.2284089178459,1431.6470947265625,1300,0.0,0.0
2020-10-26 00:00:00+09:00,1431.647088516714,1431.647088516714,1405.2076416015625,1405.2076416015625,400,0.0,0.0
2020-10-27 00:00:00+09:00,1432.6262682727931,1432.6262682727931,1424.7923583984375,1424.7923583984375,200,0.0,0.0
2020-10-28 00:00:00+09:00,1396.3944091796875,1396.3944091796875,1396.3944091796875,1396.3944091796875,100,0.0,0.0
2020-10-29 00:00:00+09:00,1396.3944091796875,1396.3944091796875,1396.3944091796875,1396.3944091796875,0,0.0,0.0
2020-10-30 00:00:00+09:00,1390.519063068333,1390.519063068333,1379.7474365234375,1379.7474365234375,500,0.0,0.0
2020-11-02 00:00:00+09:00,1375.830425716517,1375.830425716517,1354.287173498892,1373.8719482421875,900,0.0,0.0
2020-11-04 00:00:00+09:00,1432.6262787351654,1432.6262787351654,1404.228355233238,1413.04150390625,1000,0.0,0.0
2020-11-05 00:00:00+09:00,1413.0415704205539,1413.0415704205539,1407.1661376953125,1407.1661376953125,200,0.0,0.0
2020-11-06 00:00:00+09:00,1348.4117136056082,1370.9342041015625,1348.4117136056082,1370.9342041015625,1000,0.0,0.0
2020-11-09 00:00:00+09:00,1370.9342134245628,1371.9134521484375,1357.2248712903172,1371.9134521484375,300,0.0,0.0
2020-11-10 00:00:00+09:00,1370.9342041015625,1370.9342041015625,1370.9342041015625,1370.9342041015625,300,0.0,0.0
2020-11-11 00:00:00+09:00,1370.934267715669,1390.51904296875,1370.934267715669,1390.51904296875,400,0.0,0.0
2020-11-12 00:00:00+09:00,1363.100295151406,1370.9342048936553,1358.2041015625,1358.2041015625,700,0.0,0.0
2020-11-13 00:00:00+09:00,1386.6020879181337,1390.51904296875,1385.6228491554798,1390.51904296875,1900,0.0,0.0
2020-11-16 00:00:00+09:00,1399.3321533203125,1399.3321533203125,1399.3321533203125,1399.3321533203125,100,0.0,0.0
2020-11-17 00:00:00+09:00,1399.3321743459464,1400.3114130963634,1375.8304443359375,1375.8304443359375,500,0.0,0.0
2020-11-18 00:00:00+09:00,1375.8304443359375,1375.8304443359375,1375.8304443359375,1375.8304443359375,0,0.0,0.0
2020-11-19 00:00:00+09:00,1359.183349609375,1359.183349609375,1359.183349609375,1359.183349609375,100,0.0,0.0
2020-11-20 00:00:00+09:00,1382.6851513053798,1392.4775390625,1382.6851513053798,1392.4775390625,200,0.0,0.0
2020-11-24 00:00:00+09:00,1393.456712573156,1438.5016941461463,1385.622802734375,1385.622802734375,1500,0.0,0.0
2020-11-25 00:00:00+09:00,1444.377127523599,1444.377127523599,1372.8927001953125,1372.8927001953125,900,0.0,0.0
2020-11-26 00:00:00+09:00,1402.2699000655673,1402.2699000655673,1376.8096923828125,1376.8096923828125,600,0.0,0.0
2020-11-27 00:00:00+09:00,1406.1868040395948,1422.8338623046875,1406.1868040395948,1422.8338623046875,200,0.0,0.0
2020-11-30 00:00:00+09:00,1422.8338623046875,1422.8338623046875,1422.8338623046875,1422.8338623046875,100,0.0,0.0
2020-12-01 00:00:00+09:00,1393.4567826078667,1393.4567826078667,1354.2872314453125,1354.2872314453125,600,0.0,0.0
2020-12-02 00:00:00+09:00,1359.1834053028606,1365.058837890625,1359.1834053028606,1365.058837890625,400,0.0,0.0
2020-12-03 00:00:00+09:00,1353.3079833984375,1353.3079833984375,1353.3079833984375,1353.3079833984375,200,0.0,0.0
2020-12-04 00:00:00+09:00,1353.3079833984375,1353.3079833984375,1353.3079833984375,1353.3079833984375,1000,0.0,0.0
2020-12-07 00:00:00+09:00,1353.3079819108423,1367.0173247087814,1353.3079819108423,1366.0380859375,700,0.0,0.0
2020-12-08 00:00:00+09:00,1366.0380859375,1366.0380859375,1366.0380859375,1366.0380859375,0,0.0,0.0
2020-12-09 00:00:00+09:00,1366.0380859375,1366.0380859375,1366.0380859375,1366.0380859375,0,0.0,0.0
2020-12-10 00:00:00+09:00,1366.038030043534,1372.892701162032,1360.16259765625,1360.16259765625,400,0.0,0.0
2020-12-11 00:00:00+09:00,1413.041507297092,1413.041507297092,1374.8511962890625,1374.8511962890625,1100,0.0,0.0
2020-12-14 00:00:00+09:00,1374.8511962890625,1374.8511962890625,1374.8511962890625,1374.8511962890625,100,0.0,0.0
2020-12-15 00:00:00+09:00,1414.0207343558652,1414.0207343558652,1399.3321533203125,1399.3321533203125,200,0.0,0.0
2020-12-16 00:00:00+09:00,1399.3321533203125,1399.3321533203125,1399.3321533203125,1399.3321533203125,100,0.0,0.0
2020-12-17 00:00:00+09:00,1399.3321533203125,1399.3321533203125,1399.3321533203125,1399.3321533203125,100,0.0,0.0
2020-12-18 00:00:00+09:00,1399.3321533203125,1399.3321533203125,1399.3321533203125,1399.3321533203125,0,0.0,0.0
2020-12-21 00:00:00+09:00,1369.9549560546875,1369.9549560546875,1369.9549560546875,1369.9549560546875,100,0.0,0.0
2020-12-22 00:00:00+09:00,1351.3494873046875,1351.3494873046875,1351.3494873046875,1351.3494873046875,100,0.0,0.0
2020-12-23 00:00:00+09:00,1356.2456717708994,1365.05882054053,1349.3910005056314,1350.3702392578125,1000,0.0,0.0
2020-12-24 00:00:00+09:00,1349.3909452550552,1349.3909452550552,1326.868454877068,1331.7646484375,900,0.0,0.0
2020-12-25 00:00:00+09:00,1385.6228548462627,1385.6228548462627,1339.5986328125,1339.5986328125,300,0.0,0.0
2020-12-28 00:00:00+09:00,1368.975830078125,1368.975830078125,1368.975830078125,1368.975830078125,100,0.0,0.0
2020-12-29 00:00:00+09:00,1336.660888671875,1336.660888671875,1336.660888671875,1336.660888671875,100,0.0,0.0
2020-12-30 00:00:00+09:00,1307.2837090386286,1321.9722900390625,1305.325231571904,1321.9722900390625,1400,0.0,0.0
2021-01-04 00:00:00+09:00,1292.5951854734492,1302.3875732421875,1278.8858425972157,1302.3875732421875,600,0.0,0.0
2021-01-05 00:00:00+09:00,1302.3875732421875,1302.3875732421875,1302.3875732421875,1302.3875732421875,0,0.0,0.0
2021-01-06 00:00:00+09:00,1330.785400390625,1330.785400390625,1330.785400390625,1330.785400390625,100,0.0,0.0
2021-01-07 00:00:00+09:00,1331.7646390958425,1331.7646390958425,1327.8476842749724,1330.785400390625,300,0.0,0.0
2021-01-08 00:00:00+09:00,1307.28369140625,1307.28369140625,1307.28369140625,1307.28369140625,100,0.0,0.0
2021-01-12 00:00:00+09:00,1307.283771598426,1341.55712890625,1307.283771598426,1341.55712890625,500,0.0,0.0
2021-01-13 00:00:00+09:00,1368.9757685012366,1368.9757685012366,1323.9307861328125,1323.9307861328125,400,0.0,0.0
2021-01-14 00:00:00+09:00,1353.307948547002,1353.307948547002,1323.9307861328125,1323.9307861328125,200,0.0,0.0
2021-01-15 00:00:00+09:00,1353.307946192682,1353.307946192682,1324.910022575035,1349.3909912109375,400,0.0,0.0
2021-01-18 00:00:00+09:00,1349.3910124875947,1349.3910124875947,1325.8892822265625,1325.8892822265625,500,0.0,0.0
2021-01-19 00:00:00+09:00,1313.1591796875,1313.1591796875,1313.1591796875,1313.1591796875,100,0.0,0.0
2021-01-20 00:00:00+09:00,1326.8685597699814,1326.8685597699814,1317.076171875,1317.076171875,200,0.0,0.0
2021-01-21 00:00:00+09:00,1322.9515203601586,1327.8477139958363,1308.262939453125,1308.262939453125,500,0.0,0.0
2021-01-22 00:00:00+09:00,1308.2630103786496,1341.55712890625,1307.283771598426,1341.55712890625,1000,0.0,0.0
2021-01-25 00:00:00+09:00,1366.038051060268,1366.038051060268,1336.660888671875,1336.660888671875,300,0.0,0.0
2021-01-26 00:00:00+09:00,1364.0795640693732,1365.0588028088343,1335.681640625,1335.681640625,300,0.0,0.0
2021-01-27 00:00:00+09:00,1335.6815945538865,1344.4947429050485,1315.1175817345086,1318.0552978515625,600,0.0,0.0
2021-01-28 00:00:00+09:00,1347.4325648716517,1347.4325648716517,1316.096923828125,1316.096923828125,500,0.0,0.0
2021-01-29 00:00:00+09:00,1316.096923828125,1316.096923828125,1316.096923828125,1316.096923828125,0,0.0,0.0
2021-02-01 00:00:00+09:00,1374.8511748568703,1411.0830078125,1374.8511748568703,1411.0830078125,500,0.0,0.0
2021-02-02 00:00:00+09:00,1436.5432759198275,1436.5432759198275,1378.7681884765625,1378.7681884765625,300,0.0,0.0
2021-02-03 00:00:00+09:00,1391.49831879005,1394.43603515625,1390.5190800013168,1394.43603515625,1200,0.0,0.0
2021-02-04 00:00:00+09:00,1415.9792850889007,1419.896240234375,1410.1038523706895,1419.896240234375,1100,0.0,0.0
2021-02-05 00:00:00+09:00,1390.5190139450394,1400.3114013671875,1390.5190139450394,1400.3114013671875,500,0.0,0.0
2021-02-08 00:00:00+09:00,1429.6885986328125,1429.6885986328125,1429.6885986328125,1429.6885986328125,100,0.0,0.0
2021-02-09 00:00:00+09:00,1429.6885986328125,1429.6885986328125,1429.6885986328125,1429.6885986328125,0,0.0,0.0
2021-02-10 00:00:00+09:00,1429.6885986328125,1429.6885986328125,1429.6885986328125,1429.6885986328125,100,0.0,0.0
2021-02-12 00:00:00+09:00,1468.858154296875,1468.858154296875,1468.858154296875,1468.858154296875,1000,0.0,0.0
2021-02-15 00:00:00+09:00,1468.8581492802869,1468.8581492802869,1429.6885986328125,1429.6885986328125,500,0.0,0.0
2021-02-16 00:00:00+09:00,1459.0657616184183,1459.0657616184183,1429.6885986328125,1429.6885986328125,200,0.0,0.0
2021-02-17 00:00:00+09:00,1429.6885986328125,1429.6885986328125,1429.6885986328125,1429.6885986328125,0,0.0,0.0
2021-02-18 00:00:00+09:00,1429.6885986328125,1429.6885986328125,1429.6885986328125,1429.6885986328125,0,0.0,0.0
2021-02-19 00:00:00+09:00,1419.896240234375,1419.896240234375,1419.896240234375,1419.896240234375,700,0.0,0.0
2021-02-22 00:00:00+09:00,1419.896240234375,1419.896240234375,1419.896240234375,1419.896240234375,0,0.0,0.0
2021-02-24 00:00:00+09:00,1420.8753662109375,1420.8753662109375,1420.8753662109375,1420.8753662109375,100,0.0,0.0
2021-02-25 00:00:00+09:00,1450.2525634765625,1450.2525634765625,1450.2525634765625,1450.2525634765625,200,0.0,0.0
2021-02-26 00:00:00+09:00,1450.252572784218,1451.2318115234375,1421.8546493468498,1451.2318115234375,500,0.0,0.0
2021-03-01 00:00:00+09:00,1458.0865478515625,1458.0865478515625,1458.0865478515625,1458.0865478515625,100,0.0,0.0
2021-03-02 00:00:00+09:00,1458.0865478515625,1458.0865478515625,1458.0865478515625,1458.0865478515625,0,0.0,0.0
2021-03-03 00:00:00+09:00,1458.0865478515625,1458.0865478515625,1458.0865478515625,1458.0865478515625,0,0.0,0.0
2021-03-04 00:00:00+09:00,1458.0865478515625,1458.0865478515625,1458.0865478515625,1458.0865478515625,0,0.0,0.0
2021-03-05 00:00:00+09:00,1428.7093598666256,1429.6885986328125,1428.7093598666256,1429.6885986328125,300,0.0,0.0
2021-03-08 00:00:00+09:00,1429.6885986328125,1429.6885986328125,1429.6885986328125,1429.6885986328125,100,0.0,0.0
2021-03-09 00:00:00+09:00,1429.6885986328125,1429.6885986328125,1429.6885986328125,1429.6885986328125,100,0.0,0.0
2021-03-10 00:00:00+09:00,1411.0830078125,1411.0830078125,1411.0830078125,1411.0830078125,600,0.0,0.0
2021-03-11 00:00:00+09:00,1411.0830078125,1411.0830078125,1411.0830078125,1411.0830078125,100,0.0,0.0
2021-03-12 00:00:00+09:00,1411.0830078125,1411.0830078125,1411.0830078125,1411.0830078125,400,0.0,0.0
2021-03-15 00:00:00+09:00,1440.4602405999296,1457.1072998046875,1440.4602405999296,1457.1072998046875,400,0.0,0.0
2021-03-16 00:00:00+09:00,1457.1073183200504,1459.0657958984375,1457.1073183200504,1459.0657958984375,400,0.0,0.0
2021-03-17 00:00:00+09:00,1459.0657958984375,1459.0657958984375,1459.0657958984375,1459.0657958984375,0,0.0,0.0
2021-03-18 00:00:00+09:00,1463.9619314433724,1478.6505126953125,1463.9619314433724,1478.6505126953125,2100,0.0,0.0
2021-03-19 00:00:00+09:00,1517.8201197319736,1517.8201197319736,1462.0035088773138,1484.5260009765625,400,0.0,0.0
2021-03-22 00:00:00+09:00,1498.2352294921875,1498.2352294921875,1498.2352294921875,1498.2352294921875,100,0.0,0.0
2021-03-23 00:00:00+09:00,1517.8200627004862,1517.8200627004862,1478.6505126953125,1478.6505126953125,300,0.0,0.0
2021-03-24 00:00:00+09:00,1478.6505126953125,1478.6505126953125,1478.6505126953125,1478.6505126953125,2100,0.0,0.0
2021-03-25 00:00:00+09:00,1478.6505419921875,1478.6505419921875,1468.858154296875,1468.858154296875,200,0.0,0.0
2021-03-26 00:00:00+09:00,1468.858154296875,1468.858154296875,1468.858154296875,1468.858154296875,100,0.0,0.0
2021-03-29 00:00:00+09:00,1415.0,1415.0,1415.0,1415.0,100,0.0,0.0
2021-03-30 00:00:00+09:00,1445.0,1445.0,1445.0,1445.0,0,30.0,0.0
2021-03-31 00:00:00+09:00,1475.0,1475.0,1475.0,1475.0,100,0.0,0.0
2021-04-01 00:00:00+09:00,1475.0,1475.0,1475.0,1475.0,0,0.0,0.0
2021-04-02 00:00:00+09:00,1500.0,1500.0,1500.0,1500.0,200,0.0,0.0
2021-04-05 00:00:00+09:00,1540.0,1598.0,1530.0,1530.0,800,0.0,0.0
2021-04-06 00:00:00+09:00,1542.0,1542.0,1501.0,1504.0,700,0.0,0.0
2021-04-07 00:00:00+09:00,1504.0,1504.0,1504.0,1504.0,0,0.0,0.0
2021-04-08 00:00:00+09:00,1504.0,1504.0,1504.0,1504.0,0,0.0,0.0
2021-04-09 00:00:00+09:00,1501.0,1501.0,1501.0,1501.0,500,0.0,0.0
2021-04-12 00:00:00+09:00,1501.0,1581.0,1501.0,1560.0,300,0.0,0.0
2021-04-13 00:00:00+09:00,1560.0,1560.0,1520.0,1560.0,400,0.0,0.0
2021-04-14 00:00:00+09:00,1580.0,1580.0,1560.0,1560.0,200,0.0,0.0
2021-04-15 00:00:00+09:00,1594.0,1594.0,1594.0,1594.0,100,0.0,0.0
2021-04-16 00:00:00+09:00,1573.0,1573.0,1501.0,1501.0,200,0.0,0.0
2021-04-19 00:00:00+09:00,1501.0,1501.0,1501.0,1501.0,0,0.0,0.0
2021-04-20 00:00:00+09:00,1504.0,1504.0,1504.0,1504.0,100,0.0,0.0
2021-04-21 00:00:00+09:00,1464.0,1541.0,1441.0,1541.0,2000,0.0,0.0
2021-04-22 00:00:00+09:00,1541.0,1550.0,1541.0,1550.0,200,0.0,0.0
2021-04-23 00:00:00+09:00,1543.0,1543.0,1474.0,1474.0,400,0.0,0.0
2021-04-26 00:00:00+09:00,1534.0,1534.0,1534.0,1534.0,100,0.0,0.0
2021-04-27 00:00:00+09:00,1480.0,1480.0,1480.0,1480.0,100,0.0,0.0
2021-04-28 00:00:00+09:00,1450.0,1450.0,1450.0,1450.0,100,0.0,0.0
2021-04-30 00:00:00+09:00,1450.0,1450.0,1450.0,1450.0,200,0.0,0.0
2021-05-06 00:00:00+09:00,1450.0,1450.0,1450.0,1450.0,0,0.0,0.0
2021-05-07 00:00:00+09:00,1496.0,1525.0,1496.0,1500.0,1400,0.0,0.0
2021-05-10 00:00:00+09:00,1540.0,1540.0,1470.0,1470.0,500,0.0,0.0
2021-05-11 00:00:00+09:00,1470.0,1470.0,1470.0,1470.0,100,0.0,0.0
2021-05-12 00:00:00+09:00,1538.0,1570.0,1470.0,1470.0,800,0.0,0.0
2021-05-13 00:00:00+09:00,1500.0,1500.0,1500.0,1500.0,100,0.0,0.0
2021-05-14 00:00:00+09:00,1535.0,1535.0,1469.0,1470.0,900,0.0,0.0
2021-05-17 00:00:00+09:00,1470.0,1470.0,1429.0,1432.0,1200,0.0,0.0
2021-05-18 00:00:00+09:00,1433.0,1433.0,1433.0,1433.0,100,0.0,0.0
2021-05-19 00:00:00+09:00,1433.0,1460.0,1433.0,1460.0,800,0.0,0.0
2021-05-20 00:00:00+09:00,1460.0,1460.0,1460.0,1460.0,0,0.0,0.0
2021-05-21 00:00:00+09:00,1460.0,1460.0,1460.0,1460.0,0,0.0,0.0
2021-05-24 00:00:00+09:00,1460.0,1460.0,1460.0,1460.0,0,0.0,0.0
2021-05-25 00:00:00+09:00,1482.0,1482.0,1482.0,1482.0,200,0.0,0.0
2021-05-26 00:00:00+09:00,1482.0,1482.0,1482.0,1482.0,100,0.0,0.0
2021-05-27 00:00:00+09:00,1452.0,1452.0,1452.0,1452.0,100,0.0,0.0
2021-05-28 00:00:00+09:00,1452.0,1452.0,1452.0,1452.0,0,0.0,0.0
2021-05-31 00:00:00+09:00,1452.0,1452.0,1452.0,1452.0,0,0.0,0.0
2021-06-01 00:00:00+09:00,1452.0,1452.0,1452.0,1452.0,0,0.0,0.0
2021-06-02 00:00:00+09:00,1452.0,1462.0,1452.0,1462.0,400,0.0,0.0
2021-06-03 00:00:00+09:00,1462.0,1462.0,1462.0,1462.0,0,0.0,0.0
2021-06-04 00:00:00+09:00,1462.0,1462.0,1462.0,1462.0,500,0.0,0.0
2021-06-07 00:00:00+09:00,1462.0,1462.0,1462.0,1462.0,500,0.0,0.0
2021-06-08 00:00:00+09:00,1444.0,1444.0,1442.0,1442.0,400,0.0,0.0
2021-06-09 00:00:00+09:00,1442.0,1442.0,1441.0,1441.0,400,0.0,0.0
2021-06-10 00:00:00+09:00,1457.0,1461.0,1457.0,1461.0,800,0.0,0.0
2021-06-11 00:00:00+09:00,1458.0,1462.0,1458.0,1462.0,1200,0.0,0.0
2021-06-14 00:00:00+09:00,1462.0,1462.0,1462.0,1462.0,100,0.0,0.0
2021-06-15 00:00:00+09:00,1462.0,1465.0,1462.0,1465.0,300,0.0,0.0
2021-06-16 00:00:00+09:00,1485.0,1485.0,1485.0,1485.0,100,0.0,0.0
2021-06-17 00:00:00+09:00,1490.0,1490.0,1490.0,1490.0,100,0.0,0.0
2021-06-18 00:00:00+09:00,1500.0,1500.0,1500.0,1500.0,100,0.0,0.0
2021-06-21 00:00:00+09:00,1498.0,1498.0,1498.0,1498.0,100,0.0,0.0
2021-06-22 00:00:00+09:00,1468.0,1468.0,1468.0,1468.0,100,0.0,0.0
2021-06-23 00:00:00+09:00,1438.0,1456.0,1438.0,1456.0,200,0.0,0.0
2021-06-24 00:00:00+09:00,1516.0,1538.0,1498.0,1498.0,400,0.0,0.0
2021-06-25 00:00:00+09:00,1528.0,1528.0,1528.0,1528.0,300,0.0,0.0
2021-06-28 00:00:00+09:00,1532.0,1533.0,1514.0,1514.0,300,0.0,0.0
2021-06-29 00:00:00+09:00,1514.0,1514.0,1514.0,1514.0,100,0.0,0.0
2021-06-30 00:00:00+09:00,1499.0,1499.0,1499.0,1499.0,100,0.0,0.0
2021-07-01 00:00:00+09:00,1513.0,1513.0,1513.0,1513.0,100,0.0,0.0
2021-07-02 00:00:00+09:00,1500.0,1501.0,1500.0,1501.0,700,0.0,0.0
2021-07-05 00:00:00+09:00,1515.0,1515.0,1515.0,1515.0,100,0.0,0.0
2021-07-06 00:00:00+09:00,1510.0,1510.0,1510.0,1510.0,100,0.0,0.0
2021-07-07 00:00:00+09:00,1510.0,1510.0,1510.0,1510.0,0,0.0,0.0
2021-07-08 00:00:00+09:00,1510.0,1510.0,1510.0,1510.0,0,0.0,0.0
2021-07-09 00:00:00+09:00,1495.0,1495.0,1495.0,1495.0,400,0.0,0.0
2021-07-12 00:00:00+09:00,1499.0,1499.0,1494.0,1496.0,600,0.0,0.0
2021-07-13 00:00:00+09:00,1526.0,1526.0,1486.0,1486.0,400,0.0,0.0
2021-07-14 00:00:00+09:00,1486.0,1486.0,1486.0,1486.0,200,0.0,0.0
2021-07-15 00:00:00+09:00,1486.0,1486.0,1486.0,1486.0,300,0.0,0.0
2021-07-16 00:00:00+09:00,1486.0,1486.0,1486.0,1486.0,200,0.0,0.0
2021-07-19 00:00:00+09:00,1460.0,1460.0,1460.0,1460.0,100,0.0,0.0
2021-07-20 00:00:00+09:00,1460.0,1460.0,1460.0,1460.0,300,0.0,0.0
2021-07-21 00:00:00+09:00,1499.0,1499.0,1496.0,1496.0,600,0.0,0.0
2021-07-26 00:00:00+09:00,1498.0,1498.0,1468.0,1468.0,400,0.0,0.0
2021-07-27 00:00:00+09:00,1498.0,1498.0,1465.0,1478.0,600,0.0,0.0
2021-07-28 00:00:00+09:00,1480.0,1480.0,1480.0,1480.0,100,0.0,0.0
2021-07-29 00:00:00+09:00,1530.0,1530.0,1490.0,1526.0,1100,0.0,0.0
2021-07-30 00:00:00+09:00,1526.0,1526.0,1526.0,1526.0,0,0.0,0.0
2021-08-02 00:00:00+09:00,1456.0,1459.0,1440.0,1459.0,800,0.0,0.0
2021-08-03 00:00:00+09:00,1489.0,1489.0,1489.0,1489.0,100,0.0,0.0
2021-08-04 00:00:00+09:00,1489.0,1489.0,1489.0,1489.0,0,0.0,0.0
2021-08-05 00:00:00+09:00,1489.0,1489.0,1489.0,1489.0,0,0.0,0.0
2021-08-06 00:00:00+09:00,1460.0,1460.0,1430.0,1430.0,300,0.0,0.0
2021-08-10 00:00:00+09:00,1430.0,1430.0,1430.0,1430.0,100,0.0,0.0
2021-08-11 00:00:00+09:00,1428.0,1428.0,1428.0,1428.0,400,0.0,0.0
2021-08-12 00:00:00+09:00,1428.0,1428.0,1428.0,1428.0,400,0.0,0.0
2021-08-13 00:00:00+09:00,1428.0,1428.0,1428.0,1428.0,200,0.0,0.0
2021-08-16 00:00:00+09:00,1458.0,1487.0,1458.0,1487.0,300,0.0,0.0
2021-08-17 00:00:00+09:00,1487.0,1487.0,1487.0,1487.0,0,0.0,0.0
2021-08-18 00:00:00+09:00,1487.0,1487.0,1487.0,1487.0,0,0.0,0.0
2021-08-19 00:00:00+09:00,1427.0,1427.0,1408.0,1421.0,1100,0.0,0.0
2021-08-20 00:00:00+09:00,1421.0,1421.0,1421.0,1421.0,0,0.0,0.0
2021-08-23 00:00:00+09:00,1415.0,1415.0,1415.0,1415.0,200,0.0,0.0
2021-08-24 00:00:00+09:00,1407.0,1429.0,1407.0,1423.0,700,0.0,0.0
2021-08-25 00:00:00+09:00,1423.0,1423.0,1380.0,1390.0,1500,0.0,0.0
2021-08-26 00:00:00+09:00,1390.0,1390.0,1390.0,1390.0,400,0.0,0.0
2021-08-27 00:00:00+09:00,1400.0,1400.0,1400.0,1400.0,200,0.0,0.0
2021-08-30 00:00:00+09:00,1400.0,1400.0,1400.0,1400.0,100,0.0,0.0
2021-08-31 00:00:00+09:00,1400.0,1400.0,1375.0,1375.0,200,0.0,0.0
2021-09-01 00:00:00+09:00,1375.0,1375.0,1375.0,1375.0,400,0.0,0.0
2021-09-02 00:00:00+09:00,1375.0,1375.0,1375.0,1375.0,400,0.0,0.0
2021-09-03 00:00:00+09:00,1375.0,1375.0,1363.0,1375.0,900,0.0,0.0
2021-09-06 00:00:00+09:00,1375.0,1375.0,1375.0,1375.0,0,0.0,0.0
2021-09-07 00:00:00+09:00,1360.0,1375.0,1360.0,1375.0,1000,0.0,0.0
2021-09-08 00:00:00+09:00,1370.0,1370.0,1360.0,1360.0,600,0.0,0.0
2021-09-09 00:00:00+09:00,1390.0,1390.0,1385.0,1385.0,200,0.0,0.0
2021-09-10 00:00:00+09:00,1397.0,1397.0,1386.0,1391.0,800,0.0,0.0
2021-09-13 00:00:00+09:00,1373.0,1373.0,1373.0,1373.0,200,0.0,0.0
2021-09-14 00:00:00+09:00,1373.0,1403.0,1373.0,1403.0,500,0.0,0.0
2021-09-15 00:00:00+09:00,1401.0,1401.0,1390.0,1390.0,200,0.0,0.0
2021-09-16 00:00:00+09:00,1395.0,1399.0,1395.0,1399.0,400,0.0,0.0
2021-09-17 00:00:00+09:00,1399.0,1399.0,1399.0,1399.0,200,0.0,0.0
2021-09-21 00:00:00+09:00,1399.0,1399.0,1399.0,1399.0,100,0.0,0.0
2021-09-22 00:00:00+09:00,1377.0,1397.0,1376.0,1397.0,600,0.0,0.0
2021-09-24 00:00:00+09:00,1394.0,1396.0,1369.0,1396.0,2100,0.0,0.0
2021-09-27 00:00:00+09:00,1413.0,1413.0,1383.0,1383.0,500,0.0,0.0
2021-09-28 00:00:00+09:00,1392.0,1392.0,1380.0,1389.0,1400,0.0,0.0
2021-09-29 00:00:00+09:00,1389.0,1389.0,1389.0,1389.0,100,0.0,0.0
2021-09-30 00:00:00+09:00,1371.0,1371.0,1371.0,1371.0,100,0.0,0.0
2021-10-01 00:00:00+09:00,1371.0,1371.0,1371.0,1371.0,300,0.0,0.0
2021-10-04 00:00:00+09:00,1365.0,1366.0,1365.0,1366.0,500,0.0,0.0
2021-10-05 00:00:00+09:00,1366.0,1366.0,1366.0,1366.0,300,0.0,0.0
2021-10-06 00:00:00+09:00,1366.0,1366.0,1365.0,1365.0,800,0.0,0.0
2021-10-07 00:00:00+09:00,1361.0,1365.0,1361.0,1361.0,700,0.0,0.0
2021-10-08 00:00:00+09:00,1361.0,1361.0,1361.0,1361.0,0,0.0,0.0
2021-10-11 00:00:00+09:00,1361.0,1365.0,1361.0,1365.0,400,0.0,0.0
2021-10-12 00:00:00+09:00,1365.0,1365.0,1360.0,1360.0,300,0.0,0.0
2021-10-13 00:00:00+09:00,1363.0,1363.0,1363.0,1363.0,100,0.0,0.0
2021-10-14 00:00:00+09:00,1365.0,1365.0,1365.0,1365.0,400,0.0,0.0
2021-10-15 00:00:00+09:00,1370.0,1370.0,1370.0,1370.0,100,0.0,0.0
2021-10-18 00:00:00+09:00,1352.0,1352.0,1350.0,1350.0,300,0.0,0.0
2021-10-19 00:00:00+09:00,1350.0,1350.0,1350.0,1350.0,0,0.0,0.0
2021-10-20 00:00:00+09:00,1360.0,1360.0,1360.0,1360.0,200,0.0,0.0
2021-10-21 00:00:00+09:00,1360.0,1360.0,1360.0,1360.0,0,0.0,0.0
2021-10-22 00:00:00+09:00,1360.0,1377.0,1360.0,1377.0,200,0.0,0.0
2021-10-25 00:00:00+09:00,1377.0,1377.0,1377.0,1377.0,200,0.0,0.0
2021-10-26 00:00:00+09:00,1377.0,1377.0,1377.0,1377.0,800,0.0,0.0
2021-10-27 00:00:00+09:00,1389.0,1389.0,1389.0,1389.0,100,0.0,0.0
2021-10-28 00:00:00+09:00,1389.0,1389.0,1389.0,1389.0,0,0.0,0.0
2021-10-29 00:00:00+09:00,1389.0,1389.0,1389.0,1389.0,0,0.0,0.0
2021-11-01 00:00:00+09:00,1389.0,1389.0,1389.0,1389.0,0,0.0,0.0
2021-11-02 00:00:00+09:00,1389.0,1389.0,1380.0,1380.0,200,0.0,0.0
2021-11-04 00:00:00+09:00,1375.0,1379.0,1375.0,1379.0,300,0.0,0.0
2021-11-05 00:00:00+09:00,1375.0,1375.0,1375.0,1375.0,200,0.0,0.0
2021-11-08 00:00:00+09:00,1403.0,1440.0,1403.0,1416.0,2100,0.0,0.0
2021-11-09 00:00:00+09:00,1416.0,1428.0,1416.0,1428.0,600,0.0,0.0
2021-11-10 00:00:00+09:00,1428.0,1428.0,1428.0,1428.0,100,0.0,0.0
2021-11-11 00:00:00+09:00,1428.0,1458.0,1428.0,1458.0,600,0.0,0.0
2021-11-12 00:00:00+09:00,1448.0,1450.0,1420.0,1421.0,600,0.0,0.0
2021-11-15 00:00:00+09:00,1421.0,1421.0,1371.0,1419.0,1100,0.0,0.0
2021-11-16 00:00:00+09:00,1389.0,1417.0,1389.0,1417.0,600,0.0,0.0
2021-11-17 00:00:00+09:00,1417.0,1417.0,1417.0,1417.0,100,0.0,0.0
2021-11-18 00:00:00+09:00,1417.0,1417.0,1417.0,1417.0,0,0.0,0.0
2021-11-19 00:00:00+09:00,1417.0,1417.0,1417.0,1417.0,0,0.0,0.0
2021-11-22 00:00:00+09:00,1389.0,1389.0,1388.0,1388.0,600,0.0,0.0
2021-11-24 00:00:00+09:00,1388.0,1418.0,1388.0,1418.0,1000,0.0,0.0
2021-11-25 00:00:00+09:00,1418.0,1418.0,1418.0,1418.0,200,0.0,0.0
2021-11-26 00:00:00+09:00,1417.0,1417.0,1394.0,1394.0,500,0.0,0.0
2021-11-29 00:00:00+09:00,1393.0,1394.0,1377.0,1377.0,1200,0.0,0.0
2021-11-30 00:00:00+09:00,1376.0,1377.0,1355.0,1370.0,1400,0.0,0.0
2021-12-01 00:00:00+09:00,1369.0,1369.0,1369.0,1369.0,100,0.0,0.0
2021-12-02 00:00:00+09:00,1364.0,1364.0,1364.0,1364.0,100,0.0,0.0
2021-12-03 00:00:00+09:00,1364.0,1364.0,1364.0,1364.0,500,0.0,0.0
2021-12-06 00:00:00+09:00,1364.0,1364.0,1364.0,1364.0,100,0.0,0.0
2021-12-07 00:00:00+09:00,1364.0,1364.0,1338.0,1338.0,300,0.0,0.0
2021-12-08 00:00:00+09:00,1360.0,1360.0,1360.0,1360.0,300,0.0,0.0
2021-12-09 00:00:00+09:00,1360.0,1360.0,1359.0,1359.0,500,0.0,0.0
2021-12-10 00:00:00+09:00,1359.0,1359.0,1359.0,1359.0,100,0.0,0.0
2021-12-13 00:00:00+09:00,1356.0,1359.0,1355.0,1359.0,1000,0.0,0.0
2021-12-14 00:00:00+09:00,1359.0,1359.0,1347.0,1359.0,1200,0.0,0.0
2021-12-15 00:00:00+09:00,1359.0,1359.0,1329.0,1350.0,400,0.0,0.0
2021-12-16 00:00:00+09:00,1349.0,1350.0,1333.0,1339.0,1200,0.0,0.0
2021-12-17 00:00:00+09:00,1318.0,1320.0,1314.0,1315.0,900,0.0,0.0
2021-12-20 00:00:00+09:00,1312.0,1320.0,1311.0,1311.0,800,0.0,0.0
2021-12-21 00:00:00+09:00,1307.0,1317.0,1300.0,1300.0,700,0.0,0.0
2021-12-22 00:00:00+09:00,1274.0,1280.0,1270.0,1270.0,700,0.0,0.0
2021-12-23 00:00:00+09:00,1264.0,1270.0,1262.0,1262.0,900,0.0,0.0
2021-12-24 00:00:00+09:00,1292.0,1292.0,1260.0,1260.0,600,0.0,0.0
2021-12-27 00:00:00+09:00,1260.0,1265.0,1241.0,1243.0,900,0.0,0.0
2021-12-28 00:00:00+09:00,1243.0,1243.0,1240.0,1240.0,500,0.0,0.0
2021-12-29 00:00:00+09:00,1228.0,1231.0,1228.0,1231.0,200,0.0,0.0
2021-12-30 00:00:00+09:00,1232.0,1232.0,1232.0,1232.0,100,0.0,0.0
2022-01-04 00:00:00+09:00,1262.0,1262.0,1262.0,1262.0,200,0.0,0.0
2022-01-05 00:00:00+09:00,1255.0,1269.0,1255.0,1269.0,400,0.0,0.0
2022-01-06 00:00:00+09:00,1239.0,1240.0,1205.0,1211.0,1100,0.0,0.0
2022-01-07 00:00:00+09:00,1211.0,1227.0,1203.0,1203.0,1200,0.0,0.0
2022-01-11 00:00:00+09:00,1209.0,1209.0,1204.0,1204.0,900,0.0,0.0
2022-01-12 00:00:00+09:00,1206.0,1206.0,1201.0,1205.0,1800,0.0,0.0
2022-01-13 00:00:00+09:00,1264.0,1264.0,1264.0,1264.0,500,0.0,0.0
2022-01-14 00:00:00+09:00,1264.0,1264.0,1234.0,1234.0,200,0.0,0.0
2022-01-17 00:00:00+09:00,1263.0,1263.0,1263.0,1263.0,100,0.0,0.0
2022-01-18 00:00:00+09:00,1290.0,1290.0,1214.0,1214.0,1300,0.0,0.0
2022-01-19 00:00:00+09:00,1214.0,1214.0,1214.0,1214.0,0,0.0,0.0
2022-01-20 00:00:00+09:00,1214.0,1214.0,1214.0,1214.0,0,0.0,0.0
2022-01-21 00:00:00+09:00,1202.0,1232.0,1202.0,1213.0,300,0.0,0.0
2022-01-24 00:00:00+09:00,1213.0,1213.0,1213.0,1213.0,0,0.0,0.0
2022-01-25 00:00:00+09:00,1243.0,1243.0,1243.0,1243.0,200,0.0,0.0
2022-01-26 00:00:00+09:00,1266.0,1266.0,1266.0,1266.0,100,0.0,0.0
2022-01-27 00:00:00+09:00,1266.0,1266.0,1266.0,1266.0,0,0.0,0.0
2022-01-28 00:00:00+09:00,1200.0,1229.0,1200.0,1229.0,700,0.0,0.0
2022-01-31 00:00:00+09:00,1199.0,1199.0,1199.0,1199.0,100,0.0,0.0
2022-02-01 00:00:00+09:00,1229.0,1240.0,1229.0,1240.0,3200,0.0,0.0
2022-02-02 00:00:00+09:00,1240.0,1240.0,1240.0,1240.0,0,0.0,0.0
2022-02-03 00:00:00+09:00,1240.0,1240.0,1240.0,1240.0,100,0.0,0.0
2022-02-04 00:00:00+09:00,1240.0,1240.0,1240.0,1240.0,0,0.0,0.0
2022-02-07 00:00:00+09:00,1241.0,1243.0,1241.0,1241.0,400,0.0,0.0
2022-02-08 00:00:00+09:00,1241.0,1241.0,1241.0,1241.0,0,0.0,0.0
2022-02-09 00:00:00+09:00,1242.0,1242.0,1242.0,1242.0,100,0.0,0.0
2022-02-10 00:00:00+09:00,1242.0,1242.0,1240.0,1240.0,1100,0.0,0.0
2022-02-14 00:00:00+09:00,1240.0,1240.0,1240.0,1240.0,100,0.0,0.0
2022-02-15 00:00:00+09:00,1270.0,1270.0,1261.0,1261.0,400,0.0,0.0
2022-02-16 00:00:00+09:00,1286.0,1286.0,1286.0,1286.0,100,0.0,0.0
2022-02-17 00:00:00+09:00,1290.0,1290.0,1286.0,1286.0,200,0.0,0.0
2022-02-18 00:00:00+09:00,1286.0,1286.0,1286.0,1286.0,0,0.0,0.0
2022-02-21 00:00:00+09:00,1286.0,1286.0,1286.0,1286.0,0,0.0,0.0
2022-02-22 00:00:00+09:00,1286.0,1286.0,1286.0,1286.0,0,0.0,0.0
2022-02-24 00:00:00+09:00,1286.0,1286.0,1286.0,1286.0,0,0.0,0.0
2022-02-25 00:00:00+09:00,1297.0,1297.0,1267.0,1267.0,400,0.0,0.0
2022-02-28 00:00:00+09:00,1296.0,1296.0,1296.0,1296.0,200,0.0,0.0
2022-03-01 00:00:00+09:00,1300.0,1300.0,1300.0,1300.0,500,0.0,0.0
2022-03-02 00:00:00+09:00,1300.0,1300.0,1300.0,1300.0,0,0.0,0.0
2022-03-03 00:00:00+09:00,1300.0,1300.0,1300.0,1300.0,0,0.0,0.0
2022-03-04 00:00:00+09:00,1300.0,1300.0,1300.0,1300.0,0,0.0,0.0
2022-03-07 00:00:00+09:00,1300.0,1300.0,1300.0,1300.0,0,0.0,0.0
2022-03-08 00:00:00+09:00,1300.0,1300.0,1300.0,1300.0,1000,0.0,0.0
2022-03-09 00:00:00+09:00,1300.0,1300.0,1300.0,1300.0,0,0.0,0.0
2022-03-10 00:00:00+09:00,1330.0,1330.0,1330.0,1330.0,100,0.0,0.0
2022-03-11 00:00:00+09:00,1330.0,1338.0,1330.0,1338.0,200,0.0,0.0
2022-03-14 00:00:00+09:00,1335.0,1337.0,1335.0,1337.0,500,0.0,0.0
2022-03-15 00:00:00+09:00,1360.0,1360.0,1350.0,1350.0,400,0.0,0.0
2022-03-16 00:00:00+09:00,1350.0,1350.0,1350.0,1350.0,100,0.0,0.0
2022-03-17 00:00:00+09:00,1350.0,1350.0,1350.0,1350.0,100,0.0,0.0
2022-03-18 00:00:00+09:00,1350.0,1350.0,1350.0,1350.0,0,0.0,0.0
2022-03-22 00:00:00+09:00,1320.0,1320.0,1320.0,1320.0,600,0.0,0.0
2022-03-23 00:00:00+09:00,1320.0,1320.0,1308.0,1308.0,500,0.0,0.0
2022-03-24 00:00:00+09:00,1308.0,1308.0,1308.0,1308.0,100,0.0,0.0
2022-03-25 00:00:00+09:00,1338.0,1338.0,1303.0,1306.0,3500,0.0,0.0
2022-03-28 00:00:00+09:00,1313.0,1313.0,1300.0,1306.0,1900,0.0,0.0
2022-03-29 00:00:00+09:00,1314.0,1314.0,1306.0,1306.0,300,0.0,0.0
2022-03-30 00:00:00+09:00,1306.0,1306.0,1306.0,1306.0,0,0.0,0.0
2022-03-31 00:00:00+09:00,1306.0,1306.0,1306.0,1306.0,0,0.0,0.0
2022-04-01 00:00:00+09:00,1253.0,1283.0,1253.0,1283.0,500,0.0,0.0
2022-04-04 00:00:00+09:00,1296.0,1300.0,1296.0,1300.0,1900,0.0,0.0
2022-04-05 00:00:00+09:00,1300.0,1300.0,1300.0,1300.0,1500,0.0,0.0
2022-04-06 00:00:00+09:00,1293.0,1293.0,1273.0,1274.0,800,0.0,0.0
2022-04-07 00:00:00+09:00,1274.0,1274.0,1269.0,1269.0,400,0.0,0.0
2022-04-08 00:00:00+09:00,1274.0,1274.0,1274.0,1274.0,1400,0.0,0.0
2022-04-11 00:00:00+09:00,1283.0,1283.0,1257.0,1257.0,300,0.0,0.0
2022-04-12 00:00:00+09:00,1257.0,1257.0,1257.0,1257.0,400,0.0,0.0
2022-04-13 00:00:00+09:00,1287.0,1287.0,1286.0,1286.0,500,0.0,0.0
2022-04-14 00:00:00+09:00,1286.0,1286.0,1256.0,1268.0,700,0.0,0.0
2022-04-15 00:00:00+09:00,1282.0,1282.0,1261.0,1261.0,1200,0.0,0.0
2022-04-18 00:00:00+09:00,1278.0,1278.0,1278.0,1278.0,100,0.0,0.0
2022-04-19 00:00:00+09:00,1278.0,1278.0,1278.0,1278.0,0,0.0,0.0
2022-04-20 00:00:00+09:00,1256.0,1256.0,1256.0,1256.0,100,0.0,0.0
2022-04-21 00:00:00+09:00,1256.0,1276.0,1255.0,1276.0,2600,0.0,0.0
2022-04-22 00:00:00+09:00,1276.0,1276.0,1276.0,1276.0,0,0.0,0.0
2022-04-25 00:00:00+09:00,1296.0,1296.0,1296.0,1296.0,300,0.0,0.0
2022-04-26 00:00:00+09:00,1290.0,1299.0,1290.0,1299.0,400,0.0,0.0
2022-04-27 00:00:00+09:00,1300.0,1300.0,1256.0,1256.0,500,0.0,0.0
2022-04-28 00:00:00+09:00,1256.0,1256.0,1256.0,1256.0,0,0.0,0.0
2022-05-02 00:00:00+09:00,1316.0,1316.0,1306.0,1306.0,200,0.0,0.0
2022-05-06 00:00:00+09:00,1280.0,1337.0,1280.0,1337.0,300,0.0,0.0
2022-05-09 00:00:00+09:00,1325.0,1325.0,1312.0,1312.0,400,0.0,0.0
2022-05-10 00:00:00+09:00,1312.0,1599.0,1312.0,1390.0,12500,0.0,0.0
2022-05-11 00:00:00+09:00,1443.0,1491.0,1414.0,1491.0,3200,0.0,0.0
2022-05-12 00:00:00+09:00,1505.0,1505.0,1451.0,1497.0,800,0.0,0.0
2022-05-13 00:00:00+09:00,1497.0,1497.0,1437.0,1460.0,700,0.0,0.0
2022-05-16 00:00:00+09:00,1469.0,1475.0,1469.0,1475.0,300,0.0,0.0
2022-05-17 00:00:00+09:00,1475.0,1475.0,1475.0,1475.0,0,0.0,0.0
2022-05-18 00:00:00+09:00,1475.0,1475.0,1475.0,1475.0,0,0.0,0.0
2022-05-19 00:00:00+09:00,1429.0,1429.0,1402.0,1402.0,200,0.0,0.0
2022-05-20 00:00:00+09:00,1451.0,1455.0,1430.0,1430.0,700,0.0,0.0
2022-05-23 00:00:00+09:00,1417.0,1418.0,1415.0,1415.0,1000,0.0,0.0
2022-05-24 00:00:00+09:00,1417.0,1417.0,1417.0,1417.0,100,0.0,0.0
2022-05-25 00:00:00+09:00,1417.0,1417.0,1417.0,1417.0,200,0.0,0.0
2022-05-26 00:00:00+09:00,1475.0,1475.0,1475.0,1475.0,200,0.0,0.0
2022-05-27 00:00:00+09:00,1460.0,1460.0,1430.0,1430.0,300,0.0,0.0
2022-05-30 00:00:00+09:00,1430.0,1430.0,1405.0,1405.0,500,0.0,0.0
2022-05-31 00:00:00+09:00,1435.0,1435.0,1435.0,1435.0,100,0.0,0.0
2022-06-01 00:00:00+09:00,1459.0,1460.0,1458.0,1460.0,500,0.0,0.0
2022-06-02 00:00:00+09:00,1460.0,1460.0,1460.0,1460.0,0,0.0,0.0
2022-06-03 00:00:00+09:00,1474.0,1474.0,1430.0,1430.0,1700,0.0,0.0
2022-06-06 00:00:00+09:00,1430.0,1430.0,1430.0,1430.0,500,0.0,0.0
2022-06-07 00:00:00+09:00,1430.0,1433.0,1424.0,1433.0,500,0.0,0.0
2022-06-08 00:00:00+09:00,1449.0,1473.0,1449.0,1473.0,300,0.0,0.0
2022-06-09 00:00:00+09:00,1473.0,1473.0,1473.0,1473.0,0,0.0,0.0
2022-06-10 00:00:00+09:00,1473.0,1475.0,1443.0,1469.0,1400,0.0,0.0
2022-06-13 00:00:00+09:00,1469.0,1469.0,1469.0,1469.0,100,0.0,0.0
2022-06-14 00:00:00+09:00,1460.0,1460.0,1460.0,1460.0,100,0.0,0.0
2022-06-15 00:00:00+09:00,1460.0,1460.0,1458.0,1458.0,200,0.0,0.0
2022-06-16 00:00:00+09:00,1458.0,1458.0,1458.0,1458.0,100,0.0,0.0
2022-06-17 00:00:00+09:00,1428.0,1428.0,1428.0,1428.0,100,0.0,0.0
2022-06-20 00:00:00+09:00,1427.0,1427.0,1427.0,1427.0,600,0.0,0.0
2022-06-21 00:00:00+09:00,1427.0,1427.0,1427.0,1427.0,0,0.0,0.0
2022-06-22 00:00:00+09:00,1427.0,1427.0,1427.0,1427.0,100,0.0,0.0
2022-06-23 00:00:00+09:00,1427.0,1427.0,1427.0,1427.0,100,0.0,0.0
2022-06-24 00:00:00+09:00,1445.0,1445.0,1445.0,1445.0,300,0.0,0.0
2022-06-27 00:00:00+09:00,1457.0,1478.0,1457.0,1478.0,1200,0.0,0.0
2022-06-28 00:00:00+09:00,1498.0,1505.0,1494.0,1505.0,2300,0.0,0.0
2022-06-29 00:00:00+09:00,1514.0,1542.0,1502.0,1542.0,1100,0.0,0.0
2022-06-30 00:00:00+09:00,1556.0,1558.0,1555.0,1558.0,700,0.0,0.0
2022-07-01 00:00:00+09:00,1558.0,1558.0,1515.0,1515.0,1500,0.0,0.0
2022-07-04 00:00:00+09:00,1555.0,1750.0,1555.0,1621.0,5400,0.0,0.0
2022-07-05 00:00:00+09:00,1700.0,1700.0,1605.0,1649.0,5900,0.0,0.0
2022-07-06 00:00:00+09:00,1649.0,1649.0,1593.0,1600.0,1600,0.0,0.0
2022-07-07 00:00:00+09:00,1640.0,1640.0,1581.0,1581.0,1300,0.0,0.0
2022-07-08 00:00:00+09:00,1580.0,1580.0,1555.0,1555.0,1000,0.0,0.0
2022-07-11 00:00:00+09:00,1633.0,1643.0,1600.0,1600.0,400,0.0,0.0
2022-07-12 00:00:00+09:00,1628.0,1628.0,1600.0,1600.0,500,0.0,0.0
2022-07-13 00:00:00+09:00,1600.0,1600.0,1585.0,1600.0,400,0.0,0.0
2022-07-14 00:00:00+09:00,1600.0,1600.0,1600.0,1600.0,100,0.0,0.0
2022-07-15 00:00:00+09:00,1560.0,1625.0,1560.0,1585.0,1200,0.0,0.0
2022-07-19 00:00:00+09:00,1585.0,1679.0,1585.0,1619.0,1000,0.0,0.0
2022-07-20 00:00:00+09:00,1659.0,1681.0,1654.0,1681.0,1000,0.0,0.0
2022-07-21 00:00:00+09:00,1681.0,1681.0,1681.0,1681.0,100,0.0,0.0
2022-07-22 00:00:00+09:00,1660.0,1710.0,1660.0,1685.0,3400,0.0,0.0
2022-07-25 00:00:00+09:00,1700.0,1700.0,1700.0,1700.0,600,0.0,0.0
2022-07-26 00:00:00+09:00,1707.0,1710.0,1675.0,1675.0,700,0.0,0.0
2022-07-27 00:00:00+09:00,1755.0,1800.0,1691.0,1731.0,5400,0.0,0.0
2022-07-28 00:00:00+09:00,1747.0,1750.0,1700.0,1750.0,900,0.0,0.0
2022-07-29 00:00:00+09:00,1710.0,1744.0,1671.0,1671.0,1100,0.0,0.0
2022-08-01 00:00:00+09:00,1681.0,1704.0,1671.0,1704.0,500,0.0,0.0
2022-08-02 00:00:00+09:00,1694.0,1694.0,1694.0,1694.0,100,0.0,0.0
2022-08-03 00:00:00+09:00,1673.0,1675.0,1673.0,1675.0,200,0.0,0.0
2022-08-04 00:00:00+09:00,1673.0,1692.0,1673.0,1692.0,300,0.0,0.0
2022-08-05 00:00:00+09:00,1673.0,1677.0,1673.0,1677.0,300,0.0,0.0
2022-08-08 00:00:00+09:00,1677.0,1718.0,1677.0,1710.0,400,0.0,0.0
2022-08-09 00:00:00+09:00,1673.0,1680.0,1666.0,1666.0,1600,0.0,0.0
2022-08-10 00:00:00+09:00,1666.0,1679.0,1653.0,1679.0,300,0.0,0.0
2022-08-12 00:00:00+09:00,1602.0,1608.0,1602.0,1608.0,300,0.0,0.0
2022-08-15 00:00:00+09:00,1688.0,1722.0,1643.0,1683.0,3800,0.0,0.0
2022-08-16 00:00:00+09:00,1720.0,1720.0,1714.0,1714.0,700,0.0,0.0
2022-08-17 00:00:00+09:00,1714.0,1715.0,1714.0,1715.0,400,0.0,0.0
2022-08-18 00:00:00+09:00,1715.0,1715.0,1715.0,1715.0,300,0.0,0.0
2022-08-19 00:00:00+09:00,1714.0,1715.0,1674.0,1710.0,900,0.0,0.0
2022-08-22 00:00:00+09:00,1710.0,1710.0,1710.0,1710.0,0,0.0,0.0
2022-08-23 00:00:00+09:00,1700.0,1795.0,1700.0,1790.0,1000,0.0,0.0
2022-08-24 00:00:00+09:00,1798.0,1798.0,1700.0,1733.0,2100,0.0,0.0
2022-08-25 00:00:00+09:00,1733.0,2133.0,1733.0,2133.0,33400,0.0,0.0
2022-08-26 00:00:00+09:00,2340.0,2633.0,2234.0,2633.0,264900,0.0,0.0
2022-08-29 00:00:00+09:00,2533.0,3100.0,2353.0,2899.0,518300,0.0,0.0
2022-08-30 00:00:00+09:00,2749.0,2849.0,2399.0,2399.0,105200,0.0,0.0
2022-08-31 00:00:00+09:00,2348.0,2592.0,2260.0,2325.0,174200,0.0,0.0
2022-09-01 00:00:00+09:00,2425.0,2425.0,2205.0,2298.0,49900,0.0,0.0
2022-09-02 00:00:00+09:00,2279.0,2372.0,2222.0,2359.0,18700,0.0,0.0
2022-09-05 00:00:00+09:00,2359.0,2386.0,2250.0,2299.0,14900,0.0,0.0
2022-09-06 00:00:00+09:00,2290.0,2315.0,2222.0,2300.0,9200,0.0,0.0
2022-09-07 00:00:00+09:00,2254.0,2260.0,2144.0,2193.0,10000,0.0,0.0
2022-09-08 00:00:00+09:00,2193.0,2395.0,2152.0,2334.0,13000,0.0,0.0
2022-09-09 00:00:00+09:00,2346.0,2372.0,2230.0,2269.0,3700,0.0,0.0
2022-09-12 00:00:00+09:00,2319.0,2319.0,2233.0,2270.0,1900,0.0,0.0
2022-09-13 00:00:00+09:00,2276.0,2284.0,2220.0,2260.0,2700,0.0,0.0
2022-09-14 00:00:00+09:00,2210.0,2299.0,2210.0,2299.0,1100,0.0,0.0
2022-09-15 00:00:00+09:00,2300.0,2300.0,2250.0,2250.0,1500,0.0,0.0
2022-09-16 00:00:00+09:00,2227.0,2256.0,2150.0,2160.0,2300,0.0,0.0
2022-09-20 00:00:00+09:00,2150.0,2150.0,2014.0,2058.0,4100,0.0,0.0
2022-09-21 00:00:00+09:00,2008.0,2008.0,1904.0,1949.0,2700,0.0,0.0
2022-09-22 00:00:00+09:00,1999.0,2107.0,1999.0,2099.0,2900,0.0,0.0
2022-09-26 00:00:00+09:00,2049.0,2100.0,2005.0,2012.0,1200,0.0,0.0
2022-09-27 00:00:00+09:00,2021.0,2021.0,1997.0,1997.0,600,0.0,0.0
2022-09-28 00:00:00+09:00,1991.0,1991.0,1991.0,1991.0,100,0.0,0.0
2022-09-29 00:00:00+09:00,2031.0,2031.0,1860.0,1900.0,1400,0.0,0.0
2022-09-30 00:00:00+09:00,1885.0,1885.0,1839.0,1876.0,1300,0.0,0.0
2022-10-03 00:00:00+09:00,1873.0,1873.0,1852.0,1856.0,400,0.0,0.0
2022-10-04 00:00:00+09:00,1943.0,1955.0,1905.0,1905.0,700,0.0,0.0
2022-10-05 00:00:00+09:00,1945.0,1945.0,1915.0,1915.0,700,0.0,0.0
2022-10-06 00:00:00+09:00,1915.0,1937.0,1890.0,1890.0,1300,0.0,0.0
2022-10-07 00:00:00+09:00,1855.0,1910.0,1855.0,1865.0,1300,0.0,0.0
2022-10-11 00:00:00+09:00,1900.0,1905.0,1861.0,1861.0,1300,0.0,0.0
2022-10-12 00:00:00+09:00,1846.0,1850.0,1800.0,1850.0,2000,0.0,0.0
2022-10-13 00:00:00+09:00,1859.0,1900.0,1850.0,1860.0,2500,0.0,0.0
2022-10-14 00:00:00+09:00,1889.0,2140.0,1870.0,2050.0,4900,0.0,0.0
2022-10-17 00:00:00+09:00,2000.0,2057.0,1966.0,1966.0,2100,0.0,0.0
2022-10-18 00:00:00+09:00,1955.0,1955.0,1955.0,1955.0,400,0.0,0.0
2022-10-19 00:00:00+09:00,1955.0,1955.0,1920.0,1920.0,600,0.0,0.0
2022-10-20 00:00:00+09:00,1920.0,1920.0,1920.0,1920.0,0,0.0,0.0
2022-10-21 00:00:00+09:00,1920.0,1920.0,1920.0,1920.0,0,0.0,0.0
2022-10-24 00:00:00+09:00,1931.0,1936.0,1920.0,1920.0,600,0.0,0.0
2022-10-25 00:00:00+09:00,1900.0,2012.0,1863.0,1940.0,3300,0.0,0.0
2022-10-26 00:00:00+09:00,1970.0,1970.0,1877.0,1877.0,1000,0.0,0.0
2022-10-27 00:00:00+09:00,1917.0,1926.0,1883.0,1926.0,600,0.0,0.0
2022-10-28 00:00:00+09:00,1926.0,1926.0,1926.0,1926.0,0,0.0,0.0
2022-10-31 00:00:00+09:00,1886.0,1886.0,1800.0,1800.0,1700,0.0,0.0
2022-11-01 00:00:00+09:00,1810.0,1900.0,1810.0,1900.0,800,0.0,0.0
2022-11-02 00:00:00+09:00,1826.0,1867.0,1780.0,1812.0,1600,0.0,0.0
2022-11-04 00:00:00+09:00,1815.0,1860.0,1815.0,1831.0,800,0.0,0.0
2022-11-07 00:00:00+09:00,1791.0,1799.0,1750.0,1750.0,1700,0.0,0.0
2022-11-08 00:00:00+09:00,1671.0,1794.0,1671.0,1794.0,900,0.0,0.0
2022-11-09 00:00:00+09:00,1794.0,1794.0,1794.0,1794.0,0,0.0,0.0
2022-11-10 00:00:00+09:00,1794.0,1794.0,1794.0,1794.0,100,0.0,0.0
2022-11-11 00:00:00+09:00,1794.0,1794.0,1700.0,1721.0,400,0.0,0.0
2022-11-14 00:00:00+09:00,1761.0,1761.0,1722.0,1722.0,300,0.0,0.0
2022-11-15 00:00:00+09:00,1762.0,1762.0,1655.0,1656.0,1200,0.0,0.0
2022-11-16 00:00:00+09:00,1690.0,1690.0,1656.0,1684.0,1600,0.0,0.0
2022-11-17 00:00:00+09:00,1660.0,1684.0,1652.0,1661.0,3700,0.0,0.0
2022-11-18 00:00:00+09:00,1662.0,1685.0,1662.0,1685.0,600,0.0,0.0
2022-11-21 00:00:00+09:00,1697.0,1697.0,1649.0,1689.0,5000,0.0,0.0
2022-11-22 00:00:00+09:00,1700.0,1700.0,1666.0,1680.0,2500,0.0,0.0
2022-11-24 00:00:00+09:00,1690.0,1720.0,1690.0,1716.0,1000,0.0,0.0
2022-11-25 00:00:00+09:00,1756.0,1756.0,1691.0,1691.0,800,0.0,0.0
2022-11-28 00:00:00+09:00,1682.0,1682.0,1640.0,1653.0,5300,0.0,0.0
2022-11-29 00:00:00+09:00,1650.0,1650.0,1619.0,1619.0,2400,0.0,0.0
2022-11-30 00:00:00+09:00,1620.0,1630.0,1620.0,1622.0,3100,0.0,0.0
2022-12-01 00:00:00+09:00,1627.0,1627.0,1550.0,1556.0,2300,0.0,0.0
2022-12-02 00:00:00+09:00,1550.0,1560.0,1542.0,1542.0,2400,0.0,0.0
2022-12-05 00:00:00+09:00,1545.0,1545.0,1511.0,1513.0,3400,0.0,0.0
2022-12-06 00:00:00+09:00,1511.0,1511.0,1450.0,1490.0,4800,0.0,0.0
2022-12-07 00:00:00+09:00,1490.0,1520.0,1450.0,1451.0,2400,0.0,0.0
2022-12-08 00:00:00+09:00,1452.0,1453.0,1400.0,1420.0,5100,0.0,0.0
2022-12-09 00:00:00+09:00,1434.0,1434.0,1410.0,1430.0,5400,0.0,0.0
2022-12-12 00:00:00+09:00,1438.0,1438.0,1416.0,1428.0,2000,0.0,0.0
2022-12-13 00:00:00+09:00,1448.0,1475.0,1445.0,1465.0,600,0.0,0.0
2022-12-14 00:00:00+09:00,1469.0,1469.0,1450.0,1450.0,1300,0.0,0.0
2022-12-15 00:00:00+09:00,1469.0,1470.0,1460.0,1470.0,600,0.0,0.0
2022-12-16 00:00:00+09:00,1468.0,1468.0,1451.0,1452.0,400,0.0,0.0
2022-12-19 00:00:00+09:00,1451.0,1451.0,1450.0,1450.0,500,0.0,0.0
2022-12-20 00:00:00+09:00,1436.0,1437.0,1427.0,1427.0,2000,0.0,0.0
2022-12-21 00:00:00+09:00,1421.0,1429.0,1421.0,1429.0,400,0.0,0.0
2022-12-22 00:00:00+09:00,1430.0,1450.0,1430.0,1450.0,600,0.0,0.0
2022-12-23 00:00:00+09:00,1452.0,1452.0,1427.0,1427.0,700,0.0,0.0
2022-12-26 00:00:00+09:00,1437.0,1437.0,1437.0,1437.0,500,0.0,0.0
2022-12-27 00:00:00+09:00,1454.0,1454.0,1439.0,1439.0,600,0.0,0.0
2022-12-28 00:00:00+09:00,1426.0,1436.0,1426.0,1426.0,500,0.0,0.0
2022-12-29 00:00:00+09:00,1456.0,1479.0,1421.0,1421.0,1900,0.0,0.0
2022-12-30 00:00:00+09:00,1422.0,1439.0,1422.0,1433.0,500,0.0,0.0
2023-01-04 00:00:00+09:00,1430.0,1458.0,1430.0,1435.0,400,0.0,0.0
2023-01-05 00:00:00+09:00,1450.0,1468.0,1450.0,1468.0,400,0.0,0.0
2023-01-06 00:00:00+09:00,1471.0,1488.0,1468.0,1488.0,900,0.0,0.0
2023-01-10 00:00:00+09:00,1509.0,1509.0,1505.0,1505.0,500,0.0,0.0
2023-01-11 00:00:00+09:00,1505.0,1505.0,1505.0,1505.0,300,0.0,0.0
2023-01-12 00:00:00+09:00,1510.0,1510.0,1500.0,1500.0,300,0.0,0.0
2023-01-13 00:00:00+09:00,1513.0,1520.0,1510.0,1520.0,300,0.0,0.0
2023-01-16 00:00:00+09:00,1528.0,1528.0,1528.0,1528.0,100,0.0,0.0
2023-01-17 00:00:00+09:00,1528.0,1528.0,1528.0,1528.0,0,0.0,0.0
2023-01-18 00:00:00+09:00,1535.0,1535.0,1530.0,1530.0,300,0.0,0.0
2023-01-19 00:00:00+09:00,1530.0,1530.0,1530.0,1530.0,0,0.0,0.0
2023-01-20 00:00:00+09:00,1540.0,1550.0,1540.0,1550.0,300,0.0,0.0
2023-01-23 00:00:00+09:00,1580.0,1588.0,1555.0,1588.0,800,0.0,0.0
2023-01-24 00:00:00+09:00,1558.0,1579.0,1553.0,1579.0,700,0.0,0.0
2023-01-25 00:00:00+09:00,1593.0,1596.0,1581.0,1581.0,700,0.0,0.0
2023-01-26 00:00:00+09:00,1597.0,1600.0,1597.0,1600.0,300,0.0,0.0
2023-01-27 00:00:00+09:00,1618.0,1619.0,1618.0,1619.0,600,0.0,0.0
2023-01-30 00:00:00+09:00,1619.0,1622.0,1619.0,1622.0,300,0.0,0.0
2023-01-31 00:00:00+09:00,1600.0,1601.0,1592.0,1592.0,300,0.0,0.0
2023-02-01 00:00:00+09:00,1622.0,1622.0,1583.0,1612.0,700,0.0,0.0
2023-02-02 00:00:00+09:00,1612.0,1612.0,1612.0,1612.0,0,0.0,0.0
2023-02-03 00:00:00+09:00,1581.0,1600.0,1581.0,1600.0,200,0.0,0.0
2023-02-06 00:00:00+09:00,1640.0,1678.0,1640.0,1678.0,3400,0.0,0.0
2023-02-07 00:00:00+09:00,1680.0,1680.0,1680.0,1680.0,100,0.0,0.0
2023-02-08 00:00:00+09:00,1682.0,1686.0,1657.0,1657.0,1700,0.0,0.0
2023-02-09 00:00:00+09:00,1657.0,1657.0,1657.0,1657.0,0,0.0,0.0
2023-02-10 00:00:00+09:00,1697.0,1697.0,1659.0,1659.0,400,0.0,0.0
2023-02-13 00:00:00+09:00,1659.0,1700.0,1659.0,1700.0,1000,0.0,0.0
2023-02-14 00:00:00+09:00,1780.0,1780.0,1727.0,1758.0,500,0.0,0.0
2023-02-15 00:00:00+09:00,1748.0,1770.0,1710.0,1731.0,600,0.0,0.0
2023-02-16 00:00:00+09:00,1691.0,1731.0,1691.0,1731.0,200,0.0,0.0
2023-02-17 00:00:00+09:00,1731.0,1750.0,1731.0,1750.0,500,0.0,0.0
2023-02-20 00:00:00+09:00,1750.0,1750.0,1742.0,1742.0,200,0.0,0.0
2023-02-21 00:00:00+09:00,1739.0,1739.0,1700.0,1703.0,600,0.0,0.0
2023-02-22 00:00:00+09:00,1703.0,1703.0,1699.0,1700.0,800,0.0,0.0
2023-02-24 00:00:00+09:00,1700.0,1700.0,1628.0,1673.0,2200,0.0,0.0
2023-02-27 00:00:00+09:00,1673.0,1673.0,1606.0,1614.0,2100,0.0,0.0
2023-02-28 00:00:00+09:00,1615.0,1616.0,1615.0,1616.0,800,0.0,0.0
2023-03-01 00:00:00+09:00,1617.0,1648.0,1617.0,1617.0,400,0.0,0.0
2023-03-02 00:00:00+09:00,1617.0,1623.0,1617.0,1621.0,500,0.0,0.0
2023-03-03 00:00:00+09:00,1623.0,1637.0,1623.0,1637.0,200,0.0,0.0
2023-03-06 00:00:00+09:00,1656.0,1662.0,1656.0,1661.0,400,0.0,0.0
2023-03-07 00:00:00+09:00,1661.0,1718.0,1661.0,1718.0,2200,0.0,0.0
2023-03-08 00:00:00+09:00,1720.0,1736.0,1705.0,1705.0,600,0.0,0.0
2023-03-09 00:00:00+09:00,1705.0,1729.0,1687.0,1687.0,700,0.0,0.0
2023-03-10 00:00:00+09:00,1716.0,1720.0,1671.0,1711.0,1900,0.0,0.0
2023-03-13 00:00:00+09:00,1690.0,1710.0,1671.0,1709.0,700,0.0,0.0
2023-03-14 00:00:00+09:00,1709.0,1710.0,1671.0,1710.0,400,0.0,0.0
2023-03-15 00:00:00+09:00,1710.0,1710.0,1710.0,1710.0,200,0.0,0.0
2023-03-16 00:00:00+09:00,1698.0,1698.0,1662.0,1662.0,300,0.0,0.0
2023-03-17 00:00:00+09:00,1661.0,1661.0,1661.0,1661.0,200,0.0,0.0
2023-03-20 00:00:00+09:00,1661.0,1700.0,1661.0,1667.0,500,0.0,0.0
2023-03-22 00:00:00+09:00,1696.0,1696.0,1696.0,1696.0,100,0.0,0.0
2023-03-23 00:00:00+09:00,1696.0,1700.0,1690.0,1700.0,300,0.0,0.0
2023-03-24 00:00:00+09:00,1700.0,1700.0,1700.0,1700.0,300,0.0,0.0
2023-03-27 00:00:00+09:00,1718.0,1718.0,1678.0,1678.0,1000,0.0,0.0
2023-03-28 00:00:00+09:00,1697.0,1700.0,1690.0,1700.0,400,0.0,0.0
2023-03-29 00:00:00+09:00,1660.0,1725.0,1660.0,1725.0,300,0.0,0.0
2023-03-30 00:00:00+09:00,1585.0,1643.0,1585.0,1643.0,400,0.0,0.0
2023-03-31 00:00:00+09:00,1683.0,1700.0,1651.0,1700.0,300,0.0,0.0
2023-04-03 00:00:00+09:00,1700.0,1700.0,1699.0,1700.0,600,0.0,0.0
2023-04-04 00:00:00+09:00,1700.0,1700.0,1700.0,1700.0,2000,0.0,0.0
2023-04-05 00:00:00+09:00,1661.0,1661.0,1661.0,1661.0,100,0.0,0.0
2023-04-06 00:00:00+09:00,1661.0,1661.0,1661.0,1661.0,0,0.0,0.0
2023-04-07 00:00:00+09:00,1667.0,1667.0,1667.0,1667.0,200,0.0,0.0
2023-04-10 00:00:00+09:00,1667.0,1667.0,1667.0,1667.0,300,0.0,0.0
2023-04-11 00:00:00+09:00,1667.0,1667.0,1667.0,1667.0,200,0.0,0.0
2023-04-12 00:00:00+09:00,1697.0,1697.0,1657.0,1657.0,300,0.0,0.0
2023-04-13 00:00:00+09:00,1657.0,1697.0,1655.0,1655.0,600,0.0,0.0
2023-04-14 00:00:00+09:00,1655.0,1655.0,1655.0,1655.0,0,0.0,0.0
2023-04-17 00:00:00+09:00,1674.0,1674.0,1674.0,1674.0,300,0.0,0.0
2023-04-18 00:00:00+09:00,1674.0,1691.0,1674.0,1691.0,200,0.0,0.0
2023-04-19 00:00:00+09:00,1691.0,1691.0,1691.0,1691.0,0,0.0,0.0
2023-04-20 00:00:00+09:00,1651.0,1661.0,1651.0,1661.0,800,0.0,0.0
2023-04-21 00:00:00+09:00,1640.0,1640.0,1596.0,1640.0,1500,0.0,0.0
2023-04-24 00:00:00+09:00,1629.0,1641.0,1629.0,1636.0,400,0.0,0.0
2023-04-25 00:00:00+09:00,1646.0,1648.0,1646.0,1648.0,400,0.0,0.0
2023-04-26 00:00:00+09:00,1645.0,1645.0,1645.0,1645.0,100,0.0,0.0
2023-04-27 00:00:00+09:00,1645.0,1645.0,1604.0,1613.0,900,0.0,0.0
2023-04-28 00:00:00+09:00,1613.0,1613.0,1613.0,1613.0,0,0.0,0.0
2023-05-01 00:00:00+09:00,1613.0,1613.0,1613.0,1613.0,0,0.0,0.0
2023-05-02 00:00:00+09:00,1647.0,1679.0,1647.0,1679.0,200,0.0,0.0
2023-05-08 00:00:00+09:00,1679.0,1679.0,1679.0,1679.0,600,0.0,0.0
2023-05-09 00:00:00+09:00,1645.0,1645.0,1645.0,1645.0,100,0.0,0.0
2023-05-10 00:00:00+09:00,1647.0,1676.0,1647.0,1676.0,400,0.0,0.0
2023-05-11 00:00:00+09:00,1446.0,1535.0,1390.0,1473.0,14100,0.0,0.0
2023-05-12 00:00:00+09:00,1475.0,1539.0,1475.0,1480.0,1600,0.0,0.0
2023-05-15 00:00:00+09:00,1509.0,1509.0,1435.0,1465.0,1400,0.0,0.0
2023-05-16 00:00:00+09:00,1490.0,1490.0,1490.0,1490.0,200,0.0,0.0
2023-05-17 00:00:00+09:00,1460.0,1460.0,1431.0,1431.0,300,0.0,0.0
2023-05-18 00:00:00+09:00,1437.0,1437.0,1423.0,1426.0,1100,0.0,0.0
2023-05-19 00:00:00+09:00,1427.0,1430.0,1427.0,1430.0,200,0.0,0.0
2023-05-22 00:00:00+09:00,1430.0,1430.0,1430.0,1430.0,0,0.0,0.0
2023-05-23 00:00:00+09:00,1431.0,1431.0,1431.0,1431.0,100,0.0,0.0
2023-05-24 00:00:00+09:00,1442.0,1442.0,1425.0,1425.0,1700,0.0,0.0
2023-05-25 00:00:00+09:00,1439.0,1439.0,1425.0,1425.0,600,0.0,0.0
2023-05-26 00:00:00+09:00,1441.0,1441.0,1408.0,1408.0,500,0.0,0.0
2023-05-29 00:00:00+09:00,1423.0,1423.0,1412.0,1412.0,900,0.0,0.0
2023-05-30 00:00:00+09:00,1411.0,1424.0,1410.0,1412.0,500,0.0,0.0
2023-05-31 00:00:00+09:00,1412.0,1412.0,1412.0,1412.0,0,0.0,0.0
2023-06-01 00:00:00+09:00,1412.0,1412.0,1412.0,1412.0,0,0.0,0.0
2023-06-02 00:00:00+09:00,1410.0,1429.0,1410.0,1429.0,600,0.0,0.0
2023-06-05 00:00:00+09:00,1420.0,1421.0,1420.0,1421.0,300,0.0,0.0
2023-06-06 00:00:00+09:00,1427.0,1427.0,1427.0,1427.0,200,0.0,0.0
2023-06-07 00:00:00+09:00,1419.0,1440.0,1417.0,1422.0,4100,0.0,0.0
2023-06-08 00:00:00+09:00,1420.0,1559.0,1420.0,1530.0,11300,0.0,0.0
2023-06-09 00:00:00+09:00,1600.0,1925.0,1500.0,1624.0,86300,0.0,0.0
2023-06-12 00:00:00+09:00,1704.0,2024.0,1604.0,1826.0,95200,0.0,0.0
2023-06-13 00:00:00+09:00,1839.0,1983.0,1768.0,1950.0,41300,0.0,0.0
2023-06-14 00:00:00+09:00,1924.0,1936.0,1710.0,1758.0,18900,0.0,0.0
2023-06-15 00:00:00+09:00,1638.0,1669.0,1471.0,1582.0,52800,0.0,0.0
2023-06-16 00:00:00+09:00,1563.0,1630.0,1530.0,1596.0,7000,0.0,0.0
2023-06-19 00:00:00+09:00,1636.0,1636.0,1535.0,1535.0,13700,0.0,0.0
2023-06-20 00:00:00+09:00,1535.0,1539.0,1506.0,1510.0,6900,0.0,0.0
2023-06-21 00:00:00+09:00,1511.0,1511.0,1471.0,1471.0,11300,0.0,0.0
2023-06-22 00:00:00+09:00,1463.0,1479.0,1449.0,1454.0,8000,0.0,0.0
2023-06-23 00:00:00+09:00,1466.0,1466.0,1431.0,1435.0,4600,0.0,0.0
2023-06-26 00:00:00+09:00,1452.0,1459.0,1450.0,1450.0,800,0.0,0.0
2023-06-27 00:00:00+09:00,1459.0,1486.0,1450.0,1485.0,3400,0.0,0.0
2023-06-28 00:00:00+09:00,1479.0,1479.0,1463.0,1465.0,1600,0.0,0.0
2023-06-29 00:00:00+09:00,1492.0,1500.0,1492.0,1500.0,900,0.0,0.0
2023-06-30 00:00:00+09:00,1490.0,1490.0,1470.0,1475.0,1200,0.0,0.0
2023-07-03 00:00:00+09:00,1500.0,1500.0,1490.0,1499.0,500,0.0,0.0
2023-07-04 00:00:00+09:00,1510.0,1514.0,1481.0,1484.0,2500,0.0,0.0
2023-07-05 00:00:00+09:00,1488.0,1488.0,1484.0,1488.0,700,0.0,0.0
2023-07-06 00:00:00+09:00,1471.0,1471.0,1460.0,1460.0,1400,0.0,0.0
2023-07-07 00:00:00+09:00,1460.0,1492.0,1430.0,1492.0,600,0.0,0.0
2023-07-10 00:00:00+09:00,1488.0,1488.0,1430.0,1465.0,1200,0.0,0.0
2023-07-11 00:00:00+09:00,1495.0,1495.0,1465.0,1465.0,500,0.0,0.0
2023-07-12 00:00:00+09:00,1495.0,1500.0,1451.0,1451.0,2700,0.0,0.0
2023-07-13 00:00:00+09:00,1452.0,1453.0,1452.0,1453.0,300,0.0,0.0
2023-07-14 00:00:00+09:00,1434.0,1453.0,1434.0,1450.0,1600,0.0,0.0
2023-07-18 00:00:00+09:00,1463.0,1463.0,1434.0,1434.0,700,0.0,0.0
2023-07-19 00:00:00+09:00,1458.0,1458.0,1431.0,1431.0,600,0.0,0.0
2023-07-20 00:00:00+09:00,1443.0,1458.0,1443.0,1458.0,1900,0.0,0.0
2023-07-21 00:00:00+09:00,1457.0,1457.0,1432.0,1432.0,9700,0.0,0.0
2023-07-24 00:00:00+09:00,1454.0,1456.0,1436.0,1436.0,2900,0.0,0.0
2023-07-25 00:00:00+09:00,1453.0,1454.0,1432.0,1432.0,900,0.0,0.0
2023-07-26 00:00:00+09:00,1492.0,1492.0,1459.0,1462.0,3200,0.0,0.0
2023-07-27 00:00:00+09:00,1471.0,1471.0,1441.0,1471.0,600,0.0,0.0
2023-07-28 00:00:00+09:00,1471.0,1471.0,1471.0,1471.0,0,0.0,0.0
2023-07-31 00:00:00+09:00,1471.0,1471.0,1471.0,1471.0,0,0.0,0.0
2023-08-01 00:00:00+09:00,1450.0,1450.0,1450.0,1450.0,200,0.0,0.0
2023-08-02 00:00:00+09:00,1468.0,1468.0,1431.0,1432.0,900,0.0,0.0
2023-08-03 00:00:00+09:00,1432.0,1432.0,1432.0,1432.0,400,0.0,0.0
2023-08-04 00:00:00+09:00,1432.0,1450.0,1432.0,1432.0,1300,0.0,0.0
2023-08-07 00:00:00+09:00,1432.0,1433.0,1402.0,1404.0,2700,0.0,0.0
2023-08-08 00:00:00+09:00,1406.0,1406.0,1380.0,1389.0,1900,0.0,0.0
2023-08-09 00:00:00+09:00,1389.0,1390.0,1389.0,1390.0,1200,0.0,0.0
2023-08-10 00:00:00+09:00,1390.0,1390.0,1380.0,1380.0,1400,0.0,0.0
2023-08-14 00:00:00+09:00,1380.0,1380.0,1377.0,1377.0,300,0.0,0.0
2023-08-15 00:00:00+09:00,1391.0,1391.0,1361.0,1380.0,1400,0.0,0.0
2023-08-16 00:00:00+09:00,1378.0,1378.0,1362.0,1363.0,700,0.0,0.0
2023-08-17 00:00:00+09:00,1373.0,1380.0,1372.0,1380.0,700,0.0,0.0
2023-08-18 00:00:00+09:00,1382.0,1383.0,1347.0,1347.0,1400,0.0,0.0
2023-08-21 00:00:00+09:00,1347.0,1350.0,1344.0,1350.0,700,0.0,0.0
2023-08-22 00:00:00+09:00,1351.0,1351.0,1351.0,1351.0,100,0.0,0.0
2023-08-23 00:00:00+09:00,1355.0,1360.0,1340.0,1360.0,1100,0.0,0.0
2023-08-24 00:00:00+09:00,1369.0,1369.0,1350.0,1350.0,200,0.0,0.0
2023-08-25 00:00:00+09:00,1370.0,1377.0,1370.0,1377.0,3900,0.0,0.0
2023-08-28 00:00:00+09:00,1426.0,1426.0,1410.0,1410.0,1100,0.0,0.0
2023-08-29 00:00:00+09:00,1423.0,1425.0,1423.0,1425.0,300,0.0,0.0
2023-08-30 00:00:00+09:00,1395.0,1430.0,1391.0,1430.0,600,0.0,0.0
2023-08-31 00:00:00+09:00,1407.0,1449.0,1407.0,1449.0,200,0.0,0.0
2023-09-01 00:00:00+09:00,1440.0,1660.0,1440.0,1485.0,17300,0.0,0.0
2023-09-04 00:00:00+09:00,1484.0,1484.0,1458.0,1465.0,3000,0.0,0.0
2023-09-05 00:00:00+09:00,1462.0,1462.0,1412.0,1430.0,2000,0.0,0.0
2023-09-06 00:00:00+09:00,1430.0,1530.0,1430.0,1514.0,8200,0.0,0.0
2023-09-07 00:00:00+09:00,1548.0,1914.0,1535.0,1914.0,234700,0.0,0.0
2023-09-08 00:00:00+09:00,1994.0,2314.0,1800.0,2314.0,1217000,0.0,0.0
2023-09-11 00:00:00+09:00,1924.0,2249.0,1814.0,1814.0,812000,0.0,0.0
2023-09-12 00:00:00+09:00,1706.0,1760.0,1570.0,1640.0,172400,0.0,0.0
2023-09-13 00:00:00+09:00,1700.0,1795.0,1603.0,1605.0,98500,0.0,0.0
2023-09-14 00:00:00+09:00,1633.0,1639.0,1525.0,1534.0,39400,0.0,0.0
2023-09-15 00:00:00+09:00,1540.0,1556.0,1505.0,1508.0,17900,0.0,0.0
2023-09-19 00:00:00+09:00,1548.0,1548.0,1513.0,1513.0,10700,0.0,0.0
2023-09-20 00:00:00+09:00,1512.0,1513.0,1481.0,1512.0,9900,0.0,0.0
2023-09-21 00:00:00+09:00,1487.0,1526.0,1487.0,1515.0,7500,0.0,0.0
2023-09-22 00:00:00+09:00,1495.0,1499.0,1485.0,1499.0,5800,0.0,0.0
2023-09-25 00:00:00+09:00,1526.0,1526.0,1481.0,1486.0,4900,0.0,0.0
2023-09-26 00:00:00+09:00,1475.0,1564.0,1467.0,1540.0,17400,0.0,0.0
2023-09-27 00:00:00+09:00,1516.0,1548.0,1515.0,1525.0,3200,0.0,0.0
2023-09-28 00:00:00+09:00,1515.0,1515.0,1504.0,1512.0,1700,0.0,0.0
2023-09-29 00:00:00+09:00,1512.0,1512.0,1484.0,1498.0,2100,0.0,0.0
2023-10-02 00:00:00+09:00,1496.0,1521.0,1496.0,1497.0,1400,0.0,0.0
2023-10-03 00:00:00+09:00,1481.0,1495.0,1436.0,1461.0,3800,0.0,0.0
2023-10-04 00:00:00+09:00,1448.0,1465.0,1410.0,1448.0,4800,0.0,0.0
2023-10-05 00:00:00+09:00,1421.0,1460.0,1410.0,1450.0,3000,0.0,0.0
2023-10-06 00:00:00+09:00,1480.0,1480.0,1465.0,1465.0,700,0.0,0.0
2023-10-10 00:00:00+09:00,1480.0,1484.0,1450.0,1462.0,3100,0.0,0.0
2023-10-11 00:00:00+09:00,1462.0,1470.0,1410.0,1470.0,2800,0.0,0.0
2023-10-12 00:00:00+09:00,1472.0,1472.0,1460.0,1460.0,1500,0.0,0.0
2023-10-13 00:00:00+09:00,1465.0,1465.0,1455.0,1458.0,1300,0.0,0.0
2023-10-16 00:00:00+09:00,1460.0,1460.0,1413.0,1447.0,2200,0.0,0.0
2023-10-17 00:00:00+09:00,1460.0,1460.0,1424.0,1457.0,1200,0.0,0.0
2023-10-18 00:00:00+09:00,1456.0,1481.0,1452.0,1477.0,2300,0.0,0.0
2023-10-19 00:00:00+09:00,1456.0,1461.0,1451.0,1461.0,500,0.0,0.0
2023-10-20 00:00:00+09:00,1445.0,1445.0,1433.0,1433.0,1000,0.0,0.0
2023-10-23 00:00:00+09:00,1432.0,1432.0,1417.0,1417.0,1300,0.0,0.0
2023-10-24 00:00:00+09:00,1418.0,1430.0,1418.0,1430.0,300,0.0,0.0
2023-10-25 00:00:00+09:00,1440.0,1440.0,1416.0,1425.0,3300,0.0,0.0
2023-10-26 00:00:00+09:00,1421.0,1436.0,1420.0,1435.0,1300,0.0,0.0
2023-10-27 00:00:00+09:00,1428.0,1428.0,1418.0,1418.0,500,0.0,0.0
2023-10-30 00:00:00+09:00,1415.0,1415.0,1415.0,1415.0,200,0.0,0.0
2023-10-31 00:00:00+09:00,1414.0,1420.0,1414.0,1420.0,400,0.0,0.0
2023-11-01 00:00:00+09:00,1422.0,1429.0,1418.0,1429.0,1300,0.0,0.0
2023-11-02 00:00:00+09:00,1429.0,1429.0,1429.0,1429.0,300,0.0,0.0
2023-11-06 00:00:00+09:00,1430.0,1450.0,1430.0,1445.0,2500,0.0,0.0
2023-11-07 00:00:00+09:00,1431.0,1482.0,1431.0,1468.0,900,0.0,0.0
2023-11-08 00:00:00+09:00,1461.0,1461.0,1451.0,1451.0,600,0.0,0.0
2023-11-09 00:00:00+09:00,1465.0,1465.0,1455.0,1455.0,300,0.0,0.0
2023-11-10 00:00:00+09:00,1453.0,1477.0,1451.0,1477.0,800,0.0,0.0
2023-11-13 00:00:00+09:00,1473.0,1473.0,1438.0,1438.0,700,0.0,0.0
2023-11-14 00:00:00+09:00,1455.0,1470.0,1451.0,1470.0,2500,0.0,0.0
2023-11-15 00:00:00+09:00,1475.0,1475.0,1452.0,1452.0,1100,0.0,0.0
2023-11-16 00:00:00+09:00,1459.0,1530.0,1459.0,1530.0,3800,0.0,0.0
2023-11-17 00:00:00+09:00,1542.0,1542.0,1475.0,1515.0,4100,0.0,0.0
2023-11-20 00:00:00+09:00,1516.0,1543.0,1490.0,1490.0,2200,0.0,0.0
2023-11-21 00:00:00+09:00,1485.0,1492.0,1456.0,1492.0,1200,0.0,0.0
2023-11-22 00:00:00+09:00,1472.0,1472.0,1467.0,1467.0,500,0.0,0.0
2023-11-24 00:00:00+09:00,1484.0,1500.0,1475.0,1495.0,1100,0.0,0.0
2023-11-27 00:00:00+09:00,1490.0,1559.0,1490.0,1555.0,5100,0.0,0.0
2023-11-28 00:00:00+09:00,1569.0,1593.0,1528.0,1528.0,5300,0.0,0.0
2023-11-29 00:00:00+09:00,1527.0,1527.0,1489.0,1489.0,400,0.0,0.0
2023-11-30 00:00:00+09:00,1486.0,1486.0,1465.0,1465.0,1600,0.0,0.0
2023-12-01 00:00:00+09:00,1466.0,1480.0,1466.0,1480.0,300,0.0,0.0
2023-12-04 00:00:00+09:00,1463.0,1464.0,1462.0,1462.0,600,0.0,0.0
2023-12-05 00:00:00+09:00,1462.0,1462.0,1460.0,1460.0,300,0.0,0.0
2023-12-06 00:00:00+09:00,1465.0,1476.0,1453.0,1476.0,900,0.0,0.0
2023-12-07 00:00:00+09:00,1454.0,1455.0,1454.0,1454.0,500,0.0,0.0
2023-12-08 00:00:00+09:00,1454.0,1465.0,1453.0,1453.0,700,0.0,0.0
2023-12-11 00:00:00+09:00,1465.0,1489.0,1450.0,1458.0,2500,0.0,0.0
2023-12-12 00:00:00+09:00,1473.0,1473.0,1443.0,1453.0,900,0.0,0.0
2023-12-13 00:00:00+09:00,1464.0,1464.0,1464.0,1464.0,1000,0.0,0.0
2023-12-14 00:00:00+09:00,1465.0,1467.0,1442.0,1443.0,1100,0.0,0.0
2023-12-15 00:00:00+09:00,1423.0,1424.0,1423.0,1424.0,2100,0.0,0.0
2023-12-18 00:00:00+09:00,1424.0,1424.0,1415.0,1416.0,900,0.0,0.0
2023-12-19 00:00:00+09:00,1416.0,1416.0,1416.0,1416.0,300,0.0,0.0
2023-12-20 00:00:00+09:00,1416.0,1438.0,1416.0,1428.0,1100,0.0,0.0
2023-12-21 00:00:00+09:00,1416.0,1419.0,1414.0,1419.0,1000,0.0,0.0
2023-12-22 00:00:00+09:00,1420.0,1430.0,1418.0,1418.0,1500,0.0,0.0
2023-12-25 00:00:00+09:00,1444.0,1444.0,1418.0,1418.0,600,0.0,0.0
2023-12-26 00:00:00+09:00,1418.0,1418.0,1418.0,1418.0,500,0.0,0.0
2023-12-27 00:00:00+09:00,1435.0,1435.0,1410.0,1415.0,5200,0.0,0.0
2023-12-28 00:00:00+09:00,1405.0,1537.0,1405.0,1537.0,2500,0.0,0.0
2023-12-29 00:00:00+09:00,1510.0,1510.0,1421.0,1445.0,3800,0.0,0.0
2024-01-04 00:00:00+09:00,1505.0,1537.0,1481.0,1509.0,5900,0.0,0.0
2024-01-05 00:00:00+09:00,1516.0,1789.0,1494.0,1648.0,79600,0.0,0.0
2024-01-09 00:00:00+09:00,1658.0,1700.0,1525.0,1534.0,25000,0.0,0.0
2024-01-10 00:00:00+09:00,1540.0,1559.0,1498.0,1498.0,6300,0.0,0.0
2024-01-11 00:00:00+09:00,1493.0,1600.0,1493.0,1597.0,11300,0.0,0.0
2024-01-12 00:00:00+09:00,1601.0,1730.0,1601.0,1707.0,29500,0.0,0.0
2024-01-15 00:00:00+09:00,1787.0,1854.0,1768.0,1817.0,12300,0.0,0.0
2024-01-16 00:00:00+09:00,1787.0,1854.0,1750.0,1750.0,6900,0.0,0.0
2024-01-17 00:00:00+09:00,1826.0,1826.0,1735.0,1758.0,4000,0.0,0.0
2024-01-18 00:00:00+09:00,1785.0,1798.0,1751.0,1798.0,4000,0.0,0.0
2024-01-19 00:00:00+09:00,1796.0,1796.0,1751.0,1755.0,5000,0.0,0.0
2024-01-22 00:00:00+09:00,1752.0,1781.0,1751.0,1752.0,2400,0.0,0.0
2024-01-23 00:00:00+09:00,1794.0,1820.0,1773.0,1805.0,5300,0.0,0.0
2024-01-24 00:00:00+09:00,1816.0,1834.0,1801.0,1829.0,4100,0.0,0.0
2024-01-25 00:00:00+09:00,1829.0,1890.0,1828.0,1884.0,7000,0.0,0.0
2024-01-26 00:00:00+09:00,1884.0,1884.0,1880.0,1880.0,400,0.0,0.0
2024-01-29 00:00:00+09:00,1887.0,1928.0,1884.0,1914.0,4700,0.0,0.0
2024-01-30 00:00:00+09:00,1914.0,1914.0,1866.0,1897.0,2500,0.0,0.0
2024-01-31 00:00:00+09:00,1860.0,1877.0,1829.0,1829.0,3900,0.0,0.0
2024-02-01 00:00:00+09:00,1830.0,1886.0,1830.0,1886.0,600,0.0,0.0
2024-02-02 00:00:00+09:00,1885.0,1930.0,1885.0,1930.0,1800,0.0,0.0
2024-02-05 00:00:00+09:00,1970.0,1970.0,1930.0,1930.0,1700,0.0,0.0
2024-02-06 00:00:00+09:00,1858.0,1894.0,1850.0,1850.0,1700,0.0,0.0
2024-02-07 00:00:00+09:00,1850.0,1890.0,1790.0,1790.0,2900,0.0,0.0
2024-02-08 00:00:00+09:00,1790.0,1790.0,1660.0,1660.0,3900,0.0,0.0
2024-02-09 00:00:00+09:00,1661.0,1770.0,1661.0,1673.0,1100,0.0,0.0
2024-02-13 00:00:00+09:00,1713.0,1734.0,1713.0,1734.0,500,0.0,0.0
2024-02-14 00:00:00+09:00,1766.0,1766.0,1766.0,1766.0,100,0.0,0.0
2024-02-15 00:00:00+09:00,1766.0,1766.0,1711.0,1715.0,600,0.0,0.0
2024-02-16 00:00:00+09:00,1755.0,1774.0,1755.0,1774.0,300,0.0,0.0
2024-02-19 00:00:00+09:00,1774.0,1801.0,1752.0,1777.0,1600,0.0,0.0
2024-02-20 00:00:00+09:00,1750.0,1791.0,1750.0,1791.0,1400,0.0,0.0
2024-02-21 00:00:00+09:00,1791.0,1791.0,1791.0,1791.0,0,0.0,0.0
2024-02-22 00:00:00+09:00,1831.0,1831.0,1791.0,1830.0,600,0.0,0.0
2024-02-26 00:00:00+09:00,1862.0,1862.0,1771.0,1789.0,800,0.0,0.0
2024-02-27 00:00:00+09:00,1829.0,1829.0,1789.0,1789.0,2000,0.0,0.0
2024-02-28 00:00:00+09:00,1783.0,1785.0,1783.0,1785.0,200,0.0,0.0
2024-02-29 00:00:00+09:00,1797.0,1810.0,1770.0,1810.0,1200,0.0,0.0
2024-03-01 00:00:00+09:00,1802.0,1802.0,1802.0,1802.0,200,0.0,0.0
2024-03-04 00:00:00+09:00,1826.0,1835.0,1808.0,1808.0,1900,0.0,0.0
2024-03-05 00:00:00+09:00,1800.0,1825.0,1800.0,1811.0,500,0.0,0.0
2024-03-06 00:00:00+09:00,1801.0,1837.0,1800.0,1837.0,800,0.0,0.0
2024-03-07 00:00:00+09:00,1827.0,1827.0,1801.0,1801.0,600,0.0,0.0
2024-03-08 00:00:00+09:00,1800.0,2069.0,1800.0,1814.0,8000,0.0,0.0
2024-03-11 00:00:00+09:00,1854.0,1858.0,1756.0,1784.0,2700,0.0,0.0
2024-03-12 00:00:00+09:00,1779.0,1780.0,1751.0,1780.0,900,0.0,0.0
2024-03-13 00:00:00+09:00,1851.0,1851.0,1849.0,1849.0,400,0.0,0.0
2024-03-14 00:00:00+09:00,1865.0,1865.0,1825.0,1840.0,800,0.0,0.0
2024-03-15 00:00:00+09:00,1802.0,1802.0,1800.0,1801.0,700,0.0,0.0
2024-03-18 00:00:00+09:00,1840.0,1929.0,1840.0,1929.0,2400,0.0,0.0
2024-03-19 00:00:00+09:00,1929.0,1929.0,1929.0,1929.0,0,0.0,0.0
2024-03-21 00:00:00+09:00,1858.0,1880.0,1858.0,1871.0,300,0.0,0.0
2024-03-22 00:00:00+09:00,1872.0,1872.0,1872.0,1872.0,300,0.0,0.0
2024-03-25 00:00:00+09:00,1912.0,1914.0,1900.0,1900.0,800,0.0,0.0
2024-03-26 00:00:00+09:00,1860.0,1862.0,1860.0,1862.0,400,0.0,0.0
2024-03-27 00:00:00+09:00,1902.0,1902.0,1831.0,1831.0,200,0.0,0.0
2024-03-28 00:00:00+09:00,1832.0,1832.0,1832.0,1832.0,100,0.0,0.0
2024-03-29 00:00:00+09:00,1832.0,1832.0,1832.0,1832.0,100,0.0,0.0
2024-04-01 00:00:00+09:00,1920.0,1920.0,1806.0,1806.0,1200,0.0,0.0
2024-04-02 00:00:00+09:00,1846.0,1920.0,1846.0,1920.0,2000,0.0,0.0
2024-04-03 00:00:00+09:00,1927.0,1927.0,1815.0,1871.0,3900,0.0,0.0
2024-04-04 00:00:00+09:00,1831.0,1841.0,1810.0,1826.0,900,0.0,0.0
2024-04-05 00:00:00+09:00,1812.0,1812.0,1800.0,1800.0,1000,0.0,0.0
2024-04-08 00:00:00+09:00,1804.0,1840.0,1804.0,1840.0,200,0.0,0.0
2024-04-09 00:00:00+09:00,1849.0,1849.0,1804.0,1820.0,600,0.0,0.0
2024-04-10 00:00:00+09:00,1820.0,1820.0,1820.0,1820.0,200,0.0,0.0
2024-04-11 00:00:00+09:00,1820.0,1820.0,1810.0,1810.0,400,0.0,0.0
2024-04-12 00:00:00+09:00,1873.0,1873.0,1833.0,1854.0,300,0.0,0.0
2024-04-15 00:00:00+09:00,1846.0,1846.0,1846.0,1846.0,100,0.0,0.0
2024-04-16 00:00:00+09:00,1846.0,1846.0,1846.0,1846.0,0,0.0,0.0
2024-04-17 00:00:00+09:00,1846.0,1846.0,1846.0,1846.0,0,0.0,0.0
2024-04-18 00:00:00+09:00,1814.0,1841.0,1813.0,1841.0,800,0.0,0.0
2024-04-19 00:00:00+09:00,1803.0,1820.0,1801.0,1801.0,1500,0.0,0.0
2024-04-22 00:00:00+09:00,1825.0,1828.0,1802.0,1802.0,1000,0.0,0.0
2024-04-23 00:00:00+09:00,1882.0,1999.0,1882.0,1970.0,3100,0.0,0.0
2024-04-24 00:00:00+09:00,1980.0,1980.0,1900.0,1928.0,2700,0.0,0.0
2024-04-25 00:00:00+09:00,1926.0,1940.0,1819.0,1890.0,2100,0.0,0.0
2024-04-26 00:00:00+09:00,1898.0,1960.0,1898.0,1960.0,1000,0.0,0.0
2024-04-30 00:00:00+09:00,1980.0,1980.0,1915.0,1915.0,1500,0.0,0.0
2024-05-01 00:00:00+09:00,1876.0,1930.0,1876.0,1930.0,400,0.0,0.0
2024-05-02 00:00:00+09:00,1930.0,1930.0,1930.0,1930.0,0,0.0,0.0
2024-05-07 00:00:00+09:00,1930.0,1930.0,1930.0,1930.0,0,0.0,0.0
2024-05-08 00:00:00+09:00,1930.0,1930.0,1930.0,1930.0,100,0.0,0.0
2024-05-09 00:00:00+09:00,1930.0,1930.0,1930.0,1930.0,100,0.0,0.0
2024-05-10 00:00:00+09:00,1900.0,1930.0,1884.0,1885.0,1200,0.0,0.0
2024-05-13 00:00:00+09:00,1750.0,1758.0,1630.0,1654.0,5800,0.0,0.0
2024-05-14 00:00:00+09:00,1680.0,1680.0,1650.0,1650.0,1300,0.0,0.0
2024-05-15 00:00:00+09:00,1655.0,1655.0,1630.0,1650.0,1100,0.0,0.0
2024-05-16 00:00:00+09:00,1602.0,1641.0,1601.0,1641.0,700,0.0,0.0
2024-05-17 00:00:00+09:00,1640.0,1640.0,1640.0,1640.0,100,0.0,0.0
2024-05-20 00:00:00+09:00,1640.0,1890.0,1640.0,1735.0,7000,0.0,0.0
2024-05-21 00:00:00+09:00,1735.0,1775.0,1710.0,1775.0,600,0.0,0.0
2024-05-22 00:00:00+09:00,1735.0,1735.0,1682.0,1710.0,1700,0.0,0.0
2024-05-23 00:00:00+09:00,1699.0,1789.0,1698.0,1750.0,800,0.0,0.0
2024-05-24 00:00:00+09:00,1786.0,1786.0,1786.0,1786.0,400,0.0,0.0
2024-05-27 00:00:00+09:00,1793.0,1797.0,1793.0,1797.0,300,0.0,0.0
2024-05-28 00:00:00+09:00,1795.0,1795.0,1795.0,1795.0,200,0.0,0.0
2024-05-29 00:00:00+09:00,1795.0,1795.0,1795.0,1795.0,0,0.0,0.0
2024-05-30 00:00:00+09:00,1717.0,1962.0,1717.0,1794.0,12200,0.0,0.0
2024-05-31 00:00:00+09:00,1834.0,1990.0,1751.0,1751.0,6400,0.0,0.0
2024-06-03 00:00:00+09:00,1791.0,1944.0,1791.0,1925.0,8000,0.0,0.0
2024-06-04 00:00:00+09:00,1961.0,2313.0,1844.0,1869.0,47600,0.0,0.0
2024-06-05 00:00:00+09:00,1909.0,2023.0,1849.0,1896.0,8500,0.0,0.0
2024-06-06 00:00:00+09:00,1936.0,1980.0,1843.0,1919.0,8800,0.0,0.0
2024-06-07 00:00:00+09:00,1884.0,1940.0,1827.0,1827.0,5200,0.0,0.0
2024-06-10 00:00:00+09:00,1823.0,1897.0,1771.0,1780.0,9300,0.0,0.0
2024-06-11 00:00:00+09:00,1777.0,1859.0,1760.0,1780.0,5600,0.0,0.0
2024-06-12 00:00:00+09:00,1820.0,1845.0,1780.0,1782.0,2200,0.0,0.0
2024-06-13 00:00:00+09:00,1783.0,1810.0,1760.0,1760.0,1800,0.0,0.0
2024-06-14 00:00:00+09:00,1780.0,1798.0,1767.0,1798.0,1300,0.0,0.0
2024-06-17 00:00:00+09:00,1790.0,1790.0,1762.0,1762.0,200,0.0,0.0
2024-06-18 00:00:00+09:00,1741.0,1750.0,1730.0,1750.0,700,0.0,0.0
2024-06-19 00:00:00+09:00,1759.0,1760.0,1723.0,1725.0,800,0.0,0.0
2024-06-20 00:00:00+09:00,1749.0,1749.0,1711.0,1711.0,1700,0.0,0.0
2024-06-21 00:00:00+09:00,1740.0,1770.0,1721.0,1770.0,900,0.0,0.0
2024-06-24 00:00:00+09:00,1768.0,1788.0,1750.0,1788.0,300,0.0,0.0
2024-06-25 00:00:00+09:00,1788.0,1788.0,1708.0,1736.0,2200,0.0,0.0
2024-06-26 00:00:00+09:00,1736.0,1749.0,1736.0,1749.0,400,0.0,0.0
2024-06-27 00:00:00+09:00,1829.0,1829.0,1756.0,1756.0,1900,0.0,0.0
2024-06-28 00:00:00+09:00,1758.0,1758.0,1758.0,1758.0,100,0.0,0.0
2024-07-01 00:00:00+09:00,1772.0,1772.0,1745.0,1769.0,2100,0.0,0.0
2024-07-02 00:00:00+09:00,1797.0,1798.0,1769.0,1769.0,400,0.0,0.0
2024-07-03 00:00:00+09:00,1786.0,1793.0,1786.0,1793.0,300,0.0,0.0
2024-07-04 00:00:00+09:00,1793.0,1890.0,1793.0,1850.0,2800,0.0,0.0
2024-07-05 00:00:00+09:00,1850.0,1850.0,1830.0,1830.0,400,0.0,0.0
2024-07-08 00:00:00+09:00,1750.0,1768.0,1736.0,1737.0,6600,0.0,0.0
2024-07-09 00:00:00+09:00,1726.0,1726.0,1716.0,1716.0,1100,0.0,0.0
2024-07-10 00:00:00+09:00,1740.0,1740.0,1717.0,1730.0,800,0.0,0.0
2024-07-11 00:00:00+09:00,1759.0,1759.0,1724.0,1730.0,700,0.0,0.0
2024-07-12 00:00:00+09:00,1743.0,1743.0,1743.0,1743.0,400,0.0,0.0
2024-07-16 00:00:00+09:00,1743.0,1743.0,1743.0,1743.0,100,0.0,0.0
2024-07-17 00:00:00+09:00,1723.0,1727.0,1723.0,1727.0,300,0.0,0.0
2024-07-18 00:00:00+09:00,1741.0,1741.0,1720.0,1722.0,400,0.0,0.0
2024-07-19 00:00:00+09:00,1754.0,1754.0,1754.0,1754.0,300,0.0,0.0
2024-07-22 00:00:00+09:00,1754.0,1754.0,1754.0,1754.0,100,0.0,0.0
2024-07-23 00:00:00+09:00,1752.0,1754.0,1750.0,1754.0,600,0.0,0.0
2024-07-24 00:00:00+09:00,1754.0,1805.0,1748.0,1805.0,2100,0.0,0.0
2024-07-25 00:00:00+09:00,1807.0,1879.0,1807.0,1846.0,2200,0.0,0.0
2024-07-26 00:00:00+09:00,1886.0,1886.0,1870.0,1870.0,700,0.0,0.0
2024-07-29 00:00:00+09:00,1870.0,1888.0,1870.0,1883.0,300,0.0,0.0
2024-07-30 00:00:00+09:00,1803.0,1826.0,1803.0,1826.0,200,0.0,0.0
2024-07-31 00:00:00+09:00,1826.0,1826.0,1826.0,1826.0,0,0.0,0.0
2024-08-01 00:00:00+09:00,1826.0,1826.0,1826.0,1826.0,0,0.0,0.0
2024-08-02 00:00:00+09:00,1788.0,1788.0,1580.0,1704.0,10000,0.0,0.0
2024-08-05 00:00:00+09:00,1552.0,1554.0,1412.0,1520.0,4600,0.0,0.0
2024-08-06 00:00:00+09:00,1480.0,1550.0,1480.0,1550.0,1200,0.0,0.0
2024-08-07 00:00:00+09:00,1402.0,1500.0,1402.0,1500.0,3100,0.0,0.0
2024-08-08 00:00:00+09:00,1625.0,1625.0,1550.0,1550.0,800,0.0,0.0
2024-08-09 00:00:00+09:00,1551.0,1658.0,1551.0,1608.0,1300,0.0,0.0
2024-08-13 00:00:00+09:00,1608.0,1608.0,1568.0,1573.0,400,0.0,0.0
2024-08-14 00:00:00+09:00,1576.0,1649.0,1576.0,1649.0,400,0.0,0.0
2024-08-15 00:00:00+09:00,1630.0,1660.0,1610.0,1623.0,2100,0.0,0.0
2024-08-16 00:00:00+09:00,1703.0,1703.0,1626.0,1626.0,400,0.0,0.0
2024-08-19 00:00:00+09:00,1650.0,1677.0,1650.0,1677.0,200,0.0,0.0
2024-08-20 00:00:00+09:00,1677.0,1677.0,1677.0,1677.0,100,0.0,0.0
2024-08-21 00:00:00+09:00,1677.0,1677.0,1677.0,1677.0,0,0.0,0.0
2024-08-22 00:00:00+09:00,1677.0,1677.0,1677.0,1677.0,0,0.0,0.0
2024-08-23 00:00:00+09:00,1714.0,1714.0,1714.0,1714.0,400,0.0,0.0
2024-08-26 00:00:00+09:00,1716.0,1716.0,1658.0,1691.0,600,0.0,0.0
2024-08-27 00:00:00+09:00,1717.0,1717.0,1717.0,1717.0,200,0.0,0.0
2024-08-28 00:00:00+09:00,1717.0,1717.0,1717.0,1717.0,0,0.0,0.0
2024-08-29 00:00:00+09:00,1717.0,1717.0,1717.0,1717.0,0,0.0,0.0
2024-08-30 00:00:00+09:00,1717.0,1717.0,1717.0,1717.0,0,0.0,0.0
2024-09-02 00:00:00+09:00,1717.0,1718.0,1717.0,1718.0,400,0.0,0.0
2024-09-03 00:00:00+09:00,1750.0,1755.0,1730.0,1730.0,600,0.0,0.0
2024-09-04 00:00:00+09:00,1751.0,1752.0,1712.0,1712.0,2700,0.0,0.0
2024-09-05 00:00:00+09:00,1687.0,1700.0,1687.0,1700.0,900,0.0,0.0
2024-09-06 00:00:00+09:00,1700.0,1700.0,1700.0,1700.0,0,0.0,0.0
2024-09-09 00:00:00+09:00,1700.0,1700.0,1700.0,1700.0,0,0.0,0.0
2024-09-10 00:00:00+09:00,1700.0,1730.0,1700.0,1730.0,300,0.0,0.0
2024-09-11 00:00:00+09:00,1730.0,1730.0,1730.0,1730.0,100,0.0,0.0
2024-09-12 00:00:00+09:00,1720.0,1720.0,1720.0,1720.0,200,0.0,0.0
2024-09-13 00:00:00+09:00,1720.0,1720.0,1700.0,1700.0,200,0.0,0.0
2024-09-17 00:00:00+09:00,1701.0,1701.0,1701.0,1701.0,100,0.0,0.0
2024-09-18 00:00:00+09:00,1701.0,1701.0,1701.0,1701.0,0,0.0,0.0
2024-09-19 00:00:00+09:00,1795.0,1796.0,1776.0,1796.0,700,0.0,0.0
2024-09-20 00:00:00+09:00,1796.0,1796.0,1796.0,1796.0,0,0.0,0.0
2024-09-24 00:00:00+09:00,1802.0,1802.0,1762.0,1782.0,400,0.0,0.0
2024-09-25 00:00:00+09:00,1777.0,1777.0,1777.0,1777.0,400,0.0,0.0
2024-09-26 00:00:00+09:00,1800.0,1800.0,1760.0,1760.0,200,0.0,0.0
2024-09-27 00:00:00+09:00,1770.0,1770.0,1770.0,1770.0,100,0.0,0.0
2024-09-30 00:00:00+09:00,1770.0,1770.0,1770.0,1770.0,0,0.0,0.0
2024-10-01 00:00:00+09:00,1768.0,1768.0,1768.0,1768.0,100,0.0,0.0
2024-10-02 00:00:00+09:00,1728.0,1728.0,1662.0,1664.0,1100,0.0,0.0
2024-10-03 00:00:00+09:00,1744.0,1744.0,1744.0,1744.0,100,0.0,0.0
2024-10-04 00:00:00+09:00,1744.0,1744.0,1733.0,1733.0,400,0.0,0.0
2024-10-07 00:00:00+09:00,1733.0,1733.0,1733.0,1733.0,0,0.0,0.0
2024-10-08 00:00:00+09:00,1733.0,1733.0,1733.0,1733.0,100,0.0,0.0
2024-10-09 00:00:00+09:00,1693.0,1693.0,1693.0,1693.0,100,0.0,0.0
2024-10-10 00:00:00+09:00,1693.0,1693.0,1653.0,1653.0,300,0.0,0.0
2024-10-11 00:00:00+09:00,1652.0,1652.0,1572.0,1650.0,700,0.0,0.0
2024-10-15 00:00:00+09:00,1649.0,1649.0,1615.0,1615.0,300,0.0,0.0
2024-10-16 00:00:00+09:00,1615.0,1615.0,1615.0,1615.0,200,0.0,0.0
2024-10-17 00:00:00+09:00,1615.0,1615.0,1615.0,1615.0,0,0.0,0.0
2024-10-18 00:00:00+09:00,1615.0,1616.0,1615.0,1616.0,1000,0.0,0.0
2024-10-21 00:00:00+09:00,1580.0,1580.0,1572.0,1572.0,1000,0.0,0.0
2024-10-22 00:00:00+09:00,1579.0,1579.0,1579.0,1579.0,100,0.0,0.0
2024-10-23 00:00:00+09:00,1581.0,1582.0,1579.0,1579.0,1000,0.0,0.0
2024-10-24 00:00:00+09:00,1541.0,1541.0,1541.0,1541.0,100,0.0,0.0
2024-10-25 00:00:00+09:00,1621.0,1651.0,1532.0,1532.0,1600,0.0,0.0
2024-10-28 00:00:00+09:00,1648.0,1648.0,1587.0,1587.0,500,0.0,0.0
2024-10-29 00:00:00+09:00,1627.0,1648.0,1608.0,1608.0,500,0.0,0.0
2024-10-30 00:00:00+09:00,1568.0,1599.0,1568.0,1578.0,500,0.0,0.0
2024-10-31 00:00:00+09:00,1569.0,1590.0,1569.0,1579.0,500,0.0,0.0
2024-11-01 00:00:00+09:00,1579.0,1579.0,1579.0,1579.0,0,0.0,0.0
2024-11-05 00:00:00+09:00,1812.0,1930.0,1786.0,1880.0,7300,0.0,0.0
2024-11-06 00:00:00+09:00,1786.0,1810.0,1773.0,1810.0,800,0.0,0.0
2024-11-07 00:00:00+09:00,1710.0,1710.0,1541.0,1611.0,3600,0.0,0.0
2024-11-08 00:00:00+09:00,1731.0,1731.0,1612.0,1660.0,1600,0.0,0.0
2024-11-11 00:00:00+09:00,1620.0,1620.0,1550.0,1550.0,3400,0.0,0.0
2024-11-12 00:00:00+09:00,1555.0,1570.0,1550.0,1570.0,500,0.0,0.0
2024-11-13 00:00:00+09:00,1541.0,1541.0,1541.0,1541.0,200,0.0,0.0
2024-11-14 00:00:00+09:00,1546.0,1546.0,1541.0,1541.0,400,0.0,0.0
2024-11-15 00:00:00+09:00,1548.0,1549.0,1548.0,1543.0,200,0.0,0.0
2024-11-18 00:00:00+09:00,1540.0,1540.0,1540.0,1540.0,100,0.0,0.0
2024-11-19 00:00:00+09:00,1545.0,1545.0,1545.0,1545.0,100,0.0,0.0
2024-11-20 00:00:00+09:00,1545.0,1545.0,1545.0,1545.0,100,0.0,0.0
2024-11-21 00:00:00+09:00,1542.0,1542.0,1532.0,1532.0,200,0.0,0.0
2024-11-22 00:00:00+09:00,1541.0,1550.0,1541.0,1550.0,500,0.0,0.0
2024-11-25 00:00:00+09:00,1555.0,1555.0,1545.0,1545.0,800,0.0,0.0
2024-11-26 00:00:00+09:00,1558.0,1558.0,1514.0,1550.0,700,0.0,0.0
2024-11-27 00:00:00+09:00,1549.0,1549.0,1515.0,1515.0,300,0.0,0.0
2024-11-28 00:00:00+09:00,1516.0,1525.0,1515.0,1525.0,300,0.0,0.0
2024-11-29 00:00:00+09:00,1525.0,1525.0,1525.0,1525.0,300,0.0,0.0
2024-12-02 00:00:00+09:00,1525.0,1543.0,1525.0,1543.0,2600,0.0,0.0
2024-12-03 00:00:00+09:00,1543.0,1543.0,1520.0,1520.0,200,0.0,0.0
2024-12-04 00:00:00+09:00,1514.0,1515.0,1514.0,1515.0,3200,0.0,0.0
2024-12-05 00:00:00+09:00,1554.0,1555.0,1554.0,1554.0,600,0.0,0.0
2024-12-06 00:00:00+09:00,1529.0,1541.0,1529.0,1536.0,4100,0.0,0.0
2024-12-09 00:00:00+09:00,1529.0,1531.0,1529.0,1531.0,600,0.0,0.0
2024-12-10 00:00:00+09:00,1532.0,1535.0,1532.0,1535.0,4400,0.0,0.0
2024-12-11 00:00:00+09:00,1548.0,1548.0,1513.0,1529.0,1400,0.0,0.0
2024-12-12 00:00:00+09:00,1563.0,1565.0,1553.0,1565.0,5200,0.0,0.0
2024-12-13 00:00:00+09:00,1567.0,1567.0,1567.0,1567.0,100,0.0,0.0
2024-12-16 00:00:00+09:00,1567.0,1582.0,1567.0,1582.0,4700,0.0,0.0
2024-12-17 00:00:00+09:00,1583.0,1587.0,1583.0,1583.0,5400,0.0,0.0
2024-12-18 00:00:00+09:00,1583.0,1583.0,1583.0,1583.0,0,0.0,0.0
2024-12-19 00:00:00+09:00,1543.0,1543.0,1543.0,1543.0,100,0.0,0.0
2024-12-20 00:00:00+09:00,1543.0,1544.0,1531.0,1531.0,800,0.0,0.0
2024-12-23 00:00:00+09:00,1530.0,1530.0,1530.0,1530.0,100,0.0,0.0
2024-12-24 00:00:00+09:00,1530.0,1530.0,1530.0,1530.0,200,0.0,0.0
2024-12-25 00:00:00+09:00,1565.0,1569.0,1552.0,1569.0,700,0.0,0.0
2024-12-26 00:00:00+09:00,1569.0,1569.0,1507.0,1511.0,500,0.0,0.0
2024-12-27 00:00:00+09:00,1524.0,1579.0,1524.0,1579.0,500,0.0,0.0
2024-12-30 00:00:00+09:00,1579.0,1579.0,1579.0,1579.0,0,0.0,0.0
