Date,Open,High,Low,Close,Volume,Dividends,Stock Splits
2001-01-01 00:00:00+09:00,837.238037109375,837.238037109375,837.238037109375,837.238037109375,0,0.0,0.0
2001-01-02 00:00:00+09:00,837.238037109375,837.238037109375,837.238037109375,837.238037109375,0,0.0,0.0
2001-01-03 00:00:00+09:00,837.238037109375,837.238037109375,837.238037109375,837.238037109375,0,0.0,0.0
2001-01-04 00:00:00+09:00,837.2381016465484,838.8797449831103,801.1219482421875,801.1219482421875,59000,0.0,0.0
2001-01-05 00:00:00+09:00,804.4051174306276,807.6884036242219,791.27197265625,791.27197265625,96500,0.0,0.0
2001-01-08 00:00:00+09:00,791.27197265625,791.27197265625,791.27197265625,791.27197265625,0,0.0,0.0
2001-01-09 00:00:00+09:00,792.9137779541016,820.8217163085938,791.2721345214844,820.8217163085938,138500,0.0,0.0
2001-01-10 00:00:00+09:00,801.1218139137684,804.4051000363658,773.2138818716903,784.7053833007812,67500,0.0,0.0
2001-01-11 00:00:00+09:00,774.855655108942,779.7805851202276,746.9477183783232,769.9307250976562,124500,0.0,0.0
2001-01-12 00:00:00+09:00,776.4972577865382,815.8966958137621,769.9306847820009,802.7635498046875,120500,0.0,0.0
2001-01-15 00:00:00+09:00,771.5724324544271,778.1390063476563,738.7395629882812,738.7395629882812,305500,0.0,0.0
2001-01-16 00:00:00+09:00,728.8896323464134,733.8145622946998,705.9066259210759,722.3230590820312,586500,0.0,0.0
2001-01-17 00:00:00+09:00,707.5482149607575,712.47314453125,697.6983558197725,712.47314453125,367000,0.0,0.0
2001-01-18 00:00:00+09:00,715.7563499115906,720.6812789247438,705.9064918852844,710.8314208984375,240000,0.0,0.0
2001-01-19 00:00:00+09:00,714.1149291992188,719.0398597454202,712.4732856838183,714.1149291992188,276000,0.0,0.0
2001-01-22 00:00:00+09:00,719.0398597454202,725.6064338070223,714.1149291992188,714.1149291992188,326000,0.0,0.0
2001-01-23 00:00:00+09:00,714.1147486368815,715.7563917371962,709.1898193359375,709.1898193359375,163500,0.0,0.0
2001-01-24 00:00:00+09:00,710.8313835357951,717.3979552081813,697.6982401910229,702.6231689453125,407500,0.0,0.0
2001-01-25 00:00:00+09:00,702.6234245914152,720.6815032608208,702.6234245914152,714.1149291992188,608000,0.0,0.0
2001-01-26 00:00:00+09:00,714.1146693719882,717.3979552081813,702.6231689453125,702.6231689453125,379000,0.0,0.0
2001-01-29 00:00:00+09:00,707.5480976996021,707.5480976996021,699.3398831091195,702.6231689453125,213500,0.0,0.0
2001-01-30 00:00:00+09:00,705.906696363834,730.5313485625725,704.2650528839182,707.54833984375,725500,0.0,0.0
2001-01-31 00:00:00+09:00,715.7564060497936,723.9646217155022,710.8314766503684,720.6813354492188,488000,0.0,0.0
2001-02-01 00:00:00+09:00,722.3230750281532,730.5312917898367,717.3981449711431,728.8896484375,303000,0.0,0.0
2001-02-02 00:00:00+09:00,733.8146513840248,733.8146513840248,709.1899986530173,714.1149291992188,282500,0.0,0.0
2001-02-05 00:00:00+09:00,717.3981741808971,722.3231044384318,714.1148873425406,715.7565307617188,123500,0.0,0.0
2001-02-06 00:00:00+09:00,722.3230750281532,728.8896484375,717.3981449711431,728.8896484375,314000,0.0,0.0
2001-02-07 00:00:00+09:00,728.8896484375,732.1729351421734,723.9647183804899,728.8896484375,187500,0.0,0.0
2001-02-08 00:00:00+09:00,728.8896291487373,732.1729157665244,722.3230559131631,727.2479858398438,214500,0.0,0.0
2001-02-09 00:00:00+09:00,730.5312470027379,735.4561767578125,723.9646739959717,735.4561767578125,134500,0.0,0.0
2001-02-12 00:00:00+09:00,735.4561767578125,735.4561767578125,735.4561767578125,735.4561767578125,0,0.0,0.0
2001-02-13 00:00:00+09:00,740.3812407441192,748.589458490728,738.7395971947974,746.9478149414062,88500,0.0,0.0
2001-02-14 00:00:00+09:00,738.7394214791551,746.947637273368,730.5312056849423,737.0977783203125,118500,0.0,0.0
2001-02-15 00:00:00+09:00,737.0978111751231,750.23095703125,737.0978111751231,750.23095703125,173000,0.0,0.0
2001-02-16 00:00:00+09:00,750.2310673014323,753.514354248047,738.7395629882812,738.7395629882812,151500,0.0,0.0
2001-02-19 00:00:00+09:00,725.606273549848,742.022705078125,722.3229872441925,742.022705078125,123000,0.0,0.0
2001-02-20 00:00:00+09:00,750.2309541121773,755.1558837890625,740.381094758407,755.1558837890625,249000,0.0,0.0
2001-02-21 00:00:00+09:00,751.8726548262857,760.0808715820312,746.9477247728385,760.0808715820312,101000,0.0,0.0
2001-02-22 00:00:00+09:00,751.8725219457092,751.8725219457092,742.0226635796082,743.664306640625,113000,0.0,0.0
2001-02-23 00:00:00+09:00,748.5894696124188,758.4393310546875,746.9478260387074,758.4393310546875,122000,0.0,0.0
2001-02-26 00:00:00+09:00,766.6473072710255,804.4050975648877,760.0807350460061,789.6303100585938,371500,0.0,0.0
2001-02-27 00:00:00+09:00,787.988841062898,787.988841062898,756.7976161041584,773.2140502929688,178500,0.0,0.0
2001-02-28 00:00:00+09:00,765.0057431428329,771.5723160453465,755.1558837890625,755.1558837890625,89500,0.0,0.0
2001-03-01 00:00:00+09:00,763.3642617758218,779.7806975129363,756.797687480976,758.4393310546875,187500,0.0,0.0
2001-03-02 00:00:00+09:00,766.6473362699468,771.572265625,760.0807637965426,771.572265625,241000,0.0,0.0
2001-03-05 00:00:00+09:00,771.5723750400749,771.5723750400749,758.4392282308821,760.0808715820312,116000,0.0,0.0
2001-03-06 00:00:00+09:00,760.0807637965426,771.572265625,745.305975731383,771.572265625,225000,0.0,0.0
2001-03-07 00:00:00+09:00,755.1559903328879,755.1559903328879,743.66448613217,748.5894165039062,185500,0.0,0.0
2001-03-08 00:00:00+09:00,755.1559382753821,766.6474416839206,755.1559382753821,765.0057983398438,129500,0.0,0.0
2001-03-09 00:00:00+09:00,756.7976762373369,771.5724681812328,746.9478149414062,746.9478149414062,303500,0.0,0.0
2001-03-12 00:00:00+09:00,755.1559796076948,771.5724139469926,751.8726927398353,763.3641967773438,107000,0.0,0.0
2001-03-13 00:00:00+09:00,755.1558080677428,755.1558080677428,728.8895190914735,743.664306640625,326500,0.0,0.0
2001-03-14 00:00:00+09:00,743.664306640625,743.664306640625,743.664306640625,743.664306640625,0,0.0,0.0
2001-03-15 00:00:00+09:00,735.4562653186274,753.5143432617188,730.5313349705117,753.5143432617188,135500,0.0,0.0
2001-03-16 00:00:00+09:00,756.7974934535744,763.3640660648853,740.3810619252973,742.022705078125,155500,0.0,0.0
2001-03-19 00:00:00+09:00,738.7394532779064,787.9887501631001,738.7394532779064,786.3471069335938,260000,0.0,0.0
2001-03-20 00:00:00+09:00,786.3471069335938,786.3471069335938,786.3471069335938,786.3471069335938,0,0.0,0.0
2001-03-21 00:00:00+09:00,753.5142522706576,802.7635498046875,753.5142522706576,802.7635498046875,157500,0.0,0.0
2001-03-22 00:00:00+09:00,802.7636318328274,807.6885620894705,768.2891200363256,773.2140502929688,192500,0.0,0.0
2001-03-23 00:00:00+09:00,773.2140277112513,792.9137481624934,773.2140277112513,776.497314453125,89500,0.0,0.0
2001-03-26 00:00:00+09:00,797.8386773830507,807.6885375976562,778.1389569538395,807.6885375976562,135500,0.0,0.0
2001-03-27 00:00:00+09:00,806.4465246083786,811.4143676757812,796.510838473573,811.4143676757812,157000,8.5,0.0
2001-03-28 00:00:00+09:00,794.854736328125,801.4785257975261,788.230946858724,794.854736328125,155500,0.0,0.0
2001-03-29 00:00:00+09:00,786.5752320852339,803.1347106554493,773.3276492290615,799.8228149414062,162000,0.0,0.0
2001-03-30 00:00:00+09:00,816.3823186934621,834.5977456825658,783.2633605314556,786.5752563476562,340500,0.0,0.0
2001-04-02 00:00:00+09:00,793.198877082987,796.51077218563,773.3275064671293,778.2953491210938,155500,0.0,0.0
2001-04-03 00:00:00+09:00,786.5751602107363,788.2311079164431,763.391892330841,771.671630859375,109000,0.0,0.0
2001-04-04 00:00:00+09:00,788.2311000279018,816.382210743184,784.9192046496333,811.4143676757812,309000,0.0,0.0
2001-04-05 00:00:00+09:00,861.0927191840277,894.211669921875,846.1891913519966,894.211669921875,893000,0.0,0.0
2001-04-06 00:00:00+09:00,902.4915771484375,910.7713163883313,856.1250374050315,902.4915771484375,554500,0.0,0.0
2001-04-09 00:00:00+09:00,885.9319058504972,933.9543829900568,879.308115900213,910.7711181640625,693000,0.0,0.0
2001-04-10 00:00:00+09:00,902.491705738159,902.491705738159,884.2762768150035,899.1798095703125,238000,0.0,0.0
2001-04-11 00:00:00+09:00,832.941781616211,874.340478515625,832.941781616211,861.0928955078125,493500,0.0,0.0
2001-04-12 00:00:00+09:00,894.211669921875,894.211669921875,874.3402994791667,894.211669921875,300000,0.0,0.0
2001-04-13 00:00:00+09:00,877.6523527836664,894.2118311380752,872.6845092773439,872.6845092773438,214500,0.0,0.0
2001-04-16 00:00:00+09:00,872.6842702520461,877.6521123976934,856.1247964332217,869.3723754882812,112500,0.0,0.0
2001-04-17 00:00:00+09:00,861.092787659284,861.092787659284,842.877363304953,852.8130493164062,112500,0.0,0.0
2001-04-18 00:00:00+09:00,869.3724837393131,882.6200644439122,869.3724837393131,877.6522216796875,432500,0.0,0.0
2001-04-19 00:00:00+09:00,894.211669921875,894.211669921875,861.0927191840277,894.211669921875,281000,0.0,0.0
2001-04-20 00:00:00+09:00,877.6523259860365,892.5558560499504,877.6523259860365,887.5880126953125,172000,0.0,0.0
2001-04-23 00:00:00+09:00,877.6522189210364,887.5879044182557,869.3724810066869,879.3081665039062,341500,0.0,0.0
2001-04-24 00:00:00+09:00,869.372738450199,871.0286865234375,857.7811019375297,871.0286865234375,258500,0.0,0.0
2001-04-25 00:00:00+09:00,869.3725812833991,890.89990234375,861.0928424140334,890.89990234375,299500,0.0,0.0
2001-04-26 00:00:00+09:00,869.3725812833991,890.89990234375,861.0928424140334,890.89990234375,299500,0.0,0.0
2001-04-27 00:00:00+09:00,943.8902149689503,968.7294311523438,930.6426330044739,968.7294311523438,827500,0.0,0.0
2001-04-30 00:00:00+09:00,968.7294311523438,968.7294311523438,968.7294311523438,968.7294311523438,0,0.0,0.0
2001-05-01 00:00:00+09:00,953.8257732780612,981.9768811699485,953.8257732780612,973.6971435546875,395000,0.0,0.0
2001-05-02 00:00:00+09:00,973.6973889847876,973.6973889847876,915.7392110690264,940.5784301757812,248000,0.0,0.0
2001-05-03 00:00:00+09:00,940.5784301757812,940.5784301757812,940.5784301757812,940.5784301757812,0,0.0,0.0
2001-05-04 00:00:00+09:00,940.5784301757812,940.5784301757812,940.5784301757812,940.5784301757812,0,0.0,0.0
2001-05-07 00:00:00+09:00,940.5783782148784,945.5462217617879,922.3629518762099,935.6105346679688,3300,0.0,0.0
2001-05-08 00:00:00+09:00,935.6103169209248,935.6103169209248,919.0508422851562,919.0508422851562,1500,0.0,0.0
2001-05-09 00:00:00+09:00,915.7391599322677,920.7070034762041,885.9320986686496,902.4915771484375,950,0.0,0.0
2001-05-10 00:00:00+09:00,902.4915103110361,922.3628830151323,885.9320330576226,905.8034057617188,3450,0.0,0.0
2001-05-11 00:00:00+09:00,905.8035372565774,910.7713811537799,894.2119014964384,900.835693359375,1200,0.0,0.0
2001-05-14 00:00:00+09:00,900.8356996655904,902.4916476429169,885.9321678696523,897.5238037109375,800,0.0,0.0
2001-05-15 00:00:00+09:00,864.4046355512805,882.6200589058094,862.7486879735961,880.964111328125,166500,0.0,0.0
2001-05-16 00:00:00+09:00,880.9641251138434,910.7711819785974,880.9641251138434,909.115234375,96500,0.0,0.0
2001-05-17 00:00:00+09:00,892.5559597789581,899.179751688264,882.6202719149994,897.5238037109375,82500,0.0,0.0
2001-05-18 00:00:00+09:00,894.2116167292249,895.8675641676124,867.7164577150256,889.2437744140625,92000,0.0,0.0
2001-05-21 00:00:00+09:00,872.6845062718247,877.6523497610382,861.0928714636601,874.3404541015625,122500,0.0,0.0
2001-05-22 00:00:00+09:00,885.9318743477505,897.5235063485621,874.3402423469388,892.5556640625,84500,0.0,0.0
2001-05-23 00:00:00+09:00,874.3406140478972,890.9000953745619,872.6846659152308,885.9322509765625,81000,0.0,0.0
2001-05-24 00:00:00+09:00,879.3081420898437,894.211669921875,866.0605617947049,894.211669921875,104000,0.0,0.0
2001-05-25 00:00:00+09:00,904.1473282137785,912.4270656516335,895.8675907759233,910.7711181640625,156000,0.0,0.0
2001-05-28 00:00:00+09:00,910.7711452907986,919.0508829752604,877.6521945529514,894.211669921875,99000,0.0,0.0
2001-05-29 00:00:00+09:00,900.8356996655904,927.3308673028137,894.2119077562846,897.5238037109375,105000,0.0,0.0
2001-05-30 00:00:00+09:00,904.1475040601648,914.0831909179688,895.8677650119948,914.0831909179688,85000,0.0,0.0
2001-05-31 00:00:00+09:00,914.083212084289,930.6426905640768,885.9320986686496,902.4915771484375,274500,0.0,0.0
2001-06-01 00:00:00+09:00,910.7711181640625,922.3627505770596,909.1151706764915,910.7711181640625,198000,0.0,0.0
2001-06-04 00:00:00+09:00,920.7070374196186,920.7070374196186,907.4594541473939,917.3951416015625,109000,0.0,0.0
2001-06-05 00:00:00+09:00,917.3949081143465,917.3949081143465,904.1473282137785,910.7711181640625,111000,0.0,0.0
2001-06-06 00:00:00+09:00,917.3950109841365,927.330697023676,912.4271679643668,922.3628540039062,99500,0.0,0.0
2001-06-07 00:00:00+09:00,932.2986168239428,933.9545646335769,912.4272431083348,914.0831909179688,134500,0.0,0.0
2001-06-08 00:00:00+09:00,914.0831059721328,963.7615356445312,914.0831059721328,963.7615356445312,349000,0.0,0.0
2001-06-11 00:00:00+09:00,953.8259497028863,977.0092193137203,912.4272539692541,975.353271484375,332500,0.0,0.0
2001-06-12 00:00:00+09:00,967.0735876614493,968.7295355855271,937.2665250280485,945.5462646484375,161500,0.0,0.0
2001-06-13 00:00:00+09:00,945.5459968303812,960.4495239257812,925.6746273698478,960.4495239257812,97500,0.0,0.0
2001-06-14 00:00:00+09:00,960.4496752227421,980.3210478135576,960.4496752227421,978.6651000976562,440000,0.0,0.0
2001-06-15 00:00:00+09:00,945.5460843270284,947.202031935307,927.3306606359649,943.89013671875,272000,0.0,0.0
2001-06-18 00:00:00+09:00,957.1378453615769,975.3532714843751,955.4818975322316,975.353271484375,144000,0.0,0.0
2001-06-19 00:00:00+09:00,975.3532191982855,980.3210624200086,968.7294282359882,970.3853759765625,296000,0.0,0.0
2001-06-20 00:00:00+09:00,975.3530910777397,977.0090386007919,965.4174059394265,973.6971435546875,213500,0.0,0.0
2001-06-21 00:00:00+09:00,973.6971986060049,1026.687522339665,973.6971986060049,1013.43994140625,618500,0.0,0.0
2001-06-22 00:00:00+09:00,1008.4720766129033,1026.6875,1001.8482862903226,1026.6875,349500,0.0,0.0
2001-06-25 00:00:00+09:00,1015.0960083007812,1025.0316951683255,1015.0960083007812,1015.0960083007812,237500,0.0,0.0
2001-06-26 00:00:00+09:00,1026.6878529084036,1059.8068159054487,1018.4081121591422,1033.3116455078125,480500,0.0,0.0
2001-06-27 00:00:00+09:00,1023.3756048387097,1033.3112903225806,1023.3756048387097,1026.6875,244000,0.0,0.0
2001-06-28 00:00:00+09:00,1001.8483080895119,1018.4077842562807,1001.8483080895119,1013.43994140625,193000,0.0,0.0
2001-06-29 00:00:00+09:00,1015.0957719646516,1025.0314565189549,1010.1279296875,1010.1279296875,218500,0.0,0.0
2001-07-02 00:00:00+09:00,1011.7839717741936,1026.6875,1011.7839717741936,1026.6875,214500,0.0,0.0
2001-07-03 00:00:00+09:00,1026.687472873264,1044.90289577908,1026.687472873264,1043.2469482421875,222500,0.0,0.0
2001-07-04 00:00:00+09:00,1020.0639585229571,1028.3436984460332,1016.7520625537268,1023.3758544921875,71000,0.0,0.0
2001-07-05 00:00:00+09:00,1026.68742578125,1034.9671630859375,1023.375530859375,1034.9671630859375,133500,0.0,0.0
2001-07-06 00:00:00+09:00,1036.623291015625,1051.5268207586612,1036.623291015625,1036.623291015625,355500,0.0,0.0
2001-07-09 00:00:00+09:00,1026.6875525117875,1038.2791861691787,1016.7518665197381,1031.6553955078125,81500,0.0,0.0
2001-07-10 00:00:00+09:00,1031.6552681640626,1041.5909529296875,1021.7195833984375,1034.9671630859375,136000,0.0,0.0
2001-07-11 00:00:00+09:00,1018.4081121591422,1034.9675936576648,1018.4081121591422,1033.3116455078125,66500,0.0,0.0
2001-07-12 00:00:00+09:00,1034.9672105577256,1043.2469482421875,1023.3755777994792,1043.2469482421875,171000,0.0,0.0
2001-07-13 00:00:00+09:00,1059.8065825508606,1059.8065825508606,1048.2149480542107,1058.150634765625,261000,0.0,0.0
2001-07-16 00:00:00+09:00,1059.8065649224807,1068.0863037109375,1058.1506171647893,1068.0863037109375,125000,0.0,0.0
2001-07-17 00:00:00+09:00,1061.462646484375,1066.4304903836778,1058.1507505515065,1061.462646484375,108500,0.0,0.0
2001-07-18 00:00:00+09:00,1051.5266914124702,1053.1826389580015,1039.93505859375,1039.93505859375,100000,0.0,0.0
2001-07-19 00:00:00+09:00,1026.6874945048733,1039.9350750791298,1016.751809074181,1029.9993896484375,84500,0.0,0.0
2001-07-20 00:00:00+09:00,1029.9993896484375,1029.9993896484375,1029.9993896484375,1029.9993896484375,0,0.0,0.0
2001-07-23 00:00:00+09:00,1046.5588433159721,1051.5266859266492,1031.655315483941,1043.2469482421875,154500,0.0,0.0
2001-07-24 00:00:00+09:00,1053.182733517829,1061.4624719888814,1051.5267858236186,1056.49462890625,207000,0.0,0.0
2001-07-25 00:00:00+09:00,1054.8386698214808,1064.7743558794539,1054.8386698214808,1063.118408203125,293000,0.0,0.0
2001-07-26 00:00:00+09:00,1051.5267858236186,1063.1184196830916,1051.5267858236186,1056.49462890625,328000,0.0,0.0
2001-07-27 00:00:00+09:00,1053.1827165117916,1066.4302978515625,1053.1827165117916,1066.4302978515625,126000,0.0,0.0
2001-07-30 00:00:00+09:00,1068.086054476188,1076.3657913325926,1063.1182123623455,1071.39794921875,313500,0.0,0.0
2001-07-31 00:00:00+09:00,1071.39794921875,1071.39794921875,1056.4944228772217,1071.39794921875,153500,0.0,0.0
2001-08-01 00:00:00+09:00,1054.8385009765625,1068.086080266692,1054.8385009765625,1054.8385009765625,363500,0.0,0.0
2001-08-02 00:00:00+09:00,1068.0862512321116,1071.3981465847694,1061.4624605267961,1063.118408203125,300000,0.0,0.0
2001-08-03 00:00:00+09:00,1063.118408203125,1071.3981465847694,1059.8065128504672,1063.118408203125,188000,0.0,0.0
2001-08-06 00:00:00+09:00,1063.1182225347493,1073.053906857504,1063.1182225347493,1064.774169921875,164000,0.0,0.0
2001-08-07 00:00:00+09:00,1066.4302865487557,1073.0540771484375,1064.7743388988354,1073.0540771484375,246000,0.0,0.0
2001-08-08 00:00:00+09:00,1056.4946174978097,1068.0862512321116,1056.4946174978097,1063.118408203125,71500,0.0,0.0
2001-08-09 00:00:00+09:00,1029.9994657988832,1059.806524294671,1029.9994657988832,1056.49462890625,93000,0.0,0.0
2001-08-10 00:00:00+09:00,1048.2147908528646,1056.4945285373265,1031.655315483941,1043.2469482421875,163000,0.0,0.0
2001-08-13 00:00:00+09:00,1026.6875525117875,1041.591081499862,1026.6875525117875,1031.6553955078125,97000,0.0,0.0
2001-08-14 00:00:00+09:00,1026.687472873264,1059.806423611111,1026.687472873264,1043.2469482421875,176500,0.0,0.0
2001-08-15 00:00:00+09:00,1053.1830233060398,1053.1830233060398,1028.3438010582558,1033.3116455078125,213500,0.0,0.0
2001-08-16 00:00:00+09:00,1034.9675228721217,1043.2472630550988,1033.3115748355262,1038.2794189453125,80500,0.0,0.0
2001-08-17 00:00:00+09:00,1039.9351453642466,1039.9351453642466,1025.0316162109375,1025.0316162109375,287000,0.0,0.0
2001-08-20 00:00:00+09:00,1033.3113546294426,1038.2791976805456,1025.0316162109375,1025.0316162109375,91500,0.0,0.0
2001-08-21 00:00:00+09:00,1025.0318024768026,1026.6877504614179,1016.7520625537268,1023.3758544921875,111000,0.0,0.0
2001-08-22 00:00:00+09:00,1006.8163261533911,1051.5269195845449,1006.8163261533911,1049.8709716796875,177000,0.0,0.0
2001-08-23 00:00:00+09:00,1016.7519180249101,1059.8065595047924,1016.7519180249101,1036.623291015625,94500,0.0,0.0
2001-08-24 00:00:00+09:00,1020.0635551364943,1025.0313971257954,1008.471923828125,1008.471923828125,90000,0.0,0.0
2001-08-27 00:00:00+09:00,1025.0317134448685,1025.0317134448685,998.5365479923355,1005.1603393554688,76000,0.0,0.0
2001-08-28 00:00:00+09:00,995.224907667878,1005.1605972619001,977.0094767455042,998.5368041992188,83000,0.0,0.0
2001-08-29 00:00:00+09:00,968.7294669425924,977.0092059762898,920.7069805471476,948.8580932617188,100000,0.0,0.0
2001-08-30 00:00:00+09:00,899.1794910291685,928.9865459804117,897.5235435318773,907.459228515625,125500,0.0,0.0
2001-08-31 00:00:00+09:00,907.4592812429106,927.3306523650181,897.5235956818568,912.4271240234375,114500,0.0,0.0
2001-09-03 00:00:00+09:00,977.0092848656882,990.2568683892907,933.95463841398,940.5784301757812,248000,0.0,0.0
2001-09-04 00:00:00+09:00,973.6972506863254,973.6972506863254,942.2342442865972,947.2020874023438,175000,0.0,0.0
2001-09-05 00:00:00+09:00,947.2020603724889,947.2020603724889,910.7712118966239,927.3306884765625,210500,0.0,0.0
2001-09-06 00:00:00+09:00,927.3306606359649,943.89013671875,927.3306606359649,943.89013671875,207500,0.0,0.0
2001-09-07 00:00:00+09:00,935.61037070435,938.9222658218875,910.7711573228186,924.0187377929688,85000,0.0,0.0
2001-09-10 00:00:00+09:00,912.4270493612952,914.0829968193011,882.6199951171875,882.6199951171875,110000,0.0,0.0
2001-09-11 00:00:00+09:00,882.6199951171875,882.6199951171875,866.0605205371277,882.6199951171875,174500,0.0,0.0
2001-09-12 00:00:00+09:00,799.8228149414062,844.533407080988,799.8228149414062,799.8228149414062,151000,0.0,0.0
2001-09-13 00:00:00+09:00,821.3499068449399,846.189117737428,811.4142224879447,826.3177490234375,92500,0.0,0.0
2001-09-14 00:00:00+09:00,851.1571159811581,851.1571159811581,819.6941097483915,844.5333251953125,317500,0.0,0.0
2001-09-17 00:00:00+09:00,844.5331573486328,846.1891047159831,788.230946858724,794.854736328125,183000,0.0,0.0
2001-09-18 00:00:00+09:00,778.2954002919823,827.9738300978536,778.2954002919823,819.694091796875,228000,0.0,0.0
2001-09-19 00:00:00+09:00,794.8548027262029,811.4142777829987,791.5429077148438,791.5429077148438,199500,0.0,0.0
2001-09-20 00:00:00+09:00,791.5429945175074,791.5429945175074,760.0799884592801,776.6394653320312,240000,0.0,0.0
2001-09-21 00:00:00+09:00,746.8323588709677,770.015625,738.552620967742,770.015625,130500,0.0,0.0
2001-09-24 00:00:00+09:00,770.015625,770.015625,770.015625,770.015625,0,0.0,0.0
2001-09-25 00:00:00+09:00,770.0156474374317,799.8227047575903,745.176433003966,756.76806640625,234500,0.0,0.0
2001-09-26 00:00:00+09:00,740.2086244509455,776.6394739764954,740.2086244509455,771.671630859375,187000,0.0,0.0
2001-09-27 00:00:00+09:00,796.5108412916187,809.7584228515625,776.6394689517031,809.7584228515625,128500,0.0,0.0
2001-09-28 00:00:00+09:00,809.7584228515625,809.7584228515625,809.7584228515625,809.7584228515625,0,0.0,0.0
2001-10-01 00:00:00+09:00,847.8451978764479,857.7808837890625,806.446506573887,857.7808837890625,194500,0.0,0.0
2001-10-02 00:00:00+09:00,866.0605831289649,880.964111328125,859.4367928182272,880.964111328125,220000,0.0,0.0
2001-10-03 00:00:00+09:00,880.964111328125,900.8354822603383,867.7165307066495,880.964111328125,213000,0.0,0.0
2001-10-04 00:00:00+09:00,880.9642454205137,892.5558802286785,861.0928714636601,874.3404541015625,126500,0.0,0.0
2001-10-05 00:00:00+09:00,880.9640320616884,892.5556640625,861.0926629174397,892.5556640625,101500,0.0,0.0
2001-10-08 00:00:00+09:00,892.5556640625,892.5556640625,892.5556640625,892.5556640625,0,0.0,0.0
2001-10-09 00:00:00+09:00,907.4592459206407,907.4592459206407,842.8772922876024,859.436767578125,155000,0.0,0.0
2001-10-10 00:00:00+09:00,890.8998251728627,890.8998251728627,859.436820194639,864.4046630859375,221000,0.0,0.0
2001-10-11 00:00:00+09:00,882.6201693406745,889.2439604801917,874.340430416278,887.5880126953125,190500,0.0,0.0
2001-10-12 00:00:00+09:00,861.0927287892146,877.6522043428532,829.6297252373009,851.1570434570312,227500,0.0,0.0
2001-10-15 00:00:00+09:00,809.7583192730893,841.2213214534344,809.7583192730893,836.2534790039062,256000,0.0,0.0
2001-10-16 00:00:00+09:00,836.2535456208064,839.5654408509878,823.0059647000808,832.941650390625,123000,0.0,0.0
2001-10-17 00:00:00+09:00,842.8773949032737,844.5333426339286,826.3179175967261,834.59765625,139500,0.0,0.0
2001-10-18 00:00:00+09:00,829.6297270547591,831.2856746137506,804.7905136698861,813.0702514648438,146500,0.0,0.0
2001-10-19 00:00:00+09:00,821.3499068449399,834.5974859876002,818.0380120592748,826.3177490234375,112000,0.0,0.0
2001-10-22 00:00:00+09:00,826.3177941048499,836.2534790039062,826.3177941048499,836.2534790039062,41500,0.0,0.0
2001-10-23 00:00:00+09:00,836.2536773681641,861.0928955078125,827.9739379882812,861.0928955078125,98000,0.0,0.0
2001-10-24 00:00:00+09:00,852.8130927790606,872.6844658146892,852.8130927790606,862.748779296875,88500,0.0,0.0
2001-10-25 00:00:00+09:00,869.3726880963878,897.5238037109375,861.0929482097555,897.5238037109375,162500,0.0,0.0
2001-10-26 00:00:00+09:00,895.8679397725614,902.4917323032272,869.3727696498978,885.9322509765625,101500,0.0,0.0
2001-10-29 00:00:00+09:00,880.9642953872681,880.9642953872681,841.2215452194214,847.8453369140625,63000,0.0,0.0
2001-10-30 00:00:00+09:00,831.2856727926647,852.8129910123952,829.6297252373009,851.1570434570312,66000,0.0,0.0
2001-10-31 00:00:00+09:00,851.1572453055794,857.7810370978408,841.2215576171875,841.2215576171875,88000,0.0,0.0
2001-11-01 00:00:00+09:00,841.2213322378681,847.8451222554891,827.9737522026261,829.6296997070312,105000,0.0,0.0
2001-11-02 00:00:00+09:00,834.5976390165441,851.1571159811581,832.9416913200827,844.5333251953125,143500,0.0,0.0
2001-11-05 00:00:00+09:00,844.5332478368006,864.404618374137,832.9416150233543,854.4689331054688,171000,0.0,0.0
2001-11-06 00:00:00+09:00,857.780850622789,877.6522216796875,857.780850622789,877.6522216796875,209000,0.0,0.0
2001-11-07 00:00:00+09:00,894.2116975604364,894.2116975604364,841.2213747420401,877.6522216796875,223500,0.0,0.0
2001-11-08 00:00:00+09:00,847.8450620229007,869.3723780508259,846.1891146361372,867.7164306640625,148500,0.0,0.0
2001-11-09 00:00:00+09:00,867.7164306640625,867.7164306640625,867.7164306640625,867.7164306640625,0,0.0,0.0
2001-11-12 00:00:00+09:00,867.7165697016771,867.7165697016771,854.4689884848576,857.7808837890625,130000,0.0,0.0
2001-11-13 00:00:00+09:00,856.1249221597528,867.7165555352234,849.501131659484,866.0606079101562,152000,0.0,0.0
2001-11-14 00:00:00+09:00,866.0606306650106,866.0606306650106,846.189258642104,852.8130493164062,163000,0.0,0.0
2001-11-15 00:00:00+09:00,851.1572408694176,875.9964599609375,846.1893970511136,875.9964599609375,87500,0.0,0.0
2001-11-16 00:00:00+09:00,875.9964599609375,875.9964599609375,846.1893970511136,875.9964599609375,199500,0.0,0.0
2001-11-19 00:00:00+09:00,871.02840578533,875.9962484038775,856.1248779296875,856.1248779296875,117000,0.0,0.0
2001-11-20 00:00:00+09:00,872.6842702520461,875.996165015811,866.0604807245163,869.3723754882812,215500,0.0,0.0
2001-11-21 00:00:00+09:00,869.3724568684895,894.211669921875,869.3724568684895,894.211669921875,96500,0.0,0.0
2001-11-22 00:00:00+09:00,880.9640476591816,887.5878374912054,871.0283629111457,882.6199951171875,50500,0.0,0.0
2001-11-23 00:00:00+09:00,882.6199951171875,882.6199951171875,882.6199951171875,882.6199951171875,0,0.0,0.0
2001-11-26 00:00:00+09:00,880.9640476591816,894.2116273232293,880.9640476591816,882.6199951171875,88500,0.0,0.0
2001-11-27 00:00:00+09:00,892.5558560499504,894.2118038348297,885.9320649104332,887.5880126953125,77000,0.0,0.0
2001-11-28 00:00:00+09:00,875.996165015811,877.6521123976934,864.4045333426338,869.3723754882812,112500,0.0,0.0
2001-11-29 00:00:00+09:00,877.6523497610382,885.9320889097272,869.3726106123491,874.3404541015625,164000,0.0,0.0
2001-11-30 00:00:00+09:00,857.7808923221329,877.6522643450394,852.8130493164062,852.8130493164062,166500,0.0,0.0
2001-12-03 00:00:00+09:00,859.4368399907084,869.3725260021617,841.2214156363774,852.8130493164062,159000,0.0,0.0
2001-12-04 00:00:00+09:00,861.0928955078125,862.748843383789,852.8131561279297,861.0928955078125,121000,0.0,0.0
2001-12-05 00:00:00+09:00,862.748843383789,864.4047912597656,852.8131561279297,861.0928955078125,201500,0.0,0.0
2001-12-06 00:00:00+09:00,861.0928744292577,877.6523527836664,861.0928744292577,872.6845092773438,210000,0.0,0.0
2001-12-07 00:00:00+09:00,856.1248725200205,866.0605576943341,854.4689249909683,859.436767578125,257500,0.0,0.0
2001-12-10 00:00:00+09:00,854.468938567759,862.7486763445784,851.1570434570312,851.1570434570312,408500,0.0,0.0
2001-12-11 00:00:00+09:00,851.1570380159127,857.7808281950249,851.1570380159127,854.4689331054688,296500,0.0,0.0
2001-12-12 00:00:00+09:00,854.4690830874941,880.9642484545482,851.1571874166124,872.6845092773438,176500,0.0,0.0
2001-12-13 00:00:00+09:00,857.7810326271563,875.9964599609375,857.7810326271563,875.9964599609375,97000,0.0,0.0
2001-12-14 00:00:00+09:00,852.8130078585643,877.6522216796875,852.8130078585643,877.6522216796875,379500,0.0,0.0
2001-12-17 00:00:00+09:00,877.6523742675781,877.6523742675781,827.9739379882812,827.9739379882812,440500,0.0,0.0
2001-12-18 00:00:00+09:00,849.5012848377228,859.4369723796844,841.2215452194214,847.8453369140625,189000,0.0,0.0
2001-12-19 00:00:00+09:00,852.8129016694568,869.3723754882812,851.1569542875743,869.3723754882812,159000,0.0,0.0
2001-12-20 00:00:00+09:00,869.3726348876953,869.3726348876953,854.4691040039062,861.0928955078125,189500,0.0,0.0
2001-12-21 00:00:00+09:00,857.7807438151041,869.3723754882812,856.1247964332217,869.3723754882812,174500,0.0,0.0
2001-12-24 00:00:00+09:00,869.3723754882812,869.3723754882812,869.3723754882812,869.3723754882812,0,0.0,0.0
2001-12-25 00:00:00+09:00,839.5653226143972,869.3723754882812,839.5653226143972,869.3723754882812,245500,0.0,0.0
2001-12-26 00:00:00+09:00,866.0606079101562,867.7165555352234,862.7487126600217,866.0606079101562,180500,0.0,0.0
2001-12-27 00:00:00+09:00,864.4045358905355,869.3723780508259,859.4366937302451,867.7164306640625,182000,0.0,0.0
2001-12-28 00:00:00+09:00,872.6844768311454,890.89990234375,871.0285290572723,890.89990234375,184000,0.0,0.0
2001-12-31 00:00:00+09:00,890.89990234375,890.89990234375,890.89990234375,890.89990234375,0,0.0,0.0
2002-01-01 00:00:00+09:00,890.89990234375,890.89990234375,890.89990234375,890.89990234375,0,0.0,0.0
2002-01-02 00:00:00+09:00,890.89990234375,890.89990234375,890.89990234375,890.89990234375,0,0.0,0.0
2002-01-03 00:00:00+09:00,890.89990234375,890.89990234375,890.89990234375,890.89990234375,0,0.0,0.0
2002-01-04 00:00:00+09:00,874.3403265035378,885.931959620062,869.3724837393131,877.6522216796875,122500,0.0,0.0
2002-01-07 00:00:00+09:00,877.6524079003722,884.2761996581108,875.9964599609375,875.9964599609375,131000,0.0,0.0
2002-01-08 00:00:00+09:00,884.2761996581108,885.9321475975455,869.3726682031989,875.9964599609375,173000,0.0,0.0
2002-01-09 00:00:00+09:00,864.4046156272667,866.0605631667825,849.5010877716242,856.1248779296875,136500,0.0,0.0
2002-01-10 00:00:00+09:00,852.813055027298,854.4690027069627,844.5333166289747,849.5011596679688,107000,0.0,0.0
2002-01-11 00:00:00+09:00,866.0606452493107,866.0606452493107,836.2535867130055,844.5333251953125,125000,0.0,0.0
2002-01-14 00:00:00+09:00,844.5333251953125,844.5333251953125,844.5333251953125,844.5333251953125,0,0.0,0.0
2002-01-15 00:00:00+09:00,829.629686438519,846.1891612177309,829.629686438519,837.909423828125,75000,0.0,0.0
2002-01-16 00:00:00+09:00,841.2213214534344,847.8451113861386,832.9415840375541,836.2534790039062,83500,0.0,0.0
2002-01-17 00:00:00+09:00,829.6297551604436,846.1892313113507,827.9738075453529,832.941650390625,103500,0.0,0.0
2002-01-18 00:00:00+09:00,834.5976418605721,842.8773803710938,819.6941125416333,842.8773803710938,134000,0.0,0.0
2002-01-21 00:00:00+09:00,832.941650390625,836.2535456208064,827.9738075453529,832.941650390625,116000,0.0,0.0
2002-01-22 00:00:00+09:00,823.0059674631552,836.2535484283569,823.0059674631552,831.2857055664062,176000,0.0,0.0
2002-01-23 00:00:00+09:00,841.2215576171875,844.5334535133181,831.2858699287955,841.2215576171875,336000,0.0,0.0
2002-01-24 00:00:00+09:00,841.2213884660786,841.2213884660786,824.6619123151714,832.941650390625,117500,0.0,0.0
2002-01-25 00:00:00+09:00,827.9739787201617,827.9739787201617,798.1669154862358,806.4466552734375,165000,0.0,0.0
2002-01-28 00:00:00+09:00,811.4142048309453,811.4142048309453,788.2309418357754,798.1666259765625,257500,0.0,0.0
2002-01-29 00:00:00+09:00,806.4463627605518,806.4463627605518,794.8547312629669,798.1666259765625,135500,0.0,0.0
2002-01-30 00:00:00+09:00,814.7262488162879,819.694091796875,801.4786675347223,819.694091796875,112000,0.0,0.0
2002-01-31 00:00:00+09:00,819.694091796875,819.694091796875,819.694091796875,819.694091796875,0,0.0,0.0
2002-02-01 00:00:00+09:00,803.1345457189224,811.4142833036535,781.6072279986214,788.2310180664062,142000,0.0,0.0
2002-02-04 00:00:00+09:00,786.5752563476562,789.887152163857,781.6074126233552,786.5752563476562,74500,0.0,0.0
2002-02-05 00:00:00+09:00,786.5751602107363,798.166794150684,770.0156831536682,771.671630859375,209000,0.0,0.0
2002-02-06 00:00:00+09:00,771.671481033561,771.671481033561,748.4882176548704,750.1441650390625,264500,0.0,0.0
2002-02-07 00:00:00+09:00,761.7360541449654,761.7360541449654,741.8646788194444,745.1765747070312,335000,0.0,0.0
2002-02-08 00:00:00+09:00,745.1765715943736,750.1444154050027,740.2087277837445,746.83251953125,264000,0.0,0.0
2002-02-11 00:00:00+09:00,746.83251953125,746.83251953125,746.83251953125,746.83251953125,0,0.0,0.0
2002-02-12 00:00:00+09:00,755.1123079069368,770.0158402998369,753.4563598632812,753.4563598632812,316500,0.0,0.0
2002-02-13 00:00:00+09:00,753.4563598632812,770.0158402998369,751.8004118196257,753.4563598632812,467500,0.0,0.0
2002-02-14 00:00:00+09:00,760.0798493442156,771.671481033561,750.1441650390625,750.1441650390625,453000,0.0,0.0
2002-02-15 00:00:00+09:00,753.4561711484546,760.0799616640454,750.1442758906592,756.76806640625,379500,0.0,0.0
2002-02-18 00:00:00+09:00,756.7680748758862,756.7680748758862,750.1442842861629,751.8002319335938,172500,0.0,0.0
2002-02-19 00:00:00+09:00,748.4883060498378,750.144253629594,723.6490923534935,733.5847778320312,257500,0.0,0.0
2002-02-20 00:00:00+09:00,733.5847778320312,733.5847778320312,725.3050399332499,733.5847778320312,187000,0.0,0.0
2002-02-21 00:00:00+09:00,740.208598401578,758.424022523317,740.208598401578,751.8002319335938,323000,0.0,0.0
2002-02-22 00:00:00+09:00,761.7360019071199,778.2954802094487,758.4241062466542,773.32763671875,305000,0.0,0.0
2002-02-25 00:00:00+09:00,786.575065197805,799.8226452432417,783.2631701864458,791.5429077148438,297000,0.0,0.0
2002-02-26 00:00:00+09:00,806.446658413106,806.446658413106,794.855022665895,804.7907104492188,278500,0.0,0.0
2002-02-27 00:00:00+09:00,806.4464217476223,837.909423828125,806.4464217476223,837.909423828125,408500,0.0,0.0
2002-02-28 00:00:00+09:00,854.46891227311,854.46891227311,827.9737522026261,829.6296997070312,342000,0.0,0.0
2002-03-01 00:00:00+09:00,829.629842534239,832.941738113218,808.1025212708755,818.0382080078125,141000,0.0,0.0
2002-03-04 00:00:00+09:00,847.8451867816092,874.3403488685344,844.5332915207435,864.4046630859375,274000,0.0,0.0
2002-03-05 00:00:00+09:00,875.996165015811,877.6521123976934,867.7164281063988,869.3723754882812,367500,0.0,0.0
2002-03-06 00:00:00+09:00,869.3725260021617,874.3403690078883,851.1571016478307,852.8130493164062,208500,0.0,0.0
2002-03-07 00:00:00+09:00,836.2534763502038,847.8451086956521,831.2856339164401,837.909423828125,274000,0.0,0.0
2002-03-08 00:00:00+09:00,829.6297987542592,854.4690142858238,829.6297987542592,842.8773803710938,451000,0.0,0.0
2002-03-11 00:00:00+09:00,844.533328073198,862.7487527963455,842.8773803710938,842.8773803710938,119000,0.0,0.0
2002-03-12 00:00:00+09:00,841.2213187839674,851.1570036514945,832.9415813943614,837.909423828125,305000,0.0,0.0
2002-03-13 00:00:00+09:00,837.9095430091993,862.748758711053,837.9095430091993,839.5654907226562,328500,0.0,0.0
2002-03-14 00:00:00+09:00,839.5654849668852,852.8130665837195,837.9095372647807,842.8773803710938,229500,0.0,0.0
2002-03-15 00:00:00+09:00,846.1894014613835,851.1572453055794,841.2215576171875,841.2215576171875,243500,0.0,0.0
2002-03-18 00:00:00+09:00,842.8773360811692,849.501126541532,832.941650390625,832.941650390625,235500,0.0,0.0
2002-03-19 00:00:00+09:00,852.8130636776195,854.4690113740809,832.9416913200827,844.5333251953125,275500,0.0,0.0
2002-03-20 00:00:00+09:00,834.5977294921875,839.5655731201172,816.3823028564453,827.9739379882812,392000,0.0,0.0
2002-03-21 00:00:00+09:00,827.9739379882812,827.9739379882812,827.9739379882812,827.9739379882812,0,0.0,0.0
2002-03-22 00:00:00+09:00,827.9739285107726,827.9739285107726,799.8228149414062,799.8228149414062,300500,0.0,0.0
2002-03-25 00:00:00+09:00,811.4142048309453,814.726099544541,779.9512050517862,798.1666259765625,431000,0.0,0.0
2002-03-26 00:00:00+09:00,805.2672625411184,805.2672625411184,791.9018307976974,793.572509765625,191500,8.5,0.0
2002-03-27 00:00:00+09:00,785.2190186067431,793.5724124217085,780.2069823177638,783.54833984375,343500,0.0,0.0
2002-03-28 00:00:00+09:00,800.2551519865717,801.92583080074,786.8897214732261,790.2310791015625,303500,0.0,0.0
2002-03-29 00:00:00+09:00,801.925942973726,801.925942973726,786.8898315429688,786.8898315429688,183500,0.0,0.0
2002-04-01 00:00:00+09:00,791.9018307976974,796.9138677014802,786.8897938939144,793.572509765625,138000,0.0,0.0
2002-04-02 00:00:00+09:00,801.9258062366738,801.9258062366738,783.54833984375,783.54833984375,381500,0.0,0.0
2002-04-03 00:00:00+09:00,791.9016604633451,805.2670893319248,786.8896246376278,796.9136962890625,373500,0.0,0.0
2002-04-04 00:00:00+09:00,798.58447265625,800.2551514693384,793.5724362169849,798.58447265625,268500,0.0,0.0
2002-04-05 00:00:00+09:00,800.2550789617723,828.6566162109375,793.5723643149099,828.6566162109375,473500,0.0,0.0
2002-04-08 00:00:00+09:00,842.0220940209538,870.4236329065811,842.0220940209538,867.082275390625,601500,0.0,0.0
2002-04-09 00:00:00+09:00,867.082389801147,868.7530687795692,838.6808471679688,838.6808471679688,346500,0.0,0.0
2002-04-10 00:00:00+09:00,842.0219396642736,868.752794891711,842.0219396642736,865.4114379882812,352000,0.0,0.0
2002-04-11 00:00:00+09:00,862.0703528658802,862.0703528658802,838.6808471679688,838.6808471679688,160000,0.0,0.0
2002-04-12 00:00:00+09:00,850.375451390523,850.375451390523,818.6325563484406,831.9979858398438,227500,0.0,0.0
2002-04-15 00:00:00+09:00,840.3515144042968,840.3515144042968,823.6447248535156,835.3394775390625,148500,0.0,0.0
2002-04-16 00:00:00+09:00,835.3394892111243,842.0222051248132,825.3154153405907,838.6808471679688,177500,0.0,0.0
2002-04-17 00:00:00+09:00,838.6807876214749,838.6807876214749,821.9739990234375,821.9739990234375,201500,0.0,0.0
2002-04-18 00:00:00+09:00,833.6687985839843,840.3515144042968,825.3154038085937,835.3394775390625,260500,0.0,0.0
2002-04-19 00:00:00+09:00,833.6686648839167,857.0581665039062,833.6686648839167,857.0581665039062,309500,0.0,0.0
2002-04-22 00:00:00+09:00,855.3875,855.3875,840.3513916015626,852.046142578125,141000,0.0,0.0
2002-04-23 00:00:00+09:00,840.3515261463909,843.6928841032354,831.9981312542798,838.6808471679688,202000,0.0,0.0
2002-04-24 00:00:00+09:00,835.3392938170771,838.6806509923454,826.9859008789062,826.9859008789062,173000,0.0,0.0
2002-04-25 00:00:00+09:00,837.0099724047112,837.0099724047112,816.9618293531014,826.9859008789062,133500,0.0,0.0
2002-04-26 00:00:00+09:00,828.656640625,835.33935546875,805.267138671875,818.632568359375,163500,0.0,0.0
2002-04-29 00:00:00+09:00,818.632568359375,818.632568359375,818.632568359375,818.632568359375,0,0.0,0.0
2002-04-30 00:00:00+09:00,837.0100218991199,840.3513792719707,825.3152710941422,831.9979858398438,182500,0.0,0.0
2002-05-01 00:00:00+09:00,828.6567511568205,835.3394668919561,823.6447143554688,823.6447143554688,161000,0.0,0.0
2002-05-02 00:00:00+09:00,821.973901564075,837.0100095195155,815.2911869172127,828.6566162109375,195500,0.0,0.0
2002-05-03 00:00:00+09:00,828.6566162109375,828.6566162109375,828.6566162109375,828.6566162109375,0,0.0,0.0
2002-05-06 00:00:00+09:00,828.6566162109375,828.6566162109375,828.6566162109375,828.6566162109375,0,0.0,0.0
2002-05-07 00:00:00+09:00,828.6565157860825,831.9978727045748,806.9376958158828,810.279052734375,105000,0.0,0.0
2002-05-08 00:00:00+09:00,811.9498171192005,820.3032102994392,811.9498171192005,816.9618530273438,114500,0.0,0.0
2002-05-09 00:00:00+09:00,821.9739013174644,830.3272946235362,820.30322265625,820.30322265625,219500,0.0,0.0
2002-05-10 00:00:00+09:00,820.3031846364339,821.9738632202148,800.2550416310628,801.9257202148438,252500,0.0,0.0
2002-05-13 00:00:00+09:00,810.2791131337483,810.2791131337483,798.5843630472818,801.9257202148438,121000,0.0,0.0
2002-05-14 00:00:00+09:00,810.2790642576099,816.9617781896313,801.9256718425829,805.2670288085938,234500,0.0,0.0
2002-05-15 00:00:00+09:00,808.608459847105,828.6566034796779,806.9377812110573,816.9618530273438,190500,0.0,0.0
2002-05-16 00:00:00+09:00,825.3152832031251,845.363427734375,825.3152832031251,843.6927490234375,282000,0.0,0.0
2002-05-17 00:00:00+09:00,843.6928474593782,850.3755630828188,837.0101318359375,837.0101318359375,200500,0.0,0.0
2002-05-20 00:00:00+09:00,820.3032470703125,835.33935546875,818.632568359375,818.632568359375,253500,0.0,0.0
2002-05-21 00:00:00+09:00,826.9860722230366,835.3394668919561,818.632677554117,823.6447143554688,250000,0.0,0.0
2002-05-22 00:00:00+09:00,840.3515096811149,873.7650885948768,833.6687938983624,868.7530517578125,417000,0.0,0.0
2002-05-23 00:00:00+09:00,888.8010151811079,920.5439085804333,888.8010151811079,918.8732299804688,1125500,0.0,0.0
2002-05-24 00:00:00+09:00,903.8372317175883,908.8492681226767,885.4597648989312,898.8251953125,398000,0.0,0.0
2002-05-27 00:00:00+09:00,898.8252325736628,898.8252325736628,878.7770861222056,892.1425170898438,137000,0.0,0.0
2002-05-28 00:00:00+09:00,897.1545165108039,898.8251953125,882.1184072955391,898.8251953125,137000,0.0,0.0
2002-05-29 00:00:00+09:00,887.130496002907,892.1425327034884,853.716917999031,862.0703125,159000,0.0,0.0
2002-05-30 00:00:00+09:00,877.1064441608933,890.471875690964,865.4116915720814,885.4598388671875,260000,0.0,0.0
2002-05-31 00:00:00+09:00,878.7771254319412,885.4598412146936,868.7530517578125,868.7530517578125,273000,0.0,0.0
2002-06-03 00:00:00+09:00,870.4236815003143,883.7891123103,870.4236815003143,872.0943603515625,154000,0.0,0.0
2002-06-04 00:00:00+09:00,880.4476193963914,880.4476193963914,858.7287976655506,877.1062622070312,106500,0.0,0.0
2002-06-05 00:00:00+09:00,877.1064226017442,882.1184593023256,862.0703125,862.0703125,155500,0.0,0.0
2002-06-06 00:00:00+09:00,863.7409185984778,868.7529548766122,842.0220947265625,842.0220947265625,261000,0.0,0.0
2002-06-07 00:00:00+09:00,826.9859619140625,843.6927490234375,825.3152832031251,843.6927490234375,274000,0.0,0.0
2002-06-10 00:00:00+09:00,843.6928841032354,843.6928841032354,831.9981312542798,838.6808471679688,220000,0.0,0.0
2002-06-11 00:00:00+09:00,847.0342998504639,860.3997325897217,847.0342998504639,855.3876953125,171000,0.0,0.0
2002-06-12 00:00:00+09:00,857.0581410623982,857.0581410623982,828.6566042240731,833.6686401367188,196500,0.0,0.0
2002-06-13 00:00:00+09:00,835.3393931447723,837.0100719310619,810.2792113504291,811.9498901367188,193500,0.0,0.0
2002-06-14 00:00:00+09:00,811.9497427406152,818.6324566726367,803.5963503255883,805.2670288085938,480000,0.0,0.0
2002-06-17 00:00:00+09:00,805.2671511375298,813.620544821529,785.2190062959315,788.5603637695312,229500,0.0,0.0
2002-06-18 00:00:00+09:00,796.9137938431617,803.5965090955152,795.2431150300732,798.58447265625,179000,0.0,0.0
2002-06-19 00:00:00+09:00,798.5845466694078,801.9259046052631,793.572509765625,793.572509765625,198500,0.0,0.0
2002-06-20 00:00:00+09:00,801.9257321147799,801.9257321147799,788.5603032462002,796.9136962890625,125500,0.0,0.0
2002-06-21 00:00:00+09:00,791.9018686865545,795.2432267822784,785.2191524951068,786.8898315429688,158000,0.0,0.0
2002-06-24 00:00:00+09:00,790.2311518297697,796.9138677014802,781.8777569901315,793.572509765625,233500,0.0,0.0
2002-06-25 00:00:00+09:00,801.9257321147799,808.6084465490698,795.2430176804901,796.9136962890625,85500,0.0,0.0
2002-06-26 00:00:00+09:00,805.2670773824055,820.3031846364339,798.5843630472818,801.9257202148438,348500,0.0,0.0
2002-06-27 00:00:00+09:00,793.5724238595943,810.2792117303226,793.5724238595943,803.5964965820312,169500,0.0,0.0
2002-06-28 00:00:00+09:00,823.6447005890564,843.6928474593782,821.9740216831962,837.0101318359375,378500,0.0,0.0
2002-07-01 00:00:00+09:00,868.7528680597694,868.7528680597694,850.3754035431205,860.3994750976562,442000,0.0,0.0
2002-07-02 00:00:00+09:00,868.7528680597694,868.7528680597694,855.3874393203884,860.3994750976562,260000,0.0,0.0
2002-07-03 00:00:00+09:00,860.3994750976562,863.7408322825015,847.0340463582752,860.3994750976562,181500,0.0,0.0
2002-07-04 00:00:00+09:00,862.0703125,865.4116703003876,853.716917999031,862.0703125,152500,0.0,0.0
2002-07-05 00:00:00+09:00,862.0700539699473,862.0700539699473,848.7046267766146,850.3753051757812,263000,0.0,0.0
2002-07-08 00:00:00+09:00,863.7408935546875,877.1063232421875,852.046142578125,852.046142578125,327500,0.0,0.0
2002-07-09 00:00:00+09:00,865.4115961720227,883.7890625,865.4115961720227,883.7890625,444500,0.0,0.0
2002-07-10 00:00:00+09:00,873.7649285579935,878.7769644770641,858.7288208007812,858.7288208007812,120500,0.0,0.0
2002-07-11 00:00:00+09:00,875.435546875,878.7769039241412,870.4235113012882,875.435546875,300500,0.0,0.0
2002-07-12 00:00:00+09:00,868.7530271563099,877.1064216481975,858.7289537660448,870.4237060546875,250500,0.0,0.0
2002-07-15 00:00:00+09:00,870.4234733434258,870.4234733434258,865.4114379882812,865.4114379882812,94000,0.0,0.0
2002-07-16 00:00:00+09:00,875.4357846932581,875.4357846932581,838.6808471679688,838.6808471679688,155500,0.0,0.0
2002-07-17 00:00:00+09:00,838.6807005855453,853.7168087633738,830.3273071534184,831.9979858398438,187500,0.0,0.0
2002-07-18 00:00:00+09:00,855.3875248015873,855.3875248015873,842.0220947265625,842.0220947265625,82000,0.0,0.0
2002-07-19 00:00:00+09:00,828.6566042240731,843.69271196201,813.6204964861363,833.6686401367188,98500,0.0,0.0
2002-07-22 00:00:00+09:00,842.0219131799485,855.387340373281,835.3391995832822,850.3753051757812,104000,0.0,0.0
2002-07-23 00:00:00+09:00,850.3755881347656,850.3755881347656,833.6687985839843,835.3394775390625,95500,0.0,0.0
2002-07-24 00:00:00+09:00,828.6565794665404,840.3513295799795,825.3152222912721,826.9859008789062,117500,0.0,0.0
2002-07-25 00:00:00+09:00,838.6806881812311,840.3513668429467,828.6566162109375,828.6566162109375,76000,0.0,0.0
2002-07-26 00:00:00+09:00,828.6567152207392,835.3394306660678,813.62060546875,813.62060546875,158500,0.0,0.0
2002-07-29 00:00:00+09:00,820.3032708546473,852.0461672828311,818.6325920952692,842.0220947265625,210500,0.0,0.0
2002-07-30 00:00:00+09:00,835.3392938170771,835.3392938170771,818.6325079407355,826.9859008789062,137000,0.0,0.0
2002-07-31 00:00:00+09:00,826.9859373011075,830.3272946235362,813.6205080113925,820.30322265625,186000,0.0,0.0
2002-08-01 00:00:00+09:00,815.291259765625,823.6446538206006,813.6205809546299,815.291259765625,163000,0.0,0.0
2002-08-02 00:00:00+09:00,816.961827468872,816.961827468872,795.24300587972,801.9257202148438,327500,0.0,0.0
2002-08-05 00:00:00+09:00,805.2670288085938,815.291099706626,803.5963503255883,805.2670288085938,437500,0.0,0.0
2002-08-06 00:00:00+09:00,810.2793215917161,816.9620376460808,805.2672845509427,808.608642578125,156500,0.0,0.0
2002-08-07 00:00:00+09:00,823.6446044921876,831.9979980468751,818.632568359375,818.632568359375,243000,0.0,0.0
2002-08-08 00:00:00+09:00,823.6445679452256,837.0099970396714,823.6445679452256,825.3152465820312,96500,0.0,0.0
2002-08-09 00:00:00+09:00,842.0222051248132,842.0222051248132,826.986094319013,838.6808471679688,60500,0.0,0.0
2002-08-12 00:00:00+09:00,838.6808471679688,847.0342420600799,830.3274522758575,838.6808471679688,231500,0.0,0.0
2002-08-13 00:00:00+09:00,838.6808354492188,843.6928723144531,833.6687985839843,835.3394775390625,168000,0.0,0.0
2002-08-14 00:00:00+09:00,837.0098779824488,850.3753051757812,835.3391995832822,850.3753051757812,116000,0.0,0.0
2002-08-15 00:00:00+09:00,843.692591579115,858.728697171614,843.692591579115,850.3753051757812,270000,0.0,0.0
2002-08-16 00:00:00+09:00,858.7288088770854,865.4115233430549,857.058130260593,863.7408447265625,263000,0.0,0.0
2002-08-19 00:00:00+09:00,863.7409178746689,867.082275390625,860.3995603587126,867.082275390625,184500,0.0,0.0
2002-08-20 00:00:00+09:00,868.7529176654238,882.1183471679688,868.7529176654238,882.1183471679688,677500,0.0,0.0
2002-08-21 00:00:00+09:00,885.4597767017506,912.1906378851997,885.4597767017506,902.1665649414062,978500,0.0,0.0
2002-08-22 00:00:00+09:00,878.7771231021521,902.166628279776,863.7410126308225,885.4598388671875,444500,0.0,0.0
2002-08-23 00:00:00+09:00,885.4598388671875,885.4598388671875,885.4598388671875,885.4598388671875,0,0.0,0.0
2002-08-26 00:00:00+09:00,845.3633689081101,877.1062622070312,845.3633689081101,877.1062622070312,316000,0.0,0.0
2002-08-27 00:00:00+09:00,860.3994874935777,870.423559192532,858.7288088770854,863.7408447265625,280500,0.0,0.0
2002-08-28 00:00:00+09:00,877.1061871502851,877.1061871502851,860.3994026331368,865.4114379882812,150500,0.0,0.0
2002-08-29 00:00:00+09:00,872.0942992005901,890.4717652756982,863.7409055300863,880.4476928710938,563000,0.0,0.0
2002-08-30 00:00:00+09:00,895.4837412162934,923.8852777847206,892.142383972949,913.8612060546875,1556500,0.0,0.0
2002-09-02 00:00:00+09:00,912.1907205409522,933.9095472204987,905.5080046395533,925.55615234375,633000,0.0,0.0
2002-09-03 00:00:00+09:00,912.1906747306782,918.8733902964707,898.8252435990931,903.8372802734375,433000,0.0,0.0
2002-09-04 00:00:00+09:00,885.4596551804316,885.4596551804316,872.094226422991,877.1062622070312,448000,0.0,0.0
2002-09-05 00:00:00+09:00,882.1182744085452,900.4957384587232,873.7648816584642,887.1303100585938,561000,0.0,0.0
2002-09-06 00:00:00+09:00,887.1304555257162,903.8372437653719,887.1304555257162,902.1665649414062,332000,0.0,0.0
2002-09-09 00:00:00+09:00,918.8733279050052,918.8733279050052,910.5199340149597,912.1906127929688,256500,0.0,0.0
2002-09-10 00:00:00+09:00,912.1907729257956,918.8734892109663,895.483982212869,905.508056640625,158000,0.0,0.0
2002-09-11 00:00:00+09:00,892.1425854359261,920.5441284179688,892.1425854359261,920.5441284179688,686500,0.0,0.0
2002-09-12 00:00:00+09:00,925.5561255530973,948.9456305309734,920.5440887721238,943.93359375,714500,0.0,0.0
2002-09-13 00:00:00+09:00,942.2626846420181,965.6521839061817,928.8972564910675,955.6281127929688,780500,0.0,0.0
2002-09-16 00:00:00+09:00,955.6281127929688,955.6281127929688,955.6281127929688,955.6281127929688,0,0.0,0.0
2002-09-17 00:00:00+09:00,955.62822265625,968.99365234375,948.9455078125001,968.99365234375,627000,0.0,0.0
2002-09-18 00:00:00+09:00,967.3229499151242,995.7244873046875,953.9575205553298,995.7244873046875,844000,0.0,0.0
2002-09-19 00:00:00+09:00,979.017724609375,994.0538330078125,935.580078125,952.286865234375,1102500,0.0,0.0
2002-09-20 00:00:00+09:00,952.2869401859853,958.9696555557115,930.5681152343751,930.568115234375,486000,0.0,0.0
2002-09-23 00:00:00+09:00,930.5681152343751,930.5681152343751,930.5681152343751,930.568115234375,0,0.0,0.0
2002-09-24 00:00:00+09:00,932.2385288292253,948.9453125,925.5558153609155,948.9453125,375000,0.0,0.0
2002-09-25 00:00:00+09:00,932.238757128384,948.9455448905414,928.8973995759526,937.2507934570312,197500,0.0,0.0
2002-09-26 00:00:00+09:00,938.9212165994848,947.2746082062417,938.9212165994848,942.2625732421875,216500,0.0,0.0
2002-09-27 00:00:00+09:00,943.933363160887,968.9935409439194,943.933363160887,955.6281127929688,436000,0.0,0.0
2002-09-30 00:00:00+09:00,943.9335709167041,943.9335709167041,923.8854242777653,928.8974609375,207000,0.0,0.0
2002-10-01 00:00:00+09:00,927.2267820509218,932.2388187106565,920.5440665046088,928.8974609375,382000,0.0,0.0
2002-10-02 00:00:00+09:00,937.2508553703912,950.6162864630171,928.8974609375,928.8974609375,116500,0.0,0.0
2002-10-03 00:00:00+09:00,928.897437054178,935.5801524286685,918.8733639924423,922.2147216796875,211500,0.0,0.0
2002-10-04 00:00:00+09:00,918.8733163988658,918.8733163988658,872.094311200378,883.7890625,431500,0.0,0.0
2002-10-07 00:00:00+09:00,868.7530517578125,877.106446486253,862.0703359750602,868.7530517578125,292500,0.0,0.0
2002-10-08 00:00:00+09:00,877.1064996281896,910.5200805664062,877.1064996281896,910.5200805664062,457000,0.0,0.0
2002-10-09 00:00:00+09:00,912.1908654321597,930.5683370800605,898.8254315064139,923.8856201171875,640000,0.0,0.0
2002-10-10 00:00:00+09:00,927.2265510148899,932.2385864257812,910.5197663119189,932.2385864257812,322500,0.0,0.0
2002-10-11 00:00:00+09:00,933.9093994140626,968.99365234375,927.2266845703125,968.99365234375,335500,0.0,0.0
2002-10-14 00:00:00+09:00,968.99365234375,968.99365234375,968.99365234375,968.99365234375,0,0.0,0.0
2002-10-15 00:00:00+09:00,968.9936770130117,975.6763920268946,948.9455319713633,958.9696044921875,310000,0.0,0.0
2002-10-16 00:00:00+09:00,960.6402587890625,960.6402587890625,930.5680419921875,935.580078125,324500,0.0,0.0
2002-10-17 00:00:00+09:00,928.8974949535659,957.2990370654555,928.8974949535659,947.2749633789062,164000,0.0,0.0
2002-10-18 00:00:00+09:00,952.2867557552311,967.3228624250505,952.2867557552311,955.6281127929688,181500,0.0,0.0
2002-10-21 00:00:00+09:00,952.2870002221808,963.9817528564884,942.2629265356315,947.2749633789062,237000,0.0,0.0
2002-10-22 00:00:00+09:00,947.2748671311599,947.2748671311599,912.1906127929688,912.1906127929688,261500,0.0,0.0
2002-10-23 00:00:00+09:00,910.520093854503,927.2268845674297,888.8012659276983,905.508056640625,303500,0.0,0.0
2002-10-24 00:00:00+09:00,905.5080046395533,927.2268313190998,902.1666466888538,925.55615234375,141000,0.0,0.0
2002-10-25 00:00:00+09:00,927.226806640625,932.2388434332771,908.8493384009009,927.226806640625,156500,0.0,0.0
2002-10-28 00:00:00+09:00,917.2025750041671,917.2025750041671,893.8130740022393,900.4957885742188,174000,0.0,0.0
2002-10-29 00:00:00+09:00,893.8131589074118,898.8251953125,887.1304437006273,898.8251953125,97000,0.0,0.0
2002-10-30 00:00:00+09:00,888.800766102589,922.2143287380246,888.800766102589,915.5316162109375,334000,0.0,0.0
2002-10-31 00:00:00+09:00,907.1786639347255,907.1786639347255,893.813232421875,893.813232421875,175500,0.0,0.0
2002-11-01 00:00:00+09:00,910.5201053619385,910.5201053619385,897.1546726226807,908.8494262695312,79000,0.0,0.0
2002-11-04 00:00:00+09:00,908.8494262695312,908.8494262695312,908.8494262695312,908.8494262695312,0,0.0,0.0
2002-11-05 00:00:00+09:00,910.5198974609375,952.286865234375,910.5198974609375,952.286865234375,321000,0.0,0.0
2002-11-06 00:00:00+09:00,942.2625732421875,947.2746082062417,927.2264683500249,942.2625732421875,268000,0.0,0.0
2002-11-07 00:00:00+09:00,942.2629265356315,947.2749633789062,925.5561370580494,947.2749633789062,147500,0.0,0.0
2002-11-08 00:00:00+09:00,927.226757549512,942.262867131396,922.2147210222173,930.568115234375,139500,0.0,0.0
2002-11-11 00:00:00+09:00,922.2147490088619,922.2147490088619,892.142528932486,895.48388671875,199000,0.0,0.0
2002-11-12 00:00:00+09:00,912.1907844543457,922.2148590087891,903.8373889923096,908.8494262695312,120500,0.0,0.0
2002-11-13 00:00:00+09:00,902.1666738604972,912.1907480145027,898.825315809162,907.1787109375,116500,0.0,0.0
2002-11-14 00:00:00+09:00,898.825315809162,907.1787109375,895.4839577578268,907.1787109375,145000,0.0,0.0
2002-11-15 00:00:00+09:00,907.178747177124,922.2148590087891,903.8373889923096,908.8494262695312,118000,0.0,0.0
2002-11-18 00:00:00+09:00,908.8492312323779,908.8492312323779,887.1304076918982,888.8010864257812,177500,0.0,0.0
2002-11-19 00:00:00+09:00,887.1303832314231,893.8130979826956,855.3874881628788,882.1183471679688,208500,0.0,0.0
2002-11-20 00:00:00+09:00,882.1183716051945,888.8010865415976,870.4236204664893,880.4476928710938,197500,0.0,0.0
2002-11-21 00:00:00+09:00,877.1062387584966,887.1303100585938,863.7408103583672,887.1303100585938,244000,0.0,0.0
2002-11-22 00:00:00+09:00,887.1303225404549,890.4716796875,867.0821796581848,890.4716796875,239500,0.0,0.0
2002-11-25 00:00:00+09:00,873.7651842936816,885.4599381943619,868.7531469076758,878.7772216796875,259000,0.0,0.0
2002-11-26 00:00:00+09:00,875.435718054059,888.8011488640445,865.4116449465697,872.0943603515625,291500,0.0,0.0
2002-11-27 00:00:00+09:00,872.094406213493,893.813232421875,872.094406213493,893.813232421875,218500,0.0,0.0
2002-11-28 00:00:00+09:00,897.1545903000876,902.1666271174065,885.4598377263435,893.813232421875,215000,0.0,0.0
2002-11-29 00:00:00+09:00,907.1784915679987,915.5318846763597,898.8250984596377,913.8612060546875,219000,0.0,0.0
2002-12-02 00:00:00+09:00,913.8612060546875,913.8612060546875,913.8612060546875,913.8612060546875,0,0.0,0.0
2002-12-03 00:00:00+09:00,870.4236672860605,902.1665649414062,870.4236672860605,902.1665649414062,402500,0.0,0.0
2002-12-04 00:00:00+09:00,902.1666853318521,913.8614386602279,887.1305739096546,910.5200805664062,261500,0.0,0.0
2002-12-05 00:00:00+09:00,912.1905155806108,920.5439085804333,910.5198369806463,918.8732299804688,531500,0.0,0.0
2002-12-06 00:00:00+09:00,913.8612177181774,913.8612177181774,890.4717167162497,900.4957885742188,250500,0.0,0.0
2002-12-09 00:00:00+09:00,887.1304076918982,898.8251588290796,878.7770140224831,888.8010864257812,313500,0.0,0.0
2002-12-10 00:00:00+09:00,883.7891587872372,902.1666271174065,882.1184798481308,893.813232421875,278000,0.0,0.0
2002-12-11 00:00:00+09:00,902.1661911567633,917.2022943427094,902.1661911567633,915.5316162109375,308500,0.0,0.0
2002-12-12 00:00:00+09:00,913.8612060546875,920.5439205413762,910.5198488113431,913.8612060546875,343000,0.0,0.0
2002-12-13 00:00:00+09:00,930.5682291293364,935.5802662700688,910.5200805664062,910.5200805664062,807000,0.0,0.0
2002-12-16 00:00:00+09:00,918.8734364423511,927.2268313190998,915.5320784916516,925.55615234375,225000,0.0,0.0
2002-12-17 00:00:00+09:00,927.2266845703125,938.921435546875,920.5439697265625,935.580078125,463500,0.0,0.0
2002-12-18 00:00:00+09:00,918.8733902964707,935.580179210952,902.1666013819894,903.8372802734375,758000,0.0,0.0
2002-12-19 00:00:00+09:00,900.4957653808593,918.8732299804688,900.4957653808593,918.8732299804688,284000,0.0,0.0
2002-12-20 00:00:00+09:00,920.5440421797857,935.5801517616698,918.8733633373541,930.568115234375,534500,0.0,0.0
2002-12-23 00:00:00+09:00,930.5681152343751,930.5681152343751,930.5681152343751,930.568115234375,0,0.0,0.0
2002-12-24 00:00:00+09:00,933.9095472204987,935.5802261958485,918.8734364423511,925.55615234375,340500,0.0,0.0
2002-12-25 00:00:00+09:00,908.8494262695312,918.8735008239746,903.8373889923096,908.8494262695312,210000,0.0,0.0
2002-12-26 00:00:00+09:00,912.1907205409522,933.9095472204987,910.5200415656025,925.55615234375,67000,0.0,0.0
2002-12-27 00:00:00+09:00,927.2268401776101,952.2870250472753,927.2268401776101,945.6043090820312,123500,0.0,0.0
2002-12-30 00:00:00+09:00,945.604150390625,952.286865234375,943.9334716796875,952.286865234375,48500,0.0,0.0
2002-12-31 00:00:00+09:00,952.286865234375,952.286865234375,952.286865234375,952.286865234375,0,0.0,0.0
2003-01-01 00:00:00+09:00,952.286865234375,952.286865234375,952.286865234375,952.286865234375,0,0.0,0.0
2003-01-02 00:00:00+09:00,952.286865234375,952.286865234375,952.286865234375,952.286865234375,0,0.0,0.0
2003-01-03 00:00:00+09:00,952.286865234375,952.286865234375,952.286865234375,952.286865234375,0,0.0,0.0
2003-01-06 00:00:00+09:00,952.286901473999,967.3230104446411,952.286901473999,962.3109741210938,100500,0.0,0.0
2003-01-07 00:00:00+09:00,967.3229984759447,967.3229984759447,947.2748534298112,950.6162109375,310000,0.0,0.0
2003-01-08 00:00:00+09:00,958.9694227571108,967.3228149414062,952.2867090096745,967.3228149414062,295500,0.0,0.0
2003-01-09 00:00:00+09:00,957.2989013671876,957.2989013671876,947.2748291015625,952.286865234375,156000,0.0,0.0
2003-01-10 00:00:00+09:00,952.286865234375,958.9695800781251,950.6161865234376,952.286865234375,224000,0.0,0.0
2003-01-13 00:00:00+09:00,952.286865234375,952.286865234375,952.286865234375,952.286865234375,0,0.0,0.0
2003-01-14 00:00:00+09:00,953.9577976273085,967.3232308690222,953.9577976273085,963.9818725585938,210000,0.0,0.0
2003-01-15 00:00:00+09:00,967.3230104446411,994.0538708368938,957.2989377975464,962.3109741210938,400500,0.0,0.0
2003-01-16 00:00:00+09:00,968.9937754755434,968.9937754755434,947.2749494735054,960.640380859375,157000,0.0,0.0
2003-01-17 00:00:00+09:00,953.9575926030078,960.6403077876173,953.9575926030078,957.2989501953125,175500,0.0,0.0
2003-01-20 00:00:00+09:00,940.5919206646126,957.2987043353874,938.9212422975352,948.9453125,331000,0.0,0.0
2003-01-21 00:00:00+09:00,952.2868896913445,962.3109622144113,948.9455321836556,950.6162109375,245500,0.0,0.0
2003-01-22 00:00:00+09:00,947.2748291015625,950.6161865234376,933.9093994140626,935.580078125,236500,0.0,0.0
2003-01-23 00:00:00+09:00,952.286865234375,952.286865234375,930.5680419921875,935.580078125,231500,0.0,0.0
2003-01-24 00:00:00+09:00,918.8729724744811,942.2624663192861,915.5316162109375,915.5316162109375,253000,0.0,0.0
2003-01-27 00:00:00+09:00,902.166575556216,932.2387947414232,902.166575556216,922.2147216796875,192000,0.0,0.0
2003-01-28 00:00:00+09:00,905.5081484692868,930.5683370800605,905.5081484692868,923.8856201171875,175000,0.0,0.0
2003-01-29 00:00:00+09:00,918.8733409328532,918.8733409328532,888.8011225023234,898.8251953125,223000,0.0,0.0
2003-01-30 00:00:00+09:00,888.8010864257812,905.5078737646118,882.1183714902492,888.8010864257812,148000,0.0,0.0
2003-01-31 00:00:00+09:00,900.4959493385171,903.8373072210347,877.1064441608933,885.4598388671875,313000,0.0,0.0
2003-02-03 00:00:00+09:00,900.495923398146,900.495923398146,880.447776680562,895.48388671875,130500,0.0,0.0
2003-02-04 00:00:00+09:00,912.1906611541582,922.2147343536544,902.166587954662,917.2026977539062,288000,0.0,0.0
2003-02-05 00:00:00+09:00,917.2029031543145,953.9578464501158,902.1667899878504,923.8856201171875,409500,0.0,0.0
2003-02-06 00:00:00+09:00,927.2268444137435,937.2509184074055,918.8734494190251,920.5441284179688,299000,0.0,0.0
2003-02-07 00:00:00+09:00,925.5561654147998,935.5802394084618,918.8734494190251,920.5441284179688,276500,0.0,0.0
2003-02-10 00:00:00+09:00,920.5439085804333,925.5559443803268,912.1905155806108,918.8732299804688,62500,0.0,0.0
2003-02-11 00:00:00+09:00,918.8732299804688,918.8732299804688,918.8732299804688,918.8732299804688,0,0.0,0.0
2003-02-12 00:00:00+09:00,948.9455078125001,952.286865234375,935.580078125,952.286865234375,228500,0.0,0.0
2003-02-13 00:00:00+09:00,935.580078125,950.6161865234376,932.2387207031251,935.580078125,257000,0.0,0.0
2003-02-14 00:00:00+09:00,952.2869862432065,972.3351333220108,943.933591627038,960.640380859375,434000,0.0,0.0
2003-02-17 00:00:00+09:00,952.2871406804675,975.6766493989351,952.2871406804675,970.6646118164062,374000,0.0,0.0
2003-02-18 00:00:00+09:00,960.640380859375,972.3351333220108,957.2990230129076,960.640380859375,307500,0.0,0.0
2003-02-19 00:00:00+09:00,952.2868896913445,957.2989259528779,940.5921384144333,950.6162109375,273000,0.0,0.0
2003-02-20 00:00:00+09:00,942.2629554042365,952.2870293978987,920.5441284179688,920.5441284179688,211000,0.0,0.0
2003-02-21 00:00:00+09:00,927.2265270144441,947.2746681390807,923.8851701603379,933.9092407226562,159500,0.0,0.0
2003-02-24 00:00:00+09:00,927.2267582105554,935.5801524286685,922.2147216796875,922.2147216796875,88500,0.0,0.0
2003-02-25 00:00:00+09:00,923.8853642390325,927.2267217950507,910.5199340149597,912.1906127929688,79500,0.0,0.0
2003-02-26 00:00:00+09:00,927.2266468621361,927.2266468621361,898.8251099312239,900.4957885742188,136000,0.0,0.0
2003-02-27 00:00:00+09:00,903.8371343246544,918.873241919704,903.8371343246544,913.8612060546875,198500,0.0,0.0
2003-02-28 00:00:00+09:00,915.5320188873236,923.8854132202371,915.5320188873236,917.2026977539062,122000,0.0,0.0
2003-03-03 00:00:00+09:00,908.8491701896709,915.5318846763597,900.4957770813099,913.8612060546875,149500,0.0,0.0
2003-03-04 00:00:00+09:00,925.5561654147998,925.5561654147998,912.1907334232503,920.5441284179688,145500,0.0,0.0
2003-03-05 00:00:00+09:00,920.5439205413762,940.5920640014425,913.8612060546875,913.8612060546875,204000,0.0,0.0
2003-03-06 00:00:00+09:00,923.8856201171875,932.2390163207787,918.8735823950327,923.8856201171875,159500,0.0,0.0
2003-03-07 00:00:00+09:00,907.1786380563337,915.5320325135744,902.1666013819894,903.8372802734375,186500,0.0,0.0
2003-03-10 00:00:00+09:00,905.5079105192845,910.5199469243727,890.4718013040196,898.8251953125,156000,0.0,0.0
2003-03-11 00:00:00+09:00,898.8251953125,925.5560561396376,875.4356920887546,898.8251953125,442500,0.0,0.0
2003-03-12 00:00:00+09:00,900.4958741141961,915.531983329461,885.4597648989312,898.8251953125,267000,0.0,0.0
2003-03-13 00:00:00+09:00,898.82513404615,902.1664914217862,880.4476684801506,882.1183471679688,194500,0.0,0.0
2003-03-14 00:00:00+09:00,903.8370955587555,910.5198097588203,885.4596315085776,887.1303100585938,393500,0.0,0.0
2003-03-17 00:00:00+09:00,902.166628279776,902.166628279776,885.4598388671875,885.4598388671875,132500,0.0,0.0
2003-03-18 00:00:00+09:00,893.813232421875,908.8493428738318,893.813232421875,893.813232421875,316500,0.0,0.0
2003-03-19 00:00:00+09:00,897.1545165108039,902.1665529158922,892.1424801057157,898.8251953125,242000,0.0,0.0
2003-03-20 00:00:00+09:00,915.5318454088689,927.2265952589821,885.4596315085776,887.1303100585938,371500,0.0,0.0
2003-03-21 00:00:00+09:00,887.1303100585938,887.1303100585938,887.1303100585938,887.1303100585938,0,0.0,0.0
2003-03-24 00:00:00+09:00,890.4717877229905,937.2507934570312,890.4717877229905,937.2507934570312,530500,0.0,0.0
2003-03-25 00:00:00+09:00,937.2506471681426,940.592004199045,908.8491124054716,938.9213256835938,290000,0.0,0.0
2003-03-26 00:00:00+09:00,934.2919364026798,946.0757986636145,920.8246652473259,939.3421630859375,226000,8.5,0.0
2003-03-27 00:00:00+09:00,946.0757483083306,957.8596099420643,939.3421130890542,949.4425659179688,179500,0.0,0.0
2003-03-28 00:00:00+09:00,949.4426976254111,961.2265608938117,944.3924705103824,959.5431518554688,164000,0.0,0.0
2003-03-31 00:00:00+09:00,930.9252915313278,956.1764296379642,929.2418823242188,929.2418823242188,197000,0.0,0.0
2003-04-01 00:00:00+09:00,934.2922351162357,939.3424634141612,927.5585973856682,932.6088256835938,131500,0.0,0.0
2003-04-02 00:00:00+09:00,937.6590069526064,951.1262817382812,925.875141515141,951.1262817382812,220500,0.0,0.0
2003-04-03 00:00:00+09:00,951.1262830323128,956.1765110838119,944.3926456303142,952.8096923828125,160000,0.0,0.0
2003-04-04 00:00:00+09:00,952.8095157020971,966.2767880088405,951.1261066637542,959.5431518554688,180000,0.0,0.0
2003-04-07 00:00:00+09:00,964.5936302649457,976.3774966032609,964.5936302649457,967.96044921875,130500,0.0,0.0
2003-04-08 00:00:00+09:00,967.9602601273465,974.6938967195367,956.1763960910135,961.2266235351562,246000,0.0,0.0
2003-04-09 00:00:00+09:00,966.27685546875,966.27685546875,956.1764005335366,966.27685546875,114000,0.0,0.0
2003-04-10 00:00:00+09:00,967.9604561521757,981.4277320638581,967.9604561521757,978.0609130859375,275000,0.0,0.0
2003-04-11 00:00:00+09:00,978.0607119595439,979.7441211023314,954.4929839605188,957.8598022460938,143500,0.0,0.0
2003-04-14 00:00:00+09:00,949.4429309363899,957.8599781964642,942.7092931283304,947.759521484375,212000,0.0,0.0
2003-04-15 00:00:00+09:00,944.3925170898436,957.8597900608219,944.3925170898436,944.3925170898438,254000,0.0,0.0
2003-04-16 00:00:00+09:00,942.7092859346948,951.1263331305403,905.6742782729747,937.6590576171875,380500,0.0,0.0
2003-04-17 00:00:00+09:00,920.8248887952867,932.6087539169814,914.0912515828898,919.1414794921875,316500,0.0,0.0
2003-04-18 00:00:00+09:00,939.3423375668733,956.1764296379642,929.2418823242188,929.2418823242188,241000,0.0,0.0
2003-04-21 00:00:00+09:00,946.075800423119,947.7592093206689,934.2919381402687,941.0255737304688,166500,0.0,0.0
2003-04-22 00:00:00+09:00,929.2418181818182,930.9252272727273,917.4579545454545,925.875,230000,0.0,0.0
2003-04-23 00:00:00+09:00,917.4581298828125,922.5083581206995,905.6742639944094,917.4581298828125,237500,0.0,0.0
2003-04-24 00:00:00+09:00,910.7244249131944,924.19169921875,909.041015625,909.041015625,200000,0.0,0.0
2003-04-25 00:00:00+09:00,917.458187539639,920.8250065764818,902.3075018738468,912.407958984375,298500,0.0,0.0
2003-04-28 00:00:00+09:00,909.0410803694751,919.1415368180249,907.3576709613835,914.09130859375,378500,0.0,0.0
2003-04-29 00:00:00+09:00,914.09130859375,914.09130859375,914.09130859375,914.09130859375,0,0.0,0.0
2003-04-30 00:00:00+09:00,910.7244329766913,924.1917074014852,910.7244329766913,919.1414794921875,287500,0.0,0.0
2003-05-01 00:00:00+09:00,925.8750752040319,949.4428043910435,920.8248475211008,942.7091674804688,180000,0.0,0.0
2003-05-02 00:00:00+09:00,942.7092859346948,942.7092859346948,927.558600982173,937.6590576171875,163000,0.0,0.0
2003-05-05 00:00:00+09:00,937.6590576171875,937.6590576171875,937.6590576171875,937.6590576171875,0,0.0,0.0
2003-05-06 00:00:00+09:00,937.6590576171875,944.392695373864,927.558600982173,937.6590576171875,213000,0.0,0.0
2003-05-07 00:00:00+09:00,942.7092097355769,942.7092097355769,919.1414794921875,919.1414794921875,196500,0.0,0.0
2003-05-08 00:00:00+09:00,907.3574352647967,925.87493394367,907.3574352647967,920.82470703125,226500,0.0,0.0
2003-05-09 00:00:00+09:00,922.5082953957951,922.5082953957951,907.3576117122875,915.774658203125,275500,0.0,0.0
2003-05-12 00:00:00+09:00,915.7745868249534,917.457995991911,902.3073134892924,903.99072265625,405000,0.0,0.0
2003-05-13 00:00:00+09:00,910.7244922322965,924.1917675333285,909.0410828196674,917.4581298828125,409500,0.0,0.0
2003-05-14 00:00:00+09:00,917.458187539639,924.1918256133245,910.7245494659536,912.407958984375,217500,0.0,0.0
2003-05-15 00:00:00+09:00,912.40783960679,919.1414767994601,910.7244303086226,915.774658203125,194000,0.0,0.0
2003-05-16 00:00:00+09:00,917.4581274099332,920.8249462261165,912.4078991856584,914.09130859375,216500,0.0,0.0
2003-05-19 00:00:00+09:00,917.4581108813015,917.4581108813015,885.4733327037883,892.2069702148438,349000,0.0,0.0
2003-05-20 00:00:00+09:00,890.5233223004368,903.9905937151882,888.8399133735928,897.2569580078125,243000,0.0,0.0
2003-05-21 00:00:00+09:00,893.8903795926076,898.9406077258992,890.5235608370799,892.2069702148438,239500,0.0,0.0
2003-05-22 00:00:00+09:00,897.2570360844678,897.2570360844678,845.0713548112624,850.12158203125,812000,0.0,0.0
2003-05-23 00:00:00+09:00,860.2220170475445,900.6238338951786,855.1717899415902,893.8901977539062,546500,0.0,0.0
2003-05-26 00:00:00+09:00,877.0562133789062,885.4732595725618,866.9557579465196,877.0562133789062,224000,0.0,0.0
2003-05-27 00:00:00+09:00,875.3728532791138,877.0562626123428,853.4885319471359,861.9055786132812,264500,0.0,0.0
2003-05-28 00:00:00+09:00,878.7396323464134,895.5737249200994,868.6391768022016,888.840087890625,367500,0.0,0.0
2003-05-29 00:00:00+09:00,902.3073784722222,919.1414713541667,900.6239691840278,909.041015625,600000,0.0,0.0
2003-05-30 00:00:00+09:00,920.8248419452915,935.9755249023438,917.458023510391,935.9755249023438,434500,0.0,0.0
2003-06-02 00:00:00+09:00,927.5585671478847,927.5585671478847,892.2069702148438,892.2069702148438,380000,0.0,0.0
2003-06-03 00:00:00+09:00,892.2067312272807,900.6237758615003,887.156504446749,897.2569580078125,387500,0.0,0.0
2003-06-04 00:00:00+09:00,902.3073784722222,909.041015625,897.2571506076389,909.041015625,223500,0.0,0.0
2003-06-05 00:00:00+09:00,909.0410087799357,912.4078273309726,898.9405531268254,900.6239624023438,413500,0.0,0.0
2003-06-06 00:00:00+09:00,900.6239771580958,920.8248887952867,900.6239771580958,919.1414794921875,213000,0.0,0.0
2003-06-09 00:00:00+09:00,922.5082899305555,922.5082899305555,892.2069227430555,909.041015625,412500,0.0,0.0
2003-06-10 00:00:00+09:00,909.0410169788297,917.4580634323374,903.9907891067252,910.7244262695312,177000,0.0,0.0
2003-06-11 00:00:00+09:00,910.7244922322965,924.1917675333285,910.7244922322965,917.4581298828125,364000,0.0,0.0
2003-06-12 00:00:00+09:00,917.4581997476478,934.2922951558614,914.0913806660051,930.9254760742188,338000,0.0,0.0
2003-06-13 00:00:00+09:00,947.7593181818181,947.7593181818181,919.1413636363636,925.875,453500,0.0,0.0
2003-06-16 00:00:00+09:00,939.3421630859375,944.3923897691952,930.9251186138413,939.3421630859375,309500,0.0,0.0
2003-06-17 00:00:00+09:00,939.3421130890542,949.4425659179688,932.6084778697779,949.4425659179688,292500,0.0,0.0
2003-06-18 00:00:00+09:00,944.3923395035115,956.1762011372451,944.3923395035115,949.4425659179688,306000,0.0,0.0
2003-06-19 00:00:00+09:00,941.0257525546946,949.4427986419458,935.9755249023438,935.9755249023438,222500,0.0,0.0
2003-06-20 00:00:00+09:00,941.0258269293148,956.1765110838119,941.0258269293148,952.8096923828125,204000,0.0,0.0
2003-06-23 00:00:00+09:00,954.4930754996634,998.261717409701,952.8096661954313,996.5783081054688,693000,0.0,0.0
2003-06-24 00:00:00+09:00,1001.6288419100638,1015.0961204567536,984.7947437267013,994.8952026367188,541500,0.0,0.0
2003-06-25 00:00:00+09:00,994.8947815454306,1010.0454634978992,979.7440995929622,1001.62841796875,441500,0.0,0.0
2003-06-26 00:00:00+09:00,1013.4123015152782,1026.8795746251158,1008.362074099089,1023.5127563476562,795000,0.0,0.0
2003-06-27 00:00:00+09:00,1026.8792618879183,1082.4317465474287,1026.8792618879183,1068.9644775390625,1112000,0.0,0.0
2003-06-30 00:00:00+09:00,1067.2813828352487,1067.2813828352487,1004.9952453511726,1011.7288818359375,443000,0.0,0.0
2003-07-01 00:00:00+09:00,1028.5633544921875,1036.9804032196193,1025.1965350012147,1028.5633544921875,371500,0.0,0.0
2003-07-02 00:00:00+09:00,1058.864001327686,1058.864001327686,1010.0451522998595,1048.7635498046875,637500,0.0,0.0
2003-07-03 00:00:00+09:00,1060.5476431497714,1060.5476431497714,1008.3619654709731,1035.2965087890625,445500,0.0,0.0
2003-07-04 00:00:00+09:00,1018.4626061224169,1043.7137451171875,1016.7791968560988,1043.7137451171875,275500,0.0,0.0
2003-07-07 00:00:00+09:00,1043.7133339974393,1043.7133339974393,1006.6783447265625,1006.6783447265625,392000,0.0,0.0
2003-07-08 00:00:00+09:00,1023.5125622923588,1031.929606390158,999.9448388185216,1013.412109375,405000,0.0,0.0
2003-07-09 00:00:00+09:00,984.7943769182477,993.211422874814,969.6436941964286,989.8446044921875,511500,0.0,0.0
2003-07-10 00:00:00+09:00,989.8444353142041,1026.879431193307,983.1107996998218,1003.3117065429688,491500,0.0,0.0
2003-07-11 00:00:00+09:00,1020.1461229668289,1033.613398517546,978.0608868708376,1026.8797607421875,566000,0.0,0.0
2003-07-14 00:00:00+09:00,1026.8795545561975,1028.5629636620274,979.7440995929622,1001.62841796875,470000,0.0,0.0
2003-07-15 00:00:00+09:00,996.5779379634535,1010.0452073953919,988.1608945684918,993.2111206054688,279500,0.0,0.0
2003-07-16 00:00:00+09:00,976.3773266392895,984.7943725585938,964.5934623522636,984.7943725585938,332000,0.0,0.0
2003-07-17 00:00:00+09:00,967.9602850051153,998.2616504487537,967.9602850051153,989.8446044921875,268500,0.0,0.0
2003-07-18 00:00:00+09:00,984.7943461568733,1030.246392902575,981.4275278794139,1023.5127563476562,728500,0.0,0.0
2003-07-21 00:00:00+09:00,1023.5127563476564,1023.5127563476564,1023.5127563476564,1023.5127563476562,0,0.0,0.0
2003-07-22 00:00:00+09:00,1006.6786514307701,1015.0956970112949,1001.6284240824551,1008.362060546875,274000,0.0,0.0
2003-07-23 00:00:00+09:00,1025.1963316021545,1025.1963316021545,991.5281433721985,999.9451904296875,437000,0.0,0.0
2003-07-24 00:00:00+09:00,998.2615793759061,999.9449884473663,973.0104433040028,979.7440795898438,460000,0.0,0.0
2003-07-25 00:00:00+09:00,973.0106776494565,973.0106776494565,959.5434018342391,967.96044921875,340000,0.0,0.0
2003-07-28 00:00:00+09:00,954.4931802404932,981.4277320638581,954.4931802404932,978.0609130859375,307500,0.0,0.0
2003-07-29 00:00:00+09:00,993.2112531213953,1018.4623866753291,981.4273907962262,1003.3117065429688,484000,0.0,0.0
2003-07-30 00:00:00+09:00,1003.3119412537139,1006.678759848525,991.528076171875,991.528076171875,140000,0.0,0.0
2003-07-31 00:00:00+09:00,988.1611481479664,1013.4122848127355,984.7943299259972,1004.9952392578125,285500,0.0,0.0
2003-08-01 00:00:00+09:00,1020.1457446532393,1020.1457446532393,1008.3618829163206,1013.412109375,185000,0.0,0.0
2003-08-04 00:00:00+09:00,1015.0957000783201,1020.1459274418938,1010.0454727147463,1011.7288818359375,186000,0.0,0.0
2003-08-05 00:00:00+09:00,1013.4122064905638,1015.0956154714452,988.1610717773439,988.1610717773438,172500,0.0,0.0
2003-08-06 00:00:00+09:00,989.8444672421471,999.9449209895159,971.3269687053041,974.6937866210938,185000,0.0,0.0
2003-08-07 00:00:00+09:00,984.7943299259972,1013.4122848127355,978.0606934820587,1004.9952392578125,204500,0.0,0.0
2003-08-08 00:00:00+09:00,1010.0455784433362,1016.7792156329584,986.4778482796584,991.528076171875,258000,0.0,0.0
2003-08-11 00:00:00+09:00,994.8947077008692,999.9449346435132,986.4776627964625,988.1610717773438,103500,0.0,0.0
2003-08-12 00:00:00+09:00,988.1613481254454,1033.6134033203125,988.1613481254454,1033.6134033203125,288000,0.0,0.0
2003-08-13 00:00:00+09:00,1035.2965188141607,1050.4471995772947,1018.4624290773451,1045.39697265625,340500,0.0,0.0
2003-08-14 00:00:00+09:00,1043.7135703125,1053.81402421875,1036.979934375,1052.130615234375,201500,0.0,0.0
2003-08-15 00:00:00+09:00,1050.4473876953125,1050.4473876953125,1050.4473876953125,1050.4473876953125,259500,0.0,0.0
2003-08-18 00:00:00+09:00,1052.1306627579318,1111.0499798723758,1052.1306627579318,1102.6329345703125,443000,0.0,0.0
2003-08-19 00:00:00+09:00,1136.301011481564,1161.5521450700433,1119.466922422578,1122.833740234375,683000,0.0,0.0
2003-08-20 00:00:00+09:00,1122.8339760646156,1124.5173853240829,1097.5828371726077,1112.7335205078125,352500,0.0,0.0
2003-08-21 00:00:00+09:00,1094.2158402272942,1134.6176558664558,1094.2158402272942,1114.416748046875,301500,0.0,0.0
2003-08-22 00:00:00+09:00,1111.050181131877,1144.7183684389036,1099.2663155744176,1124.5174560546875,278500,0.0,0.0
2003-08-25 00:00:00+09:00,1132.9342468814907,1132.9342468814907,1114.416748046875,1114.416748046875,140500,0.0,0.0
2003-08-26 00:00:00+09:00,1124.517399112798,1139.6680826337788,1119.467171272471,1129.567626953125,196000,0.0,0.0
2003-08-27 00:00:00+09:00,1119.4671519379638,1127.8841981931364,1105.9998779296875,1105.9998779296875,298000,0.0,0.0
2003-08-28 00:00:00+09:00,1104.3163744212964,1143.0347838903356,1095.8993288845486,1136.3011474609375,353500,0.0,0.0
2003-08-29 00:00:00+09:00,1144.7183104741057,1146.4017197542148,1119.467171272471,1129.567626953125,346000,0.0,0.0
2003-09-01 00:00:00+09:00,1144.7182201479077,1175.0195847988816,1141.3514018533551,1166.6025390625,494000,0.0,0.0
2003-09-02 00:00:00+09:00,1132.9342277338064,1161.5521799945413,1132.9342277338064,1156.501953125,310000,0.0,0.0
2003-09-03 00:00:00+09:00,1137.9846593998204,1149.7685242160908,1102.6330649510094,1112.7335205078125,329000,0.0,0.0
2003-09-04 00:00:00+09:00,1111.0502907425437,1121.1507479311124,1106.0000621482595,1107.6834716796875,228500,0.0,0.0
2003-09-05 00:00:00+09:00,1107.6832304983427,1119.4670946525805,1099.2661846738872,1111.050048828125,451000,0.0,0.0
2003-09-08 00:00:00+09:00,1111.0501630590597,1116.1003910729644,1099.2662976932818,1100.94970703125,302000,0.0,0.0
2003-09-09 00:00:00+09:00,1124.5172837094906,1144.718192997685,1112.733419958044,1136.3011474609375,323500,0.0,0.0
2003-09-10 00:00:00+09:00,1136.3011505262186,1178.386378323486,1127.884104966765,1139.66796875,448500,0.0,0.0
2003-09-11 00:00:00+09:00,1139.6682504793494,1146.4018885914872,1097.583012278487,1104.316650390625,337000,0.0,0.0
2003-09-12 00:00:00+09:00,1153.1357256667059,1153.1357256667059,1117.7841194783834,1119.467529296875,432500,0.0,0.0
2003-09-15 00:00:00+09:00,1119.467529296875,1119.467529296875,1119.467529296875,1119.467529296875,0,0.0,0.0
2003-09-16 00:00:00+09:00,1131.2507287779852,1139.6677728909165,1117.7834581972947,1127.8839111328125,215000,0.0,0.0
2003-09-17 00:00:00+09:00,1153.135509463523,1173.3364234979204,1136.3014144348583,1169.9696044921875,472000,0.0,0.0
2003-09-18 00:00:00+09:00,1169.9690609470138,1176.7026958301622,1156.5017911807172,1175.019287109375,528500,0.0,0.0
2003-09-19 00:00:00+09:00,1175.0196419978488,1183.436688143965,1144.7182758718297,1161.5523681640625,818000,0.0,0.0
2003-09-22 00:00:00+09:00,1161.5524225165373,1161.5524225165373,1146.4017387445824,1153.1353759765625,196000,0.0,0.0
2003-09-23 00:00:00+09:00,1153.1353759765625,1153.1353759765625,1153.1353759765625,1153.1353759765625,0,0.0,0.0
2003-09-24 00:00:00+09:00,1153.1353759765625,1175.0196969804972,1141.3515108205975,1153.1353759765625,352500,0.0,0.0
2003-09-25 00:00:00+09:00,1166.6025145402511,1166.6025145402511,1139.66796875,1139.66796875,217000,0.0,0.0
2003-09-26 00:00:00+09:00,1139.6677002303902,1171.6524658203125,1116.0999782167632,1171.6524658203125,352500,0.0,0.0
2003-09-29 00:00:00+09:00,1173.3362876725023,1173.3362876725023,1153.1353759765625,1153.1353759765625,218500,0.0,0.0
2003-09-30 00:00:00+09:00,1168.2860246138139,1191.8537542169745,1161.5523875843394,1185.1201171875,329500,0.0,0.0
2003-10-01 00:00:00+09:00,1183.4365332513335,1198.5872143313647,1180.0697152335485,1193.5369873046875,387000,0.0,0.0
2003-10-02 00:00:00+09:00,1195.22021484375,1225.521572403169,1178.3861273107395,1195.22021484375,475500,0.0,0.0
2003-10-03 00:00:00+09:00,1212.0542851509208,1233.9385986328125,1200.270424045287,1233.9385986328125,266000,0.0,0.0
2003-10-06 00:00:00+09:00,1242.3561388944836,1254.1400047105558,1228.888863676115,1240.6727294921875,318000,0.0,0.0
2003-10-07 00:00:00+09:00,1247.4061310512702,1254.1397673862298,1240.6724947163107,1250.77294921875,243500,0.0,0.0
2003-10-08 00:00:00+09:00,1233.9390351166596,1262.5569936391469,1227.205397817251,1245.722900390625,727000,0.0,0.0
2003-10-09 00:00:00+09:00,1228.8884834803773,1230.5718923618574,1207.0041680211377,1223.8382568359375,374000,0.0,0.0
2003-10-10 00:00:00+09:00,1222.1551486695012,1242.3560602177572,1213.738102191061,1218.788330078125,430500,0.0,0.0
2003-10-13 00:00:00+09:00,1218.788330078125,1218.788330078125,1218.788330078125,1218.788330078125,0,0.0,0.0
2003-10-14 00:00:00+09:00,1235.6224861934268,1242.3561237203664,1220.4718017578125,1220.4718017578125,245500,0.0,0.0
2003-10-15 00:00:00+09:00,1244.039445290394,1284.441267600231,1238.9892175016646,1264.2403564453125,562000,0.0,0.0
2003-10-16 00:00:00+09:00,1277.7073940745747,1284.4410298799744,1270.973758269175,1274.340576171875,250000,0.0,0.0
2003-10-17 00:00:00+09:00,1262.5567135124256,1277.7073940745747,1262.5567135124256,1274.340576171875,206000,0.0,0.0
2003-10-20 00:00:00+09:00,1276.0242971184998,1284.4413439332657,1245.7229285853427,1282.7579345703125,242500,0.0,0.0
2003-10-21 00:00:00+09:00,1291.1749158213418,1291.1749158213418,1259.190139549366,1277.7076416015625,184000,0.0,0.0
2003-10-22 00:00:00+09:00,1277.707613520435,1277.707613520435,1228.8887455466636,1244.0394287109375,180500,0.0,0.0
2003-10-23 00:00:00+09:00,1208.6878295192828,1232.2555587856755,1164.919189453125,1164.919189453125,362500,0.0,0.0
2003-10-24 00:00:00+09:00,1200.2706800250087,1208.6877254669794,1178.3863618758853,1188.48681640625,287500,0.0,0.0
2003-10-27 00:00:00+09:00,1205.3210916722076,1217.1049570935838,1186.8035888671875,1186.8035888671875,152000,0.0,0.0
2003-10-28 00:00:00+09:00,1203.6375347816781,1235.6223084332191,1203.6375347816781,1228.888671875,151500,0.0,0.0
2003-10-29 00:00:00+09:00,1232.2556283955946,1254.1399496649153,1232.2556283955946,1249.0897216796875,123500,0.0,0.0
2003-10-30 00:00:00+09:00,1250.7731859059638,1255.8234141128519,1235.6225012852994,1240.6727294921875,110500,0.0,0.0
2003-10-31 00:00:00+09:00,1207.0043319616902,1228.8886503933527,1205.3209228515625,1205.3209228515625,195500,0.0,0.0
2003-11-03 00:00:00+09:00,1205.3209228515625,1205.3209228515625,1205.3209228515625,1205.3209228515625,0,0.0,0.0
2003-11-04 00:00:00+09:00,1207.0044859190245,1252.4565376900339,1207.0044859190245,1245.722900390625,220000,0.0,0.0
2003-11-05 00:00:00+09:00,1262.5568128049295,1262.5568128049295,1240.6724947163107,1250.77294921875,200500,0.0,0.0
2003-11-06 00:00:00+09:00,1262.557028397731,1262.557028397731,1195.2206535498522,1210.371337890625,279000,0.0,0.0
2003-11-07 00:00:00+09:00,1227.205620340363,1227.205620340363,1196.9042469986257,1215.4217529296875,152500,0.0,0.0
2003-11-10 00:00:00+09:00,1215.4213775123296,1215.4213775123296,1176.7029679793884,1205.3209228515625,294500,0.0,0.0
2003-11-11 00:00:00+09:00,1205.3214683049841,1207.0048781769185,1188.4873695856406,1196.9044189453125,419500,0.0,0.0
2003-11-12 00:00:00+09:00,1208.687936085668,1254.1399893925109,1208.687936085668,1220.4718017578125,349500,0.0,0.0
2003-11-13 00:00:00+09:00,1220.4717941178067,1220.4717941178067,1203.637700405837,1210.371337890625,153000,0.0,0.0
2003-11-14 00:00:00+09:00,1210.3712700167957,1233.938999891949,1195.220586525626,1201.9542236328125,181000,0.0,0.0
2003-11-17 00:00:00+09:00,1201.954146362131,1218.7882380478752,1178.3864180020894,1183.4366455078125,276500,0.0,0.0
2003-11-18 00:00:00+09:00,1208.6879103640292,1208.6879103640292,1178.3865421376331,1186.8035888671875,317000,0.0,0.0
2003-11-19 00:00:00+09:00,1178.3864990914433,1227.2053683395172,1178.3864990914433,1208.6878662109375,440500,0.0,0.0
2003-11-20 00:00:00+09:00,1212.0549336694944,1225.5222107102666,1195.2208373685291,1215.4217529296875,350500,0.0,0.0
2003-11-21 00:00:00+09:00,1215.4217529296875,1230.5724396005562,1208.6881144093013,1215.4217529296875,231500,0.0,0.0
2003-11-24 00:00:00+09:00,1215.4217529296875,1215.4217529296875,1215.4217529296875,1215.4217529296875,0,0.0,0.0
2003-11-25 00:00:00+09:00,1210.3711653780344,1242.3559388720298,1210.3711653780344,1222.155029296875,214500,0.0,0.0
2003-11-26 00:00:00+09:00,1225.5218129626514,1255.8231764699697,1225.5218129626514,1250.77294921875,262000,0.0,0.0
2003-11-27 00:00:00+09:00,1233.9390664838847,1242.3561133221103,1188.487013557466,1207.0045166015625,812000,0.0,0.0
2003-11-28 00:00:00+09:00,1186.8034073178558,1200.2706800250087,1178.3863618758853,1188.48681640625,538000,0.0,0.0
2003-12-01 00:00:00+09:00,1205.3212357095003,1225.522150274464,1178.3866829562153,1217.1051025390625,488000,0.0,0.0
2003-12-02 00:00:00+09:00,1250.7730175977083,1276.0241552342704,1242.3559717188543,1259.1900634765625,720000,0.0,0.0
2003-12-03 00:00:00+09:00,1228.8887858522532,1245.7228788091334,1203.637646416933,1218.788330078125,398500,0.0,0.0
2003-12-04 00:00:00+09:00,1225.52197265625,1230.5722005655477,1220.4717447469523,1225.52197265625,237000,0.0,0.0
2003-12-05 00:00:00+09:00,1242.3559449914383,1247.4061724101027,1218.7882170376713,1228.888671875,348500,0.0,0.0
2003-12-08 00:00:00+09:00,1228.8889693686247,1233.9391980098655,1195.2207784270183,1217.1051025390625,313000,0.0,0.0
2003-12-09 00:00:00+09:00,1203.63782616242,1223.8387407273838,1195.2207784270183,1217.1051025390625,359000,0.0,0.0
2003-12-10 00:00:00+09:00,1217.105115493463,1240.6728494034332,1208.6880676684736,1237.3060302734375,578500,0.0,0.0
2003-12-11 00:00:00+09:00,1254.1397948897934,1284.4411590616273,1245.7227492865063,1281.0743408203125,614000,0.0,0.0
2003-12-12 00:00:00+09:00,1339.9940054757253,1343.360824584961,1308.0092239379883,1319.7930908203125,734500,0.0,0.0
2003-12-15 00:00:00+09:00,1313.0592447916667,1329.893337673611,1287.80810546875,1287.80810546875,479500,0.0,0.0
2003-12-16 00:00:00+09:00,1284.4413640431696,1313.0593236614316,1284.4413640431696,1309.6925048828125,206000,0.0,0.0
2003-12-17 00:00:00+09:00,1299.5918442312418,1316.4259354777605,1282.757752984723,1284.441162109375,519000,0.0,0.0
2003-12-18 00:00:00+09:00,1277.7074728012085,1304.6420176823933,1276.0240637461343,1292.858154296875,375500,0.0,0.0
2003-12-19 00:00:00+09:00,1309.6922480595576,1318.1092933555701,1296.2249755859375,1296.2249755859375,382500,0.0,0.0
2003-12-22 00:00:00+09:00,1297.908639157646,1309.6925048828125,1297.908639157646,1309.6925048828125,372000,0.0,0.0
2003-12-23 00:00:00+09:00,1309.6925048828125,1309.6925048828125,1309.6925048828125,1309.6925048828125,0,0.0,0.0
2003-12-24 00:00:00+09:00,1292.8580746367238,1297.9083014907735,1262.5567135124256,1274.340576171875,363500,0.0,0.0
2003-12-25 00:00:00+09:00,1284.4409252897858,1301.275013432509,1281.0741076612412,1291.174560546875,110000,0.0,0.0
2003-12-26 00:00:00+09:00,1279.3906767384105,1286.124311879139,1254.1395449606787,1270.9736328125,183500,0.0,0.0
2003-12-29 00:00:00+09:00,1272.6572200693984,1279.3908561544217,1260.8733569206076,1265.923583984375,116000,0.0,0.0
2003-12-30 00:00:00+09:00,1282.7579294169484,1282.7579294169484,1262.5570171426657,1276.0242919921875,88000,0.0,0.0
2003-12-31 00:00:00+09:00,1276.0242919921875,1276.0242919921875,1276.0242919921875,1276.0242919921875,0,0.0,0.0
2004-01-01 00:00:00+09:00,1276.0242919921875,1276.0242919921875,1276.0242919921875,1276.0242919921875,0,0.0,0.0
2004-01-02 00:00:00+09:00,1276.0242919921875,1276.0242919921875,1276.0242919921875,1276.0242919921875,0,0.0,0.0
2004-01-05 00:00:00+09:00,1276.0242868114847,1277.7076961608402,1267.607240064707,1269.2906494140625,100500,0.0,0.0
2004-01-06 00:00:00+09:00,1286.1245180765786,1297.9083814620972,1279.3908818562825,1292.858154296875,547000,0.0,0.0
2004-01-07 00:00:00+09:00,1292.8583333333333,1292.8583333333333,1279.3910590277778,1287.80810546875,307000,0.0,0.0
2004-01-08 00:00:00+09:00,1279.391110704568,1284.4413387731386,1270.9740639236168,1276.0242919921875,343000,0.0,0.0
2004-01-09 00:00:00+09:00,1279.3909705931635,1281.0743797649966,1250.7730146720007,1255.8232421875,262000,0.0,0.0
2004-01-12 00:00:00+09:00,1255.8232421875,1255.8232421875,1255.8232421875,1255.8232421875,0,0.0,0.0
2004-01-13 00:00:00+09:00,1259.189793724455,1265.9234289850137,1225.521617421662,1235.6220703125,302000,0.0,0.0
2004-01-14 00:00:00+09:00,1235.6221190062972,1235.6221190062972,1215.4212124285377,1223.8382568359375,327500,0.0,0.0
2004-01-15 00:00:00+09:00,1227.2052566906636,1242.3559388720298,1222.155029296875,1222.155029296875,316000,0.0,0.0
2004-01-16 00:00:00+09:00,1228.888671875,1240.6725358518836,1223.8384444563355,1228.888671875,301000,0.0,0.0
2004-01-19 00:00:00+09:00,1235.6221956999404,1249.0894675876782,1227.2051507701044,1238.989013671875,251500,0.0,0.0
2004-01-20 00:00:00+09:00,1232.2556750170997,1249.0897689380986,1230.572265625,1230.572265625,257500,0.0,0.0
2004-01-21 00:00:00+09:00,1247.406058601711,1276.024011363154,1237.3056046859078,1238.989013671875,525000,0.0,0.0
2004-01-22 00:00:00+09:00,1238.9894266511064,1240.6728361981868,1215.4216929919821,1217.1051025390625,376000,0.0,0.0
2004-01-23 00:00:00+09:00,1225.521967260877,1232.2556044436292,1212.054692895373,1218.788330078125,267000,0.0,0.0
2004-01-26 00:00:00+09:00,1235.6222216017704,1270.9738110481426,1230.5719945380029,1265.923583984375,501500,0.0,0.0
2004-01-27 00:00:00+09:00,1267.6072242921896,1267.6072242921896,1244.0394936944597,1249.0897216796875,472000,0.0,0.0
2004-01-28 00:00:00+09:00,1254.1397642477964,1254.1397642477964,1225.5218098958333,1247.4061279296875,301000,0.0,0.0
2004-01-29 00:00:00+09:00,1230.5719817787087,1254.1397078319262,1230.5719817787087,1252.456298828125,258500,0.0,0.0
2004-01-30 00:00:00+09:00,1235.6224938012995,1244.039540761799,1222.1552186645006,1230.572265625,348000,0.0,0.0
2004-02-02 00:00:00+09:00,1213.7379836405603,1238.989120609504,1212.0545745092975,1222.155029296875,251500,0.0,0.0
2004-02-03 00:00:00+09:00,1215.4213649943724,1218.7881831799523,1178.3863649529926,1191.8536376953125,315000,0.0,0.0
2004-02-04 00:00:00+09:00,1207.0040567452565,1217.1045091029575,1173.335882219587,1178.3861083984375,272000,0.0,0.0
2004-02-05 00:00:00+09:00,1178.386654299677,1191.8539303488162,1168.2861972628227,1173.33642578125,291500,0.0,0.0
2004-02-06 00:00:00+09:00,1190.170779457575,1210.371697920787,1178.3869103540346,1196.9044189453125,209500,0.0,0.0
2004-02-09 00:00:00+09:00,1196.9038053224724,1222.1549404558577,1188.4867602780105,1193.5369873046875,279000,0.0,0.0
2004-02-10 00:00:00+09:00,1193.5367791186804,1193.5367791186804,1164.9188309592762,1171.6524658203125,180000,0.0,0.0
2004-02-11 00:00:00+09:00,1171.6524658203125,1171.6524658203125,1171.6524658203125,1171.6524658203125,0,0.0,0.0
2004-02-12 00:00:00+09:00,1186.8035236586873,1191.853751418937,1168.2860218711048,1181.7532958984375,303500,0.0,0.0
2004-02-13 00:00:00+09:00,1180.070068359375,1185.1202968972896,1175.0198398214604,1180.070068359375,100000,0.0,0.0
2004-02-16 00:00:00+09:00,1181.7532537286932,1203.6375732421875,1175.0196169553103,1203.6375732421875,136000,0.0,0.0
2004-02-17 00:00:00+09:00,1205.3211072339175,1213.738154072143,1195.2206510280466,1207.0045166015625,286000,0.0,0.0
2004-02-18 00:00:00+09:00,1212.054559292074,1225.521832173097,1205.3209228515625,1205.3209228515625,414000,0.0,0.0
2004-02-19 00:00:00+09:00,1212.0548738978216,1222.1553311803034,1207.0046452565805,1217.1051025390625,209000,0.0,0.0
2004-02-20 00:00:00+09:00,1210.3711501819462,1210.3711501819462,1200.2706955211788,1205.3209228515625,238500,0.0,0.0
2004-02-23 00:00:00+09:00,1188.4871227043184,1208.6880369712474,1186.8037131820743,1190.1705322265625,85000,0.0,0.0
2004-02-24 00:00:00+09:00,1193.536806090449,1196.9036235970511,1190.1699885838468,1195.22021484375,158500,0.0,0.0
2004-02-25 00:00:00+09:00,1190.1705322265625,1195.2207607932946,1185.1203036598301,1190.1705322265625,95000,0.0,0.0
2004-02-26 00:00:00+09:00,1186.8035401416425,1207.0044514632025,1186.8035401416425,1201.9542236328125,198500,0.0,0.0
2004-02-27 00:00:00+09:00,1208.6874676921682,1235.6220073621887,1203.6372415040394,1233.9385986328125,451000,0.0,0.0
2004-03-01 00:00:00+09:00,1250.7731011284723,1287.80810546875,1250.7731011284723,1287.80810546875,337500,0.0,0.0
2004-03-02 00:00:00+09:00,1289.491256734024,1289.491256734024,1269.2903493178253,1274.340576171875,337000,0.0,0.0
2004-03-03 00:00:00+09:00,1274.340625813802,1277.7074438476561,1255.823126627604,1262.5567626953125,311000,0.0,0.0
2004-03-04 00:00:00+09:00,1264.2403564453125,1277.7076305485916,1259.190128656583,1264.2403564453125,286500,0.0,0.0
2004-03-05 00:00:00+09:00,1264.2401618547337,1272.6572068737398,1240.6724358015163,1252.456298828125,300500,0.0,0.0
2004-03-08 00:00:00+09:00,1254.1398841537866,1259.1901118752114,1237.305791749038,1244.0394287109375,329500,0.0,0.0
2004-03-09 00:00:00+09:00,1233.9388125805147,1265.923583984375,1225.5217674742355,1265.923583984375,488000,0.0,0.0
2004-03-10 00:00:00+09:00,1276.0243121795259,1309.6924998359777,1276.0243121795259,1302.9588623046875,1105500,0.0,0.0
2004-03-11 00:00:00+09:00,1292.8582046649146,1292.8582046649146,1276.0241134583403,1281.0743408203125,422000,0.0,0.0
2004-03-12 00:00:00+09:00,1276.0241134583403,1289.4913864235998,1252.456385769136,1281.0743408203125,708000,0.0,0.0
2004-03-15 00:00:00+09:00,1282.7574069675777,1308.0085370259944,1276.023772285333,1301.27490234375,269500,0.0,0.0
2004-03-16 00:00:00+09:00,1284.4412552928197,1326.5264864623093,1284.4412552928197,1323.15966796875,686000,0.0,0.0
2004-03-17 00:00:00+09:00,1329.893175838345,1393.8627210052528,1328.2097667550054,1382.078857421875,777500,0.0,0.0
2004-03-18 00:00:00+09:00,1393.8627272727272,1422.4806818181817,1380.3954545454544,1388.8125,463000,0.0,0.0
2004-03-19 00:00:00+09:00,1365.2447014321326,1407.3299265071057,1365.2447014321326,1377.028564453125,240500,0.0,0.0
2004-03-22 00:00:00+09:00,1360.1945830922068,1378.7120836046008,1348.4107191297744,1363.5614013671875,113500,0.0,0.0
2004-03-23 00:00:00+09:00,1371.978640235331,1397.2297808531594,1365.2450027372438,1375.345458984375,574000,0.0,0.0
2004-03-24 00:00:00+09:00,1392.1794977118498,1402.2799535598197,1382.0790418638799,1383.762451171875,446000,0.0,0.0
2004-03-25 00:00:00+09:00,1383.7620583986698,1415.746826171875,1380.3952407383324,1415.746826171875,425000,0.0,0.0
2004-03-26 00:00:00+09:00,1411.0943118697362,1434.7817463615545,1407.7103926566194,1431.3978271484375,351500,8.5,0.0
2004-03-29 00:00:00+09:00,1414.4784589025076,1421.2462984187873,1384.0231810792477,1412.7864990234375,310500,0.0,0.0
2004-03-30 00:00:00+09:00,1421.2461516816736,1421.2461516816736,1378.9471590721,1397.5587158203125,275500,0.0,0.0
2004-03-31 00:00:00+09:00,1387.406868997599,1409.40234375,1387.406868997599,1409.40234375,209000,0.0,0.0
2004-04-01 00:00:00+09:00,1411.0943441842915,1411.0943441842915,1384.022989859413,1392.4827880859375,293500,0.0,0.0
2004-04-02 00:00:00+09:00,1395.8667073765473,1404.3265056030718,1387.4069091500228,1392.4827880859375,185500,0.0,0.0
2004-04-05 00:00:00+09:00,1395.86669921875,1397.5586588541667,1368.7953450520833,1370.4873046875,569000,0.0,0.0
2004-04-06 00:00:00+09:00,1387.406707616244,1404.326301611564,1373.8710324199878,1400.9423828125,458500,0.0,0.0
2004-04-07 00:00:00+09:00,1404.3261584278418,1407.7100768818848,1380.638729249541,1382.3306884765625,300000,0.0,0.0
2004-04-08 00:00:00+09:00,1382.3308258619695,1387.4067040475093,1373.87102888607,1375.56298828125,405000,0.0,0.0
2004-04-09 00:00:00+09:00,1375.563126345942,1387.4068433009502,1362.0274498259328,1368.7952880859375,271500,0.0,0.0
2004-04-12 00:00:00+09:00,1353.5676678959626,1370.4872637446622,1351.8757083110927,1362.0274658203125,462000,0.0,0.0
2004-04-13 00:00:00+09:00,1372.179149967609,1373.8711094620205,1362.0273930011408,1367.103271484375,353000,0.0,0.0
2004-04-14 00:00:00+09:00,1368.7955010240512,1368.7955010240512,1355.2598223983498,1356.9517822265625,550500,0.0,0.0
2004-04-15 00:00:00+09:00,1373.8713805086893,1384.0231394779653,1351.8759027419246,1356.9517822265625,484500,0.0,0.0
2004-04-16 00:00:00+09:00,1353.5677244882133,1384.022998289198,1353.5677244882133,1363.719482421875,216000,0.0,0.0
2004-04-19 00:00:00+09:00,1380.6393711722676,1380.6393711722676,1346.8001708984375,1346.8001708984375,317500,0.0,0.0
2004-04-20 00:00:00+09:00,1333.2639581937658,1346.7996328962406,1333.2639581937658,1341.7237548828125,203000,0.0,0.0
2004-04-21 00:00:00+09:00,1343.4157823754065,1368.7951737301057,1331.5720664098803,1365.4112548828125,361000,0.0,0.0
2004-04-22 00:00:00+09:00,1358.6433677863126,1373.8710020454369,1350.1835709756879,1360.3353271484375,312500,0.0,0.0
2004-04-23 00:00:00+09:00,1355.2594295852873,1355.2594295852873,1324.804161504719,1341.7237548828125,398500,0.0,0.0
2004-04-26 00:00:00+09:00,1333.2641766563672,1370.4872881873825,1329.880257426275,1351.875732421875,351000,0.0,0.0
2004-04-27 00:00:00+09:00,1341.7240725746638,1353.567790743671,1331.5723141440862,1336.648193359375,310500,0.0,0.0
2004-04-28 00:00:00+09:00,1338.3399658203125,1360.3354393420118,1333.264087315305,1338.3399658203125,388000,0.0,0.0
2004-04-29 00:00:00+09:00,1338.3399658203125,1338.3399658203125,1338.3399658203125,1338.3399658203125,0,0.0,0.0
2004-04-30 00:00:00+09:00,1336.6482380387051,1336.6482380387051,1292.6572833690768,1294.3492431640625,347000,0.0,0.0
2004-05-03 00:00:00+09:00,1294.3492431640625,1294.3492431640625,1294.3492431640625,1294.3492431640625,0,0.0,0.0
2004-05-04 00:00:00+09:00,1294.3492431640625,1294.3492431640625,1294.3492431640625,1294.3492431640625,0,0.0,0.0
2004-05-05 00:00:00+09:00,1294.3492431640625,1294.3492431640625,1294.3492431640625,1294.3492431640625,0,0.0,0.0
2004-05-06 00:00:00+09:00,1328.1884366548977,1328.1884366548977,1304.500999568059,1319.7286376953125,398000,0.0,0.0
2004-05-07 00:00:00+09:00,1319.728515625,1319.728515625,1263.89384765625,1268.9697265625,507500,0.0,0.0
2004-05-10 00:00:00+09:00,1263.893907930628,1285.8893842399964,1189.4476804219967,1194.5235595703125,424000,0.0,0.0
2004-05-11 00:00:00+09:00,1194.5234860466949,1197.9074052706233,1147.1486169116986,1174.219970703125,569500,0.0,0.0
2004-05-12 00:00:00+09:00,1224.978768047193,1250.3581624128117,1199.5993736815744,1246.9742431640625,355500,0.0,0.0
2004-05-13 00:00:00+09:00,1246.9743676013893,1246.9743676013893,1209.7512521506017,1221.594970703125,487000,0.0,0.0
2004-05-14 00:00:00+09:00,1204.6752119290445,1233.438524573418,1204.6752119290445,1213.135009765625,272500,0.0,0.0
2004-05-17 00:00:00+09:00,1230.0545698207059,1231.7465293390287,1174.2199057160522,1175.911865234375,312000,0.0,0.0
2004-05-18 00:00:00+09:00,1182.6792702510438,1194.5229825425422,1175.911434655902,1177.6033935546875,409500,0.0,0.0
2004-05-19 00:00:00+09:00,1196.215629356036,1245.2824656379669,1192.8317096124547,1223.2869873046875,422500,0.0,0.0
2004-05-20 00:00:00+09:00,1240.2063304822198,1253.7420066675647,1199.5993019261855,1226.670654296875,368500,0.0,0.0
2004-05-21 00:00:00+09:00,1260.5100265688259,1277.4296242408907,1252.0502277327935,1253.7421875,372000,0.0,0.0
2004-05-24 00:00:00+09:00,1277.4292435780828,1277.4292435780828,1255.4337731588575,1257.125732421875,207000,0.0,0.0
2004-05-25 00:00:00+09:00,1236.8226318359375,1255.43418990734,1209.75127464117,1236.8226318359375,313000,0.0,0.0
2004-05-26 00:00:00+09:00,1243.5900378618085,1253.7417932729252,1236.8222009210638,1238.51416015625,345500,0.0,0.0
2004-05-27 00:00:00+09:00,1241.8983074685802,1250.3581052033796,1236.8224288277004,1245.2822265625,335500,0.0,0.0
2004-05-28 00:00:00+09:00,1252.0503541720473,1275.7377933050318,1228.3629150390625,1228.3629150390625,1129500,0.0,0.0
2004-05-31 00:00:00+09:00,1236.8225981385847,1253.7421959243384,1211.4432014599545,1250.3582763671875,403000,0.0,0.0
2004-06-01 00:00:00+09:00,1267.2779316670185,1277.4296907991975,1246.9744134026605,1252.05029296875,369000,0.0,0.0
2004-06-02 00:00:00+09:00,1252.0501220371862,1257.12600091031,1235.1305257934405,1246.9742431640625,263500,0.0,0.0
2004-06-03 00:00:00+09:00,1263.8937638065734,1263.8937638065734,1211.443018588362,1226.670654296875,361000,0.0,0.0
2004-06-04 00:00:00+09:00,1214.827154115189,1236.8226318359375,1202.983435342478,1236.8226318359375,383000,0.0,0.0
2004-06-07 00:00:00+09:00,1241.8983723958333,1282.5054036458332,1236.8224934895834,1268.9697265625,280000,0.0,0.0
2004-06-08 00:00:00+09:00,1285.889290278694,1290.9651690561097,1277.429492316334,1282.50537109375,296500,0.0,0.0
2004-06-09 00:00:00+09:00,1294.3490882410538,1301.1169266109416,1279.121451908806,1282.50537109375,263000,0.0,0.0
2004-06-10 00:00:00+09:00,1277.4294371926105,1306.1927490234375,1277.4294371926105,1306.1927490234375,283500,0.0,0.0
2004-06-11 00:00:00+09:00,1294.3489728655134,1307.8846483987475,1272.353500124008,1279.121337890625,554500,0.0,0.0
2004-06-14 00:00:00+09:00,1285.889175657242,1301.1168106321304,1274.0454595656622,1279.121337890625,222000,0.0,0.0
2004-06-15 00:00:00+09:00,1296.0409166837992,1297.7328761050576,1280.8132818924753,1285.88916015625,203500,0.0,0.0
2004-06-16 00:00:00+09:00,1296.0411376953125,1304.5009362442374,1285.8893794366024,1296.0411376953125,270000,0.0,0.0
2004-06-17 00:00:00+09:00,1297.7329514261355,1307.884708542898,1287.5811943093731,1306.1927490234375,240000,0.0,0.0
2004-06-18 00:00:00+09:00,1306.1927411377585,1319.728417211725,1287.5811865360547,1309.57666015625,224500,0.0,0.0
2004-06-21 00:00:00+09:00,1336.6482586492,1367.1035354285489,1333.26433900705,1334.956298828125,554500,0.0,0.0
2004-06-22 00:00:00+09:00,1351.8759198105126,1355.2598395096627,1343.416120562637,1350.1839599609375,268000,0.0,0.0
2004-06-23 00:00:00+09:00,1338.3398666090266,1348.4916228664908,1328.1881103515625,1328.1881103515625,262500,0.0,0.0
2004-06-24 00:00:00+09:00,1316.344216636449,1331.5718489625774,1294.3487477209296,1297.732666015625,372000,0.0,0.0
2004-06-25 00:00:00+09:00,1299.425103635204,1326.4964599609375,1299.425103635204,1326.4964599609375,356000,0.0,0.0
2004-06-28 00:00:00+09:00,1326.496522066886,1350.1839599609375,1321.4206425181605,1350.1839599609375,315500,0.0,0.0
2004-06-29 00:00:00+09:00,1334.9561362714135,1360.3355304971058,1334.9561362714135,1351.875732421875,329500,0.0,0.0
2004-06-30 00:00:00+09:00,1351.8755109096685,1353.567470247478,1319.728283491291,1341.7237548828125,400500,0.0,0.0
2004-07-01 00:00:00+09:00,1343.4160979334997,1351.8758970388744,1321.4206202595255,1334.956298828125,325500,0.0,0.0
2004-07-02 00:00:00+09:00,1334.9560053002742,1336.647964749324,1323.112289156926,1329.880126953125,152500,0.0,0.0
2004-07-05 00:00:00+09:00,1333.264242808024,1336.648162206014,1296.041129430135,1299.425048828125,200000,0.0,0.0
2004-07-06 00:00:00+09:00,1309.5767012119907,1336.6480542086208,1302.808862962833,1318.0364990234375,262000,0.0,0.0
2004-07-07 00:00:00+09:00,1299.42486183355,1312.9605374776495,1287.581145644963,1301.1168212890625,290000,0.0,0.0
2004-07-08 00:00:00+09:00,1294.3489604334677,1321.4203112399193,1260.5097719254031,1311.2685546875,442000,0.0,0.0
2004-07-09 00:00:00+09:00,1311.2686607742799,1321.4204181480163,1296.0410247136754,1318.0364990234375,396500,0.0,0.0
2004-07-12 00:00:00+09:00,1302.8088221192668,1314.6525386839874,1301.116862610021,1309.57666015625,299500,0.0,0.0
2004-07-13 00:00:00+09:00,1309.5766680623583,1311.2686275818187,1287.5811943093731,1306.1927490234375,397000,0.0,0.0
2004-07-14 00:00:00+09:00,1324.804336148407,1324.804336148407,1292.6571044921875,1292.6571044921875,408500,0.0,0.0
2004-07-15 00:00:00+09:00,1279.1215086925642,1285.8893473628953,1262.2019120167365,1284.1973876953125,321000,0.0,0.0
2004-07-16 00:00:00+09:00,1268.969862909104,1287.5814208984375,1265.5859432746797,1287.5814208984375,348000,0.0,0.0
2004-07-19 00:00:00+09:00,1287.5814208984375,1287.5814208984375,1287.5814208984375,1287.5814208984375,0,0.0,0.0
2004-07-20 00:00:00+09:00,1289.2729136485927,1296.0407504656457,1272.3533216059602,1277.42919921875,278000,0.0,0.0
2004-07-21 00:00:00+09:00,1294.349260167286,1294.349260167286,1277.4296619951647,1287.5814208984375,251500,0.0,0.0
2004-07-22 00:00:00+09:00,1280.8135502256196,1289.2733491042566,1272.3537513469828,1275.7376708984375,239000,0.0,0.0
2004-07-23 00:00:00+09:00,1274.0455307379002,1277.4294498102452,1248.6661376953125,1248.6661376953125,246000,0.0,0.0
2004-07-26 00:00:00+09:00,1250.3579448464727,1272.353416136059,1248.6659855165046,1262.20166015625,217500,0.0,0.0
2004-07-27 00:00:00+09:00,1265.5859058704452,1290.9653023785424,1253.7421875,1253.7421875,179500,0.0,0.0
2004-07-28 00:00:00+09:00,1280.8134440104166,1280.8134440104166,1262.2018880208334,1268.9697265625,303500,0.0,0.0
2004-07-29 00:00:00+09:00,1277.4296561664437,1290.9653346423797,1260.510058071524,1265.5859375,434000,0.0,0.0
2004-07-30 00:00:00+09:00,1268.9696706402365,1292.6571044921875,1268.9696706402365,1292.6571044921875,343000,0.0,0.0
2004-08-02 00:00:00+09:00,1304.500732421875,1326.4962052123865,1290.9650568584832,1304.500732421875,294000,0.0,0.0
2004-08-03 00:00:00+09:00,1304.5008457958857,1309.5767245733014,1270.6616539464462,1282.50537109375,206500,0.0,0.0
2004-08-04 00:00:00+09:00,1282.5052567739335,1284.1972162155878,1253.741946265811,1279.121337890625,158500,0.0,0.0
2004-08-05 00:00:00+09:00,1280.8132127858996,1290.9649687657088,1260.5097008262817,1262.20166015625,346500,0.0,0.0
2004-08-06 00:00:00+09:00,1260.5099610691123,1260.5099610691123,1238.514485238376,1255.43408203125,258000,0.0,0.0
2004-08-09 00:00:00+09:00,1252.0501220371862,1263.8938394078084,1245.282283539688,1246.9742431640625,172000,0.0,0.0
2004-08-10 00:00:00+09:00,1248.6661376953125,1263.8937735208651,1246.97417815914,1248.6661376953125,275000,0.0,0.0
2004-08-11 00:00:00+09:00,1257.1257598552297,1274.0453528546273,1257.1257598552297,1272.3533935546875,229500,0.0,0.0
2004-08-12 00:00:00+09:00,1274.0455047568842,1363.7193583453502,1270.6615857535458,1338.3399658203125,956000,0.0,0.0
2004-08-13 00:00:00+09:00,1321.420370803621,1365.4113178470193,1319.7284113019516,1338.3399658203125,942000,0.0,0.0
2004-08-16 00:00:00+09:00,1287.5813391463873,1311.2687750833775,1280.8135003072475,1296.0411376953125,510500,0.0,0.0
2004-08-17 00:00:00+09:00,1296.0407568993508,1311.2683898133118,1277.429205560065,1302.80859375,445000,0.0,0.0
2004-08-18 00:00:00+09:00,1336.648193359375,1353.567790743671,1321.4205557135087,1336.648193359375,941500,0.0,0.0
2004-08-19 00:00:00+09:00,1328.1881675040752,1336.647964749324,1318.0364108097765,1329.880126953125,293500,0.0,0.0
2004-08-20 00:00:00+09:00,1329.8797336837806,1350.183241068266,1319.727979991538,1343.4154052734375,462000,0.0,0.0
2004-08-23 00:00:00+09:00,1343.4160323130934,1346.7999517899525,1329.8803544056566,1336.648193359375,389000,0.0,0.0
2004-08-24 00:00:00+09:00,1336.647569478609,1355.2591179143872,1329.8797336837806,1343.4154052734375,254500,0.0,0.0
2004-08-25 00:00:00+09:00,1340.03203125,1375.56318359375,1336.6481119791665,1370.4873046875,357000,0.0,0.0
2004-08-26 00:00:00+09:00,1385.7147175803113,1387.4066769424362,1351.875530337813,1360.3353271484375,261500,0.0,0.0
2004-08-27 00:00:00+09:00,1367.1033932633502,1428.0139404879549,1353.5677161023268,1417.8621826171875,1031000,0.0,0.0
2004-08-30 00:00:00+09:00,1407.7104894713261,1429.7059658693156,1397.5587311337924,1416.1702880859375,531000,0.0,0.0
2004-08-31 00:00:00+09:00,1402.6345949334614,1409.4024337509932,1389.0989172983977,1397.5587158203125,336000,0.0,0.0
2004-09-01 00:00:00+09:00,1392.4827553244197,1399.2505937464095,1375.5631592694451,1380.6390380859375,672000,0.0,0.0
2004-09-02 00:00:00+09:00,1380.6390543218904,1387.4068928234683,1358.6435791917622,1373.8712158203125,490000,0.0,0.0
2004-09-03 00:00:00+09:00,1377.2554454497727,1378.9474054564678,1365.4117254029072,1372.1795654296875,323500,0.0,0.0
2004-09-06 00:00:00+09:00,1373.8711757242245,1395.8666502124202,1365.4113778441492,1390.790771484375,491000,0.0,0.0
2004-09-07 00:00:00+09:00,1392.4826503693698,1409.4022451490705,1389.0987314134297,1399.25048828125,342000,0.0,0.0
2004-09-08 00:00:00+09:00,1399.2505374035202,1417.8620923145706,1394.1746587914156,1404.326416015625,326500,0.0,0.0
2004-09-09 00:00:00+09:00,1395.866369703796,1404.326165883819,1377.2548181077455,1378.94677734375,398000,0.0,0.0
2004-09-10 00:00:00+09:00,1370.4871331537522,1375.5630114246921,1351.8755794936396,1365.4112548828125,491000,0.0,0.0
2004-09-13 00:00:00+09:00,1373.8708996357361,1390.790491995782,1373.8708996357361,1378.94677734375,167500,0.0,0.0
2004-09-14 00:00:00+09:00,1395.8670055234184,1395.8670055234184,1370.4876054229924,1372.1795654296875,256000,0.0,0.0
2004-09-15 00:00:00+09:00,1358.6432173435044,1372.178890741696,1336.6477480714425,1345.1075439453125,438000,0.0,0.0
2004-09-16 00:00:00+09:00,1328.1884029795071,1351.8758394657657,1321.420563983433,1333.2642822265625,183000,0.0,0.0
2004-09-17 00:00:00+09:00,1336.6480542086208,1338.3400137709102,1316.344539461148,1318.0364990234375,239000,0.0,0.0
2004-09-20 00:00:00+09:00,1318.0364990234375,1318.0364990234375,1318.0364990234375,1318.0364990234375,0,0.0,0.0
2004-09-21 00:00:00+09:00,1331.5721435546875,1350.183698293063,1319.728426902994,1331.5721435546875,305500,0.0,0.0
2004-09-22 00:00:00+09:00,1331.5721435546875,1331.5721435546875,1314.6525483379824,1331.5721435546875,614500,0.0,0.0
2004-09-23 00:00:00+09:00,1331.5721435546875,1331.5721435546875,1331.5721435546875,1331.5721435546875,0,0.0,0.0
2004-09-24 00:00:00+09:00,1328.1881675040752,1329.880126953125,1309.5766135645276,1329.880126953125,279500,0.0,0.0
2004-09-27 00:00:00+09:00,1338.34037082998,1358.643890994278,1336.6484108162886,1346.8001708984375,372500,0.0,0.0
2004-09-28 00:00:00+09:00,1360.3358510079697,1365.4117310490442,1340.0323308436716,1346.8001708984375,323500,0.0,0.0
2004-09-29 00:00:00+09:00,1363.7196387575384,1375.5633577045642,1326.496522066886,1350.1839599609375,523500,0.0,0.0
2004-09-30 00:00:00+09:00,1392.4829562003151,1392.4829562003151,1348.4920001113624,1350.1839599609375,512500,0.0,0.0
2004-10-01 00:00:00+09:00,1345.1077570743014,1363.7193109457698,1343.4157976314407,1358.6434326171875,250000,0.0,0.0
2004-10-04 00:00:00+09:00,1362.0271777523044,1385.7146069306054,1353.567381617197,1382.3306884765625,236500,0.0,0.0
2004-10-05 00:00:00+09:00,1387.406852332345,1395.8666502124202,1378.9470544522696,1390.790771484375,361500,0.0,0.0
2004-10-06 00:00:00+09:00,1392.4826992540475,1409.4022946277296,1392.4826992540475,1404.326416015625,420000,0.0,0.0
2004-10-07 00:00:00+09:00,1404.3263667151602,1406.0183261931304,1387.4067719354596,1399.25048828125,209500,0.0,0.0
2004-10-08 00:00:00+09:00,1382.33104648986,1390.7908448159912,1378.9471271594073,1385.7149658203125,148500,0.0,0.0
2004-10-11 00:00:00+09:00,1385.7149658203125,1385.7149658203125,1385.7149658203125,1385.7149658203125,0,0.0,0.0
2004-10-12 00:00:00+09:00,1395.8666663881036,1402.6345047705913,1373.8711916450184,1384.02294921875,136500,0.0,0.0
2004-10-13 00:00:00+09:00,1384.0229735726793,1387.4068928234683,1365.4114176933401,1373.8712158203125,217000,0.0,0.0
2004-10-14 00:00:00+09:00,1375.5631588139338,1375.5631588139338,1341.72396671519,1355.2596435546875,226000,0.0,0.0
2004-10-15 00:00:00+09:00,1338.3402410139117,1350.1839599609375,1329.880441766036,1350.1839599609375,184000,0.0,0.0
2004-10-18 00:00:00+09:00,1338.3401530978047,1343.4160323130934,1331.5723141440862,1336.648193359375,155500,0.0,0.0
2004-10-19 00:00:00+09:00,1338.339528427316,1351.875200016973,1338.339528427316,1343.4154052734375,140000,0.0,0.0
2004-10-20 00:00:00+09:00,1341.7238430964735,1341.7238430964735,1326.4962080550254,1329.880126953125,128000,0.0,0.0
2004-10-21 00:00:00+09:00,1324.8047530620604,1331.572593435302,1316.3449525955082,1323.11279296875,228000,0.0,0.0
2004-10-22 00:00:00+09:00,1319.7283134703423,1329.8800697278066,1309.576557212878,1328.1881103515625,270000,0.0,0.0
2004-10-25 00:00:00+09:00,1302.8088299845167,1306.1927490234375,1289.2731538288335,1306.1927490234375,308500,0.0,0.0
2004-10-26 00:00:00+09:00,1299.4250247035573,1302.8089440387228,1282.5054280277297,1284.1973876953125,241500,0.0,0.0
2004-10-27 00:00:00+09:00,1296.040990146652,1297.7329496638147,1270.661597389211,1280.8133544921875,206000,0.0,0.0
2004-10-28 00:00:00+09:00,1294.3487976866884,1314.6523082386364,1294.3487976866884,1302.80859375,166000,0.0,0.0
2004-10-29 00:00:00+09:00,1289.2729865540848,1302.8086609536028,1272.3533935546875,1272.3533935546875,213500,0.0,0.0
2004-11-01 00:00:00+09:00,1268.969831795528,1282.5055100013471,1262.2019926926187,1275.7376708984375,257500,0.0,0.0
2004-11-02 00:00:00+09:00,1285.8893794366024,1321.4205333420875,1280.8135003072475,1296.0411376953125,296000,0.0,0.0
2004-11-03 00:00:00+09:00,1296.0411376953125,1296.0411376953125,1296.0411376953125,1296.0411376953125,0,0.0,0.0
2004-11-04 00:00:00+09:00,1299.4251077586207,1301.117067534348,1272.3537513469828,1275.7376708984375,241500,0.0,0.0
2004-11-05 00:00:00+09:00,1289.2729136485927,1299.424668874172,1270.661362401697,1277.42919921875,293500,0.0,0.0
2004-11-08 00:00:00+09:00,1279.1216646034454,1282.5055843510736,1260.5101059914905,1270.661865234375,385500,0.0,0.0
2004-11-09 00:00:00+09:00,1263.8936844588927,1267.2776032927852,1255.433887374161,1260.509765625,203500,0.0,0.0
2004-11-10 00:00:00+09:00,1275.7373695322876,1279.1212882843627,1263.893653900025,1274.04541015625,305500,0.0,0.0
2004-11-11 00:00:00+09:00,1280.813610509924,1280.813610509924,1246.9744134026605,1252.05029296875,290000,0.0,0.0
2004-11-12 00:00:00+09:00,1255.434153589709,1275.7376708984375,1253.7421938139817,1275.7376708984375,652000,0.0,0.0
2004-11-15 00:00:00+09:00,1290.9648792613636,1309.5764306006495,1290.9648792613636,1302.80859375,349500,0.0,0.0
2004-11-16 00:00:00+09:00,1314.6525386839874,1314.6525386839874,1302.8088221192668,1309.57666015625,419000,0.0,0.0
2004-11-17 00:00:00+09:00,1309.5765952620968,1321.4203112399193,1304.500716985887,1311.2685546875,429000,0.0,0.0
2004-11-18 00:00:00+09:00,1324.8045454905218,1372.1794206804766,1324.8045454905218,1356.9517822265625,1009000,0.0,0.0
2004-11-19 00:00:00+09:00,1362.0273360355193,1370.4871331537522,1356.9514577645793,1365.4112548828125,432000,0.0,0.0
2004-11-22 00:00:00+09:00,1362.0276789079633,1362.0276789079633,1333.2643614651863,1350.1839599609375,371500,0.0,0.0
2004-11-23 00:00:00+09:00,1350.1839599609375,1350.1839599609375,1350.1839599609375,1350.1839599609375,0,0.0,0.0
2004-11-24 00:00:00+09:00,1351.8757083110927,1365.4113849900523,1350.1837487262228,1362.0274658203125,288000,0.0,0.0
2004-11-25 00:00:00+09:00,1350.183942913712,1362.0276617112006,1343.416103600861,1356.9517822265625,298500,0.0,0.0
2004-11-26 00:00:00+09:00,1351.875641833666,1360.3354393420118,1338.3399658203125,1338.3399658203125,122500,0.0,0.0
2004-11-29 00:00:00+09:00,1333.2636515811948,1353.56715896568,1333.2636515811948,1343.4154052734375,316000,0.0,0.0
2004-11-30 00:00:00+09:00,1343.4159343466442,1355.2596516519673,1336.6480958864595,1351.875732421875,277000,0.0,0.0
2004-12-01 00:00:00+09:00,1350.1835709756879,1362.0272865105624,1338.3398554408136,1360.3353271484375,290000,0.0,0.0
2004-12-02 00:00:00+09:00,1370.4871100957102,1377.2549476764298,1340.0318409824722,1375.56298828125,311500,0.0,0.0
2004-12-03 00:00:00+09:00,1372.1788832455948,1378.9467199077185,1362.027128252409,1377.2547607421875,284000,0.0,0.0
2004-12-06 00:00:00+09:00,1377.2551108362622,1384.02294921875,1367.1033532625306,1384.02294921875,402000,0.0,0.0
2004-12-07 00:00:00+09:00,1367.103214306459,1373.8710520010454,1351.8755794936396,1365.4112548828125,314000,0.0,0.0
2004-12-08 00:00:00+09:00,1365.4113689559351,1372.1792072159396,1355.2596115659283,1368.7952880859375,259500,0.0,0.0
2004-12-09 00:00:00+09:00,1353.5673398191823,1365.4110540426002,1311.268360449833,1345.1075439453125,191500,0.0,0.0
2004-12-10 00:00:00+09:00,1353.5676839497503,1363.7194415793736,1345.1078859250645,1355.2596435546875,311000,0.0,0.0
2004-12-13 00:00:00+09:00,1356.9515870657026,1370.4872637446622,1356.9515870657026,1362.0274658203125,149500,0.0,0.0
2004-12-14 00:00:00+09:00,1351.8755416189788,1351.8755416189788,1311.268516589122,1328.1881103515625,754000,0.0,0.0
2004-12-15 00:00:00+09:00,1328.1878732264727,1331.5717913748204,1304.5004461880387,1324.803955078125,502000,0.0,0.0
2004-12-16 00:00:00+09:00,1324.8045170710636,1331.572356238732,1319.7286376953125,1319.7286376953125,291000,0.0,0.0
2004-12-17 00:00:00+09:00,1321.4206202595255,1340.03217829135,1319.7286604384506,1334.956298828125,286500,0.0,0.0
2004-12-20 00:00:00+09:00,1345.1076928893133,1363.7192458726875,1336.6478960786885,1360.3353271484375,311000,0.0,0.0
2004-12-21 00:00:00+09:00,1362.02730178833,1368.7951393127441,1350.1835861206055,1353.5675048828125,309500,0.0,0.0
2004-12-22 00:00:00+09:00,1360.3355631106544,1363.719482421875,1346.7998858657722,1363.719482421875,279500,0.0,0.0
2004-12-23 00:00:00+09:00,1363.719482421875,1363.719482421875,1363.719482421875,1363.719482421875,0,0.0,0.0
2004-12-24 00:00:00+09:00,1365.411409342244,1367.1033689572903,1346.7998535767365,1351.875732421875,238500,0.0,0.0
2004-12-27 00:00:00+09:00,1353.5680109532036,1356.9519309805867,1345.108210884746,1346.8001708984375,108000,0.0,0.0
2004-12-28 00:00:00+09:00,1348.49171704585,1368.7952309787863,1348.49171704585,1367.103271484375,100500,0.0,0.0
2004-12-29 00:00:00+09:00,1370.4870833211871,1370.4870833211871,1355.2594490620627,1360.3353271484375,105000,0.0,0.0
2004-12-30 00:00:00+09:00,1368.7953128581526,1384.02294921875,1362.0274744756648,1384.02294921875,184500,0.0,0.0
2004-12-31 00:00:00+09:00,1384.02294921875,1384.02294921875,1384.02294921875,1384.02294921875,0,0.0,0.0
2005-01-03 00:00:00+09:00,1384.02294921875,1384.02294921875,1384.02294921875,1384.02294921875,0,0.0,0.0
2005-01-04 00:00:00+09:00,1370.4873046875,1372.1792643229167,1362.0275065104165,1370.4873046875,71000,0.0,0.0
2005-01-05 00:00:00+09:00,1370.4872637446622,1378.9470616690119,1355.2596274808327,1362.0274658203125,217500,0.0,0.0
2005-01-06 00:00:00+09:00,1362.0275227662646,1372.1792806999263,1350.1838051769928,1363.719482421875,346500,0.0,0.0
2005-01-07 00:00:00+09:00,1368.7956454162975,1375.5634854430775,1365.4117254029072,1372.1795654296875,266500,0.0,0.0
2005-01-10 00:00:00+09:00,1372.1795654296875,1372.1795654296875,1372.1795654296875,1372.1795654296875,0,0.0,0.0
2005-01-11 00:00:00+09:00,1387.4069010416665,1453.3933268229166,1385.7149414062499,1446.62548828125,1006500,0.0,0.0
2005-01-12 00:00:00+09:00,1438.1656983587222,1438.1656983587222,1417.8621826171875,1417.8621826171875,393500,0.0,0.0
2005-01-13 00:00:00+09:00,1417.862026760868,1417.862026760868,1397.5585132511658,1406.018310546875,203000,0.0,0.0
2005-01-14 00:00:00+09:00,1407.7101748511905,1428.0136869884673,1394.174500093006,1421.245849609375,146500,0.0,0.0
2005-01-17 00:00:00+09:00,1424.629703408331,1424.629703408331,1414.4779478020957,1422.937744140625,159500,0.0,0.0
2005-01-18 00:00:00+09:00,1424.629814405948,1424.629814405948,1395.866504613904,1400.9423828125,160000,0.0,0.0
2005-01-19 00:00:00+09:00,1402.634521484375,1421.2460772579916,1390.7908041738917,1402.634521484375,220500,0.0,0.0
2005-01-20 00:00:00+09:00,1385.7149658203125,1400.9426028073487,1380.6390868246338,1385.7149658203125,260000,0.0,0.0
2005-01-21 00:00:00+09:00,1377.2551432291666,1400.942578125,1377.2551432291666,1395.86669921875,129500,0.0,0.0
2005-01-24 00:00:00+09:00,1404.3264649609844,1414.4782225390156,1378.9470710159064,1409.40234375,257000,0.0,0.0
2005-01-25 00:00:00+09:00,1397.5582346499546,1409.4019485029203,1390.7903981625454,1394.17431640625,145500,0.0,0.0
2005-01-26 00:00:00+09:00,1404.326505456164,1417.8621826171875,1392.4827879402687,1417.8621826171875,120500,0.0,0.0
2005-01-27 00:00:00+09:00,1421.2461179052561,1436.4737548828125,1421.2461179052561,1436.4737548828125,252500,0.0,0.0
2005-01-28 00:00:00+09:00,1431.3977445027474,1431.3977445027474,1412.786189905194,1414.4781494140625,140500,0.0,0.0
2005-01-31 00:00:00+09:00,1416.1702470115113,1436.4737630976979,1412.7863276638136,1433.08984375,264500,0.0,0.0
2005-02-01 00:00:00+09:00,1433.0894997468602,1433.0894997468602,1417.8618663375075,1422.937744140625,219000,0.0,0.0
2005-02-02 00:00:00+09:00,1429.7059244023023,1439.8576824453955,1419.554166359209,1433.08984375,555000,0.0,0.0
2005-02-03 00:00:00+09:00,1416.1700137655673,1421.245891951107,1340.0318409824722,1375.56298828125,1092500,0.0,0.0
2005-02-04 00:00:00+09:00,1378.9469106185838,1411.094139209692,1378.9469106185838,1400.9423828125,564500,0.0,0.0
2005-02-07 00:00:00+09:00,1400.942578125,1411.0943359374999,1389.0988606770834,1395.86669921875,214500,0.0,0.0
2005-02-08 00:00:00+09:00,1411.0944089171705,1422.9381269776266,1400.942650579637,1416.1702880859375,404500,0.0,0.0
2005-02-09 00:00:00+09:00,1429.7058589060625,1429.7058589060625,1406.018424557323,1409.40234375,293500,0.0,0.0
2005-02-10 00:00:00+09:00,1395.866504613904,1406.018261011096,1390.790626415308,1400.9423828125,344000,0.0,0.0
2005-02-11 00:00:00+09:00,1400.9423828125,1400.9423828125,1400.9423828125,1400.9423828125,0,0.0,0.0
2005-02-14 00:00:00+09:00,1407.7104166666666,1416.17021484375,1390.7908203125,1395.86669921875,478500,0.0,0.0
2005-02-15 00:00:00+09:00,1389.0988280056158,1392.4827471968597,1380.6390300275061,1384.02294921875,458500,0.0,0.0
2005-02-16 00:00:00+09:00,1380.6389747032752,1409.40228667626,1373.8711365919846,1407.7103271484375,499000,0.0,0.0
2005-02-17 00:00:00+09:00,1390.790622837869,1390.790622837869,1363.7192725149907,1375.56298828125,553000,0.0,0.0
2005-02-18 00:00:00+09:00,1378.9469745456092,1400.9424477592202,1378.9469745456092,1399.25048828125,326000,0.0,0.0
2005-02-21 00:00:00+09:00,1407.7103841536614,1409.40234375,1385.7149094012605,1409.40234375,359000,0.0,0.0
2005-02-22 00:00:00+09:00,1411.0945391443674,1412.7864990234375,1395.8669002327376,1412.7864990234375,222000,0.0,0.0
2005-02-23 00:00:00+09:00,1412.7861977995728,1419.5540358728642,1404.3264002079586,1411.09423828125,499500,0.0,0.0
2005-02-24 00:00:00+09:00,1411.0943679899647,1433.08984375,1407.7104486422668,1433.08984375,309000,0.0,0.0
2005-02-25 00:00:00+09:00,1434.781714267418,1444.9334716796875,1422.937997286437,1444.9334716796875,368000,0.0,0.0
2005-02-28 00:00:00+09:00,1443.2416017930934,1443.2416017930934,1412.7863276638136,1433.08984375,400000,0.0,0.0
2005-03-01 00:00:00+09:00,1422.9380857069068,1433.08984375,1421.2461260330579,1433.08984375,217000,0.0,0.0
2005-03-02 00:00:00+09:00,1438.1655532073087,1465.2369047970933,1436.4735937329472,1453.3931884765625,415500,0.0,0.0
2005-03-03 00:00:00+09:00,1451.7012028952206,1451.7012028952206,1424.6298517922794,1438.16552734375,317000,0.0,0.0
2005-03-04 00:00:00+09:00,1431.3978190871906,1438.1656574753097,1419.5541019079822,1434.78173828125,259500,0.0,0.0
2005-03-07 00:00:00+09:00,1434.7816891642012,1434.7816891642012,1426.3218914686577,1429.705810546875,186000,0.0,0.0
2005-03-08 00:00:00+09:00,1431.3978840761513,1438.1657227715466,1422.9380857069068,1433.08984375,292500,0.0,0.0
2005-03-09 00:00:00+09:00,1421.245849609375,1433.0895650227865,1419.553890264602,1421.245849609375,167000,0.0,0.0
2005-03-10 00:00:00+09:00,1414.4781494140625,1426.321865976142,1412.786189905194,1414.4781494140625,294500,0.0,0.0
2005-03-11 00:00:00+09:00,1421.2460128513314,1439.8575677815275,1414.4781746948966,1429.705810546875,408500,0.0,0.0
2005-03-14 00:00:00+09:00,1451.7015380859375,1468.6211364319274,1438.1658594091455,1451.7015380859375,582000,0.0,0.0
2005-03-15 00:00:00+09:00,1460.1610580785014,1463.5449771006995,1426.32186785652,1439.8575439453125,446000,0.0,0.0
2005-03-16 00:00:00+09:00,1444.9333756359538,1463.5449296546838,1431.3976999859683,1460.1610107421875,473500,0.0,0.0
2005-03-17 00:00:00+09:00,1465.2372614891017,1488.9246998965468,1458.4694219441174,1482.1568603515625,745500,0.0,0.0
2005-03-18 00:00:00+09:00,1504.1515197074227,1534.6067810738273,1499.0756428130221,1519.379150390625,870500,0.0,0.0
2005-03-21 00:00:00+09:00,1519.379150390625,1519.379150390625,1519.379150390625,1519.379150390625,0,0.0,0.0
2005-03-22 00:00:00+09:00,1539.6833072060033,1639.5089282226563,1532.91546849301,1607.3616943359375,1841000,0.0,0.0
2005-03-23 00:00:00+09:00,1556.6028153268915,1556.6028153268915,1514.303825779965,1543.067138671875,1091500,0.0,0.0
2005-03-24 00:00:00+09:00,1522.7633219123293,1531.2231181451755,1477.0804222549593,1487.232177734375,1282500,0.0,0.0
2005-03-25 00:00:00+09:00,1519.3799653774147,1527.8397647392042,1494.0005672920458,1510.920166015625,463000,0.0,0.0
2005-03-28 00:00:00+09:00,1504.5447004675596,1531.7455086116058,1497.744498431548,1506.2447509765625,551000,8.5,0.0
2005-03-29 00:00:00+09:00,1513.0446083731151,1524.9449592254878,1490.943956790137,1507.9444580078125,384000,0.0,0.0
2005-03-30 00:00:00+09:00,1494.3443999191811,1499.4445514547415,1462.0434401939656,1479.0439453125,345500,0.0,0.0
2005-03-31 00:00:00+09:00,1475.6437072753906,1523.2451171875,1470.543556213379,1523.2451171875,445500,0.0,0.0
2005-04-01 00:00:00+09:00,1506.2444769355689,1518.1448283334796,1484.1438243394487,1513.044677734375,340500,0.0,0.0
2005-04-04 00:00:00+09:00,1511.3449567403827,1511.3449567403827,1497.7445521802892,1501.1446533203125,184500,0.0,0.0
2005-04-05 00:00:00+09:00,1501.1447487621986,1506.2449007964983,1480.744140625,1480.744140625,336000,0.0,0.0
2005-04-06 00:00:00+09:00,1487.543908719024,1504.5444105329557,1487.543908719024,1502.8443603515625,281500,0.0,0.0
2005-04-07 00:00:00+09:00,1513.0446682909378,1513.0446682909378,1484.1438150763918,1494.3441162109375,358000,0.0,0.0
2005-04-08 00:00:00+09:00,1485.8444840770658,1513.0452984308793,1485.8444840770658,1504.5450439453125,234500,0.0,0.0
2005-04-11 00:00:00+09:00,1504.5447029903019,1504.5447029903019,1472.2437432650863,1479.0439453125,274000,0.0,0.0
2005-04-12 00:00:00+09:00,1479.0438539712038,1490.944206819248,1470.5436019368865,1472.24365234375,264500,0.0,0.0
2005-04-13 00:00:00+09:00,1467.1435546875,1475.6438070321553,1446.7429490603274,1467.1435546875,288500,0.0,0.0
2005-04-14 00:00:00+09:00,1463.7434011661305,1463.7434011661305,1434.8425442325367,1445.0428466796875,417500,0.0,0.0
2005-04-15 00:00:00+09:00,1411.0418244145342,1424.6422275414213,1405.9416732419515,1407.6417236328125,341000,0.0,0.0
2005-04-18 00:00:00+09:00,1392.3412948091475,1392.3412948091475,1353.2401351258625,1354.940185546875,364500,0.0,0.0
2005-04-19 00:00:00+09:00,1377.040861198701,1416.1420214549603,1377.040861198701,1411.0418701171875,251500,0.0,0.0
2005-04-20 00:00:00+09:00,1417.8421894674336,1417.8421894674336,1383.8411777296055,1392.3414306640625,346000,0.0,0.0
2005-04-21 00:00:00+09:00,1375.3408884133025,1383.8411411229026,1349.840130284502,1380.4410400390625,236500,0.0,0.0
2005-04-22 00:00:00+09:00,1395.7415681335597,1404.2418212890625,1387.2413149780568,1404.2418212890625,173000,0.0,0.0
2005-04-25 00:00:00+09:00,1395.7414323015912,1399.1415332328984,1383.8410790420162,1394.0413818359375,210500,0.0,0.0
2005-04-26 00:00:00+09:00,1394.0414129518995,1395.7414634554993,1375.340857412301,1387.2412109375,212000,0.0,0.0
2005-04-27 00:00:00+09:00,1371.9408236213658,1392.3414306640625,1371.9408236213658,1392.3414306640625,176500,0.0,0.0
2005-04-28 00:00:00+09:00,1394.0413818359375,1395.7414323015912,1377.0408771794018,1394.0413818359375,202000,0.0,0.0
2005-04-29 00:00:00+09:00,1394.0413818359375,1394.0413818359375,1394.0413818359375,1394.0413818359375,0,0.0,0.0
2005-05-02 00:00:00+09:00,1377.0406197212837,1383.8408203125,1363.4402185388512,1383.8408203125,303500,0.0,0.0
2005-05-03 00:00:00+09:00,1383.8408203125,1383.8408203125,1383.8408203125,1383.8408203125,0,0.0,0.0
2005-05-04 00:00:00+09:00,1383.8408203125,1383.8408203125,1383.8408203125,1383.8408203125,0,0.0,0.0
2005-05-05 00:00:00+09:00,1383.8408203125,1383.8408203125,1383.8408203125,1383.8408203125,0,0.0,0.0
2005-05-06 00:00:00+09:00,1390.6412647660954,1414.441971009036,1387.241163874247,1411.0418701171875,275000,0.0,0.0
2005-05-09 00:00:00+09:00,1412.7417313653802,1433.142333984375,1400.8413798376334,1433.142333984375,294000,0.0,0.0
2005-05-10 00:00:00+09:00,1429.742160834155,1429.742160834155,1394.0411080665958,1400.84130859375,354500,0.0,0.0
2005-05-11 00:00:00+09:00,1399.1412584619613,1400.84130859375,1387.2409075394417,1400.84130859375,161000,0.0,0.0
2005-05-12 00:00:00+09:00,1392.3413017952796,1394.041352224822,1371.94069664077,1373.6407470703125,182000,0.0,0.0
2005-05-13 00:00:00+09:00,1365.1409252839376,1387.2415878352342,1365.1409252839376,1378.7413330078125,243500,0.0,0.0
2005-05-16 00:00:00+09:00,1380.4410942087068,1383.8411954259695,1366.8406893396555,1375.3409423828125,303500,0.0,0.0
2005-05-17 00:00:00+09:00,1387.2411586433686,1387.2411586433686,1353.24014985309,1365.1405029296875,385500,0.0,0.0
2005-05-18 00:00:00+09:00,1366.8407433748837,1377.0410474299201,1358.3404899956868,1370.2408447265625,418000,0.0,0.0
2005-05-19 00:00:00+09:00,1365.1405484217294,1371.9407504063956,1346.4399929638976,1368.5406494140625,473500,0.0,0.0
2005-05-20 00:00:00+09:00,1371.9405968607148,1371.9405968607148,1348.139892578125,1348.139892578125,197500,0.0,0.0
2005-05-23 00:00:00+09:00,1354.9406515916987,1361.7408556147436,1348.1404475686538,1353.2406005859375,178000,0.0,0.0
2005-05-24 00:00:00+09:00,1366.8406301205525,1370.240731190504,1361.740478515625,1361.740478515625,271500,0.0,0.0
2005-05-25 00:00:00+09:00,1351.5403113731973,1360.0405649038462,1322.6394493689904,1326.03955078125,329500,0.0,0.0
2005-05-26 00:00:00+09:00,1324.3395000751202,1327.7396014873798,1309.039043719952,1326.03955078125,271500,0.0,0.0
2005-05-27 00:00:00+09:00,1334.5395736111939,1341.3397752601682,1332.8395231989502,1336.2396240234375,264000,0.0,0.0
2005-05-30 00:00:00+09:00,1346.4400996851532,1371.9408591488873,1343.039998423322,1358.3404541015625,198000,0.0,0.0
2005-05-31 00:00:00+09:00,1368.5410272149063,1382.1414349387812,1358.3407214220001,1378.7413330078125,347500,0.0,0.0
2005-06-01 00:00:00+09:00,1380.4410400390625,1388.9412927486628,1370.2407367875423,1380.4410400390625,256500,0.0,0.0
2005-06-02 00:00:00+09:00,1378.740876208666,1378.740876208666,1341.339767359602,1344.7398681640625,368500,0.0,0.0
2005-06-03 00:00:00+09:00,1344.7403455571314,1360.0408046089824,1334.5400395225638,1353.2406005859375,441500,0.0,0.0
2005-06-06 00:00:00+09:00,1356.6397991036288,1358.3398489771923,1343.0394001151212,1349.839599609375,232500,0.0,0.0
2005-06-07 00:00:00+09:00,1349.8400342838377,1354.940185546875,1337.939681336751,1354.940185546875,349500,0.0,0.0
2005-06-08 00:00:00+09:00,1368.540757887056,1368.540757887056,1349.8402009469844,1358.3404541015625,337000,0.0,0.0
2005-06-09 00:00:00+09:00,1358.340271381904,1363.4404225885944,1337.9396665551417,1344.7398681640625,348500,0.0,0.0
2005-06-10 00:00:00+09:00,1354.9403528397313,1366.8407072561404,1349.8402009469844,1358.3404541015625,375500,0.0,0.0
2005-06-13 00:00:00+09:00,1370.240554733656,1375.3407056817962,1360.0402528373756,1366.8404541015625,155000,0.0,0.0
2005-06-14 00:00:00+09:00,1375.341151972364,1378.7412537077714,1361.7407450307337,1363.4407958984375,164500,0.0,0.0
2005-06-15 00:00:00+09:00,1380.4410455270352,1402.5417026598573,1377.0409444296781,1399.1416015625,409000,0.0,0.0
2005-06-16 00:00:00+09:00,1409.3418734826084,1412.7419745042794,1397.44151990676,1405.9417724609375,365500,0.0,0.0
2005-06-17 00:00:00+09:00,1412.7417313653802,1433.142333984375,1412.7417313653802,1433.142333984375,256000,0.0,0.0
2005-06-20 00:00:00+09:00,1445.042884141172,1458.6432877566183,1436.542631881518,1456.9432373046875,459500,0.0,0.0
2005-06-21 00:00:00+09:00,1439.9427276979009,1439.9427276979009,1405.9417187794145,1411.0418701171875,329500,0.0,0.0
2005-06-22 00:00:00+09:00,1411.04198843593,1441.6428990285167,1411.04198843593,1438.2427978515625,304500,0.0,0.0
2005-06-23 00:00:00+09:00,1438.242780453691,1472.2437918119342,1438.242780453691,1455.2432861328125,311000,0.0,0.0
2005-06-24 00:00:00+09:00,1421.242163401513,1446.742919921875,1421.242163401513,1446.742919921875,302000,0.0,0.0
2005-06-27 00:00:00+09:00,1424.642348158416,1439.9428029715732,1416.1420954844398,1434.8426513671875,169500,0.0,0.0
2005-06-28 00:00:00+09:00,1429.74248046875,1479.0439453125,1424.6423289331897,1479.0439453125,262500,0.0,0.0
2005-06-29 00:00:00+09:00,1465.4434814453125,1467.1435318878243,1439.9427248076329,1465.4434814453125,442000,0.0,0.0
2005-06-30 00:00:00+09:00,1467.1436401081978,1467.1436401081978,1441.6428815895154,1455.2432861328125,293000,0.0,0.0
2005-07-01 00:00:00+09:00,1462.043656213578,1482.4442653700467,1448.4432501092656,1458.6435546875,446500,0.0,0.0
2005-07-04 00:00:00+09:00,1473.9437565632243,1473.9437565632243,1456.9432518739136,1467.1435546875,175500,0.0,0.0
2005-07-05 00:00:00+09:00,1467.143546530728,1480.743950206563,1467.143546530728,1475.643798828125,246500,0.0,0.0
2005-07-06 00:00:00+09:00,1477.3438035643403,1480.743904378067,1456.9431986819789,1472.24365234375,357000,0.0,0.0
2005-07-07 00:00:00+09:00,1462.0433886604799,1467.1435400162723,1446.7429345931027,1456.9432373046875,157000,0.0,0.0
2005-07-08 00:00:00+09:00,1439.9425348573732,1450.1428361668704,1412.7417313653802,1433.142333984375,434000,0.0,0.0
2005-07-11 00:00:00+09:00,1455.2431482751153,1482.4439547849306,1450.142997054525,1472.24365234375,345000,0.0,0.0
2005-07-12 00:00:00+09:00,1472.2437458261672,1475.643846855789,1445.0429375891943,1451.8431396484375,424000,0.0,0.0
2005-07-13 00:00:00+09:00,1467.1435318878243,1467.1435318878243,1446.742926577681,1465.4434814453125,225000,0.0,0.0
2005-07-14 00:00:00+09:00,1467.1433636332667,1473.9435646234556,1456.9430621479833,1462.043212890625,214500,0.0,0.0
2005-07-15 00:00:00+09:00,1458.6433023428447,1477.3438575010864,1458.6433023428447,1467.1435546875,278500,0.0,0.0
2005-07-18 00:00:00+09:00,1467.1435546875,1467.1435546875,1467.1435546875,1467.1435546875,0,0.0,0.0
2005-07-19 00:00:00+09:00,1456.94331397341,1472.2437688459431,1451.8431623492324,1453.543212890625,231500,0.0,0.0
2005-07-20 00:00:00+09:00,1468.843605156431,1475.6438070321553,1462.0434032807068,1467.1435546875,236000,0.0,0.0
2005-07-21 00:00:00+09:00,1467.1438085026953,1475.6440623178903,1456.9435039244609,1458.6435546875,266500,0.0,0.0
2005-07-22 00:00:00+09:00,1460.3433003504138,1460.3433003504138,1434.8425442325367,1445.0428466796875,344500,0.0,0.0
2005-07-25 00:00:00+09:00,1446.7426891349583,1450.14278946195,1429.7421875,1429.7421875,385000,0.0,0.0
2005-07-26 00:00:00+09:00,1436.542724609375,1450.1431291027181,1431.4425729243712,1436.542724609375,260500,0.0,0.0
2005-07-27 00:00:00+09:00,1438.2430761947721,1456.9436362871393,1438.2430761947721,1450.1434326171875,165000,0.0,0.0
2005-07-28 00:00:00+09:00,1439.943104918574,1455.243562940141,1438.2430540272887,1448.443359375,237000,0.0,0.0
2005-07-29 00:00:00+09:00,1456.9432373046875,1470.5436409201338,1455.2431868527567,1456.9432373046875,288000,0.0,0.0
2005-08-01 00:00:00+09:00,1460.3431327254684,1472.2434842145,1460.3431327254684,1468.8433837890625,239000,0.0,0.0
2005-08-02 00:00:00+09:00,1470.5439100287733,1475.6440623178903,1445.0431485831875,1458.6435546875,334500,0.0,0.0
2005-08-03 00:00:00+09:00,1445.0430682466504,1446.743118915176,1428.0425615613956,1443.343017578125,362000,0.0,0.0
2005-08-04 00:00:00+09:00,1443.3428435257176,1448.442994916268,1394.041380083732,1421.2421875,368500,0.0,0.0
2005-08-05 00:00:00+09:00,1421.2422906412164,1421.2422906412164,1387.2412789033883,1392.3414306640625,325000,0.0,0.0
2005-08-08 00:00:00+09:00,1392.3410579348074,1405.9414589891155,1361.7401555626136,1400.84130859375,249000,0.0,0.0
2005-08-09 00:00:00+09:00,1388.9413432173294,1416.1421528764204,1388.9413432173294,1402.541748046875,274000,0.0,0.0
2005-08-10 00:00:00+09:00,1405.941809199125,1428.042466417491,1405.941809199125,1417.8421630859375,324000,0.0,0.0
2005-08-11 00:00:00+09:00,1441.6428282341385,1479.0439393439865,1428.0424241941937,1460.3433837890625,665000,0.0,0.0
2005-08-12 00:00:00+09:00,1443.3430978201486,1465.4437577396561,1434.8428440049533,1458.6435546875,398000,0.0,0.0
2005-08-15 00:00:00+09:00,1460.3434378365491,1472.2437918119342,1446.7430332932518,1455.2432861328125,239500,0.0,0.0
2005-08-16 00:00:00+09:00,1456.9435039244609,1463.743706976617,1450.1433008723047,1458.6435546875,285500,0.0,0.0
2005-08-17 00:00:00+09:00,1462.0433499025692,1475.6437531574768,1460.3432994957057,1472.24365234375,443000,0.0,0.0
2005-08-18 00:00:00+09:00,1484.1439215849973,1536.845481228909,1482.4438712739034,1511.3447265625,936500,0.0,0.0
2005-08-19 00:00:00+09:00,1513.0449844325751,1513.0449844325751,1484.1441251793685,1499.444580078125,464000,0.0,0.0
2005-08-22 00:00:00+09:00,1487.544022207185,1518.1449278068758,1480.7438209628094,1511.3447265625,196500,0.0,0.0
2005-08-23 00:00:00+09:00,1521.5454648963005,1526.645617292601,1507.9450585061659,1516.4453125,106000,0.0,0.0
2005-08-24 00:00:00+09:00,1499.4443662465299,1521.5450201707984,1487.544014133462,1492.6441650390625,369000,0.0,0.0
2005-08-25 00:00:00+09:00,1492.6442572261112,1506.2446604810189,1472.24365234375,1472.24365234375,189000,0.0,0.0
2005-08-26 00:00:00+09:00,1496.044865879444,1496.044865879444,1475.644254071997,1482.4444580078125,165000,0.0,0.0
2005-08-29 00:00:00+09:00,1472.2436913720646,1472.2436913720646,1453.543136400826,1456.9432373046875,148500,0.0,0.0
2005-08-30 00:00:00+09:00,1455.2432861328125,1462.0434884044612,1441.6428815895154,1455.2432861328125,336500,0.0,0.0
2005-08-31 00:00:00+09:00,1428.042137336504,1439.942488480975,1426.3420871730084,1429.7421875,448500,0.0,0.0
2005-09-01 00:00:00+09:00,1450.1434102662852,1463.7438173965668,1448.443359375,1448.443359375,278500,0.0,0.0
2005-09-02 00:00:00+09:00,1438.2428204785272,1450.143174785087,1429.742567402413,1439.94287109375,272000,0.0,0.0
2005-09-05 00:00:00+09:00,1445.043279864724,1456.9436362871393,1441.643178029748,1450.1434326171875,364500,0.0,0.0
2005-09-06 00:00:00+09:00,1455.243226249263,1455.243226249263,1436.5426707717606,1441.642822265625,272000,0.0,0.0
2005-09-07 00:00:00+09:00,1441.642822265625,1448.443024257444,1438.2427212697155,1441.642822265625,282500,0.0,0.0
2005-09-08 00:00:00+09:00,1438.2427697490446,1441.6428708595622,1409.3419103096428,1417.8421630859375,320500,0.0,0.0
2005-09-09 00:00:00+09:00,1400.8416661169329,1419.5422223393678,1385.5412110258499,1409.3419189453125,650000,0.0,0.0
2005-09-12 00:00:00+09:00,1433.1426234860392,1448.4430785410502,1421.242269554364,1436.542724609375,289500,0.0,0.0
2005-09-13 00:00:00+09:00,1450.142997903263,1450.142997903263,1436.5425946403952,1445.0428466796875,252500,0.0,0.0
2005-09-14 00:00:00+09:00,1438.2425094249636,1467.1433636332667,1436.5424591774163,1462.043212890625,398500,0.0,0.0
2005-09-15 00:00:00+09:00,1455.2431787902406,1468.8435823303364,1436.542623922609,1465.4434814453125,291000,0.0,0.0
2005-09-16 00:00:00+09:00,1453.5434023983828,1467.1438085026953,1445.0431485831875,1458.6435546875,306000,0.0,0.0
2005-09-19 00:00:00+09:00,1458.6435546875,1458.6435546875,1458.6435546875,1458.6435546875,0,0.0,0.0
2005-09-20 00:00:00+09:00,1482.444325915764,1496.0447325755415,1473.9440717534028,1490.944580078125,336500,0.0,0.0
2005-09-21 00:00:00+09:00,1496.0447591145835,1530.0457763671875,1494.3447082519533,1530.0457763671875,720500,0.0,0.0
2005-09-22 00:00:00+09:00,1496.0443191964284,1502.8445206473214,1475.6437148437499,1487.5440673828125,527500,0.0,0.0
2005-09-23 00:00:00+09:00,1487.5440673828125,1487.5440673828125,1487.5440673828125,1487.5440673828125,0,0.0,0.0
2005-09-26 00:00:00+09:00,1489.2442316228694,1501.1445850719106,1473.943777188388,1496.04443359375,401500,0.0,0.0
2005-09-27 00:00:00+09:00,1516.4449770815738,1521.5451283497855,1507.9447249678879,1509.644775390625,419500,0.0,0.0
2005-09-28 00:00:00+09:00,1521.5449287328827,1521.5449287328827,1504.5444267358673,1513.044677734375,269500,0.0,0.0
2005-09-29 00:00:00+09:00,1513.0452332704892,1518.1453857421875,1494.3446742075955,1518.1453857421875,451500,0.0,0.0
2005-09-30 00:00:00+09:00,1521.545029108037,1553.8459850332354,1507.9446266132165,1538.5455322265625,521500,0.0,0.0
2005-10-03 00:00:00+09:00,1541.9458461715312,1545.345947265625,1511.3449363246873,1545.345947265625,396500,0.0,0.0
2005-10-04 00:00:00+09:00,1545.346046750241,1547.0460974067319,1523.245388215859,1543.64599609375,696500,0.0,0.0
2005-10-05 00:00:00+09:00,1536.8455277602413,1536.8455277602413,1490.944167970942,1514.744873046875,740000,0.0,0.0
2005-10-06 00:00:00+09:00,1501.1446045779512,1506.2447561223837,1450.1430891336267,1451.8431396484375,824500,0.0,0.0
2005-10-07 00:00:00+09:00,1455.2431868527567,1472.2436913720646,1439.9427327853796,1456.9432373046875,366500,0.0,0.0
2005-10-10 00:00:00+09:00,1456.9432373046875,1456.9432373046875,1456.9432373046875,1456.9432373046875,0,0.0,0.0
2005-10-11 00:00:00+09:00,1490.9443673989208,1492.6444179888854,1450.1431532397714,1484.1441650390625,694000,0.0,0.0
2005-10-12 00:00:00+09:00,1485.8438745391502,1540.2454809295998,1480.7437239400456,1513.044677734375,472000,0.0,0.0
2005-10-13 00:00:00+09:00,1514.745001071837,1535.1456071468785,1511.34490005933,1533.445556640625,352500,0.0,0.0
2005-10-14 00:00:00+09:00,1533.4454644868879,1567.446472568637,1516.4449604460133,1553.8460693359375,873000,0.0,0.0
2005-10-17 00:00:00+09:00,1587.8470087139424,1671.1494749098558,1581.0468073918269,1657.549072265625,1759500,0.0,0.0
2005-10-18 00:00:00+09:00,1606.5481944715123,1606.5481944715123,1565.7469704849343,1567.447021484375,1166500,0.0,0.0
2005-10-19 00:00:00+09:00,1579.3468017578125,1604.8475574374327,1562.3462979713988,1579.3468017578125,542000,0.0,0.0
2005-10-20 00:00:00+09:00,1615.048016004326,1645.64892578125,1601.4476116590265,1645.64892578125,982500,0.0,0.0
2005-10-21 00:00:00+09:00,1594.6473984829215,1621.8482069858285,1586.1471458257631,1608.247802734375,424500,0.0,0.0
2005-10-24 00:00:00+09:00,1591.2472084655103,1615.047914575037,1564.046401483194,1574.2467041015625,362500,0.0,0.0
2005-10-25 00:00:00+09:00,1581.0470785805212,1626.94844537802,1579.3470279583914,1596.3475341796875,296000,0.0,0.0
2005-10-26 00:00:00+09:00,1581.0467685797275,1606.5475229116585,1577.6466680021367,1591.2470703125,442500,0.0,0.0
2005-10-27 00:00:00+09:00,1608.2476197568626,1630.3482741509845,1603.1474687428345,1621.8480224609375,288500,0.0,0.0
2005-10-28 00:00:00+09:00,1632.0481992937102,1642.2485005392957,1591.2469943113674,1594.6470947265625,558000,0.0,0.0
2005-10-31 00:00:00+09:00,1603.1476118956562,1635.4485712021433,1603.1476118956562,1623.5482177734375,257500,0.0,0.0
2005-11-01 00:00:00+09:00,1626.948324831376,1643.9488297930416,1625.2482743352095,1642.248779296875,154000,0.0,0.0
2005-11-02 00:00:00+09:00,1650.7488473402434,1660.9491491775673,1620.1479418282718,1628.648193359375,349500,0.0,0.0
2005-11-03 00:00:00+09:00,1458.6435546875,1458.6435546875,1458.6435546875,1458.6435546875,349500,0.0,0.0
2005-11-04 00:00:00+09:00,1662.6493539082637,1669.4495557647392,1642.248748338837,1649.0489501953125,482500,0.0,0.0
2005-11-07 00:00:00+09:00,1657.5493752706998,1657.5493752706998,1608.2479066729047,1625.2484130859375,572500,0.0,0.0
2005-11-08 00:00:00+09:00,1635.4486484907857,1647.349002481883,1615.0480416489047,1620.148193359375,339000,0.0,0.0
2005-11-09 00:00:00+09:00,1609.9475930071892,1613.347693520404,1589.5469899279005,1598.0472412109375,448000,0.0,0.0
2005-11-10 00:00:00+09:00,1589.5473911451256,1599.7476952594259,1550.4462253736413,1564.046630859375,492500,0.0,0.0
2005-11-11 00:00:00+09:00,1581.0472412109375,1594.6476475869456,1574.2470380229336,1581.0472412109375,299500,0.0,0.0
2005-11-14 00:00:00+09:00,1587.8471963571947,1598.0474995457848,1530.0454782885174,1535.1456298828125,520500,0.0,0.0
2005-11-15 00:00:00+09:00,1552.1464375813803,1555.5465393066406,1530.0457763671875,1530.0457763671875,201000,0.0,0.0
2005-11-16 00:00:00+09:00,1581.0465029140207,1620.147652986088,1565.7460528858205,1589.5467529296875,644500,0.0,0.0
2005-11-17 00:00:00+09:00,1599.74743476703,1654.1490478515625,1596.3473339492468,1654.1490478515625,673500,0.0,0.0
2005-11-18 00:00:00+09:00,1662.649344096872,1696.6503531786075,1654.149091826438,1684.75,538500,0.0,0.0
2005-11-21 00:00:00+09:00,1667.7495344670872,1693.250291874841,1655.8491810101357,1669.4495849609375,261500,0.0,0.0
2005-11-22 00:00:00+09:00,1696.650390625,1698.3504411166082,1677.9498352173096,1696.650390625,397000,0.0,0.0
2005-11-23 00:00:00+09:00,1696.650390625,1696.650390625,1696.650390625,1696.650390625,0,0.0,0.0
2005-11-24 00:00:00+09:00,1696.6503614073592,1705.1506137190195,1666.049453085383,1676.249755859375,264000,0.0,0.0
2005-11-25 00:00:00+09:00,1672.849714497925,1698.3504723408812,1667.749562929334,1689.8502197265625,278000,0.0,0.0
2005-11-28 00:00:00+09:00,1683.0500176351077,1696.6504218180175,1672.849714497925,1689.8502197265625,224000,0.0,0.0
2005-11-29 00:00:00+09:00,1674.5497117573423,1696.6503678516017,1674.5497117573423,1694.9503173828125,245000,0.0,0.0
2005-11-30 00:00:00+09:00,1696.650407428201,1722.1511650548773,1679.64990234375,1679.64990234375,459500,0.0,0.0
2005-12-01 00:00:00+09:00,1681.349998273753,1688.1502004912404,1667.7495938387783,1683.050048828125,210000,0.0,0.0
2005-12-02 00:00:00+09:00,1691.5501629638673,1706.8506166992188,1683.0499108886718,1700.0504150390625,351500,0.0,0.0
2005-12-05 00:00:00+09:00,1686.4501437133074,1740.8517612524463,1684.7500931652094,1737.45166015625,796500,0.0,0.0
2005-12-06 00:00:00+09:00,1751.0518798828125,1822.4539953731796,1745.9517287763579,1751.0518798828125,1153500,0.0,0.0
2005-12-07 00:00:00+09:00,1727.251243508788,1747.651848747081,1713.650840016593,1728.9512939453125,472500,0.0,0.0
2005-12-08 00:00:00+09:00,1713.6508104011195,1727.2512136582711,1700.0504071439677,1708.5506591796875,437500,0.0,0.0
2005-12-09 00:00:00+09:00,1747.6519634448387,1747.6519634448387,1708.5508008385825,1737.45166015625,623000,0.0,0.0
2005-12-12 00:00:00+09:00,1737.4514392783026,1769.7523955858248,1734.0513386143527,1766.352294921875,334000,0.0,0.0
2005-12-13 00:00:00+09:00,1766.3527577668574,1766.3527577668574,1727.251589885589,1745.9521484375,220000,0.0,0.0
2005-12-14 00:00:00+09:00,1747.651926185345,1757.8522292564655,1711.9508654364224,1725.55126953125,558000,0.0,0.0
2005-12-15 00:00:00+09:00,1751.0519791761571,1771.452584758792,1727.2512726630832,1749.3519287109375,383500,0.0,0.0
2005-12-16 00:00:00+09:00,1752.7519617061805,1761.2522137028157,1708.5506513236774,1717.0509033203125,312000,0.0,0.0
2005-12-19 00:00:00+09:00,1751.0521740049828,1751.0521740049828,1696.6505530650222,1727.25146484375,147500,0.0,0.0
2005-12-20 00:00:00+09:00,1710.2506339667048,1768.0523452538498,1706.8505333027551,1766.352294921875,462000,0.0,0.0
2005-12-21 00:00:00+09:00,1785.0531551425017,1830.9545219890233,1766.352598279104,1825.8543701171875,512500,0.0,0.0
2005-12-22 00:00:00+09:00,1824.1540994184888,1825.8541498373318,1768.0524355966713,1800.3533935546875,456500,0.0,0.0
2005-12-23 00:00:00+09:00,1800.3533935546875,1800.3533935546875,1800.3533935546875,1800.3533935546875,0,0.0,0.0
2005-12-26 00:00:00+09:00,1785.0530466802438,1813.9539055312573,1771.4526425150611,1790.1531982421875,274000,0.0,0.0
2005-12-27 00:00:00+09:00,1788.4533106778317,1802.053716082226,1757.852398517945,1774.8529052734375,177000,0.0,0.0
2005-12-28 00:00:00+09:00,1774.8525546361984,1812.253662109375,1757.8520512393,1812.253662109375,200500,0.0,0.0
2005-12-29 00:00:00+09:00,1813.9543777291767,1813.9543777291767,1779.9533584652745,1788.45361328125,285500,0.0,0.0
2005-12-30 00:00:00+09:00,1771.4523853495107,1781.652686992598,1737.4513798725527,1779.95263671875,234500,0.0,0.0
2006-01-02 00:00:00+09:00,1779.95263671875,1779.95263671875,1779.95263671875,1779.95263671875,0,0.0,0.0
2006-01-03 00:00:00+09:00,1779.95263671875,1779.95263671875,1779.95263671875,1779.95263671875,0,0.0,0.0
2006-01-04 00:00:00+09:00,1761.2521741557814,1813.9537353515625,1761.2521741557814,1813.9537353515625,200000,0.0,0.0
2006-01-05 00:00:00+09:00,1825.8544696619435,1846.2550782615183,1800.3537089124752,1824.1544189453125,411500,0.0,0.0
2006-01-06 00:00:00+09:00,1837.754719745855,1841.1548209849777,1793.553403637259,1807.15380859375,219000,0.0,0.0
2006-01-09 00:00:00+09:00,1807.15380859375,1807.15380859375,1807.15380859375,1807.15380859375,0,0.0,0.0
2006-01-10 00:00:00+09:00,1810.5535416480122,1824.1539438387954,1768.0522848018147,1779.95263671875,354000,0.0,0.0
2006-01-11 00:00:00+09:00,1779.9530522184552,1802.0537109375,1761.252494840802,1802.0537109375,211000,0.0,0.0
2006-01-12 00:00:00+09:00,1822.4546325451522,1822.4546325451522,1756.152644980543,1788.45361328125,255500,0.0,0.0
2006-01-13 00:00:00+09:00,1785.0534323877937,1802.0539412676774,1773.153076171875,1773.153076171875,204000,0.0,0.0
2006-01-16 00:00:00+09:00,1759.5521013532366,1802.0533598400298,1744.251648297991,1785.0528564453125,213500,0.0,0.0
2006-01-17 00:00:00+09:00,1759.5522627667683,1791.853222179878,1742.5517578125,1742.5517578125,410000,0.0,0.0
2006-01-18 00:00:00+09:00,1752.7521040227844,1752.7521040227844,1594.6474040478872,1626.9483642578125,400500,0.0,0.0
2006-01-19 00:00:00+09:00,1609.9485200068866,1713.6516453716386,1609.9485200068866,1706.8514404296875,558500,0.0,0.0
2006-01-20 00:00:00+09:00,1717.0510722535314,1734.051577919408,1647.3489990234375,1647.3489990234375,457500,0.0,0.0
2006-01-23 00:00:00+09:00,1630.348228005802,1677.9496361227598,1618.4478759765625,1618.4478759765625,198000,0.0,0.0
2006-01-24 00:00:00+09:00,1626.948324831376,1662.6493852508734,1626.948324831376,1642.248779296875,329500,0.0,0.0
2006-01-25 00:00:00+09:00,1659.2490988713466,1666.0493000962292,1628.648193359375,1628.648193359375,431000,0.0,0.0
2006-01-26 00:00:00+09:00,1632.048470222513,1642.248773161404,1616.748015814177,1623.5482177734375,357500,0.0,0.0
2006-01-27 00:00:00+09:00,1674.5498635713668,1691.5503698005177,1655.8493067193008,1688.1502685546875,437000,0.0,0.0
2006-01-30 00:00:00+09:00,1807.153775846041,1807.153775846041,1728.951448763334,1768.0526123046875,835500,0.0,0.0
2006-01-31 00:00:00+09:00,1793.5531312509436,1795.253181612319,1759.5521240234375,1759.5521240234375,367000,0.0,0.0
2006-02-01 00:00:00+09:00,1751.0519193582868,1752.7519697654307,1708.5506591796875,1708.5506591796875,269000,0.0,0.0
2006-02-02 00:00:00+09:00,1749.3516356697423,1757.8518865719277,1718.750732421875,1718.750732421875,207500,0.0,0.0
2006-02-03 00:00:00+09:00,1720.451097507515,1720.451097507515,1679.6498857089177,1696.650390625,318000,0.0,0.0
2006-02-06 00:00:00+09:00,1701.7504654541017,1718.7509696044922,1683.0499108886718,1700.0504150390625,245500,0.0,0.0
2006-02-07 00:00:00+09:00,1701.7504896444716,1710.250741840498,1662.6493295427506,1674.5496826171875,384500,0.0,0.0
2006-02-08 00:00:00+09:00,1674.5500767044527,1679.6502292223345,1623.5485515256369,1630.3487548828125,505500,0.0,0.0
2006-02-09 00:00:00+09:00,1637.1488547772328,1649.049209900224,1596.347637212691,1613.34814453125,584000,0.0,0.0
2006-02-10 00:00:00+09:00,1581.046970815722,1598.0474758782566,1530.0454556281181,1533.445556640625,826000,0.0,0.0
2006-02-13 00:00:00+09:00,1575.9467245890744,1581.0468758013367,1541.9457165073252,1553.8460693359375,721000,0.0,0.0
2006-02-14 00:00:00+09:00,1562.346512356657,1581.0470690878033,1514.7450952228307,1558.9464111328125,413000,0.0,0.0
2006-02-15 00:00:00+09:00,1581.0466408518564,1603.1472928207534,1518.1447852480728,1536.8453369140625,789000,0.0,0.0
2006-02-16 00:00:00+09:00,1513.0448150634766,1535.1454696655273,1504.544563293457,1523.2451171875,803000,0.0,0.0
2006-02-17 00:00:00+09:00,1506.2446745451507,1541.9457334226317,1490.944220740516,1509.644775390625,581500,0.0,0.0
2006-02-20 00:00:00+09:00,1504.544563293457,1545.3457717895508,1487.544059753418,1523.2451171875,670500,0.0,0.0
2006-02-21 00:00:00+09:00,1524.945398894365,1558.9464111328125,1523.2453482824426,1558.9464111328125,398500,0.0,0.0
2006-02-22 00:00:00+09:00,1572.546247384596,1572.546247384596,1524.944847463765,1526.6448974609375,428500,0.0,0.0
2006-02-23 00:00:00+09:00,1530.0456672314776,1550.4462761278974,1523.2454642660045,1540.2459716796875,368000,0.0,0.0
2006-02-24 00:00:00+09:00,1533.445442327289,1536.8455430863294,1502.844535495924,1524.9451904296875,609000,0.0,0.0
2006-02-27 00:00:00+09:00,1536.8458797950193,1555.5464380668614,1523.2454737791343,1531.7457275390625,470500,0.0,0.0
2006-02-28 00:00:00+09:00,1538.5459728839685,1543.646125280269,1513.0452109024664,1516.4453125,483500,0.0,0.0
2006-03-01 00:00:00+09:00,1533.4452098343256,1533.4452098343256,1501.1442575207423,1507.9444580078125,468000,0.0,0.0
2006-03-02 00:00:00+09:00,1509.6448375355114,1519.8451404918324,1489.2442316228694,1496.04443359375,466000,0.0,0.0
2006-03-03 00:00:00+09:00,1487.5440058548695,1489.2440561472752,1467.1434023460026,1473.943603515625,301500,0.0,0.0
2006-03-06 00:00:00+09:00,1487.544226267981,1499.444580078125,1473.9438219135309,1499.444580078125,340500,0.0,0.0
2006-03-07 00:00:00+09:00,1482.4439162946428,1509.6447220982143,1479.0438155691963,1487.5440673828125,397000,0.0,0.0
2006-03-08 00:00:00+09:00,1492.6441173464752,1494.3441675940226,1451.8429114053415,1462.043212890625,555000,0.0,0.0
2006-03-09 00:00:00+09:00,1470.5439700884585,1499.444834240486,1458.643614261153,1490.944580078125,543500,0.0,0.0
2006-03-10 00:00:00+09:00,1497.7445521802892,1524.9453613004762,1497.7445521802892,1501.1446533203125,642500,0.0,0.0
2006-03-13 00:00:00+09:00,1526.6453156623045,1553.8461230683145,1521.5451642736775,1548.7459716796875,472000,0.0,0.0
2006-03-14 00:00:00+09:00,1550.445597421353,1550.445597421353,1516.4445974779023,1526.6448974609375,449000,0.0,0.0
2006-03-15 00:00:00+09:00,1555.5460964568335,1587.8470536510192,1543.6457438063442,1579.3468017578125,511500,0.0,0.0
2006-03-16 00:00:00+09:00,1594.6470947265625,1616.7477474253317,1592.947044518965,1594.6470947265625,731000,0.0,0.0
2006-03-17 00:00:00+09:00,1615.0480104962612,1632.048515869906,1609.9478588841678,1626.9483642578125,671000,0.0,0.0
2006-03-20 00:00:00+09:00,1615.0478437681031,1659.2491531764933,1615.0478437681031,1650.7489013671875,393500,0.0,0.0
2006-03-21 00:00:00+09:00,1650.7489013671875,1650.7489013671875,1650.7489013671875,1650.7489013671875,0,0.0,0.0
2006-03-22 00:00:00+09:00,1657.5495028569756,1666.0497567177806,1642.2490459075266,1643.9490966796875,487000,0.0,0.0
2006-03-23 00:00:00+09:00,1630.3485513466283,1643.9489563630757,1584.4471844161185,1615.048095703125,556500,0.0,0.0
2006-03-24 00:00:00+09:00,1626.9481274260193,1637.1484291653674,1601.447373077649,1618.4478759765625,279000,0.0,0.0
2006-03-27 00:00:00+09:00,1603.1474687428345,1638.8485258410312,1603.1474687428345,1621.8480224609375,283000,0.0,0.0
2006-03-28 00:00:00+09:00,1632.5207453684193,1659.8432683034557,1618.8594839009013,1646.1820068359375,473000,8.5,0.0
2006-03-29 00:00:00+09:00,1654.7204029316804,1676.9199542610013,1642.7667983697386,1673.504638671875,568500,0.0,0.0
2006-03-30 00:00:00+09:00,1688.8738415362554,1688.8738415362554,1627.3981506411035,1644.4747314453125,669000,0.0,0.0
2006-03-31 00:00:00+09:00,1629.1056069575393,1634.228580564324,1600.0754231857593,1601.7830810546875,693500,0.0,0.0
2006-04-03 00:00:00+09:00,1618.8598468165503,1634.22876941291,1612.0292145515016,1620.5675048828125,278000,0.0,0.0
2006-04-04 00:00:00+09:00,1635.9363943073902,1637.6440523390263,1622.2751300543014,1623.9827880859375,221500,0.0,0.0
2006-04-05 00:00:00+09:00,1639.3515464907787,1676.9200194311925,1632.520915047067,1666.674072265625,639000,0.0,0.0
2006-04-06 00:00:00+09:00,1685.4583414384401,1695.7042888028075,1683.750683544379,1688.8736572265625,357500,0.0,0.0
2006-04-07 00:00:00+09:00,1699.1197109029752,1699.1197109029752,1668.3818668866397,1690.5814208984375,397500,0.0,0.0
2006-04-10 00:00:00+09:00,1690.5814537635217,1693.9967698317307,1676.920189490685,1687.1661376953125,506000,0.0,0.0
2006-04-11 00:00:00+09:00,1690.581411847132,1714.4886237318387,1688.873753855367,1704.24267578125,388000,0.0,0.0
2006-04-12 00:00:00+09:00,1704.242908508797,1704.242908508797,1680.335693359375,1680.335693359375,454000,0.0,0.0
2006-04-13 00:00:00+09:00,1676.919929144074,1693.9965068339322,1646.1820893023294,1663.2586669921875,208500,0.0,0.0
2006-04-14 00:00:00+09:00,1666.674072265625,1685.458308735832,1654.7204672391297,1666.674072265625,114000,0.0,0.0
2006-04-17 00:00:00+09:00,1666.6740049342104,1666.6740049342104,1620.5672445518092,1622.27490234375,183000,0.0,0.0
2006-04-18 00:00:00+09:00,1634.2286540394548,1634.2286540394548,1603.4908110167692,1632.52099609375,223500,0.0,0.0
2006-04-19 00:00:00+09:00,1653.0131665786696,1654.7208248086063,1612.0293690601902,1617.15234375,164500,0.0,0.0
2006-04-20 00:00:00+09:00,1632.5210452805286,1637.6440192719947,1618.8597813032857,1627.3980712890625,229000,0.0,0.0
2006-04-21 00:00:00+09:00,1637.643912820255,1651.305175909475,1618.8596760725775,1625.6903076171875,326000,0.0,0.0
2006-04-24 00:00:00+09:00,1622.2754211757856,1622.2754211757856,1559.092062666834,1569.3380126953125,337000,0.0,0.0
2006-04-25 00:00:00+09:00,1565.9224591183097,1584.7066979954104,1562.5071429588368,1581.2913818359375,343000,0.0,0.0
2006-04-26 00:00:00+09:00,1588.1220473252333,1608.613944710075,1569.337808055795,1577.8760986328125,413500,0.0,0.0
2006-04-27 00:00:00+09:00,1593.2446918111923,1593.2446918111923,1555.676221050371,1560.7991943359375,341000,0.0,0.0
2006-04-28 00:00:00+09:00,1538.599981904555,1552.2612470047065,1519.815742391847,1550.5535888671875,393500,0.0,0.0
2006-05-01 00:00:00+09:00,1559.0918629460602,1577.8761022586634,1550.5535723494224,1552.26123046875,153000,0.0,0.0
2006-05-02 00:00:00+09:00,1565.9224359926968,1589.8296487559442,1564.2147779381792,1571.04541015625,193000,0.0,0.0
2006-05-03 00:00:00+09:00,1571.04541015625,1571.04541015625,1571.04541015625,1571.04541015625,0,0.0,0.0
2006-05-04 00:00:00+09:00,1571.04541015625,1571.04541015625,1571.04541015625,1571.04541015625,0,0.0,0.0
2006-05-05 00:00:00+09:00,1571.04541015625,1571.04541015625,1571.04541015625,1571.04541015625,0,0.0,0.0
2006-05-08 00:00:00+09:00,1605.198396792544,1612.029028268257,1594.9524495789744,1601.7830810546875,252500,0.0,0.0
2006-05-09 00:00:00+09:00,1605.198396792544,1608.6137125304003,1591.537133841118,1601.7830810546875,328000,0.0,0.0
2006-05-10 00:00:00+09:00,1613.7367025434398,1613.7367025434398,1588.1218342490995,1600.075439453125,427500,0.0,0.0
2006-05-11 00:00:00+09:00,1601.7831300133691,1610.321419618984,1586.4142087232622,1596.66015625,298000,0.0,0.0
2006-05-12 00:00:00+09:00,1571.045198461329,1571.045198461329,1538.5996997974537,1567.6298828125,386000,0.0,0.0
2006-05-15 00:00:00+09:00,1567.6298591095267,1584.7064370954693,1564.2145435123382,1582.998779296875,369500,0.0,0.0
2006-05-16 00:00:00+09:00,1572.752979975602,1584.7065856866002,1542.01513671875,1542.01513671875,263000,0.0,0.0
2006-05-17 00:00:00+09:00,1531.7693760482566,1553.9689322228692,1506.1545035390884,1535.1846923828125,487000,0.0,0.0
2006-05-18 00:00:00+09:00,1536.892303863129,1584.7067310944265,1523.2310389399013,1577.8760986328125,477000,0.0,0.0
2006-05-19 00:00:00+09:00,1579.583552989816,1588.1218424654367,1560.7993161434506,1586.4141845703125,248000,0.0,0.0
2006-05-22 00:00:00+09:00,1594.9525895853105,1600.0755636417944,1572.753035340547,1574.460693359375,175500,0.0,0.0
2006-05-23 00:00:00+09:00,1540.3071831597222,1557.383759469697,1516.3999763257575,1521.52294921875,476500,0.0,0.0
2006-05-24 00:00:00+09:00,1524.9383884455194,1547.137939453125,1497.6158641284665,1547.137939453125,404000,0.0,0.0
2006-05-25 00:00:00+09:00,1514.692694357167,1576.168384319803,1511.2773782481318,1571.04541015625,506500,0.0,0.0
2006-05-26 00:00:00+09:00,1586.4143113899431,1623.9827880859375,1586.4143113899431,1623.9827880859375,498500,0.0,0.0
2006-05-29 00:00:00+09:00,1629.1056233894924,1634.22859704795,1613.73670241412,1625.6903076171875,537500,0.0,0.0
2006-05-30 00:00:00+09:00,1620.5673422086036,1620.5673422086036,1600.0754474704547,1612.029052734375,353000,0.0,0.0
2006-05-31 00:00:00+09:00,1560.7996270819024,1577.8762094350961,1531.7694370814731,1553.968994140625,504500,0.0,0.0
2006-06-01 00:00:00+09:00,1571.0452473958333,1588.121826171875,1553.9686686197917,1562.5069580078125,342500,0.0,0.0
2006-06-02 00:00:00+09:00,1613.736613384046,1629.1055335115132,1576.1681419613485,1622.27490234375,637500,0.0,0.0
2006-06-05 00:00:00+09:00,1588.121818353322,1664.9664224671922,1588.121818353322,1653.0128173828125,768500,0.0,0.0
2006-06-06 00:00:00+09:00,1651.3052945701024,1651.3052945701024,1564.2147361181117,1588.1219482421875,979500,0.0,0.0
2006-06-07 00:00:00+09:00,1584.7067476977247,1635.9364916965737,1571.045482631365,1576.16845703125,500000,0.0,0.0
2006-06-08 00:00:00+09:00,1559.091642252604,1571.0452473958333,1460.0474853515625,1485.662353515625,670000,0.0,0.0
2006-06-09 00:00:00+09:00,1434.432858822691,1509.569818094356,1434.432858822691,1497.6162109375,937500,0.0,0.0
2006-06-12 00:00:00+09:00,1477.1241995004507,1511.277360182542,1466.8782512958232,1509.5697021484375,453500,0.0,0.0
2006-06-13 00:00:00+09:00,1511.2773625732702,1530.0616009781356,1482.247175947569,1483.954833984375,271500,0.0,0.0
2006-06-14 00:00:00+09:00,1487.3699303850447,1530.061375,1483.9546148158483,1494.2005615234375,372000,0.0,0.0
2006-06-15 00:00:00+09:00,1495.9083817915482,1518.10793540261,1480.539460060813,1502.739013671875,504000,0.0,0.0
2006-06-16 00:00:00+09:00,1504.4467025705576,1547.1381527002554,1489.0777805238663,1524.9385986328125,699000,0.0,0.0
2006-06-19 00:00:00+09:00,1507.8619539905153,1540.307454699258,1507.8619539905153,1531.7691650390625,305000,0.0,0.0
2006-06-20 00:00:00+09:00,1545.430452636178,1588.1219016040282,1528.353873049038,1542.01513671875,445500,0.0,0.0
2006-06-21 00:00:00+09:00,1559.0917660861544,1559.0917660861544,1518.107973768446,1536.8922119140625,247000,0.0,0.0
2006-06-22 00:00:00+09:00,1548.845768553606,1560.799374264604,1530.061531007752,1542.01513671875,361500,0.0,0.0
2006-06-23 00:00:00+09:00,1519.815624617249,1528.3539146431883,1509.5696765861212,1524.9385986328125,531000,0.0,0.0
2006-06-26 00:00:00+09:00,1507.8617749746406,1511.2770904332467,1477.1239358471846,1499.323486328125,496500,0.0,0.0
2006-06-27 00:00:00+09:00,1511.2771393694197,1511.2771393694197,1494.2005615234375,1494.2005615234375,268500,0.0,0.0
2006-06-28 00:00:00+09:00,1480.5397564031687,1492.4933645863546,1468.5861482199828,1472.00146484375,331000,0.0,0.0
2006-06-29 00:00:00+09:00,1470.2936351268966,1485.6625581421604,1463.4630026756683,1477.124267578125,572000,0.0,0.0
2006-06-30 00:00:00+09:00,1494.2007822052108,1501.0314143524345,1465.1705955795094,1483.954833984375,479500,0.0,0.0
2006-07-03 00:00:00+09:00,1483.9546793993525,1494.2006265528578,1477.1240479636822,1487.3699951171875,499000,0.0,0.0
2006-07-04 00:00:00+09:00,1504.44677734375,1507.862093523872,1492.493170713323,1504.44677734375,360500,0.0,0.0
2006-07-05 00:00:00+09:00,1506.154248046875,1506.154248046875,1478.8317220052083,1485.662353515625,340000,0.0,0.0
2006-07-06 00:00:00+09:00,1487.3702890422487,1487.3702890422487,1463.4630742930049,1482.247314453125,424500,0.0,0.0
2006-07-07 00:00:00+09:00,1495.9085133403812,1499.3238295808844,1485.6625646188718,1489.077880859375,306500,0.0,0.0
2006-07-10 00:00:00+09:00,1482.247287450114,1497.6162109375,1465.170705797463,1497.6162109375,334000,0.0,0.0
2006-07-11 00:00:00+09:00,1482.2473926009418,1487.3703674601616,1441.263593727183,1461.7554931640625,453500,0.0,0.0
2006-07-12 00:00:00+09:00,1460.0475762519022,1460.0475762519022,1427.6020745574153,1437.8480224609375,519500,0.0,0.0
2006-07-13 00:00:00+09:00,1434.4328551733195,1434.4328551733195,1405.4026664376688,1422.479248046875,409000,0.0,0.0
2006-07-14 00:00:00+09:00,1422.4791187351034,1424.1867767407878,1398.5719066555218,1410.5255126953125,439000,0.0,0.0
2006-07-17 00:00:00+09:00,1601.7830810546875,1601.7830810546875,1601.7830810546875,1601.7830810546875,439000,0.0,0.0
2006-07-18 00:00:00+09:00,1398.5720593840106,1398.5720593840106,1366.1265537328554,1369.5418701171875,542500,0.0,0.0
2006-07-19 00:00:00+09:00,1386.6182952425372,1407.1101912313432,1372.95703125,1372.95703125,509000,0.0,0.0
2006-07-20 00:00:00+09:00,1417.3560384114583,1434.4326171875,1401.9871175130208,1434.4326171875,546000,0.0,0.0
2006-07-21 00:00:00+09:00,1422.4793258090838,1422.4793258090838,1393.4491354864494,1401.9874267578125,382500,0.0,0.0
2006-07-24 00:00:00+09:00,1386.618156321456,1408.8177080852229,1386.618156321456,1400.2794189453125,377000,0.0,0.0
2006-07-25 00:00:00+09:00,1407.110115354242,1437.8479576799414,1407.110115354242,1419.063720703125,305000,0.0,0.0
2006-07-26 00:00:00+09:00,1436.1404066819412,1437.8480647160457,1410.5255361703726,1420.771484375,327000,0.0,0.0
2006-07-27 00:00:00+09:00,1422.4790528814476,1424.186710808076,1391.7412102021365,1417.3560791015625,577500,0.0,0.0
2006-07-28 00:00:00+09:00,1432.7251970123987,1432.7251970123987,1401.9873501158277,1422.479248046875,396500,0.0,0.0
2006-07-31 00:00:00+09:00,1427.6023834884024,1446.386625376408,1427.6023834884024,1431.0177001953125,335000,0.0,0.0
2006-08-01 00:00:00+09:00,1431.017293390238,1456.6321614103497,1431.017293390238,1448.0938720703125,282000,0.0,0.0
2006-08-02 00:00:00+09:00,1449.8018632238052,1458.3401545266545,1441.2635719209559,1451.509521484375,368500,0.0,0.0
2006-08-03 00:00:00+09:00,1453.2169846643947,1460.0476167897266,1446.3863525390625,1446.3863525390625,169500,0.0,0.0
2006-08-04 00:00:00+09:00,1444.6786945077295,1449.8016686017286,1431.0174302570654,1446.3863525390625,252000,0.0,0.0
2006-08-07 00:00:00+09:00,1448.0936176241082,1453.216590327967,1429.3093843766255,1436.1400146484375,274500,0.0,0.0
2006-08-08 00:00:00+09:00,1451.5090978455598,1463.4627021807587,1427.6018891751626,1444.678466796875,369000,0.0,0.0
2006-08-09 00:00:00+09:00,1442.97117593651,1482.247314453125,1439.5558595437608,1482.247314453125,568000,0.0,0.0
2006-08-10 00:00:00+09:00,1468.5857586690945,1492.4929686939402,1463.4627850923418,1487.3699951171875,570000,0.0,0.0
2006-08-11 00:00:00+09:00,1487.3699872013651,1509.5695392491468,1482.247013651877,1501.03125,285500,0.0,0.0
2006-08-14 00:00:00+09:00,1501.0313068186845,1511.2772543055014,1483.9547276739895,1507.8619384765625,161500,0.0,0.0
2006-08-15 00:00:00+09:00,1499.3235921501707,1506.154223549488,1492.4929607508532,1501.03125,143500,0.0,0.0
2006-08-16 00:00:00+09:00,1509.5698076668432,1514.6927821272511,1502.7391750529662,1511.2774658203125,178500,0.0,0.0
2006-08-17 00:00:00+09:00,1514.6927390668645,1538.599952535789,1511.277422857018,1528.35400390625,359500,0.0,0.0
2006-08-18 00:00:00+09:00,1553.9688885880776,1559.0918629460602,1535.1846492754744,1552.26123046875,375000,0.0,0.0
2006-08-21 00:00:00+09:00,1547.1381029401507,1548.845760890416,1524.938549586705,1530.0615234375,417500,0.0,0.0
2006-08-22 00:00:00+09:00,1535.1845936474879,1547.1382000496374,1519.8156711304384,1545.4305419921875,169000,0.0,0.0
2006-08-23 00:00:00+09:00,1552.2612862226606,1576.1685007519425,1550.5536280419976,1559.0919189453125,293000,0.0,0.0
2006-08-24 00:00:00+09:00,1567.629931640625,1577.87587890625,1560.7993001302084,1562.5069580078125,461500,0.0,0.0
2006-08-25 00:00:00+09:00,1571.0456660755895,1579.5839577390436,1550.5537660832993,1557.3843994140625,297500,0.0,0.0
2006-08-28 00:00:00+09:00,1608.613737206926,1618.859684577671,1581.2912108849403,1586.4141845703125,668500,0.0,0.0
2006-08-29 00:00:00+09:00,1596.6603313017567,1606.9062799518215,1550.5535623764654,1565.9224853515625,543000,0.0,0.0
2006-08-30 00:00:00+09:00,1574.460860389203,1603.491049789004,1572.7532021892148,1594.9527587890625,447500,0.0,0.0
2006-08-31 00:00:00+09:00,1596.6600750862285,1627.3979161039313,1574.4605232401098,1605.1983642578125,753500,0.0,0.0
2006-09-01 00:00:00+09:00,1606.90597349715,1622.2748935412249,1603.4906579318001,1610.3212890625,343000,0.0,0.0
2006-09-04 00:00:00+09:00,1613.7367025434398,1617.1520183160185,1600.075439453125,1600.075439453125,234500,0.0,0.0
2006-09-05 00:00:00+09:00,1608.6140243889688,1613.7369989889337,1584.7068095891327,1594.9527587890625,281500,0.0,0.0
2006-09-06 00:00:00+09:00,1594.9525398543074,1596.66019781989,1576.1683022328968,1579.5836181640625,271500,0.0,0.0
2006-09-07 00:00:00+09:00,1559.0916093035441,1571.0452141941519,1528.3537681562673,1540.307373046875,471000,0.0,0.0
2006-09-08 00:00:00+09:00,1523.2307306757036,1560.7992016116516,1523.2307306757036,1547.137939453125,721000,0.0,0.0
2006-09-11 00:00:00+09:00,1530.061491364666,1540.3074388514829,1507.8619384765625,1507.8619384765625,380500,0.0,0.0
2006-09-12 00:00:00+09:00,1521.523209681136,1547.1380785309866,1519.8155517578125,1519.8155517578125,427500,0.0,0.0
2006-09-13 00:00:00+09:00,1565.922691077517,1569.3380077428985,1548.8461077506083,1557.3843994140625,750000,0.0,0.0
2006-09-14 00:00:00+09:00,1577.8758948374602,1617.152026418912,1571.0452632580773,1612.029052734375,899000,0.0,0.0
2006-09-15 00:00:00+09:00,1594.9527481629843,1608.614013671875,1591.5374317857616,1608.614013671875,251500,0.0,0.0
2006-09-18 00:00:00+09:00,1608.614013671875,1608.614013671875,1608.614013671875,1608.614013671875,0,0.0,0.0
2006-09-19 00:00:00+09:00,1613.7366534293967,1634.2285474411985,1591.537101583278,1605.1983642578125,298500,0.0,0.0
2006-09-20 00:00:00+09:00,1589.8297841890976,1601.7833915890155,1572.7532021892148,1594.9527587890625,294500,0.0,0.0
2006-09-21 00:00:00+09:00,1584.7066979954104,1586.4143560751468,1560.7994848791002,1581.2913818359375,324500,0.0,0.0
2006-09-22 00:00:00+09:00,1555.676228302204,1562.5068593814674,1540.3073083738618,1547.137939453125,274000,0.0,0.0
2006-09-25 00:00:00+09:00,1548.8459142300949,1559.0918629460602,1507.8621193662334,1552.26123046875,319500,0.0,0.0
2006-09-26 00:00:00+09:00,1569.3378015682508,1581.2914083266596,1557.3841948098418,1565.9224853515625,255500,0.0,0.0
2006-09-27 00:00:00+09:00,1550.5536455893669,1594.9527587890625,1536.8923799894606,1594.9527587890625,319000,0.0,0.0
2006-09-28 00:00:00+09:00,1593.2452294284294,1593.2452294284294,1555.6767459906744,1569.3380126953125,450000,0.0,0.0
2006-09-29 00:00:00+09:00,1596.6602642709606,1596.6602642709606,1560.7994455012386,1572.7530517578125,343000,0.0,0.0
2006-10-02 00:00:00+09:00,1589.8294437489612,1605.1983642578125,1582.9988124116937,1605.1983642578125,245500,0.0,0.0
2006-10-03 00:00:00+09:00,1605.1984294663127,1605.1984294663127,1581.2912188146868,1598.3677978515625,290000,0.0,0.0
2006-10-04 00:00:00+09:00,1600.0755137510557,1608.6138035789695,1560.799380542652,1579.5836181640625,286000,0.0,0.0
2006-10-05 00:00:00+09:00,1582.9991513891446,1606.9063661889804,1582.9991513891446,1594.9527587890625,357500,0.0,0.0
2006-10-06 00:00:00+09:00,1603.4907552257037,1608.6137288845719,1594.952465794257,1600.075439453125,176500,0.0,0.0
2006-10-09 00:00:00+09:00,1600.075439453125,1600.075439453125,1600.075439453125,1600.075439453125,0,0.0,0.0
2006-10-10 00:00:00+09:00,1598.3679056229664,1598.3679056229664,1567.6300612840632,1574.460693359375,242500,0.0,0.0
2006-10-11 00:00:00+09:00,1562.5071755941813,1608.613944710075,1562.5071755941813,1577.8760986328125,413000,0.0,0.0
2006-10-12 00:00:00+09:00,1588.1217767054738,1593.2447501787174,1559.0915936904275,1567.6298828125,217000,0.0,0.0
2006-10-13 00:00:00+09:00,1550.5535723494224,1559.0918629460602,1545.4305979914398,1552.26123046875,356500,0.0,0.0
2006-10-16 00:00:00+09:00,1550.5536280419976,1565.9225516679644,1550.5536280419976,1559.0919189453125,422000,0.0,0.0
2006-10-17 00:00:00+09:00,1562.507374412135,1571.0456660755895,1552.26142441599,1557.3843994140625,182500,0.0,0.0
2006-10-18 00:00:00+09:00,1557.3842175650054,1577.876115164545,1555.6765594317105,1576.16845703125,313500,0.0,0.0
2006-10-19 00:00:00+09:00,1593.245089974373,1608.614013671875,1584.7067990313162,1608.614013671875,370500,0.0,0.0
2006-10-20 00:00:00+09:00,1605.1983721164163,1605.1983721164163,1586.4141358469687,1591.537109375,203500,0.0,0.0
2006-10-23 00:00:00+09:00,1603.4907064234958,1608.6136799264461,1594.9524172519116,1605.1983642578125,262000,0.0,0.0
2006-10-24 00:00:00+09:00,1620.5672470404177,1678.6276120555644,1618.8595892458545,1673.504638671875,670500,0.0,0.0
2006-10-25 00:00:00+09:00,1668.3816652881856,1676.9199542610013,1661.551034109933,1673.504638671875,430500,0.0,0.0
2006-10-26 00:00:00+09:00,1673.5044264842152,1673.5044264842152,1656.427850703764,1670.089111328125,242500,0.0,0.0
2006-10-27 00:00:00+09:00,1671.7968654554077,1671.7968654554077,1644.4743426287614,1659.84326171875,337500,0.0,0.0
2006-10-30 00:00:00+09:00,1610.3212978001643,1630.8131913034538,1610.3212978001643,1622.27490234375,353500,0.0,0.0
2006-10-31 00:00:00+09:00,1639.352189781022,1656.428775091241,1629.1062385948906,1637.64453125,310000,0.0,0.0
2006-11-01 00:00:00+09:00,1632.5211803984616,1668.3820013067962,1627.3982059829855,1651.305419921875,217000,0.0,0.0
2006-11-02 00:00:00+09:00,1646.1820893023294,1663.2586669921875,1635.9361426884143,1663.2586669921875,182500,0.0,0.0
2006-11-03 00:00:00+09:00,1663.2586669921875,1663.2586669921875,1663.2586669921875,1663.2586669921875,0,0.0,0.0
2006-11-06 00:00:00+09:00,1663.2589703299423,1663.2589703299423,1622.275176399841,1644.4747314453125,366000,0.0,0.0
2006-11-07 00:00:00+09:00,1641.0593684022986,1651.3053165921153,1622.2751300543014,1623.9827880859375,355000,0.0,0.0
2006-11-08 00:00:00+09:00,1620.5672683959053,1635.936188749502,1600.07537459111,1606.906005859375,243500,0.0,0.0
2006-11-09 00:00:00+09:00,1598.367972840314,1632.5211346531414,1591.5373404777486,1630.8134765625,350000,0.0,0.0
2006-11-10 00:00:00+09:00,1630.8135701238223,1630.8135701238223,1601.7833809174297,1608.614013671875,317000,0.0,0.0
2006-11-13 00:00:00+09:00,1591.5373569767244,1605.1986218434774,1542.0152718347447,1565.9224853515625,485000,0.0,0.0
2006-11-14 00:00:00+09:00,1569.337781899995,1606.9062598127261,1569.337781899995,1593.2449951171875,310500,0.0,0.0
2006-11-15 00:00:00+09:00,1594.952489418874,1642.7669109432084,1591.5371735957071,1635.936279296875,501000,0.0,0.0
2006-11-16 00:00:00+09:00,1630.8135701238223,1653.0131265757695,1605.1986972946522,1608.614013671875,381500,0.0,0.0
2006-11-17 00:00:00+09:00,1605.1985822864528,1637.6440855454343,1605.1985822864528,1620.5675048828125,251500,0.0,0.0
2006-11-20 00:00:00+09:00,1605.1988327294066,1606.9064910620975,1557.3843994140625,1557.3843994140625,363000,0.0,0.0
2006-11-21 00:00:00+09:00,1560.7996270819024,1572.753234729138,1548.846019434667,1553.968994140625,202000,0.0,0.0
2006-11-22 00:00:00+09:00,1545.4305419921875,1560.799464509237,1519.8156711304384,1545.4305419921875,345000,0.0,0.0
2006-11-23 00:00:00+09:00,1545.4305419921875,1545.4305419921875,1545.4305419921875,1545.4305419921875,0,0.0,0.0
2006-11-24 00:00:00+09:00,1535.18444016803,1535.18444016803,1518.107861300755,1523.2308349609375,494000,0.0,0.0
2006-11-27 00:00:00+09:00,1523.2308830328748,1555.6763839046512,1514.6925933297757,1543.7227783203125,291000,0.0,0.0
2006-11-28 00:00:00+09:00,1514.6923186947602,1526.6459221117423,1492.4927694917928,1521.52294921875,653500,0.0,0.0
2006-11-29 00:00:00+09:00,1545.4305070392998,1574.460693359375,1542.0151910016439,1574.460693359375,534500,0.0,0.0
2006-11-30 00:00:00+09:00,1642.7671063569037,1646.1824225863359,1606.9062859478652,1641.0594482421875,817500,0.0,0.0
2006-12-01 00:00:00+09:00,1629.1058450259316,1637.6441356183107,1613.7369219596492,1615.444580078125,299000,0.0,0.0
2006-12-04 00:00:00+09:00,1605.198324424342,1627.3978757195723,1605.198324424342,1622.27490234375,223000,0.0,0.0
2006-12-05 00:00:00+09:00,1622.2749426009807,1630.813231772565,1598.3677329205452,1605.1983642578125,256000,0.0,0.0
2006-12-06 00:00:00+09:00,1630.8130876849796,1654.7202952531363,1629.1054300015398,1646.1820068359375,443000,0.0,0.0
2006-12-07 00:00:00+09:00,1663.2585836703352,1666.6738990372148,1639.3513761021784,1646.1820068359375,333500,0.0,0.0
2006-12-08 00:00:00+09:00,1632.5215556569344,1644.4751653740877,1620.567945939781,1637.64453125,489500,0.0,0.0
2006-12-11 00:00:00+09:00,1644.474754498839,1658.1360193337202,1644.474754498839,1654.720703125,304500,0.0,0.0
2006-12-12 00:00:00+09:00,1663.258805371997,1664.9664632830566,1651.30519999458,1661.5511474609375,391000,0.0,0.0
2006-12-13 00:00:00+09:00,1656.4280607262435,1673.504638671875,1653.0127451371172,1673.504638671875,346000,0.0,0.0
2006-12-14 00:00:00+09:00,1673.5047923354105,1697.4120036544878,1668.3818184813224,1695.704345703125,739000,0.0,0.0
2006-12-15 00:00:00+09:00,1680.3352947119042,1688.8735838110501,1664.9663743334418,1683.7506103515625,431000,0.0,0.0
2006-12-18 00:00:00+09:00,1666.674121194116,1671.7970949272947,1656.4281737277588,1661.5511474609375,284500,0.0,0.0
2006-12-19 00:00:00+09:00,1656.4282063131598,1663.2588380917707,1654.720548368507,1658.1358642578125,228000,0.0,0.0
2006-12-20 00:00:00+09:00,1690.581355565031,1697.4119873046875,1671.797118280975,1697.4119873046875,439500,0.0,0.0
2006-12-21 00:00:00+09:00,1695.704385822426,1711.0733077483092,1680.3354638965432,1704.24267578125,601000,0.0,0.0
2006-12-22 00:00:00+09:00,1690.581479876229,1690.581479876229,1661.5512928480514,1671.7972412109375,537000,0.0,0.0
2006-12-25 00:00:00+09:00,1654.720516324292,1658.1358321474588,1627.3979897389581,1635.936279296875,491000,0.0,0.0
2006-12-26 00:00:00+09:00,1627.3980460375114,1646.1822837147545,1622.2750721255359,1642.7669677734375,226500,0.0,0.0
2006-12-27 00:00:00+09:00,1664.9664224671922,1673.504711813178,1647.8898437752212,1653.0128173828125,251000,0.0,0.0
2006-12-28 00:00:00+09:00,1673.5046136061023,1676.919929144074,1658.13569368523,1663.2586669921875,222500,0.0,0.0
2006-12-29 00:00:00+09:00,1676.919929144074,1676.919929144074,1663.2586669921875,1663.2586669921875,73500,0.0,0.0
2007-01-04 00:00:00+09:00,1666.6740074936224,1673.504638671875,1647.8897717534278,1673.504638671875,148500,0.0,0.0
2007-01-05 00:00:00+09:00,1671.796872087534,1678.627502821293,1637.6437184187387,1646.1820068359375,333500,0.0,0.0
2007-01-09 00:00:00+09:00,1663.258828606404,1707.6579349141725,1656.4281968667474,1697.4119873046875,611500,0.0,0.0
2007-01-10 00:00:00+09:00,1705.9502691483426,1705.9502691483426,1664.9664788985326,1685.4583740234375,719500,0.0,0.0
2007-01-11 00:00:00+09:00,1690.5810022646663,1695.7039749988016,1661.5508234378995,1670.089111328125,427500,0.0,0.0
2007-01-12 00:00:00+09:00,1675.2126424398766,1709.3658053846245,1666.6743517036898,1700.8275146484375,367500,0.0,0.0
2007-01-15 00:00:00+09:00,1704.242634364537,1731.565161568778,1704.242634364537,1721.3192138671875,240500,0.0,0.0
2007-01-16 00:00:00+09:00,1712.7806718428055,1716.1959872402988,1693.9964371565934,1709.3653564453125,162500,0.0,0.0
2007-01-17 00:00:00+09:00,1695.7043293697734,1704.242619044344,1659.8435127365756,1697.4119873046875,727500,0.0,0.0
2007-01-18 00:00:00+09:00,1699.1197906494142,1728.1499780273439,1692.2891583251953,1707.6580810546875,475000,0.0,0.0
2007-01-19 00:00:00+09:00,1726.4420737280634,1733.272705078125,1705.9501796778786,1733.272705078125,553000,0.0,0.0
2007-01-22 00:00:00+09:00,1731.5650960447288,1734.9804118160203,1719.6114908452091,1728.1497802734375,221000,0.0,0.0
2007-01-23 00:00:00+09:00,1711.073193359375,1726.4421142578126,1705.9502197265624,1716.1961669921875,225500,0.0,0.0
2007-01-24 00:00:00+09:00,1734.980653222371,1765.7184994408776,1734.980653222371,1753.764892578125,521500,0.0,0.0
2007-01-25 00:00:00+09:00,1784.502607158586,1787.917923153148,1738.3958412320005,1741.8111572265625,448500,0.0,0.0
2007-01-26 00:00:00+09:00,1743.5185637121535,1755.47216796875,1729.8573017046147,1755.47216796875,283000,0.0,0.0
2007-01-29 00:00:00+09:00,1757.1799560546874,1777.6718505859376,1750.3493245442708,1767.4259033203125,342000,0.0,0.0
2007-01-30 00:00:00+09:00,1782.795166015625,1798.1640898605872,1772.54921678565,1782.795166015625,423000,0.0,0.0
2007-01-31 00:00:00+09:00,1764.0106870512052,1764.0106870512052,1711.07328985993,1731.565185546875,748500,0.0,0.0
2007-02-01 00:00:00+09:00,1750.34982935954,1784.5029967616774,1748.6421709894332,1777.67236328125,393500,0.0,0.0
2007-02-02 00:00:00+09:00,1762.3032452357297,1781.0874852527772,1743.5190052186822,1772.5491943359375,543500,0.0,0.0
2007-02-05 00:00:00+09:00,1772.5489665576786,1781.0872563773205,1743.5187811708956,1770.84130859375,534000,0.0,0.0
2007-02-06 00:00:00+09:00,1772.54921678565,1784.5028242206208,1764.010925760671,1782.795166015625,240000,0.0,0.0
2007-02-07 00:00:00+09:00,1784.5022231663668,1799.8711418347852,1755.4720434593542,1794.7481689453125,652000,0.0,0.0
2007-02-08 00:00:00+09:00,1796.4560872395832,1801.5790608723958,1758.8876139322917,1767.4259033203125,343500,0.0,0.0
2007-02-09 00:00:00+09:00,1733.2730502138777,1767.42621376489,1728.1500756812256,1760.5955810546875,546500,0.0,0.0
2007-02-13 00:00:00+09:00,1758.887494187128,1799.8712804594493,1757.179836425781,1793.0406494140625,534000,0.0,0.0
2007-02-14 00:00:00+09:00,1798.1634780840561,1827.1936576922508,1796.4558204600448,1808.409423828125,703500,0.0,0.0
2007-02-15 00:00:00+09:00,1774.256962351138,1825.486711023452,1767.4263291948296,1823.779052734375,886000,0.0,0.0
2007-02-16 00:00:00+09:00,1808.4096762136492,1823.7785969746717,1801.5790447643058,1820.36328125,373000,0.0,0.0
2007-02-19 00:00:00+09:00,1825.4863358394807,1851.1012049111291,1813.5327302727114,1837.43994140625,336000,0.0,0.0
2007-02-20 00:00:00+09:00,1839.1479435176639,1869.8857921558422,1827.194335713928,1864.7628173828125,608000,0.0,0.0
2007-02-21 00:00:00+09:00,1830.6095135971054,1840.8554623672385,1808.409957928484,1828.90185546875,775500,0.0,0.0
2007-02-22 00:00:00+09:00,1852.808888228898,1863.054835997906,1813.5327551143685,1822.071044921875,525500,0.0,0.0
2007-02-23 00:00:00+09:00,1845.9782387970336,1869.8854500302978,1839.1476070161011,1849.3935546875,515000,0.0,0.0
2007-02-26 00:00:00+09:00,1869.8856266527123,1881.8392333984375,1849.3937293743265,1881.8392333984375,845000,0.0,0.0
2007-02-27 00:00:00+09:00,1871.5934504135187,1881.8393999595783,1854.5168678367531,1864.7628173828125,358500,0.0,0.0
2007-02-28 00:00:00+09:00,1825.4865430196126,1827.1942011515298,1772.5491409301758,1803.2869873046875,721500,0.0,0.0
2007-03-01 00:00:00+09:00,1779.3798496056334,1789.6257988356083,1741.8113690957255,1782.795166015625,768500,0.0,0.0
2007-03-02 00:00:00+09:00,1799.8717191383516,1804.9946936710035,1755.4726065220357,1760.5955810546875,525000,0.0,0.0
2007-03-05 00:00:00+09:00,1741.8109930203045,1745.2263086928933,1680.3353109137056,1682.04296875,713000,0.0,0.0
2007-03-06 00:00:00+09:00,1683.750769485339,1748.6417727717924,1683.750769485339,1743.518798828125,770000,0.0,0.0
2007-03-07 00:00:00+09:00,1777.6719898688723,1779.3796478802738,1731.5652235610341,1765.7183837890625,734500,0.0,0.0
2007-03-08 00:00:00+09:00,1760.595696038521,1823.779052734375,1750.3497463040583,1823.779052734375,894000,0.0,0.0
2007-03-09 00:00:00+09:00,1822.071220288854,1832.3171690439929,1791.3333740234375,1791.3333740234375,1127500,0.0,0.0
2007-03-12 00:00:00+09:00,1808.409957928484,1835.732487982172,1798.1640091583508,1828.90185546875,726500,0.0,0.0
2007-03-13 00:00:00+09:00,1837.4402175729267,1837.4402175729267,1789.625788119356,1796.4564208984375,692500,0.0,0.0
2007-03-14 00:00:00+09:00,1728.149739901847,1777.6718174286784,1728.149739901847,1745.226318359375,791000,0.0,0.0
2007-03-15 00:00:00+09:00,1779.3799275243005,1779.3799275243005,1750.349736768146,1762.3033447265625,456500,0.0,0.0
2007-03-16 00:00:00+09:00,1755.4723971816445,1758.8877131294687,1724.7345536512266,1731.565185546875,455500,0.0,0.0
2007-03-19 00:00:00+09:00,1731.5649184956928,1753.7644687328172,1724.7342876535008,1746.933837890625,335500,0.0,0.0
2007-03-20 00:00:00+09:00,1757.1800448823228,1775.9642824855353,1753.7647289544661,1770.84130859375,416500,0.0,0.0
2007-03-22 00:00:00+09:00,1793.0408040985808,1801.5790936419073,1784.502514555254,1789.62548828125,336000,0.0,0.0
2007-03-23 00:00:00+09:00,1791.3332446898241,1791.3332446898241,1764.0107166487974,1779.379638671875,452000,0.0,0.0
2007-03-26 00:00:00+09:00,1784.5025723051772,1789.6255461969624,1746.9340970987525,1770.84130859375,430500,0.0,0.0
2007-03-27 00:00:00+09:00,1778.9899384975433,1792.7140653133392,1741.2485897541046,1756.688232421875,491500,9.5,0.0
2007-03-28 00:00:00+09:00,1758.4036333287656,1770.4122435075963,1724.0933185321069,1736.1019287109375,534000,0.0,0.0
2007-03-29 00:00:00+09:00,1724.0933185321069,1756.6881175889328,1717.2312555727751,1736.1019287109375,295000,0.0,0.0
2007-03-30 00:00:00+09:00,1741.2485969137158,1751.5416920678856,1730.9555017595462,1739.5330810546875,241000,0.0,0.0
2007-04-02 00:00:00+09:00,1756.6881300403227,1761.8346772963002,1700.0761102245701,1701.7916259765625,373000,0.0,0.0
2007-04-03 00:00:00+09:00,1718.9467168573615,1729.2398109702797,1706.9381070589568,1717.231201171875,382500,0.0,0.0
2007-04-04 00:00:00+09:00,1725.80908203125,1742.9642418923956,1718.9470180867918,1725.80908203125,351000,0.0,0.0
2007-04-05 00:00:00+09:00,1725.8088452590544,1725.8088452590544,1698.3605932469818,1705.22265625,406000,0.0,0.0
2007-04-06 00:00:00+09:00,1713.80023624051,1725.8088465044577,1684.6364684566377,1701.7916259765625,366500,0.0,0.0
2007-04-09 00:00:00+09:00,1710.3693114512066,1741.2485969137158,1710.3693114512066,1739.5330810546875,352000,0.0,0.0
2007-04-10 00:00:00+09:00,1739.5330220117767,1742.9640536133777,1729.239927206973,1734.386474609375,327000,0.0,0.0
2007-04-11 00:00:00+09:00,1749.826054629601,1760.1191490685987,1732.6708972312715,1736.1019287109375,424000,0.0,0.0
2007-04-12 00:00:00+09:00,1742.9642418923956,1742.9642418923956,1713.800470128448,1725.80908203125,487000,0.0,0.0
2007-04-13 00:00:00+09:00,1718.9470725779706,1748.1108452664193,1718.9470725779706,1737.8177490234375,530500,0.0,0.0
2007-04-16 00:00:00+09:00,1741.248529905914,1775.558845766129,1739.5330141129032,1754.97265625,432000,0.0,0.0
2007-04-17 00:00:00+09:00,1784.136359663789,1789.2829068551268,1753.2570765157618,1763.5501708984375,486000,0.0,0.0
2007-04-18 00:00:00+09:00,1796.1451921570977,1832.1710269568102,1787.5676124428803,1818.4468994140625,915500,0.0,0.0
2007-04-19 00:00:00+09:00,1820.162416973727,1821.8779329180943,1777.274518364544,1815.015869140625,882500,0.0,0.0
2007-04-20 00:00:00+09:00,1796.1451953541148,1820.1624185966723,1787.56761562463,1811.5848388671875,641000,0.0,0.0
2007-04-23 00:00:00+09:00,1818.447040264423,1825.3091045673077,1772.1281062199519,1784.13671875,583500,0.0,0.0
2007-04-24 00:00:00+09:00,1792.7142953689984,1799.5763596574923,1772.128102503517,1790.998779296875,399500,0.0,0.0
2007-04-25 00:00:00+09:00,1784.1365333622962,1796.1451446445424,1770.4124061825862,1789.2830810546875,565000,0.0,0.0
2007-04-26 00:00:00+09:00,1808.1538037570017,1832.1710269568102,1773.8434849001326,1818.4468994140625,388500,0.0,0.0
2007-04-27 00:00:00+09:00,1799.5764739177978,1833.8867975387282,1796.1454415557048,1804.7230224609375,451500,0.0,0.0
2007-05-01 00:00:00+09:00,1835.601881116316,1835.601881116316,1790.9984709209664,1799.5760498046875,331500,0.0,0.0
2007-05-02 00:00:00+09:00,1794.4294974075362,1818.446718214138,1777.2743396885348,1813.3001708984375,319000,0.0,0.0
2007-05-07 00:00:00+09:00,1835.60229697924,1839.0333293100423,1816.7316191598272,1832.1712646484375,424500,0.0,0.0
2007-05-08 00:00:00+09:00,1832.1709692498519,1837.317516916284,1799.5761673624481,1809.8692626953125,274000,0.0,0.0
2007-05-09 00:00:00+09:00,1780.7053775295487,1808.1536299770178,1780.7053775295487,1796.14501953125,472500,0.0,0.0
2007-05-10 00:00:00+09:00,1806.43853655531,1828.7402468831533,1801.2919880181155,1808.154052734375,259500,0.0,0.0
2007-05-11 00:00:00+09:00,1808.1535750576888,1808.1535750576888,1760.1191347335757,1777.2742919921875,244500,0.0,0.0
2007-05-14 00:00:00+09:00,1794.4298344630822,1797.860866651348,1749.826416015625,1749.826416015625,336500,0.0,0.0
2007-05-15 00:00:00+09:00,1715.5157422262525,1744.679509844099,1715.5157422262525,1729.2398681640625,766000,0.0,0.0
2007-05-16 00:00:00+09:00,1722.3779326171875,1724.093448486328,1700.0762263183592,1715.515869140625,541000,0.0,0.0
2007-05-17 00:00:00+09:00,1727.5243500117726,1746.395023149935,1725.8088342719398,1736.1019287109375,378000,0.0,0.0
2007-05-18 00:00:00+09:00,1753.2570873298266,1753.2570873298266,1725.8088354733911,1732.6708984375,296000,0.0,0.0
2007-05-21 00:00:00+09:00,1732.6711459757082,1734.3866619618227,1715.5159861145626,1725.80908203125,450000,0.0,0.0
2007-05-22 00:00:00+09:00,1732.6711259860435,1770.4124772451455,1722.3780301881068,1766.9814453125,513500,0.0,0.0
2007-05-23 00:00:00+09:00,1753.2573807966164,1773.8435731347372,1746.3953166839094,1761.8349609375,490500,0.0,0.0
2007-05-24 00:00:00+09:00,1796.1449697769106,1808.1535798900322,1761.8346551679917,1763.5501708984375,799000,0.0,0.0
2007-05-25 00:00:00+09:00,1741.248725906281,1748.1107898507394,1705.2228901978751,1725.80908203125,718500,0.0,0.0
2007-05-28 00:00:00+09:00,1739.533274200835,1744.6798223493581,1717.2315655572345,1720.66259765625,499000,0.0,0.0
2007-05-29 00:00:00+09:00,1741.248824245246,1790.9987906522529,1734.386759913245,1770.41259765625,879000,0.0,0.0
2007-05-30 00:00:00+09:00,1758.4038654808858,1787.5676369083737,1746.395253716626,1766.9814453125,613500,0.0,0.0
2007-05-31 00:00:00+09:00,1768.6970815732498,1782.4212102372517,1766.9815654902495,1770.41259765625,430000,0.0,0.0
2007-06-01 00:00:00+09:00,1799.5761018742276,1832.1709025754767,1796.1450702214645,1821.8778076171875,581500,0.0,0.0
2007-06-04 00:00:00+09:00,1825.3087146751877,1833.8862932215936,1809.869073291657,1828.73974609375,441000,0.0,0.0
2007-06-05 00:00:00+09:00,1835.6020460164236,1861.3347849792708,1830.4554982238542,1845.8951416015625,552000,0.0,0.0
2007-06-06 00:00:00+09:00,1902.506905341279,1945.3947977069527,1875.0586542272479,1876.774169921875,1279500,0.0,0.0
2007-06-07 00:00:00+09:00,1863.050473215823,1883.6366662900311,1861.3349571263057,1868.197021484375,843500,0.0,0.0
2007-06-08 00:00:00+09:00,1869.9119918258102,1880.2050853587964,1844.179257993345,1852.7568359375,801000,0.0,0.0
2007-06-11 00:00:00+09:00,1871.6281219313194,1883.6367349959567,1844.1798634978627,1856.1884765625,482000,0.0,0.0
2007-06-12 00:00:00+09:00,1887.0675239421178,1887.0675239421178,1837.3175619472802,1845.8951416015625,490000,0.0,0.0
2007-06-13 00:00:00+09:00,1827.02448238026,1828.739998326157,1785.852099678733,1811.5848388671875,522000,0.0,0.0
2007-06-14 00:00:00+09:00,1868.196851929622,1871.6278837972613,1835.6020491870484,1839.0330810546875,445000,0.0,0.0
2007-06-15 00:00:00+09:00,1837.3178131446411,1876.7746849488678,1809.8695544982224,1832.1712646484375,412000,0.0,0.0
2007-06-18 00:00:00+09:00,1840.7485263806882,1863.0502326648905,1833.886462908626,1861.334716796875,401500,0.0,0.0
2007-06-19 00:00:00+09:00,1866.4810916979363,1866.4810916979363,1828.73974609375,1828.73974609375,504000,0.0,0.0
2007-06-20 00:00:00+09:00,1859.61962890625,1885.3523728486798,1833.8868849638204,1859.61962890625,694500,0.0,0.0
2007-06-21 00:00:00+09:00,1835.6020460164236,1852.7572053249883,1825.3089504312848,1845.8951416015625,443500,0.0,0.0
2007-06-22 00:00:00+09:00,1828.7398709227136,1845.895029186529,1808.1536810061352,1821.8778076171875,412000,0.0,0.0
2007-06-25 00:00:00+09:00,1787.5675636401018,1820.1623656642496,1787.5675636401018,1792.714111328125,551500,0.0,0.0
2007-06-26 00:00:00+09:00,1808.1538037570017,1818.4468994140625,1796.1451921570977,1818.4468994140625,278000,0.0,0.0
2007-06-27 00:00:00+09:00,1818.4467928671422,1818.4467928671422,1770.4123492819726,1780.7054443359375,443500,0.0,0.0
2007-06-28 00:00:00+09:00,1815.0160571729582,1820.162605539233,1785.8522830974002,1806.4384765625,393000,0.0,0.0
2007-06-29 00:00:00+09:00,1811.5850706636238,1835.60229697924,1811.5850706636238,1832.1712646484375,585000,0.0,0.0
2007-07-02 00:00:00+09:00,1833.8862325319103,1840.7482951419454,1815.0155603543135,1827.024169921875,457500,0.0,0.0
2007-07-03 00:00:00+09:00,1828.7396855743839,1835.6017481844192,1809.869013396787,1827.024169921875,345500,0.0,0.0
2007-07-04 00:00:00+09:00,1844.1794483932024,1844.1794483932024,1818.4467119039948,1830.455322265625,292000,0.0,0.0
2007-07-05 00:00:00+09:00,1833.886219391792,1897.3602980798148,1833.886219391792,1871.6275634765625,744000,0.0,0.0
2007-07-06 00:00:00+09:00,1871.6274469600523,1887.0670867608228,1844.1791984253496,1847.6102294921875,301500,0.0,0.0
2007-07-09 00:00:00+09:00,1844.1791984253496,1863.0498692929577,1832.170589691417,1847.6102294921875,414000,0.0,0.0
2007-07-10 00:00:00+09:00,1849.3261734632754,1861.3347849792708,1828.7399822929979,1845.8951416015625,160500,0.0,0.0
2007-07-11 00:00:00+09:00,1818.4468361396107,1833.8864790879659,1806.4382249575567,1823.5933837890625,283000,0.0,0.0
2007-07-12 00:00:00+09:00,1830.4555715835959,1842.464183580864,1806.4383475890595,1820.1624755859375,381000,0.0,0.0
2007-07-13 00:00:00+09:00,1851.041320348669,1868.1964762369792,1837.3171956380208,1852.7568359375,360000,0.0,0.0
2007-07-17 00:00:00+09:00,1864.7660573229552,1875.0591542355014,1825.3091858248613,1856.1884765625,413000,0.0,0.0
2007-07-18 00:00:00+09:00,1857.9038275773519,1857.9038275773519,1811.5848955878887,1820.1624755859375,351500,0.0,0.0
2007-07-19 00:00:00+09:00,1851.041320348669,1866.480960648148,1845.894773582176,1852.7568359375,336000,0.0,0.0
2007-07-20 00:00:00+09:00,1844.1798778062457,1847.610910137048,1820.1626514906295,1832.1712646484375,407000,0.0,0.0
2007-07-23 00:00:00+09:00,1820.162665987829,1820.162665987829,1784.1368262274668,1808.154052734375,649000,0.0,0.0
2007-07-24 00:00:00+09:00,1820.1623520227613,1825.308899672213,1796.145129658653,1823.5933837890625,384000,0.0,0.0
2007-07-25 00:00:00+09:00,1825.3085275577414,1849.3257450256062,1794.4292479562007,1847.6102294921875,622500,0.0,0.0
2007-07-26 00:00:00+09:00,1823.5936377834164,1837.3177667601494,1801.291928196225,1806.4384765625,304500,0.0,0.0
2007-07-27 00:00:00+09:00,1784.1364207513363,1784.1364207513363,1742.964041810921,1765.2657470703125,391500,0.0,0.0
2007-07-30 00:00:00+09:00,1717.231544204905,1765.2659929938534,1715.5160281767282,1761.8349609375,298000,0.0,0.0
2007-07-31 00:00:00+09:00,1777.274661988251,1782.4212102372517,1758.4039850752483,1770.41259765625,325500,0.0,0.0
2007-08-01 00:00:00+09:00,1770.4124262536873,1777.2744899213371,1736.1021079154375,1744.6796875,419500,0.0,0.0
2007-08-02 00:00:00+09:00,1720.662535770006,1734.3866636724586,1703.50737589194,1722.3780517578125,696000,0.0,0.0
2007-08-03 00:00:00+09:00,1748.110660349829,1748.110660349829,1724.093438323433,1739.5330810546875,468000,0.0,0.0
2007-08-06 00:00:00+09:00,1718.9473708746002,1746.3956322857714,1710.369789183609,1742.964599609375,450500,0.0,0.0
2007-08-07 00:00:00+09:00,1742.9641794547542,1748.1107272287347,1708.6538609615504,1727.5245361328125,482500,0.0,0.0
2007-08-08 00:00:00+09:00,1712.0849236487359,1722.378019382095,1652.041865204141,1662.3349609375,941000,0.0,0.0
2007-08-09 00:00:00+09:00,1662.3351965819313,1676.059326171875,1605.7231620234136,1676.059326171875,1600000,0.0,0.0
2007-08-10 00:00:00+09:00,1650.3264723169275,1672.6281814022914,1605.7230541461997,1658.904052734375,944500,0.0,0.0
2007-08-13 00:00:00+09:00,1693.2141867393304,1693.2141867393304,1646.8952576188017,1660.619384765625,627000,0.0,0.0
2007-08-14 00:00:00+09:00,1645.1798609153511,1681.2056972857604,1641.7488288800741,1664.050537109375,362500,0.0,0.0
2007-08-15 00:00:00+09:00,1640.0329579649986,1664.0501770146952,1640.0329579649986,1643.4639892578125,407000,0.0,0.0
2007-08-16 00:00:00+09:00,1633.171196182362,1650.3263558061265,1583.4212332734458,1648.61083984375,554500,0.0,0.0
2007-08-17 00:00:00+09:00,1581.705569065734,1631.4555273118362,1571.4124742561955,1574.843505859375,659500,0.0,0.0
2007-08-20 00:00:00+09:00,1591.9986734305862,1602.2917683019048,1540.533199073994,1550.8262939453125,465000,0.0,0.0
2007-08-21 00:00:00+09:00,1578.2745181055511,1653.7572124497296,1576.5590023250015,1626.3089599609375,939500,0.0,0.0
2007-08-22 00:00:00+09:00,1614.3004164690662,1633.1710908379926,1598.860773803581,1610.869384765625,254000,0.0,0.0
2007-08-23 00:00:00+09:00,1631.455379732964,1648.610536197033,1622.8778015009295,1643.4639892578125,210500,0.0,0.0
2007-08-24 00:00:00+09:00,1674.3431442070798,1676.0586597236854,1648.6104114579957,1653.7569580078125,222000,0.0,0.0
2007-08-27 00:00:00+09:00,1653.7577575110793,1667.481888278806,1641.7491430893183,1645.18017578125,347500,0.0,0.0
2007-08-28 00:00:00+09:00,1629.740298310454,1641.7489110348467,1605.7230728616682,1624.59375,245000,0.0,0.0
2007-08-29 00:00:00+09:00,1607.4383530621838,1610.869384765625,1579.9900994346547,1610.869384765625,296000,0.0,0.0
2007-08-30 00:00:00+09:00,1640.033557962927,1657.188720703125,1634.8870091408678,1657.188720703125,407500,0.0,0.0
2007-08-31 00:00:00+09:00,1664.0500991284548,1706.93798828125,1648.6104590334485,1706.93798828125,485000,0.0,0.0
2007-09-03 00:00:00+09:00,1706.938671949433,1706.938671949433,1662.3352493658297,1688.0679931640625,527000,0.0,0.0
2007-09-04 00:00:00+09:00,1698.360786088016,1698.360786088016,1657.1884033949732,1682.921142578125,469000,0.0,0.0
2007-09-05 00:00:00+09:00,1684.636556074977,1698.360682804712,1622.8779857911693,1634.8865966796875,918000,0.0,0.0
2007-09-06 00:00:00+09:00,1634.8869672640608,1653.7576457949158,1585.1369965918072,1628.02490234375,738500,0.0,0.0
2007-09-07 00:00:00+09:00,1604.0073115377836,1638.3176283621212,1600.5762798553499,1634.8865966796875,440500,0.0,0.0
2007-09-10 00:00:00+09:00,1600.5765264601935,1636.6023646763392,1598.8610103546628,1621.1627197265625,468500,0.0,0.0
2007-09-11 00:00:00+09:00,1622.8776802062987,1658.9035060882568,1614.3001026153563,1646.8948974609375,506000,0.0,0.0
2007-09-12 00:00:00+09:00,1646.8948974609375,1660.6190216064451,1626.3087112426756,1646.8948974609375,465000,0.0,0.0
2007-09-13 00:00:00+09:00,1634.8868485708085,1634.8868485708085,1617.7316875155009,1621.1627197265625,392000,0.0,0.0
2007-09-14 00:00:00+09:00,1646.8952075682057,1653.7572709330732,1634.8865966796875,1634.8865966796875,525500,0.0,0.0
2007-09-18 00:00:00+09:00,1634.8866125448944,1634.8866125448944,1593.7142319561458,1597.145263671875,479500,0.0,0.0
2007-09-19 00:00:00+09:00,1655.4732044291052,1672.6283671693034,1648.6111393330261,1657.188720703125,358000,0.0,0.0
2007-09-20 00:00:00+09:00,1650.3259874413052,1657.1880497591483,1616.0156758520889,1655.4725341796875,560000,0.0,0.0
2007-09-21 00:00:00+09:00,1631.4558809122464,1631.4558809122464,1605.7231383111068,1616.0162353515625,326500,0.0,0.0
2007-09-25 00:00:00+09:00,1665.7663719328402,1665.7663719328402,1633.171561359489,1645.18017578125,241000,0.0,0.0
2007-09-26 00:00:00+09:00,1653.7575044839066,1676.0592135692705,1643.4644079829693,1658.904052734375,219500,0.0,0.0
2007-09-27 00:00:00+09:00,1658.9037444189253,1676.05890206545,1641.7485867724008,1667.4813232421875,331500,0.0,0.0
2007-09-28 00:00:00+09:00,1667.4811432359134,1670.912174394835,1634.8863472261578,1655.4725341796875,341000,0.0,0.0
2007-10-01 00:00:00+09:00,1638.3176283621212,1645.1796917269887,1624.5935016323863,1634.8865966796875,326500,0.0,0.0
2007-10-02 00:00:00+09:00,1674.343883443323,1677.7749159913626,1652.0421718810658,1657.188720703125,277500,0.0,0.0
2007-10-03 00:00:00+09:00,1657.1886479857026,1679.490358569361,1645.1800345945016,1676.059326171875,479000,0.0,0.0
2007-10-04 00:00:00+09:00,1669.1968365028256,1689.783025647773,1664.0502892165887,1674.3433837890625,397000,0.0,0.0
2007-10-05 00:00:00+09:00,1677.7745947414946,1698.360786088016,1676.059078795951,1682.921142578125,275500,0.0,0.0
2007-10-09 00:00:00+09:00,1686.3517474777127,1693.213809522383,1674.3431388995398,1677.774169921875,263500,0.0,0.0
2007-10-10 00:00:00+09:00,1708.6540133406668,1708.6540133406668,1664.0505953217337,1669.1971435546875,245500,0.0,0.0
2007-10-11 00:00:00+09:00,1672.62798698581,1701.791757015306,1670.912471101722,1681.20556640625,308500,0.0,0.0
2007-10-12 00:00:00+09:00,1694.929693478954,1696.645209363042,1674.343502869898,1681.20556640625,385000,0.0,0.0
2007-10-15 00:00:00+09:00,1646.8954401499484,1658.904052734375,1622.878214981095,1658.904052734375,404000,0.0,0.0
2007-10-16 00:00:00+09:00,1662.8019718230635,1662.8019718230635,1629.7398681640625,1629.7398681640625,404000,0.0,0.0
2007-10-17 00:00:00+09:00,1617.7313244097038,1629.739934453042,1588.5675571615966,1614.30029296875,402500,0.0,0.0
2007-10-18 00:00:00+09:00,1619.4469541087356,1638.3176283621212,1614.300406585085,1634.8865966796875,267500,0.0,0.0
2007-10-19 00:00:00+09:00,1628.0247745214333,1645.1799354752945,1612.5851296629583,1638.31787109375,674500,0.0,0.0
2007-10-22 00:00:00+09:00,1590.2831388154254,1605.722780939847,1578.2745282742085,1598.8607177734375,362000,0.0,0.0
2007-10-23 00:00:00+09:00,1605.7227822580646,1609.153813844086,1583.4210769489248,1595.4296875,294000,0.0,0.0
2007-10-24 00:00:00+09:00,1583.4213359899688,1595.4299485056024,1555.973078811378,1564.5506591796875,515000,0.0,0.0
2007-10-25 00:00:00+09:00,1547.3952623215396,1554.2573255690852,1533.6711358264483,1550.8262939453125,438000,0.0,0.0
2007-10-26 00:00:00+09:00,1533.671317775384,1564.5506060527407,1521.6627056675231,1549.1109619140625,662000,0.0,0.0
2007-10-29 00:00:00+09:00,1531.9557982994677,1567.9816345416723,1531.9557982994677,1555.9730224609375,509500,0.0,0.0
2007-10-30 00:00:00+09:00,1543.964408647896,1561.1195687439838,1528.524764561417,1559.404052734375,834500,0.0,0.0
2007-10-31 00:00:00+09:00,1581.7057995683888,1604.0075082390927,1567.9816711556477,1602.2919921875,862000,0.0,0.0
2007-11-01 00:00:00+09:00,1585.1366469898162,1617.7314481725073,1585.1366469898162,1610.869384765625,509500,0.0,0.0
2007-11-02 00:00:00+09:00,1571.8883036086193,1571.8883036086193,1561.11962890625,1561.11962890625,862000,0.0,0.0
2007-11-05 00:00:00+09:00,1564.550586993243,1593.7143588999154,1552.541975031672,1586.852294921875,650500,0.0,0.0
2007-11-06 00:00:00+09:00,1591.9985886025504,1614.30029296875,1590.2830728820736,1614.30029296875,464500,0.0,0.0
2007-11-07 00:00:00+09:00,1610.869459305306,1610.869459305306,1574.8436247521522,1581.7056884765625,367500,0.0,0.0
2007-11-08 00:00:00+09:00,1562.8348364658043,1595.4296354700307,1552.541742043417,1569.6968994140625,377000,0.0,0.0
2007-11-09 00:00:00+09:00,1573.1284157106484,1593.7146108998827,1567.98186691334,1576.5594482421875,564500,0.0,0.0
2007-11-12 00:00:00+09:00,1559.4040056579315,1562.8350375735706,1509.6540428811659,1530.240234375,671000,0.0,0.0
2007-11-13 00:00:00+09:00,1531.9556435771372,1535.3866752536817,1489.0677476203305,1492.498779296875,507000,0.0,0.0
2007-11-14 00:00:00+09:00,1497.6453872838333,1513.0850304517078,1489.0678077461253,1494.21435546875,805000,0.0,0.0
2007-11-15 00:00:00+09:00,1490.7833956204927,1499.3609755722794,1465.0506557651333,1471.9127197265625,824000,0.0,0.0
2007-11-16 00:00:00+09:00,1459.9039996919178,1459.9039996919178,1417.0161031087239,1441.0333251953125,737500,0.0,0.0
2007-11-19 00:00:00+09:00,1444.4644237577845,1458.188551299426,1418.7316846172064,1429.0247802734375,517500,0.0,0.0
2007-11-20 00:00:00+09:00,1410.1540483115375,1420.4471435546875,1377.5592467082295,1420.4471435546875,458500,0.0,0.0
2007-11-21 00:00:00+09:00,1415.300537109375,1435.886726740057,1401.5764106889205,1415.300537109375,414000,0.0,0.0
2007-11-22 00:00:00+09:00,1415.3003509228047,1435.8865378453181,1401.5762263077957,1427.3089599609375,605000,0.0,0.0
2007-11-26 00:00:00+09:00,1439.3179330029182,1453.0420610887622,1432.455868959996,1437.6024169921875,777500,0.0,0.0
2007-11-27 00:00:00+09:00,1471.9127283636128,1473.6282443640366,1435.8868923547134,1454.757568359375,875000,0.0,0.0
2007-11-28 00:00:00+09:00,1487.3523602054179,1495.9299401373985,1465.0506523822687,1478.7747802734375,699000,0.0,0.0
2007-11-29 00:00:00+09:00,1501.0763556788115,1516.515998194365,1490.7832606684426,1499.36083984375,807500,0.0,0.0
2007-11-30 00:00:00+09:00,1473.6281092608415,1497.6453310648599,1471.9125934176975,1482.2056884765625,776000,0.0,0.0
2007-12-03 00:00:00+09:00,1488.8012971086418,1488.8012971086418,1487.35205078125,1487.35205078125,824000,0.0,0.0
2007-12-04 00:00:00+09:00,1489.067876191814,1489.067876191814,1468.481684355061,1478.7747802734375,466500,0.0,0.0
2007-12-05 00:00:00+09:00,1482.205807171659,1494.2144190353183,1482.205807171659,1489.06787109375,557500,0.0,0.0
2007-12-06 00:00:00+09:00,1511.3697468385858,1519.9473276946503,1497.6456174688824,1518.2318115234375,375000,0.0,0.0
2007-12-07 00:00:00+09:00,1537.1023568435753,1555.9730330994676,1533.6713247970495,1535.3868408203125,496500,0.0,0.0
2007-12-10 00:00:00+09:00,1535.386541720429,1540.5330887876485,1513.0848377624786,1516.515869140625,312000,0.0,0.0
2007-12-11 00:00:00+09:00,1507.9383544921875,1528.5245436320126,1494.2142283989708,1507.9383544921875,576000,0.0,0.0
2007-12-12 00:00:00+09:00,1509.6540697674418,1511.369585755814,1466.7661700581396,1475.34375,540000,0.0,0.0
2007-12-13 00:00:00+09:00,1471.9128642835115,1473.6283804423501,1434.1715087890625,1434.1715087890625,517000,0.0,0.0
2007-12-14 00:00:00+09:00,1435.8864731578851,1458.1881746525714,1430.7399266591112,1442.74853515625,541500,0.0,0.0
2007-12-17 00:00:00+09:00,1444.464305752841,1447.8953373579545,1413.5850213068181,1415.300537109375,347000,0.0,0.0
2007-12-18 00:00:00+09:00,1382.7058045483338,1413.585090505989,1353.542034477215,1396.429931640625,453500,0.0,0.0
2007-12-19 00:00:00+09:00,1405.0076467895508,1405.0076467895508,1372.412841796875,1372.412841796875,354500,0.0,0.0
2007-12-20 00:00:00+09:00,1370.6972758621546,1382.7058877908594,1348.39556799456,1350.111083984375,495500,0.0,0.0
2007-12-21 00:00:00+09:00,1356.9728971742177,1377.559085247657,1351.8263501558579,1367.2659912109375,587000,0.0,0.0
2007-12-25 00:00:00+09:00,1370.6971367646206,1392.9988423690513,1368.9816209488952,1387.852294921875,282500,0.0,0.0
2007-12-26 00:00:00+09:00,1415.300354448337,1415.300354448337,1399.8607142179915,1413.5848388671875,284500,0.0,0.0
2007-12-27 00:00:00+09:00,1422.1628495284904,1432.4559461475144,1398.145624084101,1408.438720703125,197500,0.0,0.0
2007-12-28 00:00:00+09:00,1379.2747158432478,1387.852294921875,1372.412652580346,1387.852294921875,161000,0.0,0.0
2008-01-04 00:00:00+09:00,1346.679931640625,1346.679931640625,1346.679931640625,1346.679931640625,527000,0.0,0.0
2008-01-07 00:00:00+09:00,1319.2318221662917,1319.2318221662917,1298.6456298828125,1298.6456298828125,527000,0.0,0.0
2008-01-08 00:00:00+09:00,1303.792043984476,1326.09375,1303.792043984476,1326.09375,527000,0.0,0.0
2008-01-09 00:00:00+09:00,1326.0935074467652,1326.0935074467652,1319.2314453125,1319.2314453125,527000,0.0,0.0
2008-01-10 00:00:00+09:00,1323.9147252807563,1323.9147252807563,1320.947021484375,1320.947021484375,527000,0.0,0.0
2008-01-11 00:00:00+09:00,1320.9473257893565,1322.662841796875,1320.9473257893565,1322.662841796875,527000,0.0,0.0
2008-01-15 00:00:00+09:00,1324.377991913199,1324.377991913199,1319.2314453125,1319.2314453125,527000,0.0,0.0
2008-01-16 00:00:00+09:00,1233.4559163081983,1288.3524244053644,1231.740400430162,1271.197265625,1237500,0.0,0.0
2008-01-17 00:00:00+09:00,1298.6455648427248,1307.22314453125,1298.6455648427248,1307.22314453125,1237500,0.0,0.0
2008-01-18 00:00:00+09:00,1269.4817325367646,1312.36962890625,1269.4817325367646,1312.36962890625,1237500,0.0,0.0
2008-01-21 00:00:00+09:00,1293.4990266927082,1293.4990266927082,1276.3438671874999,1286.636962890625,585500,0.0,0.0
2008-01-22 00:00:00+09:00,1207.7230193661971,1230.0247228488117,1207.7230193661971,1218.01611328125,933500,0.0,0.0
2008-01-23 00:00:00+09:00,1225.3745037089077,1255.7576904296875,1225.3745037089077,1255.7576904296875,933500,0.0,0.0
2008-01-24 00:00:00+09:00,1255.7575723947573,1255.7575723947573,1245.4644775390625,1245.4644775390625,933500,0.0,0.0
2008-01-25 00:00:00+09:00,1266.0507150534816,1279.774842045931,1264.3351991794252,1278.059326171875,933500,0.0,0.0
2008-01-28 00:00:00+09:00,1264.3351991794252,1278.059326171875,1264.3351991794252,1278.059326171875,933500,0.0,0.0
2008-01-29 00:00:00+09:00,1274.6282315993692,1283.205810546875,1274.6282315993692,1283.205810546875,933500,0.0,0.0
2008-01-30 00:00:00+09:00,1283.2058693876913,1288.3524169921875,1283.2058693876913,1288.3524169921875,933500,0.0,0.0
2008-01-31 00:00:00+09:00,1329.524777452814,1336.3868408203125,1329.524777452814,1336.3868408203125,933500,0.0,0.0
2008-02-01 00:00:00+09:00,1317.5164663461537,1338.1026611328125,1314.0854338817107,1338.1026611328125,704000,0.0,0.0
2008-02-04 00:00:00+09:00,1338.1026418585527,1368.98193359375,1338.1026418585527,1368.98193359375,704000,0.0,0.0
2008-02-05 00:00:00+09:00,1380.9901739471588,1380.9901739471588,1379.274658203125,1379.274658203125,704000,0.0,0.0
2008-02-06 00:00:00+09:00,1351.8267932097526,1358.6888581499036,1334.671630859375,1334.671630859375,704000,0.0,0.0
2008-02-07 00:00:00+09:00,1351.826407492012,1375.8436279296875,1351.826407492012,1375.8436279296875,704000,0.0,0.0
2008-02-08 00:00:00+09:00,1375.8433243661557,1375.8433243661557,1363.834716796875,1363.834716796875,704000,0.0,0.0
2008-02-12 00:00:00+09:00,1363.8352615356446,1372.412841796875,1363.8352615356446,1372.412841796875,704000,0.0,0.0
2008-02-13 00:00:00+09:00,1377.5590841701542,1377.5590841701542,1370.697021484375,1370.697021484375,704000,0.0,0.0
2008-02-14 00:00:00+09:00,1446.1800518329326,1449.611083984375,1446.1800518329326,1449.611083984375,704000,0.0,0.0
2008-02-15 00:00:00+09:00,1446.1799866440717,1458.1885986328125,1420.4472466681987,1458.1885986328125,704000,0.0,0.0
2008-02-18 00:00:00+09:00,1423.8783578907191,1423.8783578907191,1422.162841796875,1422.162841796875,704000,0.0,0.0
2008-02-19 00:00:00+09:00,1435.8867819806655,1435.8867819806655,1430.740234375,1430.740234375,704000,0.0,0.0
2008-02-20 00:00:00+09:00,1410.1540046967425,1410.1540046967425,1377.5592041015625,1377.5592041015625,704000,0.0,0.0
2008-02-21 00:00:00+09:00,1417.0160529119319,1423.878116122159,1406.722958096591,1415.300537109375,542000,0.0,0.0
2008-02-22 00:00:00+09:00,1409.2853734040193,1409.2853734040193,1399.8607177734375,1399.8607177734375,542000,0.0,0.0
2008-02-25 00:00:00+09:00,1411.869625658914,1418.731689453125,1411.869625658914,1418.731689453125,542000,0.0,0.0
2008-02-26 00:00:00+09:00,1387.8519319354364,1387.8519319354364,1363.834716796875,1363.834716796875,542000,0.0,0.0
2008-02-27 00:00:00+09:00,1363.8350708458256,1394.71435546875,1363.8350708458256,1394.71435546875,542000,0.0,0.0
2008-02-28 00:00:00+09:00,1362.119868763706,1372.412966008772,1362.119868763706,1368.98193359375,240000,0.0,0.0
2008-02-29 00:00:00+09:00,1375.8442465624018,1375.8442465624018,1365.5511474609375,1365.5511474609375,240000,0.0,0.0
2008-03-03 00:00:00+09:00,1319.2316240133698,1343.2488447366302,1319.2316240133698,1331.240234375,300000,0.0,0.0
2008-03-04 00:00:00+09:00,1326.2733412458044,1326.2733412458044,1322.662841796875,1322.662841796875,300000,0.0,0.0
2008-03-05 00:00:00+09:00,1320.9470841906373,1320.9470841906373,1315.800537109375,1315.800537109375,300000,0.0,0.0
2008-03-06 00:00:00+09:00,1320.9472024579559,1326.09375,1320.9472024579559,1326.09375,300000,0.0,0.0
2008-03-07 00:00:00+09:00,1326.0937601323183,1326.0937601323183,1302.0765380859375,1302.0765380859375,300000,0.0,0.0
2008-03-10 00:00:00+09:00,1307.2230900616285,1307.2230900616285,1291.783447265625,1291.783447265625,300000,0.0,0.0
2008-03-11 00:00:00+09:00,1278.059256762502,1300.3609619140625,1272.9127094198343,1300.3609619140625,473500,0.0,0.0
2008-03-12 00:00:00+09:00,1307.2232064486489,1314.085270524495,1303.792174410726,1305.5076904296875,397000,0.0,0.0
2008-03-13 00:00:00+09:00,1281.4903579199874,1281.4903579199874,1278.059326171875,1278.059326171875,397000,0.0,0.0
2008-03-14 00:00:00+09:00,1278.0596513014573,1278.0596513014573,1248.8958740234375,1248.8958740234375,397000,0.0,0.0
2008-03-17 00:00:00+09:00,1223.1629088836758,1223.1629088836758,1211.154296875,1211.154296875,397000,0.0,0.0
2008-03-18 00:00:00+09:00,1206.00762870095,1207.72314453125,1206.00762870095,1207.72314453125,397000,0.0,0.0
2008-03-19 00:00:00+09:00,1207.7231297348485,1245.4644775390625,1207.7231297348485,1245.4644775390625,397000,0.0,0.0
2008-03-21 00:00:00+09:00,1267.7661646025883,1293.4989013671875,1267.7661646025883,1293.4989013671875,397000,0.0,0.0
2008-03-24 00:00:00+09:00,1293.498969038381,1293.498969038381,1278.059326171875,1278.059326171875,397000,0.0,0.0
2008-03-25 00:00:00+09:00,1291.7833817331414,1303.7919921875,1291.7833817331414,1303.7919921875,397000,0.0,0.0
2008-03-26 00:00:00+09:00,1295.597620988757,1331.8260498046875,1295.597620988757,1331.8260498046875,397000,8.5,0.0
2008-03-27 00:00:00+09:00,1373.2302642667353,1373.2302642667353,1359.428955078125,1359.428955078125,397000,0.0,0.0
2008-03-28 00:00:00+09:00,1354.2530931066606,1385.3060302734375,1354.2530931066606,1385.3060302734375,397000,0.0,0.0
2008-03-31 00:00:00+09:00,1379.2804460345299,1379.2804460345299,1359.428955078125,1359.428955078125,397000,0.0,0.0
2008-04-01 00:00:00+09:00,1368.0544524644931,1368.0544524644931,1364.6041259765625,1364.6041259765625,397000,0.0,0.0
2008-04-02 00:00:00+09:00,1364.6046324705226,1399.10791015625,1364.6046324705226,1399.10791015625,397000,0.0,0.0
2008-04-03 00:00:00+09:00,1402.5578053977272,1423.259765625,1402.5578053977272,1423.259765625,397000,0.0,0.0
2008-04-04 00:00:00+09:00,1390.4814453125,1390.4814453125,1390.4814453125,1390.4814453125,397000,0.0,0.0
2008-04-07 00:00:00+09:00,1393.9324185033909,1399.10791015625,1393.9324185033909,1399.10791015625,397000,0.0,0.0
2008-04-08 00:00:00+09:00,1419.6164737669865,1419.6164737669865,1411.183349609375,1411.183349609375,397000,0.0,0.0
2008-04-09 00:00:00+09:00,1411.1832928324854,1411.1832928324854,1409.4581298828125,1409.4581298828125,397000,0.0,0.0
2008-04-10 00:00:00+09:00,1397.3822665573964,1397.3822665573964,1373.22998046875,1373.22998046875,397000,0.0,0.0
2008-04-11 00:00:00+09:00,1378.4053037279,1390.4814453125,1378.4053037279,1390.4814453125,397000,0.0,0.0
2008-04-14 00:00:00+09:00,1387.0312761246018,1387.0312761246018,1354.253173828125,1354.253173828125,397000,0.0,0.0
2008-04-15 00:00:00+09:00,1383.5807801444575,1383.5807801444575,1371.504638671875,1371.504638671875,397000,0.0,0.0
2008-04-16 00:00:00+09:00,1371.504882963577,1393.9320068359375,1371.504882963577,1393.9320068359375,397000,0.0,0.0
2008-04-17 00:00:00+09:00,1385.3060302734375,1385.3060302734375,1385.3060302734375,1385.3060302734375,397000,0.0,0.0
2008-04-18 00:00:00+09:00,1402.557664759019,1407.733154296875,1402.557664759019,1407.733154296875,397000,0.0,0.0
2008-04-21 00:00:00+09:00,1383.5807929784428,1390.4814453125,1383.5807929784428,1390.4814453125,397000,0.0,0.0
2008-04-22 00:00:00+09:00,1385.306123513073,1385.306123513073,1373.22998046875,1373.22998046875,397000,0.0,0.0
2008-04-23 00:00:00+09:00,1369.1119744147563,1373.22998046875,1369.1119744147563,1373.22998046875,397000,0.0,0.0
2008-04-24 00:00:00+09:00,1374.9554279153117,1374.9554279153117,1359.428955078125,1359.428955078125,397000,0.0,0.0
2008-04-25 00:00:00+09:00,1380.1305951722502,1380.1305951722502,1364.6041259765625,1364.6041259765625,397000,0.0,0.0
2008-04-28 00:00:00+09:00,1385.3060392648838,1385.3060392648838,1381.855712890625,1381.855712890625,397000,0.0,0.0
2008-04-30 00:00:00+09:00,1376.680119111218,1376.680119111218,1374.9549560546875,1374.9549560546875,397000,0.0,0.0
2008-05-01 00:00:00+09:00,1359.4287767034625,1359.4287767034625,1357.70361328125,1357.70361328125,397000,0.0,0.0
2008-05-02 00:00:00+09:00,1375.9544876685197,1375.9544876685197,1366.3291015625,1366.3291015625,397000,0.0,0.0
2008-05-07 00:00:00+09:00,1376.0889885089407,1381.855712890625,1376.0889885089407,1381.855712890625,397000,0.0,0.0
2008-05-08 00:00:00+09:00,1359.428955078125,1359.428955078125,1359.428955078125,1359.428955078125,397000,0.0,0.0
2008-05-09 00:00:00+09:00,1355.9779881410125,1355.9779881410125,1321.4747314453125,1321.4747314453125,397000,0.0,0.0
2008-05-12 00:00:00+09:00,1307.6736792120012,1318.024658203125,1307.6736792120012,1318.024658203125,397000,0.0,0.0
2008-05-13 00:00:00+09:00,1326.6505036706592,1330.100830078125,1326.6505036706592,1330.100830078125,397000,0.0,0.0
2008-05-14 00:00:00+09:00,1330.1006820855453,1340.45166015625,1330.1006820855453,1340.45166015625,397000,0.0,0.0
2008-05-15 00:00:00+09:00,1351.7756488699927,1351.7756488699927,1350.8026123046875,1350.8026123046875,397000,0.0,0.0
2008-05-16 00:00:00+09:00,1433.6107177734375,1433.6107177734375,1433.6107177734375,1433.6107177734375,397000,0.0,0.0
2008-05-19 00:00:00+09:00,1428.4348796950574,1428.4348796950574,1426.709716796875,1426.709716796875,397000,0.0,0.0
2008-05-20 00:00:00+09:00,1424.9847680068597,1424.9847680068597,1414.6337890625,1414.6337890625,397000,0.0,0.0
2008-05-21 00:00:00+09:00,1381.8558912776653,1383.5810546875,1381.8558912776653,1383.5810546875,397000,0.0,0.0
2008-05-22 00:00:00+09:00,1355.9781665943287,1397.382080078125,1355.9781665943287,1397.382080078125,397000,0.0,0.0
2008-05-23 00:00:00+09:00,1390.4814453125,1390.4814453125,1390.4814453125,1390.4814453125,397000,0.0,0.0
2008-05-26 00:00:00+09:00,1378.4054611320782,1378.4054611320782,1376.6802978515625,1376.6802978515625,397000,0.0,0.0
2008-05-27 00:00:00+09:00,1376.6801995998476,1414.6337890625,1376.6801995998476,1414.6337890625,397000,0.0,0.0
2008-05-28 00:00:00+09:00,1400.8330740405363,1400.8330740405363,1399.10791015625,1399.10791015625,397000,0.0,0.0
2008-05-29 00:00:00+09:00,1428.4350943216464,1428.4350943216464,1414.6337890625,1414.6337890625,397000,0.0,0.0
2008-05-30 00:00:00+09:00,1414.6338387083208,1442.2364501953125,1414.6338387083208,1442.2364501953125,397000,0.0,0.0
2008-06-02 00:00:00+09:00,1442.2365066364248,1443.961669921875,1442.2365066364248,1443.961669921875,397000,0.0,0.0
2008-06-03 00:00:00+09:00,1399.1075250730926,1406.0081787109375,1399.1075250730926,1406.0081787109375,397000,0.0,0.0
2008-06-04 00:00:00+09:00,1394.3632976796368,1394.3632976796368,1393.9320068359375,1393.9320068359375,397000,0.0,0.0
2008-06-05 00:00:00+09:00,1418.0842943809016,1438.7862548828125,1418.0842943809016,1438.7862548828125,397000,0.0,0.0
2008-06-06 00:00:00+09:00,1442.2365066364248,1443.961669921875,1442.2365066364248,1443.961669921875,397000,0.0,0.0
2008-06-09 00:00:00+09:00,1423.2597000085123,1424.98486328125,1423.2597000085123,1424.98486328125,397000,0.0,0.0
2008-06-10 00:00:00+09:00,1424.9845053663532,1424.9845053663532,1421.5341796875,1421.5341796875,397000,0.0,0.0
2008-06-11 00:00:00+09:00,1421.5342534352162,1421.5342534352162,1416.3587646484375,1416.3587646484375,397000,0.0,0.0
2008-06-12 00:00:00+09:00,1387.0311667085136,1395.656982421875,1387.0311667085136,1395.656982421875,397000,0.0,0.0
2008-06-13 00:00:00+09:00,1381.855712890625,1381.855712890625,1381.855712890625,1381.855712890625,397000,0.0,0.0
2008-06-16 00:00:00+09:00,1376.6801147460938,1400.8323974609375,1376.6801147460938,1400.8323974609375,397000,0.0,0.0
2008-06-17 00:00:00+09:00,1400.8330740405363,1400.8330740405363,1399.10791015625,1399.10791015625,397000,0.0,0.0
2008-06-18 00:00:00+09:00,1392.2064208984375,1392.2064208984375,1392.2064208984375,1392.2064208984375,397000,0.0,0.0
2008-06-19 00:00:00+09:00,1381.069418836612,1381.069418836612,1359.428955078125,1359.428955078125,397000,0.0,0.0
2008-06-20 00:00:00+09:00,1357.7034048685214,1357.7034048685214,1343.902099609375,1343.902099609375,397000,0.0,0.0
2008-06-23 00:00:00+09:00,1347.3523603390424,1347.3523603390424,1345.627197265625,1345.627197265625,397000,0.0,0.0
2008-06-24 00:00:00+09:00,1338.726471453943,1350.8026123046875,1338.726471453943,1350.8026123046875,397000,0.0,0.0
2008-06-25 00:00:00+09:00,1345.6273868157998,1388.7564697265625,1345.6273868157998,1388.7564697265625,397000,0.0,0.0
2008-06-26 00:00:00+09:00,1376.680223329237,1381.855712890625,1376.680223329237,1381.855712890625,397000,0.0,0.0
2008-06-27 00:00:00+09:00,1357.7033341317806,1371.504638671875,1357.7033341317806,1371.504638671875,397000,0.0,0.0
2008-06-30 00:00:00+09:00,1371.504724865981,1385.3060302734375,1371.504724865981,1385.3060302734375,397000,0.0,0.0
2008-07-01 00:00:00+09:00,1385.3062177974023,1406.0081787109375,1385.3062177974023,1406.0081787109375,397000,0.0,0.0
2008-07-02 00:00:00+09:00,1406.0080830176273,1406.0080830176273,1373.22998046875,1373.22998046875,397000,0.0,0.0
2008-07-03 00:00:00+09:00,1373.2297535905934,1373.2297535905934,1366.3291015625,1366.3291015625,397000,0.0,0.0
2008-07-04 00:00:00+09:00,1368.0544524644931,1368.0544524644931,1364.6041259765625,1364.6041259765625,397000,0.0,0.0
2008-07-07 00:00:00+09:00,1364.6038733695223,1368.05419921875,1364.6038733695223,1368.05419921875,397000,0.0,0.0
2008-07-08 00:00:00+09:00,1352.5277752833651,1352.5277752833651,1350.8026123046875,1350.8026123046875,397000,0.0,0.0
2008-07-09 00:00:00+09:00,1373.2300840811627,1373.2300840811627,1357.70361328125,1357.70361328125,397000,0.0,0.0
2008-07-10 00:00:00+09:00,1350.8030347240215,1352.5281982421875,1350.8030347240215,1352.5281982421875,397000,0.0,0.0
2008-07-11 00:00:00+09:00,1350.8026864858773,1350.8026864858773,1345.627197265625,1345.627197265625,397000,0.0,0.0
2008-07-14 00:00:00+09:00,1328.3756103515625,1328.3756103515625,1328.3756103515625,1328.3756103515625,397000,0.0,0.0
2008-07-15 00:00:00+09:00,1281.7961991833104,1283.5213623046875,1281.7961991833104,1283.5213623046875,397000,0.0,0.0
2008-07-16 00:00:00+09:00,1266.2699625869218,1286.971923828125,1266.2699625869218,1286.971923828125,412000,0.0,0.0
2008-07-17 00:00:00+09:00,1286.971370508074,1288.696533203125,1286.971370508074,1288.696533203125,397000,0.0,0.0
2008-07-18 00:00:00+09:00,1288.696656774302,1288.696656774302,1262.8192138671875,1262.8192138671875,397000,0.0,0.0
2008-07-22 00:00:00+09:00,1267.9951719480139,1292.1474609375,1261.094517951018,1292.1474609375,497000,0.0,0.0
2008-07-23 00:00:00+09:00,1295.597787935998,1295.597787935998,1292.1474609375,1292.1474609375,497000,0.0,0.0
2008-07-24 00:00:00+09:00,1347.3523170181468,1362.8787841796875,1347.3523170181468,1362.8787841796875,497000,0.0,0.0
2008-07-25 00:00:00+09:00,1364.6042669701,1364.6042669701,1357.70361328125,1357.70361328125,497000,0.0,0.0
2008-07-28 00:00:00+09:00,1362.8792823752776,1362.8792823752776,1359.428955078125,1359.428955078125,497000,0.0,0.0
2008-07-29 00:00:00+09:00,1318.024743589095,1331.8260498046875,1318.024743589095,1331.8260498046875,497000,0.0,0.0
2008-07-30 00:00:00+09:00,1354.2529605133366,1366.3291015625,1354.2529605133366,1366.3291015625,497000,0.0,0.0
2008-07-31 00:00:00+09:00,1363.0500263676593,1368.05419921875,1363.0500263676593,1368.05419921875,497000,0.0,0.0
2008-08-01 00:00:00+09:00,1369.7794802934695,1369.7794802934695,1345.627197265625,1345.627197265625,497000,0.0,0.0
2008-08-04 00:00:00+09:00,1342.1768665241746,1371.504638671875,1342.1768665241746,1371.504638671875,497000,0.0,0.0
2008-08-05 00:00:00+09:00,1379.0630637604083,1379.0630637604083,1374.9549560546875,1374.9549560546875,497000,0.0,0.0
2008-08-06 00:00:00+09:00,1373.2298969549781,1381.855712890625,1373.2298969549781,1381.855712890625,497000,0.0,0.0
2008-08-07 00:00:00+09:00,1357.7036887966856,1357.7036887966856,1352.5281982421875,1352.5281982421875,497000,0.0,0.0
2008-08-08 00:00:00+09:00,1366.3291102155854,1366.3291102155854,1362.8787841796875,1362.8787841796875,497000,0.0,0.0
2008-08-11 00:00:00+09:00,1342.1769364519816,1343.902099609375,1342.1769364519816,1343.902099609375,497000,0.0,0.0
2008-08-12 00:00:00+09:00,1335.2763763585856,1335.2763763585856,1331.8260498046875,1331.8260498046875,497000,0.0,0.0
2008-08-13 00:00:00+09:00,1331.826162412185,1335.2764892578125,1331.826162412185,1335.2764892578125,497000,0.0,0.0
2008-08-14 00:00:00+09:00,1335.2760578377015,1337.001220703125,1335.2760578377015,1337.001220703125,497000,0.0,0.0
2008-08-15 00:00:00+09:00,1343.9019909822487,1362.8787841796875,1343.9019909822487,1362.8787841796875,497000,0.0,0.0
2008-08-18 00:00:00+09:00,1456.0375266441931,1456.0375266441931,1435.3355712890625,1435.3355712890625,497000,0.0,0.0
2008-08-19 00:00:00+09:00,1380.1305407456414,1385.3060302734375,1380.1305407456414,1385.3060302734375,497000,0.0,0.0
2008-08-20 00:00:00+09:00,1385.3062177974023,1406.0081787109375,1385.3062177974023,1406.0081787109375,497000,0.0,0.0
2008-08-21 00:00:00+09:00,1434.6060484233426,1434.6060484233426,1414.6337890625,1414.6337890625,497000,0.0,0.0
2008-08-22 00:00:00+09:00,1416.358970193302,1416.358970193302,1407.733154296875,1407.733154296875,497000,0.0,0.0
2008-08-25 00:00:00+09:00,1409.4581998265983,1430.16015625,1409.4581998265983,1430.16015625,497000,0.0,0.0
2008-08-26 00:00:00+09:00,1402.5578053977272,1423.259765625,1402.5578053977272,1423.259765625,497000,0.0,0.0
2008-08-27 00:00:00+09:00,1423.259595884894,1423.259595884894,1418.0841064453125,1418.0841064453125,497000,0.0,0.0
2008-08-28 00:00:00+09:00,1412.908720372087,1424.98486328125,1412.908720372087,1424.98486328125,497000,0.0,0.0
2008-08-29 00:00:00+09:00,1424.9847099367253,1461.213134765625,1424.9847099367253,1461.213134765625,497000,0.0,0.0
2008-09-01 00:00:00+09:00,1461.2129249943114,1461.2129249943114,1421.5341796875,1421.5341796875,497000,0.0,0.0
2008-09-02 00:00:00+09:00,1440.549582303228,1440.549582303228,1407.733154296875,1407.733154296875,497000,0.0,0.0
2008-09-03 00:00:00+09:00,1447.8578028613927,1495.716552734375,1447.8578028613927,1495.716552734375,497000,0.0,0.0
2008-09-04 00:00:00+09:00,1495.7164328464876,1495.7164328464876,1447.411865234375,1447.411865234375,497000,0.0,0.0
2008-09-05 00:00:00+09:00,1438.7861237594386,1442.2364501953125,1438.7861237594386,1442.2364501953125,497000,0.0,0.0
2008-09-08 00:00:00+09:00,1471.5641999897202,1475.0145263671875,1471.5641999897202,1475.0145263671875,497000,0.0,0.0
2008-09-09 00:00:00+09:00,1448.1443978729044,1450.8621826171875,1448.1443978729044,1450.8621826171875,497000,0.0,0.0
2008-09-10 00:00:00+09:00,1442.2364054650561,1466.3886897671027,1430.160263314033,1459.488037109375,311500,0.0,0.0
2008-09-11 00:00:00+09:00,1443.961460532268,1443.961460532268,1430.16015625,1430.16015625,311500,0.0,0.0
2008-09-12 00:00:00+09:00,1464.6635852902434,1483.640380859375,1464.6635852902434,1483.640380859375,311500,0.0,0.0
2008-09-16 00:00:00+09:00,1483.640334185432,1483.640334185432,1407.733154296875,1407.733154296875,500,0.0,0.0
2008-09-17 00:00:00+09:00,1395.656881520718,1395.656881520718,1362.8787841796875,1362.8787841796875,500,0.0,0.0
2008-09-18 00:00:00+09:00,1362.879208758435,1362.879208758435,1342.17724609375,1342.17724609375,500,0.0,0.0
2008-09-19 00:00:00+09:00,1393.931939973304,1393.931939973304,1373.22998046875,1373.22998046875,500,0.0,0.0
2008-09-22 00:00:00+09:00,1392.206668016387,1414.6337890625,1392.206668016387,1414.6337890625,500,0.0,0.0
2008-09-24 00:00:00+09:00,1414.6335379637158,1414.6335379637158,1392.2064208984375,1392.2064208984375,500,0.0,0.0
2008-09-25 00:00:00+09:00,1374.9550247098077,1395.656982421875,1374.9550247098077,1395.656982421875,500,0.0,0.0
2008-09-26 00:00:00+09:00,1374.9549560546875,1374.9549560546875,1374.9549560546875,1374.9549560546875,500,0.0,0.0
2008-09-29 00:00:00+09:00,1376.6800282037082,1387.031005859375,1376.6800282037082,1387.031005859375,500,0.0,0.0
2008-09-30 00:00:00+09:00,1387.0314686055085,1387.0314686055085,1352.5281982421875,1352.5281982421875,500,0.0,0.0
2008-10-01 00:00:00+09:00,1352.5278495592947,1352.5278495592947,1345.627197265625,1345.627197265625,500,0.0,0.0
2008-10-02 00:00:00+09:00,1354.2531555717285,1361.15380859375,1354.2531555717285,1361.15380859375,500,0.0,0.0
2008-10-03 00:00:00+09:00,1321.4748883008328,1321.4748883008328,1307.673583984375,1307.673583984375,500,0.0,0.0
2008-10-06 00:00:00+09:00,1300.7730508074665,1300.7730508074665,1285.24658203125,1285.24658203125,500,0.0,0.0
2008-10-07 00:00:00+09:00,1285.5072373333237,1285.5072373333237,1283.5213623046875,1283.5213623046875,500,0.0,0.0
2008-10-08 00:00:00+09:00,1283.5214473083943,1283.5214473083943,1181.73681640625,1181.73681640625,500,0.0,0.0
2008-10-09 00:00:00+09:00,1190.362614381123,1190.362614381123,1188.637451171875,1188.637451171875,500,0.0,0.0
2008-10-10 00:00:00+09:00,1188.637220531238,1188.637220531238,1107.5545654296875,1107.5545654296875,500,0.0,0.0
2008-10-14 00:00:00+09:00,1085.127470658122,1123.0810546875,1085.127470658122,1123.0810546875,500,0.0,0.0
2008-10-15 00:00:00+09:00,1121.3562469940643,1148.9588623046875,1121.3562469940643,1148.9588623046875,500,0.0,0.0
2008-10-16 00:00:00+09:00,1107.554717594376,1119.630859375,1107.554717594376,1119.630859375,500,0.0,0.0
2008-10-17 00:00:00+09:00,1148.958527291512,1161.03466796875,1148.958527291512,1161.03466796875,500,0.0,0.0
2008-10-20 00:00:00+09:00,1193.8133102686143,1271.4456787109375,1193.8133102686143,1271.4456787109375,500,0.0,0.0
2008-10-21 00:00:00+09:00,1283.9755263720656,1286.971923828125,1283.9755263720656,1286.971923828125,500,0.0,0.0
2008-10-22 00:00:00+09:00,1273.1706074617346,1273.1706074617346,1267.9951171875,1267.9951171875,500,0.0,0.0
2008-10-23 00:00:00+09:00,1195.537977218628,1214.5147705078125,1195.537977218628,1214.5147705078125,500,0.0,0.0
2008-10-24 00:00:00+09:00,1209.3396921549017,1219.690673828125,1209.3396921549017,1219.690673828125,500,0.0,0.0
2008-10-27 00:00:00+09:00,1219.6905539506924,1219.6905539506924,1152.4091796875,1152.4091796875,500,0.0,0.0
2008-10-28 00:00:00+09:00,1159.30994740099,1219.690673828125,1159.30994740099,1219.690673828125,500,0.0,0.0
2008-10-29 00:00:00+09:00,1368.054583998987,1387.0313815071697,1360.7366438244198,1383.5810546875,500,0.0,0.0
2008-10-30 00:00:00+09:00,1381.855506069913,1416.3587646484375,1381.855506069913,1416.3587646484375,500,0.0,0.0
2008-10-31 00:00:00+09:00,1419.8093286694773,1419.8093286694773,1349.07763671875,1349.07763671875,500,0.0,0.0
2008-11-04 00:00:00+09:00,1350.8027954101562,1350.8027954101562,1304.223388671875,1304.223388671875,1168500,0.0,0.0
2008-11-05 00:00:00+09:00,1304.22329296875,1304.22329296875,1293.872314453125,1293.872314453125,1168500,0.0,0.0
2008-11-06 00:00:00+09:00,1295.5975899578011,1295.5975899578011,1181.73681640625,1181.73681640625,1168500,0.0,0.0
2008-11-07 00:00:00+09:00,1181.7368820815059,1181.7368820815059,1180.01171875,1180.01171875,1168500,0.0,0.0
2008-11-10 00:00:00+09:00,1267.9950985238572,1267.9950985238572,1252.4686279296875,1252.4686279296875,1168500,0.0,0.0
2008-11-11 00:00:00+09:00,1254.1936184735366,1254.1936184735366,1224.8658447265625,1224.8658447265625,1168500,0.0,0.0
2008-11-12 00:00:00+09:00,1223.1406120584481,1223.1406120584481,1204.163818359375,1204.163818359375,1168500,0.0,0.0
2008-11-13 00:00:00+09:00,1204.1635661969865,1207.6138916015625,1204.1635661969865,1207.6138916015625,1168500,0.0,0.0
2008-11-14 00:00:00+09:00,1209.3393163571413,1209.3393163571413,1200.7135009765625,1200.7135009765625,1168500,0.0,0.0
2008-11-17 00:00:00+09:00,1202.438706170945,1231.7664794921875,1202.438706170945,1231.7664794921875,1168500,0.0,0.0
2008-11-18 00:00:00+09:00,1233.491503362204,1238.6669921875,1233.491503362204,1238.6669921875,1168500,0.0,0.0
2008-11-19 00:00:00+09:00,1259.368839551719,1259.368839551719,1257.6436767578125,1257.6436767578125,1168500,0.0,0.0
2008-11-20 00:00:00+09:00,1257.64394479671,1257.64394479671,1224.8658447265625,1224.8658447265625,1168500,0.0,0.0
2008-11-21 00:00:00+09:00,1224.8657751220003,1224.8657751220003,1204.163818359375,1204.163818359375,1168500,0.0,0.0
2008-11-25 00:00:00+09:00,1205.8888962939589,1238.6669921875,1205.8888962939589,1238.6669921875,126500,0.0,0.0
2008-11-26 00:00:00+09:00,1300.7733519382,1309.399169921875,1300.7733519382,1309.399169921875,126500,0.0,0.0
2008-11-27 00:00:00+09:00,1302.1366493992646,1302.1366493992646,1300.7730712890625,1300.7730712890625,126500,0.0,0.0
2008-11-28 00:00:00+09:00,1302.4981079925249,1302.4981079925249,1278.3458251953125,1278.3458251953125,126500,0.0,0.0
2008-12-01 00:00:00+09:00,1278.3459522306168,1278.3459522306168,1230.0413818359375,1230.0413818359375,126500,0.0,0.0
2008-12-02 00:00:00+09:00,1230.0410067313057,1230.0410067313057,1207.6138916015625,1207.6138916015625,126500,0.0,0.0
2008-12-03 00:00:00+09:00,1217.964932497964,1257.6436767578125,1217.964932497964,1257.6436767578125,126500,0.0,0.0
2008-12-04 00:00:00+09:00,1257.6438333667434,1257.6438333667434,1243.842529296875,1243.842529296875,126500,0.0,0.0
2008-12-05 00:00:00+09:00,1245.5679274858446,1247.2930908203125,1245.5679274858446,1247.2930908203125,126500,0.0,0.0
2008-12-08 00:00:00+09:00,1249.0184371866644,1290.42236328125,1249.0184371866644,1290.42236328125,126500,0.0,0.0
2008-12-09 00:00:00+09:00,1317.7701321014627,1328.3756103515625,1317.7701321014627,1328.3756103515625,126500,0.0,0.0
2008-12-10 00:00:00+09:00,1330.1006148772462,1368.05419921875,1330.1006148772462,1368.05419921875,11000,0.0,0.0
2008-12-11 00:00:00+09:00,1340.4517080453725,1345.627197265625,1340.4517080453725,1345.627197265625,11000,0.0,0.0
2008-12-12 00:00:00+09:00,1347.3527012875204,1347.3527012875204,1311.124267578125,1311.124267578125,11000,0.0,0.0
2008-12-15 00:00:00+09:00,1385.3062180973347,1385.3062180973347,1383.5810546875,1383.5810546875,11000,0.0,0.0
2008-12-16 00:00:00+09:00,1349.0775769551597,1349.0775769551597,1324.92529296875,1324.92529296875,527000,0.0,0.0
2008-12-17 00:00:00+09:00,1326.6504034580328,1345.627197265625,1326.6504034580328,1345.627197265625,532500,0.0,0.0
2008-12-18 00:00:00+09:00,1359.4288915260552,1359.4288915260552,1338.7269287109375,1338.7269287109375,702500,0.0,0.0
2008-12-19 00:00:00+09:00,1340.4515464339718,1340.4515464339718,1337.001220703125,1337.001220703125,639000,0.0,0.0
2008-12-22 00:00:00+09:00,1364.6038733695223,1368.05419921875,1364.6038733695223,1368.05419921875,276500,0.0,0.0
2008-12-24 00:00:00+09:00,1369.779595338475,1369.779595338475,1349.07763671875,1349.07763671875,352000,0.0,0.0
2008-12-25 00:00:00+09:00,1320.5415787572176,1320.5415787572176,1319.749755859375,1319.749755859375,238000,0.0,0.0
2008-12-26 00:00:00+09:00,1312.8489405871976,1338.7263835685483,1307.6734519909273,1337.001220703125,140500,0.0,0.0
2008-12-29 00:00:00+09:00,1366.6828373809467,1371.504638671875,1366.6828373809467,1371.504638671875,220500,0.0,0.0
2008-12-30 00:00:00+09:00,1380.130624412594,1380.130624412594,1366.329318168468,1376.6802978515625,152500,0.0,0.0
2009-01-05 00:00:00+09:00,1345.627197265625,1345.627197265625,1345.627197265625,1345.627197265625,236000,0.0,0.0
2009-01-06 00:00:00+09:00,1364.6039471976364,1364.6039471976364,1362.8787841796875,1362.8787841796875,232500,0.0,0.0
2009-01-07 00:00:00+09:00,1362.878924265466,1362.878924265466,1355.978271484375,1355.978271484375,865500,0.0,0.0
2009-01-08 00:00:00+09:00,1355.9783356819746,1355.9783356819746,1331.8260498046875,1331.8260498046875,440500,0.0,0.0
2009-01-09 00:00:00+09:00,1333.5512023203946,1333.5512023203946,1312.8492431640625,1312.8492431640625,736000,0.0,0.0
2009-01-13 00:00:00+09:00,1318.024856505102,1318.024856505102,1267.9951171875,1267.9951171875,1480500,0.0,0.0
2009-01-14 00:00:00+09:00,1276.620877549174,1276.620877549174,1266.2698974609375,1266.2698974609375,581000,0.0,0.0
2009-01-15 00:00:00+09:00,1266.2694907273449,1266.2694907273449,1257.6436767578125,1257.6436767578125,885000,0.0,0.0
2009-01-16 00:00:00+09:00,1221.4157792941585,1240.392578125,1221.4157792941585,1240.392578125,681500,0.0,0.0
2009-01-19 00:00:00+09:00,1262.8193049568965,1262.8193049568965,1250.7431640625,1250.7431640625,694500,0.0,0.0
2009-01-20 00:00:00+09:00,1231.7663659942284,1231.7663659942284,1228.3160400390625,1228.3160400390625,371000,0.0,0.0
2009-01-21 00:00:00+09:00,1259.3692626953125,1259.3692626953125,1259.3692626953125,1259.3692626953125,1304500,0.0,0.0
2009-01-22 00:00:00+09:00,1261.094211154514,1319.749755859375,1261.094211154514,1319.749755859375,1149500,0.0,0.0
2009-01-23 00:00:00+09:00,1319.7497862467217,1319.7497862467217,1212.7896728515625,1212.7896728515625,817000,0.0,0.0
2009-01-26 00:00:00+09:00,1212.7897495521236,1230.0413818359375,1212.7897495521236,1230.0413818359375,310000,0.0,0.0
2009-01-27 00:00:00+09:00,1217.9648627060324,1288.696533203125,1217.9648627060324,1288.696533203125,407000,0.0,0.0
2009-01-28 00:00:00+09:00,1288.6968516688194,1288.6968516688194,1283.5213623046875,1283.5213623046875,358500,0.0,0.0
2009-01-29 00:00:00+09:00,1285.2467422063837,1285.2467422063837,1249.018310546875,1249.018310546875,499000,0.0,0.0
2009-01-30 00:00:00+09:00,1249.0183957753825,1249.0183957753825,1240.392578125,1240.392578125,718500,0.0,0.0
2009-02-02 00:00:00+09:00,1240.3923872802031,1240.3923872802031,1197.2633056640625,1197.2633056640625,603500,0.0,0.0
2009-02-03 00:00:00+09:00,1197.2635428343474,1197.2635428343474,1178.2867431640625,1178.2867431640625,431500,0.0,0.0
2009-02-04 00:00:00+09:00,1176.561217910942,1200.7135009765625,1176.561217910942,1200.7135009765625,381500,0.0,0.0
2009-02-05 00:00:00+09:00,1190.362614381123,1190.362614381123,1188.637451171875,1188.637451171875,318000,0.0,0.0
2009-02-06 00:00:00+09:00,1188.637389181688,1212.7896728515625,1188.637389181688,1212.7896728515625,488500,0.0,0.0
2009-02-09 00:00:00+09:00,1180.0115719705911,1180.0115719705911,1142.0579833984375,1142.0579833984375,366000,0.0,0.0
2009-02-10 00:00:00+09:00,1107.5544841123694,1148.9583900604955,1102.3789958688537,1116.1802978515625,442500,0.0,0.0
2009-02-12 00:00:00+09:00,1154.1343341984161,1154.1343341984161,1133.432373046875,1133.432373046875,489500,0.0,0.0
2009-02-13 00:00:00+09:00,1133.432373046875,1133.432373046875,1133.432373046875,1133.432373046875,425500,0.0,0.0
2009-02-16 00:00:00+09:00,1155.8593479133922,1166.2103271484375,1155.8593479133922,1166.2103271484375,404000,0.0,0.0
2009-02-17 00:00:00+09:00,1119.6309431561772,1119.6309431561772,1111.005126953125,1111.005126953125,525000,0.0,0.0
2009-02-18 00:00:00+09:00,1105.8296372312936,1111.005126953125,1105.8296372312936,1111.005126953125,304000,0.0,0.0
2009-02-19 00:00:00+09:00,1129.9819412231445,1129.9819412231445,1104.1044921875,1104.1044921875,386000,0.0,0.0
2009-02-20 00:00:00+09:00,1088.5781440795704,1088.5781440795704,1081.677490234375,1081.677490234375,320500,0.0,0.0
2009-02-23 00:00:00+09:00,1085.1277606220672,1085.1277606220672,1079.9522705078125,1079.9522705078125,213000,0.0,0.0
2009-02-24 00:00:00+09:00,1079.9519528144874,1085.12744140625,1079.9519528144874,1085.12744140625,261500,0.0,0.0
2009-02-25 00:00:00+09:00,1085.127760213216,1085.127760213216,1035.0980224609375,1035.0980224609375,660000,0.0,0.0
2009-02-26 00:00:00+09:00,1035.0981710770182,1047.17431640625,1035.0981710770182,1047.17431640625,440000,0.0,0.0
2009-02-27 00:00:00+09:00,1047.1741484142485,1086.8529052734375,1047.1741484142485,1086.8529052734375,1101500,0.0,0.0
2009-03-02 00:00:00+09:00,1086.852803834727,1102.3792724609375,1086.852803834727,1102.3792724609375,547500,0.0,0.0
2009-03-03 00:00:00+09:00,1102.379385199822,1105.8297119140625,1102.379385199822,1105.8297119140625,610500,0.0,0.0
2009-03-04 00:00:00+09:00,1111.0052671563935,1126.53173828125,1111.0052671563935,1126.53173828125,505000,0.0,0.0
2009-03-05 00:00:00+09:00,1143.7831465153536,1143.7831465153536,1142.0579833984375,1142.0579833984375,599000,0.0,0.0
2009-03-06 00:00:00+09:00,1116.1803798021929,1116.1803798021929,1107.5545654296875,1107.5545654296875,528500,0.0,0.0
2009-03-09 00:00:00+09:00,1109.27998984375,1109.27998984375,1078.22705078125,1078.22705078125,633000,0.0,0.0
2009-03-10 00:00:00+09:00,1062.700599461554,1071.326416015625,1062.700599461554,1071.326416015625,404500,0.0,0.0
2009-03-11 00:00:00+09:00,1090.3031005859375,1090.3031005859375,1090.3031005859375,1090.3031005859375,455000,0.0,0.0
2009-03-12 00:00:00+09:00,1092.0283757453956,1092.0283757453956,1071.326416015625,1071.326416015625,347500,0.0,0.0
2009-03-13 00:00:00+09:00,1054.0745849609375,1054.0745849609375,1054.0745849609375,1054.0745849609375,1007000,0.0,0.0
2009-03-16 00:00:00+09:00,1078.2267653097317,1095.4783935546875,1078.2267653097317,1095.4783935546875,474500,0.0,0.0
2009-03-17 00:00:00+09:00,1097.2037893442007,1097.2037893442007,1076.5018310546875,1076.5018310546875,603000,0.0,0.0
2009-03-18 00:00:00+09:00,1055.7996910220286,1055.7996910220286,1052.349365234375,1052.349365234375,976500,0.0,0.0
2009-03-19 00:00:00+09:00,1052.3496195966688,1071.326416015625,1052.3496195966688,1071.326416015625,663000,0.0,0.0
2009-03-23 00:00:00+09:00,1083.4026889534885,1112.73046875,1083.4026889534885,1112.73046875,626000,0.0,0.0
2009-03-24 00:00:00+09:00,1159.3095221412555,1159.3095221412555,1154.134033203125,1154.134033203125,603500,0.0,0.0
2009-03-25 00:00:00+09:00,1148.9585663111864,1169.6605224609375,1148.9585663111864,1169.6605224609375,538500,0.0,0.0
2009-03-26 00:00:00+09:00,1180.51101773803,1187.4552001953125,1180.51101773803,1187.4552001953125,517000,8.5,0.0
2009-03-27 00:00:00+09:00,1168.3586307410037,1168.3586307410037,1145.7900390625,1145.7900390625,501000,0.0,0.0
2009-03-30 00:00:00+09:00,1170.0947935814952,1170.0947935814952,1150.998291015625,1150.998291015625,464500,0.0,0.0
2009-03-31 00:00:00+09:00,1150.9982280236165,1150.9982280236165,1137.10986328125,1137.10986328125,590000,0.0,0.0
2009-04-01 00:00:00+09:00,1135.3737997365552,1135.3737997365552,1119.7493896484375,1119.7493896484375,540500,0.0,0.0
2009-04-02 00:00:00+09:00,1121.4854018702652,1145.7900390625,1121.4854018702652,1145.7900390625,429000,0.0,0.0
2009-04-03 00:00:00+09:00,1149.262267133147,1149.262267133147,1135.3739013671875,1135.3739013671875,480000,0.0,0.0
2009-04-06 00:00:00+09:00,1138.845890867248,1138.845890867248,1119.7493896484375,1119.7493896484375,384500,0.0,0.0
2009-04-07 00:00:00+09:00,1119.7493187031723,1144.053955078125,1119.7493187031723,1144.053955078125,250000,0.0,0.0
2009-04-08 00:00:00+09:00,1124.957275390625,1124.957275390625,1124.957275390625,1124.957275390625,406000,0.0,0.0
2009-04-09 00:00:00+09:00,1095.444930958411,1105.8612060546875,1095.444930958411,1105.8612060546875,658500,0.0,0.0
2009-04-10 00:00:00+09:00,1107.5969116969138,1118.01318359375,1107.5969116969138,1118.01318359375,441000,0.0,0.0
2009-04-13 00:00:00+09:00,1112.805336069838,1114.5413818359375,1112.805336069838,1114.5413818359375,253500,0.0,0.0
2009-04-14 00:00:00+09:00,1093.7086054963886,1104.1248779296875,1093.7086054963886,1104.1248779296875,402500,0.0,0.0
2009-04-15 00:00:00+09:00,1098.9168428642804,1119.7493896484375,1098.9168428642804,1119.7493896484375,516500,0.0,0.0
2009-04-16 00:00:00+09:00,1119.749155664949,1147.52587890625,1119.749155664949,1147.52587890625,682000,0.0,0.0
2009-04-17 00:00:00+09:00,1149.2622597983257,1149.2622597983257,1140.58203125,1140.58203125,487000,0.0,0.0
2009-04-20 00:00:00+09:00,1116.2770274769175,1116.2770274769175,1107.5968017578125,1107.5968017578125,583500,0.0,0.0
2009-04-21 00:00:00+09:00,1111.0689697265625,1111.0689697265625,1111.0689697265625,1111.0689697265625,504500,0.0,0.0
2009-04-22 00:00:00+09:00,1117.7355334774722,1117.7355334774722,1093.7086181640625,1093.7086181640625,289500,0.0,0.0
2009-04-23 00:00:00+09:00,1098.91678655486,1100.65283203125,1098.91678655486,1100.65283203125,440500,0.0,0.0
2009-04-24 00:00:00+09:00,1116.2771382776107,1118.01318359375,1116.2771382776107,1118.01318359375,542000,0.0,0.0
2009-04-27 00:00:00+09:00,1114.994455281718,1114.994455281718,1062.4595947265625,1062.4595947265625,1539000,0.0,0.0
2009-04-28 00:00:00+09:00,1041.6273858632214,1041.6273858632214,1022.5308837890625,1022.5308837890625,938500,0.0,0.0
2009-04-30 00:00:00+09:00,1078.0840070092734,1095.4444580078125,1078.0840070092734,1095.4444580078125,909000,0.0,0.0
2009-05-01 00:00:00+09:00,1048.5717314163057,1052.0438232421875,1048.5717314163057,1052.0438232421875,501500,0.0,0.0
2009-05-07 00:00:00+09:00,1055.357438865286,1144.053955078125,1055.357438865286,1144.053955078125,896500,0.0,0.0
2009-05-08 00:00:00+09:00,1144.0540184009558,1157.9423828125,1144.0540184009558,1157.9423828125,411500,0.0,0.0
2009-05-11 00:00:00+09:00,1157.9424034049084,1157.9424034049084,1142.3179931640625,1142.3179931640625,389500,0.0,0.0
2009-05-12 00:00:00+09:00,1145.9163000647225,1159.678466796875,1145.9163000647225,1159.678466796875,504500,0.0,0.0
2009-05-13 00:00:00+09:00,1156.2061707364069,1161.414306640625,1156.2061707364069,1161.414306640625,425500,0.0,0.0
2009-05-14 00:00:00+09:00,1140.5819719587053,1154.4703369140625,1140.5819719587053,1154.4703369140625,503500,0.0,0.0
2009-05-15 00:00:00+09:00,1211.760009765625,1211.760009765625,1211.760009765625,1211.760009765625,830000,0.0,0.0
2009-05-18 00:00:00+09:00,1189.1910848994555,1189.1910848994555,1185.718994140625,1185.718994140625,326000,0.0,0.0
2009-05-19 00:00:00+09:00,1203.07960738159,1220.4400634765625,1203.07960738159,1220.4400634765625,400000,0.0,0.0
2009-05-20 00:00:00+09:00,1216.9678310377774,1216.9678310377774,1203.0794677734375,1203.0794677734375,345000,0.0,0.0
2009-05-21 00:00:00+09:00,1222.1759357344633,1229.1201171875,1222.1759357344633,1229.1201171875,418500,0.0,0.0
2009-05-22 00:00:00+09:00,1230.856239684199,1232.59228515625,1230.856239684199,1232.59228515625,356500,0.0,0.0
2009-05-25 00:00:00+09:00,1218.7039594046678,1234.328369140625,1218.7039594046678,1234.328369140625,306500,0.0,0.0
2009-05-26 00:00:00+09:00,1262.1052482251575,1274.257568359375,1262.1052482251575,1274.257568359375,710500,0.0,0.0
2009-05-27 00:00:00+09:00,1277.7294024493242,1284.673583984375,1277.7294024493242,1284.673583984375,495000,0.0,0.0
2009-05-28 00:00:00+09:00,1284.6736619878113,1284.6736619878113,1255.160888671875,1255.160888671875,371000,0.0,0.0
2009-05-29 00:00:00+09:00,1258.6331640157425,1269.0494384765625,1258.6331640157425,1269.0494384765625,541000,0.0,0.0
2009-06-01 00:00:00+09:00,1284.673306009044,1284.673306009044,1277.7291259765625,1277.7291259765625,323500,0.0,0.0
2009-06-02 00:00:00+09:00,1281.1795296488624,1281.1795296488624,1253.425048828125,1253.425048828125,448000,0.0,0.0
2009-06-03 00:00:00+09:00,1265.5769487929313,1265.5769487929313,1262.1048583984375,1262.1048583984375,397500,0.0,0.0
2009-06-04 00:00:00+09:00,1249.9525980093879,1249.9525980093879,1248.216552734375,1248.216552734375,452000,0.0,0.0
2009-06-05 00:00:00+09:00,1255.1609086749934,1255.1609086749934,1239.5364990234375,1239.5364990234375,489500,0.0,0.0
2009-06-08 00:00:00+09:00,1237.8004150390625,1237.8004150390625,1237.8004150390625,1237.8004150390625,347500,0.0,0.0
2009-06-09 00:00:00+09:00,1258.6329345703125,1258.6329345703125,1258.6329345703125,1258.6329345703125,345000,0.0,0.0
2009-06-10 00:00:00+09:00,1263.8415653053016,1281.2020263671875,1263.8415653053016,1281.2020263671875,304000,0.0,0.0
2009-06-11 00:00:00+09:00,1272.5209909522016,1281.2012159928033,1269.048900935961,1277.7291259765625,310500,0.0,0.0
2009-06-12 00:00:00+09:00,1314.1865999927948,1326.338919939888,1312.4505542860672,1317.65869140625,569000,0.0,0.0
2009-06-15 00:00:00+09:00,1317.6585242613544,1336.755024612968,1314.1864332883335,1321.130615234375,638500,0.0,0.0
2009-06-16 00:00:00+09:00,1274.2575757069724,1275.9936214504423,1253.4250267853324,1269.0494384765625,491500,0.0,0.0
2009-06-17 00:00:00+09:00,1288.1456684918617,1296.8258953684915,1286.4096231165356,1289.8817138671875,286000,0.0,0.0
2009-06-18 00:00:00+09:00,1286.4096169152144,1295.08984375,1277.7293900804289,1295.08984375,283000,0.0,0.0
2009-06-19 00:00:00+09:00,1324.6027380450878,1328.0748291015625,1312.4504193474265,1328.0748291015625,542000,0.0,0.0
2009-06-22 00:00:00+09:00,1395.7806780133928,1418.3492710658481,1394.0446323939732,1397.5167236328125,1485000,0.0,0.0
2009-06-23 00:00:00+09:00,1359.3239965511275,1374.9484103045886,1352.3798126607003,1371.476318359375,479000,0.0,0.0
2009-06-24 00:00:00+09:00,1380.1562048171365,1400.9887513049423,1376.6841137358356,1383.6282958984375,787500,0.0,0.0
2009-06-25 00:00:00+09:00,1368.003777852402,1388.836322692794,1343.6991422052781,1373.2119140625,406000,0.0,0.0
2009-06-26 00:00:00+09:00,1371.4760393415177,1407.9329973493302,1354.1155831473213,1397.5167236328125,412000,0.0,0.0
2009-06-29 00:00:00+09:00,1380.1563944343393,1385.3645317718274,1359.323845084387,1364.531982421875,407000,0.0,0.0
2009-06-30 00:00:00+09:00,1387.1001897338567,1413.140869140625,1378.419963264934,1413.140869140625,526500,0.0,0.0
2009-07-01 00:00:00+09:00,1413.1410700894958,1414.8771156301464,1376.6841137358356,1383.6282958984375,495500,0.0,0.0
2009-07-02 00:00:00+09:00,1411.405173230527,1411.405173230527,1385.3644873775652,1395.78076171875,440000,0.0,0.0
2009-07-03 00:00:00+09:00,1361.059564108164,1380.1560630943754,1352.3793372962496,1366.2677001953125,304000,0.0,0.0
2009-07-06 00:00:00+09:00,1366.267849357359,1368.0038949092743,1324.602756111391,1345.435302734375,620500,0.0,0.0
2009-07-07 00:00:00+09:00,1361.0595899913415,1385.364225526901,1357.5874992005472,1378.4200439453125,479500,0.0,0.0
2009-07-08 00:00:00+09:00,1343.699141586383,1355.8514594043475,1333.2828691709844,1340.22705078125,472500,0.0,0.0
2009-07-09 00:00:00+09:00,1340.2271410624187,1354.1155052185059,1331.5469134648642,1333.282958984375,299000,0.0,0.0
2009-07-10 00:00:00+09:00,1315.9224403782894,1322.8666221217104,1288.1457134046052,1319.39453125,643500,0.0,0.0
2009-07-13 00:00:00+09:00,1317.6587192937222,1317.6587192937222,1269.0494384765625,1269.0494384765625,434500,0.0,0.0
2009-07-14 00:00:00+09:00,1286.4096293681375,1286.4096293681375,1260.3689486116975,1284.673583984375,473500,0.0,0.0
2009-07-15 00:00:00+09:00,1284.673609471583,1293.3538365626073,1260.3689736167153,1263.841064453125,430000,0.0,0.0
2009-07-16 00:00:00+09:00,1282.9374494655158,1312.450218939012,1282.9374494655158,1291.61767578125,440500,0.0,0.0
2009-07-17 00:00:00+09:00,1326.3388463423755,1352.3795304983123,1317.6586182903966,1341.9632568359375,536000,0.0,0.0
2009-07-21 00:00:00+09:00,1387.1002901696854,1387.1002901696854,1354.1154271994426,1362.795654296875,362500,0.0,0.0
2009-07-22 00:00:00+09:00,1322.8666858673096,1340.2271410624187,1317.6585493087769,1333.282958984375,825500,0.0,0.0
2009-07-23 00:00:00+09:00,1324.6028742331603,1343.699377007164,1314.1865999927948,1317.65869140625,457000,0.0,0.0
2009-07-24 00:00:00+09:00,1324.6026996392854,1331.5468815508939,1314.1864267718731,1326.3387451171875,340500,0.0,0.0
2009-07-27 00:00:00+09:00,1354.115562194119,1380.1562460824675,1347.171379823893,1352.3795166015625,370500,0.0,0.0
2009-07-28 00:00:00+09:00,1369.7397192445253,1374.9478550591432,1350.6432212575926,1357.58740234375,229500,0.0,0.0
2009-07-29 00:00:00+09:00,1357.587576101492,1371.4759400513794,1338.4910756703969,1348.9073486328125,261500,0.0,0.0
2009-07-30 00:00:00+09:00,1348.9072389120256,1354.1153749696011,1324.602603976674,1338.490966796875,153500,0.0,0.0
2009-07-31 00:00:00+09:00,1362.7956863229267,1373.2119590846305,1348.9073226406547,1369.7398681640625,424500,0.0,0.0
2009-08-03 00:00:00+09:00,1374.9481234334573,1374.9481234334573,1335.0190743943544,1341.9632568359375,276500,0.0,0.0
2009-08-04 00:00:00+09:00,1376.6840242726378,1394.0444785509812,1364.5317062777974,1390.5723876953125,917500,0.0,0.0
2009-08-05 00:00:00+09:00,1395.7809377200017,1421.8216268565689,1378.4204782956235,1387.1007080078125,593500,0.0,0.0
2009-08-06 00:00:00+09:00,1387.1004996786312,1395.7807280871334,1359.3237687714247,1361.059814453125,273500,0.0,0.0
2009-08-07 00:00:00+09:00,1357.5877019009104,1376.6842041015625,1340.2272453548628,1376.6842041015625,319000,0.0,0.0
2009-08-10 00:00:00+09:00,1388.8363163176953,1399.252588690078,1369.739816968327,1378.4200439453125,292500,0.0,0.0
2009-08-11 00:00:00+09:00,1388.8364817740444,1414.8771658073076,1388.8364817740444,1407.9329833984375,354500,0.0,0.0
2009-08-12 00:00:00+09:00,1388.8362263079573,1400.988543288152,1374.9478640448776,1385.3641357421875,246500,0.0,0.0
2009-08-13 00:00:00+09:00,1388.8367539502503,1407.9332593170664,1371.4762945258722,1387.1007080078125,407500,0.0,0.0
2009-08-14 00:00:00+09:00,1383.6283867199816,1385.3644323745862,1368.0039758285388,1376.6842041015625,206500,0.0,0.0
2009-08-17 00:00:00+09:00,1388.836441532258,1388.836441532258,1343.6992571824596,1345.435302734375,343000,0.0,0.0
2009-08-18 00:00:00+09:00,1326.3386875607189,1345.4351869889492,1322.8665967555862,1340.22705078125,292500,0.0,0.0
2009-08-19 00:00:00+09:00,1333.2830111402359,1336.7551023150802,1315.9225552660141,1324.602783203125,268000,0.0,0.0
2009-08-20 00:00:00+09:00,1319.3946014603757,1331.5469201580372,1305.506237234477,1328.0748291015625,345000,0.0,0.0
2009-08-21 00:00:00+09:00,1345.4355083858118,1350.643645837628,1303.7704087712834,1315.9227294921875,430500,0.0,0.0
2009-08-24 00:00:00+09:00,1345.4351482069753,1361.0595563797017,1324.602603976674,1338.490966796875,316500,0.0,0.0
2009-08-25 00:00:00+09:00,1341.9630391438802,1357.5874471028644,1338.490948486328,1354.1153564453125,288500,0.0,0.0
2009-08-26 00:00:00+09:00,1357.58740234375,1369.7397192445253,1341.962994899896,1357.58740234375,354500,0.0,0.0
2009-08-27 00:00:00+09:00,1340.2271089404042,1355.8515182415229,1321.1306086834813,1326.3387451171875,435000,0.0,0.0
2009-08-28 00:00:00+09:00,1328.0749298805415,1348.9074778002362,1321.1307472406431,1343.6993408203125,485000,0.0,0.0
2009-08-31 00:00:00+09:00,1357.5874733833982,1387.100244543907,1348.907246571484,1366.2677001953125,394500,0.0,0.0
2009-09-02 00:00:00+09:00,1302.0340314944692,1305.506122245121,1288.1456684918617,1289.8817138671875,574500,0.0,0.0
2009-09-03 00:00:00+09:00,1295.0899973958333,1314.1864986979167,1279.4655872395833,1302.0341796875,338000,0.0,0.0
2009-09-04 00:00:00+09:00,1295.089882315721,1302.0340639903363,1289.8817460597597,1296.825927734375,273500,0.0,0.0
2009-09-07 00:00:00+09:00,1298.5619860197367,1314.1863949424342,1286.40966796875,1286.40966796875,302000,0.0,0.0
2009-09-08 00:00:00+09:00,1303.7702848943418,1307.2423761989871,1288.1458740234375,1288.1458740234375,277500,0.0,0.0
2009-09-09 00:00:00+09:00,1286.4098213349412,1296.8260951919042,1279.4656387636326,1293.35400390625,336000,0.0,0.0
2009-09-10 00:00:00+09:00,1305.506205855782,1335.018979126458,1302.0341148827613,1321.130615234375,299000,0.0,0.0
2009-09-11 00:00:00+09:00,1341.963076293625,1341.963076293625,1314.1863502642614,1322.8665771484375,540000,0.0,0.0
2009-09-14 00:00:00+09:00,1317.65858984375,1324.6027721354167,1291.61790625,1302.0341796875,222000,0.0,0.0
2009-09-15 00:00:00+09:00,1314.1866836749155,1322.8669127612757,1300.2983171367393,1315.9227294921875,276000,0.0,0.0
2009-09-16 00:00:00+09:00,1321.1305766858552,1331.5468493009867,1284.6736225328946,1286.40966796875,232500,0.0,0.0
2009-09-17 00:00:00+09:00,1302.0341026591743,1312.4503754804477,1288.1457388974766,1298.56201171875,248500,0.0,0.0
2009-09-18 00:00:00+09:00,1270.785460414149,1289.88196323458,1237.8005919061313,1256.8970947265625,672000,0.0,0.0
2009-09-21 00:00:00+09:00,1256.8970947265625,1256.8970947265625,1256.8970947265625,1256.8970947265625,0,0.0,0.0
2009-09-24 00:00:00+09:00,1308.9780328702354,1317.6582585523988,1279.46526555088,1303.7698974609375,580500,0.0,0.0
2009-09-25 00:00:00+09:00,1288.1453960252845,1296.8256210658863,1263.8407659115999,1277.7291259765625,224000,0.0,0.0
2009-09-28 00:00:00+09:00,1267.3131556172607,1296.825927734375,1262.1050193612994,1296.825927734375,353000,0.0,0.0
2009-09-29 00:00:00+09:00,1302.0340314944692,1302.0340314944692,1275.99335086458,1289.8817138671875,245000,0.0,0.0
2009-09-30 00:00:00+09:00,1277.7296214188268,1289.8819411877557,1260.3691646060709,1272.521484375,449000,0.0,0.0
2009-10-01 00:00:00+09:00,1274.2575088048561,1289.8819196757602,1269.0493718478879,1288.1458740234375,295000,0.0,0.0
2009-10-02 00:00:00+09:00,1282.9375770970394,1293.353849712171,1260.368986430921,1286.40966796875,452000,0.0,0.0
2009-10-05 00:00:00+09:00,1286.4096809231505,1295.0899081898385,1263.841090029762,1275.993408203125,261500,0.0,0.0
2009-10-06 00:00:00+09:00,1275.9933229071326,1281.2014589189985,1222.1759174511856,1244.7445068359375,445500,0.0,0.0
2009-10-07 00:00:00+09:00,1222.1760063940922,1227.3841427849761,1194.3992789760446,1204.8155517578125,720000,0.0,0.0
2009-10-08 00:00:00+09:00,1222.17599982066,1222.17599982066,1201.3434543691715,1210.023681640625,311000,0.0,0.0
2009-10-09 00:00:00+09:00,1206.551363745401,1211.7594991284748,1177.0385965746502,1194.3990478515625,446500,0.0,0.0
2009-10-13 00:00:00+09:00,1229.1201488940746,1241.272466750372,1203.0794677734375,1203.0794677734375,371000,0.0,0.0
2009-10-14 00:00:00+09:00,1204.8152740036232,1216.9675894474638,1190.9269134963768,1197.87109375,264500,0.0,0.0
2009-10-15 00:00:00+09:00,1192.6632399828147,1208.2876492402315,1190.9271945097685,1199.607421875,270500,0.0,0.0
2009-10-16 00:00:00+09:00,1194.399285455861,1201.3434673480463,1187.455103563676,1199.607421875,245000,0.0,0.0
2009-10-19 00:00:00+09:00,1177.0384570312501,1215.2314453125,1168.358232421875,1215.2314453125,432500,0.0,0.0
2009-10-20 00:00:00+09:00,1216.9679407384433,1229.1202596901824,1213.495849609375,1213.495849609375,418500,0.0,0.0
2009-10-21 00:00:00+09:00,1218.704004112857,1236.0644600119006,1216.9679585229526,1230.8563232421875,321500,0.0,0.0
2009-10-22 00:00:00+09:00,1218.7041932026773,1218.7041932026773,1192.663505313731,1211.760009765625,223500,0.0,0.0
2009-10-23 00:00:00+09:00,1220.4399998946155,1220.4399998946155,1203.0795447040805,1206.5516357421875,190000,0.0,0.0
2009-10-26 00:00:00+09:00,1192.6630572457598,1239.5362778362046,1192.6630572457598,1218.7037353515625,252000,0.0,0.0
2009-10-27 00:00:00+09:00,1201.3434025553624,1210.0236294524386,1178.774812622964,1185.718994140625,327000,0.0,0.0
2009-10-28 00:00:00+09:00,1178.7747067857063,1213.4956112565667,1178.7747067857063,1208.2874755859375,359000,0.0,0.0
2009-10-29 00:00:00+09:00,1208.2876168463426,1208.2876168463426,1182.2469354487923,1192.6632080078125,428000,0.0,0.0
2009-10-30 00:00:00+09:00,1192.6631306669137,1201.343357236542,1175.3026775276574,1189.1910400390625,228500,0.0,0.0
2009-11-02 00:00:00+09:00,1189.1912528106645,1189.1912528106645,1166.62265969163,1182.2470703125,226000,0.0,0.0
2009-11-04 00:00:00+09:00,1192.6633827008109,1192.6633827008109,1170.0947888505773,1183.983154296875,187500,0.0,0.0
2009-11-05 00:00:00+09:00,1183.9832533998842,1185.7192992259838,1156.2065201822916,1171.8309326171875,257500,0.0,0.0
2009-11-06 00:00:00+09:00,1173.5669401717823,1178.7750774802369,1150.9983451684786,1170.0948486328125,317000,0.0,0.0
2009-11-09 00:00:00+09:00,1154.470125435001,1164.886397243437,1149.2619895307828,1161.414306640625,219000,0.0,0.0
2009-11-10 00:00:00+09:00,1213.4962285658892,1213.4962285658892,1180.5113525390625,1180.5113525390625,769500,0.0,0.0
2009-11-11 00:00:00+09:00,1180.5107033551178,1196.1351097230533,1178.774658203125,1178.774658203125,254000,0.0,0.0
2009-11-12 00:00:00+09:00,1180.5110773391273,1190.927351550943,1173.56689453125,1173.56689453125,219000,0.0,0.0
2009-11-13 00:00:00+09:00,1157.9422484081886,1171.830611207687,1157.9422484081886,1168.3585205078125,442500,0.0,0.0
2009-11-16 00:00:00+09:00,1170.0945981813147,1178.7748251707903,1168.3585527834196,1175.302734375,255500,0.0,0.0
2009-11-17 00:00:00+09:00,1177.0387797728952,1180.5108705686853,1170.0945981813147,1175.302734375,271000,0.0,0.0
2009-11-18 00:00:00+09:00,1177.0386130511322,1187.454883963089,1175.3025678991394,1178.774658203125,385500,0.0,0.0
2009-11-19 00:00:00+09:00,1178.7750172545134,1187.4552456584493,1171.8308345313644,1183.983154296875,626500,0.0,0.0
2009-11-20 00:00:00+09:00,1175.3025678991394,1182.2467485071106,1175.3025678991394,1178.774658203125,303500,0.0,0.0
2009-11-24 00:00:00+09:00,1175.3027019075619,1175.3027019075619,1161.4143391080634,1168.3585205078125,288500,0.0,0.0
2009-11-25 00:00:00+09:00,1177.0390005538713,1177.0390005538713,1157.9424975950326,1163.150634765625,188000,0.0,0.0
2009-11-26 00:00:00+09:00,1150.9982697623116,1170.0947719755627,1145.7901327950613,1166.6226806640625,249000,0.0,0.0
2009-11-27 00:00:00+09:00,1154.4703610738118,1180.511045910063,1154.4703610738118,1166.6226806640625,378000,0.0,0.0
2009-11-30 00:00:00+09:00,1157.942469085067,1183.983154296875,1154.4703777234924,1183.983154296875,435000,0.0,0.0
2009-12-01 00:00:00+09:00,1168.3583709361942,1194.3990478515625,1166.6223258085029,1194.3990478515625,377000,0.0,0.0
2009-12-02 00:00:00+09:00,1175.3028702714582,1177.0389158700866,1157.9424142851738,1164.8865966796875,508500,0.0,0.0
2009-12-03 00:00:00+09:00,1177.0389670727086,1216.968017578125,1164.8866473536689,1216.968017578125,480000,0.0,0.0
2009-12-04 00:00:00+09:00,1223.9120126699472,1223.9120126699472,1190.92714991714,1203.0794677734375,318500,0.0,0.0
2009-12-07 00:00:00+09:00,1215.2319719039765,1227.3842916230162,1206.5517435332338,1216.968017578125,271000,0.0,0.0
2009-12-08 00:00:00+09:00,1216.9679224376928,1218.7039679761203,1190.9272393612798,1196.1353759765625,364000,0.0,0.0
2009-12-09 00:00:00+09:00,1189.1909291150819,1192.6630194190675,1178.774658203125,1178.774658203125,410000,0.0,0.0
2009-12-10 00:00:00+09:00,1187.4550332828444,1201.3433962452168,1183.9829425422513,1190.9271240234375,409000,0.0,0.0
2009-12-11 00:00:00+09:00,1196.1352664171166,1196.1352664171166,1175.3027218641334,1185.718994140625,389000,0.0,0.0
2009-12-14 00:00:00+09:00,1194.3993896842878,1194.3993896842878,1173.5668421897944,1182.2470703125,262000,0.0,0.0
2009-12-15 00:00:00+09:00,1175.3028878143355,1182.2470703125,1166.62265969163,1182.2470703125,197500,0.0,0.0
2009-12-16 00:00:00+09:00,1182.2470633523506,1201.3435651098775,1171.8307896664267,1187.4552001953125,502500,0.0,0.0
2009-12-17 00:00:00+09:00,1168.3586878769445,1173.5668246728299,1157.9424142851738,1164.8865966796875,452500,0.0,0.0
2009-12-18 00:00:00+09:00,1164.8864619876292,1178.7748251707903,1154.4701896002584,1175.302734375,397000,0.0,0.0
2009-12-21 00:00:00+09:00,1183.983154296875,1197.8715197431727,1180.5110629353005,1183.983154296875,216500,0.0,0.0
2009-12-22 00:00:00+09:00,1187.4552601470045,1192.6633972529123,1173.56689453125,1173.56689453125,287000,0.0,0.0
2009-12-24 00:00:00+09:00,1185.7192992259838,1185.7192992259838,1168.3588409649885,1171.8309326171875,292000,0.0,0.0
2009-12-25 00:00:00+09:00,1171.8308176313128,1171.8308176313128,1161.4145436968122,1166.6226806640625,170500,0.0,0.0
2009-12-28 00:00:00+09:00,1170.0945857258876,1190.9271302788707,1170.0945857258876,1185.718994140625,271500,0.0,0.0
2009-12-29 00:00:00+09:00,1178.7749790634177,1187.4552071861233,1175.3028878143355,1182.2470703125,172500,0.0,0.0
2009-12-30 00:00:00+09:00,1182.2467485071106,1190.9269742670747,1178.774658203125,1178.774658203125,172000,0.0,0.0
2010-01-04 00:00:00+09:00,1178.7753064323874,1189.1915830724379,1177.0392603257123,1180.5113525390625,103500,0.0,0.0
2010-01-05 00:00:00+09:00,1194.3992210377012,1201.3434025553624,1180.510858002379,1185.718994140625,287500,0.0,0.0
2010-01-06 00:00:00+09:00,1204.8155517578125,1204.8155517578125,1204.8155517578125,1204.8155517578125,290500,0.0,0.0
2010-01-07 00:00:00+09:00,1210.023503643063,1230.856046030031,1204.8153680463208,1223.911865234375,404000,0.0,0.0
2010-01-08 00:00:00+09:00,1223.9120577959948,1239.5364670444542,1223.9120577959948,1232.59228515625,234500,0.0,0.0
2010-01-12 00:00:00+09:00,1234.328421357671,1236.06446695733,1215.23191976142,1225.648193359375,439000,0.0,0.0
2010-01-13 00:00:00+09:00,1225.6480264609816,1236.0642986405367,1220.439890371204,1229.1201171875,196500,0.0,0.0
2010-01-14 00:00:00+09:00,1227.3840977381992,1243.0085063374124,1220.4399161385488,1241.2724609375,275500,0.0,0.0
2010-01-15 00:00:00+09:00,1243.0085900571166,1243.0085900571166,1225.6481348887212,1239.5364990234375,275000,0.0,0.0
2010-01-18 00:00:00+09:00,1225.6481032680458,1232.59228515625,1220.4399668518927,1232.59228515625,186000,0.0,0.0
2010-01-19 00:00:00+09:00,1241.2725967816136,1243.008642371518,1227.3842320623787,1230.8563232421875,177500,0.0,0.0
2010-01-20 00:00:00+09:00,1246.4804132634943,1246.4804132634943,1220.439736106179,1222.17578125,230500,0.0,0.0
2010-01-21 00:00:00+09:00,1246.4807153355239,1246.4807153355239,1185.7191205768286,1213.495849609375,409500,0.0,0.0
2010-01-22 00:00:00+09:00,1189.1911490367222,1199.607421875,1178.7748761984444,1199.607421875,300500,0.0,0.0
2010-01-25 00:00:00+09:00,1189.191078653141,1201.3433962452168,1187.4550332828444,1190.9271240234375,176000,0.0,0.0
2010-01-26 00:00:00+09:00,1185.7194145450198,1196.1356905146686,1177.0391845703125,1177.0391845703125,312000,0.0,0.0
2010-01-27 00:00:00+09:00,1182.2471690192067,1183.9832147886916,1170.0948486328125,1170.0948486328125,436500,0.0,0.0
2010-01-28 00:00:00+09:00,1173.5668352807475,1196.1354282669156,1173.5668352807475,1187.4552001953125,316500,0.0,0.0
2010-01-29 00:00:00+09:00,1185.7194908590877,1185.7194908590877,1171.831122005687,1180.5113525390625,319000,0.0,0.0
2010-02-01 00:00:00+09:00,1182.2473986457376,1185.7194908590877,1175.3032142190373,1180.5113525390625,277500,0.0,0.0
2010-02-02 00:00:00+09:00,1182.2470633523506,1190.9272914239536,1177.0389265093886,1187.4552001953125,229500,0.0,0.0
2010-02-03 00:00:00+09:00,1189.1912913392366,1197.8715197431727,1178.7750172545134,1183.983154296875,149000,0.0,0.0
2010-02-04 00:00:00+09:00,1199.607389713826,1199.607389713826,1183.9829808752957,1192.6632080078125,143000,0.0,0.0
2010-02-05 00:00:00+09:00,1190.9270853529881,1206.5514931783189,1177.038722841583,1189.1910400390625,366500,0.0,0.0
2010-02-08 00:00:00+09:00,1190.9272984352056,1201.3435721824524,1180.511024687959,1182.2470703125,315000,0.0,0.0
2010-02-09 00:00:00+09:00,1173.5666565576244,1178.7747926074364,1166.6224751578752,1168.3585205078125,163500,0.0,0.0
2010-02-10 00:00:00+09:00,1180.510952956385,1220.4399998946155,1180.510952956385,1206.5516357421875,430500,0.0,0.0
2010-02-12 00:00:00+09:00,1216.9679224376928,1218.7039679761203,1192.6632848997074,1196.1353759765625,433000,0.0,0.0
2010-02-15 00:00:00+09:00,1204.8154478643933,1204.8154478643933,1187.4549947251369,1189.1910400390625,269000,0.0,0.0
2010-02-16 00:00:00+09:00,1196.1350929792536,1201.3432283623274,1190.92695759618,1194.3990478515625,257500,0.0,0.0
2010-02-17 00:00:00+09:00,1203.0794677734375,1210.0236494056073,1197.87133154931,1203.0794677734375,253500,0.0,0.0
2010-02-18 00:00:00+09:00,1197.87140814692,1210.0237267802945,1190.927226070706,1206.5516357421875,189500,0.0,0.0
2010-02-19 00:00:00+09:00,1196.1357674991382,1197.8718136058135,1180.5113525390625,1180.5113525390625,365500,0.0,0.0
2010-02-22 00:00:00+09:00,1196.1353692732794,1210.0237335028676,1194.399323744581,1201.343505859375,221500,0.0,0.0
2010-02-23 00:00:00+09:00,1194.399285455861,1203.0795128210927,1189.1911490367222,1199.607421875,270500,0.0,0.0
2010-02-24 00:00:00+09:00,1183.9827770854151,1199.607183234636,1183.9827770854151,1194.3990478515625,318500,0.0,0.0
2010-02-25 00:00:00+09:00,1192.6632848997074,1196.1353759765625,1185.7191027459974,1196.1353759765625,236000,0.0,0.0
2010-02-26 00:00:00+09:00,1196.1352861412674,1215.2317856297348,1194.399240733225,1203.0794677734375,353000,0.0,0.0
2010-03-01 00:00:00+09:00,1199.6073508749203,1204.81548698581,1187.4550332828444,1190.9271240234375,535000,0.0,0.0
2010-03-02 00:00:00+09:00,1192.6632782158824,1203.0795513880735,1192.6632782158824,1201.343505859375,327000,0.0,0.0
2010-03-03 00:00:00+09:00,1204.8155517578125,1206.5515972214405,1197.8713699033005,1204.8155517578125,346500,0.0,0.0
2010-03-04 00:00:00+09:00,1213.4957856593705,1222.176013024602,1197.8713764019537,1199.607421875,297000,0.0,0.0
2010-03-05 00:00:00+09:00,1213.4958162708442,1241.272544540277,1210.023725237165,1239.5364990234375,375000,0.0,0.0
2010-03-08 00:00:00+09:00,1248.2167266076353,1249.952772124475,1234.3283624729188,1239.5364990234375,356500,0.0,0.0
2010-03-09 00:00:00+09:00,1239.5362270846224,1241.2722722205954,1220.439730588921,1227.3839111328125,255500,0.0,0.0
2010-03-10 00:00:00+09:00,1227.3842916230162,1230.8563829713132,1215.2319719039765,1216.968017578125,171000,0.0,0.0
2010-03-11 00:00:00+09:00,1218.703729637633,1225.647910433289,1210.023503643063,1223.911865234375,289500,0.0,0.0
2010-03-12 00:00:00+09:00,1222.1759357344633,1234.3282532772776,1218.703845007945,1229.1201171875,257000,0.0,0.0
2010-03-15 00:00:00+09:00,1244.7447747499245,1260.369186148459,1243.008729038976,1256.8970947265625,464000,0.0,0.0
2010-03-16 00:00:00+09:00,1258.6329213688882,1258.6329213688882,1230.8561948283336,1236.0643310546875,551500,0.0,0.0
2010-03-17 00:00:00+09:00,1248.2168806920808,1255.1610636166542,1236.0645605740774,1246.4808349609375,402500,0.0,0.0
2010-03-18 00:00:00+09:00,1237.800453506598,1248.2167266076353,1232.5923169560792,1239.5364990234375,275500,0.0,0.0
2010-03-19 00:00:00+09:00,1244.744296387396,1253.424521606276,1243.00825134362,1251.6884765625,234500,0.0,0.0
2010-03-23 00:00:00+09:00,1241.2724994680734,1262.1050449136915,1241.2724994680734,1243.008544921875,342000,0.0,0.0
2010-03-24 00:00:00+09:00,1249.952866735537,1269.0493688662189,1249.952866735537,1260.369140625,372500,0.0,0.0
2010-03-25 00:00:00+09:00,1248.2167266076353,1256.896954191833,1239.5364990234375,1239.5364990234375,332500,0.0,0.0
2010-03-26 00:00:00+09:00,1258.6331640157425,1270.7854842200325,1251.6889810418625,1269.0494384765625,428500,0.0,0.0
2010-03-29 00:00:00+09:00,1257.2625048625519,1271.2320882499137,1253.7701090157116,1262.5010986328125,258000,8.5,0.0
2010-03-30 00:00:00+09:00,1262.5012227097602,1274.724609375,1248.5316379494864,1274.724609375,382500,0.0,0.0
2010-03-31 00:00:00+09:00,1285.201701712101,1330.6028487834526,1285.201701712101,1313.140869140625,993000,0.0,0.0
2010-04-01 00:00:00+09:00,1304.409575695128,1344.5721195250985,1295.678587906004,1330.6025390625,722000,0.0,0.0
2010-04-02 00:00:00+09:00,1330.6027723304655,1330.6027723304655,1290.4402214595984,1293.9326171875,500500,0.0,0.0
2010-04-05 00:00:00+09:00,1297.4248282563353,1311.3944091796875,1297.4248282563353,1311.3944091796875,305000,0.0,0.0
2010-04-06 00:00:00+09:00,1314.8869086914062,1316.6331064453125,1297.4249311523438,1309.6483154296875,368000,0.0,0.0
2010-04-07 00:00:00+09:00,1323.6178655965439,1325.3640633084128,1309.6482839015937,1318.3792724609375,400000,0.0,0.0
2010-04-08 00:00:00+09:00,1295.6786306409163,1320.1253972567827,1295.6786306409163,1311.3944091796875,293500,0.0,0.0
2010-04-09 00:00:00+09:00,1307.9021176757813,1320.125501953125,1297.4249311523438,1309.6483154296875,409500,0.0,0.0
2010-04-12 00:00:00+09:00,1309.6482427765793,1316.633033404721,1302.6634521484375,1302.6634521484375,362000,0.0,0.0
2010-04-13 00:00:00+09:00,1311.394495068946,1313.1406927987316,1297.4249132306616,1307.902099609375,277500,0.0,0.0
2010-04-14 00:00:00+09:00,1313.1406927987316,1327.110274637016,1302.6635064200184,1307.902099609375,418500,0.0,0.0
2010-04-15 00:00:00+09:00,1311.3946711763424,1323.6180569263215,1307.9022752477767,1313.140869140625,331000,0.0,0.0
2010-04-16 00:00:00+09:00,1318.3794961748033,1318.3794961748033,1302.6637141011965,1304.409912109375,288000,0.0,0.0
2010-04-19 00:00:00+09:00,1299.1711382717097,1313.1407204036636,1286.94775390625,1286.94775390625,190500,0.0,0.0
2010-04-20 00:00:00+09:00,1295.6787970465582,1302.6635884052998,1290.440203527502,1292.1864013671875,173500,0.0,0.0
2010-04-21 00:00:00+09:00,1297.4249311523438,1318.3793041992187,1297.4249311523438,1309.6483154296875,249000,0.0,0.0
2010-04-22 00:00:00+09:00,1314.8869808611882,1316.6331787109375,1297.4250023636957,1316.6331787109375,314500,0.0,0.0
2010-04-23 00:00:00+09:00,1318.379312884745,1335.8412905388477,1318.379312884745,1334.0950927734375,442500,0.0,0.0
2010-04-26 00:00:00+09:00,1335.8413127049264,1351.5570928543962,1334.0951149105408,1348.064697265625,280000,0.0,0.0
2010-04-27 00:00:00+09:00,1348.064514640748,1348.064514640748,1321.871551273376,1330.6025390625,264000,0.0,0.0
2010-04-28 00:00:00+09:00,1304.4097221679688,1313.1407109375,1299.17112890625,1309.6483154296875,394500,0.0,0.0
2010-04-30 00:00:00+09:00,1318.3793387455873,1367.2728771361521,1314.8869431462613,1360.2880859375,458500,0.0,0.0
2010-05-06 00:00:00+09:00,1342.8259219672736,1342.8259219672736,1318.3791561577264,1330.6025390625,321000,0.0,0.0
2010-05-07 00:00:00+09:00,1304.409589352815,1307.9019845050314,1272.9780329828677,1285.201416015625,545000,0.0,0.0
2010-05-10 00:00:00+09:00,1285.201439642137,1299.1710205078125,1271.2318587764616,1299.1710205078125,332000,0.0,0.0
2010-05-11 00:00:00+09:00,1302.6634157242315,1307.9020085488596,1293.9324276831842,1299.1710205078125,184000,0.0,0.0
2010-05-12 00:00:00+09:00,1295.678986515411,1295.678986515411,1262.5012227097602,1274.724609375,536500,0.0,0.0
2010-05-13 00:00:00+09:00,1276.470620810019,1297.4249948862437,1269.4858294512774,1292.1864013671875,308500,0.0,0.0
2010-05-14 00:00:00+09:00,1288.6940379862883,1295.6788295200893,1274.7244549186862,1283.4554443359375,373000,0.0,0.0
2010-05-17 00:00:00+09:00,1262.5010205012052,1293.9325811775836,1259.0086248704965,1290.440185546875,606500,0.0,0.0
2010-05-18 00:00:00+09:00,1288.6937375928535,1300.917119927745,1262.5007754466571,1278.216552734375,510500,0.0,0.0
2010-05-19 00:00:00+09:00,1260.7547968237438,1265.9933901623467,1241.546621248867,1264.2471923828125,466500,0.0,0.0
2010-05-20 00:00:00+09:00,1245.0388244628907,1264.2469970703125,1239.8002319335938,1257.26220703125,406500,0.0,0.0
2010-05-21 00:00:00+09:00,1232.8155466933788,1241.5465349844085,1218.8459654277315,1220.5921630859375,317000,0.0,0.0
2010-05-24 00:00:00+09:00,1213.6073724531138,1232.8155466933788,1196.1453958710547,1220.5921630859375,348500,0.0,0.0
2010-05-25 00:00:00+09:00,1192.6528556812361,1199.6376454656065,1162.967499097662,1171.698486328125,722000,0.0,0.0
2010-05-26 00:00:00+09:00,1169.9523072015672,1183.9218869890485,1154.2365299406506,1173.4447021484375,805000,0.0,0.0
2010-05-27 00:00:00+09:00,1173.4448292525774,1189.1606082157814,1169.9524339274208,1185.668212890625,414500,0.0,0.0
2010-05-28 00:00:00+09:00,1197.8918634717295,1206.6228537302698,1189.1608732131892,1199.6380615234375,425500,0.0,0.0
2010-05-31 00:00:00+09:00,1192.6533395681645,1211.8615192683837,1180.4299524862065,1206.6229248046875,380500,0.0,0.0
2010-06-01 00:00:00+09:00,1213.6072692871094,1236.3078369140626,1208.3686767578126,1222.3382568359375,369000,0.0,0.0
2010-06-02 00:00:00+09:00,1215.3535622586026,1255.5161081378378,1210.1149693178327,1243.292724609375,591000,0.0,0.0
2010-06-03 00:00:00+09:00,1250.277627963362,1267.7396060075432,1250.277627963362,1265.993408203125,224000,0.0,0.0
2010-06-04 00:00:00+09:00,1274.724484096754,1281.709275790435,1253.7701090157116,1262.5010986328125,411500,0.0,0.0
2010-06-07 00:00:00+09:00,1234.5618716664085,1243.2928608578256,1220.5922889601406,1232.815673828125,317500,0.0,0.0
2010-06-08 00:00:00+09:00,1234.561958139593,1239.8005520213733,1220.592374454845,1229.3233642578125,315000,0.0,0.0
2010-06-09 00:00:00+09:00,1222.3382568359375,1229.323046875,1211.8610717773438,1222.3382568359375,328500,0.0,0.0
2010-06-10 00:00:00+09:00,1224.0847411768398,1253.7701057988172,1224.0847411768398,1250.2777099609375,291500,0.0,0.0
2010-06-11 00:00:00+09:00,1274.724379060018,1274.724379060018,1257.2624012646754,1264.2471923828125,260500,0.0,0.0
2010-06-14 00:00:00+09:00,1276.4705950296336,1276.4705950296336,1257.2624191810346,1265.993408203125,226000,0.0,0.0
2010-06-15 00:00:00+09:00,1252.0237179730964,1260.7547062434805,1243.2927297027122,1255.51611328125,235000,0.0,0.0
2010-06-16 00:00:00+09:00,1264.247039501886,1274.7242249121227,1257.262249228395,1272.97802734375,197500,0.0,0.0
2010-06-17 00:00:00+09:00,1265.993408203125,1269.4858038119612,1259.0086169854526,1265.993408203125,197500,0.0,0.0
2010-06-18 00:00:00+09:00,1260.754868392106,1272.9782535427219,1250.2776811201495,1271.2320556640625,239500,0.0,0.0
2010-06-21 00:00:00+09:00,1276.4705673072847,1292.1863472057328,1276.4705673072847,1286.94775390625,178000,0.0,0.0
2010-06-22 00:00:00+09:00,1271.2317628287226,1285.2013426400272,1267.7393678758965,1278.216552734375,250500,0.0,0.0
2010-06-23 00:00:00+09:00,1272.9783913567455,1274.7245894244502,1252.0240145442888,1260.7550048828125,246500,0.0,0.0
2010-06-24 00:00:00+09:00,1253.7701416015625,1264.247329414389,1250.2777456639537,1253.7701416015625,168500,0.0,0.0
2010-06-25 00:00:00+09:00,1232.8156418941192,1241.546630859375,1229.323246308017,1241.546630859375,254000,0.0,0.0
2010-06-28 00:00:00+09:00,1243.2926881602111,1248.531280947403,1236.3078977772886,1239.80029296875,158500,0.0,0.0
2010-06-29 00:00:00+09:00,1232.8157601789994,1236.3081561001864,1225.8309683366256,1229.3233642578125,205000,0.0,0.0
2010-06-30 00:00:00+09:00,1227.576924641927,1229.323122258772,1190.9067746881854,1194.399169921875,371500,0.0,0.0
2010-07-01 00:00:00+09:00,1194.3990411800683,1196.1452386086942,1171.6984746079324,1182.1756591796875,388500,0.0,0.0
2010-07-02 00:00:00+09:00,1189.160837883497,1196.1456298828125,1182.1760458841811,1196.1456298828125,336500,0.0,0.0
2010-07-05 00:00:00+09:00,1203.130230925804,1204.876428648483,1196.145440035088,1201.384033203125,236000,0.0,0.0
2010-07-06 00:00:00+09:00,1201.3841408501441,1215.3537238832853,1192.6531514544308,1211.861328125,327500,0.0,0.0
2010-07-07 00:00:00+09:00,1197.8915342377993,1208.3687196684507,1192.6529415224736,1203.130126953125,239500,0.0,0.0
2010-07-08 00:00:00+09:00,1220.592059326172,1222.3382568359375,1210.1148742675782,1222.3382568359375,197000,0.0,0.0
2010-07-09 00:00:00+09:00,1218.8460015964918,1225.830792436586,1213.6074084664208,1224.0845947265625,118500,0.0,0.0
2010-07-12 00:00:00+09:00,1217.0998999592862,1224.0846913507312,1197.8917236328125,1197.8917236328125,212000,0.0,0.0
2010-07-13 00:00:00+09:00,1210.115247479607,1211.8614455279182,1185.6684748032512,1187.4146728515625,168000,0.0,0.0
2010-07-14 00:00:00+09:00,1204.8763245249002,1211.861114812001,1196.1453366660241,1203.130126953125,144000,0.0,0.0
2010-07-15 00:00:00+09:00,1190.9071044921875,1197.8918968939013,1190.9071044921875,1190.9071044921875,134500,0.0,0.0
2010-07-16 00:00:00+09:00,1194.399465044807,1203.1304552863626,1183.9222767549402,1187.4146728515625,228000,0.0,0.0
2010-07-21 00:00:00+09:00,1203.130126953125,1208.3687196684507,1187.414348807148,1203.130126953125,325000,0.0,0.0
2010-07-22 00:00:00+09:00,1192.6530445897301,1201.384033203125,1189.1606491443722,1201.384033203125,176000,0.0,0.0
2010-07-23 00:00:00+09:00,1204.8763301454742,1224.084503524605,1197.8915398257902,1215.353515625,265000,0.0,0.0
2010-07-26 00:00:00+09:00,1224.084503524605,1231.0692938442887,1211.8611204651581,1215.353515625,183000,0.0,0.0
2010-07-27 00:00:00+09:00,1213.6078405516878,1225.8312288737911,1213.6078405516878,1218.846435546875,175500,0.0,0.0
2010-07-28 00:00:00+09:00,1229.3232060185185,1231.0694037543403,1220.5922173394097,1225.830810546875,216000,0.0,0.0
2010-07-29 00:00:00+09:00,1222.3383187556612,1222.3383187556612,1203.1301451752151,1204.8763427734375,212500,0.0,0.0
2010-07-30 00:00:00+09:00,1196.1457505127673,1197.8919486886984,1159.4755888182153,1183.92236328125,601500,0.0,0.0
2010-08-02 00:00:00+09:00,1182.1758442068028,1194.3992281203148,1161.2214717836393,1164.7138671875,246500,0.0,0.0
2010-08-03 00:00:00+09:00,1182.176234447338,1185.668631004051,1169.9528464988427,1178.683837890625,351500,0.0,0.0
2010-08-04 00:00:00+09:00,1173.4449242281626,1175.1911220320735,1152.4905505812312,1159.475341796875,264000,0.0,0.0
2010-08-05 00:00:00+09:00,1164.7139352086078,1175.1911220320735,1154.2367483851422,1159.475341796875,417500,0.0,0.0
2010-08-06 00:00:00+09:00,1159.4756568287037,1178.683837890625,1150.7446654369214,1178.683837890625,277000,0.0,0.0
2010-08-09 00:00:00+09:00,1173.4450177977071,1190.9069972292207,1164.7140280819503,1180.4298095703125,334500,0.0,0.0
2010-08-10 00:00:00+09:00,1168.2062761130744,1173.4448692795008,1147.2519034473692,1154.2366943359375,369000,0.0,0.0
2010-08-11 00:00:00+09:00,1155.9830804171468,1155.9830804171468,1135.0287043370774,1136.77490234375,184500,0.0,0.0
2010-08-12 00:00:00+09:00,1131.5363946335708,1140.267385332904,1128.0439983538377,1133.2825927734375,278500,0.0,0.0
2010-08-13 00:00:00+09:00,1121.0587772299175,1140.2669494254458,1110.581592395993,1138.520751953125,336000,0.0,0.0
2010-08-16 00:00:00+09:00,1133.2821595361627,1142.0131468977665,1124.551172174559,1138.520751953125,208000,0.0,0.0
2010-08-17 00:00:00+09:00,1128.0439983538377,1136.7749890531707,1119.3130076545046,1133.2825927734375,135500,0.0,0.0
2010-08-18 00:00:00+09:00,1135.028757451142,1148.998342158233,1128.0439650975966,1142.0135498046875,265000,0.0,0.0
2010-08-19 00:00:00+09:00,1142.0132200659775,1147.2518128185736,1138.52082489758,1145.505615234375,198500,0.0,0.0
2010-08-20 00:00:00+09:00,1126.2974801855776,1129.7898754729747,1105.3431084611946,1114.0740966796875,262500,0.0,0.0
2010-08-23 00:00:00+09:00,1108.83595477227,1117.5669465421304,1093.1201695865213,1098.3587646484375,263500,0.0,0.0
2010-08-24 00:00:00+09:00,1082.6426501151843,1096.6122326973157,1082.6426501151843,1089.62744140625,333000,0.0,0.0
2010-08-25 00:00:00+09:00,1080.896591015625,1100.10476953125,1077.404194921875,1091.373779296875,367000,0.0,0.0
2010-08-26 00:00:00+09:00,1091.373462032005,1098.3582521890096,1079.1500792572463,1084.388671875,441000,0.0,0.0
2010-08-27 00:00:00+09:00,1086.135376170633,1101.8511613563817,1082.6429794626888,1098.3587646484375,395500,0.0,0.0
2010-08-30 00:00:00+09:00,1107.0892150782483,1110.5816100784953,1094.8658325773845,1105.343017578125,398500,0.0,0.0
2010-08-31 00:00:00+09:00,1091.3734874506106,1093.1196850305316,1058.195733432112,1063.434326171875,457000,0.0,0.0
2010-09-01 00:00:00+09:00,1073.911798828125,1093.11997734375,1072.16560078125,1091.373779296875,507000,0.0,0.0
2010-09-02 00:00:00+09:00,1117.5667189952903,1121.0591149921506,1094.8661450156985,1112.328125,434000,0.0,0.0
2010-09-03 00:00:00+09:00,1107.0894054594494,1112.327998860677,1089.627427455357,1100.1046142578125,284000,0.0,0.0
2010-09-06 00:00:00+09:00,1117.566929517134,1122.8055244992454,1105.3435412255403,1121.059326171875,258000,0.0,0.0
2010-09-07 00:00:00+09:00,1115.820330619812,1126.297516822815,1108.83553981781,1117.5665283203125,232000,0.0,0.0
2010-09-08 00:00:00+09:00,1105.343363671875,1108.835759765625,1084.388987109375,1091.373779296875,282000,0.0,0.0
2010-09-09 00:00:00+09:00,1101.8507080078125,1103.5969056433241,1093.1197198302546,1101.8507080078125,264500,0.0,0.0
2010-09-10 00:00:00+09:00,1129.7901049843015,1135.0286989795918,1107.0895310047094,1112.328125,413500,0.0,0.0
2010-09-13 00:00:00+09:00,1117.5667523734178,1119.3129504240012,1100.104771867583,1103.59716796875,235000,0.0,0.0
2010-09-14 00:00:00+09:00,1103.5973597103537,1107.0897564182978,1093.1201695865213,1098.3587646484375,260000,0.0,0.0
2010-09-16 00:00:00+09:00,1101.850678679231,1101.850678679231,1073.911517254718,1075.65771484375,327500,0.0,0.0
2010-09-17 00:00:00+09:00,1087.881229654948,1105.3432076590402,1082.6426362537202,1100.1046142578125,301000,0.0,0.0
2010-09-21 00:00:00+09:00,1117.5666616826156,1117.5666616826156,1091.3736930494292,1094.8660888671875,257500,0.0,0.0
2010-09-22 00:00:00+09:00,1094.8660888671875,1101.8508805027038,1087.8812972316712,1094.8660888671875,255500,0.0,0.0
2010-09-24 00:00:00+09:00,1087.881383203125,1098.358571484375,1080.896591015625,1091.373779296875,347000,0.0,0.0
2010-09-27 00:00:00+09:00,1108.8355531903096,1108.8355531903096,1089.6273782531546,1107.08935546875,302500,0.0,0.0
2010-09-28 00:00:00+09:00,1108.8356032598585,1112.327998860677,1094.8660208565848,1100.1046142578125,320500,0.0,0.0
2010-09-29 00:00:00+09:00,1108.8356032598585,1114.0741966610863,1091.3736252557665,1100.1046142578125,388000,0.0,0.0
2010-09-30 00:00:00+09:00,1101.8507528981854,1105.3431483114919,1075.6577872983871,1082.642578125,435500,0.0,0.0
2010-10-01 00:00:00+09:00,1075.657994538835,1086.1351827973301,1066.9270043234224,1079.150390625,306500,0.0,0.0
2010-10-04 00:00:00+09:00,1082.6427635585094,1084.388961564249,1052.9573974609375,1052.9573974609375,281000,0.0,0.0
2010-10-05 00:00:00+09:00,1052.9574682496525,1068.6732513578563,1040.7340813877163,1059.9422607421875,664000,0.0,0.0
2010-10-06 00:00:00+09:00,1065.180995922968,1100.1049630024095,1065.180995922968,1098.3587646484375,424500,0.0,0.0
2010-10-07 00:00:00+09:00,1103.5966050457803,1115.819985164958,1093.1194220864847,1096.61181640625,315000,0.0,0.0
2010-10-08 00:00:00+09:00,1080.896452292418,1107.0894196339143,1080.896452292418,1089.62744140625,420500,0.0,0.0
2010-10-12 00:00:00+09:00,1110.581897133275,1112.3280950847425,1059.9421565407201,1061.6883544921875,464500,0.0,0.0
2010-10-13 00:00:00+09:00,1077.4039753828897,1079.150173073948,1054.7034053991335,1058.19580078125,247000,0.0,0.0
2010-10-14 00:00:00+09:00,1066.9270550358178,1079.1504419183887,1059.9422625314917,1072.1656494140625,351000,0.0,0.0
2010-10-15 00:00:00+09:00,1066.9269815068537,1068.6731795125932,1051.2111994551979,1052.9573974609375,205000,0.0,0.0
2010-10-18 00:00:00+09:00,1051.2109431124281,1068.672918911638,1051.2109431124281,1063.434326171875,230500,0.0,0.0
2010-10-19 00:00:00+09:00,1065.1808569097363,1086.1352344227148,1063.4346587836549,1072.1656494140625,202000,0.0,0.0
2010-10-20 00:00:00+09:00,1072.165753960415,1077.4043488494724,1051.2113744041853,1070.4195556640625,378500,0.0,0.0
2010-10-21 00:00:00+09:00,1065.1808569097363,1080.8966400444701,1056.4498662793287,1072.1656494140625,406000,0.0,0.0
2010-10-22 00:00:00+09:00,1075.657823176246,1089.627405295418,1068.67303211666,1086.135009765625,459000,0.0,0.0
2010-10-25 00:00:00+09:00,1080.8964164709355,1091.3736030603145,1080.8964164709355,1086.135009765625,286500,0.0,0.0
2010-10-26 00:00:00+09:00,1072.1652891002416,1096.6120546497584,1072.1652891002416,1084.388671875,256500,0.0,0.0
2010-10-27 00:00:00+09:00,1087.8813628903085,1087.8813628903085,1066.9269867190667,1077.4041748046875,299500,0.0,0.0
2010-10-28 00:00:00+09:00,1077.4043488494724,1077.4043488494724,1065.1809607750051,1070.4195556640625,461500,0.0,0.0
2010-10-29 00:00:00+09:00,1077.4043844007726,1101.8511613563817,1065.180995922968,1098.3587646484375,479500,0.0,0.0
2010-11-01 00:00:00+09:00,1093.1197643649193,1103.5969506048386,1070.4191941784275,1082.642578125,557000,0.0,0.0
2010-11-02 00:00:00+09:00,1086.1352344227148,1086.1352344227148,1061.6884606575732,1072.1656494140625,323000,0.0,0.0
2010-11-04 00:00:00+09:00,1103.5969056433241,1112.327893820882,1091.373522194743,1101.8507080078125,442000,0.0,0.0
2010-11-05 00:00:00+09:00,1103.5970849380851,1129.7900537261726,1103.5970849380851,1119.3128662109375,342500,0.0,0.0
2010-11-08 00:00:00+09:00,1131.5363946335708,1157.7293667315703,1121.059205794371,1133.2825927734375,408000,0.0,0.0
2010-11-09 00:00:00+09:00,1133.2825417394477,1152.4907204129977,1121.059155310825,1140.267333984375,343000,0.0,0.0
2010-11-10 00:00:00+09:00,1148.998046875,1150.7442445146276,1135.0284657579787,1148.998046875,231000,0.0,0.0
2010-11-11 00:00:00+09:00,1147.2521262293021,1152.4907204129977,1136.7749378619114,1140.267333984375,188500,0.0,0.0
2010-11-12 00:00:00+09:00,1138.5211381392046,1169.9527033025568,1136.7749400745738,1152.49072265625,425500,0.0,0.0
2010-11-15 00:00:00+09:00,1147.2519034473692,1155.9828920580796,1142.0133102809427,1154.2366943359375,138000,0.0,0.0
2010-11-16 00:00:00+09:00,1148.9978057624758,1148.9978057624758,1119.3124521181564,1126.2972412109375,361500,0.0,0.0
2010-11-17 00:00:00+09:00,1108.835268478985,1129.789635757328,1108.835268478985,1126.2972412109375,280500,0.0,0.0
2010-11-18 00:00:00+09:00,1119.3126870013298,1152.4904421542553,1115.8202917220744,1148.998046875,347500,0.0,0.0
2010-11-19 00:00:00+09:00,1119.312784329928,1168.2063224909857,1115.8203887469951,1135.028564453125,251000,0.0,0.0
2010-11-22 00:00:00+09:00,1145.5059281680703,1145.5059281680703,1135.0287398006794,1140.267333984375,189500,0.0,0.0
2010-11-24 00:00:00+09:00,1122.8049866289546,1136.774566555909,1121.0587891380853,1128.0435791015625,301500,0.0,0.0
2010-11-25 00:00:00+09:00,1100.104515530099,1119.3126896107833,1089.6273296679076,1114.0740966796875,555000,0.0,0.0
2010-11-26 00:00:00+09:00,1121.0588742842585,1138.5208505192159,1117.566479037267,1124.55126953125,380500,0.0,0.0
2010-11-29 00:00:00+09:00,1117.5663822852762,1138.520751953125,1117.5663822852762,1138.520751953125,270500,0.0,0.0
2010-11-30 00:00:00+09:00,1126.2972412109375,1142.0130166696947,1119.3124521181564,1126.2972412109375,720000,0.0,0.0
2010-12-01 00:00:00+09:00,1121.0589463975696,1131.5361328125,1119.3127486617477,1131.5361328125,375000,0.0,0.0
2010-12-02 00:00:00+09:00,1150.7443079065395,1150.7443079065395,1128.0437373408565,1131.5361328125,281000,0.0,0.0
2010-12-03 00:00:00+09:00,1133.2825927734375,1138.5211871930373,1128.0439983538377,1133.2825927734375,164500,0.0,0.0
2010-12-06 00:00:00+09:00,1140.2670993604759,1171.698657995221,1135.028506254685,1164.7138671875,400500,0.0,0.0
2010-12-07 00:00:00+09:00,1168.2063670115429,1171.6987627275714,1155.9829820054429,1162.9677734375,494000,0.0,0.0
2010-12-08 00:00:00+09:00,1166.4602260251017,1187.4146013429179,1157.729236309345,1180.4298095703125,547500,0.0,0.0
2010-12-09 00:00:00+09:00,1169.9522656821925,1194.399029442716,1164.7136734477947,1192.65283203125,733000,0.0,0.0
2010-12-10 00:00:00+09:00,1192.65283203125,1201.38381908858,1187.4142397968521,1192.65283203125,655500,0.0,0.0
2010-12-13 00:00:00+09:00,1187.4147451044682,1206.6229248046875,1180.4299524862065,1206.6229248046875,508500,0.0,0.0
2010-12-14 00:00:00+09:00,1227.577166297219,1238.0543540607798,1218.8461764942515,1229.3233642578125,580500,0.0,0.0
2010-12-15 00:00:00+09:00,1234.5619075796699,1239.8005012469102,1229.3233139124293,1236.30810546875,604500,0.0,0.0
2010-12-16 00:00:00+09:00,1224.0847525671231,1236.3081381134425,1222.3385546319346,1227.5771484375,390500,0.0,0.0
2010-12-17 00:00:00+09:00,1220.5926338786041,1225.8312288737911,1206.6230472247717,1218.846435546875,495500,0.0,0.0
2010-12-20 00:00:00+09:00,1218.846206576838,1222.3386025842215,1208.3690185546875,1208.3690185546875,150500,0.0,0.0
2010-12-21 00:00:00+09:00,1213.6076125657628,1217.1000085731464,1204.8766225473041,1208.3690185546875,429000,0.0,0.0
2010-12-22 00:00:00+09:00,1201.3839293813496,1208.3687196684507,1190.9067439506985,1203.130126953125,381500,0.0,0.0
2010-12-24 00:00:00+09:00,1204.8766533346736,1204.8766533346736,1183.9222767549402,1187.4146728515625,325500,0.0,0.0
2010-12-27 00:00:00+09:00,1189.160837883497,1197.8918278826416,1187.4146398836679,1196.1456298828125,180500,0.0,0.0
2010-12-28 00:00:00+09:00,1199.6380258824704,1204.8766198819571,1196.1456298828125,1196.1456298828125,176500,0.0,0.0
2010-12-29 00:00:00+09:00,1197.8919340318605,1206.6229248046875,1194.3995377227297,1206.6229248046875,188000,0.0,0.0
2010-12-30 00:00:00+09:00,1199.6380949943298,1203.1304911951866,1187.4147082913307,1190.9071044921875,226500,0.0,0.0
2011-01-04 00:00:00+09:00,1196.1453366660241,1210.1149172402259,1194.3991390942488,1203.130126953125,383500,0.0,0.0
2011-01-05 00:00:00+09:00,1203.1301580060992,1203.1301580060992,1185.6681818376508,1194.399169921875,485500,0.0,0.0
2011-01-06 00:00:00+09:00,1208.3687071436602,1213.6072998046875,1201.383916928957,1213.6072998046875,538000,0.0,0.0
2011-01-07 00:00:00+09:00,1208.3687196684507,1213.6073123837762,1197.8915342377993,1203.130126953125,383500,0.0,0.0
2011-01-11 00:00:00+09:00,1206.6225948801632,1224.084571651222,1204.8763972030574,1210.114990234375,392500,0.0,0.0
2011-01-12 00:00:00+09:00,1220.592356696746,1227.5771484375,1211.8613670208038,1227.5771484375,501500,0.0,0.0
2011-01-13 00:00:00+09:00,1231.069562218406,1232.8157601789994,1215.3537805730646,1229.3233642578125,314000,0.0,0.0
2011-01-14 00:00:00+09:00,1222.338305944684,1227.5768986844469,1213.607318045079,1215.353515625,271500,0.0,0.0
2011-01-17 00:00:00+09:00,1213.6075260041428,1218.8461196415706,1206.6227344875722,1211.861328125,196500,0.0,0.0
2011-01-18 00:00:00+09:00,1206.6227344875722,1218.8461196415706,1201.3841408501441,1211.861328125,254000,0.0,0.0
2011-01-19 00:00:00+09:00,1218.845892465715,1222.3382875730665,1208.3687071436602,1213.6072998046875,327500,0.0,0.0
2011-01-20 00:00:00+09:00,1201.3842265399205,1210.1152165583794,1197.8918305325371,1208.3690185546875,248000,0.0,0.0
2011-01-21 00:00:00+09:00,1213.6076125657628,1220.5924045805298,1204.8766225473041,1208.3690185546875,481500,0.0,0.0
2011-01-24 00:00:00+09:00,1204.8763245249002,1210.1149172402259,1199.6377318095745,1203.130126953125,558500,0.0,0.0
2011-01-25 00:00:00+09:00,1208.3687925572692,1217.0997809427986,1203.1301995259514,1210.114990234375,429000,0.0,0.0
2011-01-26 00:00:00+09:00,1206.6225403716599,1211.861133166327,1201.3839475769928,1204.8763427734375,496500,0.0,0.0
2011-01-27 00:00:00+09:00,1215.3539155775145,1215.3539155775145,1204.8767266501222,1206.6229248046875,671000,0.0,0.0
2011-01-28 00:00:00+09:00,1201.384033203125,1210.1150218165199,1199.637835480446,1201.384033203125,504000,0.0,0.0
2011-01-31 00:00:00+09:00,1203.130126953125,1210.1149172402259,1199.6377318095745,1203.130126953125,673000,0.0,0.0
2011-02-01 00:00:00+09:00,1203.1304732671392,1208.3690674903635,1183.922294448651,1189.160888671875,507000,0.0,0.0
2011-02-02 00:00:00+09:00,1203.1304576268537,1215.35384398881,1196.1456654200215,1199.6380615234375,657000,0.0,0.0
2011-02-03 00:00:00+09:00,1199.6380771183233,1199.6380771183233,1185.6684925230588,1189.160888671875,493000,0.0,0.0
2011-02-04 00:00:00+09:00,1203.1301325655531,1215.353515625,1199.6377374057113,1215.353515625,502500,0.0,0.0
2011-02-07 00:00:00+09:00,1222.3382568359375,1227.5768493652345,1211.8610717773438,1222.3382568359375,439000,0.0,0.0
2011-02-08 00:00:00+09:00,1234.561754395216,1250.2775334469231,1234.561754395216,1245.0389404296875,458500,0.0,0.0
2011-02-09 00:00:00+09:00,1245.038885755942,1252.0236761388644,1239.80029296875,1239.80029296875,336000,0.0,0.0
2011-02-10 00:00:00+09:00,1243.2928148426604,1265.993385900181,1239.8004192953497,1252.0238037109375,599500,0.0,0.0
2011-02-14 00:00:00+09:00,1264.2469970703125,1264.2469970703125,1253.7698120117188,1257.26220703125,228000,0.0,0.0
2011-02-15 00:00:00+09:00,1257.2625375391715,1260.7549334767803,1248.5315476951494,1253.7701416015625,205000,0.0,0.0
2011-02-16 00:00:00+09:00,1245.0389404296875,1255.516126464159,1245.0389404296875,1245.0389404296875,287500,0.0,0.0
2011-02-17 00:00:00+09:00,1257.2625048625519,1269.4858903264933,1253.7701090157116,1262.5010986328125,402000,0.0,0.0
2011-02-18 00:00:00+09:00,1269.4856996142175,1279.9628855807723,1262.5009089698476,1267.739501953125,254000,0.0,0.0
2011-02-21 00:00:00+09:00,1255.5162034851412,1272.9781812804838,1255.5162034851412,1264.2471923828125,287500,0.0,0.0
2011-02-22 00:00:00+09:00,1262.5010484278284,1286.947818383554,1262.5010484278284,1269.48583984375,671000,0.0,0.0
2011-02-23 00:00:00+09:00,1265.9933901623467,1278.2167746190867,1262.5009946032783,1264.2471923828125,504500,0.0,0.0
2011-02-24 00:00:00+09:00,1252.023889928431,1255.516285716237,1243.2929004589162,1248.531494140625,488500,0.0,0.0
2011-02-25 00:00:00+09:00,1243.2928825827205,1250.2776740579043,1236.3080911075367,1246.7852783203125,427000,0.0,0.0
2011-02-28 00:00:00+09:00,1243.2927297027122,1259.0085085894038,1238.0541367404817,1255.51611328125,397500,0.0,0.0
2011-03-01 00:00:00+09:00,1257.2624012646754,1267.739587941881,1253.7700057056068,1264.2471923828125,328000,0.0,0.0
2011-03-02 00:00:00+09:00,1252.023731119335,1253.7699287917471,1243.2927427572756,1245.0389404296875,596500,0.0,0.0
2011-03-03 00:00:00+09:00,1245.0390804515166,1252.0238719267004,1241.5466847139246,1246.7852783203125,377500,0.0,0.0
2011-03-04 00:00:00+09:00,1265.9933901623467,1272.9781812804838,1255.5162034851412,1264.2471923828125,445000,0.0,0.0
2011-03-07 00:00:00+09:00,1262.50099035287,1264.2471881265255,1245.0390126163159,1252.0238037109375,305000,0.0,0.0
2011-03-08 00:00:00+09:00,1253.7700697954963,1259.0086634018842,1246.7852783203125,1246.7852783203125,429000,0.0,0.0
2011-03-09 00:00:00+09:00,1252.0240145442888,1267.7397971536313,1252.0240145442888,1260.7550048828125,541500,0.0,0.0
2011-03-10 00:00:00+09:00,1260.7547113087553,1278.2166879196798,1257.2623159865702,1267.739501953125,701000,0.0,0.0
2011-03-11 00:00:00+09:00,1260.7547925792146,1260.7547925792146,1252.0238037109375,1252.0238037109375,770500,0.0,0.0
2011-03-14 00:00:00+09:00,1222.3383739741162,1238.0541530680691,1192.6530134633163,1210.114990234375,670500,0.0,0.0
2011-03-15 00:00:00+09:00,1175.1910812707988,1175.1910812707988,1035.4952618032446,1049.46484375,839500,0.0,0.0
2011-03-16 00:00:00+09:00,1135.0283399601808,1176.9370786664028,1133.2821425140883,1171.698486328125,1300500,0.0,0.0
2011-03-17 00:00:00+09:00,1169.9525685189915,1190.9069428805255,1154.2367877478407,1175.191162109375,1453500,0.0,0.0
2011-03-18 00:00:00+09:00,1182.1758582536563,1213.6074172618776,1182.1758582536563,1201.384033203125,773500,0.0,0.0
2011-03-22 00:00:00+09:00,1208.3692455565008,1225.8312288737911,1204.8768488930425,1218.846435546875,1051500,0.0,0.0
2011-03-23 00:00:00+09:00,1229.3233317172073,1245.0391129465465,1208.368956744755,1238.0543212890625,687000,0.0,0.0
2011-03-24 00:00:00+09:00,1246.7853141230578,1259.008699555637,1241.5467203662383,1250.2777099609375,622000,0.0,0.0
2011-03-25 00:00:00+09:00,1252.0239046040308,1257.262498347144,1227.5771338028362,1238.0543212890625,597000,0.0,0.0
2011-03-28 00:00:00+09:00,1229.3231878566335,1229.3231878566335,1206.6226176263262,1224.0845947265625,567000,0.0,0.0
2011-03-29 00:00:00+09:00,1235.064911414837,1243.8491568729796,1203.4416277655241,1222.7669677734375,710500,8.5,0.0
2011-03-30 00:00:00+09:00,1222.7672124335106,1242.0925563081782,1215.7398146609044,1238.578857421875,689000,0.0,0.0
2011-03-31 00:00:00+09:00,1238.5786560316126,1259.6608459215124,1231.5512594016461,1249.1197509765625,395000,0.0,0.0
2011-04-01 00:00:00+09:00,1264.931544208392,1270.2020923092603,1242.0925024379628,1245.606201171875,348000,0.0,0.0
2011-04-04 00:00:00+09:00,1235.0651037597656,1242.092501220703,1224.5240075683594,1229.7945556640625,253500,0.0,0.0
2011-04-05 00:00:00+09:00,1235.0648981474735,1250.8765398022776,1215.7395583471575,1224.5238037109375,320500,0.0,0.0
2011-04-06 00:00:00+09:00,1229.7945817080915,1229.7945817080915,1208.7123888788099,1210.46923828125,228500,0.0,0.0
2011-04-07 00:00:00+09:00,1212.2259787626044,1224.523923474689,1199.92803405052,1208.7122802734375,182500,0.0,0.0
2011-04-08 00:00:00+09:00,1199.9279166923534,1231.5512000019617,1196.4142185468415,1224.5238037109375,393500,0.0,0.0
2011-04-11 00:00:00+09:00,1224.52401989923,1229.7945680480072,1212.22607421875,1212.22607421875,252000,0.0,0.0
2011-04-12 00:00:00+09:00,1212.2256890350072,1215.739386684384,1196.4140496128116,1198.1708984375,264500,0.0,0.0
2011-04-13 00:00:00+09:00,1203.4418273041213,1219.253471750453,1201.6849779211957,1212.22607421875,246000,0.0,0.0
2011-04-14 00:00:00+09:00,1201.6849098316782,1212.2260055319562,1189.3869648480206,1205.1986083984375,282000,0.0,0.0
2011-04-15 00:00:00+09:00,1205.1986217638,1206.9554710666628,1192.9006766437612,1203.4417724609375,308500,0.0,0.0
2011-04-18 00:00:00+09:00,1194.6572965209248,1208.7120882447002,1194.6572965209248,1201.6846923828125,245000,0.0,0.0
2011-04-19 00:00:00+09:00,1185.8728992005747,1198.1708403774696,1182.359201721462,1189.3865966796875,274500,0.0,0.0
2011-04-20 00:00:00+09:00,1177.088965417355,1201.6848542469713,1171.8184178110087,1196.414306640625,592000,0.0,0.0
2011-04-21 00:00:00+09:00,1196.4143752494867,1208.7123203695255,1192.9006766437612,1203.4417724609375,291500,0.0,0.0
2011-04-22 00:00:00+09:00,1196.4143466105504,1203.4417436537842,1187.6301003065082,1191.143798828125,254500,0.0,0.0
2011-04-25 00:00:00+09:00,1191.1437429623654,1198.1711396760077,1178.8457987134914,1182.3594970703125,174000,0.0,0.0
2011-04-26 00:00:00+09:00,1192.9006766437612,1206.9554710666628,1178.84588222086,1203.4417724609375,486500,0.0,0.0
2011-04-27 00:00:00+09:00,1201.6851396185862,1212.2262373345386,1191.1440419026337,1206.9556884765625,330000,0.0,0.0
2011-04-28 00:00:00+09:00,1196.4144297724185,1215.7397729846014,1185.873333474864,1212.22607421875,392000,0.0,0.0
2011-05-02 00:00:00+09:00,1215.7397607421876,1236.8219531250002,1215.7397607421876,1229.7945556640625,199500,0.0,0.0
2011-05-06 00:00:00+09:00,1231.5513250334743,1240.3355712890625,1226.2807772801214,1240.3355712890625,253000,0.0,0.0
2011-05-09 00:00:00+09:00,1245.6061593241577,1250.8767072479552,1229.794515552765,1235.0650634765625,297500,0.0,0.0
2011-05-10 00:00:00+09:00,1236.8220079787234,1242.0925563081782,1235.0651585355718,1238.578857421875,306500,0.0,0.0
2011-05-11 00:00:00+09:00,1249.1199540807845,1250.8768035239361,1236.8220079787234,1238.578857421875,235500,0.0,0.0
2011-05-12 00:00:00+09:00,1228.0377331927718,1236.821980211318,1224.5240343853532,1226.2808837890625,215000,0.0,0.0
2011-05-13 00:00:00+09:00,1217.4966358910106,1219.2534852934507,1196.414443061729,1210.46923828125,329500,0.0,0.0
2011-05-16 00:00:00+09:00,1192.900608236394,1210.4691002575487,1184.1163622258168,1196.414306640625,416000,0.0,0.0
2011-05-17 00:00:00+09:00,1189.3865966796875,1189.3865966796875,1173.5749580236798,1189.3865966796875,304500,0.0,0.0
2011-05-18 00:00:00+09:00,1189.3869098321632,1203.4417034490868,1182.3595130237013,1196.414306640625,208000,0.0,0.0
2011-05-19 00:00:00+09:00,1191.1437697204499,1192.9006189383267,1177.088975977436,1178.8458251953125,158500,0.0,0.0
2011-05-20 00:00:00+09:00,1171.8184548051547,1187.630098123365,1171.8184548051547,1175.3321533203125,190000,0.0,0.0
2011-05-23 00:00:00+09:00,1178.845619978305,1184.1161667144227,1168.3045265060698,1173.5750732421875,238000,0.0,0.0
2011-05-24 00:00:00+09:00,1159.5204733962005,1196.414306640625,1159.5204733962005,1196.414306640625,534000,0.0,0.0
2011-05-25 00:00:00+09:00,1192.9004605071261,1210.468950352592,1187.6299135534864,1199.9278564453125,327500,0.0,0.0
2011-05-26 00:00:00+09:00,1201.6849779211957,1219.253471750453,1201.6849779211957,1212.22607421875,264000,0.0,0.0
2011-05-27 00:00:00+09:00,1205.198838857237,1219.2536358118405,1199.9282899992609,1206.9556884765625,167000,0.0,0.0
2011-05-30 00:00:00+09:00,1206.9556884765625,1212.2262373345386,1192.900891521959,1206.9556884765625,144500,0.0,0.0
2011-05-31 00:00:00+09:00,1212.2258732236664,1229.7943641399515,1212.2258732236664,1222.7669677734375,341500,0.0,0.0
2011-06-01 00:00:00+09:00,1226.2805959006955,1226.2805959006955,1210.4689549793397,1215.739501953125,294500,0.0,0.0
2011-06-02 00:00:00+09:00,1212.22607421875,1219.253471750453,1206.9555260699728,1212.22607421875,344000,0.0,0.0
2011-06-03 00:00:00+09:00,1215.7395714069235,1233.3080623232086,1215.7395714069235,1222.7669677734375,494500,0.0,0.0
2011-06-06 00:00:00+09:00,1228.0377607629655,1240.3357068650266,1226.2809113198139,1238.578857421875,483000,0.0,0.0
2011-06-07 00:00:00+09:00,1238.5784580118984,1263.1743422844752,1229.7942136288355,1259.66064453125,621000,0.0,0.0
2011-06-08 00:00:00+09:00,1257.903769884388,1268.444862928112,1249.1195256812848,1263.17431640625,340000,0.0,0.0
2011-06-09 00:00:00+09:00,1254.3900979014122,1263.1743422844752,1245.605853518349,1259.66064453125,284500,0.0,0.0
2011-06-10 00:00:00+09:00,1264.9315051794383,1282.4999983069304,1259.6609572411905,1266.6883544921875,662500,0.0,0.0
2011-06-13 00:00:00+09:00,1259.66064453125,1264.9311911610878,1247.3627023949616,1259.66064453125,353500,0.0,0.0
2011-06-14 00:00:00+09:00,1259.66064453125,1268.4448889143132,1252.6332490247994,1259.66064453125,319500,0.0,0.0
2011-06-15 00:00:00+09:00,1257.9039306640625,1261.417628794409,1247.3628362730228,1257.9039306640625,214500,0.0,0.0
2011-06-16 00:00:00+09:00,1259.66064453125,1268.4448889143132,1254.3900979014122,1259.66064453125,272500,0.0,0.0
2011-06-17 00:00:00+09:00,1259.6608459215124,1261.417695079004,1240.3355051891042,1249.1197509765625,250000,0.0,0.0
2011-06-20 00:00:00+09:00,1249.1199545980503,1263.1747501490831,1245.606255710292,1254.3905029296875,258000,0.0,0.0
2011-06-21 00:00:00+09:00,1257.903934536638,1275.472425242457,1254.3902363954742,1273.715576171875,276000,0.0,0.0
2011-06-22 00:00:00+09:00,1273.7155929919318,1289.5272348359695,1271.9587438981498,1287.7703857421875,204000,0.0,0.0
2011-06-23 00:00:00+09:00,1277.2292611618673,1287.7703554768207,1271.9587140043905,1275.472412109375,218500,0.0,0.0
2011-06-24 00:00:00+09:00,1270.2018780307112,1282.4998215247845,1270.2018780307112,1273.715576171875,199500,0.0,0.0
2011-06-27 00:00:00+09:00,1268.445025055102,1268.445025055102,1254.3902325337158,1257.9039306640625,303500,0.0,0.0
2011-06-28 00:00:00+09:00,1261.4177272959294,1278.9862193195495,1259.6608780935674,1277.2293701171875,251500,0.0,0.0
2011-06-29 00:00:00+09:00,1287.7704154349663,1300.068359375,1278.9861697635135,1300.068359375,241000,0.0,0.0
2011-06-30 00:00:00+09:00,1307.0956121005327,1321.1504036284955,1305.3387631595374,1319.3935546875,327500,0.0,0.0
2011-07-01 00:00:00+09:00,1321.150372248824,1328.177767845892,1303.5818832561533,1307.0955810546875,269500,0.0,0.0
2011-07-04 00:00:00+09:00,1314.1231557441172,1326.4210997149846,1312.3663066054219,1315.8800048828125,192500,0.0,0.0
2011-07-05 00:00:00+09:00,1319.3936504956737,1328.177895838521,1317.636801427104,1322.9073486328125,293000,0.0,0.0
2011-07-06 00:00:00+09:00,1328.1781552849868,1336.96240234375,1322.907607049729,1336.96240234375,464500,0.0,0.0
2011-07-07 00:00:00+09:00,1328.1778433836278,1333.448390381182,1326.4209943844432,1329.9346923828125,135500,0.0,0.0
2011-07-08 00:00:00+09:00,1335.205404499099,1347.5033490142223,1333.4485552826527,1340.4759521484375,234500,0.0,0.0
2011-07-11 00:00:00+09:00,1336.962320373052,1338.7191696770901,1326.421224548823,1331.6917724609375,327500,0.0,0.0
2011-07-12 00:00:00+09:00,1315.8799916992189,1321.1505390625,1305.3388969726564,1317.6368408203125,356500,0.0,0.0
2011-07-13 00:00:00+09:00,1315.8799263051014,1335.2052656767385,1315.8799263051014,1326.4210205078125,235500,0.0,0.0
2011-07-14 00:00:00+09:00,1314.123007864514,1326.4209504514813,1303.581914218542,1319.3935546875,351500,0.0,0.0
2011-07-15 00:00:00+09:00,1300.0683626345544,1319.3937031602031,1300.0683626345544,1315.8800048828125,311500,0.0,0.0
2011-07-19 00:00:00+09:00,1315.880153753033,1322.9075511028489,1308.852756403217,1312.366455078125,236000,0.0,0.0
2011-07-20 00:00:00+09:00,1328.178126310822,1328.178126310822,1305.339084456271,1308.852783203125,225000,0.0,0.0
2011-07-21 00:00:00+09:00,1303.582057643581,1303.582057643581,1291.2841137035473,1300.068359375,186500,0.0,0.0
2011-07-22 00:00:00+09:00,1312.366455078125,1314.123304415579,1305.3390577283092,1312.366455078125,153000,0.0,0.0
2011-07-25 00:00:00+09:00,1312.3663885238323,1322.9074840139835,1307.0958407787566,1321.150634765625,248500,0.0,0.0
2011-07-26 00:00:00+09:00,1319.3936504956737,1333.4484430442294,1317.636801427104,1322.9073486328125,268500,0.0,0.0
2011-07-27 00:00:00+09:00,1321.1502624671916,1338.71875,1319.3934137139108,1338.71875,341000,0.0,0.0
2011-07-28 00:00:00+09:00,1328.1781552849868,1340.4761011672551,1326.4213058732341,1336.96240234375,470500,0.0,0.0
2011-07-29 00:00:00+09:00,1343.989366974594,1352.7736112031862,1338.7188204374388,1345.7462158203125,326000,0.0,0.0
2011-08-01 00:00:00+09:00,1331.6916797513277,1349.2601715686274,1328.1779813878677,1343.9896240234375,265000,0.0,0.0
2011-08-02 00:00:00+09:00,1343.9895108456642,1343.9895108456642,1322.907322440242,1326.4210205078125,294000,0.0,0.0
2011-08-03 00:00:00+09:00,1319.393699852196,1319.393699852196,1296.554661106419,1300.068359375,291000,0.0,0.0
2011-08-04 00:00:00+09:00,1291.2842197105533,1298.3116168246243,1278.986274760929,1286.013671875,469000,0.0,0.0
2011-08-05 00:00:00+09:00,1264.9312744140625,1273.7155193752712,1256.1470294528538,1264.9312744140625,339000,0.0,0.0
2011-08-08 00:00:00+09:00,1236.8220079787234,1252.6336529670878,1226.2809113198139,1238.578857421875,356000,0.0,0.0
2011-08-09 00:00:00+09:00,1205.1986909445513,1228.0377331927718,1184.1164981000402,1226.2808837890625,506500,0.0,0.0
2011-08-10 00:00:00+09:00,1226.2808837890625,1226.2808837890625,1226.2808837890625,1226.2808837890625,612000,0.0,0.0
2011-08-11 00:00:00+09:00,1203.4415890935154,1229.7943246211105,1203.4415890935154,1228.0374755859375,359000,0.0,0.0
2011-08-12 00:00:00+09:00,1228.0374755859375,1228.0374755859375,1228.0374755859375,1228.0374755859375,289000,0.0,0.0
2011-08-15 00:00:00+09:00,1222.7669677734375,1233.3080623232086,1213.982722315295,1222.7669677734375,254000,0.0,0.0
2011-08-16 00:00:00+09:00,1228.0375282781586,1238.5786229414905,1212.225886283161,1221.0101318359375,223500,0.0,0.0
2011-08-17 00:00:00+09:00,1221.010118681809,1233.3080623232086,1215.7395714069235,1222.7669677734375,341500,0.0,0.0
2011-08-18 00:00:00+09:00,1222.7669677734375,1222.7669677734375,1222.7669677734375,1222.7669677734375,271500,0.0,0.0
2011-08-19 00:00:00+09:00,1205.198542151886,1221.010184833179,1205.198542151886,1213.9827880859375,184000,0.0,0.0
2011-08-22 00:00:00+09:00,1208.7123069651968,1217.496553382095,1203.441759115058,1205.1986083984375,126000,0.0,0.0
2011-08-23 00:00:00+09:00,1213.9826529618633,1221.0100489269103,1208.712105988078,1215.739501953125,232000,0.0,0.0
2011-08-24 00:00:00+09:00,1219.2534161867015,1226.2808133981523,1194.657525946624,1203.4417724609375,272500,0.0,0.0
2011-08-25 00:00:00+09:00,1208.7122802734375,1222.7670742301054,1206.955431028854,1208.7122802734375,331500,0.0,0.0
2011-08-26 00:00:00+09:00,1194.6572395066273,1205.1983327963917,1187.6298439801178,1192.900390625,326500,0.0,0.0
2011-08-29 00:00:00+09:00,1185.8732245950139,1205.1985660328585,1182.3595261517694,1194.657470703125,356000,0.0,0.0
2011-08-30 00:00:00+09:00,1191.1436115225795,1206.9552523834989,1189.386762538033,1199.9278564453125,310000,0.0,0.0
2011-08-31 00:00:00+09:00,1199.92812853827,1215.7397729846014,1192.900731006567,1212.22607421875,333500,0.0,0.0
2011-09-01 00:00:00+09:00,1228.0375282781586,1228.0375282781586,1212.225886283161,1221.0101318359375,280000,0.0,0.0
2011-09-02 00:00:00+09:00,1219.2532827253822,1235.0649247203798,1212.225886283161,1221.0101318359375,381000,0.0,0.0
2011-09-05 00:00:00+09:00,1221.0104854311658,1222.7673350504913,1206.9556884765625,1206.9556884765625,162500,0.0,0.0
2011-09-06 00:00:00+09:00,1217.4964864595581,1217.4964864595581,1199.927994591455,1213.9827880859375,339000,0.0,0.0
2011-09-07 00:00:00+09:00,1198.1710074607658,1206.9552523834989,1177.088819646207,1199.9278564453125,501000,0.0,0.0
2011-09-08 00:00:00+09:00,1198.1708984375,1210.4688402103188,1194.6572007881232,1198.1708984375,563000,0.0,0.0
2011-09-09 00:00:00+09:00,1194.6572965209248,1212.2257861756443,1194.6572965209248,1201.6846923828125,523000,0.0,0.0
2011-09-12 00:00:00+09:00,1196.413991637913,1196.413991637913,1180.6023529819054,1189.3865966796875,393000,0.0,0.0
2011-09-13 00:00:00+09:00,1198.1714403799353,1206.9556884765625,1187.630342663983,1206.9556884765625,243000,0.0,0.0
2011-09-14 00:00:00+09:00,1199.9278564453125,1213.982648321685,1194.6573094916728,1199.9278564453125,284000,0.0,0.0
2011-09-15 00:00:00+09:00,1212.2260876836901,1221.0103346958908,1205.1986900739296,1210.46923828125,373000,0.0,0.0
2011-09-16 00:00:00+09:00,1203.4415544144056,1205.1984033989522,1191.1436115225795,1199.9278564453125,371000,0.0,0.0
2011-09-20 00:00:00+09:00,1175.332126759559,1180.6026744131893,1173.5752775416822,1178.8458251953125,266500,0.0,0.0
2011-09-21 00:00:00+09:00,1180.6024169921875,1184.1161146618072,1173.5750216529482,1180.6024169921875,207500,0.0,0.0
2011-09-22 00:00:00+09:00,1168.3045007506414,1177.0887451171875,1157.763407510786,1177.0887451171875,222000,0.0,0.0
2011-09-26 00:00:00+09:00,1170.0616589080123,1178.8459055965109,1154.2500148687147,1168.3048095703125,396000,0.0,0.0
2011-09-27 00:00:00+09:00,1177.088965417355,1196.414306640625,1171.8184178110087,1196.414306640625,448000,0.0,0.0
2011-09-28 00:00:00+09:00,1212.2260189752508,1228.037662701015,1199.928073855212,1203.4417724609375,441500,0.0,0.0
2011-09-29 00:00:00+09:00,1212.225886283161,1228.0375282781586,1203.4416407303843,1221.0101318359375,386000,0.0,0.0
2011-09-30 00:00:00+09:00,1226.280692416584,1228.0375415461208,1212.225899380291,1219.2532958984375,389000,0.0,0.0
2011-10-03 00:00:00+09:00,1212.2259787626044,1219.2533757409383,1198.1711848059365,1208.7122802734375,430500,0.0,0.0
2011-10-04 00:00:00+09:00,1203.441759115058,1213.9828548153357,1194.6575126981597,1205.1986083984375,407500,0.0,0.0
2011-10-05 00:00:00+09:00,1205.19853638965,1210.4690839248817,1177.088949535081,1182.3594970703125,334500,0.0,0.0
2011-10-06 00:00:00+09:00,1194.6575936592888,1210.46923828125,1189.3870454519686,1210.46923828125,350500,0.0,0.0
2011-10-07 00:00:00+09:00,1221.0102249855217,1221.0102249855217,1201.6848832951034,1208.7122802734375,409500,0.0,0.0
2011-10-11 00:00:00+09:00,1173.5750216529482,1191.1435100010463,1171.8181728181385,1180.6024169921875,382500,0.0,0.0
2011-10-12 00:00:00+09:00,1180.6024101906157,1203.4414449115652,1180.6024101906157,1198.1708984375,224000,0.0,0.0
2011-10-13 00:00:00+09:00,1210.4691678560696,1212.2260171562962,1185.8732776528984,1187.630126953125,147000,0.0,0.0
2011-10-14 00:00:00+09:00,1180.6024169921875,1187.6298123314266,1171.8181728181385,1180.6024169921875,228500,0.0,0.0
2011-10-17 00:00:00+09:00,1198.1712112649188,1206.955457681817,1187.630115564641,1205.1986083984375,180000,0.0,0.0
2011-10-18 00:00:00+09:00,1205.1982353356952,1205.1982353356952,1182.359201721462,1189.3865966796875,201500,0.0,0.0
2011-10-19 00:00:00+09:00,1201.6849098316782,1219.2534026654746,1192.90066341478,1205.1986083984375,420000,0.0,0.0
2011-10-20 00:00:00+09:00,1198.1708403774696,1198.1708403774696,1184.1160504610184,1189.3865966796875,157500,0.0,0.0
2011-10-21 00:00:00+09:00,1192.9003328498818,1192.9003328498818,1175.3318448844932,1184.1160888671875,150000,0.0,0.0
2011-10-24 00:00:00+09:00,1184.1161979166666,1201.6846874999999,1182.3593489583334,1185.873046875,121500,0.0,0.0
2011-10-25 00:00:00+09:00,1185.8732220668196,1191.1437697204499,1175.332126759559,1178.8458251953125,304500,0.0,0.0
2011-10-26 00:00:00+09:00,1164.7910289015294,1173.575274971677,1147.222536761235,1163.0341796875,178500,0.0,0.0
2011-10-27 00:00:00+09:00,1168.3045265060698,1178.845619978305,1147.2223395615995,1173.5750732421875,225000,0.0,0.0
2011-10-28 00:00:00+09:00,1191.14359375,1203.4415364583333,1180.6025,1185.873046875,220000,0.0,0.0
2011-10-31 00:00:00+09:00,1194.6575126981597,1221.0102519488544,1192.90066341478,1205.1986083984375,442500,0.0,0.0
2011-11-01 00:00:00+09:00,1198.1709895833333,1198.1709895833333,1180.6025,1185.873046875,172500,0.0,0.0
2011-11-02 00:00:00+09:00,1187.6298645385011,1187.6298645385011,1164.7908286819913,1173.5750732421875,373500,0.0,0.0
2011-11-04 00:00:00+09:00,1198.1711958713588,1198.1711958713588,1180.6027032632744,1191.143798828125,351000,0.0,0.0
2011-11-07 00:00:00+09:00,1191.1435100010463,1196.4140565054756,1171.8181728181385,1180.6024169921875,202500,0.0,0.0
2011-11-08 00:00:00+09:00,1180.6027032632744,1205.1985929145926,1180.6027032632744,1191.143798828125,243500,0.0,0.0
2011-11-09 00:00:00+09:00,1194.6574863167696,1208.7122802734375,1185.8732400938522,1208.7122802734375,208500,0.0,0.0
2011-11-10 00:00:00+09:00,1191.1435031387464,1206.955142560942,1180.6024101906157,1198.1708984375,195500,0.0,0.0
2011-11-11 00:00:00+09:00,1198.1712209081006,1199.9280702056199,1171.8184814453125,1171.8184814453125,194000,0.0,0.0
2011-11-14 00:00:00+09:00,1189.3865966796875,1206.9550840752515,1182.359201721462,1189.3865966796875,222500,0.0,0.0
2011-11-15 00:00:00+09:00,1189.3867447916666,1194.6572916666667,1170.06140625,1185.873046875,252500,0.0,0.0
2011-11-16 00:00:00+09:00,1177.0890427781296,1189.3869880011848,1159.5205496023368,1170.0616455078125,266500,0.0,0.0
2011-11-17 00:00:00+09:00,1171.8181667874483,1175.3318644389847,1145.4654344009239,1164.790771484375,345500,0.0,0.0
2011-11-18 00:00:00+09:00,1150.7361497145432,1157.7635460486779,1140.1950552133414,1141.951904296875,328500,0.0,0.0
2011-11-21 00:00:00+09:00,1134.9245737948158,1150.7362164637839,1124.3834786821706,1133.167724609375,264500,0.0,0.0
2011-11-22 00:00:00+09:00,1120.86962890625,1136.6812694394102,1106.8148373212186,1120.86962890625,326000,0.0,0.0
2011-11-24 00:00:00+09:00,1112.085502005912,1112.085502005912,1083.9759158572635,1105.05810546875,294000,0.0,0.0
2011-11-25 00:00:00+09:00,1098.03081518594,1108.571911011725,1083.9760207515599,1091.00341796875,295500,0.0,0.0
2011-11-28 00:00:00+09:00,1092.7599327913515,1112.085269223353,1091.003084024806,1103.301025390625,294000,0.0,0.0
2011-11-29 00:00:00+09:00,1110.32861328125,1115.5991604961928,1099.7875188513647,1110.32861328125,152500,0.0,0.0
2011-11-30 00:00:00+09:00,1110.3284204568074,1113.8421179898985,1089.2462352582604,1103.301025390625,379500,0.0,0.0
2011-12-01 00:00:00+09:00,1122.6264464654937,1127.896993162515,1103.3011085764165,1108.5716552734375,301000,0.0,0.0
2011-12-02 00:00:00+09:00,1126.1405164718628,1131.4110649108886,1119.1131185531615,1124.3836669921875,378500,0.0,0.0
2011-12-05 00:00:00+09:00,1124.3833705357142,1134.9244646344866,1112.0854274204798,1131.4107666015625,354000,0.0,0.0
2011-12-06 00:00:00+09:00,1131.4109825721155,1138.4383799793957,1112.0856397020948,1119.113037109375,310500,0.0,0.0
2011-12-07 00:00:00+09:00,1126.140301617441,1140.1950947733528,1126.140301617441,1136.681396484375,281500,0.0,0.0
2011-12-08 00:00:00+09:00,1161.27685546875,1178.8453404228915,1150.7357644962651,1161.27685546875,551000,0.0,0.0
2011-12-09 00:00:00+09:00,1143.7086751053973,1161.2771647383527,1138.4381282155107,1152.492919921875,459500,0.0,0.0
2011-12-12 00:00:00+09:00,1175.3321533203125,1178.8458518354705,1164.791057774839,1175.3321533203125,294500,0.0,0.0
2011-12-13 00:00:00+09:00,1173.575047370569,1177.0887451171875,1150.736012017549,1177.0887451171875,451000,0.0,0.0
2011-12-14 00:00:00+09:00,1168.3044751485188,1180.6024169921875,1166.547626313709,1180.6024169921875,356500,0.0,0.0
2011-12-15 00:00:00+09:00,1168.3046443400867,1171.8183425185532,1152.493002536988,1157.7635498046875,324000,0.0,0.0
2011-12-16 00:00:00+09:00,1166.547878115559,1171.8184257576472,1156.0067828313822,1163.0341796875,251000,0.0,0.0
2011-12-19 00:00:00+09:00,1157.763696929555,1163.0342448670187,1126.1404093047718,1138.4383544921875,290000,0.0,0.0
2011-12-20 00:00:00+09:00,1141.951512997867,1157.7631493316837,1134.9241190717264,1145.4652099609375,260500,0.0,0.0
2011-12-21 00:00:00+09:00,1159.5203988939206,1163.034097072387,1150.7361534477545,1157.7635498046875,281500,0.0,0.0
2011-12-22 00:00:00+09:00,1157.7636320454117,1168.3047273295883,1154.2499336173528,1163.0341796875,257000,0.0,0.0
2011-12-26 00:00:00+09:00,1166.547782019413,1170.0614801580257,1156.0066876035748,1159.5203857421875,177000,0.0,0.0
2011-12-27 00:00:00+09:00,1150.7364095670475,1157.7638074880676,1145.4658611262823,1156.0069580078125,162500,0.0,0.0
2011-12-28 00:00:00+09:00,1156.0065212424743,1159.5202188754301,1141.9517307106507,1148.9791259765625,222000,0.0,0.0
2011-12-29 00:00:00+09:00,1148.9791259765625,1154.2496724259963,1133.1674866282613,1148.9791259765625,197000,0.0,0.0
2011-12-30 00:00:00+09:00,1154.2499073442207,1166.5478515625,1154.2499073442207,1166.5478515625,139000,0.0,0.0
2012-01-04 00:00:00+09:00,1180.6026744131893,1206.955412681341,1171.8184283238054,1178.8458251953125,383000,0.0,0.0
2012-01-05 00:00:00+09:00,1177.088876435251,1177.088876435251,1157.7635366728812,1159.5203857421875,229000,0.0,0.0
2012-01-06 00:00:00+09:00,1150.7359747930404,1154.2496724259963,1134.9243354447392,1148.9791259765625,307000,0.0,0.0
2012-01-10 00:00:00+09:00,1150.7362325998397,1157.763629440144,1143.7088357595353,1147.2225341796875,351500,0.0,0.0
2012-01-11 00:00:00+09:00,1148.979478769084,1152.493177480916,1136.6815332776719,1150.736328125,303000,0.0,0.0
2012-01-12 00:00:00+09:00,1140.1953533160797,1143.7090524017995,1129.6542560589203,1134.9248046875,271500,0.0,0.0
2012-01-13 00:00:00+09:00,1136.6814918459288,1145.4657383053257,1134.9246425540496,1140.1951904296875,167000,0.0,0.0
2012-01-16 00:00:00+09:00,1140.1953533160797,1141.9522028589397,1127.8974065160603,1134.9248046875,257000,0.0,0.0
2012-01-17 00:00:00+09:00,1136.6815051796996,1138.4383544921875,1120.869861367308,1138.4383544921875,238000,0.0,0.0
2012-01-18 00:00:00+09:00,1133.167698195397,1145.46564220682,1129.653999906419,1136.681396484375,235000,0.0,0.0
2012-01-19 00:00:00+09:00,1138.4381626674108,1148.979256766183,1127.8970685686384,1131.4107666015625,200000,0.0,0.0
2012-01-20 00:00:00+09:00,1145.4655240686927,1154.2497688851704,1136.681279252215,1152.492919921875,259000,0.0,0.0
2012-01-23 00:00:00+09:00,1152.493177480916,1154.2500268368321,1145.465780057252,1150.736328125,153500,0.0,0.0
2012-01-24 00:00:00+09:00,1152.4932315668204,1154.2500810051845,1143.708984375,1143.708984375,138500,0.0,0.0
2012-01-25 00:00:00+09:00,1147.2222641398716,1191.143484053343,1147.2222641398716,1184.1160888671875,354500,0.0,0.0
2012-01-26 00:00:00+09:00,1185.8731954271336,1185.8731954271336,1173.5752511782598,1182.3594970703125,163000,0.0,0.0
2012-01-27 00:00:00+09:00,1184.1161146618072,1184.1161146618072,1170.0613239833287,1180.6024169921875,158000,0.0,0.0
2012-01-30 00:00:00+09:00,1180.6027010930493,1180.6027010930493,1170.0616055475757,1175.3321533203125,105500,0.0,0.0
2012-01-31 00:00:00+09:00,1177.088975977436,1191.1437697204499,1171.8184283238054,1178.8458251953125,213500,0.0,0.0
2012-02-01 00:00:00+09:00,1177.088819646207,1201.6847054298592,1175.3319706616603,1199.9278564453125,227500,0.0,0.0
2012-02-02 00:00:00+09:00,1203.4415413482845,1210.4689372101723,1191.143598589981,1201.6846923828125,233500,0.0,0.0
2012-02-03 00:00:00+09:00,1199.9277861515095,1203.4414839147644,1189.3866928617454,1192.900390625,209500,0.0,0.0
2012-02-06 00:00:00+09:00,1196.4141584762194,1203.4415544144056,1196.4141584762194,1199.9278564453125,173500,0.0,0.0
2012-02-07 00:00:00+09:00,1199.9278434173407,1206.9552392792284,1194.6572965209248,1201.6846923828125,269000,0.0,0.0
2012-02-08 00:00:00+09:00,1187.6298439801178,1201.684635033137,1187.6298439801178,1192.900390625,238500,0.0,0.0
2012-02-09 00:00:00+09:00,1191.143825553578,1192.9006748538045,1187.630126953125,1187.630126953125,171500,0.0,0.0
2012-02-10 00:00:00+09:00,1189.3869495673166,1194.657497349742,1184.1164017848912,1191.143798828125,215000,0.0,0.0
2012-02-13 00:00:00+09:00,1191.143484053343,1192.9003328498818,1184.1160888671875,1184.1160888671875,136500,0.0,0.0
2012-02-14 00:00:00+09:00,1178.845504242349,1196.413991637913,1178.845504242349,1189.3865966796875,143500,0.0,0.0
2012-02-15 00:00:00+09:00,1199.9281418666092,1215.7397864885704,1198.171292464169,1210.46923828125,220500,0.0,0.0
2012-02-16 00:00:00+09:00,1203.4414449115652,1206.955142560942,1189.386654314058,1198.1708984375,184000,0.0,0.0
2012-02-17 00:00:00+09:00,1203.4415544144056,1212.2257993371386,1198.1710074607658,1199.9278564453125,193500,0.0,0.0
2012-02-20 00:00:00+09:00,1212.2260189752508,1221.0102654895643,1191.1438273408987,1203.4417724609375,320500,0.0,0.0
2012-02-21 00:00:00+09:00,1203.4419892379117,1210.4693877152133,1198.1714403799353,1206.9556884765625,265000,0.0,0.0
2012-02-22 00:00:00+09:00,1210.4692663314495,1240.3357068650266,1210.4692663314495,1238.578857421875,397500,0.0,0.0
2012-02-23 00:00:00+09:00,1243.8488055142489,1245.605654109608,1228.0371681560168,1236.8214111328125,313500,0.0,0.0
2012-02-24 00:00:00+09:00,1231.5512799540409,1233.3081291408512,1208.7122405255066,1213.9827880859375,458500,0.0,0.0
2012-02-27 00:00:00+09:00,1217.4966223675272,1226.2808692821557,1201.6849779211957,1212.22607421875,485000,0.0,0.0
2012-02-28 00:00:00+09:00,1210.4692391556791,1229.794582596481,1205.1986909445513,1226.2808837890625,341000,0.0,0.0
2012-02-29 00:00:00+09:00,1238.5788296150272,1250.876775440992,1224.5240343853532,1226.2808837890625,495500,0.0,0.0
2012-03-01 00:00:00+09:00,1217.4962348012884,1235.064723037959,1212.225688330287,1231.551025390625,319000,0.0,0.0
2012-03-02 00:00:00+09:00,1254.3905300183242,1261.4179279455977,1242.0925836455956,1250.8768310546875,226500,0.0,0.0
2012-03-05 00:00:00+09:00,1247.36279296875,1261.4175850022007,1240.3353969520247,1247.36279296875,199000,0.0,0.0
2012-03-06 00:00:00+09:00,1243.8493518049188,1250.8767492727432,1235.0651049701382,1245.606201171875,201000,0.0,0.0
2012-03-07 00:00:00+09:00,1219.2535135472074,1238.578857421875,1219.2535135472074,1238.578857421875,252500,0.0,0.0
2012-03-08 00:00:00+09:00,1243.849077273638,1243.849077273638,1229.7942854400374,1233.3079833984375,356500,0.0,0.0
2012-03-09 00:00:00+09:00,1243.8492431640625,1250.8766400180969,1228.0376002424855,1243.8492431640625,652500,0.0,0.0
2012-03-12 00:00:00+09:00,1245.6062272298643,1250.876775440992,1224.5240343853532,1226.2808837890625,434500,0.0,0.0
2012-03-13 00:00:00+09:00,1226.2806791676035,1235.0649247203798,1217.4964336148269,1221.0101318359375,270000,0.0,0.0
2012-03-14 00:00:00+09:00,1238.5786229414905,1243.8491702731565,1219.2532827253822,1221.0101318359375,364000,0.0,0.0
2012-03-15 00:00:00+09:00,1212.2258732236664,1231.55121323158,1203.4416277655241,1222.7669677734375,548500,0.0,0.0
2012-03-16 00:00:00+09:00,1219.2532827253822,1229.7943773887139,1215.7395845042715,1221.0101318359375,293000,0.0,0.0
2012-03-19 00:00:00+09:00,1222.7673350504913,1229.794733527793,1206.9556884765625,1206.9556884765625,355000,0.0,0.0
2012-03-21 00:00:00+09:00,1208.712335407648,1222.7671300054112,1205.1986367582072,1217.49658203125,409500,0.0,0.0
2012-03-22 00:00:00+09:00,1210.4689549793397,1219.2531999356486,1208.712105988078,1215.739501953125,466000,0.0,0.0
2012-03-23 00:00:00+09:00,1205.198676687047,1215.7397729846014,1205.198676687047,1212.22607421875,273500,0.0,0.0
2012-03-26 00:00:00+09:00,1212.2256890350072,1215.739386684384,1198.1708984375,1198.1708984375,292500,0.0,0.0
2012-03-27 00:00:00+09:00,1210.4690371726056,1221.0101318359375,1205.1984898409396,1221.0101318359375,478500,0.0,0.0
2012-03-28 00:00:00+09:00,1214.8210085149396,1214.8210085149396,1200.6746212251005,1209.51611328125,379000,9.0,0.0
2012-03-29 00:00:00+09:00,1198.9063599894987,1204.2112553876823,1191.833166125254,1197.1380615234375,415500,0.0,0.0
2012-03-30 00:00:00+09:00,1207.7478269702326,1211.284423828125,1190.0648426807709,1211.284423828125,538000,0.0,0.0
2012-04-02 00:00:00+09:00,1209.5161385620838,1213.0527354584642,1188.2965571838017,1195.3697509765625,331500,0.0,0.0
2012-04-03 00:00:00+09:00,1195.369727444936,1195.369727444936,1168.8452512442348,1174.150146484375,480500,0.0,0.0
2012-04-04 00:00:00+09:00,1174.1504425698138,1174.1504425698138,1149.3942585397274,1163.5406494140625,363000,0.0,0.0
2012-04-05 00:00:00+09:00,1161.7720338786307,1163.5403322559193,1145.857348483033,1152.9305419921875,552000,0.0,0.0
2012-04-06 00:00:00+09:00,1167.0769164854387,1170.6135132020613,1160.0037230521937,1168.84521484375,417500,0.0,0.0
2012-04-09 00:00:00+09:00,1154.6988654284744,1156.4671638441382,1137.0158812718362,1138.7841796875,421500,0.0,0.0
2012-04-10 00:00:00+09:00,1138.7841065960165,1147.6255981068553,1138.7841065960165,1145.8572998046875,208000,0.0,0.0
2012-04-11 00:00:00+09:00,1142.3208488581731,1154.6989385516827,1128.1744606370191,1149.39404296875,598000,0.0,0.0
2012-04-12 00:00:00+09:00,1151.1623294401243,1152.930627949249,1140.5525383853765,1147.625732421875,264000,0.0,0.0
2012-04-13 00:00:00+09:00,1165.308717513121,1165.308717513121,1144.0891354036257,1147.625732421875,185000,0.0,0.0
2012-04-16 00:00:00+09:00,1129.9425786927688,1147.6255611449249,1128.1742804475534,1140.5523681640625,244000,0.0,0.0
2012-04-17 00:00:00+09:00,1140.5525383853765,1152.930627949249,1135.2476428580028,1147.625732421875,258000,0.0,0.0
2012-04-18 00:00:00+09:00,1158.2354371240533,1163.5403322559193,1151.162243614899,1152.9305419921875,262500,0.0,0.0
2012-04-19 00:00:00+09:00,1144.0890992344716,1147.6256961409151,1137.0159054215846,1142.32080078125,232000,0.0,0.0
2012-04-20 00:00:00+09:00,1142.320703200352,1149.393896409023,1140.5524048981842,1145.8572998046875,119500,0.0,0.0
2012-04-23 00:00:00+09:00,1144.0890015025197,1154.6987913155263,1140.5524048981842,1145.8572998046875,200500,0.0,0.0
2012-04-24 00:00:00+09:00,1137.0159672158372,1138.784265765162,1131.7110715678627,1133.4793701171875,141000,0.0,0.0
2012-04-25 00:00:00+09:00,1140.5524659342195,1142.3207643310166,1129.942675553436,1137.015869140625,172500,0.0,0.0
2012-04-26 00:00:00+09:00,1137.0158812718362,1144.0890749344915,1135.2475828561724,1138.7841796875,153500,0.0,0.0
2012-04-27 00:00:00+09:00,1144.0890627278138,1152.9305547118001,1133.4792723470305,1137.015869140625,333000,0.0,0.0
2012-05-01 00:00:00+09:00,1135.2476445587588,1138.7842415823063,1129.9427490234375,1129.9427490234375,311000,0.0,0.0
2012-05-02 00:00:00+09:00,1140.5523926913277,1149.3938841075396,1135.2474978416005,1144.0889892578125,295500,0.0,0.0
2012-05-07 00:00:00+09:00,1126.40625,1128.1745486656203,1108.723263343799,1126.40625,321500,0.0,0.0
2012-05-08 00:00:00+09:00,1128.1744142928212,1128.1744142928212,1114.028026652786,1124.6378173828125,229500,0.0,0.0
2012-05-09 00:00:00+09:00,1126.4061037078618,1133.4792974517102,1117.5646115280513,1122.8695068359375,425000,0.0,0.0
2012-05-10 00:00:00+09:00,1122.869518927808,1129.9427127478257,1115.7963251077904,1124.6378173828125,298000,0.0,0.0
2012-05-11 00:00:00+09:00,1119.3330345703125,1124.63793046875,1103.418346875,1105.1866455078125,372500,0.0,0.0
2012-05-14 00:00:00+09:00,1099.8817258194974,1114.0281145760182,1080.4304412792812,1101.6500244140625,232000,0.0,0.0
2012-05-15 00:00:00+09:00,1080.4304646484375,1106.954944140625,1075.12556875,1105.1866455078125,475000,0.0,0.0
2012-05-16 00:00:00+09:00,1094.5768875300985,1094.5768875300985,1050.369420343907,1055.67431640625,742000,0.0,0.0
2012-05-17 00:00:00+09:00,1053.9058706740702,1075.1254519628098,1045.0643784704287,1069.820556640625,443000,0.0,0.0
2012-05-18 00:00:00+09:00,1053.906029538566,1069.8207179040812,1046.8328347094482,1057.442626953125,360500,0.0,0.0
2012-05-21 00:00:00+09:00,1057.4423334911617,1069.8204210069443,1048.6008424084596,1050.369140625,389000,0.0,0.0
2012-05-22 00:00:00+09:00,1066.2838989257812,1075.125390625,1052.1375122070312,1060.97900390625,436000,0.0,0.0
2012-05-23 00:00:00+09:00,1062.7474387954737,1062.7474387954737,1043.2961545579526,1045.064453125,347500,0.0,0.0
2012-05-24 00:00:00+09:00,1045.0646219718355,1057.4427139410452,1045.0646219718355,1052.1378173828125,278500,0.0,0.0
2012-05-25 00:00:00+09:00,1068.0521849566985,1068.0521849566985,1046.8326051231218,1059.210693359375,262500,0.0,0.0
2012-05-28 00:00:00+09:00,1059.210606755437,1059.210606755437,1045.064221356366,1046.83251953125,211500,0.0,0.0
2012-05-29 00:00:00+09:00,1055.674157148955,1073.357141355805,1045.0643666248448,1068.05224609375,484000,0.0,0.0
2012-05-30 00:00:00+09:00,1062.7475230749633,1064.515821782243,1043.2962372948891,1057.442626953125,562000,0.0,0.0
2012-05-31 00:00:00+09:00,1048.6012602306548,1083.9672386532739,1046.8329613095239,1076.89404296875,872000,0.0,0.0
2012-06-01 00:00:00+09:00,1059.2107055664062,1069.8204956054688,1052.1375122070312,1060.97900390625,347500,0.0,0.0
2012-06-04 00:00:00+09:00,1037.9911617388411,1050.369250550037,1032.686266534043,1048.6009521484375,276000,0.0,0.0
2012-06-05 00:00:00+09:00,1050.3694364335117,1094.576904296875,1043.2962415753736,1094.576904296875,661500,0.0,0.0
2012-06-06 00:00:00+09:00,1094.5768205231311,1094.5768205231311,1075.1255361519607,1082.19873046875,337000,0.0,0.0
2012-06-07 00:00:00+09:00,1082.19873046875,1082.19873046875,1082.19873046875,1082.19873046875,288500,0.0,0.0
2012-06-08 00:00:00+09:00,1089.2717277098805,1089.2717277098805,1064.5155520801104,1071.5887451171875,413000,0.0,0.0
2012-06-11 00:00:00+09:00,1106.954944140625,1112.2598400390625,1096.34515234375,1105.1866455078125,381500,0.0,0.0
2012-06-12 00:00:00+09:00,1101.6501110446068,1101.6501110446068,1089.2720199092741,1096.34521484375,370500,0.0,0.0
2012-06-13 00:00:00+09:00,1089.271924785539,1092.8085219439338,1076.893834731158,1082.19873046875,327000,0.0,0.0
2012-06-14 00:00:00+09:00,1075.125744047619,1085.7355375744048,1073.357445126488,1076.89404296875,267000,0.0,0.0
2012-06-15 00:00:00+09:00,1078.661865234375,1091.0399522124744,1078.661865234375,1078.661865234375,268500,0.0,0.0
2012-06-18 00:00:00+09:00,1089.271728515625,1098.1132198185114,1085.7351319944703,1089.271728515625,221500,0.0,0.0
2012-06-19 00:00:00+09:00,1078.6620488442666,1085.7352426071798,1068.0522581998966,1069.820556640625,359500,0.0,0.0
2012-06-20 00:00:00+09:00,1078.66199949174,1085.73519293103,1073.3571044122725,1080.4302978515625,360500,0.0,0.0
2012-06-21 00:00:00+09:00,1073.3571044122725,1089.2717896506751,1073.3571044122725,1080.4302978515625,346000,0.0,0.0
2012-06-22 00:00:00+09:00,1069.8203745357325,1085.735057793289,1062.7471819768186,1078.661865234375,208000,0.0,0.0
2012-06-25 00:00:00+09:00,1083.9672386532739,1083.9672386532739,1071.589146205357,1076.89404296875,316000,0.0,0.0
2012-06-26 00:00:00+09:00,1069.8208177809747,1076.8940132704358,1052.1378290573223,1053.9061279296875,384000,0.0,0.0
2012-06-27 00:00:00+09:00,1062.7474460975795,1083.9670290479473,1059.210848939185,1082.19873046875,246000,0.0,0.0
2012-06-28 00:00:00+09:00,1089.2719578125,1105.1866455078125,1083.9670619140625,1105.1866455078125,286500,0.0,0.0
2012-06-29 00:00:00+09:00,1106.9550383991163,1129.9429225831234,1096.3452456988052,1119.3331298828125,393000,0.0,0.0
2012-07-02 00:00:00+09:00,1101.649974537957,1119.3329596830285,1092.8084819654212,1112.259765625,295000,0.0,0.0
2012-07-03 00:00:00+09:00,1110.491465393926,1129.9427490234375,1110.491465393926,1129.9427490234375,249500,0.0,0.0
2012-07-04 00:00:00+09:00,1137.0160539680887,1149.3941447577881,1126.4062618626324,1128.174560546875,220500,0.0,0.0
2012-07-05 00:00:00+09:00,1128.174389193517,1138.7841796875,1128.174389193517,1138.7841796875,428000,0.0,0.0
2012-07-06 00:00:00+09:00,1145.8574339127504,1149.3940309309996,1140.5525383853765,1147.625732421875,368500,0.0,0.0
2012-07-09 00:00:00+09:00,1144.0889892578125,1149.3938841075396,1137.015796124843,1144.0889892578125,168500,0.0,0.0
2012-07-10 00:00:00+09:00,1144.0890627278138,1149.3939579182056,1135.2475707438277,1137.015869140625,237500,0.0,0.0
2012-07-11 00:00:00+09:00,1137.0158943236345,1137.0158943236345,1119.3329099640134,1122.8695068359375,269000,0.0,0.0
2012-07-12 00:00:00+09:00,1135.2475099916812,1152.9304930133585,1126.4060184808425,1145.8572998046875,269000,0.0,0.0
2012-07-13 00:00:00+09:00,1128.1744142928212,1137.0159065678433,1124.6378173828125,1124.6378173828125,258000,0.0,0.0
2012-07-17 00:00:00+09:00,1121.1012564645687,1137.0159430705326,1119.332957952795,1129.9427490234375,449000,0.0,0.0
2012-07-18 00:00:00+09:00,1135.2476445587588,1151.1623311647227,1124.6378534881162,1129.9427490234375,234000,0.0,0.0
2012-07-19 00:00:00+09:00,1131.7111579153604,1140.5526513365742,1122.8696644941467,1128.174560546875,233000,0.0,0.0
2012-07-20 00:00:00+09:00,1126.4058938967953,1126.4058938967953,1106.9546147243232,1110.4912109375,261000,0.0,0.0
2012-07-23 00:00:00+09:00,1110.4916007874504,1121.1013931516616,1106.9550033327132,1114.0281982421875,227000,0.0,0.0
2012-07-24 00:00:00+09:00,1110.4914430073763,1119.3329353880083,1103.4182491028707,1108.72314453125,243000,0.0,0.0
2012-07-25 00:00:00+09:00,1098.1136474609375,1110.4917401054247,1089.2721527148751,1098.1136474609375,202500,0.0,0.0
2012-07-26 00:00:00+09:00,1103.4184097782259,1103.4184097782259,1087.503721175655,1096.34521484375,183000,0.0,0.0
2012-07-27 00:00:00+09:00,1105.1865475789973,1115.7963384357556,1099.881652150618,1108.72314453125,225500,0.0,0.0
2012-07-30 00:00:00+09:00,1115.7964697571758,1128.174560546875,1112.2598723886904,1128.174560546875,172000,0.0,0.0
2012-07-31 00:00:00+09:00,1129.942910689342,1133.479508218886,1114.0282218063933,1117.5648193359375,316000,0.0,0.0
2012-08-01 00:00:00+09:00,1103.41848043131,1114.0282735123803,1103.41848043131,1106.955078125,181000,0.0,0.0
2012-08-02 00:00:00+09:00,1103.41796875,1117.5643529647436,1101.649670723157,1103.41796875,264500,0.0,0.0
2012-08-03 00:00:00+09:00,1096.3447766426282,1106.9545648036858,1094.5764786157852,1103.41796875,275500,0.0,0.0
2012-08-06 00:00:00+09:00,1108.7228628305288,1115.7960549379006,1099.881372696314,1103.41796875,179500,0.0,0.0
2012-08-07 00:00:00+09:00,1099.881634938826,1110.4914256295542,1098.1133364903712,1103.543212890625,125500,0.0,0.0
2012-08-08 00:00:00+09:00,1114.0281593406594,1135.2477433281006,1114.0281593406594,1126.40625,233500,0.0,0.0
2012-08-09 00:00:00+09:00,1121.101282376684,1131.7110736925515,1114.0280881661054,1115.79638671875,207500,0.0,0.0
2012-08-10 00:00:00+09:00,1128.1746119245697,1129.942910689342,1103.418429217761,1117.5648193359375,199500,0.0,0.0
2012-08-13 00:00:00+09:00,1121.1012000370652,1128.1743937281508,1108.7231110776654,1115.8189697265625,118000,0.0,0.0
2012-08-14 00:00:00+09:00,1112.2595830971509,1133.4791617889884,1110.491284872831,1121.10107421875,259000,0.0,0.0
2012-08-15 00:00:00+09:00,1135.2476445587588,1140.55254009408,1122.8695549763424,1129.9427490234375,154500,0.0,0.0
2012-08-16 00:00:00+09:00,1133.4792723470305,1138.7841675374223,1124.6377803630444,1137.015869140625,164500,0.0,0.0
2012-08-17 00:00:00+09:00,1138.7841675374223,1138.7841675374223,1128.1743771566387,1137.015869140625,140500,0.0,0.0
2012-08-20 00:00:00+09:00,1140.5525023280281,1144.0890992344716,1135.247606968363,1142.32080078125,115500,0.0,0.0
2012-08-21 00:00:00+09:00,1140.5524659342195,1142.3207643310166,1133.4792723470305,1137.015869140625,84500,0.0,0.0
2012-08-22 00:00:00+09:00,1131.7109739502332,1142.3207643310166,1126.4060787598414,1137.015869140625,206000,0.0,0.0
2012-08-23 00:00:00+09:00,1140.5524781031638,1142.3207765188276,1128.174389193517,1138.7841796875,321000,0.0,0.0
2012-08-24 00:00:00+09:00,1135.2476445587588,1138.7842415823063,1129.9427490234375,1129.9427490234375,180500,0.0,0.0
2012-08-27 00:00:00+09:00,1142.3207275390625,1142.3207275390625,1129.9426391601562,1131.7109375,86000,0.0,0.0
2012-08-28 00:00:00+09:00,1135.2476081128389,1135.2476081128389,1119.332922017799,1124.6378173828125,146000,0.0,0.0
2012-08-29 00:00:00+09:00,1129.9427490234375,1133.479346046985,1121.1012564645687,1129.9427490234375,103500,0.0,0.0
2012-08-30 00:00:00+09:00,1126.4062893337673,1126.4062893337673,1114.0281982421875,1114.0281982421875,123000,0.0,0.0
2012-08-31 00:00:00+09:00,1098.1133775089427,1117.5646611685215,1098.1133775089427,1112.259765625,325000,0.0,0.0
2012-09-03 00:00:00+09:00,1110.491491060816,1124.6378794819732,1103.4182968502378,1115.79638671875,172000,0.0,0.0
2012-09-04 00:00:00+09:00,1106.955078125,1110.49167581869,1098.1135838907749,1106.955078125,166000,0.0,0.0
2012-09-05 00:00:00+09:00,1106.954920197758,1117.5647117651486,1101.6500244140625,1101.6500244140625,185500,0.0,0.0
2012-09-06 00:00:00+09:00,1101.649670723157,1112.2594588842146,1099.881372696314,1103.41796875,215500,0.0,0.0
2012-09-07 00:00:00+09:00,1117.5647566718997,1129.9428473312403,1114.0281593406594,1126.40625,325000,0.0,0.0
2012-09-10 00:00:00+09:00,1126.4059688917093,1129.942565340349,1110.491284872831,1121.10107421875,169500,0.0,0.0
2012-09-11 00:00:00+09:00,1121.1012581975358,1124.63785522655,1106.9548700814785,1112.259765625,194500,0.0,0.0
2012-09-12 00:00:00+09:00,1112.2596915854635,1137.015869140625,1112.2596915854635,1137.015869140625,194500,0.0,0.0
2012-09-13 00:00:00+09:00,1137.015856971622,1142.3207521052375,1126.4060667043907,1135.24755859375,145000,0.0,0.0
2012-09-14 00:00:00+09:00,1152.9308446596747,1163.54063770869,1151.162545818172,1161.7723388671875,552500,0.0,0.0
2012-09-18 00:00:00+09:00,1165.3089482733544,1170.61384485123,1160.0040516954787,1163.5406494140625,298000,0.0,0.0
2012-09-19 00:00:00+09:00,1151.1624012255486,1168.8453874194895,1147.6258039867605,1158.235595703125,470000,0.0,0.0
2012-09-20 00:00:00+09:00,1158.2357933407739,1163.5406901041667,1147.625999813988,1151.16259765625,356000,0.0,0.0
2012-09-21 00:00:00+09:00,1154.699195498512,1161.7723911830358,1149.394298735119,1151.16259765625,258500,0.0,0.0
2012-09-24 00:00:00+09:00,1151.16259765625,1154.699195498512,1147.625999813988,1151.16259765625,193500,0.0,0.0
2012-09-25 00:00:00+09:00,1133.4792116895135,1147.6255981068553,1124.6377201786747,1145.8572998046875,380500,0.0,0.0
2012-09-26 00:00:00+09:00,1138.7841675374223,1156.4671515053947,1135.2475707438277,1137.015869140625,185000,0.0,0.0
2012-09-27 00:00:00+09:00,1137.0159532752402,1152.9306400240384,1131.7110576923076,1149.39404296875,187500,0.0,0.0
2012-09-28 00:00:00+09:00,1149.393994594137,1149.393994594137,1131.7110100619195,1142.32080078125,426500,0.0,0.0
2012-10-01 00:00:00+09:00,1131.7110715678627,1138.784265765162,1126.4061759198885,1133.4793701171875,240500,0.0,0.0
2012-10-02 00:00:00+09:00,1119.3330553375197,1129.9428473312403,1112.2598606750394,1126.40625,227500,0.0,0.0
2012-10-03 00:00:00+09:00,1115.7964373046875,1119.3330345703125,1101.6500482421875,1105.1866455078125,356000,0.0,0.0
2012-10-04 00:00:00+09:00,1106.9548209122786,1122.8695068359375,1105.1865224763164,1122.8695068359375,261000,0.0,0.0
2012-10-05 00:00:00+09:00,1122.8695809293285,1126.4061780346176,1112.2597896134607,1115.79638671875,218500,0.0,0.0
2012-10-09 00:00:00+09:00,1122.8697274495828,1131.7112213665087,1119.3331298828125,1119.3331298828125,237500,0.0,0.0
2012-10-10 00:00:00+09:00,1119.3329353880083,1121.1012338641349,1108.72314453125,1108.72314453125,332000,0.0,0.0
2012-10-11 00:00:00+09:00,1108.7231925081717,1121.101282376684,1108.7231925081717,1115.79638671875,308000,0.0,0.0
2012-10-12 00:00:00+09:00,1115.7961795457907,1126.4059688917093,1115.7961795457907,1121.10107421875,172000,0.0,0.0
2012-10-15 00:00:00+09:00,1128.1743408203124,1138.784130859375,1121.1011474609375,1131.7109375,281500,0.0,0.0
2012-10-16 00:00:00+09:00,1133.4792602158782,1137.015856971622,1124.6377683265187,1135.24755859375,238000,0.0,0.0
2012-10-17 00:00:00+09:00,1144.0889892578125,1152.9304806740242,1140.5523926913277,1144.0889892578125,258000,0.0,0.0
2012-10-18 00:00:00+09:00,1144.0891831121985,1158.2355717751004,1142.3208845293357,1154.698974609375,172500,0.0,0.0
2012-10-19 00:00:00+09:00,1145.8574339127504,1156.4672249674982,1142.320836894501,1147.625732421875,252500,0.0,0.0
2012-10-22 00:00:00+09:00,1131.7108769379845,1144.0889646544938,1128.1742804475534,1140.5523681640625,358000,0.0,0.0
2012-10-23 00:00:00+09:00,1142.3208386058539,1142.3208386058539,1122.8695549763424,1129.9427490234375,259000,0.0,0.0
2012-10-24 00:00:00+09:00,1115.7963609292474,1137.0159430705326,1115.7963609292474,1129.9427490234375,264000,0.0,0.0
2012-10-25 00:00:00+09:00,1126.4059822023378,1140.5523681640625,1126.4059822023378,1140.5523681640625,247500,0.0,0.0
2012-10-26 00:00:00+09:00,1140.55254009408,1144.0891371176276,1128.1744505116637,1129.9427490234375,250000,0.0,0.0
2012-10-29 00:00:00+09:00,1129.942675553436,1140.5524659342195,1129.942675553436,1137.015869140625,325500,0.0,0.0
2012-10-30 00:00:00+09:00,1133.4792602158782,1142.3207521052375,1131.7109618380064,1135.24755859375,385500,0.0,0.0
2012-10-31 00:00:00+09:00,1126.4060907778533,1145.8573733501553,1126.4060907778533,1138.7841796875,421000,0.0,0.0
2012-11-01 00:00:00+09:00,1135.2476445587588,1135.2476445587588,1122.8695549763424,1129.9427490234375,407000,0.0,0.0
2012-11-02 00:00:00+09:00,1135.247606968363,1149.393994594137,1135.247606968363,1142.32080078125,288500,0.0,0.0
2012-11-05 00:00:00+09:00,1142.3208628638115,1144.0891614131363,1128.1744744692132,1133.4793701171875,282500,0.0,0.0
2012-11-06 00:00:00+09:00,1133.4793443488782,1147.625732421875,1126.4061503123796,1147.625732421875,232500,0.0,0.0
2012-11-07 00:00:00+09:00,1149.3939452376103,1158.2354371240533,1144.0890501057443,1152.9305419921875,270000,0.0,0.0
2012-11-08 00:00:00+09:00,1145.8572628997094,1149.3938593901405,1138.7840699188469,1140.5523681640625,177000,0.0,0.0
2012-11-09 00:00:00+09:00,1122.8695068359375,1131.710999015748,1121.1012083999753,1122.8695068359375,220500,0.0,0.0
2012-11-12 00:00:00+09:00,1128.1746642871406,1135.247859674521,1106.955078125,1106.955078125,200000,0.0,0.0
2012-11-13 00:00:00+09:00,1106.955078125,1110.49167581869,1091.0403885033945,1106.955078125,286500,0.0,0.0
2012-11-14 00:00:00+09:00,1106.954908168584,1106.954908168584,1098.1134152918382,1099.8817138671875,116500,0.0,0.0
2012-11-15 00:00:00+09:00,1099.881372696314,1108.7228628305288,1098.1130746694712,1103.41796875,185500,0.0,0.0
2012-11-16 00:00:00+09:00,1101.6500752602058,1101.6500752602058,1085.7353871745847,1091.040283203125,358500,0.0,0.0
2012-11-19 00:00:00+09:00,1092.8081805889424,1105.186266776843,1091.0398825620994,1103.41796875,283500,0.0,0.0
2012-11-20 00:00:00+09:00,1105.1867085118447,1105.1867085118447,1096.34521484375,1096.34521484375,465500,0.0,0.0
2012-11-21 00:00:00+09:00,1105.1868432577874,1115.796636953062,1092.8087506133002,1098.1136474609375,378500,0.0,0.0
2012-11-22 00:00:00+09:00,1103.41848043131,1114.0282735123803,1101.650181584465,1106.955078125,422500,0.0,0.0
2012-11-26 00:00:00+09:00,1124.63785522655,1126.406153741057,1105.1865715669712,1112.259765625,416500,0.0,0.0
2012-11-27 00:00:00+09:00,1106.9550033327132,1119.3330944242932,1106.9550033327132,1114.0281982421875,347000,0.0,0.0
2012-11-28 00:00:00+09:00,1114.0281982421875,1119.3330944242932,1112.259899514819,1114.0281982421875,198000,0.0,0.0
2012-11-29 00:00:00+09:00,1115.7965323160422,1126.406325016353,1110.4916359658866,1119.3331298828125,254500,0.0,0.0
2012-11-30 00:00:00+09:00,1128.1745486656203,1137.0160419937206,1124.63795133438,1126.40625,538000,0.0,0.0
2012-12-03 00:00:00+09:00,1149.3940570611107,1149.3940570611107,1131.7110715678627,1133.4793701171875,297500,0.0,0.0
2012-12-04 00:00:00+09:00,1133.4793701171875,1137.0159672158372,1126.4061759198885,1133.4793701171875,226000,0.0,0.0
2012-12-05 00:00:00+09:00,1133.4791617889884,1135.2474600133082,1119.3327759944302,1121.10107421875,420000,0.0,0.0
2012-12-06 00:00:00+09:00,1124.6379631783896,1131.7111579153604,1119.3330671256613,1128.174560546875,328000,0.0,0.0
2012-12-07 00:00:00+09:00,1124.6378173828125,1131.7110112028302,1124.6378173828125,1124.6378173828125,321000,0.0,0.0
2012-12-10 00:00:00+09:00,1135.2476686665123,1137.0159672158372,1124.6378773705637,1133.4793701171875,290000,0.0,0.0
2012-12-11 00:00:00+09:00,1135.2475341796874,1137.0158325195312,1121.1011474609375,1131.7109375,256500,0.0,0.0
2012-12-12 00:00:00+09:00,1131.7111579153604,1137.0160539680887,1121.101365809904,1128.174560546875,228500,0.0,0.0
2012-12-13 00:00:00+09:00,1138.784265765162,1138.784265765162,1129.942773018538,1133.4793701171875,225500,0.0,0.0
2012-12-14 00:00:00+09:00,1137.015869140625,1142.3207643310166,1129.942675553436,1137.015869140625,505000,0.0,0.0
2012-12-17 00:00:00+09:00,1149.3942469766696,1161.7723388671875,1144.0893504521619,1161.7723388671875,401000,0.0,0.0
2012-12-18 00:00:00+09:00,1170.61384485123,1172.3821437105219,1160.0040516954787,1163.5406494140625,350000,0.0,0.0
2012-12-19 00:00:00+09:00,1168.8449988173872,1191.8328732268064,1167.0767007858935,1190.0645751953125,434500,0.0,0.0
2012-12-20 00:00:00+09:00,1186.5282587356114,1205.9795416657034,1181.223363391041,1195.3697509765625,534500,0.0,0.0
2012-12-21 00:00:00+09:00,1202.4430193219866,1207.747914995466,1186.5283323015485,1188.296630859375,341500,0.0,0.0
2012-12-25 00:00:00+09:00,1195.3696900323678,1200.674585106476,1182.9916015261153,1186.5281982421875,168000,0.0,0.0
2012-12-26 00:00:00+09:00,1190.0650360510738,1204.21142578125,1190.0650360510738,1204.21142578125,168500,0.0,0.0
2012-12-27 00:00:00+09:00,1218.3577642760076,1223.6626602017377,1211.2845697083674,1214.8211669921875,253000,0.0,0.0
2012-12-28 00:00:00+09:00,1216.5894656340975,1218.3577642760076,1202.4430764988174,1214.8211669921875,213000,0.0,0.0
2013-01-04 00:00:00+09:00,1237.8087528060544,1246.6502438975263,1232.5038581511712,1243.1136474609375,321000,0.0,0.0
2013-01-07 00:00:00+09:00,1248.4188621859353,1250.1871608575868,1230.7358754694205,1236.040771484375,197000,0.0,0.0
2013-01-08 00:00:00+09:00,1236.0404781643435,1244.8819694244603,1221.8940921481565,1228.96728515625,333500,0.0,0.0
2013-01-09 00:00:00+09:00,1228.9674933108292,1230.7357918623557,1220.1260005531974,1223.66259765625,438500,0.0,0.0
2013-01-10 00:00:00+09:00,1223.6625735960145,1230.7357676630436,1216.5893795289855,1220.1259765625,403500,0.0,0.0
2013-01-11 00:00:00+09:00,1223.6628067171625,1227.1994044244375,1216.5896113026124,1218.35791015625,659500,0.0,0.0
2013-01-15 00:00:00+09:00,1232.5040032136526,1248.4186890514186,1232.5040032136526,1246.650390625,258500,0.0,0.0
2013-01-16 00:00:00+09:00,1248.4185421158206,1251.9551385524094,1237.8087528060544,1243.1136474609375,233500,0.0,0.0
2013-01-17 00:00:00+09:00,1251.9555950055803,1253.7238938685825,1221.8945143345422,1237.8092041015625,247500,0.0,0.0
2013-01-18 00:00:00+09:00,1250.186926269531,1255.4918212890625,1246.6503295898438,1255.4918212890625,175500,0.0,0.0
2013-01-21 00:00:00+09:00,1255.4917474226518,1259.028343894265,1244.8819580078125,1244.8819580078125,168500,0.0,0.0
2013-01-22 00:00:00+09:00,1241.3456642140118,1259.028650883727,1237.8090668800687,1253.7237548828125,257500,0.0,0.0
2013-01-23 00:00:00+09:00,1250.1868527152321,1251.9551509510386,1241.3453615361993,1244.8819580078125,296500,0.0,0.0
2013-01-24 00:00:00+09:00,1244.8818509615385,1264.3331298828125,1241.3452547940342,1264.3331298828125,313500,0.0,0.0
2013-01-25 00:00:00+09:00,1274.9433324157128,1289.0897216796875,1273.175033757716,1289.0897216796875,337000,0.0,0.0
2013-01-28 00:00:00+09:00,1296.1628682314117,1301.4677640086206,1278.4798823073816,1282.0164794921875,233000,0.0,0.0
2013-01-29 00:00:00+09:00,1282.0164794921875,1289.0896738617996,1276.7115837149784,1282.0164794921875,233500,0.0,0.0
2013-01-30 00:00:00+09:00,1290.8578121051635,1315.6139893236186,1289.0895137324167,1312.077392578125,342500,0.0,0.0
2013-01-31 00:00:00+09:00,1296.1629949574815,1319.15087890625,1294.3946961921918,1319.15087890625,260000,0.0,0.0
2013-02-01 00:00:00+09:00,1319.1510241503386,1324.4559210302996,1310.3095293504032,1322.6876220703125,183500,0.0,0.0
2013-02-04 00:00:00+09:00,1326.2238034519023,1335.065295474915,1312.0774162150822,1333.2969970703125,331500,0.0,0.0
2013-02-05 00:00:00+09:00,1333.2968615279065,1338.6017562024206,1313.8455810546875,1313.8455810546875,306500,0.0,0.0
2013-02-06 00:00:00+09:00,1333.2970212906125,1352.748304094587,1329.7604244171628,1336.8336181640625,333500,0.0,0.0
2013-02-07 00:00:00+09:00,1343.906958587566,1366.8948407739322,1336.8337640686839,1340.370361328125,290500,0.0,0.0
2013-02-08 00:00:00+09:00,1342.1383652225618,1345.6749617053615,1313.8455933601624,1315.6138916015625,304500,0.0,0.0
2013-02-12 00:00:00+09:00,1361.5902163856908,1368.663412314967,1340.3706285978617,1343.9072265625,430000,0.0,0.0
2013-02-13 00:00:00+09:00,1342.1383526520967,1342.1383526520967,1303.235791705659,1313.8455810546875,348000,0.0,0.0
2013-02-14 00:00:00+09:00,1319.1507448746854,1327.9922378028,1313.8458491178167,1317.3824462890625,345000,0.0,0.0
2013-02-15 00:00:00+09:00,1317.38258014096,1320.91917767154,1301.4678912533511,1319.15087890625,344000,0.0,0.0
2013-02-18 00:00:00+09:00,1326.2239810859273,1359.8216552734375,1326.2239810859273,1359.8216552734375,221500,0.0,0.0
2013-02-19 00:00:00+09:00,1366.894797005623,1388.1143798828125,1363.3581998594248,1388.1143798828125,397000,0.0,0.0
2013-02-20 00:00:00+09:00,1384.5777827366144,1395.187574175209,1379.2728870173169,1388.1143798828125,355000,0.0,0.0
2013-02-21 00:00:00+09:00,1381.0409419102823,1389.8824332157258,1363.3579592993951,1370.43115234375,248000,0.0,0.0
2013-02-22 00:00:00+09:00,1365.126257560484,1379.2726436491935,1349.2115732106854,1370.43115234375,412500,0.0,0.0
2013-02-25 00:00:00+09:00,1370.4313226780628,1391.650904448562,1370.4313226780628,1377.5045166015625,314000,0.0,0.0
2013-02-26 00:00:00+09:00,1354.5166363501885,1381.0411135633124,1347.443442426689,1377.5045166015625,259500,0.0,0.0
2013-02-27 00:00:00+09:00,1382.8093388052837,1389.8825323541598,1366.8946533203125,1366.8946533203125,318500,0.0,0.0
2013-02-28 00:00:00+09:00,1375.7362621492643,1423.4803226608713,1375.7362621492643,1419.9437255859375,449500,0.0,0.0
2013-03-01 00:00:00+09:00,1414.638611218944,1427.0166990671098,1404.0288216348022,1423.4801025390625,737500,0.0,0.0
2013-03-04 00:00:00+09:00,1435.858729645143,1480.0662028485033,1434.0904307170085,1467.6881103515625,935500,0.0,0.0
2013-03-05 00:00:00+09:00,1483.6023824355182,1488.907277724322,1437.6266232658834,1442.9315185546875,525500,0.0,0.0
2013-03-06 00:00:00+09:00,1451.773143025667,1465.919531751861,1425.248664164053,1462.3829345703125,751500,0.0,0.0
2013-03-07 00:00:00+09:00,1465.9195945721183,1465.9195945721183,1434.090218574171,1453.54150390625,410000,0.0,0.0
2013-03-08 00:00:00+09:00,1453.5413091322955,1458.8462044210994,1439.3949216954848,1442.9315185546875,632500,0.0,0.0
2013-03-11 00:00:00+09:00,1458.8462145952342,1483.6023927823048,1458.8462145952342,1480.0657958984375,422000,0.0,0.0
2013-03-12 00:00:00+09:00,1518.9683230397852,1529.5781134219026,1501.2853390695898,1510.1268310546875,744500,0.0,0.0
2013-03-13 00:00:00+09:00,1511.8952170790446,1511.8952170790446,1481.8341425874144,1487.1390380859375,429000,0.0,0.0
2013-03-14 00:00:00+09:00,1513.6634763348632,1526.0415655104987,1501.2853871592276,1517.2000732421875,540500,0.0,0.0
2013-03-15 00:00:00+09:00,1520.7366822568029,1526.0415776600244,1511.8951899181006,1518.9683837890625,584000,0.0,0.0
2013-03-18 00:00:00+09:00,1495.9807524652674,1503.0539475123846,1481.8343623710334,1483.6026611328125,331500,0.0,0.0
2013-03-19 00:00:00+09:00,1497.7488259416284,1524.2733033786112,1495.9805274458297,1522.5050048828125,547500,0.0,0.0
2013-03-21 00:00:00+09:00,1536.6514152885165,1564.9441916344501,1529.578221202033,1543.724609375,601000,0.0,0.0
2013-03-22 00:00:00+09:00,1540.1878540039063,1556.1025390625,1517.1999755859374,1520.736572265625,422500,0.0,0.0
2013-03-25 00:00:00+09:00,1541.9562883365998,1541.9562883365998,1522.5050048828125,1522.5050048828125,310000,0.0,0.0
2013-03-26 00:00:00+09:00,1495.9803597737348,1540.187817213857,1495.9803597737348,1533.1146240234375,490500,0.0,0.0
2013-03-27 00:00:00+09:00,1545.5647685313033,1574.0216572499464,1545.5647685313033,1559.793212890625,314000,10.0,0.0
2013-03-28 00:00:00+09:00,1561.571641552904,1561.571641552904,1524.2219781444633,1534.893310546875,337000,0.0,0.0
2013-03-29 00:00:00+09:00,1536.6718526785714,1556.2359619140625,1515.3291880580357,1556.2359619140625,366500,0.0,0.0
2013-04-01 00:00:00+09:00,1538.4501781030654,1542.007288341454,1488.650634765625,1488.650634765625,253500,0.0,0.0
2013-04-02 00:00:00+09:00,1483.3151673537034,1502.8792762756348,1451.3011709359976,1479.758056640625,382000,0.0,0.0
2013-04-03 00:00:00+09:00,1477.9796121237162,1542.0076097608446,1477.9796121237162,1526.0006103515625,492500,0.0,0.0
2013-04-04 00:00:00+09:00,1504.6579303609913,1549.12181719199,1477.979598262392,1547.34326171875,448500,0.0,0.0
2013-04-05 00:00:00+09:00,1563.350170320427,1600.6998330925874,1552.6788380998098,1577.57861328125,676000,0.0,0.0
2013-04-08 00:00:00+09:00,1600.6998214556897,1655.8350375280525,1598.9212660985168,1646.9422607421875,579500,0.0,0.0
2013-04-09 00:00:00+09:00,1646.9423793324254,1657.6137122438665,1582.914381863778,1622.0426025390625,408500,0.0,0.0
2013-04-10 00:00:00+09:00,1622.0426559946895,1634.4925448016663,1607.814211643859,1632.7139892578125,525500,0.0,0.0
2013-04-11 00:00:00+09:00,1636.2707146390555,1650.499155635917,1606.0352775207252,1629.156494140625,499000,0.0,0.0
2013-04-12 00:00:00+09:00,1607.8140014110684,1636.270886391795,1604.2568907884774,1614.92822265625,294000,0.0,0.0
2013-04-15 00:00:00+09:00,1616.7071358240164,1634.4926928737855,1600.700134479224,1613.1500244140625,372500,0.0,0.0
2013-04-16 00:00:00+09:00,1586.471422043522,1618.4854193493327,1586.471422043522,1607.8140869140625,368500,0.0,0.0
2013-04-17 00:00:00+09:00,1611.3712607089565,1622.0425935613337,1598.9213723811831,1620.2640380859375,265500,0.0,0.0
2013-04-18 00:00:00+09:00,1620.2638918743453,1620.2638918743453,1590.0284515210371,1591.8070068359375,308500,0.0,0.0
2013-04-19 00:00:00+09:00,1590.028387121252,1593.5854976069818,1566.907168964008,1579.3570556640625,327500,0.0,0.0
2013-04-22 00:00:00+09:00,1595.36417205167,1618.4853919364768,1595.36417205167,1602.4783935546875,297500,0.0,0.0
2013-04-23 00:00:00+09:00,1598.921630859375,1616.7071884885115,1595.3645193335478,1598.921630859375,389000,0.0,0.0
2013-04-24 00:00:00+09:00,1602.478335477182,1623.8209992127272,1595.3641142320002,1614.92822265625,401500,0.0,0.0
2013-04-25 00:00:00+09:00,1616.7070840804304,1634.492640560963,1604.2571945440575,1627.37841796875,479500,0.0,0.0
2013-04-26 00:00:00+09:00,1625.5998789300422,1632.714101594944,1602.4786552691116,1606.0357666015625,485500,0.0,0.0
2013-04-30 00:00:00+09:00,1632.7139354505036,1650.4994903029058,1613.1498251128614,1622.0426025390625,593000,0.0,0.0
2013-05-01 00:00:00+09:00,1630.9356079101562,1630.9356079101562,1602.4787161690847,1618.4857177734375,281500,0.0,0.0
2013-05-02 00:00:00+09:00,1618.485182957096,1629.1565138337362,1600.699631496029,1609.5924072265625,252500,0.0,0.0
2013-05-07 00:00:00+09:00,1636.270787128135,1668.2847807893377,1636.270787128135,1666.5062255859375,507500,0.0,0.0
2013-05-08 00:00:00+09:00,1666.5063658562967,1678.9562533280086,1650.4993676783813,1670.0634765625,416500,0.0,0.0
2013-05-09 00:00:00+09:00,1680.7351236270742,1686.0707906862078,1634.49267578125,1634.49267578125,275000,0.0,0.0
2013-05-10 00:00:00+09:00,1655.8349333138303,1668.2848200304757,1645.16360184242,1650.499267578125,365000,0.0,0.0
2013-05-13 00:00:00+09:00,1677.1776335229179,1682.5132993771795,1648.7207489668556,1657.613525390625,306500,0.0,0.0
2013-05-14 00:00:00+09:00,1659.392216690727,1659.392216690727,1630.93532980214,1636.27099609375,282000,0.0,0.0
2013-05-15 00:00:00+09:00,1659.3920897070532,1659.3920897070532,1582.914212046385,1588.2498779296875,604500,0.0,0.0
2013-05-16 00:00:00+09:00,1636.2709780092591,1650.4994212962963,1563.3502061631943,1584.69287109375,651000,0.0,0.0
2013-05-17 00:00:00+09:00,1584.6927673408193,1598.9212096962924,1570.4643249853461,1588.2498779296875,308000,0.0,0.0
2013-05-20 00:00:00+09:00,1609.592615057705,1618.4853919364768,1593.5856166759156,1602.4783935546875,289500,0.0,0.0
2013-05-21 00:00:00+09:00,1613.1498125261287,1613.1498125261287,1588.2500359270484,1595.3642578125,283000,0.0,0.0
2013-05-22 00:00:00+09:00,1609.5925599849425,1616.7067812445443,1591.8070068359375,1591.8070068359375,400000,0.0,0.0
2013-05-23 00:00:00+09:00,1602.47851187343,1602.47851187343,1504.657958984375,1504.657958984375,1047500,0.0,0.0
2013-05-24 00:00:00+09:00,1511.7721358037309,1522.4434685270512,1460.1940276410153,1495.76513671875,885500,0.0,0.0
2013-05-27 00:00:00+09:00,1481.5366251131384,1492.2079573468463,1447.7440730397293,1458.4154052734375,552500,0.0,0.0
2013-05-28 00:00:00+09:00,1437.0725563115006,1458.4152180388992,1435.2940011675507,1445.96533203125,552000,0.0,0.0
2013-05-29 00:00:00+09:00,1453.07961028977,1456.636720718876,1408.615729925946,1433.5155029296875,784500,0.0,0.0
2013-05-30 00:00:00+09:00,1406.8373899164887,1426.4015002693097,1378.3805021305675,1380.1590576171875,641500,0.0,0.0
2013-05-31 00:00:00+09:00,1392.6087951265363,1394.3873504204398,1367.7090210118854,1374.8232421875,856000,0.0,0.0
2013-06-03 00:00:00+09:00,1364.1518669482098,1374.8231983715336,1314.3523203060327,1342.8092041015625,574500,0.0,0.0
2013-06-04 00:00:00+09:00,1319.6881796347127,1381.9376220703125,1317.9096241365528,1381.9376220703125,581500,0.0,0.0
2013-06-05 00:00:00+09:00,1364.1518090115444,1403.28002256859,1333.9163712629183,1355.259033203125,799000,0.0,0.0
2013-06-06 00:00:00+09:00,1355.259236981792,1362.3734586982316,1307.238240395823,1323.2452392578125,641500,0.0,0.0
2013-06-07 00:00:00+09:00,1291.2314024633292,1328.5810711296238,1277.0029572571216,1307.2384033203125,617000,0.0,0.0
2013-06-10 00:00:00+09:00,1323.2452662211344,1355.2592645974523,1317.9095998250816,1328.5809326171875,591500,0.0,0.0
2013-06-11 00:00:00+09:00,1328.580795037942,1333.9164608814676,1294.7882446956114,1301.9024658203125,491500,0.0,0.0
2013-06-12 00:00:00+09:00,1282.3383936674697,1319.6880556189494,1280.559838336447,1309.0167236328125,448000,0.0,0.0
2013-06-13 00:00:00+09:00,1284.1168811069933,1289.4525468179643,1246.7672211301972,1248.5457763671875,448000,0.0,0.0
2013-06-14 00:00:00+09:00,1273.4455196080582,1294.7881819478582,1266.331298828125,1266.331298828125,509000,0.0,0.0
2013-06-17 00:00:00+09:00,1257.438601460054,1310.7952606450635,1257.438601460054,1305.4595947265625,360500,0.0,0.0
2013-06-18 00:00:00+09:00,1314.352618375564,1337.4738417028743,1310.7955070944392,1330.359619140625,538000,0.0,0.0
2013-06-19 00:00:00+09:00,1355.2591277714303,1394.3873440587945,1332.1379090561697,1349.9234619140625,429500,0.0,0.0
2013-06-20 00:00:00+09:00,1335.6952860623119,1337.4738417028743,1317.9097296566886,1330.359619140625,288500,0.0,0.0
2013-06-21 00:00:00+09:00,1310.7952986174937,1369.4876254212622,1300.1239664713542,1360.5948486328125,622000,0.0,0.0
2013-06-24 00:00:00+09:00,1371.2665061549135,1385.494952392578,1348.1452810187088,1351.702392578125,206500,0.0,0.0
2013-06-25 00:00:00+09:00,1351.7022598573826,1357.037926672609,1294.7884804949665,1325.02392578125,394000,0.0,0.0
2013-06-26 00:00:00+09:00,1326.8022584005664,1346.3663667684032,1303.6810394203956,1305.4595947265625,356000,0.0,0.0
2013-06-27 00:00:00+09:00,1323.2455085824572,1357.0380686134608,1309.0170622536136,1353.48095703125,385500,0.0,0.0
2013-06-28 00:00:00+09:00,1380.1589022410826,1422.8442291145182,1373.04468109551,1421.065673828125,484000,0.0,0.0
2013-07-01 00:00:00+09:00,1422.8444316599628,1437.0728759765625,1399.7232096454884,1437.0728759765625,285500,0.0,0.0
2013-07-02 00:00:00+09:00,1458.4152554123318,1458.4152554123318,1435.2940379484776,1453.07958984375,226500,0.0,0.0
2013-07-03 00:00:00+09:00,1451.3010346542228,1458.4152554123318,1438.8511483275322,1453.07958984375,248500,0.0,0.0
2013-07-04 00:00:00+09:00,1451.3009779846784,1467.3079740653916,1444.1867575043614,1465.5294189453125,191500,0.0,0.0
2013-07-05 00:00:00+09:00,1469.086500721298,1483.31494140625,1465.52939055006,1483.31494140625,298500,0.0,0.0
2013-07-08 00:00:00+09:00,1490.4294204897544,1493.9865312785128,1461.9725341796875,1461.9725341796875,295000,0.0,0.0
2013-07-09 00:00:00+09:00,1483.3153104962043,1522.4435321160083,1477.9796439116856,1508.215087890625,447500,0.0,0.0
2013-07-10 00:00:00+09:00,1508.215218731596,1511.772330096529,1493.986773271864,1509.9937744140625,291000,0.0,0.0
2013-07-11 00:00:00+09:00,1509.993643418798,1513.5507544751438,1486.8724215525501,1508.215087890625,223500,0.0,0.0
2013-07-12 00:00:00+09:00,1509.9936701307286,1526.0006701674502,1497.5437812132786,1513.55078125,327000,0.0,0.0
2013-07-16 00:00:00+09:00,1522.4435590481787,1534.8934479656286,1504.6580034518215,1513.55078125,413500,0.0,0.0
2013-07-17 00:00:00+09:00,1511.7721989469708,1518.8864210596626,1499.3223102497604,1508.215087890625,196000,0.0,0.0
2013-07-18 00:00:00+09:00,1506.4363133465802,1545.5645292776603,1499.322092268202,1536.6717529296875,1772500,0.0,0.0
2013-07-19 00:00:00+09:00,1547.343180054987,1552.6788461931076,1520.6648493643838,1531.336181640625,383000,0.0,0.0
2013-07-22 00:00:00+09:00,1545.5646429492865,1545.5646429492865,1513.5506457420515,1534.893310546875,195500,0.0,0.0
2013-07-23 00:00:00+09:00,1522.443356003668,1545.5645751953125,1509.9934687466287,1545.5645751953125,239500,0.0,0.0
2013-07-24 00:00:00+09:00,1527.7790618186773,1534.8932832939681,1515.3291742369188,1529.5576171875,183500,0.0,0.0
2013-07-25 00:00:00+09:00,1536.6718427169421,1542.007508837487,1506.4364013671875,1506.4364013671875,308500,0.0,0.0
2013-07-26 00:00:00+09:00,1486.8725056475905,1497.5438394201808,1469.0869493599398,1476.201171875,391000,0.0,0.0
2013-07-29 00:00:00+09:00,1476.2008280789587,1476.2008280789587,1433.5155029296875,1433.5155029296875,201000,0.0,0.0
2013-07-30 00:00:00+09:00,1447.7440602229192,1509.9934977017915,1445.96550486638,1479.758056640625,321500,0.0,0.0
2013-07-31 00:00:00+09:00,1467.3079937586485,1470.8651040465484,1445.96533203125,1445.96533203125,311500,0.0,0.0
2013-08-01 00:00:00+09:00,1454.8583574029813,1472.6439118944604,1444.187024708094,1470.8653564453125,196500,0.0,0.0
2013-08-02 00:00:00+09:00,1495.7649186444812,1524.2218017578125,1486.8721426715651,1524.2218017578125,324000,0.0,0.0
2013-08-05 00:00:00+09:00,1524.2218871927205,1533.11466366409,1506.4363342499817,1517.107666015625,198500,0.0,0.0
2013-08-06 00:00:00+09:00,1518.8862453587997,1552.6787964850494,1509.9934687466287,1545.5645751953125,350500,0.0,0.0
2013-08-07 00:00:00+09:00,1517.1076317016018,1518.886186955648,1486.8721923828125,1486.8721923828125,272500,0.0,0.0
2013-08-08 00:00:00+09:00,1476.2008910837242,1495.7649992788097,1467.3081146314125,1469.086669921875,211000,0.0,0.0
2013-08-09 00:00:00+09:00,1453.07961028977,1465.529496791641,1426.4012820714756,1433.5155029296875,510500,0.0,0.0
2013-08-12 00:00:00+09:00,1431.737110324606,1433.5156657411583,1401.5016682432167,1417.5086669921875,399000,0.0,0.0
2013-08-13 00:00:00+09:00,1422.8445188340463,1460.19418745344,1422.8445188340463,1454.8585205078125,207500,0.0,0.0
2013-08-14 00:00:00+09:00,1465.5295593409503,1474.422335793262,1451.3011170172517,1469.086669921875,153500,0.0,0.0
2013-08-15 00:00:00+09:00,1461.9726023954504,1472.6439352596508,1442.4084921444164,1451.30126953125,185000,0.0,0.0
2013-08-16 00:00:00+09:00,1444.1870476217832,1458.415491440717,1433.5157147575828,1451.30126953125,202000,0.0,0.0
2013-08-19 00:00:00+09:00,1453.0795331047575,1469.086529185471,1453.0795331047575,1465.5294189453125,185500,0.0,0.0
2013-08-20 00:00:00+09:00,1453.0798396020386,1453.0798396020386,1428.1800626688337,1429.9586181640625,226500,0.0,0.0
2013-08-21 00:00:00+09:00,1428.18010712613,1445.9656626320593,1424.622996024944,1438.8514404296875,276500,0.0,0.0
2013-08-22 00:00:00+09:00,1428.1798280704095,1444.1868248980977,1424.6227176642565,1431.7369384765625,201500,0.0,0.0
2013-08-23 00:00:00+09:00,1449.5224423191498,1458.4152180388992,1442.4082217433502,1445.96533203125,230500,0.0,0.0
2013-08-26 00:00:00+09:00,1454.8581077509994,1454.8581077509994,1440.6296665994005,1445.96533203125,114500,0.0,0.0
2013-08-27 00:00:00+09:00,1444.1868061906523,1444.1868061906523,1422.8441440301992,1428.1798095703125,268000,0.0,0.0
2013-08-28 00:00:00+09:00,1390.8307395973786,1410.3948548602575,1383.7165158654227,1401.5020751953125,180000,0.0,0.0
2013-08-29 00:00:00+09:00,1401.5015960422609,1408.6158173419678,1394.387374742554,1403.2801513671875,129500,0.0,0.0
2013-08-30 00:00:00+09:00,1415.7300109086752,1419.2871214888478,1389.0516815573812,1397.9444580078125,365000,0.0,0.0
2013-09-02 00:00:00+09:00,1406.8370549128606,1412.1727201021633,1392.6086144080527,1410.3941650390625,99000,0.0,0.0
2013-09-03 00:00:00+09:00,1422.8445030120483,1477.9797275037652,1422.8445030120483,1476.201171875,308500,0.0,0.0
2013-09-04 00:00:00+09:00,1460.19384765625,1467.308068594892,1440.6297400749847,1460.19384765625,240500,0.0,0.0
2013-09-05 00:00:00+09:00,1461.9727431019826,1467.3084100476103,1445.9657422650996,1454.8585205078125,257500,0.0,0.0
2013-09-06 00:00:00+09:00,1465.5295593409503,1477.9794463741864,1447.744006436327,1469.086669921875,286500,0.0,0.0
2013-09-09 00:00:00+09:00,1485.0935832552402,1485.0935832552402,1429.958372379896,1453.07958984375,731000,0.0,0.0
2013-09-10 00:00:00+09:00,1463.7511120343265,1504.6578867327344,1463.7511120343265,1490.429443359375,319000,0.0,0.0
2013-09-11 00:00:00+09:00,1506.4361962890623,1508.2147514204544,1463.7508731356534,1467.3079833984375,337000,0.0,0.0
2013-09-12 00:00:00+09:00,1469.0868009961646,1492.2080218350873,1465.5296900978688,1470.8653564453125,235000,0.0,0.0
2013-09-13 00:00:00+09:00,1460.19384765625,1474.4222895335338,1433.5155191363428,1460.19384765625,409000,0.0,0.0
2013-09-17 00:00:00+09:00,1458.415692913841,1476.2012501444976,1442.40869140625,1442.40869140625,242000,0.0,0.0
2013-09-18 00:00:00+09:00,1460.193866048375,1474.4223081048756,1447.743979248937,1463.7509765625,196000,0.0,0.0
2013-09-19 00:00:00+09:00,1477.979351563678,1477.979351563678,1458.4152446236053,1474.4222412109375,148500,0.0,0.0
2013-09-20 00:00:00+09:00,1479.757955237515,1479.757955237515,1449.522516248287,1460.19384765625,286000,0.0,0.0
2013-09-24 00:00:00+09:00,1451.3014092107273,1469.086965696153,1447.7442979136422,1454.8585205078125,173000,0.0,0.0
2013-09-25 00:00:00+09:00,1451.3011837842987,1460.1939606457222,1442.4084069228754,1458.4154052734375,246000,0.0,0.0
2013-09-26 00:00:00+09:00,1457.5233606409145,1493.2032470703125,1428.9794514973958,1493.2032470703125,322000,5.0,0.0
2013-09-27 00:00:00+09:00,1498.5550103305786,1512.8269628099174,1498.5550103305786,1511.04296875,240000,0.0,0.0
2013-09-30 00:00:00+09:00,1475.3632366079794,1493.2031790095268,1464.6592711670507,1487.8511962890625,276500,0.0,0.0
2013-10-01 00:00:00+09:00,1478.9313922037957,1484.2833755290205,1466.4434311116045,1475.3634033203125,187500,0.0,0.0
2013-10-02 00:00:00+09:00,1480.7156242287172,1482.4996189567037,1464.6596716768397,1468.2276611328125,337000,0.0,0.0
2013-10-03 00:00:00+09:00,1480.7153186983276,1496.771267937225,1466.4433638193075,1470.0113525390625,305500,0.0,0.0
2013-10-04 00:00:00+09:00,1455.7394977541462,1459.30748671923,1443.2515363763532,1452.1715087890625,262000,0.0,0.0
2013-10-07 00:00:00+09:00,1452.1713776765046,1461.0913492838542,1445.035400390625,1445.035400390625,181500,0.0,0.0
2013-10-08 00:00:00+09:00,1445.0357296689892,1471.7956505887853,1445.0357296689892,1468.2276611328125,250500,0.0,0.0
2013-10-09 00:00:00+09:00,1470.0113525390625,1473.5793412588175,1450.38741458041,1470.0113525390625,174500,0.0,0.0
2013-10-10 00:00:00+09:00,1478.9312834997281,1489.6352493634172,1470.0113119466537,1486.0672607421875,288500,0.0,0.0
2013-10-11 00:00:00+09:00,1502.1233039712006,1528.8832203127304,1498.5553151256634,1512.8272705078125,401500,0.0,0.0
2013-10-15 00:00:00+09:00,1507.475156377277,1527.0990933242,1486.067225162452,1505.691162109375,293000,0.0,0.0
2013-10-16 00:00:00+09:00,1511.0431449130813,1512.8271391809833,1486.067225162452,1505.691162109375,224000,0.0,0.0
2013-10-17 00:00:00+09:00,1514.6114501953125,1525.3154180412157,1494.9875091444899,1514.6114501953125,171500,0.0,0.0
2013-10-18 00:00:00+09:00,1514.6113405461897,1532.4512856645194,1509.2593570106908,1525.3153076171875,223500,0.0,0.0
2013-10-21 00:00:00+09:00,1516.3951643123182,1537.8030960437864,1503.9072041356287,1534.235107421875,175000,0.0,0.0
2013-10-22 00:00:00+09:00,1537.8031051070602,1546.7230767144097,1530.6671278211807,1541.37109375,203500,0.0,0.0
2013-10-23 00:00:00+09:00,1552.0748321280992,1560.994802427686,1509.2589746900826,1511.04296875,343500,0.0,0.0
2013-10-24 00:00:00+09:00,1511.0432436563135,1537.8031594235445,1502.1232717339033,1536.0191650390625,263000,0.0,0.0
2013-10-25 00:00:00+09:00,1532.4510761279064,1532.4510761279064,1502.1231735735707,1505.691162109375,192500,0.0,0.0
2013-10-28 00:00:00+09:00,1528.8832966408534,1528.8832966408534,1498.555389939693,1525.3153076171875,208000,0.0,0.0
2013-10-29 00:00:00+09:00,1509.2594233159418,1537.8033367592693,1503.9074395453179,1530.6673583984375,251500,0.0,0.0
2013-10-30 00:00:00+09:00,1546.723013125317,1550.2910016215692,1519.9630994034255,1539.5870361328125,540500,0.0,0.0
2013-10-31 00:00:00+09:00,1541.3712540298945,1543.1552485368736,1518.1793254391669,1521.747314453125,313500,0.0,0.0
2013-11-01 00:00:00+09:00,1525.31528242118,1532.4512603506357,1498.5553651857206,1503.9073486328125,268000,0.0,0.0
2013-11-05 00:00:00+09:00,1523.531308960104,1552.0752210717687,1511.0433474112508,1521.747314453125,382500,0.0,0.0
2013-11-06 00:00:00+09:00,1521.747209963206,1548.5071257304369,1521.747209963206,1536.0191650390625,174000,0.0,0.0
2013-11-07 00:00:00+09:00,1537.8031505820632,1541.3711393305134,1523.531195588262,1528.8831787109375,254000,0.0,0.0
2013-11-08 00:00:00+09:00,1503.90731118267,1527.0992388758782,1503.90731118267,1523.53125,138000,0.0,0.0
2013-11-11 00:00:00+09:00,1523.5313131053545,1530.6672911526864,1494.9874009160271,1525.3153076171875,381500,0.0,0.0
2013-11-12 00:00:00+09:00,1543.15505778895,1619.8668121067822,1541.3710635024888,1612.7308349609375,624500,0.0,0.0
2013-11-13 00:00:00+09:00,1605.5946529111384,1621.6505994402498,1584.1867242056564,1596.6746826171875,395500,0.0,0.0
2013-11-14 00:00:00+09:00,1605.5948669164716,1643.0587471445226,1603.8108726198977,1619.8668212890625,375000,0.0,0.0
2013-11-15 00:00:00+09:00,1637.7066793070212,1655.5466213474026,1618.0827430626014,1648.41064453125,735500,0.0,0.0
2013-11-18 00:00:00+09:00,1639.4908180783575,1639.4908180783575,1598.4589477673649,1618.0828857421875,480000,0.0,0.0
2013-11-19 00:00:00+09:00,1600.2430503921423,1616.2990007305252,1587.7550890178447,1607.3790283203125,411500,0.0,0.0
2013-11-20 00:00:00+09:00,1607.3788336345126,1607.3788336345126,1580.6189196450368,1598.4588623046875,412500,0.0,0.0
2013-11-21 00:00:00+09:00,1605.5947994000346,1623.4347416155904,1591.32284562759,1614.5147705078125,391000,0.0,0.0
2013-11-22 00:00:00+09:00,1627.0027984753578,1646.6267357376703,1609.1628555096192,1619.8668212890625,438500,0.0,0.0
2013-11-25 00:00:00+09:00,1627.0028664414106,1634.1388439258028,1607.3789283593321,1625.2188720703125,461500,0.0,0.0
2013-11-26 00:00:00+09:00,1616.298846288635,1646.6267495854418,1616.298846288635,1630.57080078125,901500,0.0,0.0
2013-11-27 00:00:00+09:00,1630.570746734852,1641.274712249523,1619.8667812201813,1635.9227294921875,295000,0.0,0.0
2013-11-28 00:00:00+09:00,1632.3550514552903,1644.8430135975714,1630.5710568635361,1641.2750244140625,209500,0.0,0.0
2013-11-29 00:00:00+09:00,1643.0588422550022,1646.6268310546875,1625.2188982565767,1646.6268310546875,214500,0.0,0.0
2013-12-02 00:00:00+09:00,1651.9788648152403,1657.3308481785725,1634.1389202707992,1637.7069091796875,259000,0.0,0.0
2013-12-03 00:00:00+09:00,1653.7629676032395,1682.30688074418,1653.7629676032395,1678.7388916015625,462000,0.0,0.0
2013-12-04 00:00:00+09:00,1653.7629475824046,1668.0349039800954,1648.4109639332708,1660.89892578125,316500,0.0,0.0
2013-12-05 00:00:00+09:00,1660.8988196739783,1668.0347974169385,1621.6509420876976,1623.4349365234375,375500,0.0,0.0
2013-12-06 00:00:00+09:00,1627.0028121580963,1635.9227837159806,1616.298846288635,1630.57080078125,335500,0.0,0.0
2013-12-09 00:00:00+09:00,1655.546757392473,1659.11474609375,1639.4908082367272,1659.11474609375,211500,0.0,0.0
2013-12-10 00:00:00+09:00,1659.1151196236783,1668.035093385096,1651.9791406145443,1666.2510986328125,210500,0.0,0.0
2013-12-11 00:00:00+09:00,1660.8987404443883,1664.4667291456653,1643.058796938004,1659.11474609375,214000,0.0,0.0
2013-12-12 00:00:00+09:00,1644.8429544885823,1644.8429544885823,1630.5709982674232,1643.0589599609375,206500,0.0,0.0
2013-12-13 00:00:00+09:00,1619.866880103535,1637.7068237170101,1610.9469082967976,1618.0828857421875,732000,0.0,0.0
2013-12-16 00:00:00+09:00,1621.6508063932436,1632.3547721120108,1609.162846388015,1612.7308349609375,229500,0.0,0.0
2013-12-17 00:00:00+09:00,1623.4347697250714,1635.9227294921875,1616.298792715291,1635.9227294921875,339000,0.0,0.0
2013-12-18 00:00:00+09:00,1632.3550129858686,1660.89892578125,1630.5710184361574,1660.89892578125,429500,0.0,0.0
2013-12-19 00:00:00+09:00,1664.4667291456653,1675.170695249496,1650.1947743405578,1659.11474609375,324000,0.0,0.0
2013-12-20 00:00:00+09:00,1659.1147637926438,1682.3066905983476,1655.5467750533048,1673.38671875,831500,0.0,0.0
2013-12-24 00:00:00+09:00,1669.8187801446945,1680.5227466840836,1659.1148136053055,1664.466796875,298500,0.0,0.0
2013-12-25 00:00:00+09:00,1657.3306155514408,1662.6825981635552,1630.5707024908686,1648.41064453125,288000,0.0,0.0
2013-12-26 00:00:00+09:00,1691.2268576434915,1691.2268576434915,1669.818922736612,1682.306884765625,261500,0.0,0.0
2013-12-27 00:00:00+09:00,1689.4427865932641,1721.5546875,1689.4427865932641,1721.5546875,255500,0.0,0.0
2013-12-30 00:00:00+09:00,1725.1227356210288,1730.4747192889329,1712.634773729253,1719.770751953125,197000,0.0,0.0
2014-01-06 00:00:00+09:00,1766.154391984998,1769.7223806556747,1734.0424939489071,1744.7464599609375,453500,0.0,0.0
2014-01-07 00:00:00+09:00,1737.6105192040459,1757.2344573059397,1721.5545698479511,1725.12255859375,331000,0.0,0.0
2014-01-08 00:00:00+09:00,1744.7464777886505,1759.0184326171875,1739.394494727949,1759.0184326171875,301000,0.0,0.0
2014-01-09 00:00:00+09:00,1759.0184695512821,1760.8024639423077,1726.9065705128205,1739.39453125,342000,0.0,0.0
2014-01-10 00:00:00+09:00,1735.8265424679487,1741.1785256410258,1717.9865985576923,1739.39453125,285000,0.0,0.0
2014-01-14 00:00:00+09:00,1735.8265753922492,1735.8265753922492,1691.22671477066,1716.20263671875,307000,0.0,0.0
2014-01-15 00:00:00+09:00,1732.258556107601,1791.13037109375,1719.7705953529633,1791.13037109375,590500,0.0,0.0
2014-01-16 00:00:00+09:00,1792.9143207829172,1800.050298179068,1750.0984564060118,1755.450439453125,382000,0.0,0.0
2014-01-17 00:00:00+09:00,1746.530605808381,1773.2905231598884,1732.2586498875771,1769.7225341796875,190500,0.0,0.0
2014-01-20 00:00:00+09:00,1762.5865351721613,1762.5865351721613,1744.746590484184,1751.882568359375,121500,0.0,0.0
2014-01-21 00:00:00+09:00,1742.9624115519082,1764.3703429118088,1742.9624115519082,1750.098388671875,207500,0.0,0.0
2014-01-22 00:00:00+09:00,1760.802561729185,1773.2905231598884,1742.96261682818,1769.7225341796875,306500,0.0,0.0
2014-01-23 00:00:00+09:00,1776.8583716415776,1780.4263603396532,1753.6664451040872,1755.450439453125,158000,0.0,0.0
2014-01-24 00:00:00+09:00,1734.042503476767,1737.6104921670483,1694.7946278836714,1703.714599609375,351500,0.0,0.0
2014-01-27 00:00:00+09:00,1641.2749530396175,1662.6828872096994,1628.786991440403,1632.35498046875,432000,0.0,0.0
2014-01-28 00:00:00+09:00,1627.0031262751634,1653.7630461152153,1614.515163683139,1639.4910888671875,384000,0.0,0.0
2014-01-29 00:00:00+09:00,1666.2505416550896,1705.4984130859375,1666.2505416550896,1705.4984130859375,341500,0.0,0.0
2014-01-30 00:00:00+09:00,1680.522691775591,1680.522691775591,1657.3307650313418,1669.8187255859375,372500,0.0,0.0
2014-01-31 00:00:00+09:00,1668.0345807756696,1685.8745228160512,1639.4906735110592,1648.41064453125,376500,0.0,0.0
2014-02-03 00:00:00+09:00,1630.57080078125,1644.842755273865,1618.082840600212,1630.57080078125,223000,0.0,0.0
2014-02-04 00:00:00+09:00,1594.891071380685,1602.027049328697,1559.211181640625,1559.211181640625,462500,0.0,0.0
2014-02-05 00:00:00+09:00,1559.2111441229695,1580.619077451889,1530.6672330177437,1578.8350830078125,396500,0.0,0.0
2014-02-06 00:00:00+09:00,1578.8351252307632,1594.8910756568387,1559.2111858211151,1562.7791748046875,235500,0.0,0.0
2014-02-07 00:00:00+09:00,1573.4831788747904,1627.0030148909395,1564.5632062054322,1594.89111328125,204500,0.0,0.0
2014-02-10 00:00:00+09:00,1632.3550233146213,1632.3550233146213,1594.8911375336302,1616.299072265625,170500,0.0,0.0
2014-02-12 00:00:00+09:00,1643.0587791062228,1651.9787507626083,1616.2988641370662,1644.8427734375,277500,0.0,0.0
2014-02-13 00:00:00+09:00,1650.1946387352882,1666.2505865716314,1635.922685102983,1648.41064453125,238500,0.0,0.0
2014-02-14 00:00:00+09:00,1648.4106148279084,1687.6584866095252,1648.4106148279084,1671.6025390625,413500,0.0,0.0
2014-02-17 00:00:00+09:00,1650.194920501385,1684.0908161657376,1635.9229644321838,1680.5228271484375,206500,0.0,0.0
2014-02-18 00:00:00+09:00,1685.8746337890625,1735.82647479022,1659.114718967014,1734.04248046875,359500,0.0,0.0
2014-02-19 00:00:00+09:00,1735.8266264816812,1735.8266264816812,1693.0107590247846,1707.28271484375,389000,0.0,0.0
2014-02-20 00:00:00+09:00,1684.0907614087303,1714.4186670696924,1680.5227725074405,1685.874755859375,207000,0.0,0.0
2014-02-21 00:00:00+09:00,1696.578954323051,1735.8268375986631,1696.578954323051,1730.474853515625,174500,0.0,0.0
2014-02-24 00:00:00+09:00,1748.3144764489225,1785.7783580871137,1694.794645537221,1717.986572265625,569500,0.0,0.0
2014-02-25 00:00:00+09:00,1721.554452681566,1737.6104009449175,1714.4184756756322,1728.6904296875,230000,0.0,0.0
2014-02-26 00:00:00+09:00,1701.9306813198416,1746.5305419414306,1701.9306813198416,1716.20263671875,225500,0.0,0.0
2014-02-27 00:00:00+09:00,1707.2825882996565,1728.690520441345,1693.0106335385308,1703.714599609375,211000,0.0,0.0
2014-02-28 00:00:00+09:00,1705.498814248078,1705.498814248078,1666.2509335854652,1682.306884765625,332000,0.0,0.0
2014-03-03 00:00:00+09:00,1669.8189187450187,1689.442859029415,1643.059000175387,1678.7388916015625,251000,0.0,0.0
2014-03-04 00:00:00+09:00,1684.090483214566,1719.7703663335185,1678.738500746723,1705.4984130859375,385500,0.0,0.0
2014-03-05 00:00:00+09:00,1717.9866603057765,1721.5546492160688,1689.4427490234375,1689.4427490234375,161500,0.0,0.0
2014-03-06 00:00:00+09:00,1703.7146842751197,1723.338623046875,1694.79471210614,1723.338623046875,227500,0.0,0.0
2014-03-07 00:00:00+09:00,1739.3944229919248,1750.098388671875,1726.9064630319826,1750.098388671875,248500,0.0,0.0
2014-03-10 00:00:00+09:00,1750.098470812646,1751.8824651763694,1710.8505948107313,1717.986572265625,333000,0.0,0.0
2014-03-11 00:00:00+09:00,1725.122441184533,1734.0424124419505,1710.850487172665,1728.6904296875,257500,0.0,0.0
2014-03-12 00:00:00+09:00,1703.7146409016582,1707.2826296784156,1687.65869140625,1687.65869140625,220500,0.0,0.0
2014-03-13 00:00:00+09:00,1678.7385934086171,1693.010547443972,1673.386610645359,1684.090576171875,205000,0.0,0.0
2014-03-14 00:00:00+09:00,1637.70700699762,1650.1949689246173,1616.299072265625,1616.299072265625,520500,0.0,0.0
2014-03-17 00:00:00+09:00,1607.3789107110413,1616.2988824685942,1589.5389671959354,1610.9468994140625,385000,0.0,0.0
2014-03-18 00:00:00+09:00,1635.922969497097,1651.9789201246583,1625.219002412056,1632.35498046875,239000,0.0,0.0
2014-03-19 00:00:00+09:00,1651.9787325201723,1653.7627268317492,1618.082840600212,1630.57080078125,214500,0.0,0.0
2014-03-20 00:00:00+09:00,1641.2749404823296,1655.5468964865238,1612.7310284739413,1621.6510009765625,545000,0.0,0.0
2014-03-24 00:00:00+09:00,1623.4348763992537,1694.7946511860341,1623.4348763992537,1673.38671875,508000,0.0,0.0
2014-03-25 00:00:00+09:00,1694.794761824434,1755.4505743528875,1693.0107673383031,1714.418701171875,638500,0.0,0.0
2014-03-26 00:00:00+09:00,1739.3945642419765,1750.0985307911578,1707.2826645944322,1716.20263671875,622500,0.0,0.0
2014-03-27 00:00:00+09:00,1721.5716017819523,1755.5735357048807,1710.8341489641855,1751.994384765625,436000,6.0,0.0
2014-03-28 00:00:00+09:00,1751.9942122003638,1787.7857180675828,1744.83591102692,1782.4169921875,531500,0.0,0.0
2014-03-31 00:00:00+09:00,1787.7856687505841,1800.3126954585462,1766.310765822649,1794.9439697265625,521000,0.0,0.0
2014-04-01 00:00:00+09:00,1803.8920159495551,1812.839893012797,1787.7858372357198,1809.2607421875,564000,0.0,0.0
2014-04-02 00:00:00+09:00,1789.575393197505,1805.6815717362826,1764.52133769274,1766.3109130859375,570500,0.0,0.0
2014-04-03 00:00:00+09:00,1784.2063722658206,1791.3646726560546,1771.6793465829112,1787.7855224609375,420000,0.0,0.0
2014-04-04 00:00:00+09:00,1787.7857180675828,1789.5752933609438,1773.469115720695,1782.4169921875,303000,0.0,0.0
2014-04-07 00:00:00+09:00,1782.417091624715,1793.1545439839,1762.7317622995427,1766.3109130859375,349500,0.0,0.0
2014-04-08 00:00:00+09:00,1768.1004160355549,1768.1004160355549,1739.4672109175701,1753.7838134765625,239000,0.0,0.0
2014-04-09 00:00:00+09:00,1726.9400634765625,1746.6253906250001,1692.9381347656251,1717.9921875,619500,0.0,0.0
2014-04-10 00:00:00+09:00,1721.571313577656,1743.0462156181256,1717.9921632375776,1728.7296142578125,242000,0.0,0.0
2014-04-11 00:00:00+09:00,1701.885937268221,1719.781688448749,1682.2006109696401,1696.5172119140625,253000,0.0,0.0
2014-04-14 00:00:00+09:00,1691.1486326578174,1719.7818370202779,1691.1486326578174,1694.727783203125,220000,0.0,0.0
2014-04-15 00:00:00+09:00,1696.5173830189615,1705.4652595116775,1689.3590818247885,1692.938232421875,176500,0.0,0.0
2014-04-16 00:00:00+09:00,1717.9922118127593,1737.6775392397803,1714.4130613714826,1725.1505126953125,159000,0.0,0.0
2014-04-17 00:00:00+09:00,1725.1505612962126,1741.2567387357,1716.2026849409417,1730.519287109375,192500,0.0,0.0
2014-04-18 00:00:00+09:00,1734.098730091213,1735.8883056640625,1719.7821255084166,1735.8883056640625,101500,0.0,0.0
2014-04-21 00:00:00+09:00,1734.098730091213,1741.2570323826112,1728.7300033726644,1735.8883056640625,101000,0.0,0.0
2014-04-22 00:00:00+09:00,1744.8358154296875,1744.8358154296875,1717.9921875,1717.9921875,107500,0.0,0.0
2014-04-23 00:00:00+09:00,1712.6233175417176,1737.6773681640625,1705.4650173639047,1737.6773681640625,137000,0.0,0.0
2014-04-24 00:00:00+09:00,1726.940014496167,1744.8357659417231,1712.623413339722,1721.5712890625,169500,0.0,0.0
2014-04-25 00:00:00+09:00,1726.9404277998149,1757.3632125382571,1716.2029743627174,1735.8883056640625,205500,0.0,0.0
2014-04-28 00:00:00+09:00,1712.6234861508444,1725.1505126953125,1710.833910930206,1725.1505126953125,92000,0.0,0.0
2014-04-30 00:00:00+09:00,1725.1505124446549,1743.0462646484375,1721.5713620038982,1743.0462646484375,197000,0.0,0.0
2014-05-01 00:00:00+09:00,1735.8878431862931,1766.310619819455,1735.8878431862931,1760.94189453125,293000,0.0,0.0
2014-05-02 00:00:00+09:00,1746.625366335372,1757.3628173579257,1744.8357911649466,1755.5732421875,150000,0.0,0.0
2014-05-07 00:00:00+09:00,1744.8357412748248,1744.8357412748248,1712.6233891282127,1723.36083984375,469000,0.0,0.0
2014-05-08 00:00:00+09:00,1723.3608647099247,1748.414916741014,1721.571289564847,1739.467041015625,343000,0.0,0.0
2014-05-09 00:00:00+09:00,1739.467114207681,1748.4149903095724,1723.3609372242765,1743.0462646484375,227500,0.0,0.0
2014-05-12 00:00:00+09:00,1743.0463634431671,1750.2046647304082,1719.7818842596341,1726.940185546875,193500,0.0,0.0
2014-05-13 00:00:00+09:00,1592.7220176878038,1658.9363038163979,1592.7220176878038,1657.146728515625,762500,0.0,0.0
2014-05-14 00:00:00+09:00,1662.5153564453126,1669.6736572265627,1646.4091796875,1664.304931640625,394000,0.0,0.0
2014-05-15 00:00:00+09:00,1642.8299327969423,1662.5152587890625,1623.1446068048222,1662.5152587890625,396500,0.0,0.0
2014-05-16 00:00:00+09:00,1628.5135491376366,1641.0405764386953,1623.1448231514687,1637.46142578125,382500,0.0,0.0
2014-05-19 00:00:00+09:00,1644.6196533735022,1660.7258306100218,1639.2509276279957,1642.830078125,270500,0.0,0.0
2014-05-20 00:00:00+09:00,1642.8301277035023,1646.409278308521,1624.9343746784098,1630.3031005859375,475000,0.0,0.0
2014-05-21 00:00:00+09:00,1628.5132581405057,1648.1985832389073,1612.407083059995,1641.040283203125,513000,0.0,0.0
2014-05-22 00:00:00+09:00,1646.4092772377173,1653.5675784430987,1632.0926748269544,1648.1988525390625,457000,0.0,0.0
2014-05-23 00:00:00+09:00,1644.61967749606,1662.5154302435687,1635.6718011223054,1649.9884033203125,380500,0.0,0.0
2014-05-26 00:00:00+09:00,1662.5154544179436,1662.5154544179436,1641.0405508086696,1657.146728515625,383500,0.0,0.0
2014-05-27 00:00:00+09:00,1651.77783203125,1673.2527334227723,1646.4091066833696,1651.77783203125,398000,0.0,0.0
2014-05-28 00:00:00+09:00,1651.7781749970247,1657.1469014596369,1635.671995609188,1644.619873046875,653000,0.0,0.0
2014-05-29 00:00:00+09:00,1644.619873046875,1655.3573259720995,1635.671995609188,1644.619873046875,584000,0.0,0.0
2014-05-30 00:00:00+09:00,1639.2507081941794,1657.1464582836354,1635.671558176288,1641.040283203125,570500,0.0,0.0
2014-06-02 00:00:00+09:00,1660.725756914608,1676.8319334364091,1657.1466065764298,1666.094482421875,463000,0.0,0.0
2014-06-03 00:00:00+09:00,1691.1487802308882,1698.3070819461511,1676.832176800362,1683.990478515625,461500,0.0,0.0
2014-06-04 00:00:00+09:00,1683.990136588888,1687.5692867197888,1667.8839609998338,1682.2005615234375,503000,0.0,0.0
2014-06-05 00:00:00+09:00,1682.20068359375,1683.9902587890626,1660.7257812500002,1664.304931640625,367000,0.0,0.0
2014-06-06 00:00:00+09:00,1673.252783098231,1675.04235826732,1660.725756914608,1666.094482421875,583500,0.0,0.0
2014-06-09 00:00:00+09:00,1671.463232421875,1678.6215332031252,1660.7257812500002,1673.2528076171875,427000,0.0,0.0
2014-06-10 00:00:00+09:00,1685.7798832835108,1685.7798832835108,1662.5154050640992,1669.6737060546875,358500,0.0,0.0
2014-06-11 00:00:00+09:00,1671.4631111307347,1691.14843685069,1671.4631111307347,1682.2005615234375,454000,0.0,0.0
2014-06-12 00:00:00+09:00,1683.9902587890626,1685.779833984375,1664.304931640625,1673.2528076171875,231500,0.0,0.0
2014-06-13 00:00:00+09:00,1664.3053205927129,1675.0427742739562,1658.936593752091,1671.463623046875,392500,0.0,0.0
2014-06-16 00:00:00+09:00,1660.725707611051,1660.725707611051,1644.6195315674092,1651.77783203125,439500,0.0,0.0
2014-06-17 00:00:00+09:00,1660.725830078125,1673.252856813628,1655.357104334338,1660.725830078125,320500,0.0,0.0
2014-06-18 00:00:00+09:00,1671.4632813023345,1673.2528565499815,1660.7258298164522,1669.6737060546875,294000,0.0,0.0
2014-06-19 00:00:00+09:00,1662.5155257039994,1685.7800056115905,1662.5155257039994,1678.6217041015625,332500,0.0,0.0
2014-06-20 00:00:00+09:00,1673.252783098231,1678.621508605498,1655.3570314073409,1666.094482421875,358500,0.0,0.0
2014-06-23 00:00:00+09:00,1675.04235826732,1678.621508605498,1657.1466065764298,1666.094482421875,345500,0.0,0.0
2014-06-24 00:00:00+09:00,1667.88408203125,1676.8319580078125,1658.9362060546875,1664.304931640625,264500,0.0,0.0
2014-06-25 00:00:00+09:00,1671.463232421875,1683.9902587890626,1669.6736572265627,1673.2528076171875,288000,0.0,0.0
2014-06-26 00:00:00+09:00,1689.358935182097,1691.1485103252985,1676.8319091796875,1676.8319091796875,252000,0.0,0.0
2014-06-27 00:00:00+09:00,1676.832007309486,1676.832007309486,1655.357104334338,1660.725830078125,240500,0.0,0.0
2014-06-30 00:00:00+09:00,1660.7258541778433,1675.0424563690315,1649.988402534452,1667.8841552734375,504500,0.0,0.0
2014-07-01 00:00:00+09:00,1680.4112296937005,1691.148681640625,1678.621654369213,1691.148681640625,267500,0.0,0.0
2014-07-02 00:00:00+09:00,1698.3071042351974,1709.044556949013,1683.9905006167762,1700.0966796875,466500,0.0,0.0
2014-07-03 00:00:00+09:00,1712.6237592322955,1716.2029102442752,1680.411400124478,1687.5697021484375,249000,0.0,0.0
2014-07-04 00:00:00+09:00,1698.3067870321154,1700.096362150168,1689.3589114418512,1696.5172119140625,219500,0.0,0.0
2014-07-07 00:00:00+09:00,1696.5173588649482,1696.5173588649482,1685.7799072265625,1685.7799072265625,140500,0.0,0.0
2014-07-08 00:00:00+09:00,1689.3591063161377,1696.5174076140875,1678.621654369213,1691.148681640625,230500,0.0,0.0
2014-07-09 00:00:00+09:00,1676.832101881879,1714.4131842079403,1676.832101881879,1707.2548828125,312000,0.0,0.0
2014-07-10 00:00:00+09:00,1723.3608386848546,1735.8878645112243,1696.5172119140625,1696.5172119140625,287000,0.0,0.0
2014-07-11 00:00:00+09:00,1696.5172851562502,1717.9921875,1685.779833984375,1717.9921875,246000,0.0,0.0
2014-07-14 00:00:00+09:00,1726.9399900822625,1728.7295652015187,1717.9921144859813,1723.36083984375,154000,0.0,0.0
2014-07-15 00:00:00+09:00,1726.940185546875,1744.8359387649775,1719.7818842596341,1726.940185546875,213500,0.0,0.0
2014-07-16 00:00:00+09:00,1726.9400150000804,1748.414916741014,1721.571289564847,1739.467041015625,257000,0.0,0.0
2014-07-17 00:00:00+09:00,1739.4669432085157,1751.9939685196882,1735.8877931196093,1737.6773681640625,180500,0.0,0.0
2014-07-18 00:00:00+09:00,1714.4130613714826,1728.729663136589,1712.6234861508444,1725.1505126953125,211500,0.0,0.0
2014-07-22 00:00:00+09:00,1737.6775392397803,1750.2045657842484,1725.1505126953125,1725.1505126953125,208500,0.0,0.0
2014-07-23 00:00:00+09:00,1726.9400879159507,1728.729663136589,1717.9922118127593,1725.1505126953125,142500,0.0,0.0
2014-07-24 00:00:00+09:00,1725.1504636628856,1732.308764341985,1707.2547119651379,1710.8338623046875,180500,0.0,0.0
2014-07-25 00:00:00+09:00,1723.3609609206114,1759.1524658203125,1716.2026599406713,1759.1524658203125,261500,0.0,0.0
2014-07-28 00:00:00+09:00,1759.1523194351817,1769.8897700115917,1755.573169243045,1760.94189453125,139500,0.0,0.0
2014-07-29 00:00:00+09:00,1769.889795216909,1778.837670824679,1760.941919609139,1777.048095703125,172000,0.0,0.0
2014-07-30 00:00:00+09:00,1777.0481689453127,1778.837744140625,1762.7315673828125,1771.679443359375,149500,0.0,0.0
2014-07-31 00:00:00+09:00,1782.4169191181118,1782.4169191181118,1764.5211669181306,1769.889892578125,157500,0.0,0.0
2014-08-01 00:00:00+09:00,1751.9942126846697,1780.62741738636,1751.9942126846697,1773.4691162109375,229500,0.0,0.0
2014-08-04 00:00:00+09:00,1771.6795414117962,1778.8378425892176,1760.9420896456643,1764.521240234375,177500,0.0,0.0
2014-08-05 00:00:00+09:00,1764.5213680207792,1769.8900942926475,1719.781982421875,1719.781982421875,304000,0.0,0.0
2014-08-06 00:00:00+09:00,1719.7818370202779,1723.3609875655854,1692.9382079304712,1694.727783203125,287000,0.0,0.0
2014-08-07 00:00:00+09:00,1696.5173830189615,1700.096533616048,1673.2529041378998,1692.938232421875,291000,0.0,0.0
2014-08-08 00:00:00+09:00,1676.8322318225482,1682.2009582851606,1641.0407220718002,1644.619873046875,455000,0.0,0.0
2014-08-11 00:00:00+09:00,1675.042479436443,1698.3069583175047,1664.3050276451836,1692.938232421875,228500,0.0,0.0
2014-08-12 00:00:00+09:00,1730.5192383572273,1741.256689681057,1719.7817870333974,1725.1505126953125,269500,0.0,0.0
2014-08-13 00:00:00+09:00,1709.044360198656,1717.9922364300626,1700.0964839672495,1714.4130859375,276500,0.0,0.0
2014-08-14 00:00:00+09:00,1714.4128925861708,1741.2565182529688,1710.8337424972644,1737.6773681640625,204500,0.0,0.0
2014-08-15 00:00:00+09:00,1723.3609616618512,1741.256714119399,1723.3609616618512,1732.308837890625,138000,0.0,0.0
2014-08-18 00:00:00+09:00,1725.1508522269653,1739.4674568097616,1725.1508522269653,1735.8883056640625,122000,0.0,0.0
2014-08-19 00:00:00+09:00,1751.9941162109376,1782.4168945312501,1751.9941162109376,1771.679443359375,282000,0.0,0.0
2014-08-20 00:00:00+09:00,1771.6796382780997,1782.4170906313004,1760.9421859248991,1775.2587890625,245000,0.0,0.0
2014-08-21 00:00:00+09:00,1778.837670824679,1782.416821067787,1769.889795216909,1777.048095703125,230500,0.0,0.0
2014-08-22 00:00:00+09:00,1780.6275152391001,1787.7858168079006,1773.4692136703,1775.2587890625,225500,0.0,0.0
2014-08-25 00:00:00+09:00,1775.2586181149395,1787.785644654057,1775.2586181149395,1778.8377685546875,121500,0.0,0.0
2014-08-26 00:00:00+09:00,1778.8380388885375,1782.4171898722168,1766.3110104456605,1768.1005859375,192000,0.0,0.0
2014-08-27 00:00:00+09:00,1766.3108155287302,1775.258692000507,1753.7837884682428,1764.521240234375,169000,0.0,0.0
2014-08-28 00:00:00+09:00,1760.9419921875,1768.1002929687502,1739.46708984375,1744.8358154296875,247000,0.0,0.0
2014-08-29 00:00:00+09:00,1735.8879883821346,1750.2045903481728,1726.9401121533608,1732.308837890625,271000,0.0,0.0
2014-09-01 00:00:00+09:00,1730.5192623942141,1746.625439603674,1730.5192623942141,1741.2567138671875,133000,0.0,0.0
2014-09-02 00:00:00+09:00,1753.783885333555,1775.2587900519252,1744.8360083675675,1766.3109130859375,251500,0.0,0.0
2014-09-03 00:00:00+09:00,1784.2065908251711,1828.9459737445584,1778.8378648748446,1798.523193359375,627000,0.0,0.0
2014-09-04 00:00:00+09:00,1800.3126954585462,1802.1022707025406,1777.0482172866166,1794.9439697265625,387000,0.0,0.0
2014-09-05 00:00:00+09:00,1794.9438717764622,1805.6813226544868,1777.0481203130878,1784.2064208984375,292500,0.0,0.0
2014-09-08 00:00:00+09:00,1796.7335694821295,1802.102295287355,1777.048241529636,1793.1544189453125,159000,0.0,0.0
2014-09-09 00:00:00+09:00,1807.470752531543,1825.3665025566079,1807.470752531543,1812.8394775390625,265000,0.0,0.0
2014-09-10 00:00:00+09:00,1812.8396485095886,1828.945825051135,1812.8396485095886,1818.2083740234375,524000,0.0,0.0
2014-09-11 00:00:00+09:00,1812.839796508789,1825.3668237304687,1782.417016113281,1789.5753173828125,318500,0.0,0.0
2014-09-12 00:00:00+09:00,1798.5228775190108,1814.629052541569,1787.7854275039717,1812.8394775390625,359500,0.0,0.0
2014-09-16 00:00:00+09:00,1819.9978284333883,1843.2623041164109,1807.4708030656068,1836.10400390625,351000,0.0,0.0
2014-09-17 00:00:00+09:00,1853.9997282525196,1868.3163284706857,1819.997802734375,1819.997802734375,354500,0.0,0.0
2014-09-18 00:00:00+09:00,1834.3147455950193,1843.2626224027997,1825.3668687872387,1839.6834716796875,318500,0.0,0.0
2014-09-19 00:00:00+09:00,1830.7355948719069,1843.2626224027997,1819.9981427025702,1839.6834716796875,329500,0.0,0.0
2014-09-22 00:00:00+09:00,1843.262280604636,1846.8414306640625,1827.156105337217,1846.8414306640625,140000,0.0,0.0
2014-09-24 00:00:00+09:00,1837.8938946733126,1862.9479497126763,1832.525168593449,1857.5792236328125,268500,0.0,0.0
2014-09-25 00:00:00+09:00,1877.2642102778352,1891.580810546875,1866.5267600760556,1891.580810546875,195000,0.0,0.0
2014-09-26 00:00:00+09:00,1869.1584780161618,1885.302841070044,1869.1584780161618,1879.92138671875,203000,5.0,0.0
2014-09-29 00:00:00+09:00,1894.2718191964286,1894.2718191964286,1876.333639090402,1883.5089111328125,161500,0.0,0.0
2014-09-30 00:00:00+09:00,1870.9519993188524,1881.7149063139752,1831.4880070034021,1861.98291015625,279500,0.0,0.0
2014-10-01 00:00:00+09:00,1872.745865698872,1896.0654981261566,1863.7767763037623,1878.1273193359375,185000,0.0,0.0
2014-10-02 00:00:00+09:00,1867.3643445403209,1867.3643445403209,1815.3436279296875,1815.3436279296875,303500,0.0,0.0
2014-10-03 00:00:00+09:00,1808.1682625829646,1829.6940752327619,1808.1682625829646,1824.3126220703125,155000,0.0,0.0
2014-10-06 00:00:00+09:00,1847.6327107353875,1863.77707422725,1835.0759835750498,1854.8079833984375,245500,0.0,0.0
2014-10-07 00:00:00+09:00,1858.395342993829,1872.7458861829705,1842.2509819060447,1844.0447998046875,250500,0.0,0.0
2014-10-08 00:00:00+09:00,1815.3438564637017,1822.5191286236372,1800.9933121438305,1809.96240234375,303500,0.0,0.0
2014-10-09 00:00:00+09:00,1809.9618039526122,1809.9618039526122,1774.0854550140073,1775.8792724609375,281500,0.0,0.0
2014-10-10 00:00:00+09:00,1750.7663304043008,1788.436507595377,1748.972512442821,1783.0550537109375,432500,0.0,0.0
2014-10-14 00:00:00+09:00,1740.0035193149101,1766.910790232151,1732.8282470703125,1732.8282470703125,272000,0.0,0.0
2014-10-15 00:00:00+09:00,1732.8282210303394,1750.7664013722683,1722.065312825182,1723.859130859375,401000,0.0,0.0
2014-10-16 00:00:00+09:00,1695.1577986532184,1709.5083408640392,1675.4258031133395,1682.60107421875,393000,0.0,0.0
2014-10-17 00:00:00+09:00,1686.1887395239548,1720.271277876035,1646.7247477478622,1652.106201171875,444000,0.0,0.0
2014-10-20 00:00:00+09:00,1693.3642784150845,1705.9210050558743,1686.1890060489188,1700.53955078125,298500,0.0,0.0
2014-10-21 00:00:00+09:00,1696.951830949906,1704.1271029623792,1671.83837890625,1671.83837890625,213000,0.0,0.0
2014-10-22 00:00:00+09:00,1693.3640991210937,1727.4466392517088,1673.632102203369,1722.065185546875,338500,0.0,0.0
2014-10-23 00:00:00+09:00,1722.0652015186915,1731.0342911099349,1711.3022940091998,1727.4466552734375,286500,0.0,0.0
2014-10-24 00:00:00+09:00,1745.3848612131164,1775.879766290838,1727.4466817556333,1736.415771484375,242000,0.0,0.0
2014-10-27 00:00:00+09:00,1743.5909585336537,1765.1167728365383,1736.4156870993588,1748.972412109375,147000,0.0,0.0
2014-10-28 00:00:00+09:00,1740.003217763452,1757.9413952661682,1732.8279467623659,1754.353759765625,163000,0.0,0.0
2014-10-29 00:00:00+09:00,1757.9414389341405,1779.4672524721095,1757.9414389341405,1768.704345703125,225000,0.0,0.0
2014-10-30 00:00:00+09:00,1766.9105817802458,1795.6116673726153,1766.9105817802458,1786.642578125,278000,0.0,0.0
2014-10-31 00:00:00+09:00,1804.580636456006,1914.0035179906147,1797.4053655357038,1906.8282470703125,663000,0.0,0.0
2014-11-04 00:00:00+09:00,2016.251440340585,2016.251440340585,1946.2925380511874,1966.0245361328125,568500,0.0,0.0
2014-11-05 00:00:00+09:00,1966.0245413628077,1980.3750854603466,1949.8801792530767,1967.818359375,574000,0.0,0.0
2014-11-06 00:00:00+09:00,1973.199950718082,1974.9937688550983,1919.3854066075887,1930.1483154296875,359000,0.0,0.0
2014-11-07 00:00:00+09:00,1949.8805909782593,1951.6744093692237,1912.2104047680077,1940.9114990234375,341500,0.0,0.0
2014-11-10 00:00:00+09:00,1917.5915337904974,1955.2617135936785,1741.7973613756528,1953.4678955078125,268500,0.0,0.0
2014-11-11 00:00:00+09:00,2000.1070729434218,2035.9834329962187,1953.467804874786,1964.230712890625,508000,0.0,0.0
2014-11-12 00:00:00+09:00,1964.2306865727137,1980.3750483801607,1926.560509022004,1955.2615966796875,616500,0.0,0.0
2014-11-13 00:00:00+09:00,1957.0554495675224,2009.076171875,1944.4987234933037,2009.076171875,335000,0.0,0.0
2014-11-14 00:00:00+09:00,2025.22042166698,2025.22042166698,1989.3440634443584,2012.6636962890625,484500,0.0,0.0
2014-11-17 00:00:00+09:00,1991.1378857285863,1991.1378857285863,1924.7666228709668,1931.94189453125,455500,0.0,0.0
2014-11-18 00:00:00+09:00,1960.6427390358665,1985.7561867453835,1960.6427390358665,1973.199462890625,308000,0.0,0.0
2014-11-19 00:00:00+09:00,1973.199894452336,1985.7566210533962,1951.6740774219468,1953.4678955078125,283000,0.0,0.0
2014-11-20 00:00:00+09:00,1957.0560443327238,1971.4065927787933,1948.0869515539305,1962.4375,170000,0.0,0.0
2014-11-21 00:00:00+09:00,1949.8803103362786,1978.5814004608237,1930.148310875654,1971.4061279296875,411000,0.0,0.0
2014-11-25 00:00:00+09:00,1944.4987716890937,1957.0554980745399,1897.8595022574364,1899.6533203125,1556500,0.0,0.0
2014-11-26 00:00:00+09:00,1905.0345781304864,1937.323299793715,1892.4778530392307,1915.7974853515625,426500,0.0,0.0
2014-11-27 00:00:00+09:00,1914.0036350975827,1924.7665421365568,1901.4469102187795,1905.0345458984375,248000,0.0,0.0
2014-11-28 00:00:00+09:00,1928.354226619033,1939.117133930395,1915.797501422444,1921.178955078125,252000,0.0,0.0
2014-12-01 00:00:00+09:00,1931.941988843108,1976.787438909104,1931.941988843108,1964.230712890625,379000,0.0,0.0
2014-12-02 00:00:00+09:00,1967.8184060619278,1983.9627685546875,1949.880225514417,1983.9627685546875,222000,0.0,0.0
2014-12-03 00:00:00+09:00,2012.6637389640498,2018.0451928115472,1982.1688338282308,1985.7564697265625,290000,0.0,0.0
2014-12-04 00:00:00+09:00,2007.2820438977183,2009.0758616313176,1978.5809601601281,1987.550048828125,265500,0.0,0.0
2014-12-05 00:00:00+09:00,1996.5193774215572,1996.5193774215572,1958.8492004890752,1985.7564697265625,273500,0.0,0.0
2014-12-08 00:00:00+09:00,1994.7256242515396,1994.7256242515396,1966.0245361328125,1966.0245361328125,228500,0.0,0.0
2014-12-09 00:00:00+09:00,1937.3236236149585,1958.8494416551248,1937.3236236149585,1942.705078125,211500,0.0,0.0
2014-12-10 00:00:00+09:00,1924.766520220751,1937.323244956581,1896.0654351102833,1897.8592529296875,272000,0.0,0.0
2014-12-11 00:00:00+09:00,1870.952210918987,1894.271845379147,1861.9831207420025,1892.47802734375,254500,0.0,0.0
2014-12-12 00:00:00+09:00,1870.952210918987,1905.0347535915284,1867.3645748481933,1892.47802734375,490000,0.0,0.0
2014-12-15 00:00:00+09:00,1861.9830533135646,1881.715050988371,1858.3954173726906,1869.1583251953125,240000,0.0,0.0
2014-12-16 00:00:00+09:00,1820.7251245835248,1845.8385745777803,1820.7251245835248,1829.6942138671875,397500,0.0,0.0
2014-12-17 00:00:00+09:00,1811.756035299862,1845.8385745777803,1811.756035299862,1829.6942138671875,534000,0.0,0.0
2014-12-18 00:00:00+09:00,1890.6839816520705,1903.2407063879002,1874.5396212774324,1897.8592529296875,367500,0.0,0.0
2014-12-19 00:00:00+09:00,1928.3539927572374,1960.642710775498,1914.003451415788,1924.766357421875,317500,0.0,0.0
2014-12-22 00:00:00+09:00,1919.3852748195998,1926.560546875,1912.2100027641993,1926.560546875,152000,0.0,0.0
2014-12-24 00:00:00+09:00,1953.467757588592,1962.4368473846828,1942.7048498332829,1948.0863037109375,172000,0.0,0.0
2014-12-25 00:00:00+09:00,1935.5295727426555,1955.2615702404955,1933.7357547883066,1946.29248046875,79500,0.0,0.0
2014-12-26 00:00:00+09:00,1946.2924857517194,1964.230665343901,1946.2924857517194,1948.0863037109375,100500,0.0,0.0
2014-12-29 00:00:00+09:00,1955.2620461511524,1955.2620461511524,1914.004223158972,1940.9114990234375,186500,0.0,0.0
2014-12-30 00:00:00+09:00,1958.8494056219504,1958.8494056219504,1930.1483154296875,1930.1483154296875,181500,0.0,0.0
2015-01-05 00:00:00+09:00,1915.797596886726,1931.9419586582435,1894.2717811913697,1912.2099609375,144500,0.0,0.0
2015-01-06 00:00:00+09:00,1867.3644966712363,1879.9212223933293,1865.5706787109375,1865.5706787109375,264000,0.0,0.0
2015-01-07 00:00:00+09:00,1838.6633514315324,1870.952073700574,1838.6633514315324,1845.838623046875,250000,0.0,0.0
2015-01-08 00:00:00+09:00,1899.6530707490917,1917.5912489431341,1867.3643499998154,1897.8592529296875,767000,0.0,0.0
2015-01-09 00:00:00+09:00,1910.4158825304637,1933.7355130214457,1901.4467938800858,1906.8282470703125,512000,0.0,0.0
2015-01-13 00:00:00+09:00,1897.8592745391213,1906.8283637382665,1872.7458247815148,1905.0345458984375,575000,0.0,0.0
2015-01-14 00:00:00+09:00,1894.2718505859375,1921.1791211908514,1883.508942343972,1894.2718505859375,585000,0.0,0.0
2015-01-15 00:00:00+09:00,1883.5090587711422,1939.1174214586713,1878.1276043175105,1935.52978515625,681000,0.0,0.0
2015-01-16 00:00:00+09:00,1887.0966801412928,1930.1483154296875,1887.0966801412928,1930.1483154296875,372500,0.0,0.0
2015-01-19 00:00:00+09:00,1939.1169599131904,1958.8489548799296,1926.5602358434473,1944.4984130859375,248500,0.0,0.0
2015-01-20 00:00:00+09:00,1957.0553410439993,2014.4575142001936,1955.2615231328682,2012.6636962890625,381000,0.0,0.0
2015-01-21 00:00:00+09:00,2018.0452619280136,2027.014351981027,1978.5812656947546,2009.076171875,570500,0.0,0.0
2015-01-22 00:00:00+09:00,1996.519287109375,2005.488376449489,1974.9934726931015,1996.519287109375,243000,0.0,0.0
2015-01-23 00:00:00+09:00,2010.8696565509476,2019.8387451171875,1991.1376617052204,2019.8387451171875,275000,0.0,0.0
2015-01-26 00:00:00+09:00,2028.8082788920424,2068.272277243612,2021.6330064644844,2046.7464599609375,318000,0.0,0.0
2015-01-27 00:00:00+09:00,2082.6228130206096,2093.3857216150313,2068.272268228047,2086.21044921875,266000,0.0,0.0
2015-01-28 00:00:00+09:00,2071.8595998006945,2111.3235921778505,2057.509057118092,2105.942138671875,285000,0.0,0.0
2015-01-29 00:00:00+09:00,2095.1787342683447,2116.7045431820607,2088.0034646304393,2102.35400390625,202500,0.0,0.0
2015-01-30 00:00:00+09:00,2132.8493324208844,2140.024603513974,2120.292608007978,2122.08642578125,325500,0.0,0.0
2015-02-02 00:00:00+09:00,2088.0041075262407,2125.674284723879,2084.416471602656,2114.911376953125,263000,0.0,0.0
2015-02-03 00:00:00+09:00,2120.292615355395,2138.2307931502796,2068.271899750229,2084.416259765625,417000,0.0,0.0
2015-02-04 00:00:00+09:00,2122.0868138660585,2183.076629311068,2113.1177233594394,2172.313720703125,629000,0.0,0.0
2015-02-05 00:00:00+09:00,2172.3131698323427,2190.2513462966895,2105.9419169142616,2113.1171875,501000,0.0,0.0
2015-02-06 00:00:00+09:00,2134.6432020399307,2145.4061089409724,2091.591574435764,2098.766845703125,654000,0.0,0.0
2015-02-09 00:00:00+09:00,2140.0245884185424,2147.1998594610186,2070.065695754399,2077.240966796875,325000,0.0,0.0
2015-02-10 00:00:00+09:00,2055.7152822826665,2066.4781895197484,1967.8182065131634,1998.3131103515625,712500,0.0,0.0
2015-02-12 00:00:00+09:00,2105.9425046705164,2123.8806861413045,2052.127960258152,2062.890869140625,598500,0.0,0.0
2015-02-13 00:00:00+09:00,2070.0661212062337,2073.6537574648232,2043.1588492668113,2055.715576171875,365000,0.0,0.0
2015-02-16 00:00:00+09:00,2070.0661212062337,2079.035211852708,2052.1279399132854,2055.715576171875,217500,0.0,0.0
2015-02-17 00:00:00+09:00,2043.1583529385655,2068.2718006480823,2039.5707175514915,2052.12744140625,260500,0.0,0.0
2015-02-18 00:00:00+09:00,2075.4470714222302,2077.240889115767,2041.3645352450285,2052.12744140625,446000,0.0,0.0
2015-02-19 00:00:00+09:00,2044.9523619814174,2086.210172793323,2044.9523619814174,2075.447265625,271500,0.0,0.0
2015-02-20 00:00:00+09:00,2093.3855298913045,2114.9113451086955,2066.478260869565,2104.1484375,294500,0.0,0.0
2015-02-23 00:00:00+09:00,2116.70556640625,2122.0870212360965,2102.3550201933263,2116.70556640625,160000,0.0,0.0
2015-02-24 00:00:00+09:00,2109.529708678464,2114.911162016929,2082.6224419861364,2084.416259765625,265000,0.0,0.0
2015-02-25 00:00:00+09:00,2088.003938802083,2114.9112060546877,2084.416303168403,2098.766845703125,219500,0.0,0.0
2015-02-26 00:00:00+09:00,2105.9416966575454,2122.0860537869476,2086.2097046104986,2120.292236328125,306500,0.0,0.0
2015-02-27 00:00:00+09:00,2109.5297307166597,2131.055544295401,2062.89046796272,2091.591552734375,629000,0.0,0.0
2015-03-02 00:00:00+09:00,2093.385193389219,2125.6739110250423,2093.385193389219,2113.1171875,234000,0.0,0.0
2015-03-03 00:00:00+09:00,2104.148469182371,2116.7051949149172,2091.591743449825,2114.911376953125,254000,0.0,0.0
2015-03-04 00:00:00+09:00,2111.324031239932,2111.324031239932,2070.066212447648,2088.00439453125,370000,0.0,0.0
2015-03-05 00:00:00+09:00,2089.7981161700036,2100.5610249228107,2088.004298044536,2096.973388671875,213500,0.0,0.0
2015-03-06 00:00:00+09:00,2111.3241115764035,2120.293202959481,2098.7673836400954,2116.70556640625,196500,0.0,0.0
2015-03-09 00:00:00+09:00,2116.7047662604346,2118.4985838589605,2089.7975022825476,2095.178955078125,277000,0.0,0.0
2015-03-10 00:00:00+09:00,2123.8808395127116,2123.8808395127116,2102.3550201933263,2116.70556640625,290000,0.0,0.0
2015-03-11 00:00:00+09:00,2109.529933583827,2123.8804773497036,2105.942297642358,2118.4990234375,197000,0.0,0.0
2015-03-12 00:00:00+09:00,2123.8804242567003,2150.7876931450874,2109.5298808495604,2141.818603515625,330000,0.0,0.0
2015-03-13 00:00:00+09:00,2152.581342482409,2174.107155907233,2141.818435769997,2166.931884765625,452500,0.0,0.0
2015-03-16 00:00:00+09:00,2163.34408160017,2166.931716893039,2111.3233698535655,2113.1171875,410000,0.0,0.0
2015-03-17 00:00:00+09:00,2148.9937690091115,2156.169040358057,2116.7050479388577,2147.199951171875,229500,0.0,0.0
2015-03-18 00:00:00+09:00,2154.375224729444,2193.839217189101,2152.5814068903687,2188.457763671875,334500,0.0,0.0
2015-03-19 00:00:00+09:00,2209.9836849065323,2220.7465924628955,2157.962965050778,2183.076416015625,373500,0.0,0.0
2015-03-20 00:00:00+09:00,2197.42736317753,2199.221181433185,2174.1077258540136,2195.633544921875,292000,0.0,0.0
2015-03-23 00:00:00+09:00,2226.128276440759,2267.3860930065425,2206.396277213645,2262.004638671875,298500,0.0,0.0
2015-03-24 00:00:00+09:00,2249.4479263797884,2283.530470718876,2209.983927671371,2224.33447265625,327000,0.0,0.0
2015-03-25 00:00:00+09:00,2242.272021602794,2256.622562541052,2197.4265811707382,2218.952392578125,276500,0.0,0.0
2015-03-26 00:00:00+09:00,2217.15910964215,2238.684926240617,2134.6434793480244,2150.787841796875,433500,0.0,0.0
2015-03-27 00:00:00+09:00,2164.280691608698,2182.271387299543,2095.9160479834854,2117.5048828125,505500,7.0,0.0
2015-03-30 00:00:00+09:00,2117.5048908815547,2133.696517065016,2097.7151255462127,2122.902099609375,316500,0.0,0.0
2015-03-31 00:00:00+09:00,2158.8838794052863,2178.673648299835,2041.9443359375,2041.9443359375,541000,0.0,0.0
2015-04-01 00:00:00+09:00,2038.3462055531168,2065.332254170325,2020.355506474978,2049.140625,440000,0.0,0.0
2015-04-02 00:00:00+09:00,2074.3267195249173,2128.2987937536664,2070.7285812430005,2108.509033203125,274000,0.0,0.0
2015-04-03 00:00:00+09:00,2131.897213910077,2135.4953526677314,2108.5093119853254,2130.09814453125,226500,0.0,0.0
2015-04-06 00:00:00+09:00,2130.098156039562,2142.6916417593907,2117.5046703197336,2137.29443359375,180000,0.0,0.0
2015-04-07 00:00:00+09:00,2158.8832950751253,2193.0656139138146,2140.892600949499,2155.28515625,328500,0.0,0.0
2015-04-08 00:00:00+09:00,2173.2761256720432,2198.4631006384407,2162.4817078293013,2175.0751953125,247000,0.0,0.0
2015-04-09 00:00:00+09:00,2202.061305016714,2238.042698889536,2193.0659565485084,2220.052001953125,448000,0.0,0.0
2015-04-10 00:00:00+09:00,2245.2388976848006,2245.2388976848006,2162.481694725265,2166.079833984375,372000,0.0,0.0
2015-04-13 00:00:00+09:00,2166.080048631502,2191.2670259411702,2130.0986524748323,2144.4912109375,265000,0.0,0.0
2015-04-14 00:00:00+09:00,2142.691635980976,2158.883260434233,2121.1028033766333,2133.6962890625,332500,0.0,0.0
2015-04-15 00:00:00+09:00,2126.5002143266975,2146.2899794346445,2092.3178927766066,2106.71044921875,488500,0.0,0.0
2015-04-16 00:00:00+09:00,2108.5095403281384,2121.10302734375,2090.51884459155,2121.10302734375,437000,0.0,0.0
2015-04-17 00:00:00+09:00,2126.5002306579227,2142.6918567796833,2115.7058132434154,2117.5048828125,415500,0.0,0.0
2015-04-20 00:00:00+09:00,2117.505121966423,2146.2902383228056,2106.7107033327793,2113.906982421875,297500,0.0,0.0
2015-04-21 00:00:00+09:00,2128.299582666999,2148.089350553167,2108.5098147808308,2144.4912109375,258000,0.0,0.0
2015-04-22 00:00:00+09:00,2153.486046456002,2176.873948380754,2126.500005773596,2130.09814453125,395000,0.0,0.0
2015-04-23 00:00:00+09:00,2148.0891636152437,2191.2668352457013,2148.0891636152437,2184.070556640625,340000,0.0,0.0
2015-04-24 00:00:00+09:00,2171.4770428730403,2191.266808798147,2162.481694725265,2166.079833984375,207500,0.0,0.0
2015-04-27 00:00:00+09:00,2176.874031890844,2184.0703096822185,2148.088920725345,2182.271240234375,189000,0.0,0.0
2015-04-28 00:00:00+09:00,2184.071029347038,2193.0663795502796,2166.080328940555,2171.4775390625,261500,0.0,0.0
2015-04-30 00:00:00+09:00,2162.481681511937,2176.8742384604357,2133.6965676149393,2157.08447265625,361000,0.0,0.0
2015-05-01 00:00:00+09:00,2133.696300551471,2153.4860638786763,2112.1074678308823,2140.892578125,308500,0.0,0.0
2015-05-07 00:00:00+09:00,2140.8927953687767,2187.66860434322,2103.1123342740334,2122.902099609375,473500,0.0,0.0
2015-05-08 00:00:00+09:00,2122.901826255342,2133.696242321047,2095.915786091079,2104.9111328125,275500,0.0,0.0
2015-05-11 00:00:00+09:00,2146.2897805364846,2157.084196867766,2121.1028090968275,2137.29443359375,293000,0.0,0.0
2015-05-12 00:00:00+09:00,2155.2853327472294,2157.0844023071186,2070.729063432438,2110.30859375,376500,0.0,0.0
2015-05-13 00:00:00+09:00,2108.5095078861395,2112.1076469780955,2077.925325604515,2099.51416015625,335500,0.0,0.0
2015-05-14 00:00:00+09:00,2092.3180872599282,2101.3134358723955,2070.7292505900064,2072.5283203125,218500,0.0,0.0
2015-05-15 00:00:00+09:00,2101.3130316198226,2140.892557900333,2092.3176847378886,2128.299072265625,266500,0.0,0.0
2015-05-18 00:00:00+09:00,2140.8925981131215,2153.486083984375,2128.2991122418675,2153.486083984375,261500,0.0,0.0
2015-05-19 00:00:00+09:00,2158.883491128178,2175.075117311639,2122.902099609375,2122.902099609375,598500,0.0,0.0
2015-05-20 00:00:00+09:00,2158.883488390585,2187.6686015691266,2108.5095403281384,2121.10302734375,697000,0.0,0.0
2015-05-21 00:00:00+09:00,2121.1030056608934,2122.9020752161614,2099.5141709976783,2106.71044921875,644500,0.0,0.0
2015-05-22 00:00:00+09:00,2126.500427562338,2126.500427562338,2074.327405227898,2083.32275390625,534000,0.0,0.0
2015-05-25 00:00:00+09:00,2090.519237682132,2090.519237682132,2038.346210235676,2052.73876953125,619000,0.0,0.0
2015-05-26 00:00:00+09:00,2052.738333235116,2103.1122800629714,2050.9392637055494,2086.920654296875,349000,0.0,0.0
2015-05-27 00:00:00+09:00,2086.9206570305773,2121.1029781371126,2083.322517966731,2088.7197265625,482000,0.0,0.0
2015-05-28 00:00:00+09:00,2083.322738647461,2099.5143661499023,2070.7292505900064,2072.5283203125,356500,0.0,0.0
2015-05-29 00:00:00+09:00,2068.929705240322,2122.9017845074613,2067.1306359314176,2079.72412109375,1280000,0.0,0.0
2015-06-01 00:00:00+09:00,2061.7334570647513,2110.308329089837,2061.7334570647513,2097.71484375,305500,0.0,0.0
2015-06-02 00:00:00+09:00,2113.906735577819,2133.6965007619515,2106.7104573290435,2112.107666015625,338500,0.0,0.0
2015-06-03 00:00:00+09:00,2083.3225342424485,2099.51416015625,2083.3225342424485,2099.51416015625,235000,0.0,0.0
2015-06-04 00:00:00+09:00,2088.719978253866,2099.514396746134,2070.7292807667527,2094.1171875,353000,0.0,0.0
2015-06-05 00:00:00+09:00,2094.1174339458153,2101.3137137875538,2081.5239442227735,2095.91650390625,239000,0.0,0.0
2015-06-08 00:00:00+09:00,2095.9162547274695,2108.5097429533,2081.523696755092,2092.318115234375,259500,0.0,0.0
2015-06-09 00:00:00+09:00,2083.3222597115596,2106.7101607273194,2074.3269131670363,2079.72412109375,261500,0.0,0.0
2015-06-10 00:00:00+09:00,2079.724067030975,2086.9203440795254,2045.5417510503623,2047.3408203125,262000,0.0,0.0
2015-06-11 00:00:00+09:00,2050.9394986641837,2083.32275390625,2047.3413591928431,2083.32275390625,220500,0.0,0.0
2015-06-12 00:00:00+09:00,2101.3129468154248,2101.3129468154248,2063.5324914360376,2076.1259765625,411000,0.0,0.0
2015-06-15 00:00:00+09:00,2059.934584111753,2076.126209663723,2047.3410975713316,2068.929931640625,280000,0.0,0.0
2015-06-16 00:00:00+09:00,2052.7382895729756,2076.1261929598722,2052.7382895729756,2058.135498046875,156500,0.0,0.0
2015-06-17 00:00:00+09:00,2047.340786951669,2049.1398561844912,2020.3547484593362,2027.551025390625,332000,0.0,0.0
2015-06-18 00:00:00+09:00,2013.1590725911458,2032.9488400607638,2013.1590725911458,2023.9534912109375,168500,0.0,0.0
2015-06-19 00:00:00+09:00,2038.3462055531168,2050.939694907814,2023.9536462906058,2049.140625,333000,0.0,0.0
2015-06-22 00:00:00+09:00,2032.948525168679,2061.7336370294743,2032.948525168679,2058.135498046875,238500,0.0,0.0
2015-06-23 00:00:00+09:00,2063.5329564279286,2070.729235264643,2049.1403987544995,2061.73388671875,272500,0.0,0.0
2015-06-24 00:00:00+09:00,2077.9255294799805,2081.5236689249673,2056.3366928100586,2072.5283203125,276500,0.0,0.0
2015-06-25 00:00:00+09:00,2076.1259496963703,2076.1259496963703,2056.336187610876,2059.934326171875,176000,0.0,0.0
2015-06-26 00:00:00+09:00,2063.5327798923195,2119.303936105626,2047.3411538949083,2106.71044921875,385000,0.0,0.0
2015-06-29 00:00:00+09:00,2076.1259406468916,2099.5138411914404,2054.537109375,2054.537109375,320000,0.0,0.0
2015-06-30 00:00:00+09:00,2072.528070652174,2094.1169047214676,2050.9392365828803,2068.929931640625,477000,0.0,0.0
2015-07-01 00:00:00+09:00,2068.9301212875057,2074.32733029956,2025.7524491910708,2031.149658203125,331500,0.0,0.0
2015-07-02 00:00:00+09:00,2047.3410700212446,2059.934556392201,2036.5466531318532,2050.939208984375,207000,0.0,0.0
2015-07-03 00:00:00+09:00,2050.939208984375,2058.135486910636,2038.3457226134183,2050.939208984375,129000,0.0,0.0
2015-07-06 00:00:00+09:00,2034.7476340932521,2034.7476340932521,1996.9671740437752,2004.1634521484375,236000,0.0,0.0
2015-07-07 00:00:00+09:00,2022.1539247890207,2036.5464794138536,2016.7567168047085,2018.5557861328125,296000,0.0,0.0
2015-07-08 00:00:00+09:00,1995.1681370060276,2005.9625543387924,1944.794189453125,1944.794189453125,352000,0.0,0.0
2015-07-09 00:00:00+09:00,1898.0184771409674,1930.4017307793915,1883.6259199683345,1928.6026611328125,344000,0.0,0.0
2015-07-10 00:00:00+09:00,1932.2004687319823,1978.9762715132035,1932.2004687319823,1950.191162109375,340000,0.0,0.0
2015-07-13 00:00:00+09:00,1971.7805249090081,2005.9628515269565,1955.5888965110328,1977.177734375,405000,0.0,0.0
2015-07-14 00:00:00+09:00,2036.5464255253821,2059.934326171875,2014.9575941593887,2059.934326171875,446000,0.0,0.0
2015-07-15 00:00:00+09:00,2070.7288037360636,2101.312982418525,2065.331595733276,2097.71484375,387500,0.0,0.0
2015-07-16 00:00:00+09:00,2097.7151014424103,2121.1030056608934,2070.7290581133916,2106.71044921875,397000,0.0,0.0
2015-07-17 00:00:00+09:00,2104.9116185876014,2119.304176663414,2092.3181302712655,2103.112548828125,261500,0.0,0.0
2015-07-21 00:00:00+09:00,2112.107202520225,2130.0978941941626,2112.107202520225,2126.499755859375,231000,0.0,0.0
2015-07-22 00:00:00+09:00,2101.3132132859605,2121.1029781371126,2086.9206570305773,2088.7197265625,420000,0.0,0.0
2015-07-23 00:00:00+09:00,2086.9211541040772,2099.514643827119,2085.1220841436425,2095.91650390625,193000,0.0,0.0
2015-07-24 00:00:00+09:00,2092.3181025846015,2110.308799941305,2076.1264749635684,2083.32275390625,218500,0.0,0.0
2015-07-27 00:00:00+09:00,2063.532464732874,2086.920365379367,2050.9389797693775,2059.934326171875,231000,0.0,0.0
2015-07-28 00:00:00+09:00,2041.9438835968124,2077.9252736161393,2040.144814095846,2065.331787109375,266000,0.0,0.0
2015-07-29 00:00:00+09:00,2068.929931640625,2088.719696204144,2049.140167077106,2068.929931640625,279500,0.0,0.0
2015-07-30 00:00:00+09:00,2079.724343117106,2090.518760122904,2059.934578606476,2065.331787109375,391500,0.0,0.0
2015-07-31 00:00:00+09:00,2092.3178819723385,2113.9067165240735,2083.3225342424485,2099.51416015625,387500,0.0,0.0
2015-08-03 00:00:00+09:00,2108.5095268912373,2121.103013826594,2092.3179008314924,2112.107666015625,248500,0.0,0.0
2015-08-04 00:00:00+09:00,2124.7007234659627,2155.284899841002,2103.111893083582,2148.088623046875,378000,0.0,0.0
2015-08-05 00:00:00+09:00,2148.0888729031667,2164.280497573291,2133.696317640834,2151.68701171875,328000,0.0,0.0
2015-08-06 00:00:00+09:00,2167.878642137938,2191.266544501252,2149.8879480123123,2155.28515625,370000,0.0,0.0
2015-08-07 00:00:00+09:00,2126.500455701321,2126.500455701321,2061.7339443601636,2103.112548828125,438500,0.0,0.0
2015-08-10 00:00:00+09:00,2103.112368536515,2149.8881782729986,2095.9160901155174,2146.2900390625,306000,0.0,0.0
2015-08-11 00:00:00+09:00,1984.3738600407155,2067.131065445859,1937.5980482899824,1955.5887451171875,1247500,0.0,0.0
2015-08-12 00:00:00+09:00,1978.9761962890625,1993.368750443892,1966.3827114035867,1978.9761962890625,788500,0.0,0.0
2015-08-13 00:00:00+09:00,1980.775658519848,2005.9626332875846,1953.7896141258445,1996.96728515625,520500,0.0,0.0
2015-08-14 00:00:00+09:00,1982.574349768453,1995.1678347488335,1969.9808647880725,1987.9715576171875,439500,0.0,0.0
2015-08-17 00:00:00+09:00,1984.3738988194407,2004.1636657160986,1968.1822713585386,1982.5748291015625,438500,0.0,0.0
2015-08-18 00:00:00+09:00,1989.7710977078352,1991.5701674164318,1964.584121787483,1975.3785400390625,271500,0.0,0.0
2015-08-19 00:00:00+09:00,1960.985964487497,1982.5748007937816,1957.3878251031165,1962.7850341796875,401000,0.0,0.0
2015-08-20 00:00:00+09:00,1939.3968277690567,1946.5931054231162,1910.6117171528183,1925.0042724609375,423000,0.0,0.0
2015-08-21 00:00:00+09:00,1860.2379604524708,1894.4202827431834,1845.8454036984865,1890.8221435546875,527500,0.0,0.0
2015-08-24 00:00:00+09:00,1811.662749734014,1867.4338969452895,1800.8683341447347,1829.6534423828125,772000,0.0,0.0
2015-08-25 00:00:00+09:00,1745.0973044370992,1881.826577774439,1723.5084718048877,1754.0926513671875,940000,0.0,0.0
2015-08-26 00:00:00+09:00,1727.1067734611502,1793.672347021632,1719.9104952383955,1782.8779296875,703000,0.0,0.0
2015-08-27 00:00:00+09:00,1802.6677352874938,1822.457500844542,1788.2751785187313,1809.864013671875,512500,0.0,0.0
2015-08-28 00:00:00+09:00,1863.8359204338592,1878.2284758040048,1813.4619766383496,1853.04150390625,1083000,0.0,0.0
2015-08-31 00:00:00+09:00,1835.0508922667016,1835.0508922667016,1804.4667107289233,1827.8546142578125,369500,0.0,0.0
2015-09-01 00:00:00+09:00,1822.4574062520094,1826.0555452574426,1748.695556640625,1748.695556640625,311000,0.0,0.0
2015-09-02 00:00:00+09:00,1714.513360934091,1781.0789373816895,1701.919873498059,1752.2938232421875,422000,0.0,0.0
2015-09-03 00:00:00+09:00,1750.49462890625,1784.6769495118192,1745.0974203895812,1750.49462890625,233000,0.0,0.0
2015-09-04 00:00:00+09:00,1763.0881924808775,1764.8872620650416,1701.919826619296,1719.9105224609375,435000,0.0,0.0
2015-09-07 00:00:00+09:00,1721.709623856978,1763.0882250573025,1714.5133453873564,1741.4993896484375,387000,0.0,0.0
2015-09-08 00:00:00+09:00,1741.499499042705,1755.8920568860333,1723.508801738545,1732.504150390625,354000,0.0,0.0
2015-09-09 00:00:00+09:00,1784.6769808369777,1851.2425537109375,1784.6769808369777,1851.2425537109375,574500,0.0,0.0
2015-09-10 00:00:00+09:00,1795.4712489639612,1836.8498448819685,1784.6768326375245,1831.45263671875,406000,0.0,0.0
2015-09-11 00:00:00+09:00,1793.6720570852153,1838.6487887072117,1793.6720570852153,1829.6534423828125,463500,0.0,0.0
2015-09-14 00:00:00+09:00,1835.0508727119984,1869.233192889967,1809.8638999492846,1815.2611083984375,251000,0.0,0.0
2015-09-15 00:00:00+09:00,1844.0461049437995,1844.0461049437995,1811.6628562716155,1820.658203125,228000,0.0,0.0
2015-09-16 00:00:00+09:00,1838.6491460621298,1838.6491460621298,1808.0649626149125,1822.45751953125,219500,0.0,0.0
2015-09-17 00:00:00+09:00,1849.443359375,1867.4340535323443,1826.0554569704523,1849.443359375,284000,0.0,0.0
2015-09-18 00:00:00+09:00,1844.0463223300137,1854.8407398265797,1799.069582760989,1800.86865234375,425500,0.0,0.0
2015-09-24 00:00:00+09:00,1786.4760441362494,1813.4620870990325,1766.686279296875,1766.686279296875,396000,0.0,0.0
2015-09-25 00:00:00+09:00,1763.0881538120568,1786.476057893237,1730.7049020073455,1775.681640625,357000,0.0,0.0
2015-09-28 00:00:00+09:00,1795.592506393463,1837.224187489279,1784.7320678467283,1813.6932373046875,415000,12.0,0.0
2015-09-29 00:00:00+09:00,1790.1622181467994,1793.7823641895636,1721.3794433342835,1761.2010498046875,730500,0.0,0.0
2015-09-30 00:00:00+09:00,1764.8211526089028,1786.54202833332,1761.2010066548332,1766.6312255859375,581000,0.0,0.0
2015-10-01 00:00:00+09:00,1782.9218184545075,1828.1736412579212,1764.8210893331418,1820.933349609375,526500,0.0,0.0
2015-10-02 00:00:00+09:00,1797.402429829977,1808.2628674724544,1768.4412627833713,1786.5419921875,333000,0.0,0.0
2015-10-05 00:00:00+09:00,1788.3521451254176,1788.3521451254176,1739.4801735481035,1761.2010498046875,404000,0.0,0.0
2015-10-06 00:00:00+09:00,1788.3521078530844,1822.7434945425669,1779.3017429347994,1811.883056640625,378000,0.0,0.0
2015-10-07 00:00:00+09:00,1811.8830786896522,1813.6931516953362,1775.6816185759728,1793.7823486328125,364500,0.0,0.0
2015-10-08 00:00:00+09:00,1806.4530211156728,1810.073167450574,1770.2515577666613,1773.8717041015625,411500,0.0,0.0
2015-10-09 00:00:00+09:00,1788.3522140289733,1815.5033103958099,1781.1119216644834,1813.6932373046875,380000,0.0,0.0
2015-10-13 00:00:00+09:00,1782.9218463066743,1793.7822839491514,1761.2009710217199,1786.5419921875,548500,0.0,0.0
2015-10-14 00:00:00+09:00,1766.6312330338676,1793.7823278038552,1739.4801382638798,1750.340576171875,455500,0.0,0.0
2015-10-15 00:00:00+09:00,1737.6701838795732,1793.7824502340177,1737.6701838795732,1781.1119384765625,347500,0.0,0.0
2015-10-16 00:00:00+09:00,1806.4528307035969,1835.4139983301075,1793.7823198669987,1797.4024658203125,310500,0.0,0.0
2015-10-19 00:00:00+09:00,1793.782090340891,1820.9331815165858,1782.9216538706132,1795.5921630859375,293000,0.0,0.0
2015-10-20 00:00:00+09:00,1810.0728902730857,1828.1736191758164,1795.592307150901,1808.2628173828125,286000,0.0,0.0
2015-10-21 00:00:00+09:00,1810.0730888508956,1857.134989161019,1802.832796495492,1844.4644775390625,285000,0.0,0.0
2015-10-22 00:00:00+09:00,1824.5536795581793,1869.8055069281738,1824.5536795581793,1858.945068359375,243500,0.0,0.0
2015-10-23 00:00:00+09:00,1904.196481670099,1927.7274267857943,1882.4756092556113,1895.1461181640625,270000,0.0,0.0
2015-10-26 00:00:00+09:00,1904.19677734375,1915.0572152373456,1891.5262664678885,1904.19677734375,266000,0.0,0.0
2015-10-27 00:00:00+09:00,1882.4757937167553,1907.8168140167886,1869.8052835667386,1871.6153564453125,211500,0.0,0.0
2015-10-28 00:00:00+09:00,1873.4256531177732,1873.4256531177732,1848.0846297905764,1858.945068359375,289500,0.0,0.0
2015-10-29 00:00:00+09:00,1864.3751077439226,1869.8053265043418,1849.8945243828048,1866.1851806640625,302000,0.0,0.0
2015-10-30 00:00:00+09:00,1858.9446779911193,1900.5763504290899,1858.9446779911193,1893.3360595703125,296500,0.0,0.0
2015-11-02 00:00:00+09:00,1858.9448305740807,1871.615340616942,1826.3635190352945,1842.6541748046875,316500,0.0,0.0
2015-11-04 00:00:00+09:00,1869.805471452046,1880.6659098147877,1840.8443024847345,1848.0845947265625,288000,0.0,0.0
2015-11-05 00:00:00+09:00,1864.3753283351343,1902.3868641555596,1864.3753283351343,1884.2861328125,269500,0.0,0.0
2015-11-06 00:00:00+09:00,1886.0960262316837,1895.1463910408568,1877.0456614225104,1891.5262451171875,221500,0.0,0.0
2015-11-09 00:00:00+09:00,1900.576904296875,1920.4877099609375,1887.9063916015625,1900.576904296875,302000,0.0,0.0
2015-11-10 00:00:00+09:00,1918.6771098720253,1940.3979828139727,1911.436818891376,1920.4871826171875,444000,0.0,0.0
2015-11-11 00:00:00+09:00,1911.4369120413924,1925.9174947083727,1893.336183707667,1924.107421875,408500,0.0,0.0
2015-11-12 00:00:00+09:00,1882.4759793394549,1915.0572943664838,1855.3248834835974,1909.6270751953125,632500,0.0,0.0
2015-11-13 00:00:00+09:00,1895.1461322850068,1902.3864231437842,1871.61518699398,1893.3360595703125,363000,0.0,0.0
2015-11-16 00:00:00+09:00,1844.4644405624242,1877.0457555085711,1844.4644405624242,1864.375244140625,269000,0.0,0.0
2015-11-17 00:00:00+09:00,1878.8558285611348,1891.5263399290807,1864.375244140625,1864.375244140625,256500,0.0,0.0
2015-11-18 00:00:00+09:00,1869.8055069281738,1884.286091686572,1855.3249221697754,1858.945068359375,209500,0.0,0.0
2015-11-19 00:00:00+09:00,1882.4760709850993,1927.7278996145487,1880.6659978399214,1913.247314453125,412000,0.0,0.0
2015-11-20 00:00:00+09:00,1913.2474317523386,1913.2474317523386,1878.8560398854563,1898.766845703125,313000,0.0,0.0
2015-11-24 00:00:00+09:00,1898.7662635664772,1902.3864089688918,1884.2856819568185,1895.1461181640625,189500,0.0,0.0
2015-11-25 00:00:00+09:00,1884.2859029916617,1891.5261946458083,1871.6153925969052,1882.475830078125,308000,0.0,0.0
2015-11-26 00:00:00+09:00,1882.4758803080144,1909.6269747355338,1878.8557343843452,1891.5262451171875,162500,0.0,0.0
2015-11-27 00:00:00+09:00,1889.7162145339057,1924.1076015800209,1886.0960685290515,1916.8673095703125,465500,0.0,0.0
2015-11-30 00:00:00+09:00,1906.0067449191747,1976.5995873235886,1893.3362347440236,1963.9290771484375,1111000,0.0,0.0
2015-12-01 00:00:00+09:00,1980.2198274131133,1985.650046318268,1929.5377842983353,1936.778076171875,400500,0.0,0.0
2015-12-02 00:00:00+09:00,1936.777837323648,1936.777837323648,1918.6771098720253,1920.4871826171875,287500,0.0,0.0
2015-12-03 00:00:00+09:00,1924.1074647147702,1933.157829083137,1906.0067359780367,1918.67724609375,282500,0.0,0.0
2015-12-04 00:00:00+09:00,1896.956615532119,1896.956615532119,1858.9450802972196,1887.90625,303000,0.0,0.0
2015-12-07 00:00:00+09:00,1900.5767243184446,1927.7278203801366,1900.5767243184446,1907.8170166015625,284000,0.0,0.0
2015-12-08 00:00:00+09:00,1915.056917877343,1920.487135980965,1882.4756092556113,1895.1461181640625,288000,0.0,0.0
2015-12-09 00:00:00+09:00,1893.336463286911,1900.576755689538,1869.805512978374,1873.4256591796875,277500,0.0,0.0
2015-12-10 00:00:00+09:00,1855.3248435258865,1869.8054276704788,1848.0845514535904,1853.5147705078125,337000,0.0,0.0
2015-12-11 00:00:00+09:00,1829.9837434801752,1882.4758587728807,1829.9837434801752,1878.855712890625,623000,0.0,0.0
2015-12-14 00:00:00+09:00,1824.5536854619563,1878.8558784816576,1824.5536854619563,1873.4256591796875,344000,0.0,0.0
2015-12-15 00:00:00+09:00,1882.4757777965374,1889.7160692496009,1842.6541748046875,1842.6541748046875,204000,0.0,0.0
2015-12-16 00:00:00+09:00,1860.7551330802064,1878.8558639467453,1857.1349869068986,1875.2357177734375,231500,0.0,0.0
2015-12-17 00:00:00+09:00,1877.0457763671875,1889.716287875934,1871.6155571491531,1877.0457763671875,483000,0.0,0.0
2015-12-18 00:00:00+09:00,1862.5652169709158,1884.2860941367574,1828.173828125,1828.173828125,476500,0.0,0.0
2015-12-21 00:00:00+09:00,1810.0730911224425,1819.1234565780546,1784.7320678467283,1813.6932373046875,282000,0.0,0.0
2015-12-22 00:00:00+09:00,1810.073295209156,1844.46468781813,1804.6430753235286,1833.604248046875,232000,0.0,0.0
2015-12-24 00:00:00+09:00,1831.7939453125,1849.894675997406,1829.9838722440093,1831.7939453125,169000,0.0,0.0
2015-12-25 00:00:00+09:00,1831.7939453125,1831.7939453125,1831.7939453125,1831.7939453125,0,0.0,0.0
2015-12-28 00:00:00+09:00,1831.7937951814076,1877.0456181849008,1831.7937951814076,1866.1851806640625,184500,0.0,0.0
2015-12-29 00:00:00+09:00,1866.1852236515026,1900.5766099263606,1851.7046399568258,1891.5262451171875,252500,0.0,0.0
2015-12-30 00:00:00+09:00,1887.9060562949146,1907.8168584226653,1877.0456187706868,1896.9564208984375,239000,0.0,0.0
2016-01-04 00:00:00+09:00,1873.425573706627,1887.9061578512192,1844.4644054174423,1853.5147705078125,278500,0.0,0.0
2016-01-05 00:00:00+09:00,1849.8945528406675,1873.4255011644725,1840.8441881007425,1862.5650634765625,279500,0.0,0.0
2016-01-06 00:00:00+09:00,1858.945041339859,1867.9954066823123,1817.313360764575,1831.7939453125,219500,0.0,0.0
2016-01-07 00:00:00+09:00,1831.7937863372092,1839.034077982811,1788.3520364635995,1790.162109375,235500,0.0,0.0
2016-01-08 00:00:00+09:00,1790.1622328267667,1799.212598007893,1759.3909912109375,1759.3909912109375,305500,0.0,0.0
2016-01-12 00:00:00+09:00,1746.7204531405835,1755.7708181827627,1701.4686279296875,1701.4686279296875,444000,0.0,0.0
2016-01-13 00:00:00+09:00,1761.2009710217199,1793.7822839491514,1753.9606792600684,1786.5419921875,439500,0.0,0.0
2016-01-14 00:00:00+09:00,1759.3911332314544,1781.112011419497,1743.1004745904224,1772.0616455078125,460500,0.0,0.0
2016-01-15 00:00:00+09:00,1810.0730056839682,1815.5032247010201,1786.5420566100765,1793.7823486328125,389000,0.0,0.0
2016-01-18 00:00:00+09:00,1772.0614371827412,1791.9722398477159,1759.390926395939,1782.921875,483500,0.0,0.0
2016-01-19 00:00:00+09:00,1801.022745969865,1839.0342813119423,1791.9723804122273,1826.36376953125,559000,0.0,0.0
2016-01-20 00:00:00+09:00,1828.1736100527785,1828.1736100527785,1761.2009134468847,1763.010986328125,393000,0.0,0.0
2016-01-21 00:00:00+09:00,1755.7708612278072,1784.732030072802,1724.9996193300003,1726.8096923828125,436500,0.0,0.0
2016-01-22 00:00:00+09:00,1781.1117528430104,1835.4139404296875,1781.1117528430104,1835.4139404296875,514000,0.0,0.0
2016-01-25 00:00:00+09:00,1840.8441666157046,1866.1851875917318,1824.5535102739725,1849.89453125,424000,0.0,0.0
2016-01-26 00:00:00+09:00,1833.6039470214844,1833.6039470214844,1804.6427790527343,1810.072998046875,274000,0.0,0.0
2016-01-27 00:00:00+09:00,1846.2743502503329,1875.2355165287695,1840.8441315731259,1869.8052978515625,354000,0.0,0.0
2016-01-28 00:00:00+09:00,1860.755069229954,1887.9061645980953,1849.8946310826975,1867.995361328125,272500,0.0,0.0
2016-01-29 00:00:00+09:00,1880.6658766194207,1949.4486517027103,1866.1852923913598,1944.0184326171875,485500,0.0,0.0
2016-02-01 00:00:00+09:00,1972.9793761021335,1972.9793761021335,1940.3980653041165,1956.688720703125,341000,0.0,0.0
2016-02-02 00:00:00+09:00,1929.5378483891266,1956.688943816741,1924.1076293036037,1944.0184326171875,445500,0.0,0.0
2016-02-03 00:00:00+09:00,1891.5264367109892,1938.5883384856168,1887.9062904206332,1913.247314453125,308500,0.0,0.0
2016-02-04 00:00:00+09:00,1886.095768711535,1929.5375138641998,1878.8554778527575,1893.3360595703125,185500,0.0,0.0
2016-02-05 00:00:00+09:00,1866.1853379311187,1886.096141730578,1855.3248994950502,1877.0457763671875,250500,0.0,0.0
2016-02-08 00:00:00+09:00,1877.0460803978438,1936.7785014712565,1860.755420105095,1929.5382080078125,387500,0.0,0.0
2016-02-09 00:00:00+09:00,1835.4139692567874,1877.0456470604424,1828.1736774648475,1862.5650634765625,503000,0.0,0.0
2016-02-10 00:00:00+09:00,1860.7548408044977,1864.3749864091758,1772.0612734898864,1788.3519287109375,401000,0.0,0.0
2016-02-12 00:00:00+09:00,1719.5692490972779,1757.5807798667965,1697.8483743718384,1699.658447265625,739000,0.0,0.0
2016-02-15 00:00:00+09:00,1753.9609342399622,1842.6545212139126,1748.5307146293121,1829.9840087890625,468500,0.0,0.0
2016-02-16 00:00:00+09:00,1804.642693400146,1853.514662027833,1791.9721830151902,1820.933349609375,460000,0.0,0.0
2016-02-17 00:00:00+09:00,1808.262882008272,1829.9837574678309,1784.73193359375,1815.503173828125,577000,0.0,0.0
2016-02-18 00:00:00+09:00,1867.9952249591602,1891.52617256039,1842.6542044655282,1869.8052978515625,499000,0.0,0.0
2016-02-19 00:00:00+09:00,1849.8946310826975,1877.0457264508389,1849.8946310826975,1867.995361328125,356000,0.0,0.0
2016-02-22 00:00:00+09:00,1855.3250732421875,1907.817197265625,1853.515,1900.576904296875,262000,0.0,0.0
2016-02-23 00:00:00+09:00,1889.7163170855977,1904.1969018908514,1867.9954398777172,1873.4256591796875,301000,0.0,0.0
2016-02-24 00:00:00+09:00,1846.2743718073918,1889.7161217322716,1835.4139343261718,1882.475830078125,300500,0.0,0.0
2016-02-25 00:00:00+09:00,1884.2863738612878,1945.8288683005615,1878.856153763705,1929.5382080078125,384500,0.0,0.0
2016-02-26 00:00:00+09:00,1962.119384765625,1982.03019033059,1947.638798900196,1962.119384765625,454500,0.0,0.0
2016-02-29 00:00:00+09:00,1989.27037143527,1989.27037143527,1909.6271536526021,1915.057373046875,452000,0.0,0.0
2016-03-01 00:00:00+09:00,1900.5766168041764,1951.2586599189544,1896.9564708674066,1936.778076171875,356500,0.0,0.0
2016-03-02 00:00:00+09:00,1967.549778760077,1998.3210264499771,1954.8792650054124,1985.6505126953125,362500,0.0,0.0
2016-03-03 00:00:00+09:00,1991.080634027934,2020.041806886522,1987.4604874206102,2012.801513671875,478500,0.0,0.0
2016-03-04 00:00:00+09:00,1987.460332666987,2018.2315764332334,1969.359601039783,2001.94091796875,482500,0.0,0.0
2016-03-07 00:00:00+09:00,1976.5997603390194,1985.650125542037,1965.7393220953986,1972.9796142578125,377000,0.0,0.0
2016-03-08 00:00:00+09:00,1965.739308959279,1976.5997471303247,1889.7162417619588,1944.0184326171875,562000,0.0,0.0
2016-03-09 00:00:00+09:00,1936.778185734034,1938.5882588048134,1896.9565781768856,1907.8170166015625,318500,0.0,0.0
2016-03-10 00:00:00+09:00,1907.817080521178,1933.1581043611177,1907.817080521178,1915.057373046875,380500,0.0,0.0
2016-03-11 00:00:00+09:00,1889.7162145339057,1927.727747584875,1875.2356305144888,1916.8673095703125,489500,0.0,0.0
2016-03-14 00:00:00+09:00,1929.5379493377313,1954.878973062617,1920.4875837217007,1931.3480224609375,300500,0.0,0.0
2016-03-15 00:00:00+09:00,1931.3482813736734,1942.2087215688393,1915.0576210809245,1929.5382080078125,283500,0.0,0.0
2016-03-16 00:00:00+09:00,1898.7666224855366,1924.1076450925887,1895.146476398815,1911.4371337890625,285000,0.0,0.0
2016-03-17 00:00:00+09:00,1915.0572943664838,1947.638609393513,1895.146490738855,1909.6270751953125,232500,0.0,0.0
2016-03-18 00:00:00+09:00,1898.7666027453517,1904.1968218189802,1855.3248501563257,1867.995361328125,402000,0.0,0.0
2016-03-22 00:00:00+09:00,1900.576860476763,1931.348104884482,1882.4761284722222,1906.007080078125,262000,0.0,0.0
2016-03-23 00:00:00+09:00,1906.0068647419123,1922.2975217055184,1896.9564997621312,1902.38671875,203500,0.0,0.0
2016-03-24 00:00:00+09:00,1900.5767879954808,1927.7278849668448,1895.1465686012082,1915.057373046875,278000,0.0,0.0
2016-03-25 00:00:00+09:00,1907.8169445581768,1927.727747584875,1904.1967985533227,1916.8673095703125,177000,0.0,0.0
2016-03-28 00:00:00+09:00,1936.77813275479,1960.30908203125,1933.1579867122578,1960.30908203125,198500,0.0,0.0
2016-03-29 00:00:00+09:00,1978.5275977368096,1998.5679325205158,1956.665414336403,1987.6368408203125,335000,14.0,0.0
2016-03-30 00:00:00+09:00,1963.952820279705,1985.815003807865,1953.021728515625,1953.021728515625,188000,0.0,0.0
2016-03-31 00:00:00+09:00,1953.0216780276203,1956.6653751881197,1920.2284035831267,1929.337646484375,479500,0.0,0.0
2016-04-01 00:00:00+09:00,1914.7628068757933,1929.337595129843,1872.8602906454003,1883.7913818359375,454500,0.0,0.0
2016-04-04 00:00:00+09:00,1881.969482421875,1912.9409066243647,1871.0383915268787,1881.969482421875,281500,0.0,0.0
2016-04-05 00:00:00+09:00,1871.0386383389339,1872.8604870617567,1834.6016638824794,1838.245361328125,299000,0.0,0.0
2016-04-06 00:00:00+09:00,1838.2452297825967,1843.7107755599484,1801.808257933586,1807.2738037109375,395500,0.0,0.0
2016-04-07 00:00:00+09:00,1801.8082173665366,1832.7796427408855,1796.3426717122397,1814.5611572265625,278000,0.0,0.0
2016-04-08 00:00:00+09:00,1776.3023177703064,1840.0670163569328,1759.9056809908882,1818.204833984375,543500,0.0,0.0
2016-04-11 00:00:00+09:00,1818.204833984375,1838.2451678258863,1799.9863486739105,1818.204833984375,256500,0.0,0.0
2016-04-12 00:00:00+09:00,1818.205075466043,1847.354655834236,1816.3832266930308,1840.0672607421875,244500,0.0,0.0
2016-04-13 00:00:00+09:00,1854.6418964958752,1865.5729882237488,1838.245258904065,1856.4637451171875,222000,0.0,0.0
2016-04-14 00:00:00+09:00,1867.3947954408213,1889.2569784118357,1852.8200067934783,1885.61328125,505500,0.0,0.0
2016-04-15 00:00:00+09:00,1854.6417551843842,1889.2568763518727,1854.6417551843842,1881.969482421875,216500,0.0,0.0
2016-04-18 00:00:00+09:00,1805.4519345110975,1845.5326030875297,1805.4519345110975,1832.7796630859375,205500,0.0,0.0
2016-04-19 00:00:00+09:00,1887.43507889945,1896.544321558231,1863.7510479866191,1883.7913818359375,257500,0.0,0.0
2016-04-20 00:00:00+09:00,1902.0098157293685,1918.406452071863,1876.5039369743768,1881.969482421875,309500,0.0,0.0
2016-04-21 00:00:00+09:00,1918.4065653869861,1920.2284139770973,1900.188079485875,1916.584716796875,262500,0.0,0.0
2016-04-22 00:00:00+09:00,1887.4351893585292,1922.0503134876915,1869.2167029747598,1918.4066162109375,369500,0.0,0.0
2016-04-25 00:00:00+09:00,1931.1595458984375,1936.6250917830557,1896.5444219625222,1931.1595458984375,276000,0.0,0.0
2016-04-26 00:00:00+09:00,1920.2284337850165,1940.2687684829627,1916.5847365672082,1934.80322265625,239500,0.0,0.0
2016-04-27 00:00:00+09:00,1920.228342310954,1940.2686760542372,1892.9006144792043,1896.5443115234375,253000,0.0,0.0
2016-04-28 00:00:00+09:00,1911.119109067745,1925.6938973161168,1814.5611369222822,1818.204833984375,430500,0.0,0.0
2016-05-02 00:00:00+09:00,1763.5494379783163,1790.8771668726083,1754.4401950135523,1785.41162109375,376000,0.0,0.0
2016-05-06 00:00:00+09:00,1781.7679040705736,1794.5208440792587,1736.221689753841,1745.3309326171875,423500,0.0,0.0
2016-05-09 00:00:00+09:00,1769.0149842569651,1778.1242272243028,1750.7964983222898,1763.5494384765625,219000,0.0,0.0
2016-05-10 00:00:00+09:00,1770.8369831073564,1796.342865580096,1759.9058906190394,1790.8773193359375,349500,0.0,0.0
2016-05-11 00:00:00+09:00,1827.3143519078578,1836.4235959353148,1803.6303174364698,1823.670654296875,431500,0.0,0.0
2016-05-12 00:00:00+09:00,1816.3831766542523,1838.245361328125,1803.6302355944933,1838.245361328125,306000,0.0,0.0
2016-05-13 00:00:00+09:00,1829.1360590036895,1830.957907668036,1796.3427830454561,1805.4520263671875,281500,0.0,0.0
2016-05-16 00:00:00+09:00,1805.4521093203603,1821.8487480528358,1774.4806806034621,1790.8773193359375,363000,0.0,0.0
2016-05-17 00:00:00+09:00,1818.2049240696301,1856.4637451171875,1816.3830754483179,1856.4637451171875,435000,0.0,0.0
2016-05-18 00:00:00+09:00,1856.4637246725026,1871.0385134824928,1840.0670872612636,1860.107421875,373000,0.0,0.0
2016-05-19 00:00:00+09:00,1880.1477564887366,1892.900696697478,1840.0670872612636,1860.107421875,340000,0.0,0.0
2016-05-20 00:00:00+09:00,1858.2854407603345,1861.929137703002,1825.4921682763286,1850.998046875,658500,0.0,0.0
2016-05-23 00:00:00+09:00,1841.8890455669002,1874.682322342572,1830.957953308343,1872.8604736328125,358500,0.0,0.0
2016-05-24 00:00:00+09:00,1871.0385536957529,1880.147796897777,1867.3948564149432,1874.6822509765625,276000,0.0,0.0
2016-05-25 00:00:00+09:00,1885.6133938391233,1896.544485977321,1869.2167556318266,1876.504150390625,279000,0.0,0.0
2016-05-26 00:00:00+09:00,1907.4755781155188,1918.4066702537166,1869.2167556318266,1876.504150390625,312500,0.0,0.0
2016-05-27 00:00:00+09:00,1911.1189637184143,1911.1189637184143,1863.7509055137634,1865.57275390625,231000,0.0,0.0
2016-05-30 00:00:00+09:00,1898.3660249710083,1902.0097217559814,1856.4635119438171,1865.57275390625,400000,0.0,0.0
2016-05-31 00:00:00+09:00,1863.751006538346,1863.751006538346,1840.066976152228,1847.3543701171875,561000,0.0,0.0
2016-06-01 00:00:00+09:00,1834.6016937376482,1852.8201812623518,1818.205054965415,1843.7109375,368000,0.0,0.0
2016-06-02 00:00:00+09:00,1847.3545860313438,1847.3545860313438,1807.2739145395396,1820.02685546875,502500,0.0,0.0
2016-06-03 00:00:00+09:00,1809.0958638529441,1832.779898324332,1803.6303174364698,1823.670654296875,308000,0.0,0.0
2016-06-06 00:00:00+09:00,1818.2047734355547,1832.7795611985653,1809.0955310836732,1829.1358642578125,382000,0.0,0.0
2016-06-07 00:00:00+09:00,1829.135793201959,1847.3542771979944,1820.0265512039414,1830.9576416015625,421500,0.0,0.0
2016-06-08 00:00:00+09:00,1830.9578145142816,1843.7107545158735,1807.2737830827537,1832.7796630859375,579500,0.0,0.0
2016-06-09 00:00:00+09:00,1814.5611162069838,1814.5611162069838,1794.5207825942562,1799.986328125,346000,0.0,0.0
2016-06-10 00:00:00+09:00,1803.6299740869586,1816.3829132976746,1789.055186417569,1798.1644287109375,335000,0.0,0.0
2016-06-13 00:00:00+09:00,1770.8368023675234,1770.8368023675234,1736.2216796875,1736.2216796875,321500,0.0,0.0
2016-06-14 00:00:00+09:00,1732.5780233819316,1745.33096361713,1710.7158401215918,1728.934326171875,392500,0.0,0.0
2016-06-15 00:00:00+09:00,1721.6470027875298,1741.6873382697127,1714.359608066736,1727.112548828125,253500,0.0,0.0
2016-06-16 00:00:00+09:00,1739.865293100718,1739.865293100718,1685.2098388671875,1685.2098388671875,304500,0.0,0.0
2016-06-17 00:00:00+09:00,1701.606712274966,1725.2907457434612,1670.6352838930877,1676.100830078125,545000,0.0,0.0
2016-06-20 00:00:00+09:00,1703.428365394552,1728.934244662492,1690.6754257605821,1721.6468505859375,248500,0.0,0.0
2016-06-21 00:00:00+09:00,1712.5376483801153,1741.6872253738195,1690.6754656348373,1736.2216796875,193000,0.0,0.0
2016-06-22 00:00:00+09:00,1732.5781363794358,1734.3999851032838,1703.4285567978682,1719.8251953125,297000,0.0,0.0
2016-06-23 00:00:00+09:00,1734.3997504227368,1752.618235196085,1725.2905080360629,1750.79638671875,210500,0.0,0.0
2016-06-24 00:00:00+09:00,1752.6182625945908,1754.4401111004063,1599.5829881060818,1625.0888671875,696000,0.0,0.0
2016-06-27 00:00:00+09:00,1652.4166060954042,1683.3880309064537,1652.4166060954042,1677.9224853515625,266000,0.0,0.0
2016-06-28 00:00:00+09:00,1676.1007670908848,1727.112529567564,1668.8133724513593,1708.89404296875,433500,0.0,0.0
2016-06-29 00:00:00+09:00,1710.7157897949219,1716.1813354492188,1677.9225158691406,1705.250244140625,490500,0.0,0.0
2016-06-30 00:00:00+09:00,1741.6872771115313,1745.3309743439822,1707.0721534032477,1716.181396484375,483000,0.0,0.0
2016-07-01 00:00:00+09:00,1705.250203099744,1710.7157486224996,1674.2787784707957,1690.6754150390625,443000,0.0,0.0
2016-07-04 00:00:00+09:00,1687.0319913378592,1707.0723281680066,1681.5664449296373,1696.1412353515625,357500,0.0,0.0
2016-07-05 00:00:00+09:00,1694.3189697265625,1701.6063631447412,1683.3878795992944,1694.3189697265625,214500,0.0,0.0
2016-07-06 00:00:00+09:00,1683.3882042477292,1683.3882042477292,1656.060473659292,1679.7445068359375,312000,0.0,0.0
2016-07-07 00:00:00+09:00,1685.2100945765676,1690.6756408292483,1657.8823633131638,1672.4571533203125,286000,0.0,0.0
2016-07-08 00:00:00+09:00,1672.4571061598895,1685.2100470565335,1626.910888671875,1626.910888671875,310500,0.0,0.0
2016-07-11 00:00:00+09:00,1626.910888671875,1626.910888671875,1626.910888671875,1626.910888671875,0,0.0,0.0
2016-07-12 00:00:00+09:00,1705.250405521716,1739.8655312748278,1697.9630106263241,1719.8251953125,498000,0.0,0.0
2016-07-13 00:00:00+09:00,1747.1525630075623,1759.9055014236758,1701.6063543785851,1707.0718994140625,366000,0.0,0.0
2016-07-14 00:00:00+09:00,1734.39987198696,1747.1528122221582,1721.6469317517617,1728.934326171875,209500,0.0,0.0
2016-07-15 00:00:00+09:00,1743.5091356803146,1748.9746815601902,1716.1814062809367,1725.2906494140625,158000,0.0,0.0
2016-07-19 00:00:00+09:00,1747.152832933565,1747.152832933565,1716.1814062809367,1725.2906494140625,242500,0.0,0.0
2016-07-20 00:00:00+09:00,1710.715799818009,1738.0435282496064,1703.4284055695828,1736.2216796875,205500,0.0,0.0
2016-07-21 00:00:00+09:00,1752.6183167464585,1765.371256681204,1721.646891190648,1736.2216796875,212500,0.0,0.0
2016-07-22 00:00:00+09:00,1723.4687803567901,1741.6872664070734,1716.1813859366769,1728.934326171875,217000,0.0,0.0
2016-07-25 00:00:00+09:00,1719.8251541073312,1750.7965816707049,1719.8251541073312,1727.112548828125,231000,0.0,0.0
2016-07-26 00:00:00+09:00,1714.359588948394,1719.8251349280383,1696.1411023495803,1708.89404296875,271500,0.0,0.0
2016-07-27 00:00:00+09:00,1712.5375872117313,1718.0031327028325,1692.49725374436,1703.4283447265625,297000,0.0,0.0
2016-07-28 00:00:00+09:00,1705.2502543898008,1712.5376486393297,1672.45698026692,1692.497314453125,220500,0.0,0.0
2016-07-29 00:00:00+09:00,1692.4971213720178,1701.6063631447412,1663.3475476993028,1694.3189697265625,486500,0.0,0.0
2016-08-01 00:00:00+09:00,1674.2789607182501,1687.0319016595208,1643.3075327180213,1679.7445068359375,330500,0.0,0.0
2016-08-02 00:00:00+09:00,1656.060343335733,1681.5662232110908,1652.4166462106818,1670.6351318359375,283000,0.0,0.0
2016-08-03 00:00:00+09:00,1636.020162309919,1646.9512547084262,1623.2672211783272,1632.37646484375,497500,0.0,0.0
2016-08-04 00:00:00+09:00,1632.3765451388888,1639.6639404296875,1623.2673010253907,1639.6639404296875,313000,0.0,0.0
2016-08-05 00:00:00+09:00,1617.801422427399,1643.3073007089122,1615.9795739787196,1623.2669677734375,367500,0.0,0.0
2016-08-08 00:00:00+09:00,1626.910567384952,1665.1693825194243,1626.910567384952,1663.3475341796875,385500,0.0,0.0
2016-08-09 00:00:00+09:00,1663.3478684828754,1683.3882042477292,1652.4167762475004,1679.7445068359375,221500,0.0,0.0
2016-08-10 00:00:00+09:00,1665.1695860173909,1696.1410115778895,1654.2384946430973,1692.497314453125,280500,0.0,0.0
2016-08-12 00:00:00+09:00,1712.5374444495396,1716.1811411398578,1699.7845060334262,1707.0718994140625,244500,0.0,0.0
2016-08-15 00:00:00+09:00,1683.3880717736165,1683.3880717736165,1652.4166462106818,1670.6351318359375,219500,0.0,0.0
2016-08-16 00:00:00+09:00,1676.1009258459944,1681.5664723433183,1648.773193359375,1648.773193359375,364000,0.0,0.0
2016-08-17 00:00:00+09:00,1654.2385761525372,1663.347819413289,1643.307484239635,1656.0604248046875,429500,0.0,0.0
2016-08-18 00:00:00+09:00,1652.4167799917786,1659.7041748318748,1632.3764441815144,1636.0201416015625,352500,0.0,0.0
2016-08-19 00:00:00+09:00,1636.019978377705,1636.019978377705,1595.9393107559795,1599.5830078125,254500,0.0,0.0
2016-08-22 00:00:00+09:00,1601.404856615388,1625.0888874868328,1588.6519169153792,1621.4451904296875,331000,0.0,0.0
2016-08-23 00:00:00+09:00,1605.0486854561864,1615.9797775251275,1599.5831394217157,1608.6923828125,222000,0.0,0.0
2016-08-24 00:00:00+09:00,1625.089158537638,1654.2387398566989,1621.4454608727553,1648.773193359375,366500,0.0,0.0
2016-08-25 00:00:00+09:00,1641.4856877316345,1645.1293851516825,1632.3764441815144,1636.0201416015625,177500,0.0,0.0
2016-08-26 00:00:00+09:00,1621.445302844721,1625.0890001544844,1608.692362260549,1612.3360595703125,349500,0.0,0.0
2016-08-29 00:00:00+09:00,1636.0201831109305,1652.4168219171647,1615.9798467921996,1628.7327880859375,258000,0.0,0.0
2016-08-30 00:00:00+09:00,1614.1579082251942,1621.445302844721,1606.8705136056674,1612.3360595703125,184500,0.0,0.0
2016-08-31 00:00:00+09:00,1628.7327673775808,1636.020162309919,1621.4453724452426,1632.37646484375,280000,0.0,0.0
2016-09-01 00:00:00+09:00,1630.5543012842286,1639.6635431908444,1625.0887561402592,1634.197998046875,226000,0.0,0.0
2016-09-02 00:00:00+09:00,1643.3076468620511,1657.8824375215813,1628.7328562025207,1648.773193359375,245500,0.0,0.0
2016-09-05 00:00:00+09:00,1685.2099100748699,1685.2099100748699,1668.8132731119792,1683.3880615234375,222000,0.0,0.0
2016-09-06 00:00:00+09:00,1666.9912598196386,1670.6349565624137,1639.6635342488248,1646.950927734375,272500,0.0,0.0
2016-09-07 00:00:00+09:00,1643.3072024425828,1663.3475341796875,1630.5542640644255,1663.3475341796875,271000,0.0,0.0
2016-09-08 00:00:00+09:00,1648.7727474617932,1663.3475341796875,1641.485354102846,1663.3475341796875,286500,0.0,0.0
2016-09-09 00:00:00+09:00,1643.307504672857,1663.3478400956967,1643.307504672857,1652.416748046875,273500,0.0,0.0
2016-09-12 00:00:00+09:00,1643.3075364416586,1645.1293851516825,1630.5545954714905,1636.0201416015625,168000,0.0,0.0
2016-09-13 00:00:00+09:00,1628.7325143402202,1648.772847290715,1615.9795751899053,1645.129150390625,280000,0.0,0.0
2016-09-14 00:00:00+09:00,1634.1983135768344,1645.1294059753418,1605.0487338474818,1632.37646484375,369500,0.0,0.0
2016-09-15 00:00:00+09:00,1630.5545954714905,1643.3075364416586,1610.5142596612263,1636.0201416015625,364000,0.0,0.0
2016-09-16 00:00:00+09:00,1625.0891498480903,1645.1294868977864,1623.2673010253907,1639.6639404296875,368000,0.0,0.0
2016-09-20 00:00:00+09:00,1632.3763533464567,1645.1292936069758,1615.9797158686463,1619.6234130859375,375500,0.0,0.0
2016-09-21 00:00:00+09:00,1619.6233820988582,1659.704050722227,1610.5141392299108,1657.8822021484375,494500,0.0,0.0
2016-09-23 00:00:00+09:00,1650.5946244771503,1654.2383212199254,1636.0198375060495,1646.950927734375,377000,0.0,0.0
2016-09-26 00:00:00+09:00,1628.732564199131,1650.594746268918,1623.2670186816842,1625.0888671875,260500,0.0,0.0
2016-09-27 00:00:00+09:00,1612.3358782898151,1645.129150390625,1594.1173937893655,1645.129150390625,346500,0.0,0.0
2016-09-28 00:00:00+09:00,1643.2951739618406,1656.1334175084176,1626.7888608305275,1634.125,232000,12.0,0.0
2016-09-29 00:00:00+09:00,1643.2951819977427,1643.2951819977427,1619.4527295803648,1624.954833984375,288500,0.0,0.0
2016-09-30 00:00:00+09:00,1608.448557929732,1619.452766991965,1595.6103140237933,1610.2825927734375,553500,0.0,0.0
2016-10-03 00:00:00+09:00,1623.120735168457,1630.4568740844727,1610.2824920654298,1613.9505615234375,290000,0.0,0.0
2016-10-04 00:00:00+09:00,1610.2824920654298,1621.2867004394532,1602.946353149414,1613.9505615234375,342500,0.0,0.0
2016-10-05 00:00:00+09:00,1613.9507966984463,1632.2911466609287,1604.7806217172051,1623.1209716796875,376000,0.0,0.0
2016-10-06 00:00:00+09:00,1624.9550595964706,1650.631550380162,1624.9550595964706,1643.29541015625,347000,0.0,0.0
2016-10-07 00:00:00+09:00,1648.797307882223,1654.2994123579144,1617.6187158533044,1628.6229248046875,478000,0.0,0.0
2016-10-11 00:00:00+09:00,1630.456959629918,1650.6313427074535,1617.6187158533044,1628.6229248046875,539000,0.0,0.0
2016-10-12 00:00:00+09:00,1617.6186601384336,1623.1207644246188,1604.7804168040016,1608.448486328125,471000,0.0,0.0
2016-10-13 00:00:00+09:00,1617.61887927117,1617.61887927117,1549.7595838822433,1560.7637939453125,644000,0.0,0.0
2016-10-14 00:00:00+09:00,1564.4318730780417,1579.1041532475897,1544.2574878449134,1551.5936279296875,849500,0.0,0.0
2016-10-17 00:00:00+09:00,1560.7636345007365,1595.6102961405886,1560.7636345007365,1575.4359130859375,806000,0.0,0.0
2016-10-18 00:00:00+09:00,1568.0997393439798,1568.0997393439798,1538.7551828182443,1558.9295654296875,925500,0.0,0.0
2016-10-19 00:00:00+09:00,1558.9295866343896,1569.9337954812206,1553.4274822109742,1562.59765625,609000,0.0,0.0
2016-10-20 00:00:00+09:00,1573.6019706283535,1588.2742500747718,1568.0998658359467,1580.9381103515625,699500,0.0,0.0
2016-10-21 00:00:00+09:00,1586.44032831423,1608.4487490538495,1580.9382231293253,1590.1083984375,845500,0.0,0.0
2016-10-24 00:00:00+09:00,1591.9421734695695,1610.2825210901867,1588.274103945446,1608.448486328125,537500,0.0,0.0
2016-10-25 00:00:00+09:00,1602.9464323139625,1617.6187108706122,1601.1123974943814,1606.614501953125,621000,0.0,0.0
2016-10-26 00:00:00+09:00,1617.6186309814454,1623.120735168457,1604.780387878418,1613.9505615234375,624000,0.0,0.0
2016-10-27 00:00:00+09:00,1617.618766019148,1632.291045076011,1613.9506962549322,1626.7889404296875,483000,0.0,0.0
2016-10-28 00:00:00+09:00,1639.6271888469826,1656.1335028286637,1635.9591190732758,1648.79736328125,596000,0.0,0.0
2016-10-31 00:00:00+09:00,1628.6228378448998,1652.4652892998363,1628.6228378448998,1645.129150390625,620500,0.0,0.0
2016-11-01 00:00:00+09:00,1635.959301622928,1661.6357929040055,1626.7891261654006,1659.8017578125,618500,0.0,0.0
2016-11-02 00:00:00+09:00,1632.2910700892237,1661.6356286526257,1632.2910700892237,1652.4654541015625,592000,0.0,0.0
2016-11-04 00:00:00+09:00,1648.7973842811373,1667.1377333832634,1637.7931748198616,1652.4654541015625,849000,0.0,0.0
2016-11-07 00:00:00+09:00,1665.303812258554,1681.8101275782974,1648.7974969388106,1661.6357421875,680000,0.0,0.0
2016-11-08 00:00:00+09:00,1661.6355907075083,1667.1376953125,1650.631381497525,1667.1376953125,502500,0.0,0.0
2016-11-09 00:00:00+09:00,1683.6441835915991,1703.8185692337643,1632.291201956997,1665.3038330078125,973500,0.0,0.0
2016-11-10 00:00:00+09:00,1720.324732423991,1734.9970115917863,1676.3078949206053,1692.814208984375,815500,0.0,0.0
2016-11-11 00:00:00+09:00,1716.656744125748,1716.656744125748,1672.63990453278,1685.4781494140625,637500,0.0,0.0
2016-11-14 00:00:00+09:00,1657.9676128186677,1678.1419974879213,1646.9634029990748,1672.639892578125,1026000,0.0,0.0
2016-11-15 00:00:00+09:00,1806.5245340000322,1828.5329547188142,1758.8396224426708,1784.51611328125,2117000,0.0,0.0
2016-11-16 00:00:00+09:00,1830.366787346357,1841.3709964887198,1806.5243342045708,1813.8604736328125,953000,0.0,0.0
2016-11-17 00:00:00+09:00,1804.6903120293675,1835.8689048184929,1801.0222422894706,1826.69873046875,647000,0.0,0.0
2016-11-18 00:00:00+09:00,1834.0351055194806,1846.8733512581168,1817.5287895698052,1835.869140625,641500,0.0,0.0
2016-11-21 00:00:00+09:00,1830.3669371055264,1868.8816722550416,1830.3669371055264,1861.5455322265625,607500,0.0,0.0
2016-11-22 00:00:00+09:00,1867.0473845837164,1889.0558016907935,1863.37931506587,1870.7154541015625,949500,0.0,0.0
2016-11-24 00:00:00+09:00,1878.0519717624147,1892.7242527918086,1863.3796907330209,1883.5540771484375,459000,0.0,0.0
2016-11-25 00:00:00+09:00,1889.0559418047703,1912.8983954391995,1881.7198022249459,1905.562255859375,446500,0.0,0.0
2016-11-28 00:00:00+09:00,1905.5624101944552,1923.9027606294355,1898.226270020463,1922.0687255859375,546000,0.0,0.0
2016-11-29 00:00:00+09:00,1911.06450621921,1933.0729266363219,1907.3964361496915,1931.2388916015625,462000,0.0,0.0
2016-11-30 00:00:00+09:00,1931.2389215959822,1942.2431319754464,1912.8985709635417,1925.73681640625,1754500,0.0,0.0
2016-12-01 00:00:00+09:00,1980.757724977889,1980.757724977889,1942.2429914366523,1944.0770263671875,775000,0.0,0.0
2016-12-02 00:00:00+09:00,1938.5748291015625,1945.9109684737539,1911.064306455845,1938.5748291015625,631500,0.0,0.0
2016-12-05 00:00:00+09:00,1944.0766099935202,1949.5787136067095,1925.7362646162228,1945.91064453125,583500,0.0,0.0
2016-12-06 00:00:00+09:00,1962.4171001330258,1971.5872734981333,1947.7448227488535,1949.578857421875,878000,0.0,0.0
2016-12-07 00:00:00+09:00,1940.4093017578125,1949.5794780421122,1929.405090216653,1940.4093017578125,892500,0.0,0.0
2016-12-08 00:00:00+09:00,1962.417613306639,1977.089894527623,1951.4134023909007,1975.255859375,593500,0.0,0.0
2016-12-09 00:00:00+09:00,1999.0981060646488,2015.60442070188,1982.5917914274178,2013.7703857421875,541500,0.0,0.0
2016-12-12 00:00:00+09:00,2026.608604300911,2041.2808837890625,2017.4384296208166,2041.2808837890625,604000,0.0,0.0
2016-12-13 00:00:00+09:00,2008.26849609375,2065.1235859374997,2006.4344609374998,2063.28955078125,522000,0.0,0.0
2016-12-14 00:00:00+09:00,2035.7787327063443,2066.957325909955,2035.7787327063443,2065.123291015625,470000,0.0,0.0
2016-12-15 00:00:00+09:00,2066.9572836592024,2070.625353372883,2055.9530745181596,2057.787109375,1249500,0.0,0.0
2016-12-16 00:00:00+09:00,2063.289315359933,2063.289315359933,2050.451070731027,2054.119140625,520500,0.0,0.0
2016-12-19 00:00:00+09:00,2054.1195277308557,2057.7875983160893,2035.7791748046875,2035.7791748046875,398500,0.0,0.0
2016-12-20 00:00:00+09:00,2030.2764026272682,2063.289027060232,2028.442367936548,2046.78271484375,317500,0.0,0.0
2016-12-21 00:00:00+09:00,2063.2893030212895,2063.2893030212895,2037.6128139170246,2041.2808837890625,322000,0.0,0.0
2016-12-22 00:00:00+09:00,2057.7870670107054,2065.123206287036,2044.948823277127,2050.450927734375,378000,0.0,0.0
2016-12-26 00:00:00+09:00,2059.62124546596,2061.455280412946,2046.7830008370536,2054.119140625,133500,0.0,0.0
2016-12-27 00:00:00+09:00,2054.1188536066306,2061.4549923695117,2041.2806107715894,2046.78271484375,279500,0.0,0.0
2016-12-28 00:00:00+09:00,2044.94891558876,2063.2892646074934,2039.44681088314,2055.953125,256000,0.0,0.0
2016-12-29 00:00:00+09:00,2050.450986574022,2050.450986574022,2030.27660298519,2039.44677734375,272500,0.0,0.0
2016-12-30 00:00:00+09:00,2022.9402426372096,2046.782693366388,2019.2721732942591,2043.1146240234375,279000,0.0,0.0
2017-01-04 00:00:00+09:00,2039.446638018547,2094.4676804111336,2039.446638018547,2088.965576171875,717000,0.0,0.0
2017-01-05 00:00:00+09:00,2092.6339409531524,2098.136045968805,2081.6297309218476,2087.1318359375,285500,0.0,0.0
2017-01-06 00:00:00+09:00,2063.2894309655344,2092.6339917614887,2063.2894309655344,2085.2978515625,245000,0.0,0.0
2017-01-10 00:00:00+09:00,2085.2981466373926,2096.3023584929992,2074.2939347817864,2083.464111328125,424500,0.0,0.0
2017-01-11 00:00:00+09:00,2103.638355826995,2110.9744965622244,2076.1278280698853,2079.7958984375,389500,0.0,0.0
2017-01-12 00:00:00+09:00,2063.289120753393,2066.957190301399,2022.9403557253268,2052.284912109375,490500,0.0,0.0
2017-01-13 00:00:00+09:00,2048.6163933936587,2088.9651495750913,2048.6163933936587,2068.790771484375,283500,0.0,0.0
2017-01-16 00:00:00+09:00,2039.4469500661003,2054.1192302824034,2028.4427399038732,2037.6129150390625,172000,0.0,0.0
2017-01-17 00:00:00+09:00,2037.6131387048129,2037.6131387048129,2010.1026102794553,2011.9366455078125,278000,0.0,0.0
2017-01-18 00:00:00+09:00,2013.770170697774,2017.4382402254566,1989.9277187678367,2008.26806640625,324000,0.0,0.0
2017-01-19 00:00:00+09:00,2006.433774480345,2026.608154296875,2004.5997399515695,2026.608154296875,420000,0.0,0.0
2017-01-20 00:00:00+09:00,2019.2724645568355,2057.787198213233,2011.9363248127597,2041.2808837890625,291500,0.0,0.0
2017-01-23 00:00:00+09:00,2015.6047159645268,2030.2769977913842,2004.600504594384,2011.9366455078125,216500,0.0,0.0
2017-01-24 00:00:00+09:00,2004.6002109437259,2017.4384556615723,1993.5960011855718,2013.7703857421875,211500,0.0,0.0
2017-01-25 00:00:00+09:00,2039.4469567670246,2052.2852019984716,2002.7662561057473,2006.434326171875,237000,0.0,0.0
2017-01-26 00:00:00+09:00,2030.276560869458,2041.2807698714605,2030.276560869458,2032.110595703125,242000,0.0,0.0
2017-01-27 00:00:00+09:00,2050.450785115375,2050.450785115375,2011.9360565935297,2015.6041259765625,192000,0.0,0.0
2017-01-30 00:00:00+09:00,2008.268016063384,2013.7701202169821,1993.5957383204552,2010.10205078125,293000,0.0,0.0
2017-01-31 00:00:00+09:00,2006.4342459034183,2024.7745955003415,1995.4300361452642,2013.7703857421875,481500,0.0,0.0
2017-02-01 00:00:00+09:00,2004.6001104181464,2022.9404590953482,1999.098005814986,2017.4383544921875,372000,0.0,0.0
2017-02-02 00:00:00+09:00,2019.272514279149,2019.272514279149,1958.74935990021,1964.25146484375,303000,0.0,0.0
2017-02-03 00:00:00+09:00,1960.5832307881692,1980.7576138926313,1955.0811263051341,1956.9151611328125,460500,0.0,0.0
2017-02-06 00:00:00+09:00,1967.9194804641436,1967.9194804641436,1940.4089565061172,1944.0770263671875,394000,0.0,0.0
2017-02-07 00:00:00+09:00,1944.0769884202364,1977.0896165254858,1944.0769884202364,1958.749267578125,547500,0.0,0.0
2017-02-08 00:00:00+09:00,1977.0896165254858,1977.0896165254858,1938.5748837360281,1958.749267578125,321500,0.0,0.0
2017-02-09 00:00:00+09:00,1958.7492123750887,1964.2513169042322,1934.906759415467,1938.5748291015625,305000,0.0,0.0
2017-02-10 00:00:00+09:00,1966.0850477430554,1982.5913587782118,1947.7447021484375,1980.75732421875,370000,0.0,0.0
2017-02-13 00:00:00+09:00,1988.0936431600617,1988.0936431600617,1967.9192611722751,1969.7532958984375,274500,0.0,0.0
2017-02-14 00:00:00+09:00,1984.4259100828933,1993.5960852681192,1953.247314453125,1953.247314453125,334000,0.0,0.0
2017-02-15 00:00:00+09:00,1973.4214745819177,1988.0937532033447,1955.0811263051341,1956.9151611328125,392000,0.0,0.0
2017-02-16 00:00:00+09:00,1962.4169553708175,1967.9190589840068,1925.7362646162228,1945.91064453125,312000,0.0,0.0
2017-02-17 00:00:00+09:00,1938.5750018033114,1945.911141829057,1929.4048267711291,1936.740966796875,232500,0.0,0.0
2017-02-20 00:00:00+09:00,1929.4047555353968,1942.24300010645,1922.0686157805094,1934.9068603515625,275500,0.0,0.0
2017-02-21 00:00:00+09:00,1934.9064373048716,1953.246782682169,1933.0724027671417,1945.91064453125,229500,0.0,0.0
2017-02-22 00:00:00+09:00,1942.2428906112066,1953.2470996231682,1936.7407861052259,1947.7449951171875,330000,0.0,0.0
2017-02-23 00:00:00+09:00,1958.74935990021,1969.7535697872897,1944.0770800507703,1964.25146484375,297500,0.0,0.0
2017-02-24 00:00:00+09:00,1953.24725495667,1975.2556747308297,1947.7451500131301,1964.25146484375,277000,0.0,0.0
2017-02-27 00:00:00+09:00,1940.4089651677282,1942.24300010645,1914.732476025622,1934.9068603515625,412000,0.0,0.0
2017-02-28 00:00:00+09:00,1955.0813470534335,1962.4174871924708,1931.2388916015625,1931.2388916015625,534000,0.0,0.0
2017-03-01 00:00:00+09:00,1938.5749632182874,1955.0812779476767,1929.4047883686267,1951.4132080078125,402500,0.0,0.0
2017-03-02 00:00:00+09:00,1969.7532958984375,1971.5873306245999,1953.2469833629757,1969.7532958984375,260000,0.0,0.0
2017-03-03 00:00:00+09:00,1949.5787136067095,1955.0808172198986,1933.0724027671417,1945.91064453125,328500,0.0,0.0
2017-03-06 00:00:00+09:00,1934.9071959872329,1945.9114075283924,1933.0731607303728,1940.4093017578125,231500,0.0,0.0
2017-03-07 00:00:00+09:00,1942.2432266277856,1978.9239296802461,1942.2432266277856,1975.255859375,322000,0.0,0.0
2017-03-08 00:00:00+09:00,1969.7534769465415,1969.7534769465415,1934.906813946556,1958.749267578125,296000,0.0,0.0
2017-03-09 00:00:00+09:00,1977.0892316726554,1977.0892316726554,1940.4085409180607,1945.91064453125,279000,0.0,0.0
2017-03-10 00:00:00+09:00,1966.0852264461128,1973.4213653507625,1951.4129486368133,1969.7532958984375,437000,0.0,0.0
2017-03-13 00:00:00+09:00,1967.9194042106544,1988.0937876648177,1964.2513344917156,1973.4215087890625,263500,0.0,0.0
2017-03-14 00:00:00+09:00,1975.2556238886134,1984.425798558477,1966.0854492187498,1966.08544921875,227000,0.0,0.0
2017-03-15 00:00:00+09:00,1969.7535313278354,1982.5917759454285,1962.4173915463539,1978.9237060546875,286000,0.0,0.0
2017-03-16 00:00:00+09:00,1964.2514648437498,1969.7535697872897,1956.91532491903,1964.25146484375,299000,0.0,0.0
2017-03-17 00:00:00+09:00,1971.5872734981333,1971.5872734981333,1945.910788075832,1949.578857421875,434500,0.0,0.0
2017-03-21 00:00:00+09:00,1945.9111269267569,1945.9111269267569,1894.5581471398114,1901.894287109375,498000,0.0,0.0
2017-03-22 00:00:00+09:00,1887.221809744835,1892.7239141464233,1876.217600941658,1878.0516357421875,411000,0.0,0.0
2017-03-23 00:00:00+09:00,1868.881702287395,1872.5497723605793,1856.04345703125,1856.04345703125,421500,0.0,0.0
2017-03-24 00:00:00+09:00,1854.2093714330886,1872.5497212988955,1848.7072664733464,1857.87744140625,456500,0.0,0.0
2017-03-27 00:00:00+09:00,1848.7072125280688,1852.375282394196,1835.868967996624,1837.7030029296875,339000,0.0,0.0
2017-03-28 00:00:00+09:00,1857.8774622123228,1865.213602240802,1848.707287176724,1861.5455322265625,623500,0.0,0.0
2017-03-29 00:00:00+09:00,1874.3963530623926,1881.73972760916,1852.36622942209,1867.052978515625,460500,2.0,0.0
2017-03-30 00:00:00+09:00,1856.0380401003408,1870.7247901703734,1839.5154462715545,1843.1871337890625,462000,0.0,0.0
2017-03-31 00:00:00+09:00,1863.3812537560098,1874.3963153545674,1751.394794170673,1766.08154296875,1407000,0.0,0.0
2017-04-03 00:00:00+09:00,1793.6193059637994,1857.8738358601486,1784.4400874071782,1854.2021484375,1344000,0.0,0.0
2017-04-04 00:00:00+09:00,1845.0227605646307,1845.0227605646307,1806.4700461647726,1817.485107421875,662500,0.0,0.0
2017-04-05 00:00:00+09:00,1817.485097765197,1830.3360024968702,1804.634193033524,1810.1417236328125,445000,0.0,0.0
2017-04-06 00:00:00+09:00,1817.4851260112628,1828.500187381028,1806.4700646414976,1808.305908203125,735000,0.0,0.0
2017-04-07 00:00:00+09:00,1822.9926380504262,1832.171855764678,1808.305889707623,1817.485107421875,579500,0.0,0.0
2017-04-10 00:00:00+09:00,1821.156756585613,1830.335974108726,1810.1416955578775,1811.9775390625,560500,0.0,0.0
2017-04-11 00:00:00+09:00,1817.484995421749,1830.3358994297816,1804.6340914137165,1824.828369140625,697500,0.0,0.0
2017-04-12 00:00:00+09:00,1817.485107421875,1828.5001686789772,1810.1417332504734,1817.485107421875,595500,0.0,0.0
2017-04-13 00:00:00+09:00,1808.305852053255,1819.3209130809905,1802.7983215393872,1811.9775390625,439500,0.0,0.0
2017-04-14 00:00:00+09:00,1802.7985289207325,1806.470216352343,1780.7684043310696,1782.604248046875,312000,0.0,0.0
2017-04-17 00:00:00+09:00,1784.4399975362412,1804.63427734375,1784.4399975362412,1804.63427734375,272500,0.0,0.0
2017-04-18 00:00:00+09:00,1808.305992241481,1826.6644287109375,1808.305992241481,1826.6644287109375,531000,0.0,0.0
2017-04-19 00:00:00+09:00,1804.63427734375,1819.3210262946657,1793.6192156305633,1804.63427734375,651000,0.0,0.0
2017-04-20 00:00:00+09:00,1806.4700641396605,1810.1417512618957,1782.6040978451326,1784.43994140625,394000,0.0,0.0
2017-04-21 00:00:00+09:00,1797.2908468333599,1813.8134388880078,1791.7833161484773,1808.305908203125,408500,0.0,0.0
2017-04-24 00:00:00+09:00,1835.8435621242486,1837.6794056863728,1822.9926571893789,1832.171875,384000,0.0,0.0
2017-04-25 00:00:00+09:00,1824.828602467935,1865.2171630859375,1822.9927588034802,1865.2171630859375,487500,0.0,0.0
2017-04-26 00:00:00+09:00,1852.3661735617027,1878.067983700319,1852.3661735617027,1870.724609375,399500,0.0,0.0
2017-04-27 00:00:00+09:00,1859.7095384419258,1870.7245998739609,1854.2020077259083,1863.3812255859375,224000,0.0,0.0
2017-04-28 00:00:00+09:00,1872.5606515756238,1872.5606515756238,1854.2022138150785,1857.8739013671875,414000,0.0,0.0
2017-05-01 00:00:00+09:00,1870.7245336986364,1870.7245336986364,1841.3510375856058,1859.70947265625,327000,0.0,0.0
2017-05-02 00:00:00+09:00,1870.7243685463602,1894.59033203125,1867.0526818563771,1894.59033203125,332500,0.0,0.0
2017-05-08 00:00:00+09:00,1909.2775848765434,1933.1435546875,1903.7700533817072,1933.1435546875,390500,0.0,0.0
2017-05-09 00:00:00+09:00,1933.1435546875,1940.4869300139483,1922.1284916978277,1933.1435546875,443500,0.0,0.0
2017-05-10 00:00:00+09:00,1933.1435546875,1936.8152423507242,1920.2926478662157,1933.1435546875,356000,0.0,0.0
2017-05-11 00:00:00+09:00,1931.3074764090936,1934.9791636266013,1909.2773531040468,1916.6207275390625,415000,0.0,0.0
2017-05-12 00:00:00+09:00,1934.9790687451314,1934.9790687451314,1905.605572445395,1914.7847900390625,386000,0.0,0.0
2017-05-15 00:00:00+09:00,1931.3073574922093,1991.890192850805,1916.620609526489,1988.218505859375,757000,0.0,0.0
2017-05-16 00:00:00+09:00,2019.4280509813934,2089.190110924387,2019.4280509813934,2078.175048828125,1318000,0.0,0.0
2017-05-17 00:00:00+09:00,2045.129547173346,2067.15966796875,2037.786173574878,2067.15966796875,459500,0.0,0.0
2017-05-18 00:00:00+09:00,2039.6219618777013,2070.831298828125,2039.6219618777013,2070.831298828125,394000,0.0,0.0
2017-05-19 00:00:00+09:00,2050.637132963676,2067.159724008146,2034.114541919206,2063.488037109375,427000,0.0,0.0
2017-05-22 00:00:00+09:00,2034.1144867756439,2068.9955113683673,2021.2635829783248,2067.15966796875,375500,0.0,0.0
2017-05-23 00:00:00+09:00,2054.3088198624473,2074.5030978056884,2054.3088198624473,2063.488037109375,310500,0.0,0.0
2017-05-24 00:00:00+09:00,2076.339111328125,2083.6824857271636,2063.4882061298076,2076.339111328125,335000,0.0,0.0
2017-05-25 00:00:00+09:00,2092.8615918309015,2120.3992443549923,2092.8615918309015,2107.54833984375,372000,0.0,0.0
2017-05-26 00:00:00+09:00,2116.72801092556,2118.5638548205516,2100.2054158706333,2102.041259765625,252500,0.0,0.0
2017-05-29 00:00:00+09:00,2103.876840183424,2118.563589504076,2100.205152853261,2111.22021484375,171000,0.0,0.0
2017-05-30 00:00:00+09:00,2098.3695352691275,2102.041222994883,2078.175252777474,2096.53369140625,340500,0.0,0.0
2017-05-31 00:00:00+09:00,2091.0260489212133,2102.041111514301,2065.324236204008,2080.010986328125,1134000,0.0,0.0
2017-06-01 00:00:00+09:00,2091.0258234672906,2142.429443359375,2080.010762061844,2142.429443359375,394500,0.0,0.0
2017-06-02 00:00:00+09:00,2120.399394706082,2157.116267341685,2120.399394706082,2153.444580078125,526500,0.0,0.0
2017-06-05 00:00:00+09:00,2155.2801058494438,2173.638539459746,2153.4442624884136,2166.295166015625,400000,0.0,0.0
2017-06-06 00:00:00+09:00,2166.2952963212533,2179.146200621464,2146.1010181352076,2149.772705078125,501500,0.0,0.0
2017-06-07 00:00:00+09:00,2173.638974283576,2173.638974283576,2135.0862559896946,2146.101318359375,545000,0.0,0.0
2017-06-08 00:00:00+09:00,2140.5939981637575,2149.773217709914,2116.72802734375,2116.72802734375,390000,0.0,0.0
2017-06-09 00:00:00+09:00,2094.6977515790863,2129.578783375758,2094.6977515790863,2118.563720703125,500000,0.0,0.0
2017-06-12 00:00:00+09:00,2118.563683583569,2122.235371076781,2102.041089864113,2113.05615234375,351000,0.0,0.0
2017-06-13 00:00:00+09:00,2105.7126838485055,2125.9069641644023,2089.1900908627717,2111.22021484375,337000,0.0,0.0
2017-06-14 00:00:00+09:00,2111.22017695986,2135.086144177667,2107.548489695582,2129.57861328125,358000,0.0,0.0
2017-06-15 00:00:00+09:00,2136.9217809544284,2147.9368416809975,2124.070876773431,2135.0859375,356000,0.0,0.0
2017-06-16 00:00:00+09:00,2138.757568359375,2147.9367853909603,2124.0708211088386,2138.757568359375,485000,0.0,0.0
2017-06-19 00:00:00+09:00,2149.7728737831917,2191.9972769403334,2147.9370301676636,2186.48974609375,448500,0.0,0.0
2017-06-20 00:00:00+09:00,2190.1612829425994,2210.3555613268145,2188.325439453125,2188.325439453125,290000,0.0,0.0
2017-06-21 00:00:00+09:00,2186.489802560253,2199.3407082008252,2173.6388969196805,2182.818115234375,293000,0.0,0.0
2017-06-22 00:00:00+09:00,2179.1462220057547,2191.9971264320734,2175.4745350268063,2188.325439453125,217000,0.0,0.0
2017-06-23 00:00:00+09:00,2180.982421875,2182.818265664457,2166.2956715593436,2180.982421875,363500,0.0,0.0
2017-06-26 00:00:00+09:00,2184.6539214007166,2199.3406704521503,2177.310546875,2177.310546875,207500,0.0,0.0
2017-06-27 00:00:00+09:00,2179.14627798385,2190.16133920365,2177.3104344472163,2184.65380859375,236500,0.0,0.0
2017-06-28 00:00:00+09:00,2173.638539459746,2177.3102261818062,2164.459322654595,2166.295166015625,198500,0.0,0.0
2017-06-29 00:00:00+09:00,2175.4747032435707,2193.8331395578625,2173.638859612142,2177.310546875,254500,0.0,0.0
2017-06-30 00:00:00+09:00,2177.3105282224906,2177.3105282224906,2153.4445612183654,2162.623779296875,290500,0.0,0.0
2017-07-03 00:00:00+09:00,2155.280404834067,2169.967153759683,2151.6087176026635,2162.623779296875,182500,0.0,0.0
2017-07-04 00:00:00+09:00,2171.8028649715184,2179.1462389866374,2147.936899422381,2155.2802734375,155500,0.0,0.0
2017-07-05 00:00:00+09:00,2157.11607896396,2162.623609378336,2133.2501138349967,2149.772705078125,321000,0.0,0.0
2017-07-06 00:00:00+09:00,2149.7730234773258,2168.1314609109495,2149.7730234773258,2160.7880859375,357000,0.0,0.0
2017-07-07 00:00:00+09:00,2151.6084722035944,2151.6084722035944,2129.5783513277897,2138.757568359375,274000,0.0,0.0
2017-07-10 00:00:00+09:00,2164.459266933693,2180.9818567576144,2157.115893678617,2169.966796875,264500,0.0,0.0
2017-07-11 00:00:00+09:00,2162.6239839804293,2182.818265664457,2162.6239839804293,2180.982421875,202000,0.0,0.0
2017-07-12 00:00:00+09:00,2169.967078095003,2169.967078095003,2149.772799026437,2151.608642578125,207000,0.0,0.0
2017-07-13 00:00:00+09:00,2169.9673616190157,2173.6390492021274,2151.6089237034575,2157.116455078125,211000,0.0,0.0
2017-07-14 00:00:00+09:00,2153.4442624884136,2173.638539459746,2153.4442624884136,2166.295166015625,196000,0.0,0.0
2017-07-17 00:00:00+09:00,2166.295166015625,2166.295166015625,2166.295166015625,2166.295166015625,0,0.0,0.0
2017-07-18 00:00:00+09:00,2164.459266933693,2171.802640188769,2157.115893678617,2169.966796875,283000,0.0,0.0
2017-07-19 00:00:00+09:00,2164.459529690783,2201.1764004234506,2164.459529690783,2184.65380859375,256000,0.0,0.0
2017-07-20 00:00:00+09:00,2190.161059773763,2210.3553361002605,2190.161059773763,2203.011962890625,269500,0.0,0.0
2017-07-21 00:00:00+09:00,2190.1612631308067,2190.1612631308067,2160.7877675649283,2173.638671875,288500,0.0,0.0
2017-07-24 00:00:00+09:00,2149.7728739869617,2166.295466528279,2138.75781229275,2162.623779296875,283000,0.0,0.0
2017-07-25 00:00:00+09:00,2162.6237982370258,2171.8030163959265,2153.444580078125,2153.444580078125,223000,0.0,0.0
2017-07-26 00:00:00+09:00,2151.6088672206884,2164.4597734242247,2146.101335990601,2160.7880859375,334500,0.0,0.0
2017-07-27 00:00:00+09:00,2169.96702271022,2199.340518787516,2164.4594921957273,2179.146240234375,317000,0.0,0.0
2017-07-28 00:00:00+09:00,2177.310170130076,2177.310170130076,2157.115893678617,2169.966796875,243000,0.0,0.0
2017-07-31 00:00:00+09:00,2162.623423619924,2180.9818567576144,2149.7725204235408,2169.966796875,306500,0.0,0.0
2017-08-01 00:00:00+09:00,2173.6391168703394,2226.878588482873,2173.6391168703394,2215.863525390625,477000,0.0,0.0
2017-08-02 00:00:00+09:00,2226.8782099363184,2226.8782099363184,2182.8179650571165,2184.65380859375,441000,0.0,0.0
2017-08-03 00:00:00+09:00,2173.638765822785,2191.997201344937,2160.7878609572786,2175.474609375,424000,0.0,0.0
2017-08-04 00:00:00+09:00,2168.1313099384706,2186.48974609375,2158.952091860831,2186.48974609375,277000,0.0,0.0
2017-08-07 00:00:00+09:00,2199.340538376046,2206.683912460774,2186.489633727772,2193.8330078125,253000,0.0,0.0
2017-08-08 00:00:00+09:00,2208.519775390625,2208.519775390625,2190.1613400174692,2208.519775390625,332500,0.0,0.0
2017-08-09 00:00:00+09:00,2195.6690208749474,2204.848239189642,2153.4446166273524,2182.818115234375,475500,0.0,0.0
2017-08-10 00:00:00+09:00,2182.8185559766916,2226.878812783622,2179.1468679094473,2225.04296875,488500,0.0,0.0
2017-08-11 00:00:00+09:00,2225.04296875,2225.04296875,2225.04296875,2225.04296875,0,0.0,0.0
2017-08-14 00:00:00+09:00,2225.0423516439455,2322.3420584402566,2221.370664595028,2289.296875,1138000,0.0,0.0
2017-08-15 00:00:00+09:00,2294.804556816454,2294.804556816454,2236.0575601619526,2263.59521484375,803500,0.0,0.0
2017-08-16 00:00:00+09:00,2236.0576738056384,2252.5802674544484,2230.550142589368,2232.385986328125,630000,0.0,0.0
2017-08-17 00:00:00+09:00,2232.3860800123257,2247.0728305387224,2226.878548564927,2234.221923828125,364500,0.0,0.0
2017-08-18 00:00:00+09:00,2186.4896347349054,2223.206505175458,2184.653791212878,2217.698974609375,429500,0.0,0.0
2017-08-21 00:00:00+09:00,2239.729248046875,2250.7443099225156,2232.385873463115,2239.729248046875,525000,0.0,0.0
2017-08-22 00:00:00+09:00,2239.7294380686517,2245.2369694737386,2206.6842496381305,2219.53515625,509000,0.0,0.0
2017-08-23 00:00:00+09:00,2239.728909774918,2247.07228324959,2221.3704760882383,2237.89306640625,380000,0.0,0.0
2017-08-24 00:00:00+09:00,2217.698918517562,2230.54982284672,2204.848014188404,2221.37060546875,395500,0.0,0.0
2017-08-25 00:00:00+09:00,2228.714149044202,2237.89336712099,2206.68402565991,2210.355712890625,379000,0.0,0.0
2017-08-28 00:00:00+09:00,2212.1915188677403,2215.8632060359855,2186.489708690024,2204.84814453125,413500,0.0,0.0
2017-08-29 00:00:00+09:00,2199.3402762858072,2212.191179402669,2184.6535298665362,2203.011962890625,443000,0.0,0.0
2017-08-30 00:00:00+09:00,2215.8631127869307,2237.8932348693193,2203.0122082388707,2226.878173828125,525000,0.0,0.0
2017-08-31 00:00:00+09:00,2239.729455275524,2248.9086743545217,2230.550236196526,2234.221923828125,448000,0.0,0.0
2017-09-01 00:00:00+09:00,2258.087627704327,2296.640343299279,2237.893348106971,2291.1328125,550500,0.0,0.0
2017-09-04 00:00:00+09:00,2269.10265162084,2289.296930882838,2236.0574673739347,2261.75927734375,367500,0.0,0.0
2017-09-05 00:00:00+09:00,2270.938800144117,2272.774643959917,2223.2068609333273,2234.221923828125,402500,0.0,0.0
2017-09-06 00:00:00+09:00,2237.8932372455733,2298.476073036471,2237.8932372455733,2274.610107421875,535000,0.0,0.0
2017-09-07 00:00:00+09:00,2278.2818138532475,2298.4760926222934,2270.9384397554127,2289.296875,684000,0.0,0.0
2017-09-08 00:00:00+09:00,2280.117863400573,2292.968769232943,2267.2669575682025,2283.78955078125,367500,0.0,0.0
2017-09-11 00:00:00+09:00,2292.9686560997598,2292.9686560997598,2263.595158503606,2267.266845703125,483500,0.0,0.0
2017-09-12 00:00:00+09:00,2285.625281700721,2285.625281700721,2252.5800969050483,2267.266845703125,376500,0.0,0.0
2017-09-13 00:00:00+09:00,2292.9685630192835,2314.9986853221108,2278.2818148173983,2313.162841796875,313500,0.0,0.0
2017-09-14 00:00:00+09:00,2313.1627856948294,2340.7004379054824,2302.1477248105684,2316.83447265625,448000,0.0,0.0
2017-09-15 00:00:00+09:00,2314.998351091109,2335.192626953125,2303.9832915300094,2335.192626953125,569500,0.0,0.0
2017-09-18 00:00:00+09:00,2335.192626953125,2335.192626953125,2335.192626953125,2335.192626953125,0,0.0,0.0
2017-09-19 00:00:00+09:00,2331.5213156194895,2346.2080640643367,2320.5062542858545,2342.536376953125,394000,0.0,0.0
2017-09-20 00:00:00+09:00,2327.849515341358,2342.536263072218,2318.67029800957,2326.013671875,294000,0.0,0.0
2017-09-21 00:00:00+09:00,2322.342172416765,2335.1930777186762,2316.834641573089,2329.685546875,292000,0.0,0.0
2017-09-22 00:00:00+09:00,2329.6853967381276,2338.864614219365,2309.4911182794044,2331.521240234375,390000,0.0,0.0
2017-09-25 00:00:00+09:00,2331.5210902156277,2340.7003071062404,2320.5060299468923,2333.35693359375,247500,0.0,0.0
2017-09-26 00:00:00+09:00,2326.0137855168737,2371.909874418154,2318.6704112926686,2366.40234375,394000,0.0,0.0
2017-09-27 00:00:00+09:00,2391.321786137351,2439.3143499656576,2362.710834624322,2383.015380859375,372000,14.0,0.5
2017-09-28 00:00:00+09:00,2394.0906346648712,2415.318115234375,2363.633814717323,2415.318115234375,432300,0.0,0.0
2017-09-29 00:00:00+09:00,2425.4699080044384,2425.4699080044384,2388.5525578065017,2404.242431640625,387300,0.0,0.0
2017-10-02 00:00:00+09:00,2400.551236074234,2400.551236074234,2350.712802107295,2357.17333984375,282900,0.0,0.0
2017-10-03 00:00:00+09:00,2354.404308029121,2375.631787090144,2339.6373660736263,2343.3291015625,542500,0.0,0.0
2017-10-04 00:00:00+09:00,2338.7141089223246,2345.174645134817,2310.103162838429,2341.48291015625,507600,0.0,0.0
2017-10-05 00:00:00+09:00,2345.1752772084983,2361.7880890895503,2339.6376732481476,2359.019287109375,483600,0.0,0.0
2017-10-06 00:00:00+09:00,2384.8612664233133,2390.3988699831198,2353.481512917743,2366.402587890625,438200,0.0,0.0
2017-10-09 00:00:00+09:00,2366.402587890625,2366.402587890625,2366.402587890625,2366.402587890625,0,0.0,0.0
2017-10-10 00:00:00+09:00,2381.16941109231,2428.239038985995,2381.16941109231,2403.31982421875,612600,0.0,0.0
2017-10-11 00:00:00+09:00,2379.3237642359404,2379.3237642359404,2342.406405597679,2348.866943359375,504800,0.0,0.0
2017-10-12 00:00:00+09:00,2360.864596651259,2365.4792655266524,2343.328854924764,2346.09765625,259000,0.0,0.0
2017-10-13 00:00:00+09:00,2338.7144074176126,2380.2464312273173,2332.253870380547,2368.248291015625,319500,0.0,0.0
2017-10-16 00:00:00+09:00,2365.4798250631175,2372.8632970102517,2349.789947175457,2359.019287109375,305500,0.0,0.0
2017-10-17 00:00:00+09:00,2399.6281257614523,2400.551059655976,2352.558497140747,2367.325439453125,377800,0.0,0.0
2017-10-18 00:00:00+09:00,2372.8632970102517,2381.1697029507777,2348.8670131820654,2359.019287109375,342700,0.0,0.0
2017-10-19 00:00:00+09:00,2341.4828910902115,2372.8626381525164,2332.2535537189456,2363.63330078125,502900,0.0,0.0
2017-10-20 00:00:00+09:00,2358.0960212793843,2369.171227641558,2351.6354842347832,2365.4794921875,411700,0.0,0.0
2017-10-23 00:00:00+09:00,2370.094161505072,2372.862963095615,2351.6354842347832,2365.4794921875,328700,0.0,0.0
2017-10-24 00:00:00+09:00,2371.9400890612915,2399.62810566512,2367.32541962732,2386.70703125,305800,0.0,0.0
2017-10-25 00:00:00+09:00,2452.2352555685616,2481.769138962688,2418.086702894103,2467.002197265625,676800,0.0,0.0
2017-10-26 00:00:00+09:00,2461.4641047593186,2480.845711883408,2453.1577017061377,2469.7705078125,411100,0.0,0.0
2017-10-27 00:00:00+09:00,2498.3820887651154,2514.0719651999166,2474.385807158949,2490.07568359375,589300,0.0,0.0
2017-10-30 00:00:00+09:00,2482.692282596784,2504.842697014004,2482.692282596784,2500.22802734375,474600,0.0,0.0
2017-10-31 00:00:00+09:00,2502.0734913824226,2512.2257630184267,2487.3065508209625,2496.535888671875,287600,0.0,0.0
2017-11-01 00:00:00+09:00,2510.379697730993,2542.6823776650317,2497.458625757378,2537.144775390625,415000,0.0,0.0
2017-11-02 00:00:00+09:00,2531.6071731162187,2545.451178802235,2507.61089659379,2537.144775390625,260700,0.0,0.0
2017-11-03 00:00:00+09:00,2537.144775390625,2537.144775390625,2537.144775390625,2537.144775390625,0,0.0,0.0
2017-11-06 00:00:00+09:00,2547.2978643558954,2561.1418744882644,2523.3015801264555,2536.22265625,303200,0.0,0.0
2017-11-07 00:00:00+09:00,2536.2223946329314,2552.835205078125,2520.532518101359,2552.835205078125,390100,0.0,0.0
2017-11-08 00:00:00+09:00,2549.1433215553975,2550.066255415483,2528.8387766335227,2538.068115234375,357200,0.0,0.0
2017-11-09 00:00:00+09:00,2557.4499783974693,2570.371053712361,2501.151007382585,2532.53076171875,697600,0.0,0.0
2017-11-10 00:00:00+09:00,2497.4590611023377,2514.071870821422,2484.5379868763835,2502.07373046875,347800,0.0,0.0
2017-11-13 00:00:00+09:00,2261.1880719755873,2349.7897270407534,2254.727534627086,2336.86865234375,998700,0.0,0.0
2017-11-14 00:00:00+09:00,2336.8683852158583,2337.7913190172862,2266.7254163073253,2274.10888671875,998900,0.0,0.0
2017-11-15 00:00:00+09:00,2277.8010850334404,2288.876292902323,2220.5791777108825,2225.19384765625,566900,0.0,0.0
2017-11-16 00:00:00+09:00,2225.1935699924334,2270.4173298139303,2221.501834496801,2258.419189453125,457000,0.0,0.0
2017-11-17 00:00:00+09:00,2276.878119319055,2305.4890725816776,2247.3442320802183,2252.8818359375,464300,0.0,0.0
2017-11-20 00:00:00+09:00,2227.9623200537008,2239.037526284291,2215.9641799705614,2228.88525390625,284500,0.0,0.0
2017-11-21 00:00:00+09:00,2227.9622273830055,2256.5731756219757,2223.347558312204,2240.88330078125,393100,0.0,0.0
2017-11-22 00:00:00+09:00,2257.496184150182,2265.8025887525337,2237.1916395666567,2248.266845703125,264900,0.0,0.0
2017-11-23 00:00:00+09:00,2248.266845703125,2248.266845703125,2248.266845703125,2248.266845703125,0,0.0,0.0
2017-11-24 00:00:00+09:00,2220.5789172257746,2251.0357352924625,2213.195446179305,2241.806396484375,267100,0.0,0.0
2017-11-27 00:00:00+09:00,2242.729742975518,2254.727885633412,2235.3462705706606,2237.192138671875,207000,0.0,0.0
2017-11-28 00:00:00+09:00,2256.5732394947727,2269.494313258751,2243.6521657307944,2259.342041015625,465500,0.0,0.0
2017-11-29 00:00:00+09:00,2265.8026354950866,2284.2613127699956,2254.727429130141,2283.33837890625,336500,0.0,0.0
2017-11-30 00:00:00+09:00,2278.723709587523,2310.1034609548683,2256.5732968576317,2283.33837890625,1268500,0.0,0.0
2017-12-01 00:00:00+09:00,2314.7183715820315,2320.255975341797,2278.7239471435546,2288.876220703125,330400,0.0,0.0
2017-12-04 00:00:00+09:00,2427.316128043241,2427.316128043241,2300.874185251635,2301.797119140625,624200,0.0,0.0
2017-12-05 00:00:00+09:00,2301.7970691243745,2353.4813657847453,2282.415457876735,2351.635498046875,462900,0.0,0.0
2017-12-06 00:00:00+09:00,2351.6357953763263,2362.7110032038445,2288.8762843537243,2304.566162109375,361500,0.0,0.0
2017-12-07 00:00:00+09:00,2339.6370927829184,2385.783781003489,2305.4885434996963,2376.554443359375,564900,0.0,0.0
2017-12-08 00:00:00+09:00,2410.702869242482,2435.6220796060143,2388.552460030453,2424.546875,761000,0.0,0.0
2017-12-11 00:00:00+09:00,2436.5455098244943,2446.6977827820965,2387.6300128469575,2419.009765625,485800,0.0,0.0
2017-12-12 00:00:00+09:00,2423.6244207680315,2443.928966562737,2414.395081770438,2432.853759765625,214900,0.0,0.0
2017-12-13 00:00:00+09:00,2386.7072112431274,2418.0869657606318,2368.2485321151835,2371.017333984375,528400,0.0,0.0
2017-12-14 00:00:00+09:00,2386.70680769266,2386.70680769266,2355.3270584809234,2364.556396484375,233700,0.0,0.0
2017-12-15 00:00:00+09:00,2342.4059955193015,2371.9398772594977,2326.7161208448224,2353.481201171875,510900,0.0,0.0
2017-12-18 00:00:00+09:00,2372.8632970102517,2374.7091649970353,2354.404617142416,2359.019287109375,318800,0.0,0.0
2017-12-19 00:00:00+09:00,2368.2483906081297,2368.2483906081297,2346.097976978124,2350.712646484375,168200,0.0,0.0
2017-12-20 00:00:00+09:00,2350.7123251253934,2359.94166287618,2334.0995171739773,2346.09765625,194300,0.0,0.0
2017-12-21 00:00:00+09:00,2339.637220110212,2347.020690627325,2318.409742373512,2325.793212890625,389800,0.0,0.0
2017-12-22 00:00:00+09:00,2325.793212890625,2342.4060215541294,2309.1804042271206,2325.793212890625,459600,0.0,0.0
2017-12-25 00:00:00+09:00,2327.6392285079232,2358.0960463274164,2327.6392285079232,2340.560302734375,130400,0.0,0.0
2017-12-26 00:00:00+09:00,2346.0975812928546,2354.4039850031754,2333.1765088545776,2338.714111328125,117300,0.0,0.0
2017-12-27 00:00:00+09:00,2324.870517322966,2344.2521294165676,2310.10357477546,2331.3310546875,150100,0.0,0.0
2017-12-28 00:00:00+09:00,2335.0226473579773,2346.097853590505,2307.3346317766573,2311.0263671875,170700,0.0,0.0
2017-12-29 00:00:00+09:00,2312.872163150572,2318.4097660950665,2299.9510896134175,2300.8740234375,157500,0.0,0.0
2018-01-01 00:00:00+09:00,2300.8740234375,2300.8740234375,2300.8740234375,2300.8740234375,0,0.0,0.0
2018-01-02 00:00:00+09:00,2300.8740234375,2300.8740234375,2300.8740234375,2300.8740234375,0,0.0,0.0
2018-01-03 00:00:00+09:00,2300.8740234375,2300.8740234375,2300.8740234375,2300.8740234375,0,0.0,0.0
2018-01-04 00:00:00+09:00,2333.1766472726385,2365.47933028472,2323.947309269187,2364.556396484375,380000,0.0,0.0
2018-01-05 00:00:00+09:00,2371.0171205538677,2373.7859221738217,2336.868567241103,2340.560302734375,306600,0.0,0.0
2018-01-08 00:00:00+09:00,2340.560302734375,2340.560302734375,2340.560302734375,2340.560302734375,0,0.0,0.0
2018-01-09 00:00:00+09:00,2355.327175542724,2358.0959770813715,2308.2575493857184,2327.63916015625,495500,0.0,0.0
2018-01-10 00:00:00+09:00,2335.945548566683,2354.404225362943,2332.253813207431,2344.251953125,275400,0.0,0.0
2018-01-11 00:00:00+09:00,2344.2520270953933,2373.7859109013198,2344.2520270953933,2351.635498046875,608300,0.0,0.0
2018-01-12 00:00:00+09:00,2345.1744286053845,2349.789096902522,2304.5653475905724,2305.48828125,388600,0.0,0.0
2018-01-15 00:00:00+09:00,2315.640709498971,2322.1012455557634,2307.3343059973804,2311.948974609375,306200,0.0,0.0
2018-01-16 00:00:00+09:00,2299.028311816406,2313.7952540039064,2290.7219068359373,2307.334716796875,255400,0.0,0.0
2018-01-17 00:00:00+09:00,2277.800846485161,2303.642995472837,2274.1091109154927,2293.49072265625,326200,0.0,0.0
2018-01-18 00:00:00+09:00,2314.717801881068,2327.638874140372,2281.4921875,2281.4921875,387000,0.0,0.0
2018-01-19 00:00:00+09:00,2291.6448720770422,2301.797144969852,2269.4944584927293,2276.8779296875,410200,0.0,0.0
2018-01-22 00:00:00+09:00,2276.8777063333055,2276.8777063333055,2246.4208906425883,2254.727294921875,212500,0.0,0.0
2018-01-23 00:00:00+09:00,2246.421128123086,2268.5715418761483,2242.7293924975756,2260.26513671875,218800,0.0,0.0
2018-01-24 00:00:00+09:00,2247.343963672508,2280.569582847954,2244.575162074554,2277.80078125,299700,0.0,0.0
2018-01-25 00:00:00+09:00,2249.189997014407,2275.955081098698,2249.189997014407,2273.186279296875,348300,0.0,0.0
2018-01-26 00:00:00+09:00,2273.1861314356547,2288.8760072920923,2258.419189453125,2258.419189453125,315200,0.0,0.0
2018-01-29 00:00:00+09:00,2255.650236557621,2262.1107732417063,2240.8832955654275,2246.4208984375,346100,0.0,0.0
2018-01-30 00:00:00+09:00,2239.03759765625,2261.188010823501,2236.2687960103435,2239.03759765625,333200,0.0,0.0
2018-01-31 00:00:00+09:00,2237.1914307252505,2256.573039654801,2208.5804842102,2209.50341796875,402000,0.0,0.0
2018-02-01 00:00:00+09:00,2213.1953676252833,2240.8833830668004,2203.9660291447776,2239.96044921875,337000,0.0,0.0
2018-02-02 00:00:00+09:00,2219.655896517248,2259.3420518395938,2216.8870949831307,2248.266845703125,445000,0.0,0.0
2018-02-05 00:00:00+09:00,2203.9662173718984,2231.654235178078,2203.9662173718984,2213.195556640625,466500,0.0,0.0
2018-02-06 00:00:00+09:00,2147.66726910725,2167.048881763568,2088.5994972022804,2117.21044921875,592500,0.0,0.0
2018-02-07 00:00:00+09:00,2150.435788399459,2207.657684914809,2150.435788399459,2153.20458984375,674100,0.0,0.0
2018-02-08 00:00:00+09:00,2164.2797104619635,2188.2759887016273,2153.2045051205805,2156.896240234375,507800,0.0,0.0
2018-02-09 00:00:00+09:00,2090.4453504586336,2131.054443359375,2082.1389450925726,2131.054443359375,485100,0.0,0.0
2018-02-12 00:00:00+09:00,2131.054443359375,2131.054443359375,2131.054443359375,2131.054443359375,0,0.0,0.0
2018-02-13 00:00:00+09:00,2307.3344301519373,2307.3344301519373,2160.5879603942744,2173.509033203125,912000,0.0,0.0
2018-02-14 00:00:00+09:00,2173.509058404738,2185.5071975806454,2131.9770381804437,2145.821044921875,686500,0.0,0.0
2018-02-15 00:00:00+09:00,2167.9713678114613,2180.892440246268,2150.4356266499385,2152.281494140625,405200,0.0,0.0
2018-02-16 00:00:00+09:00,2150.4361297778646,2160.5884033519233,2133.8233184748597,2138.43798828125,373600,0.0,0.0
2018-02-19 00:00:00+09:00,2155.973757506321,2193.814050339266,2141.2068139617572,2190.122314453125,247400,0.0,0.0
2018-02-20 00:00:00+09:00,2185.5076445954487,2197.5057862254066,2179.970040766237,2190.122314453125,233800,0.0,0.0
2018-02-21 00:00:00+09:00,2179.046872211592,2197.5055496551463,2170.740467361992,2181.815673828125,327100,0.0,0.0
2018-02-22 00:00:00+09:00,2155.973465532892,2165.202803998358,2147.6670609139724,2160.588134765625,317900,0.0,0.0
2018-02-23 00:00:00+09:00,2160.5881320575804,2168.8945366660887,2143.0523889951737,2163.35693359375,303900,0.0,0.0
2018-02-26 00:00:00+09:00,2157.8192355915653,2186.430183539956,2155.050434177205,2178.123779296875,323500,0.0,0.0
2018-02-27 00:00:00+09:00,2211.349709619531,2213.1955774906655,2178.124087939104,2193.81396484375,350400,0.0,0.0
2018-02-28 00:00:00+09:00,2187.3532911278735,2224.2706462523947,2167.9716796875,2167.9716796875,681100,0.0,0.0
2018-03-01 00:00:00+09:00,2110.749617307679,2142.1293667560662,2079.369867859292,2084.907470703125,511300,0.0,0.0
2018-03-02 00:00:00+09:00,2012.9187038621299,2041.529652885388,1999.9976301096908,2010.14990234375,792400,0.0,0.0
2018-03-05 00:00:00+09:00,2002.7664156776525,2033.2232321372667,1999.997614181324,2026.7626953125,339500,0.0,0.0
2018-03-06 00:00:00+09:00,2041.5297596408834,2087.676454026979,2036.9150902022736,2066.448974609375,494800,0.0,0.0
2018-03-07 00:00:00+09:00,2043.375691515334,2095.982924765729,2043.375691515334,2082.138916015625,550700,0.0,0.0
2018-03-08 00:00:00+09:00,2168.894553082008,2208.580708734147,2135.6689343964963,2146.744140625,751700,0.0,0.0
2018-03-09 00:00:00+09:00,2172.586302390402,2189.1991118394367,2123.670807901578,2132.900146484375,573400,0.0,0.0
2018-03-12 00:00:00+09:00,2172.586036538178,2183.661241482298,2146.743891668565,2152.281494140625,321800,0.0,0.0
2018-03-13 00:00:00+09:00,2145.821429700815,2166.1259765625,2131.9774204769387,2166.1259765625,293000,0.0,0.0
2018-03-14 00:00:00+09:00,2166.125727026502,2180.8926684974963,2160.588123974879,2171.663330078125,436000,0.0,0.0
2018-03-15 00:00:00+09:00,2162.434252877409,2166.1259886911134,2142.1297059020344,2155.05078125,331900,0.0,0.0
2018-03-16 00:00:00+09:00,2184.5844011549634,2193.8137395628846,2159.665187453576,2174.43212890625,500200,0.0,0.0
2018-03-19 00:00:00+09:00,2171.663406799161,2181.815679419132,2162.4340680537334,2176.278076171875,265900,0.0,0.0
2018-03-20 00:00:00+09:00,2162.433988975952,2176.2779965878344,2138.437709115357,2174.43212890625,413200,0.0,0.0
2018-03-21 00:00:00+09:00,2174.43212890625,2174.43212890625,2174.43212890625,2174.43212890625,0,0.0,0.0
2018-03-22 00:00:00+09:00,2173.5093395353615,2202.120290501645,2167.0488022203945,2191.968017578125,452700,0.0,0.0
2018-03-23 00:00:00+09:00,2128.2854190884846,2154.1275664147975,2102.4432717621717,2108.90380859375,458600,0.0,0.0
2018-03-26 00:00:00+09:00,2074.755173349443,2113.518392780349,2064.6029015937297,2112.595458984375,355100,0.0,0.0
2018-03-27 00:00:00+09:00,2124.593616099767,2188.2760485545386,2119.056013277613,2180.892578125,518000,0.0,0.0
2018-03-28 00:00:00+09:00,2153.887672975564,2183.686378351793,2130.6074344003846,2178.09912109375,308700,21.0,0.0
2018-03-29 00:00:00+09:00,2192.067138671875,2212.5537474445096,2168.786901430245,2192.067138671875,413400,0.0,0.0
2018-03-30 00:00:00+09:00,2213.4846761684225,2223.727979255445,2190.2044418797345,2212.553466796875,342100,0.0,0.0
2018-04-02 00:00:00+09:00,2212.5534434713377,2225.5903745355627,2192.0668375132695,2192.998046875,284400,0.0,0.0
2018-04-03 00:00:00+09:00,2171.580529899241,2206.035281016853,2160.4060160232584,2192.067138671875,433600,0.0,0.0
2018-04-04 00:00:00+09:00,2192.0668854546234,2218.1407481533192,2175.3051165768907,2204.172607421875,357200,0.0,0.0
2018-04-05 00:00:00+09:00,2215.347262455134,2248.870802366183,2210.6912152452664,2237.6962890625,349900,0.0,0.0
2018-04-06 00:00:00+09:00,2224.6593649551187,2247.0083916436593,2179.961311578038,2181.82373046875,494600,0.0,0.0
2018-04-09 00:00:00+09:00,2166.9242660164578,2190.204500932836,2147.3688686867004,2183.68603515625,448900,0.0,0.0
2018-04-10 00:00:00+09:00,2167.8555710078535,2169.7179898832896,2125.0199368728186,2134.33203125,382400,0.0,0.0
2018-04-11 00:00:00+09:00,2141.7817900621712,2155.7499321712726,2110.120667948209,2125.02001953125,534400,0.0,0.0
2018-04-12 00:00:00+09:00,2138.05712890625,2159.474948577349,2136.194709804415,2138.05712890625,202900,0.0,0.0
2018-04-13 00:00:00+09:00,2153.8879521908966,2159.475210173234,2138.9885975713314,2141.7822265625,211700,0.0,0.0
2018-04-16 00:00:00+09:00,2151.0939726111005,2180.892676993592,2148.300344075242,2175.305419921875,298000,0.0,0.0
2018-04-17 00:00:00+09:00,2188.3425141031275,2203.241867390638,2178.0992087179643,2184.61767578125,352400,0.0,0.0
2018-04-18 00:00:00+09:00,2180.892573390401,2209.7600668895907,2178.0989449872536,2208.828857421875,303600,0.0,0.0
2018-04-19 00:00:00+09:00,2228.3842562439067,2233.971513050202,2204.172810083296,2208.828857421875,322800,0.0,0.0
2018-04-20 00:00:00+09:00,2207.8974199391373,2225.59039799854,2196.7229074805673,2212.553466796875,160700,0.0,0.0
2018-04-23 00:00:00+09:00,2210.6914593060274,2213.4850879403652,2187.411220686545,2193.9296875,210400,0.0,0.0
2018-04-24 00:00:00+09:00,2210.69132309472,2220.934627456153,2192.06713334666,2220.00341796875,209700,0.0,0.0
2018-04-25 00:00:00+09:00,2229.3154453662555,2243.283587254515,2210.6912561819095,2233.040283203125,256900,0.0,0.0
2018-04-26 00:00:00+09:00,2244.215019402331,2261.908000883096,2233.0405047829004,2257.251953125,224500,0.0,0.0
2018-04-27 00:00:00+09:00,2267.4950707315916,2301.018611818383,2267.4950707315916,2300.08740234375,356900,0.0,0.0
2018-04-30 00:00:00+09:00,2300.08740234375,2300.08740234375,2300.08740234375,2300.08740234375,0,0.0,0.0
2018-05-01 00:00:00+09:00,2333.6110906893678,2333.6110906893678,2277.7385186856322,2305.6748046875,284800,0.0,0.0
2018-05-02 00:00:00+09:00,2310.330706564714,2319.642801311045,2294.500145495951,2300.08740234375,282700,0.0,0.0
2018-05-03 00:00:00+09:00,2300.08740234375,2300.08740234375,2300.08740234375,2300.08740234375,0,0.0,0.0
2018-05-04 00:00:00+09:00,2300.08740234375,2300.08740234375,2300.08740234375,2300.08740234375,0,0.0,0.0
2018-05-07 00:00:00+09:00,2314.056010124011,2324.29931640625,2293.5693975595327,2324.29931640625,334600,0.0,0.0
2018-05-08 00:00:00+09:00,2324.298682228916,2335.473195124247,2311.261750517696,2318.71142578125,335900,0.0,0.0
2018-05-09 00:00:00+09:00,2318.711876962699,2318.711876962699,2274.0138166839,2279.60107421875,286100,0.0,0.0
2018-05-10 00:00:00+09:00,2269.3577687381917,2284.257122164458,2251.6647865445007,2279.60107421875,226500,0.0,0.0
2018-05-11 00:00:00+09:00,2274.0139360981602,2315.918369810043,2274.0139360981602,2309.39990234375,319700,0.0,0.0
2018-05-14 00:00:00+09:00,2302.88136576612,2347.579427050703,2287.0508023944967,2322.436767578125,390600,0.0,0.0
2018-05-15 00:00:00+09:00,2288.912976335411,2323.367728216782,2280.532090742645,2306.60595703125,345200,0.0,0.0
2018-05-16 00:00:00+09:00,2295.431579614766,2307.537303969733,2276.8073882994336,2280.5322265625,269900,0.0,0.0
2018-05-17 00:00:00+09:00,2284.2570301219575,2284.2570301219575,2251.6646958152846,2257.251953125,275100,0.0,0.0
2018-05-18 00:00:00+09:00,2253.5270114840187,2257.2518495195295,2226.5219357265655,2247.008544921875,376700,0.0,0.0
2018-05-21 00:00:00+09:00,2240.4900005386808,2242.352419491747,2225.5906489141507,2228.38427734375,175700,0.0,0.0
2018-05-22 00:00:00+09:00,2233.0402674981724,2240.489943119517,2223.728172971491,2229.3154296875,171100,0.0,0.0
2018-05-23 00:00:00+09:00,2208.829173930921,2220.934898745888,2197.654658717105,2211.622802734375,251500,0.0,0.0
2018-05-24 00:00:00+09:00,2211.622714996338,2222.7972297668457,2198.585781097412,2205.104248046875,192400,0.0,0.0
2018-05-25 00:00:00+09:00,2204.1730118921237,2220.934783845676,2194.8609163623723,2213.485107421875,227600,0.0,0.0
2018-05-28 00:00:00+09:00,2214.4162133314403,2215.3474228408313,2197.654442162405,2203.24169921875,179900,0.0,0.0
2018-05-29 00:00:00+09:00,2203.2413820322417,2220.9343601635237,2194.8604976542665,2200.44775390625,237100,0.0,0.0
2018-05-30 00:00:00+09:00,2153.8875858051697,2188.3423375020097,2140.85065273069,2171.58056640625,320000,0.0,0.0
2018-05-31 00:00:00+09:00,2171.5808755280486,2219.0725670597512,2165.99361770079,2218.141357421875,1058100,0.0,0.0
2018-06-01 00:00:00+09:00,2179.0298573798987,2218.1406496918457,2167.8553452907713,2209.759765625,327300,0.0,0.0
2018-06-04 00:00:00+09:00,2242.352352026641,2260.976540996962,2233.0402575414805,2241.421142578125,204300,0.0,0.0
2018-06-05 00:00:00+09:00,2263.770568074428,2314.9870967638944,2263.770568074428,2278.669921875,363600,0.0,0.0
2018-06-06 00:00:00+09:00,2290.775390625,2293.569019150152,2260.976686356707,2290.775390625,304700,0.0,0.0
2018-06-07 00:00:00+09:00,2298.225066692073,2314.0556283346036,2282.3945050495427,2290.775390625,276500,0.0,0.0
2018-06-08 00:00:00+09:00,2292.637612747143,2316.8490578858214,2286.119146748268,2301.94970703125,495000,0.0,0.0
2018-06-11 00:00:00+09:00,2304.743911355385,2315.9184272892294,2282.3948794876965,2308.46875,259000,0.0,0.0
2018-06-12 00:00:00+09:00,2308.4683188622375,2315.917994760139,2287.9817101430085,2307.537109375,269900,0.0,0.0
2018-06-13 00:00:00+09:00,2312.19332879577,2327.092681699811,2302.881233230745,2304.74365234375,277600,0.0,0.0
2018-06-14 00:00:00+09:00,2300.0873710080728,2311.2618845514316,2287.981648002767,2292.6376953125,345300,0.0,0.0
2018-06-15 00:00:00+09:00,2313.1246228448276,2314.0558324353447,2290.775592672414,2295.431640625,360000,0.0,0.0
2018-06-18 00:00:00+09:00,2303.8124927958506,2314.0557981397287,2268.4265288806355,2272.1513671875,201800,0.0,0.0
2018-06-19 00:00:00+09:00,2269.3575950338095,2273.0824331052645,2220.9347001048977,2222.797119140625,268400,0.0,0.0
2018-06-20 00:00:00+09:00,2235.833885887029,2250.7332370632853,2221.865744159288,2241.421142578125,303500,0.0,0.0
2018-06-21 00:00:00+09:00,2224.6594809782964,2237.696413893196,2218.1410145208465,2223.728271484375,434600,0.0,0.0
2018-06-22 00:00:00+09:00,2205.1041182375316,2211.6225848032677,2185.548718540324,2203.24169921875,553200,0.0,0.0
2018-06-25 00:00:00+09:00,2196.7235988835914,2206.035695529982,2155.750373639472,2157.61279296875,211600,0.0,0.0
2018-06-26 00:00:00+09:00,2151.094142424922,2186.480106672605,2148.3005136685265,2172.511962890625,360200,0.0,0.0
2018-06-27 00:00:00+09:00,2179.0304299888826,2190.2049450144664,2159.4750286941103,2172.511962890625,253200,0.0,0.0
2018-06-28 00:00:00+09:00,2169.71826171875,2187.4112432520787,2162.2685852836644,2169.71826171875,259800,0.0,0.0
2018-06-29 00:00:00+09:00,2166.9244670462103,2166.9244670462103,2137.125763588763,2144.575439453125,213700,0.0,0.0
2018-07-02 00:00:00+09:00,2131.5385331483644,2132.4697426429684,2091.496524880396,2092.427734375,260000,0.0,0.0
2018-07-03 00:00:00+09:00,2105.4645523878667,2116.639065713234,2079.390687962011,2094.2900390625,353900,0.0,0.0
2018-07-04 00:00:00+09:00,2082.1843123525946,2126.882365569466,2082.1843123525946,2122.226318359375,222300,0.0,0.0
2018-07-05 00:00:00+09:00,2122.2264382023254,2122.2264382023254,2086.8404774073765,2092.427734375,266800,0.0,0.0
2018-07-06 00:00:00+09:00,2108.2581965365625,2114.7766626919315,2076.597075210483,2098.014892578125,324300,0.0,0.0
2018-07-09 00:00:00+09:00,2104.5334889481705,2110.1207459984753,2087.771717797256,2099.87744140625,177500,0.0,0.0
2018-07-10 00:00:00+09:00,2118.501976313984,2127.8140729131665,2078.4599609375,2078.4599609375,301800,0.0,0.0
2018-07-11 00:00:00+09:00,2078.4592532262145,2090.5649746831773,2057.041438340819,2070.078369140625,322300,0.0,0.0
2018-07-12 00:00:00+09:00,2072.872340552055,2084.9780640143986,2055.1793601070913,2064.491455078125,277400,0.0,0.0
2018-07-13 00:00:00+09:00,2077.528278930882,2094.2900489984554,2071.0098127934925,2082.184326171875,256700,0.0,0.0
2018-07-16 00:00:00+09:00,2082.184326171875,2082.184326171875,2082.184326171875,2082.184326171875,0,0.0,0.0
2018-07-17 00:00:00+09:00,2101.739906664404,2125.951354415079,2095.221439962299,2111.052001953125,347100,0.0,0.0
2018-07-18 00:00:00+09:00,2138.9883497975866,2147.3692358002763,2115.7081109012265,2125.951416015625,231600,0.0,0.0
2018-07-19 00:00:00+09:00,2115.707846347259,2125.019940741393,2104.5333330742983,2106.395751953125,273100,0.0,0.0
2018-07-20 00:00:00+09:00,2109.189297850703,2124.0886482990963,2100.8084132234817,2115.707763671875,226000,0.0,0.0
2018-07-23 00:00:00+09:00,2120.3638994753387,2130.6072033375385,2108.2581767291026,2122.226318359375,240100,0.0,0.0
2018-07-24 00:00:00+09:00,2138.0568728931808,2138.0568728931808,2104.5333330742983,2106.395751953125,226100,0.0,0.0
2018-07-25 00:00:00+09:00,2127.8137469836406,2148.3003563637894,2118.5016518108455,2119.432861328125,328800,0.0,0.0
2018-07-26 00:00:00+09:00,2141.781967109919,2151.0940626190927,2129.6762429479936,2138.05712890625,288300,0.0,0.0
2018-07-27 00:00:00+09:00,2149.2319059869983,2172.5121476029753,2135.263761017412,2157.61279296875,197700,0.0,0.0
2018-07-30 00:00:00+09:00,2157.6124653146153,2178.0990748255867,2148.300370082355,2166.924560546875,196400,0.0,0.0
2018-07-31 00:00:00+09:00,2186.479934065309,2194.860819672885,2149.231553587195,2175.305419921875,356300,0.0,0.0
2018-08-01 00:00:00+09:00,2179.9613686552625,2186.4798349434245,2154.818712972353,2180.892578125,313800,0.0,0.0
2018-08-02 00:00:00+09:00,2175.3056611147044,2198.585901494785,2152.9566303498273,2159.47509765625,226400,0.0,0.0
2018-08-03 00:00:00+09:00,2162.268288583768,2162.268288583768,2129.675958652488,2142.712890625,205300,0.0,0.0
2018-08-06 00:00:00+09:00,2145.5065286276226,2160.40587952087,2128.744758872719,2130.607177734375,169500,0.0,0.0
2018-08-07 00:00:00+09:00,2126.8824437934973,2149.2314712239017,2116.6391395545616,2140.8505859375,177600,0.0,0.0
2018-08-08 00:00:00+09:00,2138.056795919342,2153.887355819442,2124.088654831019,2131.538330078125,226400,0.0,0.0
2018-08-09 00:00:00+09:00,2122.226531753977,2130.6074175748568,2110.120807790483,2114.77685546875,222500,0.0,0.0
2018-08-10 00:00:00+09:00,2108.2581072949133,2108.2581072949133,2080.321824954433,2091.496337890625,336100,0.0,0.0
2018-08-13 00:00:00+09:00,2097.0839308101486,2099.8775594924,2040.2801476043674,2054.248291015625,495300,0.0,0.0
2018-08-14 00:00:00+09:00,2087.7717119546637,2131.5385587262376,2081.2532454142165,2127.813720703125,473100,0.0,0.0
2018-08-15 00:00:00+09:00,2146.438068661175,2166.9246792948175,2114.7769431364545,2121.29541015625,244200,0.0,0.0
2018-08-16 00:00:00+09:00,2090.565341543789,2093.3589700625557,2070.078732406166,2084.046875,296000,0.0,0.0
2018-08-17 00:00:00+09:00,2081.253505301837,2092.4280207665447,2068.216570593011,2087.77197265625,191700,0.0,0.0
2018-08-20 00:00:00+09:00,2072.8725552781234,2080.3222320266523,2052.3859442196695,2057.0419921875,172000,0.0,0.0
2018-08-21 00:00:00+09:00,2048.660776481053,2051.454404812618,2027.2429592723872,2036.5550537109375,200200,0.0,0.0
2018-08-22 00:00:00+09:00,2040.2802195033103,2058.904411374632,2035.6241715354797,2057.0419921875,178000,0.0,0.0
2018-08-23 00:00:00+09:00,2055.179573000368,2062.6292497488967,2046.798686658273,2057.0419921875,258400,0.0,0.0
2018-08-24 00:00:00+09:00,2051.454475579294,2066.3538271949405,2044.936009247449,2053.31689453125,167000,0.0,0.0
2018-08-27 00:00:00+09:00,2012.3439581853693,2057.042019264915,2012.3439581853693,2048.6611328125,345900,0.0,0.0
2018-08-28 00:00:00+09:00,2040.2802463600851,2058.9044384765625,2024.4496830610794,2048.6611328125,389800,0.0,0.0
2018-08-29 00:00:00+09:00,2045.8669262266994,2088.7025559974904,2042.1420888553264,2070.078369140625,373100,0.0,0.0
2018-08-30 00:00:00+09:00,2069.1477802150703,2093.359230388604,2069.1477802150703,2087.77197265625,477600,0.0,0.0
2018-08-31 00:00:00+09:00,2074.734728224734,2121.295202376995,2065.422633394282,2100.80859375,801800,0.0,0.0
2018-09-03 00:00:00+09:00,2179.030353234436,2184.6176105504214,2149.2316475491784,2153.8876953125,545800,0.0,0.0
2018-09-04 00:00:00+09:00,2157.6125294755143,2157.6125294755143,2124.0889856424897,2138.05712890625,408200,0.0,0.0
2018-09-05 00:00:00+09:00,2138.0569575086993,2159.474775462837,2120.363977459629,2140.8505859375,460400,0.0,0.0
2018-09-06 00:00:00+09:00,2125.9511501808065,2134.3320351355273,2102.6709141954716,2106.395751953125,366100,0.0,0.0
2018-09-07 00:00:00+09:00,2089.634013198651,2117.5702967975635,2081.253128118977,2113.845458984375,288300,0.0,0.0
2018-09-10 00:00:00+09:00,2113.845604224448,2125.9513279490816,2098.0150424306967,2119.432861328125,244000,0.0,0.0
2018-09-11 00:00:00+09:00,2130.6074524989112,2141.781967109919,2121.2953569897377,2138.05712890625,292100,0.0,0.0
2018-09-12 00:00:00+09:00,2125.020275400094,2125.020275400094,2085.909472785368,2112.91455078125,387600,0.0,0.0
2018-09-13 00:00:00+09:00,2131.538654934202,2171.5806654899775,2125.9513976473495,2165.993408203125,299800,0.0,0.0
2018-09-14 00:00:00+09:00,2181.8235272618826,2192.066830206774,2163.1993400893525,2177.16748046875,477800,0.0,0.0
2018-09-17 00:00:00+09:00,2177.16748046875,2177.16748046875,2177.16748046875,2177.16748046875,0,0.0,0.0
2018-09-18 00:00:00+09:00,2179.030417287993,2259.1144411712266,2169.718321487617,2244.215087890625,571700,0.0,0.0
2018-09-19 00:00:00+09:00,2281.4631446835247,2281.4631446835247,2232.109044002616,2269.357421875,391300,0.0,0.0
2018-09-20 00:00:00+09:00,2296.3626895446155,2300.0875276460665,2268.426403783732,2286.119384765625,381300,0.0,0.0
2018-09-21 00:00:00+09:00,2303.8122714260494,2311.2619473239506,2287.9817101430085,2307.537109375,456200,0.0,0.0
2018-09-24 00:00:00+09:00,2307.537109375,2307.537109375,2307.537109375,2307.537109375,0,0.0,0.0
2018-09-25 00:00:00+09:00,2291.7067262931573,2336.40478515625,2276.807373338793,2336.40478515625,488400,0.0,0.0
2018-09-26 00:00:00+09:00,2336.404827641026,2356.133215811698,2318.5553335818463,2342.98095703125,359900,22.0,0.0
2018-09-27 00:00:00+09:00,2327.949614846605,2351.4357893305296,2312.918463176893,2313.85791015625,307100,0.0,0.0
2018-09-28 00:00:00+09:00,2343.9202212982664,2361.769713965468,2323.2523876836126,2352.375244140625,465300,0.0,0.0
2018-10-01 00:00:00+09:00,2355.1939114265306,2360.8305941024614,2322.3132624835994,2327.010498046875,296400,0.0,0.0
2018-10-02 00:00:00+09:00,2357.0726750691733,2364.588251554049,2331.7076044327173,2344.85986328125,356500,0.0,0.0
2018-10-03 00:00:00+09:00,2360.8299527740173,2380.558336780485,2340.1621219100984,2342.041015625,394300,0.0,0.0
2018-10-04 00:00:00+09:00,2357.072705488117,2368.346070360918,2335.465422815249,2349.55712890625,298100,0.0,0.0
2018-10-05 00:00:00+09:00,2350.4960373420577,2365.5271870612714,2339.2226750526474,2342.041015625,366800,0.0,0.0
2018-10-08 00:00:00+09:00,2342.041015625,2342.041015625,2342.041015625,2342.041015625,0,0.0,0.0
2018-10-09 00:00:00+09:00,2320.4343802393228,2336.4049812369212,2303.5243321242183,2328.889404296875,393800,0.0,0.0
2018-10-10 00:00:00+09:00,2305.4031606516537,2333.586573373557,2297.887583925813,2318.555419921875,315200,0.0,0.0
2018-10-11 00:00:00+09:00,2246.2176159896376,2279.0982586327314,2234.0048058650596,2259.369873046875,512900,0.0,0.0
2018-10-12 00:00:00+09:00,2237.7629091538047,2249.975721000572,2224.6106502419016,2233.065673828125,458800,0.0,0.0
2018-10-15 00:00:00+09:00,2207.7005865232704,2220.8528453366002,2192.66943359375,2192.66943359375,340500,0.0,0.0
2018-10-16 00:00:00+09:00,2188.911517751607,2212.397692834779,2183.274835731646,2210.518798828125,313800,0.0,0.0
2018-10-17 00:00:00+09:00,2227.4287109375,2236.823180405815,2208.63977200087,2227.4287109375,271600,0.0,0.0
2018-10-18 00:00:00+09:00,2222.7315975499123,2237.762749519819,2207.700445580006,2208.639892578125,238300,0.0,0.0
2018-10-19 00:00:00+09:00,2189.8508916086544,2200.1848083000723,2171.0619521697126,2199.245361328125,426600,0.0,0.0
2018-10-22 00:00:00+09:00,2204.8823362750773,2221.792384018133,2187.032841435185,2206.76123046875,254000,0.0,0.0
2018-10-23 00:00:00+09:00,2188.9113800435125,2190.790273931962,2147.5757144976264,2152.27294921875,298400,0.0,0.0
2018-10-24 00:00:00+09:00,2158.8492190032143,2192.6693112069197,2145.6969609239954,2173.88037109375,291600,0.0,0.0
2018-10-25 00:00:00+09:00,2140.999557678467,2149.4545800650867,2108.118915063835,2110.937255859375,308400,0.0,0.0
2018-10-26 00:00:00+09:00,2133.4839178262987,2155.091196606574,2121.271108080926,2138.18115234375,606300,0.0,0.0
2018-10-29 00:00:00+09:00,2141.939136630741,2187.0325921387566,2135.3630077024886,2168.24365234375,352900,0.0,0.0
2018-10-30 00:00:00+09:00,2164.4861051959115,2223.671272134862,2164.4861051959115,2205.82177734375,408200,0.0,0.0
2018-10-31 00:00:00+09:00,2197.366668884225,2201.1244571166053,2171.062151257565,2192.66943359375,393200,0.0,0.0
2018-11-01 00:00:00+09:00,2185.153747453179,2194.548217562608,2162.6070191905496,2175.75927734375,419700,0.0,0.0
2018-11-02 00:00:00+09:00,2177.6378330328525,2202.063451522436,2171.061704977965,2198.3056640625,344300,0.0,0.0
2018-11-05 00:00:00+09:00,2186.093194464122,2192.6693235407224,2171.0620422890356,2175.75927734375,246700,0.0,0.0
2018-11-06 00:00:00+09:00,2181.3959409958657,2211.4582450922776,2172.001470965737,2172.94091796875,407100,0.0,0.0
2018-11-07 00:00:00+09:00,2176.6987121107254,2199.245440246529,2165.4253480428238,2173.88037109375,484500,0.0,0.0
2018-11-08 00:00:00+09:00,2210.5184733072915,2224.6101762820513,2187.9717485476763,2198.3056640625,305300,0.0,0.0
2018-11-09 00:00:00+09:00,2198.3062782917727,2230.2474806259265,2190.7907012719716,2218.03466796875,383300,0.0,0.0
2018-11-12 00:00:00+09:00,2201.124300659783,2287.5534238611062,2067.7228278925236,2280.977294921875,560200,0.0,0.0
2018-11-13 00:00:00+09:00,2259.3702405373756,2263.1280288792254,2204.882309580549,2240.581298828125,397000,0.0,0.0
2018-11-14 00:00:00+09:00,2267.824775692655,2289.4320540028993,2247.156944265464,2278.15869140625,341300,0.0,0.0
2018-11-15 00:00:00+09:00,2243.3991567332473,2285.674266470683,2239.641369201031,2278.15869140625,467700,0.0,0.0
2018-11-16 00:00:00+09:00,2280.9773803011108,2310.1002381220887,2279.098486248144,2294.129638671875,357600,0.0,0.0
2018-11-19 00:00:00+09:00,2287.5534238611062,2309.1607046614367,2273.461718991325,2280.977294921875,290800,0.0,0.0
2018-11-20 00:00:00+09:00,2264.0672673202257,2293.1901242857557,2257.4911383280096,2283.795654296875,245400,0.0,0.0
2018-11-21 00:00:00+09:00,2222.731460926145,2275.3404895871186,2218.034226224272,2262.188232421875,384100,0.0,0.0
2018-11-22 00:00:00+09:00,2278.1589539479187,2286.6139768697876,2257.491120138907,2280.977294921875,247600,0.0,0.0
2018-11-23 00:00:00+09:00,2280.977294921875,2280.977294921875,2280.977294921875,2280.977294921875,0,0.0,0.0
2018-11-26 00:00:00+09:00,2348.617468466306,2384.3164539869936,2337.3441046176677,2354.254150390625,745400,0.0,0.0
2018-11-27 00:00:00+09:00,2354.254193234244,2384.3164973776984,2343.920276184932,2360.830322265625,432100,0.0,0.0
2018-11-28 00:00:00+09:00,2358.951059059116,2360.8299527740173,2341.101568767549,2342.041015625,205900,0.0,0.0
2018-11-29 00:00:00+09:00,2376.800725468564,2381.497960103877,2356.132893073185,2368.345703125,368100,0.0,0.0
2018-11-30 00:00:00+09:00,2358.95116430846,2403.1051685786706,2351.435589113531,2394.650146484375,592900,0.0,0.0
2018-12-03 00:00:00+09:00,2436.9254804150296,2447.2593972556483,2388.074237168468,2390.892578125,350100,0.0,0.0
2018-12-04 00:00:00+09:00,2374.9220578591608,2375.8615048757188,2327.94970703125,2327.94970703125,390300,0.0,0.0
2018-12-05 00:00:00+09:00,2307.281994539514,2313.858124002778,2280.038029620277,2309.160888671875,340500,0.0,0.0
2018-12-06 00:00:00+09:00,2309.1604701163837,2311.9788108040766,2265.006466009195,2282.85595703125,442200,0.0,0.0
2018-12-07 00:00:00+09:00,2295.069049397655,2343.9202940021078,2285.674579281414,2326.07080078125,366800,0.0,0.0
2018-12-10 00:00:00+09:00,2302.5845280344893,2311.03955078125,2286.6139295128305,2311.03955078125,350700,0.0,0.0
2018-12-11 00:00:00+09:00,2311.0396296528206,2312.918523660668,2272.52230249194,2285.674560546875,377700,0.0,0.0
2018-12-12 00:00:00+09:00,2299.7662541734117,2325.1313231532654,2293.1901251786344,2321.37353515625,503800,0.0,0.0
2018-12-13 00:00:00+09:00,2322.312814865487,2325.131155660227,2282.8560437391316,2296.00830078125,460400,0.0,0.0
2018-12-14 00:00:00+09:00,2272.522687191995,2293.1905247770396,2252.7942967699064,2269.704345703125,524500,0.0,0.0
2018-12-17 00:00:00+09:00,2246.217695591172,2283.7955742292506,2243.3993546933157,2271.582763671875,355600,0.0,0.0
2018-12-18 00:00:00+09:00,2240.5813990281526,2249.975870302904,2209.579643821474,2218.03466796875,369500,0.0,0.0
2018-12-19 00:00:00+09:00,2195.487707629883,2208.6399660410166,2172.9409789250835,2182.33544921875,433200,0.0,0.0
2018-12-20 00:00:00+09:00,2157.909770695781,2170.122581761974,2092.1484803393573,2098.724609375,433900,0.0,0.0
2018-12-21 00:00:00+09:00,2101.542675335331,2109.058250392409,2042.3575217608447,2057.388671875,594500,0.0,0.0
2018-12-24 00:00:00+09:00,2057.388671875,2057.388671875,2057.388671875,2057.388671875,0,0.0,0.0
2018-12-25 00:00:00+09:00,2024.508462766986,2024.508462766986,1952.171037415219,1973.7783203125,241200,0.0,0.0
2018-12-26 00:00:00+09:00,1973.7780221303303,2020.750369158658,1961.565211902965,1984.1119384765625,255400,0.0,0.0
2018-12-27 00:00:00+09:00,2044.2366830796775,2104.3612914055507,2024.5082959727506,2098.724609375,317100,0.0,0.0
2018-12-28 00:00:00+09:00,2085.572483793218,2119.392578125,2078.0569072750445,2119.392578125,316700,0.0,0.0
2018-12-31 00:00:00+09:00,2119.392578125,2119.392578125,2119.392578125,2119.392578125,0,0.0,0.0
2019-01-04 00:00:00+09:00,2042.3580208012625,2103.4220830607296,1972.838934536638,2097.785400390625,872000,0.0,0.0
2019-01-07 00:00:00+09:00,2144.7574166479685,2170.122484650375,2134.423500054395,2158.84912109375,317800,0.0,0.0
2019-01-08 00:00:00+09:00,2149.454542126841,2149.454542126841,2104.3610901941097,2105.300537109375,424400,0.0,0.0
2019-01-09 00:00:00+09:00,2113.75597385963,2146.636622341891,2108.1192912626707,2131.60546875,348200,0.0,0.0
2019-01-10 00:00:00+09:00,2125.968741621586,2163.54662481419,2107.179800025284,2162.607177734375,338400,0.0,0.0
2019-01-11 00:00:00+09:00,2143.8183112769348,2154.1522295170953,2123.1504747966137,2136.302734375,407700,0.0,0.0
2019-01-15 00:00:00+09:00,2114.695136032307,2140.0602043010194,2105.300666303154,2125.029052734375,291400,0.0,0.0
2019-01-16 00:00:00+09:00,2149.4546881781685,2167.3041807810464,2141.9391123453775,2164.48583984375,305700,0.0,0.0
2019-01-17 00:00:00+09:00,2179.5170408466697,2186.093169849224,2161.6675478397356,2172.00146484375,199500,0.0,0.0
2019-01-18 00:00:00+09:00,2187.0327269983904,2208.640009095024,2181.3960447123122,2188.91162109375,190400,0.0,0.0
2019-01-21 00:00:00+09:00,2188.9114323779527,2208.639818678355,2184.214197544524,2197.366455078125,161900,0.0,0.0
2019-01-22 00:00:00+09:00,2208.6398557227812,2222.7315604594214,2199.245385898354,2203.003173828125,242200,0.0,0.0
2019-01-23 00:00:00+09:00,2217.0948909179274,2229.3077017577293,2187.03258731226,2204.882080078125,374800,0.0,0.0
2019-01-24 00:00:00+09:00,2203.9425555826137,2231.1865172671387,2187.971957353754,2230.2470703125,527400,0.0,0.0
2019-01-25 00:00:00+09:00,2267.8254513772117,2291.311630451127,2260.309874073559,2269.704345703125,475400,0.0,0.0
2019-01-28 00:00:00+09:00,2254.6729563262516,2257.4912975216594,2220.852861981358,2233.065673828125,448800,0.0,0.0
2019-01-29 00:00:00+09:00,2226.489368227858,2245.278308044127,2211.458216374843,2243.3994140625,485200,0.0,0.0
2019-01-30 00:00:00+09:00,2217.0947883702534,2236.8231741989716,2212.39755364913,2226.4892578125,397800,0.0,0.0
2019-01-31 00:00:00+09:00,2248.096528316257,2276.279936527493,2240.5809527932606,2262.188232421875,314600,0.0,0.0
2019-02-01 00:00:00+09:00,2267.825189241867,2278.159106839904,2237.762883502124,2266.8857421875,234200,0.0,0.0
2019-02-04 00:00:00+09:00,2281.9167357744577,2304.4634635054526,2275.3406068529175,2280.037841796875,228000,0.0,0.0
2019-02-05 00:00:00+09:00,2284.7351196589975,2292.2506957105074,2269.703967555978,2286.614013671875,215600,0.0,0.0
2019-02-06 00:00:00+09:00,2299.766302467712,2305.4029845816035,2285.6745971829832,2291.311279296875,185400,0.0,0.0
2019-02-07 00:00:00+09:00,2285.6745482946512,2290.3717832890916,2261.2489263235616,2283.795654296875,230800,0.0,0.0
2019-02-08 00:00:00+09:00,2251.854589317629,2278.159106839904,2246.217906991427,2266.8857421875,346800,0.0,0.0
2019-02-12 00:00:00+09:00,2317.6157532725906,2357.07252734533,2293.1901312275613,2322.31298828125,524600,0.0,0.0
2019-02-13 00:00:00+09:00,2322.313139830296,2365.527704730051,2316.6764574520676,2345.79931640625,376100,0.0,0.0
2019-02-14 00:00:00+09:00,2346.7386596679685,2375.8615173339845,2345.799212646484,2367.406494140625,400700,0.0,0.0
2019-02-15 00:00:00+09:00,2362.709259033203,2379.6193054199216,2342.0414245605466,2367.406494140625,411200,0.0,0.0
2019-02-18 00:00:00+09:00,2367.406409564022,2403.1053951050667,2367.406409564022,2391.83203125,392100,0.0,0.0
2019-02-19 00:00:00+09:00,2391.832128830016,2422.8338806962333,2390.8926818037667,2406.86328125,419200,0.0,0.0
2019-02-20 00:00:00+09:00,2394.650217082755,2396.52911093688,2358.0117869273104,2368.345703125,546600,0.0,0.0
2019-02-21 00:00:00+09:00,2376.80119969501,2411.5607429316565,2374.9223054660024,2404.045166015625,544000,0.0,0.0
2019-02-22 00:00:00+09:00,2395.5899601729316,2401.226642432162,2374.92212522242,2375.861572265625,492600,0.0,0.0
2019-02-25 00:00:00+09:00,2382.4373367926146,2412.499637572332,2378.67954919515,2394.650146484375,476600,0.0,0.0
2019-02-26 00:00:00+09:00,2413.439331573333,2437.8649534576875,2413.439331573333,2432.228271484375,392600,0.0,0.0
2019-02-27 00:00:00+09:00,2435.046600188442,2441.622729124136,2423.773236298681,2430.349365234375,452600,0.0,0.0
2019-02-28 00:00:00+09:00,2441.6229379056085,2442.5623849767535,2423.773443553855,2424.712890625,493200,0.0,0.0
2019-03-01 00:00:00+09:00,2419.076147565393,2424.7128298509824,2412.5000182322055,2415.318359375,423400,0.0,0.0
2019-03-04 00:00:00+09:00,2416.2575498278757,2424.7125723583777,2406.8630803495403,2413.439208984375,360200,0.0,0.0
2019-03-05 00:00:00+09:00,2402.166046118755,2413.439410433743,2386.1954466725215,2406.86328125,513000,0.0,0.0
2019-03-06 00:00:00+09:00,2428.47067890958,2441.6229379056085,2413.4395257712613,2424.712890625,470900,0.0,0.0
2019-03-07 00:00:00+09:00,2409.6814642485624,2434.107085328665,2409.6814642485624,2420.015380859375,516500,0.0,0.0
2019-03-08 00:00:00+09:00,2395.5897884076153,2409.681493045307,2384.3164246974616,2387.134765625,621800,0.0,0.0
2019-03-11 00:00:00+09:00,2387.134771771735,2393.710900619591,2374.9219610542877,2388.07421875,297900,0.0,0.0
2019-03-12 00:00:00+09:00,2415.317883618648,2428.4701396943624,2408.741755580791,2417.19677734375,364700,0.0,0.0
2019-03-13 00:00:00+09:00,2397.468455956417,2412.499606150501,2380.5584119880723,2389.952880859375,312200,0.0,0.0
2019-03-14 00:00:00+09:00,2409.681530200972,2412.499871171967,2386.1953554426777,2392.771484375,310200,0.0,0.0
2019-03-15 00:00:00+09:00,2410.6211845578264,2428.47067890958,2402.1661609175226,2424.712890625,814000,0.0,0.0
2019-03-18 00:00:00+09:00,2425.6521971510947,2428.4705382012316,2399.347680683151,2403.10546875,316500,0.0,0.0
2019-03-19 00:00:00+09:00,2394.6502545941335,2395.589701535912,2352.3751422140876,2373.982421875,326800,0.0,0.0
2019-03-20 00:00:00+09:00,2386.1955263036243,2387.134973361224,2373.043267497226,2381.498291015625,510600,0.0,0.0
2019-03-22 00:00:00+09:00,2389.9531188556825,2401.2264826238693,2375.861414145448,2389.013671875,513600,0.0,0.0
2019-03-25 00:00:00+09:00,2380.5587155289754,2380.5587155289754,2356.13309334912,2361.769775390625,294700,0.0,0.0
2019-03-26 00:00:00+09:00,2360.8303176503123,2445.380547888485,2353.3147416291413,2435.046630859375,511600,0.0,0.0
2019-03-27 00:00:00+09:00,2458.743060196893,2468.2216379154625,2436.9423314441838,2459.69091796875,465900,23.0,0.0
2019-03-28 00:00:00+09:00,2393.340996850895,2410.4024376205252,2379.1231295428697,2396.1845703125,356800,0.0,0.0
2019-03-29 00:00:00+09:00,2411.3504594871297,2435.994764497611,2408.5068858320737,2430.3076171875,415500,0.0,0.0
2019-04-01 00:00:00+09:00,2446.4209038146314,2466.3259169801127,2435.0466105772134,2453.055908203125,305500,0.0,0.0
2019-04-02 00:00:00+09:00,2497.6055868310864,2500.449160554234,2464.430560061034,2465.37841796875,169600,0.0,0.0
2019-04-03 00:00:00+09:00,2483.387636800223,2500.449078579766,2449.2647532411356,2499.501220703125,174200,0.0,0.0
2019-04-04 00:00:00+09:00,2530.7804037315937,2539.31112419361,2501.3968110290916,2518.458251953125,217800,0.0,0.0
2019-04-05 00:00:00+09:00,2513.718702209195,2516.562275401739,2481.4915393603587,2498.552978515625,299600,0.0,0.0
2019-04-08 00:00:00+09:00,2520.353743107053,2526.988747319821,2496.6572994900253,2500.44873046875,178700,0.0,0.0
2019-04-09 00:00:00+09:00,2521.3017002584365,2524.1452736045926,2484.335246758407,2492.865966796875,104200,0.0,0.0
2019-04-10 00:00:00+09:00,2479.5959784026713,2484.3352673522177,2462.5345381843044,2474.856689453125,140600,0.0,0.0
2019-04-11 00:00:00+09:00,2463.4822312739857,2489.0743898905293,2460.6386580943695,2485.282958984375,122100,0.0,0.0
2019-04-12 00:00:00+09:00,2503.2926428878845,2503.2926428878845,2478.6483381869816,2486.231201171875,220300,0.0,0.0
2019-04-15 00:00:00+09:00,2526.9891627424468,2553.529183956546,2518.458441637915,2541.20703125,346700,0.0,0.0
2019-04-16 00:00:00+09:00,2523.1975558952577,2543.102570423357,2520.353982391244,2538.36328125,416600,0.0,0.0
2019-04-17 00:00:00+09:00,2511.8231487453095,2534.571735752814,2504.2402864094747,2526.041015625,348200,0.0,0.0
2019-04-18 00:00:00+09:00,2504.2401249007135,2524.145137248524,2492.865832130536,2498.552978515625,225900,0.0,0.0
2019-04-19 00:00:00+09:00,2498.5527891877864,2506.13565045998,2470.1170594170603,2482.439208984375,172400,0.0,0.0
2019-04-22 00:00:00+09:00,2482.4395776865435,2508.03173828125,2471.065284088896,2508.03173828125,145100,0.0,0.0
2019-04-23 00:00:00+09:00,2497.605143137522,2533.623737232105,2494.761569919529,2525.093017578125,354100,0.0,0.0
2019-04-24 00:00:00+09:00,2526.0412412490814,2538.3633936454185,2497.6055049498423,2499.501220703125,377000,0.0,0.0
2019-04-25 00:00:00+09:00,2490.0223423627954,2526.9887951043825,2486.230911312376,2515.614501953125,253000,0.0,0.0
2019-04-26 00:00:00+09:00,2511.8230345022625,2518.458038744344,2474.85658229638,2513.71875,401600,0.0,0.0
2019-05-07 00:00:00+09:00,2490.022482093858,2498.553202436014,2463.4824632515933,2472.01318359375,490000,0.0,0.0
2019-05-08 00:00:00+09:00,2465.378095778535,2473.9088158331324,2452.108086804718,2454.95166015625,441600,0.0,0.0
2019-05-09 00:00:00+09:00,2436.942372309775,2454.951670277058,2412.298069828229,2423.67236328125,323400,0.0,0.0
2019-05-10 00:00:00+09:00,2403.767529430025,2447.368990925996,2401.8718137128094,2433.151123046875,426600,0.0,0.0
2019-05-13 00:00:00+09:00,2363.957244421206,2416.089421022315,2311.825067820097,2368.696533203125,713700,0.0,0.0
2019-05-14 00:00:00+09:00,2330.782037014158,2362.0613404795777,2311.8248833987523,2352.582763671875,575600,0.0,0.0
2019-05-15 00:00:00+09:00,2363.9571350562824,2363.9571350562824,2337.41711910537,2363.00927734375,437200,0.0,0.0
2019-05-16 00:00:00+09:00,2363.957342918883,2405.6630859375,2356.374480551862,2405.6630859375,270700,0.0,0.0
2019-05-17 00:00:00+09:00,2446.4207215349834,2455.8992985265954,2426.515709852599,2443.5771484375,274900,0.0,0.0
2019-05-20 00:00:00+09:00,2464.4299682335704,2466.32568359375,2447.3685299919534,2466.32568359375,190800,0.0,0.0
2019-05-21 00:00:00+09:00,2439.7860552742754,2445.473202256267,2426.516045649629,2429.359619140625,376100,0.0,0.0
2019-05-22 00:00:00+09:00,2446.421133067388,2450.21256450182,2431.2554073296587,2433.151123046875,305400,0.0,0.0
2019-05-23 00:00:00+09:00,2427.463882221721,2460.638905992811,2422.724593111566,2447.368896484375,245100,0.0,0.0
2019-05-24 00:00:00+09:00,2436.9420287372077,2441.6813170077976,2423.6720215795567,2431.2548828125,247500,0.0,0.0
2019-05-27 00:00:00+09:00,2431.255132458629,2450.2122874875463,2421.7765549441706,2437.89013671875,112700,0.0,0.0
2019-05-28 00:00:00+09:00,2446.420992059626,2450.2124232755264,2425.5681203721747,2432.203125,484000,0.0,0.0
2019-05-29 00:00:00+09:00,2417.0376067972406,2445.4733433477963,2413.2461752571667,2430.3076171875,302400,0.0,0.0
2019-05-30 00:00:00+09:00,2406.611021344921,2418.9331730887116,2393.3410117746853,2416.089599609375,214500,0.0,0.0
2019-05-31 00:00:00+09:00,2430.3076171875,2449.2647748878703,2418.9333225672776,2430.3076171875,451400,0.0,0.0
2019-06-03 00:00:00+09:00,2391.445234363551,2425.568115234375,2385.7580875517474,2425.568115234375,248900,0.0,0.0
2019-06-04 00:00:00+09:00,2445.473066413853,2453.055928635291,2414.1937597504198,2435.046630859375,516400,0.0,0.0
2019-06-05 00:00:00+09:00,2454.951603592791,2476.7523321189046,2443.5773104487316,2471.065185546875,548800,0.0,0.0
2019-06-06 00:00:00+09:00,2471.0652317971176,2473.9088051363547,2436.942351726271,2441.681640625,317600,0.0,0.0
2019-06-07 00:00:00+09:00,2437.8898863913255,2439.7856016995615,2413.2455873842596,2431.2548828125,299900,0.0,0.0
2019-06-10 00:00:00+09:00,2448.3166556693413,2461.586664643159,2425.568068857083,2454.95166015625,276900,0.0,0.0
2019-06-11 00:00:00+09:00,2437.8898863913255,2441.6813170077976,2423.6720215795567,2431.2548828125,301500,0.0,0.0
2019-06-12 00:00:00+09:00,2435.9943903551853,2465.3779802777576,2424.620097481931,2442.62939453125,223300,0.0,0.0
2019-06-13 00:00:00+09:00,2417.0371034226923,2423.672107236009,2396.184234295124,2410.402099609375,246700,0.0,0.0
2019-06-14 00:00:00+09:00,2417.037353515625,2427.4637891582415,2395.2366244447,2417.037353515625,266600,0.0,0.0
2019-06-17 00:00:00+09:00,2397.1325590402894,2401.871848401777,2383.862548828125,2383.862548828125,263600,0.0,0.0
2019-06-18 00:00:00+09:00,2385.7581242308697,2418.933147809765,2378.1752616985505,2382.91455078125,375000,0.0,0.0
2019-06-19 00:00:00+09:00,2400.924108381102,2402.81982421875,2381.966950004623,2402.81982421875,375900,0.0,0.0
2019-06-20 00:00:00+09:00,2417.037525162019,2431.2553929570895,2407.5589466319716,2413.24609375,287100,0.0,0.0
2019-06-21 00:00:00+09:00,2405.6631868188056,2405.6631868188056,2351.6352901881232,2353.531005859375,575800,0.0,0.0
2019-06-24 00:00:00+09:00,2353.5308866098108,2391.445198113795,2351.6351710346116,2379.123046875,211800,0.0,0.0
2019-06-25 00:00:00+09:00,2363.957506971582,2403.7675371611595,2363.957506971582,2395.23681640625,305300,0.0,0.0
2019-06-26 00:00:00+09:00,2369.64450520315,2390.4973768489376,2348.7916335573623,2381.018798828125,294300,0.0,0.0
2019-06-27 00:00:00+09:00,2391.445317421412,2404.715327109838,2381.966739072536,2398.080322265625,220500,0.0,0.0
2019-06-28 00:00:00+09:00,2405.6630600873164,2417.037353515625,2395.2366244447,2417.037353515625,365200,0.0,0.0
2019-07-01 00:00:00+09:00,2423.6722594403586,2428.411548176065,2395.236527026119,2424.6201171875,380400,0.0,0.0
2019-07-02 00:00:00+09:00,2413.2459638088,2427.4638308383096,2410.4023904028977,2425.568115234375,318900,0.0,0.0
2019-07-03 00:00:00+09:00,2401.871592762706,2418.9330326481554,2397.1323039056365,2415.1416015625,263300,0.0,0.0
2019-07-04 00:00:00+09:00,2431.2551944205575,2436.942341074173,2425.568047766942,2428.41162109375,153900,0.0,0.0
2019-07-05 00:00:00+09:00,2441.6817030397506,2441.6817030397506,2419.880973548324,2432.203125,166600,0.0,0.0
2019-07-08 00:00:00+09:00,2448.316739143035,2449.264596959196,2426.5160093713394,2427.4638671875,286000,0.0,0.0
2019-07-09 00:00:00+09:00,2413.2458643353175,2432.203019593254,2388.6015625,2388.6015625,276600,0.0,0.0
2019-07-10 00:00:00+09:00,2398.080207906548,2399.028065696234,2370.5923320056427,2385.758056640625,301600,0.0,0.0
2019-07-11 00:00:00+09:00,2406.6107837754607,2429.359369364516,2403.767210576829,2422.724365234375,274300,0.0,0.0
2019-07-12 00:00:00+09:00,2449.264711417055,2449.264711417055,2427.463980626578,2439.7861328125,305800,0.0,0.0
2019-07-16 00:00:00+09:00,2429.3594424247744,2431.2551579475403,2405.662998390198,2426.515869140625,260800,0.0,0.0
2019-07-17 00:00:00+09:00,2433.1509206072883,2456.8473651009317,2428.41163170856,2441.681640625,286900,0.0,0.0
2019-07-18 00:00:00+09:00,2417.9853234000557,2420.828896888962,2323.19954043651,2333.6259765625,376600,0.0,0.0
2019-07-19 00:00:00+09:00,2350.68742568371,2397.1324594976218,2339.313131688466,2391.4453125,216800,0.0,0.0
2019-07-22 00:00:00+09:00,2390.497403125,2395.2366921875,2367.748815625,2369.64453125,154200,0.0,0.0
2019-07-23 00:00:00+09:00,2367.748558352509,2404.715009023345,2360.16569667644,2394.28857421875,201300,0.0,0.0
2019-07-24 00:00:00+09:00,2403.7675152199527,2416.089667309014,2380.071068894835,2413.24609375,225800,0.0,0.0
2019-07-25 00:00:00+09:00,2402.819445181062,2422.7244583364077,2402.819445181062,2408.506591796875,211400,0.0,0.0
2019-07-26 00:00:00+09:00,2399.9759028582166,2408.5066228920728,2386.7058939166623,2403.767333984375,181000,0.0,0.0
2019-07-29 00:00:00+09:00,2409.454553511011,2416.0895581823634,2392.3931129275343,2407.558837890625,170200,0.0,0.0
2019-07-30 00:00:00+09:00,2433.1510039001155,2433.1510039001155,2399.9759804733512,2414.19384765625,206100,0.0,0.0
2019-07-31 00:00:00+09:00,2393.340913688994,2405.663064927789,2361.1137489106077,2379.123046875,391700,0.0,0.0
2019-08-01 00:00:00+09:00,2345.0,2347.843573160873,2326.0428455941797,2345.0,293100,0.0,0.0
2019-08-02 00:00:00+09:00,2308.0337801386695,2317.5123582911897,2271.067325343841,2287.180908203125,323900,0.0,0.0
2019-08-05 00:00:00+09:00,2262.5364078038087,2272.014985130176,2226.5178139636137,2257.797119140625,284500,0.0,0.0
2019-08-06 00:00:00+09:00,2243.579407956953,2287.1808666667207,2218.935105207954,2278.650146484375,574000,0.0,0.0
2019-08-07 00:00:00+09:00,2276.754234931883,2302.346393276246,2268.2235154837617,2293.815673828125,329200,0.0,0.0
2019-08-08 00:00:00+09:00,2287.180845933663,2307.085859512033,2274.8586946708624,2296.659423828125,232100,0.0,0.0
2019-08-09 00:00:00+09:00,2316.5643270648015,2316.5643270648015,2284.3371637586624,2290.97216796875,256300,0.0,0.0
2019-08-13 00:00:00+09:00,2381.966689728327,2387.6538366198392,2264.4323206370764,2287.180908203125,592500,0.0,0.0
2019-08-14 00:00:00+09:00,2294.7634702329283,2306.137762526524,2280.5456048659335,2303.294189453125,264100,0.0,0.0
2019-08-15 00:00:00+09:00,2286.2327510127316,2336.469208642779,2284.3370356304654,2303.294189453125,337900,0.0,0.0
2019-08-16 00:00:00+09:00,2348.7915812874307,2366.8008791261964,2311.825127828912,2314.668701171875,362300,0.0,0.0
2019-08-19 00:00:00+09:00,2326.9907591233277,2334.5736210675177,2312.7728929779714,2328.886474609375,136700,0.0,0.0
2019-08-20 00:00:00+09:00,2369.64420192574,2369.64420192574,2327.9384639718473,2352.582763671875,266200,0.0,0.0
2019-08-21 00:00:00+09:00,2328.8864267014033,2333.625715319029,2309.929272230899,2313.720703125,204400,0.0,0.0
2019-08-22 00:00:00+09:00,2326.042984730114,2346.8958558238637,2316.564406960227,2345.947998046875,206200,0.0,0.0
2019-08-23 00:00:00+09:00,2361.1140091507523,2361.1140091507523,2337.4175618489585,2354.47900390625,200700,0.0,0.0
2019-08-26 00:00:00+09:00,2267.2756938351567,2309.9292917542966,2219.882807258335,2295.71142578125,255600,0.0,0.0
2019-08-27 00:00:00+09:00,2322.251214407235,2350.686943563242,2307.085492190698,2315.6162109375,441000,0.0,0.0
2019-08-28 00:00:00+09:00,2317.5122179525465,2340.260804141038,2313.7207869211315,2330.7822265625,290300,0.0,0.0
2019-08-29 00:00:00+09:00,2335.5216609241993,2345.948096910468,2314.668788951662,2338.365234375,237200,0.0,0.0
2019-08-30 00:00:00+09:00,2383.862566582023,2385.7582823407365,2353.53111444261,2359.21826171875,330500,0.0,0.0
2019-09-02 00:00:00+09:00,2342.156200575197,2360.165495520939,2326.0426208869017,2326.990478515625,198700,0.0,0.0
2019-09-03 00:00:00+09:00,2322.251662643796,2325.0952361082577,2296.65950146364,2307.0859375,387000,0.0,0.0
2019-09-04 00:00:00+09:00,2305.1901906519065,2318.4601999730935,2280.5458876268453,2311.8251953125,310000,0.0,0.0
2019-09-05 00:00:00+09:00,2316.564432507359,2354.478744005024,2301.3987079082926,2334.57373046875,459800,0.0,0.0
2019-09-06 00:00:00+09:00,2340.260807890496,2340.260807890496,2291.9200621625027,2292.867919921875,280800,0.0,0.0
2019-09-09 00:00:00+09:00,2298.5551960848325,2326.990930469387,2295.711622646377,2325.09521484375,253200,0.0,0.0
2019-09-10 00:00:00+09:00,2337.417065330845,2344.999926856655,2320.355626897773,2341.20849609375,293500,0.0,0.0
2019-09-11 00:00:00+09:00,2350.687196676685,2407.5586611124113,2350.687196676685,2404.715087890625,631900,0.0,0.0
2019-09-12 00:00:00+09:00,2417.0373171053275,2431.2551836765356,2392.3930150485676,2415.1416015625,430200,0.0,0.0
2019-09-13 00:00:00+09:00,2394.288922300433,2400.9239272315904,2375.33176535427,2393.341064453125,505300,0.0,0.0
2019-09-17 00:00:00+09:00,2393.3406989731475,2393.3406989731475,2352.582817762912,2374.383544921875,327200,0.0,0.0
2019-09-18 00:00:00+09:00,2388.6013609319393,2407.5585145901296,2370.5920649566588,2397.132080078125,328600,0.0,0.0
2019-09-19 00:00:00+09:00,2408.506439861379,2432.2028825990947,2383.8621394141555,2394.28857421875,400900,0.0,0.0
2019-09-20 00:00:00+09:00,2408.506447545314,2410.4021629703793,2353.530700218424,2363.00927734375,503300,0.0,0.0
2019-09-24 00:00:00+09:00,2369.6444742159565,2393.340918958116,2363.957327477838,2385.758056640625,340200,0.0,0.0
2019-09-25 00:00:00+09:00,2369.644618270421,2398.080353689666,2359.218181950031,2393.341064453125,328000,0.0,0.0
2019-09-26 00:00:00+09:00,2423.6723999217816,2428.411688932188,2371.5402208073124,2381.018798828125,502500,0.0,0.0
2019-09-27 00:00:00+09:00,2418.326725417673,2418.326725417673,2342.754015248371,2376.235595703125,394200,23.0,0.0
2019-09-30 00:00:00+09:00,2353.277007458257,2372.4093408522263,2334.1446740642873,2341.797607421875,475900,0.0,0.0
2019-10-01 00:00:00+09:00,2354.2334832452743,2406.8473969301544,2354.2334832452743,2384.84521484375,273500,0.0,0.0
2019-10-02 00:00:00+09:00,2386.758521801013,2405.8908546411017,2361.8864891088983,2383.888671875,374700,0.0,0.0
2019-10-03 00:00:00+09:00,2342.75414430233,2350.4070773992753,2286.3137627123597,2301.61962890625,261600,0.0,0.0
2019-10-04 00:00:00+09:00,2281.5303441097863,2290.139892578125,2264.3112471731088,2290.139892578125,306800,0.0,0.0
2019-10-07 00:00:00+09:00,2309.272847207886,2316.92578125,2294.9235958789222,2316.92578125,207800,0.0,0.0
2019-10-08 00:00:00+09:00,2328.404928121481,2343.7107945347693,2322.665228216498,2336.057861328125,298700,0.0,0.0
2019-10-09 00:00:00+09:00,2315.01221797926,2346.58056640625,2300.6629686942647,2346.58056640625,257600,0.0,0.0
2019-10-10 00:00:00+09:00,2358.0599891091015,2361.8864556228687,2311.185774315452,2349.450439453125,217200,0.0,0.0
2019-10-11 00:00:00+09:00,2357.1033451329677,2362.8430448370254,2332.2313130820517,2356.146728515625,237100,0.0,0.0
2019-10-15 00:00:00+09:00,2380.0622416962474,2381.018858352878,2352.320358653968,2358.06005859375,313600,0.0,0.0
2019-10-16 00:00:00+09:00,2353.27685546875,2372.4091876270327,2337.970989742124,2353.27685546875,396300,0.0,0.0
2019-10-17 00:00:00+09:00,2347.537113170967,2361.8863620289803,2335.1010974940223,2337.970947265625,267200,0.0,0.0
2019-10-18 00:00:00+09:00,2350.4072413497565,2356.146941572833,2312.1425731959143,2321.708740234375,277700,0.0,0.0
2019-10-21 00:00:00+09:00,2330.3180299273345,2333.1878797178856,2296.836449037574,2299.706298828125,339400,0.0,0.0
2019-10-23 00:00:00+09:00,2339.8841729102196,2367.6260539463588,2317.881991398799,2357.103271484375,468700,0.0,0.0
2019-10-24 00:00:00+09:00,2353.2767818595084,2371.4524968413502,2345.623849235575,2354.2333984375,402900,0.0,0.0
2019-10-25 00:00:00+09:00,2357.103271484375,2358.059888071828,2340.8407894976726,2357.103271484375,165100,0.0,0.0
2019-10-28 00:00:00+09:00,2359.016555116235,2362.8430215478916,2345.623922605437,2353.27685546875,218300,0.0,0.0
2019-10-29 00:00:00+09:00,2367.6259329765976,2374.3222487466323,2348.4936022050697,2352.320068359375,297200,0.0,0.0
2019-10-30 00:00:00+09:00,2363.799901336781,2381.019002196377,2358.060201050249,2365.713134765625,802800,0.0,0.0
2019-10-31 00:00:00+09:00,2384.8451563455073,2388.6716227014567,2345.6238761970253,2347.537109375,310900,0.0,0.0
2019-11-01 00:00:00+09:00,2339.8840599294663,2357.1031576722016,2327.4480448930462,2333.187744140625,247000,0.0,0.0
2019-11-05 00:00:00+09:00,2343.7106585666256,2384.845172165958,2337.9709589946256,2369.539306640625,596200,0.0,0.0
2019-11-06 00:00:00+09:00,2377.192683665678,2377.192683665678,2354.2338810870156,2363.800048828125,351000,0.0,0.0
2019-11-07 00:00:00+09:00,2361.8863620289803,2367.626061572186,2333.187864312954,2337.970947265625,354600,0.0,0.0
2019-11-08 00:00:00+09:00,2363.799841059271,2396.3248085202245,2360.929990989187,2388.671875,472400,0.0,0.0
2019-11-11 00:00:00+09:00,2627.825791967921,2630.6956417589304,2515.9016501185406,2540.773681640625,747800,0.0,0.0
2019-11-12 00:00:00+09:00,2523.55459062174,2531.2075234211993,2498.6825590234967,2521.641357421875,283600,0.0,0.0
2019-11-13 00:00:00+09:00,2508.2488850536433,2515.9018183413737,2485.290085190452,2491.02978515625,323800,0.0,0.0
2019-11-14 00:00:00+09:00,2490.0731033531792,2491.02971998912,2464.2444541827854,2472.85400390625,239100,0.0,0.0
2019-11-15 00:00:00+09:00,2482.4200884452343,2524.5112190392965,2472.8539224011297,2492.94287109375,445400,0.0,0.0
2019-11-18 00:00:00+09:00,2487.2030619469565,2493.8993778829677,2449.8950160177524,2459.461181640625,281100,0.0,0.0
2019-11-19 00:00:00+09:00,2449.8952867147887,2475.7239367504385,2439.3725033669316,2452.76513671875,260900,0.0,0.0
2019-11-20 00:00:00+09:00,2439.372349579184,2439.372349579184,2405.8907683104503,2413.543701171875,222800,0.0,0.0
2019-11-21 00:00:00+09:00,2417.3702543451545,2421.196720913172,2362.843105750903,2383.888671875,310900,0.0,0.0
2019-11-22 00:00:00+09:00,2360.930051193515,2378.1491520531113,2347.537417191607,2365.713134765625,303200,0.0,0.0
2019-11-25 00:00:00+09:00,2374.322289007482,2386.7583042198503,2360.929657240317,2377.192138671875,232200,0.0,0.0
2019-11-26 00:00:00+09:00,2391.5413098457534,2404.9339411808896,2386.758227226062,2387.71484375,337000,0.0,0.0
2019-11-27 00:00:00+09:00,2403.977449384189,2413.5436151199006,2382.931884765625,2382.931884765625,283800,0.0,0.0
2019-11-28 00:00:00+09:00,2382.9321149581833,2389.628431620049,2356.146848310721,2360.929931640625,160200,0.0,0.0
2019-11-29 00:00:00+09:00,2360.9301001036943,2371.4528841803317,2319.795580531385,2320.752197265625,314600,0.0,0.0
2019-12-02 00:00:00+09:00,2338.9275638561594,2364.756211800583,2334.1444809034883,2337.970947265625,252600,0.0,0.0
2019-12-03 00:00:00+09:00,2314.0556324925915,2332.231348498114,2296.836533118939,2330.318115234375,410800,0.0,0.0
2019-12-04 00:00:00+09:00,2332.2312515246253,2337.9709510771877,2314.0555362748432,2328.40478515625,376000,0.0,0.0
2019-12-05 00:00:00+09:00,2335.1012446772947,2343.7107945347693,2320.751994914837,2336.057861328125,321000,0.0,0.0
2019-12-06 00:00:00+09:00,2357.1034276463965,2359.973277598888,2328.404928121481,2336.057861328125,289700,0.0,0.0
2019-12-09 00:00:00+09:00,2327.4481647697485,2338.9275638561594,2321.7084652265435,2337.970947265625,347200,0.0,0.0
2019-12-10 00:00:00+09:00,2348.49369020675,2348.49369020675,2307.359177506591,2313.098876953125,321700,0.0,0.0
2019-12-11 00:00:00+09:00,2297.792945343437,2302.576028077291,2271.964298580626,2294.923095703125,404300,0.0,0.0
2019-12-12 00:00:00+09:00,2314.055559577717,2316.925409382898,2268.1379626948187,2271.0078125,418600,0.0,0.0
2019-12-13 00:00:00+09:00,2278.660806682077,2311.18577201675,2276.747573427096,2298.749755859375,518100,0.0,0.0
2019-12-16 00:00:00+09:00,2302.5761486186757,2315.96878097458,2293.009982650173,2299.706298828125,323300,0.0,0.0
2019-12-17 00:00:00+09:00,2315.968916039718,2326.49169921875,2302.5762829027676,2326.49169921875,495600,0.0,0.0
2019-12-18 00:00:00+09:00,2341.7972427599266,2343.710475801397,2317.8818297415446,2337.01416015625,430500,0.0,0.0
2019-12-19 00:00:00+09:00,2344.667267221844,2348.4937335902196,2317.8820026432186,2328.40478515625,250100,0.0,0.0
2019-12-20 00:00:00+09:00,2338.927520802229,2345.623836812706,2319.7951893437244,2322.6650390625,457400,0.0,0.0
2019-12-23 00:00:00+09:00,2337.9710801855103,2340.840930120272,2314.0556640625,2314.0556640625,218700,0.0,0.0
2019-12-24 00:00:00+09:00,2311.1858184801786,2325.5350681810073,2298.7498020727935,2304.489501953125,92100,0.0,0.0
2019-12-25 00:00:00+09:00,2327.448078516111,2329.3613116262763,2300.6628149737962,2307.359130859375,135700,0.0,0.0
2019-12-26 00:00:00+09:00,2300.6627151867574,2315.968579404216,2295.8796326188017,2315.011962890625,119300,0.0,0.0
2019-12-27 00:00:00+09:00,2334.144461352067,2338.9275442646735,2320.7518291967685,2325.534912109375,162700,0.0,0.0
2019-12-30 00:00:00+09:00,2311.1855769982285,2311.1855769982285,2293.0098626095833,2294.923095703125,208500,0.0,0.0
2020-01-06 00:00:00+09:00,2276.7475200124786,2291.0967690881876,2238.4828558105883,2251.87548828125,339500,0.0,0.0
2020-01-07 00:00:00+09:00,2246.1357959656602,2294.92324298195,2244.222562749335,2293.010009765625,304700,0.0,0.0
2020-01-08 00:00:00+09:00,2282.487192182206,2285.3570419628204,2227.0034297569887,2258.57177734375,427600,0.0,0.0
2020-01-09 00:00:00+09:00,2295.879905976904,2306.402688879298,2287.2703563294904,2298.749755859375,301300,0.0,0.0
2020-01-10 00:00:00+09:00,2337.9711826977914,2341.797649445251,2305.446215344385,2306.40283203125,264700,0.0,0.0
2020-01-14 00:00:00+09:00,2302.576333162007,2302.576333162007,2257.615349506579,2271.964599609375,320100,0.0,0.0
2020-01-15 00:00:00+09:00,2267.181178999815,2272.920878187156,2239.439299594332,2260.48486328125,396800,0.0,0.0
2020-01-16 00:00:00+09:00,2256.658668297863,2257.615284944026,2229.873402205307,2253.788818359375,300700,0.0,0.0
2020-01-17 00:00:00+09:00,2281.53076171875,2286.313845076651,2263.3550449587265,2281.53076171875,410200,0.0,0.0
2020-01-20 00:00:00+09:00,2302.576144770738,2315.01216050901,2296.8364451992284,2309.2724609375,209500,0.0,0.0
2020-01-21 00:00:00+09:00,2309.2725662970183,2315.968882769296,2287.2703836023907,2292.053466796875,282800,0.0,0.0
2020-01-22 00:00:00+09:00,2313.098876953125,2322.6650426973483,2302.57609463448,2313.098876953125,470300,0.0,0.0
2020-01-23 00:00:00+09:00,2303.532526413066,2303.532526413066,2274.834031482671,2280.57373046875,284300,0.0,0.0
2020-01-24 00:00:00+09:00,2276.747261627376,2295.8795915570176,2274.8340286344114,2290.139892578125,202100,0.0,0.0
2020-01-27 00:00:00+09:00,2270.0511764662087,2282.487192182206,2251.8754611889826,2258.57177734375,246400,0.0,0.0
2020-01-28 00:00:00+09:00,2235.6129132669057,2249.962161747438,2223.1768979171115,2240.39599609375,291100,0.0,0.0
2020-01-29 00:00:00+09:00,2241.3525390625,2249.962087868118,2232.7429902568824,2241.3525390625,228300,0.0,0.0
2020-01-30 00:00:00+09:00,2256.6586303187028,2269.0946465095226,2218.3939651161813,2228.916748046875,385800,0.0,0.0
2020-01-31 00:00:00+09:00,2236.5694563927123,2263.3547193435234,2234.6562233247973,2241.3525390625,469400,0.0,0.0
2020-02-03 00:00:00+09:00,2219.3504511677284,2265.2680467091295,2219.3504511677284,2252.83203125,321300,0.0,0.0
2020-02-04 00:00:00+09:00,2261.4418390914107,2290.140339587495,2259.528605725005,2274.83447265625,484500,0.0,0.0
2020-02-05 00:00:00+09:00,2292.0535817282766,2309.2726820918447,2275.7910980515735,2306.40283203125,531000,0.0,0.0
2020-02-06 00:00:00+09:00,2313.0988928557713,2346.5804731907388,2308.315809950776,2335.10107421875,543400,0.0,0.0
2020-02-07 00:00:00+09:00,2341.797649445251,2351.3638163139,2302.5763652837904,2306.40283203125,256100,0.0,0.0
2020-02-10 00:00:00+09:00,2298.749751711109,2315.9688509748626,2286.313735576176,2308.31591796875,303900,0.0,0.0
2020-02-12 00:00:00+09:00,2320.751722081609,2329.361270926924,2277.7039778550334,2282.487060546875,325100,0.0,0.0
2020-02-13 00:00:00+09:00,2275.7908955086355,2287.2702947293596,2255.7019468723674,2271.0078125,354100,0.0,0.0
2020-02-14 00:00:00+09:00,2270.0512037771477,2282.4872196427623,2237.526239205541,2251.87548828125,429000,0.0,0.0
2020-02-17 00:00:00+09:00,2243.2661372166053,2251.875687423407,2182.0426690793506,2195.435302734375,349600,0.0,0.0
2020-02-18 00:00:00+09:00,2172.47606205555,2177.2591445347566,2114.1224558092317,2131.341552734375,451400,0.0,0.0
2020-02-19 00:00:00+09:00,2138.0381660310645,2190.6520806313815,2138.0381660310645,2178.216064453125,577900,0.0,0.0
2020-02-20 00:00:00+09:00,2180.1293759998343,2200.2183259322596,2158.127192740512,2167.693359375,495400,0.0,0.0
2020-02-21 00:00:00+09:00,2166.7367382083085,2190.6521547448237,2161.953654901005,2177.259521484375,439300,0.0,0.0
2020-02-25 00:00:00+09:00,2098.8168014400494,2120.81898304129,2087.33740234375,2087.33740234375,476500,0.0,0.0
2020-02-26 00:00:00+09:00,2064.3787543652793,2085.424320906538,2055.7692044165824,2075.858154296875,458200,0.0,0.0
2020-02-27 00:00:00+09:00,2050.9859004739337,2053.855750148104,2011.764621593602,2018.4609375,411100,0.0,0.0
2020-02-28 00:00:00+09:00,1970.63014662099,1984.0227786854045,1948.627965372309,1983.066162109375,841700,0.0,0.0
2020-03-02 00:00:00+09:00,1937.148514122956,2013.67783813769,1921.8426493200093,1996.458740234375,619500,0.0,0.0
2020-03-03 00:00:00+09:00,2025.1573269155135,2028.027176693854,1957.237548828125,1957.237548828125,590900,0.0,0.0
2020-03-04 00:00:00+09:00,1936.1919837869625,1969.6735645342667,1913.2331855602397,1957.237548828125,516000,0.0,0.0
2020-03-05 00:00:00+09:00,1957.2377375037925,1975.4134545187349,1947.671570653823,1970.63037109375,419600,0.0,0.0
2020-03-06 00:00:00+09:00,1939.0618489989017,1947.6713984024489,1909.4067343866836,1918.972900390625,499700,0.0,0.0
2020-03-09 00:00:00+09:00,1871.1421124469853,1875.925195556512,1801.3090990478902,1818.5281982421875,444500,0.0,0.0
2020-03-10 00:00:00+09:00,1788.873024105408,1859.6626517972798,1739.1289614030115,1846.27001953125,605300,0.0,0.0
2020-03-11 00:00:00+09:00,1829.0510001346984,1883.5781481512663,1826.1811502390894,1830.9642333984375,595600,0.0,0.0
2020-03-12 00:00:00+09:00,1798.439276535267,1808.9620595362712,1750.6084447125204,1756.34814453125,872400,0.0,0.0
2020-03-13 00:00:00+09:00,1649.2070671407587,1725.7363974025106,1609.0291687533388,1678.8621826171875,733200,0.0,0.0
2020-03-16 00:00:00+09:00,1677.9054600408901,1714.2568896198832,1630.074631647478,1635.8143310546875,646400,0.0,0.0
2020-03-17 00:00:00+09:00,1597.5497086098626,1730.5194148953542,1597.5497086098626,1716.170166015625,870600,0.0,0.0
2020-03-18 00:00:00+09:00,1697.037878330983,1723.8231436033998,1599.4629834100358,1610.9423828125,1278800,0.0,0.0
2020-03-19 00:00:00+09:00,1643.467456493626,1647.2939232142166,1538.2396216773868,1543.022705078125,728800,0.0,0.0
2020-03-23 00:00:00+09:00,1533.4563853844597,1637.7275931242639,1502.8446546718567,1624.3349609375,1096800,0.0,0.0
2020-03-24 00:00:00+09:00,1648.2504715995005,1686.5151372199184,1587.027006606832,1631.0313720703125,756900,0.0,0.0
2020-03-25 00:00:00+09:00,1860.6191773484588,1899.840455637038,1752.5215079189597,1825.224365234375,753900,0.0,0.0
2020-03-26 00:00:00+09:00,1806.092283033288,1806.092283033288,1742.9555824611498,1760.1746826171875,573400,0.0,0.0
2020-03-27 00:00:00+09:00,1836.7038231895224,1862.532470703125,1790.7862276097842,1862.532470703125,542800,0.0,0.0
2020-03-30 00:00:00+09:00,1813.1619358245557,1829.6188247241912,1717.3247592913838,1818.002197265625,692700,23.0,0.0
2020-03-31 00:00:00+09:00,1800.577158854879,1846.0756139442228,1769.5994873046875,1769.5994873046875,659000,0.0,0.0
2020-04-01 00:00:00+09:00,1755.0787700459393,1831.5548995735892,1744.4301950484185,1754.1107177734375,389200,0.0,0.0
2020-04-02 00:00:00+09:00,1734.749651810585,1772.5036899917307,1727.005233722145,1737.65380859375,374300,0.0,0.0
2020-04-03 00:00:00+09:00,1747.334379430138,1823.8105101641995,1696.9956604659455,1712.4844970703125,426700,0.0,0.0
2020-04-06 00:00:00+09:00,1712.4844899289656,1783.1523066416928,1693.123444254246,1770.567626953125,771500,0.0,0.0
2020-04-07 00:00:00+09:00,1807.3535723973835,1868.3408648778523,1771.535638718378,1829.6187744140625,477800,0.0,0.0
2020-04-08 00:00:00+09:00,1859.6283344884073,1859.6283344884073,1774.439738218246,1800.5771484375,603500,0.0,0.0
2020-04-09 00:00:00+09:00,1781.216060976862,1809.2895749813886,1733.7815028312825,1767.663330078125,555900,0.0,0.0
2020-04-10 00:00:00+09:00,1806.3853941989366,1819.9381249163991,1771.5355152111758,1809.28955078125,314300,0.0,0.0
2020-04-13 00:00:00+09:00,1787.0244611467635,1795.7369314340447,1755.0787367600662,1761.8551025390625,185500,0.0,0.0
2020-04-14 00:00:00+09:00,1773.4715960577576,1793.8006918640963,1744.4300306201305,1786.0562744140625,332800,0.0,0.0
2020-04-15 00:00:00+09:00,1774.4396808522515,1811.2256644160188,1762.8230544636933,1778.3118896484375,523800,0.0,0.0
2020-04-16 00:00:00+09:00,1771.5356816226092,1793.8008841785218,1765.727367912371,1784.120361328125,341200,0.0,0.0
2020-04-17 00:00:00+09:00,1771.535669921875,1826.7146498046875,1768.6315130859375,1815.0980224609375,438600,0.0,0.0
2020-04-20 00:00:00+09:00,1793.8007248331817,1802.5131946246004,1773.471628653205,1778.3118896484375,358600,0.0,0.0
2020-04-21 00:00:00+09:00,1742.4940068493152,1779.279991438356,1735.7176412671233,1766.6953125,501900,0.0,0.0
2020-04-22 00:00:00+09:00,1764.7592634856862,1804.4494059996266,1758.9509499470607,1782.1842041015625,379800,0.0,0.0
2020-04-23 00:00:00+09:00,1766.695318824204,1810.2576691513761,1764.7592143652187,1793.80078125,647500,0.0,0.0
2020-04-24 00:00:00+09:00,1776.375923885131,1783.1522898073085,1753.1426692948078,1774.4398193359375,858600,0.0,0.0
2020-04-27 00:00:00+09:00,1787.9925053014888,1813.1618637951751,1774.4397738048885,1806.385498046875,396000,0.0,0.0
2020-04-28 00:00:00+09:00,1810.2577011888773,1810.2577011888773,1771.5356113238745,1779.280029296875,599900,0.0,0.0
2020-04-30 00:00:00+09:00,1806.385437107938,1867.3727267852157,1796.7049149369416,1842.203369140625,722800,0.0,0.0
2020-05-01 00:00:00+09:00,1843.1714465725806,1849.9478121849797,1790.8966261340724,1800.5771484375,308100,0.0,0.0
2020-05-07 00:00:00+09:00,1762.8231320835898,1819.9382143422015,1762.8231320835898,1817.0340576171875,470900,0.0,0.0
2020-05-08 00:00:00+09:00,1890.6061431311366,1890.6061431311366,1835.4271619952049,1854.7882080078125,486100,0.0,0.0
2020-05-11 00:00:00+09:00,1970.9543312254498,1970.9543312254498,1901.25457098565,1909.967041015625,501700,0.0,0.0
2020-05-12 00:00:00+09:00,1915.7754169810903,1916.7434692382812,1868.3408563787286,1874.149169921875,378300,0.0,0.0
2020-05-13 00:00:00+09:00,1819.9381891886394,1858.6602783203125,1772.5036300023398,1858.6602783203125,736000,0.0,0.0
2020-05-14 00:00:00+09:00,1856.7242691726194,1857.692321450603,1806.38555071747,1808.3216552734375,340100,0.0,0.0
2020-05-15 00:00:00+09:00,1963.2099067119216,1974.826533378856,1853.8200055982888,1882.861572265625,878700,0.0,0.0
2020-05-18 00:00:00+09:00,1898.3504196802776,1898.3504196802776,1839.299233754476,1858.6602783203125,396000,0.0,0.0
2020-05-19 00:00:00+09:00,1882.8616402365944,1888.6699537797408,1863.5005950927734,1874.149169921875,444800,0.0,0.0
2020-05-20 00:00:00+09:00,1858.6603365384617,1904.1587926933094,1858.6603365384617,1887.701904296875,550900,0.0,0.0
2020-05-21 00:00:00+09:00,1892.5421188910482,1925.455894871762,1886.7338054826869,1912.8712158203125,417700,0.0,0.0
2020-05-22 00:00:00+09:00,1882.8616882643776,1890.6061065194494,1848.0118061165535,1848.9798583984375,648400,0.0,0.0
2020-05-25 00:00:00+09:00,1881.8935085858186,1907.0628662109375,1868.3407775569083,1907.0628662109375,282700,0.0,0.0
2020-05-26 00:00:00+09:00,1929.3281968418796,1949.6572947514026,1907.0629943695449,1940.94482421875,352300,0.0,0.0
2020-05-27 00:00:00+09:00,1934.1684466040363,1980.6349558317609,1919.6476624703723,1971.9224853515625,654400,0.0,0.0
2020-05-28 00:00:00+09:00,1966.1141070023323,2001.9320400201002,1961.2738457837152,1994.1876220703125,619300,0.0,0.0
2020-05-29 00:00:00+09:00,1974.8266033254156,2051.3027315914487,1969.0182897862232,2037.75,1643400,0.0,0.0
2020-06-01 00:00:00+09:00,2029.0374921576242,2044.5263279756214,2001.9320294761292,2025.165283203125,477200,0.0,0.0
2020-06-02 00:00:00+09:00,2039.6862087957525,2063.8875164463902,2015.4849011451147,2034.845947265625,360900,0.0,0.0
2020-06-03 00:00:00+09:00,2071.6315344905547,2144.235443409616,2064.855169658109,2107.449462890625,827300,0.0,0.0
2020-06-04 00:00:00+09:00,2155.852355537642,2178.1175572338097,2097.7692206780735,2113.258056640625,708300,0.0,0.0
2020-06-05 00:00:00+09:00,2113.257814729595,2123.9063882348746,2077.4398856663815,2120.0341796875,360300,0.0,0.0
2020-06-08 00:00:00+09:00,2120.034399850028,2175.213377380371,2114.2260864257814,2168.43701171875,506200,0.0,0.0
2020-06-09 00:00:00+09:00,2170.3733231278156,2190.7024220509575,2138.4275962485926,2149.076171875,578800,0.0,0.0
2020-06-10 00:00:00+09:00,2159.724602704491,2162.628759498805,2117.1303030545596,2125.8427734375,336800,0.0,0.0
2020-06-11 00:00:00+09:00,2096.801233588325,2120.0344882541235,2076.472135755751,2090.992919921875,348400,0.0,0.0
2020-06-12 00:00:00+09:00,2007.7403786716516,2040.6541553711868,1969.0182884369042,2030.9736328125,621700,0.0,0.0
2020-06-15 00:00:00+09:00,2047.4304846914958,2069.6956861798667,2023.2291787258753,2025.165283203125,350000,0.0,0.0
2020-06-16 00:00:00+09:00,2071.63176503952,2085.1844962126756,2035.8138326533226,2066.79150390625,568000,0.0,0.0
2020-06-17 00:00:00+09:00,2060.983331284601,2093.8971092384177,2053.2389129425264,2076.47216796875,347100,0.0,0.0
2020-06-18 00:00:00+09:00,2088.0887943335624,2093.897108086924,2054.2069641056187,2069.69580078125,247300,0.0,0.0
2020-06-19 00:00:00+09:00,2062.9192971795856,2062.9192971795856,1995.1556412421987,2001.9320068359375,957900,0.0,0.0
2020-06-22 00:00:00+09:00,1980.6348935810556,2033.8777670644174,1972.8904756198394,2007.7403564453125,469300,0.0,0.0
2020-06-23 00:00:00+09:00,2033.8777923583984,2079.3762484463778,2030.9736355868254,2044.5263671875,671700,0.0,0.0
2020-06-24 00:00:00+09:00,2034.8458418359749,2045.4944166505304,2014.5167444627325,2030.9736328125,343500,0.0,0.0
2020-06-25 00:00:00+09:00,2015.484774406529,2036.7819237998735,2000.9639907292483,2007.7403564453125,355500,0.0,0.0
2020-06-26 00:00:00+09:00,2052.2707205064403,2084.2164439860217,2049.3665638264783,2066.79150390625,465700,0.0,0.0
2020-06-29 00:00:00+09:00,2047.430628292252,2057.1111513574638,2040.654262146604,2041.622314453125,436200,0.0,0.0
2020-06-30 00:00:00+09:00,2087.1204712722474,2088.0885234388857,2045.494228106799,2046.4622802734375,367200,0.0,0.0
2020-07-01 00:00:00+09:00,2050.3346214624235,2056.142934837671,2006.772271148066,2015.4847412109375,392700,0.0,0.0
2020-07-02 00:00:00+09:00,2021.2929117210124,2025.165120364156,1985.4749817719332,2005.8040771484375,625500,0.0,0.0
2020-07-03 00:00:00+09:00,2017.4207910297575,2031.9415740745974,1995.155590361003,2006.772216796875,345500,0.0,0.0
2020-07-06 00:00:00+09:00,2015.4848021886758,2059.047153820996,2015.4848021886758,2058.0791015625,383900,0.0,0.0
2020-07-07 00:00:00+09:00,2063.887374289096,2063.887374289096,2015.4847623217156,2031.941650390625,305000,0.0,0.0
2020-07-08 00:00:00+09:00,2028.0694353148767,2055.1748979348367,2004.836181640625,2004.836181640625,441400,0.0,0.0
2020-07-09 00:00:00+09:00,2026.1333461131865,2037.749973037868,1991.2834653391421,1994.1876220703125,548000,0.0,0.0
2020-07-10 00:00:00+09:00,1964.1779404897538,1983.5389847528368,1936.1044263082838,1951.59326171875,403100,0.0,0.0
2020-07-13 00:00:00+09:00,1990.31534736648,2013.548600448579,1989.3472951547258,2009.6763916015625,215100,0.0,0.0
2020-07-14 00:00:00+09:00,1989.3474456235497,2002.900177613199,1978.698870488825,1981.60302734375,259700,0.0,0.0
2020-07-15 00:00:00+09:00,2009.6764294088828,2039.6860485378209,2004.8361682590541,2022.2611083984375,304900,0.0,0.0
2020-07-16 00:00:00+09:00,2045.4944166505304,2063.8874095120354,2027.1014237890254,2030.9736328125,342800,0.0,0.0
2020-07-17 00:00:00+09:00,2010.6445982968673,2029.0375917333818,1988.3793957158234,1995.15576171875,372800,0.0,0.0
2020-07-20 00:00:00+09:00,1973.858477586505,2012.58056640625,1963.2099031610749,2012.58056640625,416900,0.0,0.0
2020-07-21 00:00:00+09:00,1969.986361488075,1978.6988318828626,1959.3377865611126,1962.241943359375,410400,0.0,0.0
2020-07-22 00:00:00+09:00,1937.0724768327682,1976.7626175374876,1937.0724768327682,1944.81689453125,504600,0.0,0.0
2020-07-27 00:00:00+09:00,1930.2962035533842,1978.6988164810016,1920.6156809678607,1972.8905029296875,372300,0.0,0.0
2020-07-28 00:00:00+09:00,1972.8904104081412,1983.5389847528368,1951.59326171875,1951.59326171875,340700,0.0,0.0
2020-07-29 00:00:00+09:00,1951.5933657786886,1964.1780452207138,1940.9447908662057,1948.689208984375,290700,0.0,0.0
2020-07-30 00:00:00+09:00,1959.3376742637845,1964.1779353168079,1930.2961079456454,1931.26416015625,380200,0.0,0.0
2020-07-31 00:00:00+09:00,1916.7434835583126,1925.4559539381232,1851.8839818419456,1856.7242431640625,419100,0.0,0.0
2020-08-03 00:00:00+09:00,1872.2129108444653,1893.5100587444542,1858.6601803626543,1881.8934326171875,350400,0.0,0.0
2020-08-04 00:00:00+09:00,1910.9350687662761,1956.4335227845208,1910.9350687662761,1951.59326171875,345100,0.0,0.0
2020-08-05 00:00:00+09:00,1951.5933159722222,1965.1460473331404,1925.4559054904514,1960.3057861328125,360000,0.0,0.0
2020-08-06 00:00:00+09:00,1966.1141088203362,1969.9863177988104,1921.5837055678815,1922.5517578125,235600,0.0,0.0
2020-08-07 00:00:00+09:00,1959.3378402620028,1988.3794090405897,1946.7531604579485,1970.9544677734375,393500,0.0,0.0
2020-08-11 00:00:00+09:00,2019.3570350731786,2029.0375577724747,1965.14610795712,2002.900146484375,640500,0.0,0.0
2020-08-12 00:00:00+09:00,2042.5903728916057,2107.449877623235,1997.0919143485226,2082.280517578125,668600,0.0,0.0
2020-08-13 00:00:00+09:00,2079.3761186573215,2095.833006002375,2063.887283509036,2089.056640625,448200,0.0,0.0
2020-08-14 00:00:00+09:00,2080.344306275555,2080.344306275555,2045.4944249233354,2071.6318359375,297500,0.0,0.0
2020-08-17 00:00:00+09:00,2081.3123921292363,2092.9290194341434,2063.887451171875,2063.887451171875,197900,0.0,0.0
2020-08-18 00:00:00+09:00,2057.1109848057963,2082.280342737538,2045.4943580680695,2080.34423828125,298300,0.0,0.0
2020-08-19 00:00:00+09:00,2080.34423828125,2088.0886561064012,2061.951245946516,2080.34423828125,289300,0.0,0.0
2020-08-20 00:00:00+09:00,2050.334683494532,2067.75962414746,2041.622213168068,2058.0791015625,249900,0.0,0.0
2020-08-21 00:00:00+09:00,2081.3122506990517,2088.088616166444,2047.4304233620906,2060.983154296875,200600,0.0,0.0
2020-08-24 00:00:00+09:00,2066.7913981616243,2071.631659047249,2052.2706155047513,2062.919189453125,122400,0.0,0.0
2020-08-25 00:00:00+09:00,2082.280517578125,2102.6096160760985,2080.3444129592704,2082.280517578125,219200,0.0,0.0
2020-08-26 00:00:00+09:00,2130.6830320699187,2138.4274501783057,2086.152627946695,2112.2900390625,413100,0.0,0.0
2020-08-27 00:00:00+09:00,2110.3540760715096,2136.4914889402853,2109.3860237430367,2128.7470703125,344700,0.0,0.0
2020-08-28 00:00:00+09:00,2112.2900336220405,2135.5232878873608,2072.5998909187847,2085.1845703125,344200,0.0,0.0
2020-08-31 00:00:00+09:00,2110.353658319064,2129.714701055936,2098.7370326769405,2120.0341796875,417600,0.0,0.0
2020-09-01 00:00:00+09:00,2092.928956541393,2100.6733745119436,2076.472068353972,2099.705322265625,197800,0.0,0.0
2020-09-02 00:00:00+09:00,2101.6413591032842,2112.2899334699982,2093.8969413820378,2108.417724609375,174000,0.0,0.0
2020-09-03 00:00:00+09:00,2115.1940934675454,2129.7148767178946,2104.5455190839557,2121.970458984375,266500,0.0,0.0
2020-09-04 00:00:00+09:00,2090.0247968704684,2097.7692148301553,2076.4720654410166,2086.152587890625,253400,0.0,0.0
2020-09-07 00:00:00+09:00,2089.0564909496943,2091.960647331923,2059.046875,2059.046875,210000,0.0,0.0
2020-09-08 00:00:00+09:00,2058.0790010809174,2075.503940883108,2045.4943223348912,2074.535888671875,209800,0.0,0.0
2020-09-09 00:00:00+09:00,2039.6861379584302,2053.2388697721076,2019.3570402379144,2030.005615234375,431400,0.0,0.0
2020-09-10 00:00:00+09:00,2028.0695144898268,2054.2069258937527,2020.3250962960708,2050.334716796875,405500,0.0,0.0
2020-09-11 00:00:00+09:00,2039.686111364632,2072.599888197284,2030.9736410265773,2071.6318359375,341500,0.0,0.0
2020-09-14 00:00:00+09:00,2072.5999587977126,2089.0568477746215,2063.887488162879,2076.47216796875,335800,0.0,0.0
2020-09-15 00:00:00+09:00,2067.7593810434246,2078.4079546349403,2051.3024945838097,2064.855224609375,405200,0.0,0.0
2020-09-16 00:00:00+09:00,2063.8874123313212,2075.5040394176135,2042.5902626731179,2044.5263671875,406800,0.0,0.0
2020-09-17 00:00:00+09:00,2054.2068249597482,2075.503973946136,2054.2068249597482,2066.79150390625,494800,0.0,0.0
2020-09-18 00:00:00+09:00,2075.504011726024,2095.8331088558034,2073.5679072374737,2079.376220703125,774700,0.0,0.0
2020-09-23 00:00:00+09:00,2060.0152812355254,2100.6734775757004,2052.270862885016,2090.02490234375,518000,0.0,0.0
2020-09-24 00:00:00+09:00,2084.216516687529,2098.7373005938516,2074.5359940833137,2078.408203125,530600,0.0,0.0
2020-09-25 00:00:00+09:00,2086.1527988416256,2105.5138456986247,2081.312537127376,2100.673583984375,561700,0.0,0.0
2020-09-28 00:00:00+09:00,2099.705258000506,2121.970458984375,2090.0247358336064,2121.970458984375,618300,0.0,0.0
2020-09-29 00:00:00+09:00,2119.0354168177205,2127.840273120287,2088.7075784422127,2108.27392578125,353300,23.0,0.0
2020-09-30 00:00:00+09:00,2092.6209363808252,2093.599253789138,2020.2254481656869,2023.160400390625,458000,0.0,0.0
2020-10-02 00:00:00+09:00,2023.1605343524789,2032.9437090833903,1948.8084063975523,1968.374755859375,718600,0.0,0.0
2020-10-05 00:00:00+09:00,1975.2228676664145,2009.4639773089723,1972.287915411338,1988.9193115234375,611200,0.0,0.0
2020-10-06 00:00:00+09:00,2015.3339717326423,2038.8135908207896,2001.6375272645564,2002.6158447265625,469800,0.0,0.0
2020-10-07 00:00:00+09:00,1984.027812948446,2023.1605114286913,1984.027812948446,2002.6158447265625,413800,0.0,0.0
2020-10-08 00:00:00+09:00,1993.8109432444853,2020.2255141314338,1985.9844037224264,1995.767578125,587400,0.0,0.0
2020-10-09 00:00:00+09:00,1989.8977275502987,2009.4640768870763,1942.938489142032,1955.6566162109375,499700,0.0,0.0
2020-10-12 00:00:00+09:00,1935.111820922726,1942.9383601377826,1890.109220436151,1903.8056640625,696600,0.0,0.0
2020-10-13 00:00:00+09:00,1917.5020761958888,1940.9816934554303,1892.0658241647188,1909.675537109375,530700,0.0,0.0
2020-10-14 00:00:00+09:00,1892.065841809,1912.610507102686,1871.5211765153138,1891.0875244140625,504300,0.0,0.0
2020-10-15 00:00:00+09:00,1895.9791625976563,1905.7623368112666,1858.8031005859375,1858.8031005859375,432200,0.0,0.0
2020-10-16 00:00:00+09:00,1854.8898042497665,1866.6296131374233,1830.4318690671482,1833.3668212890625,529000,0.0,0.0
2020-10-19 00:00:00+09:00,1851.9548439776959,1891.0875400997813,1849.9982091715917,1888.152587890625,605800,0.0,0.0
2020-10-20 00:00:00+09:00,1853.9114880331842,1868.5862491521805,1816.7354265317272,1825.540283203125,573500,0.0,0.0
2020-10-21 00:00:00+09:00,1864.6730012953158,1895.9791587147545,1862.7163664566008,1882.28271484375,577800,0.0,0.0
2020-10-22 00:00:00+09:00,1882.2827174028762,1895.979161292502,1859.7814167270622,1866.629638671875,566500,0.0,0.0
2020-10-23 00:00:00+09:00,1894.0225410840303,1902.8273979382432,1865.6513356648998,1871.521240234375,478500,0.0,0.0
2020-10-26 00:00:00+09:00,1883.2610165448032,1889.130921011956,1871.5212076104979,1885.2176513671875,449800,0.0,0.0
2020-10-27 00:00:00+09:00,1888.1526072627923,1888.1526072627923,1849.9982281523007,1861.738037109375,476500,0.0,0.0
2020-10-28 00:00:00+09:00,1855.868162716843,1876.4128287247786,1840.215083853654,1863.6947021484375,582600,0.0,0.0
2020-10-29 00:00:00+09:00,1840.2150096651874,1864.6729444028958,1837.2800574966623,1854.8897705078125,459200,0.0,0.0
2020-10-30 00:00:00+09:00,1863.6947559798734,1863.6947559798734,1812.8222482050949,1823.583740234375,544800,0.0,0.0
2020-11-02 00:00:00+09:00,1843.1500205753734,1868.5862735132503,1833.3668463684978,1866.629638671875,540500,0.0,0.0
2020-11-04 00:00:00+09:00,1896.957506538304,1904.7840460186064,1870.542935792283,1884.2393798828125,580400,0.0,0.0
2020-11-05 00:00:00+09:00,1856.8465116560114,1860.759781438216,1834.3452104083358,1857.8248291015625,585300,0.0,0.0
2020-11-06 00:00:00+09:00,1844.1283819532268,1875.4345401614514,1839.2367947331918,1873.4779052734375,751600,0.0,0.0
2020-11-09 00:00:00+09:00,1891.0875690892801,1909.6756000322166,1864.6729988019492,1897.935791015625,530700,0.0,0.0
2020-11-10 00:00:00+09:00,2015.3338268728703,2015.3338268728703,1895.0007876955096,1938.0467529296875,1026700,0.0,0.0
2020-11-11 00:00:00+09:00,1971.3095293546978,1986.96260750342,1900.870677685448,1933.1551513671875,1173600,0.0,0.0
2020-11-12 00:00:00+09:00,1906.7405703034717,1916.5237440864553,1872.4994620630298,1904.783935546875,573300,0.0,0.0
2020-11-13 00:00:00+09:00,1901.8490361976424,1901.8490361976424,1850.9765311141662,1856.846435546875,695900,0.0,0.0
2020-11-16 00:00:00+09:00,1856.8465161458332,1880.3261348958333,1818.6921356770833,1834.34521484375,1140300,0.0,0.0
2020-11-17 00:00:00+09:00,1888.1525690529988,1921.415360424917,1868.5862211871647,1914.567138671875,1081100,0.0,0.0
2020-11-18 00:00:00+09:00,1893.0442090304393,1893.0442090304393,1856.8464644649994,1866.629638671875,747900,0.0,0.0
2020-11-19 00:00:00+09:00,1864.6729547507516,1896.957428783687,1857.8247329861897,1891.0875244140625,1028300,0.0,0.0
2020-11-20 00:00:00+09:00,1851.954908689866,1862.7164004994743,1840.2150994430206,1860.759765625,1007700,0.0,0.0
2020-11-24 00:00:00+09:00,1878.3694439052795,1903.8056967914968,1875.4344916491773,1890.1092529296875,1342900,0.0,0.0
2020-11-25 00:00:00+09:00,1914.5671418925608,1933.155172396372,1883.260985254563,1891.0875244140625,976800,0.0,0.0
2020-11-26 00:00:00+09:00,1880.3260330697506,1891.0875244140625,1863.6946373558142,1891.0875244140625,1139600,0.0,0.0
2020-11-27 00:00:00+09:00,1892.0658852579168,1918.480455527805,1882.2827110838841,1905.7623291015625,1184800,0.0,0.0
2020-11-30 00:00:00+09:00,1880.3261813430574,1897.9358958405471,1726.7303382260648,1765.863037109375,10975600,0.0,0.0
2020-12-01 00:00:00+09:00,1765.862964440716,1868.5862947821427,1756.0797901224848,1832.3885498046875,2565100,0.0,0.0
2020-12-02 00:00:00+09:00,1828.4752915894971,1887.1743378684537,1828.4752915894971,1852.9332275390625,1072800,0.0,0.0
2020-12-03 00:00:00+09:00,1813.800470842634,1860.7597063337053,1805.973931594122,1849.0198974609375,1167200,0.0,0.0
2020-12-04 00:00:00+09:00,1841.1933763382715,1852.9331853266133,1825.5402976871492,1830.431884765625,1283600,0.0,0.0
2020-12-07 00:00:00+09:00,1843.1500443318357,1852.9332186648073,1813.800521332921,1816.7354736328125,1086900,0.0,0.0
2020-12-08 00:00:00+09:00,1819.67041015625,1846.08498062626,1816.7354578818045,1819.67041015625,1169600,0.0,0.0
2020-12-09 00:00:00+09:00,1822.605374130906,1847.0633099082934,1821.6270566998105,1840.215087890625,703600,0.0,0.0
2020-12-10 00:00:00+09:00,1839.2367560217886,1857.8247870666896,1834.3451689047092,1835.323486328125,924700,0.0,0.0
2020-12-11 00:00:00+09:00,1834.3451689047092,1858.8031044901054,1806.9522810490655,1835.323486328125,802600,0.0,0.0
2020-12-14 00:00:00+09:00,1835.3234850322617,1867.6079599821896,1831.4102153413614,1843.1500244140625,531900,0.0,0.0
2020-12-15 00:00:00+09:00,1833.3668501868117,1856.8464683322138,1831.4102153413614,1843.1500244140625,569000,0.0,0.0
2020-12-16 00:00:00+09:00,1841.193359375,1850.9765334418173,1839.2367245616367,1841.193359375,356600,0.0,0.0
2020-12-17 00:00:00+09:00,1840.2150467166387,1843.1499989442568,1809.88720703125,1809.88720703125,729600,0.0,0.0
2020-12-18 00:00:00+09:00,1827.4969640164209,1841.1934080722183,1807.9306153652815,1824.56201171875,750000,0.0,0.0
2020-12-21 00:00:00+09:00,1829.4535934617159,1856.8464814921588,1827.4969586023985,1855.8681640625,580700,0.0,0.0
2020-12-22 00:00:00+09:00,1816.7354894347948,1826.5186638528603,1801.0824103658897,1813.800537109375,560800,0.0,0.0
2020-12-23 00:00:00+09:00,1842.1717574605382,1842.1717574605382,1804.0173769289604,1818.692138671875,399700,0.0,0.0
2020-12-24 00:00:00+09:00,1836.301806378108,1840.2150760773688,1814.778823032174,1819.67041015625,255800,0.0,0.0
2020-12-25 00:00:00+09:00,1831.4101708177943,1845.10661440297,1830.4318534188533,1836.3017578125,163300,0.0,0.0
2020-12-28 00:00:00+09:00,1856.8464709655632,1857.8247883896756,1816.73545657695,1827.4969482421875,235700,0.0,0.0
2020-12-29 00:00:00+09:00,1862.716419319238,1866.6296891077238,1826.5186737757444,1842.1717529296875,486700,0.0,0.0
2020-12-30 00:00:00+09:00,1847.063340165295,1850.9766099537806,1820.6487690930157,1842.1717529296875,412900,0.0,0.0
2021-01-04 00:00:00+09:00,1841.193422564338,1845.1066923253675,1811.8438993566176,1829.45361328125,354800,0.0,0.0
2021-01-05 00:00:00+09:00,1817.7137451171875,1829.4535540199895,1807.930571031519,1817.7137451171875,486700,0.0,0.0
2021-01-06 00:00:00+09:00,1811.8438371745485,1845.106629001727,1800.1040282943677,1841.193359375,427900,0.0,0.0
2021-01-07 00:00:00+09:00,1855.868086870979,1875.434434650325,1849.9981825371751,1862.71630859375,497400,0.0,0.0
2021-01-08 00:00:00+09:00,1855.8681181414236,1860.7597051686807,1842.171674465103,1856.846435546875,675500,0.0,0.0
2021-01-12 00:00:00+09:00,1868.5862590010017,1868.5862590010017,1842.1716888475844,1861.738037109375,599600,0.0,0.0
2021-01-13 00:00:00+09:00,1848.0416259765625,1860.759752571425,1835.3234993817,1848.0416259765625,521600,0.0,0.0
2021-01-14 00:00:00+09:00,1849.9982710312254,1883.2610638472286,1845.1066838524016,1876.412841796875,495200,0.0,0.0
2021-01-15 00:00:00+09:00,1870.5428667754395,1870.5428667754395,1836.3017578125,1836.3017578125,470800,0.0,0.0
2021-01-18 00:00:00+09:00,1855.8681363222001,1865.6513104725545,1833.3668357763854,1838.2584228515625,364200,0.0,0.0
2021-01-19 00:00:00+09:00,1839.2368020833333,1853.9115638020833,1830.4319450520834,1834.34521484375,250800,0.0,0.0
2021-01-20 00:00:00+09:00,1844.1283603698894,1844.1283603698894,1821.627059421079,1824.56201171875,418600,0.0,0.0
2021-01-21 00:00:00+09:00,1851.954899830345,1854.889852128016,1821.627059421079,1824.56201171875,394500,0.0,0.0
2021-01-22 00:00:00+09:00,1809.88720703125,1814.7787940772805,1798.147398120777,1809.88720703125,468500,0.0,0.0
2021-01-25 00:00:00+09:00,1820.648681640625,1829.4535382417887,1809.8871902392027,1820.648681640625,372200,0.0,0.0
2021-01-26 00:00:00+09:00,1829.4535516598435,1849.0198998059382,1821.6270124014056,1833.3668212890625,310500,0.0,0.0
2021-01-27 00:00:00+09:00,1829.4536118512463,1850.9765955200844,1819.6704374563199,1837.2801513671875,388800,0.0,0.0
2021-01-28 00:00:00+09:00,1805.9739362143855,1827.496919202856,1805.9739362143855,1817.7137451171875,443600,0.0,0.0
2021-01-29 00:00:00+09:00,1817.7137779517186,1838.2584439027337,1804.017333984375,1804.017333984375,431700,0.0,0.0
2021-02-01 00:00:00+09:00,1799.1258038041929,1834.3452322636551,1798.1474863469855,1823.583740234375,381900,0.0,0.0
2021-02-02 00:00:00+09:00,1839.2367257328908,1842.171677954805,1823.5836472160152,1833.3668212890625,358300,0.0,0.0
2021-02-03 00:00:00+09:00,1839.2367976360913,1861.738098883767,1834.3452104083358,1857.8248291015625,345900,0.0,0.0
2021-02-04 00:00:00+09:00,1839.2367234002977,1859.7813889276413,1826.5185971214657,1849.0198974609375,288500,0.0,0.0
2021-02-05 00:00:00+09:00,1887.1742246164551,1893.0441288920895,1860.7596553761005,1889.130859375,377600,0.0,0.0
2021-02-08 00:00:00+09:00,1906.7405963957399,1944.8949746714884,1895.0007876955096,1938.0467529296875,457900,0.0,0.0
2021-02-09 00:00:00+09:00,1956.6348876953125,1961.5264749145508,1931.1986341552736,1956.6348876953125,552400,0.0,0.0
2021-02-10 00:00:00+09:00,1956.6348876953125,1964.4614272460938,1947.8300307006837,1956.6348876953125,574500,0.0,0.0
2021-02-12 00:00:00+09:00,1966.4180924056413,1983.0494892070822,1954.678282898742,1958.591552734375,505600,0.0,0.0
2021-02-15 00:00:00+09:00,2028.0519886202026,2069.141319793405,2007.5073230336013,2015.3338623046875,520400,0.0,0.0
2021-02-16 00:00:00+09:00,2033.921910209153,2033.921910209153,1990.8759438555203,2004.5723876953125,319200,0.0,0.0
2021-02-17 00:00:00+09:00,2003.5941176470587,2015.333926930147,1985.9844037224264,1995.767578125,331100,0.0,0.0
2021-02-18 00:00:00+09:00,2019.247225609756,2030.0087176067073,1993.8109717987804,2005.55078125,418100,0.0,0.0
2021-02-19 00:00:00+09:00,1993.8109475998654,1993.8109475998654,1959.56983711606,1972.2879638671875,280300,0.0,0.0
2021-02-22 00:00:00+09:00,1993.8109490747945,2010.4423456078032,1961.5264734518955,1964.46142578125,289600,0.0,0.0
2021-02-24 00:00:00+09:00,1985.9844399827039,1998.702566938258,1959.5698686134756,1966.4180908203125,433100,0.0,0.0
2021-02-25 00:00:00+09:00,1991.8543368902438,2015.333955792683,1968.3747179878048,2005.55078125,310700,0.0,0.0
2021-02-26 00:00:00+09:00,2005.5507613951902,2005.5507613951902,1947.830032164792,1948.808349609375,479900,0.0,0.0
2021-03-01 00:00:00+09:00,1971.309580068607,2009.4639590376767,1968.3746278402168,2007.50732421875,382800,0.0,0.0
2021-03-02 00:00:00+09:00,2002.6158016535242,2002.6158016535242,1967.3963737788163,1987.9410400390625,298400,0.0,0.0
2021-03-03 00:00:00+09:00,2010.4422884774103,2038.8134935216171,2002.6157491548706,2028.052001953125,421400,0.0,0.0
2021-03-04 00:00:00+09:00,2044.683442922739,2048.5967126699597,2012.3989675081693,2034.9002685546875,409500,0.0,0.0
2021-03-05 00:00:00+09:00,2045.6617274243374,2053.488266792771,2014.355569950603,2048.5966796875,452300,0.0,0.0
2021-03-08 00:00:00+09:00,2132.731960269448,2132.731960269448,2050.5532975801666,2059.358154296875,504200,0.0,0.0
2021-03-09 00:00:00+09:00,2087.7294401372146,2124.90550326993,2063.2715038656916,2120.013916015625,485400,0.0,0.0
2021-03-10 00:00:00+09:00,2120.0138987531564,2143.493517382633,2108.2740894384183,2130.775390625,489000,0.0,0.0
2021-03-11 00:00:00+09:00,2146.428408849974,2147.4067262651292,2120.0138386407903,2126.862060546875,567200,0.0,0.0
2021-03-12 00:00:00+09:00,2128.8186473071655,2144.471725596189,2081.8594124400956,2143.493408203125,472500,0.0,0.0
2021-03-15 00:00:00+09:00,2165.0164753995305,2190.452728612539,2161.103205674452,2188.49609375,272000,0.0,0.0
2021-03-16 00:00:00+09:00,2181.647891773897,2181.647891773897,2150.341733685662,2162.08154296875,205400,0.0,0.0
2021-03-17 00:00:00+09:00,2161.1030259173103,2176.756103515625,2140.5583615695223,2176.756103515625,215900,0.0,0.0
2021-03-18 00:00:00+09:00,2182.626220703125,2189.4744428209747,2153.276697340914,2182.626220703125,352400,0.0,0.0
2021-03-19 00:00:00+09:00,2164.0381489701704,2177.7345929509943,2143.4934829989347,2152.29833984375,545900,0.0,0.0
2021-03-22 00:00:00+09:00,2146.42849537595,2170.8864317407624,2134.68868592084,2156.211669921875,296200,0.0,0.0
2021-03-23 00:00:00+09:00,2166.9731650622716,2177.734657078382,2140.55859375,2140.55859375,190700,0.0,0.0
2021-03-24 00:00:00+09:00,2142.5151269667326,2144.47176178588,2091.6426216688924,2106.3173828125,373300,0.0,0.0
2021-03-25 00:00:00+09:00,2124.9053486610214,2148.384965773298,2120.9920791423087,2133.710205078125,262000,0.0,0.0
2021-03-26 00:00:00+09:00,2164.0379823151125,2169.9078864262747,2122.9486535369774,2129.796875,428000,0.0,0.0
2021-03-29 00:00:00+09:00,2132.731919001437,2145.4500451239223,2096.5341754220544,2127.84033203125,561400,0.0,0.0
2021-03-30 00:00:00+09:00,2114.986343676815,2128.8291715456676,2084.334367681499,2111.03125,419100,23.0,0.0
2021-03-31 00:00:00+09:00,2074.446537045109,2108.064831735068,2067.5251234324705,2073.457763671875,403300,0.0,0.0
2021-04-01 00:00:00+09:00,2096.199501073756,2105.0984612198235,2065.5475272373,2086.311767578125,424500,0.0,0.0
2021-04-02 00:00:00+09:00,2086.311903473268,2087.3006768872365,2027.974272049134,2051.704833984375,217500,0.0,0.0
2021-04-05 00:00:00+09:00,2057.63735931469,2092.244426866835,2051.7047191628935,2081.367919921875,234200,0.0,0.0
2021-04-06 00:00:00+09:00,2087.3007460108342,2113.997629072081,2066.5365036298645,2096.19970703125,523900,0.0,0.0
2021-04-07 00:00:00+09:00,2120.919033024349,2166.402611354941,2120.919033024349,2160.469970703125,526800,0.0,0.0
2021-04-08 00:00:00+09:00,2159.481147540984,2166.40256147541,2109.0537031615927,2111.03125,332400,0.0,0.0
2021-04-09 00:00:00+09:00,2150.5820657407808,2152.5596124678987,2123.8851849246885,2141.68310546875,289400,0.0,0.0
2021-04-12 00:00:00+09:00,2150.582197532567,2177.2790799846953,2142.672010139344,2170.357666015625,339700,0.0,0.0
2021-04-13 00:00:00+09:00,2169.368853856647,2201.0096028645835,2150.5821591331846,2180.245361328125,443200,0.0,0.0
2021-04-14 00:00:00+09:00,2216.830024910582,2217.8187983382854,2156.514845820687,2168.380126953125,370100,0.0,0.0
2021-04-15 00:00:00+09:00,2169.3689238343763,2179.256658218307,2156.5148691352665,2162.447509765625,134200,0.0,0.0
2021-04-16 00:00:00+09:00,2163.436144761443,2199.0319862657448,2137.7280370083363,2198.043212890625,372600,0.0,0.0
2021-04-19 00:00:00+09:00,2202.9871340432605,2211.886094638588,2179.2565724557207,2184.200439453125,283600,0.0,0.0
2021-04-20 00:00:00+09:00,2157.503483148095,2163.436123340069,2117.952548534931,2140.6943359375,310700,0.0,0.0
2021-04-21 00:00:00+09:00,2098.177257845682,2107.076218882728,2075.435468528787,2095.2109375,354200,0.0,0.0
2021-04-22 00:00:00+09:00,2104.1098360655737,2117.9526639344263,2095.21087529274,2111.03125,197100,0.0,0.0
2021-04-23 00:00:00+09:00,2130.806629085452,2141.683136240877,2113.9974816634326,2133.77294921875,194300,0.0,0.0
2021-04-26 00:00:00+09:00,2133.773034713688,2135.750581548455,2095.2108714357296,2112.02001953125,283200,0.0,0.0
2021-04-27 00:00:00+09:00,2101.1435821216214,2114.986410427364,2090.2670741671095,2094.22216796875,243000,0.0,0.0
2021-04-28 00:00:00+09:00,2094.221950543655,2103.120910673444,2081.367897022849,2087.300537109375,381900,0.0,0.0
2021-04-30 00:00:00+09:00,2099.1660078125,2115.97515625,2084.33440625,2101.1435546875,441800,0.0,0.0
2021-05-06 00:00:00+09:00,2099.165911382631,2158.49231490734,2092.244497638081,2125.86279296875,342800,0.0,0.0
2021-05-07 00:00:00+09:00,2134.761857349504,2164.4250605549164,2126.851669828061,2161.458740234375,183200,0.0,0.0
2021-05-10 00:00:00+09:00,2172.335097546524,2209.908485669768,2162.4473638298805,2200.020751953125,232200,0.0,0.0
2021-05-11 00:00:00+09:00,2189.1443768096046,2205.9535251410243,2162.4474941655853,2166.402587890625,218700,0.0,0.0
2021-05-12 00:00:00+09:00,2154.537159195017,2162.4473461034886,2121.9076381975706,2141.68310546875,217100,0.0,0.0
2021-05-13 00:00:00+09:00,2130.8066832129634,2145.6382842562093,2111.0312151553026,2119.93017578125,225200,0.0,0.0
2021-05-14 00:00:00+09:00,2140.6944786778654,2179.256642497005,2136.7393849528257,2166.402587890625,265800,0.0,0.0
2021-05-17 00:00:00+09:00,2169.368896484375,2218.807567780737,2162.447482502884,2169.368896484375,356300,0.0,0.0
2021-05-18 00:00:00+09:00,2196.0657553932883,2212.8749034534803,2172.335193425959,2175.301513671875,271700,0.0,0.0
2021-05-19 00:00:00+09:00,2156.5148847495207,2175.301580215014,2141.683283066236,2158.492431640625,218100,0.0,0.0
2021-05-20 00:00:00+09:00,2136.739443049711,2175.3016079173367,2136.739443049711,2151.571044921875,160300,0.0,0.0
2021-05-21 00:00:00+09:00,2179.2566307436473,2188.1555915769927,2154.537295095466,2169.368896484375,237600,0.0,0.0
2021-05-24 00:00:00+09:00,2184.2003932851544,2202.9870874781914,2167.3912458492796,2196.065673828125,202700,0.0,0.0
2021-05-25 00:00:00+09:00,2222.762613858511,2224.7401606679937,2177.2790372404097,2181.234130859375,214500,0.0,0.0
2021-05-26 00:00:00+09:00,2147.615884971358,2178.267861230157,2143.660791260545,2168.380126953125,166600,0.0,0.0
2021-05-27 00:00:00+09:00,2206.942159327323,2211.8860261716945,2136.7392501372515,2138.716796875,385400,0.0,0.0
2021-05-28 00:00:00+09:00,2165.4137988948605,2175.3015331363895,2148.6046506842613,2170.357666015625,188500,0.0,0.0
2021-05-31 00:00:00+09:00,2148.604511331368,2173.323845331959,2128.8290441308955,2143.66064453125,171700,0.0,0.0
2021-06-01 00:00:00+09:00,2147.615761050243,2149.5933077915415,2119.9301066720627,2137.72802734375,152200,0.0,0.0
2021-06-02 00:00:00+09:00,2152.5596983010378,2185.1892205995837,2135.750550450272,2182.222900390625,258900,0.0,0.0
2021-06-03 00:00:00+09:00,2182.222861847901,2210.89729002805,2182.222861847901,2192.110595703125,252100,0.0,0.0
2021-06-04 00:00:00+09:00,2169.368842304617,2201.0095911440644,2158.4923348910565,2183.211669921875,196600,0.0,0.0
2021-06-07 00:00:00+09:00,2205.9534659779083,2205.9534659779083,2174.3127170261855,2181.234130859375,147600,0.0,0.0
2021-06-08 00:00:00+09:00,2159.4810777795014,2194.08814633366,2147.615797132361,2191.121826171875,164900,0.0,0.0
2021-06-09 00:00:00+09:00,2196.065728032432,2206.9422354652806,2179.2565801816663,2182.222900390625,107000,0.0,0.0
2021-06-10 00:00:00+09:00,2177.279033375694,2186.17799400257,2157.503565315969,2182.222900390625,195600,0.0,0.0
2021-06-11 00:00:00+09:00,2176.290326122824,2176.290326122824,2155.526084028967,2165.413818359375,237300,0.0,0.0
2021-06-14 00:00:00+09:00,2170.3575720282784,2171.3463454096127,2119.930129580241,2131.79541015625,250200,0.0,0.0
2021-06-15 00:00:00+09:00,2157.503545435377,2157.503545435377,2110.042422529374,2124.8740234375,315200,0.0,0.0
2021-06-16 00:00:00+09:00,2124.8740195766713,2131.795433321221,2109.0536453034156,2125.86279296875,221400,0.0,0.0
2021-06-17 00:00:00+09:00,2155.5260569277707,2172.335205078125,2135.7505885155892,2172.335205078125,284100,0.0,0.0
2021-06-18 00:00:00+09:00,2169.368892591472,2175.3015331363895,2146.6271038359555,2170.357666015625,278500,0.0,0.0
2021-06-21 00:00:00+09:00,2144.649506938374,2144.649506938374,2114.9863049060314,2120.9189453125,268500,0.0,0.0
2021-06-22 00:00:00+09:00,2219.7963995403716,2281.1003535588584,2200.02093050215,2278.134033203125,407100,0.0,0.0
2021-06-23 00:00:00+09:00,2292.9655412496977,2335.482797943849,2289.0104476037304,2301.864501953125,488400,0.0,0.0
2021-06-24 00:00:00+09:00,2289.0105058576864,2345.3705917470547,2280.111544927786,2287.032958984375,434200,0.0,0.0
2021-06-25 00:00:00+09:00,2316.6961541787596,2328.5614353781384,2287.032951180312,2289.010498046875,367800,0.0,0.0
2021-06-28 00:00:00+09:00,2286.0440452755906,2286.0440452755906,2245.5043368602364,2260.3359375,274900,0.0,0.0
2021-06-29 00:00:00+09:00,2239.571769589835,2249.4595036719097,2211.886114160027,2241.54931640625,271500,0.0,0.0
2021-06-30 00:00:00+09:00,2264.2911599637982,2272.201347422187,2210.897394619674,2227.70654296875,177000,0.0,0.0
2021-07-01 00:00:00+09:00,2238.5828822981975,2239.5716556561033,2200.0207213398808,2207.930908203125,136600,0.0,0.0
2021-07-02 00:00:00+09:00,2212.8748761013217,2244.515625,2207.931009085903,2244.515625,142800,0.0,0.0
2021-07-05 00:00:00+09:00,2247.481895095885,2265.279815954542,2234.6278411424114,2257.36962890625,184600,0.0,0.0
2021-07-06 00:00:00+09:00,2277.145096526979,2278.1338699080156,2251.436988620031,2257.36962890625,179400,0.0,0.0
2021-07-07 00:00:00+09:00,2236.6054493652127,2255.392144121154,2225.728941874931,2241.54931640625,154300,0.0,0.0
2021-07-08 00:00:00+09:00,2267.257480260694,2271.2125739898884,2226.717769536451,2227.70654296875,253100,0.0,0.0
2021-07-09 00:00:00+09:00,2200.020933342746,2220.785175859689,2167.39140938755,2215.84130859375,462600,0.0,0.0
2021-07-12 00:00:00+09:00,2270.2238144396088,2294.943150398228,2259.3473066178162,2286.044189453125,273600,0.0,0.0
2021-07-13 00:00:00+09:00,2309.774654337826,2318.6736149067647,2293.9542799930464,2310.763427734375,214600,0.0,0.0
2021-07-14 00:00:00+09:00,2311.752201130924,2345.3704966135806,2310.763427734375,2310.763427734375,228100,0.0,0.0
2021-07-15 00:00:00+09:00,2341.4154265873017,2354.269480871776,2300.875716920883,2304.830810546875,320000,0.0,0.0
2021-07-16 00:00:00+09:00,2303.842064337148,2321.6399858642158,2296.9206504099543,2297.909423828125,288600,0.0,0.0
2021-07-19 00:00:00+09:00,2301.8644036572055,2311.7521373498907,2246.493094978166,2264.291015625,337200,0.0,0.0
2021-07-20 00:00:00+09:00,2251.4370155803767,2261.3247495091446,2228.6952275442113,2250.4482421875,244800,0.0,0.0
2021-07-21 00:00:00+09:00,2272.201225748413,2281.1001861625714,2251.4369847820435,2258.3583984375,183700,0.0,0.0
2021-07-26 00:00:00+09:00,2321.6399234608707,2326.583790418837,2302.8532290206,2313.729736328125,280300,0.0,0.0
2021-07-27 00:00:00+09:00,2336.4716757630736,2352.2920510538943,2325.5951677506346,2337.46044921875,294600,0.0,0.0
2021-07-28 00:00:00+09:00,2327.572475360704,2342.4040756709887,2324.606155298647,2336.471435546875,211200,0.0,0.0
2021-07-29 00:00:00+09:00,2335.482778301476,2348.3368325427627,2294.9430687712643,2306.808349609375,222600,0.0,0.0
2021-07-30 00:00:00+09:00,2301.864603978877,2301.864603978877,2267.2575330427685,2276.156494140625,254900,0.0,0.0
2021-08-02 00:00:00+09:00,2289.9990991624736,2338.4489937475173,2288.0215524447167,2333.505126953125,209500,0.0,0.0
2021-08-03 00:00:00+09:00,2303.8420604418684,2311.7522477738576,2279.122725029402,2298.898193359375,176800,0.0,0.0
2021-08-04 00:00:00+09:00,2274.1789511523525,2291.976873378762,2270.223857324261,2275.167724609375,198800,0.0,0.0
2021-08-05 00:00:00+09:00,2259.3472605194775,2297.909423828125,2254.403393428625,2297.909423828125,181600,0.0,0.0
2021-08-06 00:00:00+09:00,2277.145046327172,2291.9766467157556,2263.302219297828,2270.2236328125,201900,0.0,0.0
2021-08-10 00:00:00+09:00,2268.2463064980857,2313.729885442686,2268.2463064980857,2276.156494140625,229800,0.0,0.0
2021-08-11 00:00:00+09:00,2277.1452090905873,2310.763505707643,2268.2462482213664,2290.988037109375,369400,0.0,0.0
2021-08-12 00:00:00+09:00,2287.03285380126,2287.03285380126,2244.5155979804845,2251.43701171875,249100,0.0,0.0
2021-08-13 00:00:00+09:00,2232.65035187252,2249.4594997829863,2224.740164620536,2242.5380859375,203400,0.0,0.0
2021-08-16 00:00:00+09:00,2230.6727813348034,2230.6727813348034,2179.2565647437527,2186.177978515625,296500,0.0,0.0
2021-08-17 00:00:00+09:00,2204.9645843096046,2222.762504721072,2188.1554372543296,2208.919677734375,286900,0.0,0.0
2021-08-18 00:00:00+09:00,2208.9197549242745,2212.8748484872544,2188.15551371863,2189.144287109375,220500,0.0,0.0
2021-08-19 00:00:00+09:00,2187.1667829557705,2193.0994234158675,2171.346408395512,2178.267822265625,302800,0.0,0.0
2021-08-20 00:00:00+09:00,2178.2678029157114,2200.0208177428317,2177.2790295144787,2183.211669921875,200300,0.0,0.0
2021-08-23 00:00:00+09:00,2198.0432712650677,2250.448261538144,2183.211670244386,2245.50439453125,274700,0.0,0.0
2021-08-24 00:00:00+09:00,2248.470641716703,2276.156296056223,2243.5267748703604,2264.291015625,215600,0.0,0.0
2021-08-25 00:00:00+09:00,2274.178927669186,2310.7635452012555,2269.2350604351227,2281.100341796875,216100,0.0,0.0
2021-08-26 00:00:00+09:00,2318.6735379943716,2343.3928720881286,2309.774577720619,2330.538818359375,293100,0.0,0.0
2021-08-27 00:00:00+09:00,2324.6063535485714,2325.595126986916,2282.089095699746,2286.044189453125,192600,0.0,0.0
2021-08-30 00:00:00+09:00,2334.4940511204254,2359.2133866892564,2323.6175434701395,2357.23583984375,243300,0.0,0.0
2021-08-31 00:00:00+09:00,2331.5277540048096,2372.0674647402625,2309.7747384882255,2351.30322265625,363800,0.0,0.0
2021-09-01 00:00:00+09:00,2340.426691656945,2366.134800648529,2338.449144811438,2357.23583984375,137700,0.0,0.0
2021-09-02 00:00:00+09:00,2364.1572733586854,2374.0450076680067,2334.494070430722,2352.2919921875,207500,0.0,0.0
2021-09-03 00:00:00+09:00,2357.2357664898045,2390.8540618172597,2348.336805961949,2376.0224609375,254100,0.0,0.0
2021-09-06 00:00:00+09:00,2377.999957760438,2398.7641985558516,2354.2693968513945,2388.87646484375,264100,0.0,0.0
2021-09-07 00:00:00+09:00,2407.6632602099153,2451.1692903738726,2403.7081665586466,2425.461181640625,281100,0.0,0.0
2021-09-08 00:00:00+09:00,2403.7081665586466,2439.304009420066,2397.775526081743,2425.461181640625,284400,0.0,0.0
2021-09-09 00:00:00+09:00,2376.0224686653996,2401.7305769405975,2369.1010548990002,2374.044921875,315300,0.0,0.0
2021-09-10 00:00:00+09:00,2357.2357283464567,2391.8427965059054,2357.2357283464567,2385.91015625,337200,0.0,0.0
2021-09-13 00:00:00+09:00,2373.056213603392,2422.4948847201294,2372.067440181057,2419.528564453125,245900,0.0,0.0
2021-09-14 00:00:00+09:00,2439.303889914987,2459.0793572025023,2429.4161562712297,2456.113037109375,272700,0.0,0.0
2021-09-15 00:00:00+09:00,2422.494896422041,2447.2142320998173,2401.7306544527096,2416.562255859375,222500,0.0,0.0
2021-09-16 00:00:00+09:00,2412.6070811675963,2440.2927361973884,2402.719347228385,2437.326416015625,202800,0.0,0.0
2021-09-17 00:00:00+09:00,2426.449893325676,2452.158001404921,2410.6295191230633,2441.281494140625,358100,0.0,0.0
2021-09-21 00:00:00+09:00,2368.112277651111,2395.797932671667,2366.134730863929,2375.03369140625,232300,0.0,0.0
2021-09-22 00:00:00+09:00,2378.9888355483467,2380.966382377564,2354.269500183131,2362.1796875,269200,0.0,0.0
2021-09-24 00:00:00+09:00,2411.61831542374,2439.3039705413557,2399.753034659048,2435.348876953125,306800,0.0,0.0
2021-09-27 00:00:00+09:00,2423.483540633738,2433.3712743776537,2382.9438322836836,2386.89892578125,239700,0.0,0.0
2021-09-28 00:00:00+09:00,2395.797920997921,2405.685654885655,2365.145945945946,2378.0,212500,0.0,0.0
2021-09-29 00:00:00+09:00,2353.0,2371.0,2346.0,2368.0,270100,27.0,0.0
2021-09-30 00:00:00+09:00,2368.0,2380.0,2355.0,2355.0,362800,0.0,0.0
2021-10-01 00:00:00+09:00,2329.0,2334.0,2262.0,2267.0,222200,0.0,0.0
2021-10-04 00:00:00+09:00,2317.0,2324.0,2296.0,2307.0,292800,0.0,0.0
2021-10-05 00:00:00+09:00,2297.0,2331.0,2269.0,2281.0,278000,0.0,0.0
2021-10-06 00:00:00+09:00,2302.0,2341.0,2287.0,2297.0,245600,0.0,0.0
2021-10-07 00:00:00+09:00,2285.0,2312.0,2280.0,2296.0,281400,0.0,0.0
2021-10-08 00:00:00+09:00,2297.0,2327.0,2295.0,2295.0,186200,0.0,0.0
2021-10-11 00:00:00+09:00,2294.0,2326.0,2292.0,2325.0,191200,0.0,0.0
2021-10-12 00:00:00+09:00,2284.0,2293.0,2263.0,2271.0,221400,0.0,0.0
2021-10-13 00:00:00+09:00,2279.0,2292.0,2268.0,2280.0,103700,0.0,0.0
2021-10-14 00:00:00+09:00,2254.0,2280.0,2250.0,2276.0,127800,0.0,0.0
2021-10-15 00:00:00+09:00,2290.0,2313.0,2282.0,2302.0,165800,0.0,0.0
2021-10-18 00:00:00+09:00,2307.0,2316.0,2288.0,2303.0,179600,0.0,0.0
2021-10-19 00:00:00+09:00,2314.0,2348.0,2314.0,2344.0,177800,0.0,0.0
2021-10-20 00:00:00+09:00,2343.0,2383.0,2343.0,2364.0,176200,0.0,0.0
2021-10-21 00:00:00+09:00,2353.0,2410.0,2352.0,2356.0,284300,0.0,0.0
2021-10-22 00:00:00+09:00,2350.0,2387.0,2346.0,2361.0,205000,0.0,0.0
2021-10-25 00:00:00+09:00,2346.0,2399.0,2337.0,2357.0,217400,0.0,0.0
2021-10-26 00:00:00+09:00,2365.0,2370.0,2335.0,2337.0,182300,0.0,0.0
2021-10-27 00:00:00+09:00,2332.0,2344.0,2317.0,2330.0,92300,0.0,0.0
2021-10-28 00:00:00+09:00,2304.0,2319.0,2284.0,2300.0,229800,0.0,0.0
2021-10-29 00:00:00+09:00,2301.0,2301.0,2266.0,2287.0,273200,0.0,0.0
2021-11-01 00:00:00+09:00,2334.0,2345.0,2307.0,2340.0,200600,0.0,0.0
2021-11-02 00:00:00+09:00,2333.0,2345.0,2308.0,2318.0,144000,0.0,0.0
2021-11-04 00:00:00+09:00,2400.0,2414.0,2352.0,2376.0,398900,0.0,0.0
2021-11-05 00:00:00+09:00,2338.0,2371.0,2295.0,2314.0,293000,0.0,0.0
2021-11-08 00:00:00+09:00,2310.0,2322.0,2292.0,2300.0,218100,0.0,0.0
2021-11-09 00:00:00+09:00,2296.0,2311.0,2270.0,2289.0,141600,0.0,0.0
2021-11-10 00:00:00+09:00,2284.0,2296.0,2261.0,2261.0,143900,0.0,0.0
2021-11-11 00:00:00+09:00,2257.0,2271.0,2248.0,2253.0,136800,0.0,0.0
2021-11-12 00:00:00+09:00,2247.0,2292.0,2229.0,2283.0,249300,0.0,0.0
2021-11-15 00:00:00+09:00,2183.0,2225.0,2155.0,2215.0,473800,0.0,0.0
2021-11-16 00:00:00+09:00,2207.0,2243.0,2198.0,2214.0,212200,0.0,0.0
2021-11-17 00:00:00+09:00,2225.0,2240.0,2205.0,2207.0,254700,0.0,0.0
2021-11-18 00:00:00+09:00,2185.0,2191.0,2153.0,2186.0,199600,0.0,0.0
2021-11-19 00:00:00+09:00,2181.0,2192.0,2166.0,2189.0,165800,0.0,0.0
2021-11-22 00:00:00+09:00,2167.0,2196.0,2160.0,2195.0,177600,0.0,0.0
2021-11-24 00:00:00+09:00,2209.0,2224.0,2169.0,2174.0,196800,0.0,0.0
2021-11-25 00:00:00+09:00,2179.0,2201.0,2169.0,2200.0,100900,0.0,0.0
2021-11-26 00:00:00+09:00,2180.0,2181.0,2151.0,2154.0,147000,0.0,0.0
2021-11-29 00:00:00+09:00,2147.0,2149.0,2106.0,2115.0,290800,0.0,0.0
2021-11-30 00:00:00+09:00,2131.0,2151.0,2099.0,2099.0,503700,0.0,0.0
2021-12-01 00:00:00+09:00,2089.0,2133.0,2083.0,2121.0,325000,0.0,0.0
2021-12-02 00:00:00+09:00,2101.0,2143.0,2100.0,2132.0,261100,0.0,0.0
2021-12-03 00:00:00+09:00,2135.0,2180.0,2123.0,2180.0,281800,0.0,0.0
2021-12-06 00:00:00+09:00,2199.0,2208.0,2162.0,2169.0,248200,0.0,0.0
2021-12-07 00:00:00+09:00,2170.0,2220.0,2145.0,2215.0,321200,0.0,0.0
2021-12-08 00:00:00+09:00,2198.0,2207.0,2154.0,2160.0,396400,0.0,0.0
2021-12-09 00:00:00+09:00,2161.0,2182.0,2155.0,2177.0,281600,0.0,0.0
2021-12-10 00:00:00+09:00,2176.0,2177.0,2159.0,2165.0,421700,0.0,0.0
2021-12-13 00:00:00+09:00,2186.0,2188.0,2158.0,2165.0,236100,0.0,0.0
2021-12-14 00:00:00+09:00,2144.0,2173.0,2143.0,2168.0,417300,0.0,0.0
2021-12-15 00:00:00+09:00,2173.0,2212.0,2172.0,2189.0,700800,0.0,0.0
2021-12-16 00:00:00+09:00,2188.0,2206.0,2178.0,2203.0,645500,0.0,0.0
2021-12-17 00:00:00+09:00,2198.0,2211.0,2159.0,2173.0,1015700,0.0,0.0
2021-12-20 00:00:00+09:00,2155.0,2182.0,2155.0,2168.0,557400,0.0,0.0
2021-12-21 00:00:00+09:00,2190.0,2197.0,2181.0,2183.0,457100,0.0,0.0
2021-12-22 00:00:00+09:00,2186.0,2194.0,2183.0,2191.0,334800,0.0,0.0
2021-12-23 00:00:00+09:00,2209.0,2209.0,2187.0,2193.0,189400,0.0,0.0
2021-12-24 00:00:00+09:00,2213.0,2213.0,2179.0,2183.0,171600,0.0,0.0
2021-12-27 00:00:00+09:00,2183.0,2184.0,2166.0,2175.0,144600,0.0,0.0
2021-12-28 00:00:00+09:00,2175.0,2200.0,2175.0,2194.0,274000,0.0,0.0
2021-12-29 00:00:00+09:00,2202.0,2209.0,2194.0,2200.0,211600,0.0,0.0
2021-12-30 00:00:00+09:00,2189.0,2189.0,2170.0,2178.0,213400,0.0,0.0
2022-01-04 00:00:00+09:00,2202.0,2224.0,2186.0,2222.0,265400,0.0,0.0
2022-01-05 00:00:00+09:00,2233.0,2253.0,2222.0,2247.0,252300,0.0,0.0
2022-01-06 00:00:00+09:00,2239.0,2255.0,2202.0,2203.0,278300,0.0,0.0
2022-01-07 00:00:00+09:00,2219.0,2229.0,2201.0,2215.0,208300,0.0,0.0
2022-01-11 00:00:00+09:00,2215.0,2221.0,2185.0,2207.0,306900,0.0,0.0
2022-01-12 00:00:00+09:00,2237.0,2265.0,2232.0,2249.0,305400,0.0,0.0
2022-01-13 00:00:00+09:00,2243.0,2246.0,2228.0,2229.0,229000,0.0,0.0
2022-01-14 00:00:00+09:00,2213.0,2231.0,2195.0,2221.0,326500,0.0,0.0
2022-01-17 00:00:00+09:00,2237.0,2276.0,2237.0,2255.0,190300,0.0,0.0
2022-01-18 00:00:00+09:00,2261.0,2268.0,2204.0,2207.0,289400,0.0,0.0
2022-01-19 00:00:00+09:00,2192.0,2227.0,2179.0,2201.0,394700,0.0,0.0
2022-01-20 00:00:00+09:00,2199.0,2223.0,2195.0,2205.0,326000,0.0,0.0
2022-01-21 00:00:00+09:00,2194.0,2226.0,2189.0,2217.0,248600,0.0,0.0
2022-01-24 00:00:00+09:00,2220.0,2248.0,2220.0,2244.0,265400,0.0,0.0
2022-01-25 00:00:00+09:00,2220.0,2225.0,2197.0,2216.0,229300,0.0,0.0
2022-01-26 00:00:00+09:00,2213.0,2228.0,2199.0,2207.0,229300,0.0,0.0
2022-01-27 00:00:00+09:00,2207.0,2225.0,2142.0,2158.0,377100,0.0,0.0
2022-01-28 00:00:00+09:00,2193.0,2210.0,2188.0,2191.0,323500,0.0,0.0
2022-01-31 00:00:00+09:00,2186.0,2217.0,2175.0,2207.0,258300,0.0,0.0
2022-02-01 00:00:00+09:00,2199.0,2243.0,2197.0,2220.0,268600,0.0,0.0
2022-02-02 00:00:00+09:00,2220.0,2230.0,2196.0,2218.0,357900,0.0,0.0
2022-02-03 00:00:00+09:00,2206.0,2217.0,2183.0,2192.0,482300,0.0,0.0
2022-02-04 00:00:00+09:00,2210.0,2262.0,2201.0,2257.0,389000,0.0,0.0
2022-02-07 00:00:00+09:00,2232.0,2254.0,2223.0,2242.0,354700,0.0,0.0
2022-02-08 00:00:00+09:00,2280.0,2297.0,2257.0,2268.0,530800,0.0,0.0
2022-02-09 00:00:00+09:00,2270.0,2277.0,2225.0,2227.0,430100,0.0,0.0
2022-02-10 00:00:00+09:00,2255.0,2263.0,2204.0,2213.0,518400,0.0,0.0
2022-02-14 00:00:00+09:00,2172.0,2212.0,2171.0,2178.0,489600,0.0,0.0
2022-02-15 00:00:00+09:00,2206.0,2246.0,2183.0,2197.0,367900,0.0,0.0
2022-02-16 00:00:00+09:00,2206.0,2232.0,2202.0,2212.0,247000,0.0,0.0
2022-02-17 00:00:00+09:00,2199.0,2211.0,2183.0,2198.0,252200,0.0,0.0
2022-02-18 00:00:00+09:00,2194.0,2211.0,2188.0,2207.0,220600,0.0,0.0
2022-02-21 00:00:00+09:00,2201.0,2203.0,2179.0,2192.0,177600,0.0,0.0
2022-02-22 00:00:00+09:00,2144.0,2179.0,2137.0,2177.0,250900,0.0,0.0
2022-02-24 00:00:00+09:00,2168.0,2206.0,2168.0,2199.0,402400,0.0,0.0
2022-02-25 00:00:00+09:00,2209.0,2218.0,2187.0,2189.0,310200,0.0,0.0
2022-02-28 00:00:00+09:00,2213.0,2232.0,2198.0,2230.0,336600,0.0,0.0
2022-03-01 00:00:00+09:00,2250.0,2258.0,2230.0,2236.0,254700,0.0,0.0
2022-03-02 00:00:00+09:00,2220.0,2230.0,2193.0,2204.0,215000,0.0,0.0
2022-03-03 00:00:00+09:00,2228.0,2253.0,2211.0,2244.0,162400,0.0,0.0
2022-03-04 00:00:00+09:00,2228.0,2239.0,2188.0,2200.0,362800,0.0,0.0
2022-03-07 00:00:00+09:00,2152.0,2165.0,2121.0,2130.0,446800,0.0,0.0
2022-03-08 00:00:00+09:00,2114.0,2155.0,2111.0,2134.0,428500,0.0,0.0
2022-03-09 00:00:00+09:00,2149.0,2165.0,2121.0,2124.0,280100,0.0,0.0
2022-03-10 00:00:00+09:00,2151.0,2216.0,2148.0,2211.0,298600,0.0,0.0
2022-03-11 00:00:00+09:00,2192.0,2197.0,2162.0,2191.0,304700,0.0,0.0
2022-03-14 00:00:00+09:00,2210.0,2220.0,2187.0,2204.0,236200,0.0,0.0
2022-03-15 00:00:00+09:00,2196.0,2235.0,2196.0,2208.0,241100,0.0,0.0
2022-03-16 00:00:00+09:00,2209.0,2221.0,2193.0,2198.0,307900,0.0,0.0
2022-03-17 00:00:00+09:00,2219.0,2227.0,2202.0,2219.0,348200,0.0,0.0
2022-03-18 00:00:00+09:00,2225.0,2247.0,2204.0,2240.0,441300,0.0,0.0
2022-03-22 00:00:00+09:00,2246.0,2256.0,2227.0,2247.0,324500,0.0,0.0
2022-03-23 00:00:00+09:00,2267.0,2270.0,2236.0,2264.0,249100,0.0,0.0
2022-03-24 00:00:00+09:00,2252.0,2261.0,2219.0,2259.0,217900,0.0,0.0
2022-03-25 00:00:00+09:00,2264.0,2264.0,2235.0,2251.0,282900,0.0,0.0
2022-03-28 00:00:00+09:00,2274.0,2280.0,2247.0,2278.0,275000,0.0,0.0
2022-03-29 00:00:00+09:00,2280.0,2293.0,2250.0,2286.0,513800,0.0,0.0
2022-03-30 00:00:00+09:00,2293.0,2293.0,2205.0,2237.0,352400,0.0,0.0
2022-03-31 00:00:00+09:00,2222.0,2241.0,2200.0,2200.0,345600,0.0,0.0
2022-04-01 00:00:00+09:00,2205.0,2216.0,2176.0,2206.0,276800,0.0,0.0
2022-04-04 00:00:00+09:00,2219.0,2224.0,2194.0,2213.0,244100,0.0,0.0
2022-04-05 00:00:00+09:00,2214.0,2216.0,2191.0,2213.0,281600,0.0,0.0
2022-04-06 00:00:00+09:00,2219.0,2231.0,2175.0,2175.0,426600,0.0,0.0
2022-04-07 00:00:00+09:00,2157.0,2184.0,2152.0,2180.0,314000,0.0,0.0
2022-04-08 00:00:00+09:00,2176.0,2176.0,2096.0,2098.0,361200,0.0,0.0
2022-04-11 00:00:00+09:00,2106.0,2136.0,2106.0,2130.0,359500,0.0,0.0
2022-04-12 00:00:00+09:00,2121.0,2142.0,2097.0,2102.0,174800,0.0,0.0
2022-04-13 00:00:00+09:00,2114.0,2136.0,2106.0,2125.0,302000,0.0,0.0
2022-04-14 00:00:00+09:00,2122.0,2143.0,2120.0,2138.0,229100,0.0,0.0
2022-04-15 00:00:00+09:00,2125.0,2137.0,2114.0,2126.0,174400,0.0,0.0
2022-04-18 00:00:00+09:00,2095.0,2105.0,2071.0,2093.0,140000,0.0,0.0
2022-04-19 00:00:00+09:00,2119.0,2123.0,2101.0,2111.0,258400,0.0,0.0
2022-04-20 00:00:00+09:00,2151.0,2170.0,2135.0,2162.0,352100,0.0,0.0
2022-04-21 00:00:00+09:00,2187.0,2189.0,2137.0,2185.0,265900,0.0,0.0
2022-04-22 00:00:00+09:00,2177.0,2195.0,2161.0,2186.0,188500,0.0,0.0
2022-04-25 00:00:00+09:00,2166.0,2187.0,2157.0,2182.0,189700,0.0,0.0
2022-04-26 00:00:00+09:00,2177.0,2200.0,2170.0,2195.0,329800,0.0,0.0
2022-04-27 00:00:00+09:00,2166.0,2188.0,2153.0,2156.0,440500,0.0,0.0
2022-04-28 00:00:00+09:00,2168.0,2217.0,2167.0,2210.0,292900,0.0,0.0
2022-05-02 00:00:00+09:00,2184.0,2218.0,2178.0,2207.0,227000,0.0,0.0
2022-05-06 00:00:00+09:00,2209.0,2249.0,2196.0,2249.0,363600,0.0,0.0
2022-05-09 00:00:00+09:00,2247.0,2250.0,2219.0,2227.0,210100,0.0,0.0
2022-05-10 00:00:00+09:00,2212.0,2237.0,2206.0,2226.0,245900,0.0,0.0
2022-05-11 00:00:00+09:00,2200.0,2203.0,2174.0,2178.0,208800,0.0,0.0
2022-05-12 00:00:00+09:00,2178.0,2210.0,2170.0,2185.0,215200,0.0,0.0
2022-05-13 00:00:00+09:00,2174.0,2204.0,2162.0,2198.0,260800,0.0,0.0
2022-05-16 00:00:00+09:00,2698.0,2698.0,2665.0,2698.0,1328700,0.0,0.0
2022-05-17 00:00:00+09:00,2598.0,2641.0,2553.0,2580.0,832900,0.0,0.0
2022-05-18 00:00:00+09:00,2602.0,2645.0,2594.0,2617.0,661900,0.0,0.0
2022-05-19 00:00:00+09:00,2564.0,2624.0,2557.0,2611.0,521300,0.0,0.0
2022-05-20 00:00:00+09:00,2595.0,2618.0,2580.0,2605.0,497700,0.0,0.0
2022-05-23 00:00:00+09:00,2602.0,2613.0,2580.0,2582.0,403200,0.0,0.0
2022-05-24 00:00:00+09:00,2548.0,2560.0,2533.0,2539.0,487900,0.0,0.0
2022-05-25 00:00:00+09:00,2560.0,2581.0,2547.0,2560.0,489800,0.0,0.0
2022-05-26 00:00:00+09:00,2583.0,2594.0,2561.0,2581.0,522300,0.0,0.0
2022-05-27 00:00:00+09:00,2581.0,2591.0,2562.0,2574.0,560600,0.0,0.0
2022-05-30 00:00:00+09:00,2600.0,2610.0,2571.0,2592.0,617000,0.0,0.0
2022-05-31 00:00:00+09:00,2560.0,2598.0,2544.0,2553.0,578200,0.0,0.0
2022-06-01 00:00:00+09:00,2571.0,2594.0,2565.0,2587.0,494400,0.0,0.0
2022-06-02 00:00:00+09:00,2571.0,2597.0,2542.0,2587.0,286600,0.0,0.0
2022-06-03 00:00:00+09:00,2587.0,2596.0,2563.0,2580.0,264200,0.0,0.0
2022-06-06 00:00:00+09:00,2560.0,2602.0,2550.0,2593.0,384000,0.0,0.0
2022-06-07 00:00:00+09:00,2601.0,2611.0,2584.0,2594.0,387800,0.0,0.0
2022-06-08 00:00:00+09:00,2594.0,2616.0,2573.0,2586.0,423800,0.0,0.0
2022-06-09 00:00:00+09:00,2560.0,2602.0,2553.0,2578.0,500500,0.0,0.0
2022-06-10 00:00:00+09:00,2566.0,2594.0,2557.0,2560.0,510900,0.0,0.0
2022-06-13 00:00:00+09:00,2569.0,2613.0,2562.0,2584.0,667000,0.0,0.0
2022-06-14 00:00:00+09:00,2549.0,2578.0,2545.0,2565.0,650700,0.0,0.0
2022-06-15 00:00:00+09:00,2559.0,2563.0,2544.0,2551.0,299600,0.0,0.0
2022-06-16 00:00:00+09:00,2559.0,2573.0,2533.0,2533.0,354400,0.0,0.0
2022-06-17 00:00:00+09:00,2511.0,2541.0,2510.0,2525.0,733300,0.0,0.0
2022-06-20 00:00:00+09:00,2525.0,2581.0,2517.0,2558.0,622800,0.0,0.0
2022-06-21 00:00:00+09:00,2575.0,2627.0,2565.0,2573.0,518600,0.0,0.0
2022-06-22 00:00:00+09:00,2592.0,2611.0,2557.0,2573.0,618800,0.0,0.0
2022-06-23 00:00:00+09:00,2580.0,2599.0,2560.0,2575.0,497300,0.0,0.0
2022-06-24 00:00:00+09:00,2565.0,2583.0,2537.0,2582.0,326500,0.0,0.0
2022-06-27 00:00:00+09:00,2604.0,2605.0,2571.0,2584.0,361900,0.0,0.0
2022-06-28 00:00:00+09:00,2590.0,2613.0,2581.0,2613.0,435300,0.0,0.0
2022-06-29 00:00:00+09:00,2584.0,2625.0,2582.0,2610.0,1404700,0.0,0.0
2022-06-30 00:00:00+09:00,2638.0,2650.0,2622.0,2624.0,559000,0.0,0.0
2022-07-01 00:00:00+09:00,2624.0,2629.0,2580.0,2599.0,402300,0.0,0.0
2022-07-04 00:00:00+09:00,2613.0,2639.0,2607.0,2624.0,612600,0.0,0.0
2022-07-05 00:00:00+09:00,2618.0,2643.0,2611.0,2635.0,604900,0.0,0.0
2022-07-06 00:00:00+09:00,2614.0,2701.0,2600.0,2693.0,991600,0.0,0.0
2022-07-07 00:00:00+09:00,2743.0,2746.0,2659.0,2664.0,730900,0.0,0.0
2022-07-08 00:00:00+09:00,2680.0,2740.0,2674.0,2703.0,691200,0.0,0.0
2022-07-11 00:00:00+09:00,2705.0,2723.0,2681.0,2710.0,590600,0.0,0.0
2022-07-12 00:00:00+09:00,2736.0,2746.0,2687.0,2703.0,654700,0.0,0.0
2022-07-13 00:00:00+09:00,2679.0,2696.0,2655.0,2676.0,353500,0.0,0.0
2022-07-14 00:00:00+09:00,2681.0,2696.0,2680.0,2690.0,314800,0.0,0.0
2022-07-15 00:00:00+09:00,2680.0,2685.0,2659.0,2680.0,345800,0.0,0.0
2022-07-19 00:00:00+09:00,2685.0,2690.0,2668.0,2680.0,407100,0.0,0.0
2022-07-20 00:00:00+09:00,2711.0,2729.0,2697.0,2729.0,653500,0.0,0.0
2022-07-21 00:00:00+09:00,2729.0,2749.0,2718.0,2743.0,429200,0.0,0.0
2022-07-22 00:00:00+09:00,2720.0,2745.0,2715.0,2735.0,483800,0.0,0.0
2022-07-25 00:00:00+09:00,2736.0,2755.0,2735.0,2747.0,508200,0.0,0.0
2022-07-26 00:00:00+09:00,2747.0,2752.0,2702.0,2705.0,361200,0.0,0.0
2022-07-27 00:00:00+09:00,2727.0,2743.0,2720.0,2720.0,368700,0.0,0.0
2022-07-28 00:00:00+09:00,2717.0,2720.0,2688.0,2719.0,358900,0.0,0.0
2022-07-29 00:00:00+09:00,2714.0,2720.0,2691.0,2700.0,482700,0.0,0.0
2022-08-01 00:00:00+09:00,2715.0,2727.0,2697.0,2709.0,424200,0.0,0.0
2022-08-02 00:00:00+09:00,2700.0,2706.0,2685.0,2691.0,444100,0.0,0.0
2022-08-03 00:00:00+09:00,2680.0,2683.0,2644.0,2653.0,377100,0.0,0.0
2022-08-04 00:00:00+09:00,2679.0,2682.0,2654.0,2661.0,329200,0.0,0.0
2022-08-05 00:00:00+09:00,2648.0,2665.0,2631.0,2655.0,387200,0.0,0.0
2022-08-08 00:00:00+09:00,2663.0,2691.0,2663.0,2675.0,273400,0.0,0.0
2022-08-09 00:00:00+09:00,2680.0,2696.0,2656.0,2667.0,338300,0.0,0.0
2022-08-10 00:00:00+09:00,2673.0,2693.0,2638.0,2690.0,527700,0.0,0.0
2022-08-12 00:00:00+09:00,2730.0,2755.0,2718.0,2728.0,797800,0.0,0.0
2022-08-15 00:00:00+09:00,2728.0,2730.0,2689.0,2722.0,394200,0.0,0.0
2022-08-16 00:00:00+09:00,2729.0,2736.0,2701.0,2718.0,377700,0.0,0.0
2022-08-17 00:00:00+09:00,2732.0,2738.0,2692.0,2714.0,490100,0.0,0.0
2022-08-18 00:00:00+09:00,2717.0,2735.0,2711.0,2718.0,459600,0.0,0.0
2022-08-19 00:00:00+09:00,2721.0,2722.0,2676.0,2695.0,403400,0.0,0.0
2022-08-22 00:00:00+09:00,2695.0,2735.0,2678.0,2729.0,387100,0.0,0.0
2022-08-23 00:00:00+09:00,2710.0,2712.0,2680.0,2697.0,567200,0.0,0.0
2022-08-24 00:00:00+09:00,2706.0,2709.0,2678.0,2688.0,343800,0.0,0.0
2022-08-25 00:00:00+09:00,2692.0,2712.0,2678.0,2706.0,239300,0.0,0.0
2022-08-26 00:00:00+09:00,2708.0,2708.0,2686.0,2692.0,148900,0.0,0.0
2022-08-29 00:00:00+09:00,2697.0,2709.0,2677.0,2693.0,346400,0.0,0.0
2022-08-30 00:00:00+09:00,2707.0,2746.0,2701.0,2746.0,297300,0.0,0.0
2022-08-31 00:00:00+09:00,2715.0,2738.0,2711.0,2727.0,533500,0.0,0.0
2022-09-01 00:00:00+09:00,2707.0,2732.0,2698.0,2717.0,387400,0.0,0.0
2022-09-02 00:00:00+09:00,2717.0,2720.0,2700.0,2710.0,296400,0.0,0.0
2022-09-05 00:00:00+09:00,2701.0,2711.0,2685.0,2692.0,304400,0.0,0.0
2022-09-06 00:00:00+09:00,2699.0,2707.0,2680.0,2688.0,287300,0.0,0.0
2022-09-07 00:00:00+09:00,2668.0,2679.0,2650.0,2668.0,281500,0.0,0.0
2022-09-08 00:00:00+09:00,2685.0,2737.0,2685.0,2731.0,384800,0.0,0.0
2022-09-09 00:00:00+09:00,2725.0,2763.0,2724.0,2755.0,488300,0.0,0.0
2022-09-12 00:00:00+09:00,2777.0,2796.0,2764.0,2778.0,456200,0.0,0.0
2022-09-13 00:00:00+09:00,2780.0,2804.0,2780.0,2792.0,361300,0.0,0.0
2022-09-14 00:00:00+09:00,2760.0,2771.0,2752.0,2759.0,368000,0.0,0.0
2022-09-15 00:00:00+09:00,2732.0,2754.0,2721.0,2728.0,307400,0.0,0.0
2022-09-16 00:00:00+09:00,2728.0,2782.0,2727.0,2776.0,787800,0.0,0.0
2022-09-20 00:00:00+09:00,2786.0,2791.0,2765.0,2778.0,347000,0.0,0.0
2022-09-21 00:00:00+09:00,2773.0,2787.0,2762.0,2777.0,329600,0.0,0.0
2022-09-22 00:00:00+09:00,2760.0,2773.0,2752.0,2767.0,345800,0.0,0.0
2022-09-26 00:00:00+09:00,2717.0,2728.0,2694.0,2698.0,425100,0.0,0.0
2022-09-27 00:00:00+09:00,2693.0,2699.0,2681.0,2689.0,292800,0.0,0.0
2022-09-28 00:00:00+09:00,2688.0,2688.0,2624.0,2662.0,358300,0.0,0.0
2022-09-29 00:00:00+09:00,2694.0,2714.0,2677.0,2706.0,427000,0.0,0.0
2022-09-30 00:00:00+09:00,2680.0,2699.0,2662.0,2674.0,465900,0.0,0.0
2022-10-03 00:00:00+09:00,2674.0,2698.0,2650.0,2692.0,253100,0.0,0.0
2022-10-04 00:00:00+09:00,2729.0,2778.0,2729.0,2769.0,260700,0.0,0.0
2022-10-05 00:00:00+09:00,2798.0,2806.0,2782.0,2789.0,459800,0.0,0.0
2022-10-06 00:00:00+09:00,2804.0,2812.0,2788.0,2788.0,335900,0.0,0.0
2022-10-07 00:00:00+09:00,2788.0,2809.0,2775.0,2800.0,303900,0.0,0.0
2022-10-11 00:00:00+09:00,2756.0,2777.0,2748.0,2766.0,394500,0.0,0.0
2022-10-12 00:00:00+09:00,2856.0,2857.0,2832.0,2853.0,619500,0.0,0.0
2022-10-13 00:00:00+09:00,2853.0,2861.0,2825.0,2850.0,428700,0.0,0.0
2022-10-14 00:00:00+09:00,2887.0,2894.0,2856.0,2869.0,440900,0.0,0.0
2022-10-17 00:00:00+09:00,2869.0,2874.0,2837.0,2846.0,226900,0.0,0.0
2022-10-18 00:00:00+09:00,2887.0,2889.0,2858.0,2880.0,226500,0.0,0.0
2022-10-19 00:00:00+09:00,2890.0,2939.0,2885.0,2923.0,432600,0.0,0.0
2022-10-20 00:00:00+09:00,2902.0,2917.0,2889.0,2912.0,351500,0.0,0.0
2022-10-21 00:00:00+09:00,2877.0,2888.0,2828.0,2843.0,314300,0.0,0.0
2022-10-24 00:00:00+09:00,2872.0,2872.0,2806.0,2812.0,247800,0.0,0.0
2022-10-25 00:00:00+09:00,2813.0,2850.0,2809.0,2821.0,307500,0.0,0.0
2022-10-26 00:00:00+09:00,2832.0,2857.0,2808.0,2831.0,332800,0.0,0.0
2022-10-27 00:00:00+09:00,2801.0,2824.0,2796.0,2812.0,268900,0.0,0.0
2022-10-28 00:00:00+09:00,2799.0,2847.0,2796.0,2816.0,489600,0.0,0.0
2022-10-31 00:00:00+09:00,2828.0,2848.0,2814.0,2828.0,286200,0.0,0.0
2022-11-01 00:00:00+09:00,2846.0,2849.0,2828.0,2844.0,220800,0.0,0.0
2022-11-02 00:00:00+09:00,2844.0,2851.0,2822.0,2851.0,349300,0.0,0.0
2022-11-04 00:00:00+09:00,2820.0,2834.0,2791.0,2806.0,362200,0.0,0.0
2022-11-07 00:00:00+09:00,2824.0,2840.0,2807.0,2818.0,245900,0.0,0.0
2022-11-08 00:00:00+09:00,2840.0,2848.0,2815.0,2832.0,256000,0.0,0.0
2022-11-09 00:00:00+09:00,2824.0,2843.0,2807.0,2821.0,326500,0.0,0.0
2022-11-10 00:00:00+09:00,2816.0,2847.0,2811.0,2833.0,283600,0.0,0.0
2022-11-11 00:00:00+09:00,2859.0,2881.0,2832.0,2842.0,345500,0.0,0.0
2022-11-14 00:00:00+09:00,2820.0,2829.0,2670.0,2670.0,467300,0.0,0.0
2022-11-15 00:00:00+09:00,2703.0,2723.0,2675.0,2689.0,255200,0.0,0.0
2022-11-16 00:00:00+09:00,2710.0,2756.0,2707.0,2746.0,422900,0.0,0.0
2022-11-17 00:00:00+09:00,2744.0,2768.0,2741.0,2765.0,276800,0.0,0.0
2022-11-18 00:00:00+09:00,2802.0,2811.0,2764.0,2775.0,314500,0.0,0.0
2022-11-21 00:00:00+09:00,2793.0,2796.0,2747.0,2762.0,225600,0.0,0.0
2022-11-22 00:00:00+09:00,2768.0,2819.0,2768.0,2804.0,286000,0.0,0.0
2022-11-24 00:00:00+09:00,2817.0,2844.0,2812.0,2830.0,245200,0.0,0.0
2022-11-25 00:00:00+09:00,2830.0,2835.0,2818.0,2821.0,163500,0.0,0.0
2022-11-28 00:00:00+09:00,2826.0,2830.0,2770.0,2796.0,417700,0.0,0.0
2022-11-29 00:00:00+09:00,2786.0,2844.0,2764.0,2826.0,509900,0.0,0.0
2022-11-30 00:00:00+09:00,2825.0,2835.0,2777.0,2799.0,687800,0.0,0.0
2022-12-01 00:00:00+09:00,2813.0,2813.0,2747.0,2747.0,400500,0.0,0.0
2022-12-02 00:00:00+09:00,2741.0,2745.0,2701.0,2730.0,545800,0.0,0.0
2022-12-05 00:00:00+09:00,2711.0,2712.0,2671.0,2691.0,304100,0.0,0.0
2022-12-06 00:00:00+09:00,2677.0,2710.0,2658.0,2708.0,276100,0.0,0.0
2022-12-07 00:00:00+09:00,2692.0,2711.0,2687.0,2689.0,269500,0.0,0.0
2022-12-08 00:00:00+09:00,2698.0,2701.0,2674.0,2690.0,194900,0.0,0.0
2022-12-09 00:00:00+09:00,2716.0,2740.0,2706.0,2719.0,381600,0.0,0.0
2022-12-12 00:00:00+09:00,2701.0,2708.0,2685.0,2697.0,200700,0.0,0.0
2022-12-13 00:00:00+09:00,2701.0,2746.0,2701.0,2742.0,273500,0.0,0.0
2022-12-14 00:00:00+09:00,2726.0,2741.0,2713.0,2718.0,197100,0.0,0.0
2022-12-15 00:00:00+09:00,2746.0,2765.0,2736.0,2752.0,205100,0.0,0.0
2022-12-16 00:00:00+09:00,2739.0,2786.0,2739.0,2769.0,528000,0.0,0.0
2022-12-19 00:00:00+09:00,2760.0,2793.0,2757.0,2770.0,228500,0.0,0.0
2022-12-20 00:00:00+09:00,2775.0,2786.0,2691.0,2728.0,241600,0.0,0.0
2022-12-21 00:00:00+09:00,2704.0,2723.0,2690.0,2709.0,225300,0.0,0.0
2022-12-22 00:00:00+09:00,2713.0,2737.0,2699.0,2731.0,275900,0.0,0.0
2022-12-23 00:00:00+09:00,2705.0,2723.0,2687.0,2709.0,143800,0.0,0.0
2022-12-26 00:00:00+09:00,2737.0,2737.0,2671.0,2678.0,189500,0.0,0.0
2022-12-27 00:00:00+09:00,2682.0,2697.0,2680.0,2685.0,104000,0.0,0.0
2022-12-28 00:00:00+09:00,2686.0,2701.0,2682.0,2700.0,135700,0.0,0.0
2022-12-29 00:00:00+09:00,2689.0,2692.0,2656.0,2677.0,427200,0.0,0.0
2022-12-30 00:00:00+09:00,2670.0,2706.0,2670.0,2687.0,187400,0.0,0.0
2023-01-04 00:00:00+09:00,2683.0,2686.0,2644.0,2650.0,234100,0.0,0.0
2023-01-05 00:00:00+09:00,2625.0,2625.0,2579.0,2590.0,326200,0.0,0.0
2023-01-06 00:00:00+09:00,2578.0,2606.0,2574.0,2594.0,300300,0.0,0.0
2023-01-10 00:00:00+09:00,2644.0,2649.0,2603.0,2603.0,336600,0.0,0.0
2023-01-11 00:00:00+09:00,2602.0,2616.0,2596.0,2606.0,397100,0.0,0.0
2023-01-12 00:00:00+09:00,2600.0,2605.0,2571.0,2571.0,212600,0.0,0.0
2023-01-13 00:00:00+09:00,2566.0,2589.0,2566.0,2580.0,227200,0.0,0.0
2023-01-16 00:00:00+09:00,2578.0,2603.0,2573.0,2583.0,197200,0.0,0.0
2023-01-17 00:00:00+09:00,2600.0,2610.0,2587.0,2589.0,260700,0.0,0.0
2023-01-18 00:00:00+09:00,2595.0,2617.0,2574.0,2599.0,357100,0.0,0.0
2023-01-19 00:00:00+09:00,2611.0,2634.0,2603.0,2605.0,265900,0.0,0.0
2023-01-20 00:00:00+09:00,2600.0,2615.0,2600.0,2611.0,182100,0.0,0.0
2023-01-23 00:00:00+09:00,2622.0,2622.0,2601.0,2614.0,541200,0.0,0.0
2023-01-24 00:00:00+09:00,2619.0,2635.0,2610.0,2633.0,358700,0.0,0.0
2023-01-25 00:00:00+09:00,2639.0,2644.0,2625.0,2641.0,172000,0.0,0.0
2023-01-26 00:00:00+09:00,2641.0,2662.0,2639.0,2653.0,149400,0.0,0.0
2023-01-27 00:00:00+09:00,2656.0,2660.0,2621.0,2631.0,243600,0.0,0.0
2023-01-30 00:00:00+09:00,2625.0,2639.0,2622.0,2628.0,241200,0.0,0.0
2023-01-31 00:00:00+09:00,2625.0,2662.0,2624.0,2652.0,271300,0.0,0.0
2023-02-01 00:00:00+09:00,2680.0,2695.0,2650.0,2651.0,235200,0.0,0.0
2023-02-02 00:00:00+09:00,2664.0,2682.0,2647.0,2647.0,247900,0.0,0.0
2023-02-03 00:00:00+09:00,2636.0,2637.0,2613.0,2627.0,151800,0.0,0.0
2023-02-06 00:00:00+09:00,2651.0,2664.0,2637.0,2645.0,199100,0.0,0.0
2023-02-07 00:00:00+09:00,2650.0,2662.0,2642.0,2648.0,156300,0.0,0.0
2023-02-08 00:00:00+09:00,2662.0,2671.0,2651.0,2664.0,167400,0.0,0.0
2023-02-09 00:00:00+09:00,2683.0,2687.0,2646.0,2656.0,311600,0.0,0.0
2023-02-10 00:00:00+09:00,2634.0,2652.0,2625.0,2644.0,273200,0.0,0.0
2023-02-13 00:00:00+09:00,2635.0,2687.0,2635.0,2684.0,391800,0.0,0.0
2023-02-14 00:00:00+09:00,2684.0,2732.0,2675.0,2721.0,381600,0.0,0.0
2023-02-15 00:00:00+09:00,2722.0,2722.0,2686.0,2693.0,237700,0.0,0.0
2023-02-16 00:00:00+09:00,2695.0,2698.0,2667.0,2670.0,226600,0.0,0.0
2023-02-17 00:00:00+09:00,2682.0,2703.0,2679.0,2687.0,293200,0.0,0.0
2023-02-20 00:00:00+09:00,2700.0,2710.0,2684.0,2695.0,206300,0.0,0.0
2023-02-21 00:00:00+09:00,2681.0,2681.0,2655.0,2666.0,305600,0.0,0.0
2023-02-22 00:00:00+09:00,2659.0,2659.0,2614.0,2626.0,399700,0.0,0.0
2023-02-24 00:00:00+09:00,2612.0,2667.0,2601.0,2661.0,369200,0.0,0.0
2023-02-27 00:00:00+09:00,2669.0,2690.0,2667.0,2689.0,314200,0.0,0.0
2023-02-28 00:00:00+09:00,2699.0,2714.0,2685.0,2694.0,488300,0.0,0.0
2023-03-01 00:00:00+09:00,2698.0,2735.0,2673.0,2681.0,549100,0.0,0.0
2023-03-02 00:00:00+09:00,2693.0,2697.0,2668.0,2696.0,606500,0.0,0.0
2023-03-03 00:00:00+09:00,2709.0,2741.0,2693.0,2735.0,439300,0.0,0.0
2023-03-06 00:00:00+09:00,2740.0,2747.0,2726.0,2735.0,243300,0.0,0.0
2023-03-07 00:00:00+09:00,2755.0,2788.0,2752.0,2775.0,362000,0.0,0.0
2023-03-08 00:00:00+09:00,2775.0,2800.0,2763.0,2796.0,257500,0.0,0.0
2023-03-09 00:00:00+09:00,2805.0,2847.0,2805.0,2847.0,280600,0.0,0.0
2023-03-10 00:00:00+09:00,2843.0,2856.0,2832.0,2847.0,495200,0.0,0.0
2023-03-13 00:00:00+09:00,2862.0,2882.0,2784.0,2820.0,392800,0.0,0.0
2023-03-14 00:00:00+09:00,2784.0,2794.0,2740.0,2783.0,351500,0.0,0.0
2023-03-15 00:00:00+09:00,2804.0,2822.0,2789.0,2806.0,266600,0.0,0.0
2023-03-16 00:00:00+09:00,2757.0,2772.0,2735.0,2764.0,342900,0.0,0.0
2023-03-17 00:00:00+09:00,2779.0,2809.0,2759.0,2803.0,568600,0.0,0.0
2023-03-20 00:00:00+09:00,2795.0,2795.0,2705.0,2716.0,422700,0.0,0.0
2023-03-22 00:00:00+09:00,2764.0,2770.0,2705.0,2732.0,265100,0.0,0.0
2023-03-23 00:00:00+09:00,2704.0,2722.0,2698.0,2714.0,317100,0.0,0.0
2023-03-24 00:00:00+09:00,2698.0,2706.0,2684.0,2704.0,272100,0.0,0.0
2023-03-27 00:00:00+09:00,2734.0,2736.0,2718.0,2727.0,197800,0.0,0.0
2023-03-28 00:00:00+09:00,2749.0,2761.0,2717.0,2743.0,331500,0.0,0.0
2023-03-29 00:00:00+09:00,2758.0,2786.0,2739.0,2775.0,323200,0.0,0.0
2023-03-30 00:00:00+09:00,2747.0,2749.0,2716.0,2745.0,260800,0.0,0.0
2023-03-31 00:00:00+09:00,2785.0,2814.0,2774.0,2780.0,422000,0.0,0.0
2023-04-03 00:00:00+09:00,2786.0,2823.0,2776.0,2812.0,363600,0.0,0.0
2023-04-04 00:00:00+09:00,2800.0,2821.0,2780.0,2809.0,296000,0.0,0.0
2023-04-05 00:00:00+09:00,2801.0,2801.0,2726.0,2728.0,243600,0.0,0.0
2023-04-06 00:00:00+09:00,2701.0,2728.0,2690.0,2709.0,316600,0.0,0.0
2023-04-07 00:00:00+09:00,2700.0,2724.0,2693.0,2706.0,160800,0.0,0.0
2023-04-10 00:00:00+09:00,2712.0,2727.0,2699.0,2709.0,170200,0.0,0.0
2023-04-11 00:00:00+09:00,2715.0,2731.0,2701.0,2708.0,243300,0.0,0.0
2023-04-12 00:00:00+09:00,2706.0,2730.0,2704.0,2718.0,251200,0.0,0.0
2023-04-13 00:00:00+09:00,2727.0,2755.0,2723.0,2746.0,331000,0.0,0.0
2023-04-14 00:00:00+09:00,2785.0,2825.0,2783.0,2817.0,530400,0.0,0.0
2023-04-17 00:00:00+09:00,2824.0,2848.0,2814.0,2822.0,259000,0.0,0.0
2023-04-18 00:00:00+09:00,2843.0,2864.0,2827.0,2845.0,309800,0.0,0.0
2023-04-19 00:00:00+09:00,2829.0,2853.0,2829.0,2844.0,183300,0.0,0.0
2023-04-20 00:00:00+09:00,2850.0,2857.0,2831.0,2839.0,188700,0.0,0.0
2023-04-21 00:00:00+09:00,2835.0,2860.0,2820.0,2852.0,208400,0.0,0.0
2023-04-24 00:00:00+09:00,2849.0,2877.0,2833.0,2868.0,234500,0.0,0.0
2023-04-25 00:00:00+09:00,2880.0,2918.0,2878.0,2892.0,248800,0.0,0.0
2023-04-26 00:00:00+09:00,2899.0,2917.0,2882.0,2904.0,353500,0.0,0.0
2023-04-27 00:00:00+09:00,2886.0,2898.0,2867.0,2888.0,334700,0.0,0.0
2023-04-28 00:00:00+09:00,2937.0,2983.0,2927.0,2975.0,585100,0.0,0.0
2023-05-01 00:00:00+09:00,2979.0,3010.0,2974.0,3010.0,294400,0.0,0.0
2023-05-02 00:00:00+09:00,3025.0,3045.0,3015.0,3040.0,375900,0.0,0.0
2023-05-08 00:00:00+09:00,3070.0,3090.0,2975.0,3010.0,446300,0.0,0.0
2023-05-09 00:00:00+09:00,3000.0,3030.0,2988.0,3015.0,300400,0.0,0.0
2023-05-10 00:00:00+09:00,3010.0,3050.0,3010.0,3030.0,203400,0.0,0.0
2023-05-11 00:00:00+09:00,3005.0,3025.0,2997.0,3015.0,137200,0.0,0.0
2023-05-12 00:00:00+09:00,3055.0,3060.0,3020.0,3050.0,221300,0.0,0.0
2023-05-15 00:00:00+09:00,3100.0,3140.0,3075.0,3135.0,489200,0.0,0.0
2023-05-16 00:00:00+09:00,3135.0,3210.0,3135.0,3210.0,403500,0.0,0.0
2023-05-17 00:00:00+09:00,3205.0,3215.0,3175.0,3200.0,305100,0.0,0.0
2023-05-18 00:00:00+09:00,3220.0,3250.0,3175.0,3180.0,307600,0.0,0.0
2023-05-19 00:00:00+09:00,3185.0,3215.0,3155.0,3195.0,444600,0.0,0.0
2023-05-22 00:00:00+09:00,3145.0,3170.0,3120.0,3150.0,465600,0.0,0.0
2023-05-23 00:00:00+09:00,3155.0,3180.0,3125.0,3150.0,497600,0.0,0.0
2023-05-24 00:00:00+09:00,3120.0,3145.0,3120.0,3135.0,330400,0.0,0.0
2023-05-25 00:00:00+09:00,3130.0,3150.0,3095.0,3120.0,328200,0.0,0.0
2023-05-26 00:00:00+09:00,3120.0,3145.0,3105.0,3115.0,297400,0.0,0.0
2023-05-29 00:00:00+09:00,3125.0,3180.0,3110.0,3130.0,242000,0.0,0.0
2023-05-30 00:00:00+09:00,3105.0,3135.0,3085.0,3120.0,265100,0.0,0.0
2023-05-31 00:00:00+09:00,3100.0,3130.0,3090.0,3105.0,709600,0.0,0.0
2023-06-01 00:00:00+09:00,3110.0,3145.0,3105.0,3130.0,338900,0.0,0.0
2023-06-02 00:00:00+09:00,3130.0,3170.0,3130.0,3140.0,240600,0.0,0.0
2023-06-05 00:00:00+09:00,3184.0,3210.0,3174.0,3180.0,424000,0.0,0.0
2023-06-06 00:00:00+09:00,3155.0,3203.0,3148.0,3188.0,321000,0.0,0.0
2023-06-07 00:00:00+09:00,3198.0,3212.0,3144.0,3153.0,403400,0.0,0.0
2023-06-08 00:00:00+09:00,3145.0,3161.0,3118.0,3129.0,269500,0.0,0.0
2023-06-09 00:00:00+09:00,3137.0,3161.0,3131.0,3149.0,467300,0.0,0.0
2023-06-12 00:00:00+09:00,3147.0,3196.0,3136.0,3186.0,280000,0.0,0.0
2023-06-13 00:00:00+09:00,3186.0,3240.0,3179.0,3228.0,349800,0.0,0.0
2023-06-14 00:00:00+09:00,3250.0,3288.0,3239.0,3265.0,318900,0.0,0.0
2023-06-15 00:00:00+09:00,3285.0,3336.0,3283.0,3306.0,468900,0.0,0.0
2023-06-16 00:00:00+09:00,3293.0,3315.0,3250.0,3299.0,944300,0.0,0.0
2023-06-19 00:00:00+09:00,3306.0,3311.0,3257.0,3277.0,325500,0.0,0.0
2023-06-20 00:00:00+09:00,3259.0,3273.0,3243.0,3262.0,254200,0.0,0.0
2023-06-21 00:00:00+09:00,3263.0,3291.0,3263.0,3286.0,272000,0.0,0.0
2023-06-22 00:00:00+09:00,3290.0,3322.0,3290.0,3321.0,241800,0.0,0.0
2023-06-23 00:00:00+09:00,3316.0,3321.0,3273.0,3292.0,325200,0.0,0.0
2023-06-26 00:00:00+09:00,3310.0,3329.0,3287.0,3306.0,308800,0.0,0.0
2023-06-27 00:00:00+09:00,3306.0,3307.0,3241.0,3276.0,188600,0.0,0.0
2023-06-28 00:00:00+09:00,3297.0,3336.0,3286.0,3324.0,350600,0.0,0.0
2023-06-29 00:00:00+09:00,3330.0,3366.0,3289.0,3300.0,264700,0.0,0.0
2023-06-30 00:00:00+09:00,3296.0,3298.0,3232.0,3260.0,280900,0.0,0.0
2023-07-03 00:00:00+09:00,3285.0,3318.0,3280.0,3305.0,212000,0.0,0.0
2023-07-04 00:00:00+09:00,3273.0,3297.0,3229.0,3234.0,331500,0.0,0.0
2023-07-05 00:00:00+09:00,3234.0,3235.0,3175.0,3218.0,377500,0.0,0.0
2023-07-06 00:00:00+09:00,3210.0,3229.0,3188.0,3212.0,312200,0.0,0.0
2023-07-07 00:00:00+09:00,3212.0,3249.0,3174.0,3224.0,277000,0.0,0.0
2023-07-10 00:00:00+09:00,3225.0,3256.0,3210.0,3222.0,289500,0.0,0.0
2023-07-11 00:00:00+09:00,3238.0,3242.0,3200.0,3206.0,195300,0.0,0.0
2023-07-12 00:00:00+09:00,3206.0,3221.0,3195.0,3195.0,218300,0.0,0.0
2023-07-13 00:00:00+09:00,3195.0,3195.0,3158.0,3169.0,237300,0.0,0.0
2023-07-14 00:00:00+09:00,3175.0,3192.0,3138.0,3145.0,361900,0.0,0.0
2023-07-18 00:00:00+09:00,3146.0,3177.0,3136.0,3152.0,268000,0.0,0.0
2023-07-19 00:00:00+09:00,3165.0,3196.0,3165.0,3193.0,188300,0.0,0.0
2023-07-20 00:00:00+09:00,3180.0,3213.0,3179.0,3187.0,164600,0.0,0.0
2023-07-21 00:00:00+09:00,3187.0,3197.0,3175.0,3195.0,118600,0.0,0.0
2023-07-24 00:00:00+09:00,3208.0,3233.0,3208.0,3224.0,131800,0.0,0.0
2023-07-25 00:00:00+09:00,3231.0,3243.0,3223.0,3241.0,192300,0.0,0.0
2023-07-26 00:00:00+09:00,3232.0,3240.0,3203.0,3229.0,191500,0.0,0.0
2023-07-27 00:00:00+09:00,3224.0,3233.0,3194.0,3233.0,239400,0.0,0.0
2023-07-28 00:00:00+09:00,3212.0,3255.0,3195.0,3241.0,316300,0.0,0.0
2023-07-31 00:00:00+09:00,3272.0,3312.0,3271.0,3298.0,336700,0.0,0.0
2023-08-01 00:00:00+09:00,3298.0,3334.0,3289.0,3315.0,258700,0.0,0.0
2023-08-02 00:00:00+09:00,3290.0,3328.0,3273.0,3304.0,249400,0.0,0.0
2023-08-03 00:00:00+09:00,3278.0,3305.0,3266.0,3271.0,294400,0.0,0.0
2023-08-04 00:00:00+09:00,3252.0,3299.0,3239.0,3285.0,251200,0.0,0.0
2023-08-07 00:00:00+09:00,3262.0,3305.0,3227.0,3299.0,316500,0.0,0.0
2023-08-08 00:00:00+09:00,3297.0,3319.0,3290.0,3292.0,286200,0.0,0.0
2023-08-09 00:00:00+09:00,3290.0,3308.0,3168.0,3233.0,385100,0.0,0.0
2023-08-10 00:00:00+09:00,3242.0,3288.0,3226.0,3279.0,287200,0.0,0.0
2023-08-14 00:00:00+09:00,3282.0,3328.0,3282.0,3289.0,279800,0.0,0.0
2023-08-15 00:00:00+09:00,3302.0,3315.0,3282.0,3292.0,203300,0.0,0.0
2023-08-16 00:00:00+09:00,3280.0,3294.0,3240.0,3240.0,229300,0.0,0.0
2023-08-17 00:00:00+09:00,3240.0,3245.0,3197.0,3210.0,224600,0.0,0.0
2023-08-18 00:00:00+09:00,3181.0,3203.0,3164.0,3185.0,161800,0.0,0.0
2023-08-21 00:00:00+09:00,3188.0,3233.0,3188.0,3198.0,180600,0.0,0.0
2023-08-22 00:00:00+09:00,3209.0,3237.0,3198.0,3223.0,231500,0.0,0.0
2023-08-23 00:00:00+09:00,3200.0,3225.0,3196.0,3224.0,177300,0.0,0.0
2023-08-24 00:00:00+09:00,3224.0,3267.0,3223.0,3253.0,180100,0.0,0.0
2023-08-25 00:00:00+09:00,3242.0,3258.0,3225.0,3233.0,162700,0.0,0.0
2023-08-28 00:00:00+09:00,3254.0,3284.0,3248.0,3280.0,198000,0.0,0.0
2023-08-29 00:00:00+09:00,3283.0,3307.0,3277.0,3285.0,169000,0.0,0.0
2023-08-30 00:00:00+09:00,3280.0,3299.0,3265.0,3282.0,206800,0.0,0.0
2023-08-31 00:00:00+09:00,3277.0,3291.0,3254.0,3282.0,386800,0.0,0.0
2023-09-01 00:00:00+09:00,3282.0,3317.0,3271.0,3309.0,197400,0.0,0.0
2023-09-04 00:00:00+09:00,3319.0,3399.0,3318.0,3381.0,348200,0.0,0.0
2023-09-05 00:00:00+09:00,3381.0,3406.0,3341.0,3368.0,231600,0.0,0.0
2023-09-06 00:00:00+09:00,3350.0,3368.0,3309.0,3311.0,360100,0.0,0.0
2023-09-07 00:00:00+09:00,3280.0,3289.0,3270.0,3271.0,407700,0.0,0.0
2023-09-08 00:00:00+09:00,3201.0,3247.0,3185.0,3193.0,505300,0.0,0.0
2023-09-11 00:00:00+09:00,3180.0,3208.0,3147.0,3150.0,275100,0.0,0.0
2023-09-12 00:00:00+09:00,3156.0,3178.0,3136.0,3160.0,316600,0.0,0.0
2023-09-13 00:00:00+09:00,3129.0,3165.0,3128.0,3142.0,254800,0.0,0.0
2023-09-14 00:00:00+09:00,3180.0,3188.0,3144.0,3181.0,237500,0.0,0.0
2023-09-15 00:00:00+09:00,3188.0,3248.0,3181.0,3224.0,524900,0.0,0.0
2023-09-19 00:00:00+09:00,3235.0,3267.0,3228.0,3244.0,299400,0.0,0.0
2023-09-20 00:00:00+09:00,3260.0,3273.0,3217.0,3218.0,339900,0.0,0.0
2023-09-21 00:00:00+09:00,3218.0,3246.0,3182.0,3197.0,294300,0.0,0.0
2023-09-22 00:00:00+09:00,3180.0,3216.0,3170.0,3189.0,312800,0.0,0.0
2023-09-25 00:00:00+09:00,3204.0,3239.0,3200.0,3217.0,153000,0.0,0.0
2023-09-26 00:00:00+09:00,3208.0,3208.0,3184.0,3187.0,213600,0.0,0.0
2023-09-27 00:00:00+09:00,3151.0,3167.0,3125.0,3167.0,315300,0.0,0.0
2023-09-28 00:00:00+09:00,3063.0,3106.0,3031.0,3053.0,376100,0.0,0.0
2023-09-29 00:00:00+09:00,3092.0,3114.0,3071.0,3080.0,511000,0.0,0.0
2023-10-02 00:00:00+09:00,3075.0,3134.0,3074.0,3084.0,431900,0.0,0.0
2023-10-03 00:00:00+09:00,3051.0,3081.0,3012.0,3043.0,338000,0.0,0.0
2023-10-04 00:00:00+09:00,3010.0,3042.0,2984.0,3005.0,357900,0.0,0.0
2023-10-05 00:00:00+09:00,3034.0,3101.0,3028.0,3089.0,291800,0.0,0.0
2023-10-06 00:00:00+09:00,3101.0,3132.0,3101.0,3101.0,320700,0.0,0.0
2023-10-10 00:00:00+09:00,3110.0,3135.0,3110.0,3122.0,239900,0.0,0.0
2023-10-11 00:00:00+09:00,3131.0,3137.0,3099.0,3106.0,199600,0.0,0.0
2023-10-12 00:00:00+09:00,3145.0,3147.0,3115.0,3143.0,275700,0.0,0.0
2023-10-13 00:00:00+09:00,3114.0,3124.0,3076.0,3083.0,251000,0.0,0.0
2023-10-16 00:00:00+09:00,3044.0,3057.0,3028.0,3051.0,260600,0.0,0.0
2023-10-17 00:00:00+09:00,3083.0,3090.0,3053.0,3062.0,137000,0.0,0.0
2023-10-18 00:00:00+09:00,3062.0,3076.0,3008.0,3034.0,250000,0.0,0.0
2023-10-19 00:00:00+09:00,2987.0,3047.0,2979.0,3038.0,116400,0.0,0.0
2023-10-20 00:00:00+09:00,3045.0,3077.0,3036.0,3054.0,167900,0.0,0.0
2023-10-23 00:00:00+09:00,3049.0,3064.0,3032.0,3032.0,188800,0.0,0.0
2023-10-24 00:00:00+09:00,3026.0,3046.0,2968.0,3034.0,238700,0.0,0.0
2023-10-25 00:00:00+09:00,3034.0,3055.0,3017.0,3023.0,165400,0.0,0.0
2023-10-26 00:00:00+09:00,3019.0,3036.0,2993.0,3009.0,131600,0.0,0.0
2023-10-27 00:00:00+09:00,3045.0,3068.0,3036.0,3065.0,169200,0.0,0.0
2023-10-30 00:00:00+09:00,3041.0,3065.0,3029.0,3051.0,191900,0.0,0.0
2023-10-31 00:00:00+09:00,3050.0,3072.0,3037.0,3050.0,199800,0.0,0.0
2023-11-01 00:00:00+09:00,3096.0,3115.0,3072.0,3113.0,315900,0.0,0.0
2023-11-02 00:00:00+09:00,3122.0,3141.0,3082.0,3096.0,265400,0.0,0.0
2023-11-06 00:00:00+09:00,3105.0,3110.0,3053.0,3071.0,303300,0.0,0.0
2023-11-07 00:00:00+09:00,3059.0,3082.0,3005.0,3013.0,236000,0.0,0.0
2023-11-08 00:00:00+09:00,3030.0,3050.0,3019.0,3040.0,281700,0.0,0.0
2023-11-09 00:00:00+09:00,3014.0,3046.0,2990.5,3046.0,241200,0.0,0.0
2023-11-10 00:00:00+09:00,3064.0,3071.0,3021.0,3026.0,256000,0.0,0.0
2023-11-13 00:00:00+09:00,3123.0,3236.0,3107.0,3226.0,453700,0.0,0.0
2023-11-14 00:00:00+09:00,3195.0,3229.0,3160.0,3161.0,199200,0.0,0.0
2023-11-15 00:00:00+09:00,3176.0,3205.0,3139.0,3168.0,190200,0.0,0.0
2023-11-16 00:00:00+09:00,3131.0,3159.0,3109.0,3146.0,130300,0.0,0.0
2023-11-17 00:00:00+09:00,3158.0,3208.0,3144.0,3205.0,150300,0.0,0.0
2023-11-20 00:00:00+09:00,3210.0,3219.0,3160.0,3165.0,181300,0.0,0.0
2023-11-21 00:00:00+09:00,3165.0,3219.0,3160.0,3205.0,212700,0.0,0.0
2023-11-22 00:00:00+09:00,3220.0,3242.0,3212.0,3212.0,152000,0.0,0.0
2023-11-24 00:00:00+09:00,3225.0,3247.0,3209.0,3231.0,111900,0.0,0.0
2023-11-27 00:00:00+09:00,3254.0,3259.0,3207.0,3224.0,143600,0.0,0.0
2023-11-28 00:00:00+09:00,3237.0,3248.0,3203.0,3227.0,145300,0.0,0.0
2023-11-29 00:00:00+09:00,3220.0,3248.0,3211.0,3224.0,128300,0.0,0.0
2023-11-30 00:00:00+09:00,3194.0,3239.0,3178.0,3239.0,203800,0.0,0.0
2023-12-01 00:00:00+09:00,3300.0,3333.0,3289.0,3317.0,300200,0.0,0.0
2023-12-04 00:00:00+09:00,3292.0,3305.0,3270.0,3303.0,179700,0.0,0.0
2023-12-05 00:00:00+09:00,3316.0,3368.0,3312.0,3328.0,305400,0.0,0.0
2023-12-06 00:00:00+09:00,3389.0,3455.0,3357.0,3443.0,374400,0.0,0.0
2023-12-07 00:00:00+09:00,3373.0,3423.0,3360.0,3403.0,267000,0.0,0.0
2023-12-08 00:00:00+09:00,3401.0,3433.0,3336.0,3348.0,250700,0.0,0.0
2023-12-11 00:00:00+09:00,3377.0,3380.0,3314.0,3335.0,392400,0.0,0.0
2023-12-12 00:00:00+09:00,3388.0,3392.0,3336.0,3345.0,218600,0.0,0.0
2023-12-13 00:00:00+09:00,3350.0,3356.0,3307.0,3318.0,192600,0.0,0.0
2023-12-14 00:00:00+09:00,3309.0,3316.0,3282.0,3309.0,189600,0.0,0.0
2023-12-15 00:00:00+09:00,3287.0,3333.0,3280.0,3322.0,563000,0.0,0.0
2023-12-18 00:00:00+09:00,3293.0,3320.0,3252.0,3311.0,321200,0.0,0.0
2023-12-19 00:00:00+09:00,3280.0,3294.0,3254.0,3280.0,247500,0.0,0.0
2023-12-20 00:00:00+09:00,3272.0,3294.0,3264.0,3278.0,173900,0.0,0.0
2023-12-21 00:00:00+09:00,3271.0,3286.0,3260.0,3283.0,136400,0.0,0.0
2023-12-22 00:00:00+09:00,3279.0,3325.0,3271.0,3317.0,166700,0.0,0.0
2023-12-25 00:00:00+09:00,3370.0,3374.0,3317.0,3328.0,133500,0.0,0.0
2023-12-26 00:00:00+09:00,3350.0,3351.0,3324.0,3339.0,117100,0.0,0.0
2023-12-27 00:00:00+09:00,3360.0,3374.0,3345.0,3359.0,139900,0.0,0.0
2023-12-28 00:00:00+09:00,3333.0,3374.0,3331.0,3371.0,360700,0.0,0.0
2023-12-29 00:00:00+09:00,3375.0,3393.0,3356.0,3366.0,228900,0.0,0.0
2024-01-04 00:00:00+09:00,3370.0,3450.0,3333.0,3437.0,183800,0.0,0.0
2024-01-05 00:00:00+09:00,3475.0,3498.0,3461.0,3474.0,225600,0.0,0.0
2024-01-09 00:00:00+09:00,3482.0,3521.0,3435.0,3452.0,229300,0.0,0.0
2024-01-10 00:00:00+09:00,3437.0,3479.0,3434.0,3466.0,178800,0.0,0.0
2024-01-11 00:00:00+09:00,3483.0,3495.0,3453.0,3474.0,179400,0.0,0.0
2024-01-12 00:00:00+09:00,3474.0,3484.0,3436.0,3460.0,189300,0.0,0.0
2024-01-15 00:00:00+09:00,3468.0,3503.0,3468.0,3500.0,26500,0.0,0.0
2024-01-16 00:00:00+09:00,3507.0,3518.0,3416.0,3431.0,168600,0.0,0.0
2024-01-17 00:00:00+09:00,3434.0,3452.0,3406.0,3413.0,261900,0.0,0.0
2024-01-18 00:00:00+09:00,3445.0,3463.0,3416.0,3421.0,153500,0.0,0.0
2024-01-19 00:00:00+09:00,3422.0,3451.0,3407.0,3425.0,228800,0.0,0.0
2024-01-22 00:00:00+09:00,3416.0,3455.0,3416.0,3455.0,99500,0.0,0.0
2024-01-23 00:00:00+09:00,3455.0,3482.0,3443.0,3460.0,96300,0.0,0.0
2024-01-24 00:00:00+09:00,3419.0,3436.0,3398.0,3411.0,141100,0.0,0.0
2024-01-25 00:00:00+09:00,3406.0,3443.0,3406.0,3427.0,97900,0.0,0.0
2024-01-26 00:00:00+09:00,3405.0,3416.0,3371.0,3389.0,133600,0.0,0.0
2024-01-29 00:00:00+09:00,3398.0,3421.0,3378.0,3403.0,79700,0.0,0.0
2024-01-30 00:00:00+09:00,3413.0,3413.0,3380.0,3383.0,120700,0.0,0.0
2024-01-31 00:00:00+09:00,3367.0,3405.0,3359.0,3405.0,133400,0.0,0.0
2024-02-01 00:00:00+09:00,3443.0,3460.0,3407.0,3431.0,143500,0.0,0.0
2024-02-02 00:00:00+09:00,3425.0,3465.0,3425.0,3452.0,135800,0.0,0.0
2024-02-05 00:00:00+09:00,3470.0,3473.0,3437.0,3437.0,137800,0.0,0.0
2024-02-06 00:00:00+09:00,3445.0,3479.0,3420.0,3435.0,167400,0.0,0.0
2024-02-07 00:00:00+09:00,3419.0,3438.0,3386.0,3392.0,164500,0.0,0.0
2024-02-08 00:00:00+09:00,3383.0,3392.0,3316.0,3360.0,239600,0.0,0.0
2024-02-09 00:00:00+09:00,3340.0,3355.0,3311.0,3339.0,183700,0.0,0.0
2024-02-13 00:00:00+09:00,3355.0,3400.0,3314.0,3386.0,318800,0.0,0.0
2024-02-14 00:00:00+09:00,3406.0,3414.0,3322.0,3341.0,193700,0.0,0.0
2024-02-15 00:00:00+09:00,3359.0,3363.0,3329.0,3349.0,145300,0.0,0.0
2024-02-16 00:00:00+09:00,3356.0,3435.0,3342.0,3404.0,165400,0.0,0.0
2024-02-19 00:00:00+09:00,3393.0,3447.0,3393.0,3444.0,134100,0.0,0.0
2024-02-20 00:00:00+09:00,3429.0,3454.0,3415.0,3443.0,146700,0.0,0.0
2024-02-21 00:00:00+09:00,3445.0,3445.0,3402.0,3427.0,121600,0.0,0.0
2024-02-22 00:00:00+09:00,3427.0,3465.0,3421.0,3447.0,163900,0.0,0.0
2024-02-26 00:00:00+09:00,3465.0,3465.0,3410.0,3410.0,130600,0.0,0.0
2024-02-27 00:00:00+09:00,3436.0,3445.0,3404.0,3423.0,146100,0.0,0.0
2024-02-28 00:00:00+09:00,3399.0,3503.0,3399.0,3479.0,285200,0.0,0.0
2024-02-29 00:00:00+09:00,3500.0,3527.0,3476.0,3506.0,306000,0.0,0.0
2024-03-01 00:00:00+09:00,3467.0,3488.0,3444.0,3455.0,157200,0.0,0.0
2024-03-04 00:00:00+09:00,3415.0,3423.0,3347.0,3389.0,361100,0.0,0.0
2024-03-05 00:00:00+09:00,3355.0,3359.0,3296.0,3317.0,299800,0.0,0.0
2024-03-06 00:00:00+09:00,3291.0,3333.0,3277.0,3283.0,294300,0.0,0.0
2024-03-07 00:00:00+09:00,3300.0,3309.0,3261.0,3294.0,163300,0.0,0.0
2024-03-08 00:00:00+09:00,3224.0,3309.0,3224.0,3299.0,281900,0.0,0.0
2024-03-11 00:00:00+09:00,3296.0,3315.0,3264.0,3310.0,260700,0.0,0.0
2024-03-12 00:00:00+09:00,3334.0,3335.0,3241.0,3302.0,212300,0.0,0.0
2024-03-13 00:00:00+09:00,3300.0,3306.0,3253.0,3284.0,188200,0.0,0.0
2024-03-14 00:00:00+09:00,3295.0,3330.0,3278.0,3330.0,173900,0.0,0.0
2024-03-15 00:00:00+09:00,3313.0,3373.0,3309.0,3339.0,305300,0.0,0.0
2024-03-18 00:00:00+09:00,3386.0,3407.0,3354.0,3375.0,157000,0.0,0.0
2024-03-19 00:00:00+09:00,3375.0,3411.0,3357.0,3406.0,216700,0.0,0.0
2024-03-21 00:00:00+09:00,3408.0,3442.0,3393.0,3423.0,200400,0.0,0.0
2024-03-22 00:00:00+09:00,3441.0,3489.0,3427.0,3480.0,221300,0.0,0.0
2024-03-25 00:00:00+09:00,3480.0,3484.0,3392.0,3409.0,270500,0.0,0.0
2024-03-26 00:00:00+09:00,3402.0,3402.0,3343.0,3370.0,211100,0.0,0.0
2024-03-27 00:00:00+09:00,3384.0,3447.0,3376.0,3423.0,294500,0.0,0.0
2024-03-28 00:00:00+09:00,3395.0,3403.0,3307.0,3325.0,175600,0.0,0.0
2024-03-29 00:00:00+09:00,3360.0,3383.0,3335.0,3363.0,102800,0.0,0.0
2024-04-01 00:00:00+09:00,3350.0,3382.0,3322.0,3332.0,196200,0.0,0.0
2024-04-02 00:00:00+09:00,3290.0,3299.0,3230.0,3258.0,294700,0.0,0.0
2024-04-03 00:00:00+09:00,3286.0,3316.0,3272.0,3287.0,229000,0.0,0.0
2024-04-04 00:00:00+09:00,3299.0,3331.0,3267.0,3306.0,271600,0.0,0.0
2024-04-05 00:00:00+09:00,3296.0,3319.0,3275.0,3319.0,168300,0.0,0.0
2024-04-08 00:00:00+09:00,3333.0,3355.0,3306.0,3318.0,123000,0.0,0.0
2024-04-09 00:00:00+09:00,3334.0,3345.0,3286.0,3301.0,101500,0.0,0.0
2024-04-10 00:00:00+09:00,3304.0,3322.0,3300.0,3305.0,90600,0.0,0.0
2024-04-11 00:00:00+09:00,3276.0,3323.0,3271.0,3309.0,138200,0.0,0.0
2024-04-12 00:00:00+09:00,3323.0,3335.0,3292.0,3313.0,127900,0.0,0.0
2024-04-15 00:00:00+09:00,3304.0,3330.0,3281.0,3327.0,107800,0.0,0.0
2024-04-16 00:00:00+09:00,3292.0,3320.0,3265.0,3284.0,169400,0.0,0.0
2024-04-17 00:00:00+09:00,3304.0,3315.0,3278.0,3289.0,144300,0.0,0.0
2024-04-18 00:00:00+09:00,3300.0,3317.0,3281.0,3296.0,102900,0.0,0.0
2024-04-19 00:00:00+09:00,3282.0,3305.0,3240.0,3277.0,180600,0.0,0.0
2024-04-22 00:00:00+09:00,3318.0,3354.0,3310.0,3344.0,176700,0.0,0.0
2024-04-23 00:00:00+09:00,3345.0,3345.0,3308.0,3341.0,149800,0.0,0.0
2024-04-24 00:00:00+09:00,3347.0,3391.0,3343.0,3387.0,174900,0.0,0.0
2024-04-25 00:00:00+09:00,3405.0,3411.0,3333.0,3338.0,208600,0.0,0.0
2024-04-26 00:00:00+09:00,3373.0,3435.0,3352.0,3423.0,247400,0.0,0.0
2024-04-30 00:00:00+09:00,3422.0,3422.0,3360.0,3407.0,208400,0.0,0.0
2024-05-01 00:00:00+09:00,3378.0,3447.0,3378.0,3430.0,225400,0.0,0.0
2024-05-02 00:00:00+09:00,3442.0,3442.0,3374.0,3395.0,144800,0.0,0.0
2024-05-07 00:00:00+09:00,3350.0,3355.0,3310.0,3330.0,199300,0.0,0.0
2024-05-08 00:00:00+09:00,3365.0,3372.0,3292.0,3317.0,157100,0.0,0.0
2024-05-09 00:00:00+09:00,3343.0,3343.0,3296.0,3319.0,135800,0.0,0.0
2024-05-10 00:00:00+09:00,3353.0,3387.0,3323.0,3348.0,139400,0.0,0.0
2024-05-13 00:00:00+09:00,3206.0,3292.0,3199.0,3255.0,384200,0.0,0.0
2024-05-14 00:00:00+09:00,3260.0,3293.0,3199.0,3227.0,282900,0.0,0.0
2024-05-15 00:00:00+09:00,3217.0,3222.0,3159.0,3159.0,152900,0.0,0.0
2024-05-16 00:00:00+09:00,3141.0,3159.0,3056.0,3069.0,295600,0.0,0.0
2024-05-17 00:00:00+09:00,3040.0,3079.0,3029.0,3070.0,256100,0.0,0.0
2024-05-20 00:00:00+09:00,3080.0,3164.0,3070.0,3164.0,280000,0.0,0.0
2024-05-21 00:00:00+09:00,3175.0,3199.0,3154.0,3161.0,239400,0.0,0.0
2024-05-22 00:00:00+09:00,3149.0,3185.0,3132.0,3163.0,275600,0.0,0.0
2024-05-23 00:00:00+09:00,3193.0,3217.0,3148.0,3213.0,236900,0.0,0.0
2024-05-24 00:00:00+09:00,3216.0,3240.0,3186.0,3190.0,240500,0.0,0.0
2024-05-27 00:00:00+09:00,3190.0,3191.0,3097.0,3145.0,246500,0.0,0.0
2024-05-28 00:00:00+09:00,3150.0,3156.0,3122.0,3124.0,166000,0.0,0.0
2024-05-29 00:00:00+09:00,3125.0,3145.0,3086.0,3098.0,152800,0.0,0.0
2024-05-30 00:00:00+09:00,3100.0,3171.0,3083.0,3155.0,204900,0.0,0.0
2024-05-31 00:00:00+09:00,3157.0,3191.0,3133.0,3191.0,425300,0.0,0.0
2024-06-03 00:00:00+09:00,3198.0,3291.0,3187.0,3275.0,331400,0.0,0.0
2024-06-04 00:00:00+09:00,3244.0,3338.0,3243.0,3317.0,270400,0.0,0.0
2024-06-05 00:00:00+09:00,3282.0,3335.0,3279.0,3316.0,229400,0.0,0.0
2024-06-06 00:00:00+09:00,3300.0,3320.0,3268.0,3279.0,243100,0.0,0.0
2024-06-07 00:00:00+09:00,3267.0,3280.0,3245.0,3257.0,165900,0.0,0.0
2024-06-10 00:00:00+09:00,3272.0,3335.0,3267.0,3315.0,195400,0.0,0.0
2024-06-11 00:00:00+09:00,3309.0,3337.0,3250.0,3257.0,198700,0.0,0.0
2024-06-12 00:00:00+09:00,3309.0,3322.0,3269.0,3288.0,221500,0.0,0.0
2024-06-13 00:00:00+09:00,3292.0,3309.0,3273.0,3289.0,236300,0.0,0.0
2024-06-14 00:00:00+09:00,3262.0,3317.0,3255.0,3283.0,296000,0.0,0.0
2024-06-17 00:00:00+09:00,3283.0,3298.0,3261.0,3283.0,205400,0.0,0.0
2024-06-18 00:00:00+09:00,3305.0,3317.0,3285.0,3288.0,133700,0.0,0.0
2024-06-19 00:00:00+09:00,3275.0,3317.0,3274.0,3278.0,109700,0.0,0.0
2024-06-20 00:00:00+09:00,3280.0,3298.0,3233.0,3264.0,123100,0.0,0.0
2024-06-21 00:00:00+09:00,3288.0,3317.0,3208.0,3212.0,494900,0.0,0.0
2024-06-24 00:00:00+09:00,3270.0,3332.0,3262.0,3303.0,275100,0.0,0.0
2024-06-25 00:00:00+09:00,3275.0,3306.0,3272.0,3272.0,183600,0.0,0.0
2024-06-26 00:00:00+09:00,3289.0,3307.0,3265.0,3275.0,168700,0.0,0.0
2024-06-27 00:00:00+09:00,3275.0,3309.0,3275.0,3298.0,154500,0.0,0.0
2024-06-28 00:00:00+09:00,3295.0,3335.0,3295.0,3313.0,184200,0.0,0.0
2024-07-01 00:00:00+09:00,3335.0,3356.0,3312.0,3323.0,140300,0.0,0.0
2024-07-02 00:00:00+09:00,3312.0,3342.0,3311.0,3318.0,143600,0.0,0.0
2024-07-03 00:00:00+09:00,3309.0,3359.0,3302.0,3342.0,195200,0.0,0.0
2024-07-04 00:00:00+09:00,3360.0,3375.0,3339.0,3368.0,176800,0.0,0.0
2024-07-05 00:00:00+09:00,3376.0,3386.0,3353.0,3378.0,291400,0.0,0.0
2024-07-08 00:00:00+09:00,3400.0,3439.0,3378.0,3419.0,468700,0.0,0.0
2024-07-09 00:00:00+09:00,3408.0,3440.0,3394.0,3423.0,220200,0.0,0.0
2024-07-10 00:00:00+09:00,3437.0,3439.0,3400.0,3437.0,272400,0.0,0.0
2024-07-11 00:00:00+09:00,3431.0,3443.0,3375.0,3399.0,366900,0.0,0.0
2024-07-12 00:00:00+09:00,3380.0,3445.0,3359.0,3413.0,232200,0.0,0.0
2024-07-16 00:00:00+09:00,3401.0,3407.0,3361.0,3375.0,139600,0.0,0.0
2024-07-17 00:00:00+09:00,3399.0,3414.0,3364.0,3393.0,151700,0.0,0.0
2024-07-18 00:00:00+09:00,3399.0,3480.0,3399.0,3462.0,257200,0.0,0.0
2024-07-19 00:00:00+09:00,3446.0,3486.0,3416.0,3480.0,171300,0.0,0.0
2024-07-22 00:00:00+09:00,3459.0,3471.0,3393.0,3417.0,260500,0.0,0.0
2024-07-23 00:00:00+09:00,3418.0,3468.0,3418.0,3446.0,151900,0.0,0.0
2024-07-24 00:00:00+09:00,3432.0,3453.0,3351.0,3366.0,155700,0.0,0.0
2024-07-25 00:00:00+09:00,3386.0,3402.0,3331.0,3371.0,177600,0.0,0.0
2024-07-26 00:00:00+09:00,3362.0,3381.0,3321.0,3341.0,147900,0.0,0.0
2024-07-29 00:00:00+09:00,3366.0,3411.0,3364.0,3380.0,123700,0.0,0.0
2024-07-30 00:00:00+09:00,3375.0,3375.0,3322.0,3339.0,181700,0.0,0.0
2024-07-31 00:00:00+09:00,3352.0,3460.0,3325.0,3440.0,295500,0.0,0.0
2024-08-01 00:00:00+09:00,3380.0,3403.0,3329.0,3340.0,178200,0.0,0.0
2024-08-02 00:00:00+09:00,3265.0,3265.0,3192.0,3192.0,252200,0.0,0.0
2024-08-05 00:00:00+09:00,3060.0,3092.0,2911.0,2928.0,374800,0.0,0.0
2024-08-06 00:00:00+09:00,3098.0,3180.0,3066.0,3096.0,323600,0.0,0.0
2024-08-07 00:00:00+09:00,3026.0,3145.0,3010.0,3089.0,266500,0.0,0.0
2024-08-08 00:00:00+09:00,3027.0,3126.0,3011.0,3091.0,207100,0.0,0.0
2024-08-09 00:00:00+09:00,3151.0,3177.0,3090.0,3138.0,284200,0.0,0.0
2024-08-13 00:00:00+09:00,3315.0,3320.0,3222.0,3279.0,546200,0.0,0.0
2024-08-14 00:00:00+09:00,3245.0,3265.0,3212.0,3232.0,153400,0.0,0.0
2024-08-15 00:00:00+09:00,3232.0,3256.0,3221.0,3232.0,101000,0.0,0.0
2024-08-16 00:00:00+09:00,3275.0,3281.0,3231.0,3245.0,185200,0.0,0.0
2024-08-19 00:00:00+09:00,3215.0,3241.0,3208.0,3214.0,129100,0.0,0.0
2024-08-20 00:00:00+09:00,3214.0,3270.0,3214.0,3266.0,122000,0.0,0.0
2024-08-21 00:00:00+09:00,3266.0,3275.0,3243.0,3260.0,59800,0.0,0.0
2024-08-22 00:00:00+09:00,3270.0,3281.0,3252.0,3281.0,89300,0.0,0.0
2024-08-23 00:00:00+09:00,3295.0,3314.0,3272.0,3285.0,65300,0.0,0.0
2024-08-26 00:00:00+09:00,3283.0,3312.0,3196.0,3306.0,112400,0.0,0.0
2024-08-27 00:00:00+09:00,3331.0,3353.0,3317.0,3329.0,78200,0.0,0.0
2024-08-28 00:00:00+09:00,3311.0,3332.0,3290.0,3318.0,57100,0.0,0.0
2024-08-29 00:00:00+09:00,3335.0,3342.0,3296.0,3316.0,107600,0.0,0.0
2024-08-30 00:00:00+09:00,3303.0,3308.0,3276.0,3284.0,219500,0.0,0.0
2024-09-02 00:00:00+09:00,3310.0,3317.0,3269.0,3293.0,158100,0.0,0.0
2024-09-03 00:00:00+09:00,3310.0,3326.0,3291.0,3325.0,103500,0.0,0.0
2024-09-04 00:00:00+09:00,3278.0,3322.0,3277.0,3299.0,151500,0.0,0.0
2024-09-05 00:00:00+09:00,3300.0,3340.0,3297.0,3320.0,241600,0.0,0.0
2024-09-06 00:00:00+09:00,3344.0,3357.0,3313.0,3342.0,130100,0.0,0.0
2024-09-09 00:00:00+09:00,3280.0,3335.0,3264.0,3334.0,186900,0.0,0.0
2024-09-10 00:00:00+09:00,3352.0,3359.0,3320.0,3355.0,222300,0.0,0.0
2024-09-11 00:00:00+09:00,3325.0,3344.0,3254.0,3289.0,378600,0.0,0.0
2024-09-12 00:00:00+09:00,3345.0,3359.0,3284.0,3310.0,173300,0.0,0.0
2024-09-13 00:00:00+09:00,3284.0,3301.0,3255.0,3263.0,215700,0.0,0.0
2024-09-17 00:00:00+09:00,3263.0,3274.0,3219.0,3271.0,221400,0.0,0.0
2024-09-18 00:00:00+09:00,3276.0,3314.0,3238.0,3279.0,310600,0.0,0.0
2024-09-19 00:00:00+09:00,3296.0,3310.0,3256.0,3262.0,258500,0.0,0.0
2024-09-20 00:00:00+09:00,3272.0,3312.0,3261.0,3272.0,565800,0.0,0.0
2024-09-24 00:00:00+09:00,3273.0,3282.0,3248.0,3271.0,178400,0.0,0.0
2024-09-25 00:00:00+09:00,3256.0,3307.0,3255.0,3290.0,240500,0.0,0.0
2024-09-26 00:00:00+09:00,3292.0,3346.0,3280.0,3340.0,369100,0.0,0.0
2024-09-27 00:00:00+09:00,3238.0,3328.0,3238.0,3301.0,254900,0.0,0.0
2024-09-30 00:00:00+09:00,3191.0,3274.0,3177.0,3259.0,247200,0.0,0.0
2024-10-01 00:00:00+09:00,3275.0,3279.0,3247.0,3272.0,219700,0.0,0.0
2024-10-02 00:00:00+09:00,3272.0,3285.0,3237.0,3249.0,166800,0.0,0.0
2024-10-03 00:00:00+09:00,3277.0,3289.0,3257.0,3264.0,135500,0.0,0.0
2024-10-04 00:00:00+09:00,3260.0,3272.0,3250.0,3269.0,172100,0.0,0.0
2024-10-07 00:00:00+09:00,3275.0,3295.0,3258.0,3262.0,256100,0.0,0.0
2024-10-08 00:00:00+09:00,3246.0,3257.0,3221.0,3240.0,160000,0.0,0.0
2024-10-09 00:00:00+09:00,3239.0,3249.0,3222.0,3230.0,162400,0.0,0.0
2024-10-10 00:00:00+09:00,3234.0,3261.0,3221.0,3259.0,203500,0.0,0.0
2024-10-11 00:00:00+09:00,3220.0,3244.0,3209.0,3218.0,263300,0.0,0.0
2024-10-15 00:00:00+09:00,3247.0,3306.0,3245.0,3291.0,308500,0.0,0.0
2024-10-16 00:00:00+09:00,3254.0,3276.0,3219.0,3229.0,191600,0.0,0.0
2024-10-17 00:00:00+09:00,3241.0,3262.0,3234.0,3250.0,159300,0.0,0.0
2024-10-18 00:00:00+09:00,3253.0,3257.0,3217.0,3217.0,124700,0.0,0.0
2024-10-21 00:00:00+09:00,3220.0,3235.0,3202.0,3206.0,112000,0.0,0.0
2024-10-22 00:00:00+09:00,3201.0,3201.0,3153.0,3167.0,204000,0.0,0.0
2024-10-23 00:00:00+09:00,3177.0,3208.0,3160.0,3175.0,94600,0.0,0.0
2024-10-24 00:00:00+09:00,3194.0,3211.0,3171.0,3197.0,334000,0.0,0.0
2024-10-25 00:00:00+09:00,3197.0,3211.0,3152.0,3169.0,168900,0.0,0.0
2024-10-28 00:00:00+09:00,3190.0,3214.0,3163.0,3192.0,85800,0.0,0.0
2024-10-29 00:00:00+09:00,3185.0,3198.0,3161.0,3182.0,218900,0.0,0.0
2024-10-30 00:00:00+09:00,3207.0,3208.0,3158.0,3159.0,471500,0.0,0.0
2024-10-31 00:00:00+09:00,3188.0,3206.0,3162.0,3194.0,218700,0.0,0.0
2024-11-01 00:00:00+09:00,3163.0,3190.0,3157.0,3172.0,164600,0.0,0.0
2024-11-05 00:00:00+09:00,3166.0,3171.0,3102.0,3163.0,203400,0.0,0.0
2024-11-06 00:00:00+09:00,3150.0,3167.0,3122.0,3130.0,142400,0.0,0.0
2024-11-07 00:00:00+09:00,3130.0,3165.0,3125.0,3156.0,226000,0.0,0.0
2024-11-08 00:00:00+09:00,3170.0,3200.0,3134.0,3141.0,173700,0.0,0.0
2024-11-11 00:00:00+09:00,3110.0,3127.0,3094.0,3107.0,204800,0.0,0.0
2024-11-12 00:00:00+09:00,3120.0,3166.0,3118.0,3140.0,260200,0.0,0.0
2024-11-13 00:00:00+09:00,3200.0,3243.0,3131.0,3224.0,450400,0.0,0.0
2024-11-14 00:00:00+09:00,3271.0,3435.0,3271.0,3399.0,752200,0.0,0.0
2024-11-15 00:00:00+09:00,3391.0,3468.0,3374.0,3411.0,412600,0.0,0.0
2024-11-18 00:00:00+09:00,3368.0,3448.0,3353.0,3440.0,301000,0.0,0.0
2024-11-19 00:00:00+09:00,3448.0,3497.0,3427.0,3465.0,281300,0.0,0.0
2024-11-20 00:00:00+09:00,3450.0,3501.0,3435.0,3485.0,233900,0.0,0.0
2024-11-21 00:00:00+09:00,3499.0,3548.0,3460.0,3472.0,307600,0.0,0.0
2024-11-22 00:00:00+09:00,3472.0,3496.0,3449.0,3465.0,280600,0.0,0.0
2024-11-25 00:00:00+09:00,3485.0,3485.0,3433.0,3433.0,253700,0.0,0.0
2024-11-26 00:00:00+09:00,3433.0,3463.0,3427.0,3442.0,154800,0.0,0.0
2024-11-27 00:00:00+09:00,3441.0,3441.0,3340.0,3375.0,237700,0.0,0.0
2024-11-28 00:00:00+09:00,3375.0,3402.0,3351.0,3384.0,145200,0.0,0.0
2024-11-29 00:00:00+09:00,3364.0,3412.0,3364.0,3377.0,217400,0.0,0.0
2024-12-02 00:00:00+09:00,3361.0,3379.0,3338.0,3372.0,218000,0.0,0.0
2024-12-03 00:00:00+09:00,3372.0,3425.0,3353.0,3393.0,286400,0.0,0.0
2024-12-04 00:00:00+09:00,3400.0,3465.0,3395.0,3440.0,215600,0.0,0.0
2024-12-05 00:00:00+09:00,3441.0,3463.0,3414.0,3432.0,196000,0.0,0.0
2024-12-06 00:00:00+09:00,3432.0,3449.0,3420.0,3420.0,140200,0.0,0.0
2024-12-09 00:00:00+09:00,3427.0,3469.0,3427.0,3444.0,206900,0.0,0.0
2024-12-10 00:00:00+09:00,3473.0,3489.0,3454.0,3466.0,297600,0.0,0.0
2024-12-11 00:00:00+09:00,3461.0,3470.0,3428.0,3450.0,259900,0.0,0.0
2024-12-12 00:00:00+09:00,3460.0,3485.0,3447.0,3453.0,266600,0.0,0.0
2024-12-13 00:00:00+09:00,3408.0,3445.0,3408.0,3424.0,204700,0.0,0.0
2024-12-16 00:00:00+09:00,3434.0,3447.0,3411.0,3423.0,193400,0.0,0.0
2024-12-17 00:00:00+09:00,3433.0,3435.0,3396.0,3399.0,281500,0.0,0.0
2024-12-18 00:00:00+09:00,3399.0,3422.0,3386.0,3386.0,148700,0.0,0.0
2024-12-19 00:00:00+09:00,3384.0,3456.0,3372.0,3430.0,251900,0.0,0.0
2024-12-20 00:00:00+09:00,3432.0,3451.0,3411.0,3413.0,249700,0.0,0.0
2024-12-23 00:00:00+09:00,3413.0,3457.0,3411.0,3436.0,178900,0.0,0.0
2024-12-24 00:00:00+09:00,3440.0,3440.0,3385.0,3419.0,102400,0.0,0.0
2024-12-25 00:00:00+09:00,3403.0,3403.0,3357.0,3396.0,146400,0.0,0.0
2024-12-26 00:00:00+09:00,3398.0,3411.0,3380.0,3411.0,121000,0.0,0.0
2024-12-27 00:00:00+09:00,3410.0,3459.0,3407.0,3450.0,166900,0.0,0.0
2024-12-30 00:00:00+09:00,3458.0,3463.0,3414.0,3424.0,145100,0.0,0.0
