Date,Open,High,Low,Close,Volume,Dividends,Stock Splits
2018-10-26 00:00:00-04:00,15.922523498535156,15.930484942503245,15.86679490924871,15.922523498535156,438200,0.0,0.0
2018-10-29 00:00:00-04:00,15.922523498535156,15.962329199885426,15.922523498535156,15.922523498535156,29900,0.0,0.0
2018-10-30 00:00:00-04:00,15.90660061059898,15.922523498535156,15.882717797184888,15.922523498535156,3000,0.0,0.0
2018-10-31 00:00:00-04:00,15.930482243215382,15.986210823059082,15.922520800596294,15.986210823059082,8500,0.0,0.0
2018-11-01 00:00:00-04:00,15.986215248171623,16.002138137817383,15.978253803348744,16.002138137817383,8400,0.0,0.0
2018-11-02 00:00:00-04:00,16.169319276547302,16.24097074087018,15.922520631929567,15.994172096252441,52900,0.0,0.0
2018-11-05 00:00:00-05:00,15.99417944446077,16.31262969970703,15.99417944446077,16.31262969970703,22000,0.0,0.0
2018-11-06 00:00:00-05:00,16.32058883694972,16.63903904714335,16.32058883694972,16.471853256225586,24900,0.0,0.0
2018-11-07 00:00:00-05:00,16.479811752958028,16.543501783602238,16.36039161682129,16.36039161682129,5900,0.0,0.0
2018-11-08 00:00:00-05:00,16.392234802246094,16.440001938061936,16.36038903270895,16.392234802246094,5300,0.0,0.0
2018-11-09 00:00:00-05:00,16.519619526582606,16.957488352421205,16.519619526582606,16.917682647705078,7800,0.0,0.0
2018-11-12 00:00:00-05:00,16.623116243500004,16.838070705932985,16.519620494082485,16.67884635925293,16500,0.0,0.0
2018-11-13 00:00:00-05:00,16.70272724552045,16.758455836341664,16.6947658013331,16.75049591064453,11900,0.0,0.0
2018-11-14 00:00:00-05:00,16.75845412463522,16.75845412463522,16.471849755615526,16.59922981262207,9600,0.0,0.0
2018-11-15 00:00:00-05:00,16.591277035398722,16.591277035398722,16.15340805053711,16.15340805053711,5400,0.0,0.0
2018-11-16 00:00:00-05:00,16.00213641972587,16.00213641972587,15.922523498535156,15.922523498535156,18200,0.0,0.0
2018-11-19 00:00:00-05:00,15.946412305285394,15.962333679199219,15.946412305285394,15.962333679199219,1300,0.0,0.0
2018-11-20 00:00:00-05:00,15.95437373198896,16.400204089333727,15.95437373198896,16.31262969970703,13500,0.0,0.0
2018-11-21 00:00:00-05:00,16.280778884887695,16.280778884887695,16.280778884887695,16.280778884887695,400,0.0,0.0
2018-11-23 00:00:00-05:00,16.280778884887695,16.280778884887695,16.280778884887695,16.280778884887695,100,0.0,0.0
2018-11-26 00:00:00-05:00,15.922523498535156,16.010097863693954,15.90660061059898,15.922523498535156,75600,0.0,0.0
2018-11-27 00:00:00-05:00,15.92252796667876,15.962333679199219,15.92252796667876,15.962333679199219,3800,0.0,0.0
2018-11-28 00:00:00-05:00,15.970291096667395,16.121555499369606,15.970291096667395,16.11359405517578,12800,0.0,0.0
2018-11-29 00:00:00-05:00,16.11359196663166,16.193204879760742,16.041940496664484,16.193204879760742,3300,0.0,0.0
2018-11-30 00:00:00-05:00,16.201169503644657,16.201169503644657,16.00213794099175,16.081750869750977,15400,0.0,0.0
2018-12-03 00:00:00-05:00,16.08174943704791,16.24097376189095,16.08174943704791,16.201168060302734,7800,0.0,0.0
2018-12-04 00:00:00-05:00,16.240972031552285,16.272817804222104,16.121553421020508,16.121553421020508,1300,0.0,0.0
2018-12-06 00:00:00-05:00,15.962326208974003,16.12155202152078,15.962326208974003,16.097667694091797,2400,0.0,0.0
2018-12-07 00:00:00-05:00,16.057871212569033,16.12156127042863,16.041948318481445,16.041948318481445,4200,0.0,0.0
2018-12-10 00:00:00-05:00,16.169320201515053,16.360390277809604,16.161358758524866,16.280778884887695,4500,0.0,0.0
2018-12-11 00:00:00-05:00,16.31436531031756,16.31436531031756,16.27437973022461,16.27437973022461,4900,0.092,0.0
2018-12-12 00:00:00-05:00,16.55428344470406,16.55428344470406,16.306367965836305,16.31436538696289,17100,0.0,0.0
2018-12-13 00:00:00-05:00,16.346354994673607,16.434323575948522,16.234392624779552,16.27437973022461,23500,0.0,0.0
2018-12-14 00:00:00-05:00,16.250390688748478,16.274382956772204,16.1544246673584,16.1544246673584,11400,0.0,0.0
2018-12-17 00:00:00-05:00,16.186414295844955,16.186414295844955,15.994480710362904,16.114439010620117,10400,0.0,0.0
2018-12-18 00:00:00-05:00,16.194413424650026,16.194413424650026,15.922507101911636,16.026472091674805,20800,0.0,0.0
2018-12-19 00:00:00-05:00,15.978485286838987,15.99448013305664,15.890516683346869,15.99448013305664,44000,0.0,0.0
2018-12-20 00:00:00-05:00,15.994479332441164,16.19441032409668,15.906509207999965,16.19441032409668,5900,0.0,0.0
2018-12-21 00:00:00-05:00,16.194415464866523,16.194415464866523,16.074457136864016,16.1064453125,2100,0.0,0.0
2018-12-24 00:00:00-05:00,16.08244938863963,16.1544246673584,16.034464852592183,16.1544246673584,3300,0.0,0.0
2018-12-26 00:00:00-05:00,16.14642724468382,16.1544246673584,16.138429822009247,16.1544246673584,6400,0.0,0.0
2018-12-27 00:00:00-05:00,16.114439010620117,16.122436434017605,16.114439010620117,16.114439010620117,6300,0.0,0.0
2018-12-28 00:00:00-05:00,16.122437352669003,16.122437352669003,15.83453619536514,15.922506332397461,4900,0.0,0.0
2018-12-31 00:00:00-05:00,15.882515654011046,16.026466186580063,15.882515654011046,16.01047134399414,7600,0.0,0.0
2019-01-02 00:00:00-05:00,16.034465723248285,16.05845799257477,15.99448013305664,15.99448013305664,9000,0.0,0.0
2019-01-03 00:00:00-05:00,15.99447616866011,16.354352492595808,15.99447616866011,16.31436538696289,14200,0.0,0.0
2019-01-04 00:00:00-05:00,16.234397888183594,16.330365447013563,16.234397888183594,16.234397888183594,3200,0.0,0.0
2019-01-07 00:00:00-05:00,16.234395049498545,16.474313141945995,16.234395049498545,16.354354858398438,4700,0.0,0.0
2019-01-08 00:00:00-05:00,16.36235380744918,16.60227194464929,16.338363061476,16.594274520874023,11700,0.0,0.0
2019-01-09 00:00:00-05:00,16.594279759742417,16.74622780873772,16.506309595794647,16.514307022094727,49300,0.0,0.0
2019-01-10 00:00:00-05:00,16.570287480842183,16.570287480842183,16.490316268547588,16.514307022094727,4500,0.0,0.0
2019-01-11 00:00:00-05:00,16.5143002235536,16.5143002235536,16.2423939427006,16.282381057739258,11800,0.0,0.0
2019-01-14 00:00:00-05:00,16.29037877799579,16.29037877799579,15.066800491830783,16.002477645874023,27400,0.0,0.0
2019-01-15 00:00:00-05:00,15.994480222720364,16.70623410451862,15.922504939689922,16.002477645874023,28200,0.0,0.0
2019-01-16 00:00:00-05:00,16.116560141806,16.293313033088598,16.116560141806,16.164766311645508,5200,0.092,0.0
2019-01-17 00:00:00-05:00,16.172804181493696,16.180838545637695,16.04425741998621,16.14870262145996,10700,0.0,0.0
2019-01-18 00:00:00-05:00,16.14870262145996,16.14870262145996,16.108530800739953,16.14870262145996,10700,0.0,0.0
2019-01-22 00:00:00-05:00,16.180833558857557,16.188867920525443,16.068355560302734,16.068355560302734,3300,0.0,0.0
2019-01-23 00:00:00-05:00,16.14869916969985,16.14869916969985,16.028186798095703,16.028186798095703,11200,0.0,0.0
2019-01-24 00:00:00-05:00,16.06835611023052,16.212971560406253,16.06835611023052,16.1567325592041,21900,0.0,0.0
2019-01-25 00:00:00-05:00,16.17280028293554,16.188869007350075,16.068356639036878,16.124595642089844,4300,0.0,0.0
2019-01-28 00:00:00-05:00,16.148703846083713,16.148703846083713,16.07639609570257,16.13263511657715,4700,0.0,0.0
2019-01-29 00:00:00-05:00,16.148698728711643,16.188869007350075,16.076391001244144,16.124595642089844,11300,0.0,0.0
2019-01-30 00:00:00-05:00,16.07639701117912,16.132636035256255,16.044259550335916,16.100500106811523,20600,0.0,0.0
2019-01-31 00:00:00-05:00,16.10852828413837,16.14870009858242,16.03622055053711,16.03622055053711,20600,0.0,0.0
2019-02-01 00:00:00-05:00,16.06836264596832,16.10853293962385,16.06836264596832,16.100500106811523,4700,0.0,0.0
2019-02-04 00:00:00-05:00,16.116565323507142,16.269215178949047,16.07639503479004,16.07639503479004,18400,0.0,0.0
2019-02-05 00:00:00-05:00,16.068357544344426,16.10852782524609,16.0362200937047,16.09246063232422,14400,0.0,0.0
2019-02-06 00:00:00-05:00,16.092463763236196,16.108530959284064,16.07639503479004,16.07639503479004,4900,0.0,0.0
2019-02-07 00:00:00-05:00,16.108530800739953,16.14870262145996,16.07639487656222,16.14870262145996,16900,0.0,0.0
2019-02-08 00:00:00-05:00,16.14869758836567,16.27724430980876,16.140663226725753,16.164766311645508,21000,0.0,0.0
2019-02-11 00:00:00-05:00,16.2692128714623,16.373656526752338,16.188870773024846,16.1969051361084,12000,0.0,0.0
2019-02-12 00:00:00-05:00,16.221006564908844,16.30938148498535,16.221006564908844,16.30938148498535,4000,0.0,0.0
2019-02-13 00:00:00-05:00,16.448200225830078,16.448200225830078,16.448200225830078,16.448200225830078,1500,0.092,0.0
2019-02-14 00:00:00-05:00,16.343278873002802,16.528905868530273,16.335207933278866,16.528905868530273,20700,0.0,0.0
2019-02-15 00:00:00-05:00,16.528905880550155,16.545047760009766,16.472410841815872,16.545047760009766,19700,0.0,0.0
2019-02-19 00:00:00-05:00,16.545051249808687,16.62575912475586,16.545051249808687,16.62575912475586,25600,0.0,0.0
2019-02-20 00:00:00-05:00,16.62575436300342,16.666107519232195,16.569259328533445,16.633825302124023,11400,0.0,0.0
2019-02-21 00:00:00-05:00,16.31099982325132,16.601547579699567,16.31099982325132,16.5369815826416,7200,0.0,0.0
2019-02-22 00:00:00-05:00,16.48855619915807,16.633830066188043,16.359424214992462,16.62575912475586,5300,0.0,0.0
2019-02-25 00:00:00-05:00,16.58540026236032,16.58540026236032,16.42398609228066,16.456268310546875,17500,0.0,0.0
2019-02-26 00:00:00-05:00,16.472410841815872,16.58540091928444,16.472410841815872,16.545047760009766,6400,0.0,0.0
2019-02-27 00:00:00-05:00,16.53697682027996,16.545047760009766,16.440128622271004,16.545047760009766,9800,0.0,0.0
2019-02-28 00:00:00-05:00,16.545047760009766,16.666108777208137,16.4320576825412,16.545047760009766,30200,0.0,0.0
2019-03-01 00:00:00-05:00,16.520835921628162,16.658038826431596,16.36749267578125,16.36749267578125,1100,0.0,0.0
2019-03-04 00:00:00-05:00,16.464340209960938,16.545048069393832,16.423987049931682,16.464340209960938,8600,0.0,0.0
2019-03-05 00:00:00-05:00,16.375562643806916,16.545047760009766,16.36749170407711,16.545047760009766,25800,0.0,0.0
2019-03-06 00:00:00-05:00,16.472410841815872,16.545047760009766,16.4320576825412,16.545047760009766,24400,0.0,0.0
2019-03-07 00:00:00-05:00,16.48855972290039,16.52891289931045,16.472417836586366,16.48855972290039,13900,0.0,0.0
2019-03-08 00:00:00-05:00,16.5046920486049,16.5046920486049,16.472408294677734,16.472408294677734,7500,0.0,0.0
2019-03-11 00:00:00-04:00,16.46434464352954,16.5369815826416,16.37556735968408,16.5369815826416,52300,0.0,0.0
2019-03-12 00:00:00-04:00,16.48048428868295,16.585403442382812,16.46434240676771,16.585403442382812,30000,0.0,0.0
2019-03-13 00:00:00-04:00,16.59513631427794,16.619458029036345,16.554601669311523,16.554601669311523,26000,0.092,0.0
2019-03-14 00:00:00-04:00,16.587027393543597,16.619456343265416,16.57892170241057,16.61134910583496,8700,0.0,0.0
2019-03-15 00:00:00-04:00,16.595132695224965,16.61134716819453,16.52216911315918,16.52216911315918,19400,0.0,0.0
2019-03-18 00:00:00-04:00,16.53027389838921,16.53838113367178,16.505953738838524,16.514060974121094,7800,0.0,0.0
2019-03-19 00:00:00-04:00,16.52216590530753,16.578916549682617,16.514060216693757,16.578916549682617,19700,0.0,0.0
2019-03-20 00:00:00-04:00,16.578917553394714,16.578917553394714,16.505953981077806,16.570810317993164,25400,0.0,0.0
2019-03-21 00:00:00-04:00,16.56270722754966,16.61134910583496,16.53027827782784,16.61134910583496,26800,0.0,0.0
2019-03-22 00:00:00-04:00,16.61945446496881,16.781596102658142,16.61945446496881,16.700525283813477,55900,0.0,0.0
2019-03-25 00:00:00-04:00,16.72484588623047,16.765382069865854,16.659989538711148,16.72484588623047,65000,0.0,0.0
2019-03-26 00:00:00-04:00,16.724849594605907,16.76538578722932,16.643780301954358,16.741064071655273,37300,0.0,0.0
2019-03-27 00:00:00-04:00,16.700522957759798,16.870770261953968,16.676201251604756,16.8059139251709,55400,0.0,0.0
2019-03-28 00:00:00-04:00,16.716736987681205,16.83023518748418,16.716736987681205,16.781593322753906,36700,0.0,0.0
2019-03-29 00:00:00-04:00,16.814023202459882,16.87887954711914,16.74105962143106,16.87887954711914,37200,0.0,0.0
2019-04-01 00:00:00-04:00,16.86266258187203,16.976162327972006,16.781593322753906,16.781593322753906,23100,0.0,0.0
2019-04-02 00:00:00-04:00,16.814023502417655,16.814023502417655,16.684310810785092,16.700525283813477,21700,0.0,0.0
2019-04-03 00:00:00-04:00,16.732953818467408,16.822131879874668,16.70052641650854,16.765382766723633,32500,0.0,0.0
2019-04-04 00:00:00-04:00,16.822127952312968,16.86266258187203,16.66809357665393,16.781593322753906,68500,0.0,0.0
2019-04-05 00:00:00-04:00,16.886984632295803,16.95184096869317,16.79780658988804,16.822128295898438,85400,0.0,0.0
2019-04-08 00:00:00-04:00,16.976163019768176,16.976163019768176,16.854557579838442,16.86266326904297,17100,0.0,0.0
2019-04-09 00:00:00-04:00,16.984270255269767,16.984270255269767,16.830235873333667,16.86266326904297,38300,0.0,0.0
2019-04-10 00:00:00-04:00,16.951842156421247,17.024805733267595,16.870771343670068,16.976163864135742,16500,0.0,0.0
2019-04-11 00:00:00-04:00,17.02480306308206,17.057232001615205,16.984268436212528,17.041017532348633,26700,0.0,0.0
2019-04-12 00:00:00-04:00,17.00859440885688,17.065343524394848,16.984274242939136,17.024808883666992,39000,0.0,0.0
2019-04-15 00:00:00-04:00,17.000481359182203,17.06533768995159,17.000481359182203,17.041017532348633,8600,0.0,0.0
2019-04-16 00:00:00-04:00,16.99237823486328,17.008592708052,16.878880015136804,16.99237823486328,18700,0.0,0.0
2019-04-17 00:00:00-04:00,17.010294468817683,17.09986569086171,16.871866922528984,17.002151489257812,29800,0.092,0.0
2019-04-18 00:00:00-04:00,17.09986052512611,17.09986052512611,16.912576711169727,16.93700408935547,18700,0.0,0.0
2019-04-22 00:00:00-04:00,16.88000591450621,17.091718673706055,16.88000591450621,17.091718673706055,32800,0.0,0.0
2019-04-23 00:00:00-04:00,17.05914644600018,17.11614573009062,16.782291449177475,16.806718826293945,57700,0.0,0.0
2019-04-24 00:00:00-04:00,16.839295325640883,16.920723562168714,16.7415811311846,16.855581283569336,46900,0.0,0.0
2019-04-25 00:00:00-04:00,16.855576104340095,16.880003480612515,16.76600491637066,16.87186050415039,37900,0.0,0.0
2019-04-26 00:00:00-04:00,16.871866484648162,16.93700876632192,16.855582079065602,16.92886734008789,31100,0.0,0.0
2019-04-29 00:00:00-04:00,16.928865849294453,16.97772216796875,16.863722020242903,16.97772216796875,31100,0.0,0.0
2019-04-30 00:00:00-04:00,17.00214856821439,17.059149415340485,16.977721186846058,17.018434524536133,16200,0.0,0.0
2019-05-01 00:00:00-04:00,17.02657640573027,17.0998616513423,17.02657640573027,17.091718673706055,6700,0.0,0.0
2019-05-02 00:00:00-04:00,17.034719467163086,17.12429066848822,17.034719467163086,17.034719467163086,28800,0.0,0.0
2019-05-03 00:00:00-04:00,17.099861954626267,17.173147201538086,17.099861954626267,17.173147201538086,18000,0.0,0.0
2019-05-06 00:00:00-04:00,17.26271406422043,17.498854148038166,17.099857655777026,17.466283798217773,42300,0.0,0.0
2019-05-07 00:00:00-04:00,17.417432859934266,18.427138955121745,17.360433560279926,17.58843231201172,74100,0.0,0.0
2019-05-08 00:00:00-04:00,17.588432845032816,17.75128776996422,17.116150922437132,17.352291107177734,49200,0.0,0.0
2019-05-09 00:00:00-04:00,17.37671783904487,17.531431318237917,17.30343258853839,17.498859405517578,22000,0.0,0.0
2019-05-10 00:00:00-04:00,17.49071413110198,17.49071413110198,17.425571867327665,17.474428176879883,7700,0.0,0.0
2019-05-13 00:00:00-04:00,17.433717727661133,17.498860002208808,17.42557474920338,17.433717727661133,4100,0.0,0.0
2019-05-14 00:00:00-04:00,17.50700470491147,17.572146985874934,17.433719444688265,17.547718048095703,12500,0.0,0.0
2019-05-15 00:00:00-04:00,17.990947598557614,17.990947598557614,17.573884535236456,17.77014923095703,11500,0.092,0.0
2019-05-16 00:00:00-04:00,17.982771910046285,17.982771910046285,17.63113036890437,17.753795623779297,28400,0.0,0.0
2019-05-17 00:00:00-04:00,17.761972865599887,17.925527572631836,17.663841289199343,17.925527572631836,12300,0.0,0.0
2019-05-20 00:00:00-04:00,17.82739107942483,17.8355689692138,17.60659429421468,17.631126403808594,35800,0.0,0.0
2019-05-21 00:00:00-04:00,17.54117351753994,17.770148202745162,17.508461956926013,17.737438201904297,26100,0.0,0.0
2019-05-22 00:00:00-04:00,17.704730775775744,17.72108655990218,17.622953414916992,17.622953414916992,6800,0.0,0.0
2019-05-23 00:00:00-04:00,17.655665248509912,17.704731041853183,17.385801045461747,17.402156829833984,77500,0.0,0.0
2019-05-24 00:00:00-04:00,17.492108431415968,17.582063674926758,17.4266868615281,17.582063674926758,11100,0.0,0.0
2019-05-28 00:00:00-04:00,17.50028550632678,17.582062854815444,17.45939761196904,17.573884963989258,7800,0.0,0.0
2019-05-29 00:00:00-04:00,17.753796568381624,17.753796568381624,17.508466045578793,17.622953414916992,17900,0.0,0.0
2019-05-30 00:00:00-04:00,17.6638338794345,17.6638338794345,17.46756924919077,17.647478103637695,9700,0.0,0.0
2019-05-31 00:00:00-04:00,17.786509033304114,17.786509033304114,17.59024429321289,17.59024429321289,4600,0.0,0.0
2019-06-03 00:00:00-04:00,17.721083013423016,17.745616684702803,17.63112777850358,17.66383934020996,11900,0.0,0.0
2019-06-04 00:00:00-04:00,17.76197090578288,17.76197090578288,17.590239886143717,17.66383934020996,10400,0.0,0.0
2019-06-05 00:00:00-04:00,17.721081721759884,17.990945847075093,17.5738828243565,17.892812728881836,21800,0.0,0.0
2019-06-06 00:00:00-04:00,17.827392599238586,17.93370361578535,17.78650470658098,17.8846378326416,28900,0.0,0.0
2019-06-07 00:00:00-04:00,17.811037095434305,17.835569205353018,17.71290397644043,17.71290397644043,8900,0.0,0.0
2019-06-10 00:00:00-04:00,17.990946356772994,17.990946356772994,17.557527542114258,17.557527542114258,11700,0.0,0.0
2019-06-11 00:00:00-04:00,17.77832691519559,17.990947389701198,17.67201745782935,17.745616912841797,31700,0.0,0.0
2019-06-12 00:00:00-04:00,18.05933475593473,18.05933475593473,17.65692138671875,17.65692138671875,32600,0.092,0.0
2019-06-13 00:00:00-04:00,17.73904365837913,17.780105632149446,17.56657992243325,17.615856170654297,31700,0.0,0.0
2019-06-14 00:00:00-04:00,17.65692138671875,17.65692138671875,17.65692138671875,17.65692138671875,200,0.0,0.0
2019-06-17 00:00:00-04:00,17.648710250854492,17.681561091963378,17.615860976159926,17.648710250854492,27900,0.0,0.0
2019-06-18 00:00:00-04:00,17.624070126692114,17.706195653761387,17.533733456688644,17.59122085571289,20900,0.0,0.0
2019-06-19 00:00:00-04:00,17.656918144424612,17.681556268535136,17.574792630470093,17.615856170654297,22300,0.0,0.0
2019-06-20 00:00:00-04:00,17.615859564885668,17.615859564885668,17.418757666851583,17.550159454345703,20400,0.0,0.0
2019-06-21 00:00:00-04:00,17.574793771650647,17.591219188790877,17.533731795214063,17.54194450378418,10300,0.0,0.0
2019-06-24 00:00:00-04:00,17.5501599429627,17.574796506092227,17.37769616898483,17.459821701049805,40700,0.0,0.0
2019-06-25 00:00:00-04:00,17.492670974027252,17.500883683875173,17.410547008376515,17.459821701049805,19600,0.0,0.0
2019-06-26 00:00:00-04:00,17.47624430746535,17.566580968421846,17.47624430746535,17.48445701599121,31100,0.0,0.0
2019-06-27 00:00:00-04:00,17.525517746817123,17.533730454759375,17.43517952586621,17.509092330932617,17800,0.0,0.0
2019-06-28 00:00:00-04:00,17.55015463209777,17.55015463209777,17.509091095284433,17.525516510009766,18000,0.0,0.0
2019-07-01 00:00:00-04:00,17.574792764427684,17.574792764427684,17.435179859565014,17.517305374145508,21400,0.0,0.0
2019-07-02 00:00:00-04:00,17.541946166036983,17.59122085571289,17.385907821246782,17.59122085571289,53000,0.0,0.0
2019-07-03 00:00:00-04:00,17.607646274409575,17.624070126692114,17.541946166036983,17.59122085571289,4700,0.0,0.0
2019-07-05 00:00:00-04:00,17.591223258522668,17.61586138993305,17.451610313359218,17.500885009765625,21200,0.0,0.0
2019-07-08 00:00:00-04:00,17.558368019397438,17.574793436224176,17.43518052602481,17.53373146057129,33800,0.0,0.0
2019-07-09 00:00:00-04:00,17.566583299825798,17.632283410338292,17.533734027776646,17.55837059020996,15400,0.0,0.0
2019-07-10 00:00:00-04:00,17.568273046780433,17.683746337890625,17.568273046780433,17.683746337890625,9100,0.092,0.0
2019-07-11 00:00:00-04:00,17.67549064264793,17.73322647714322,17.609506607055664,17.609506607055664,19300,0.0,0.0
2019-07-12 00:00:00-04:00,17.667249928705715,17.70848937848382,17.642505314928353,17.683746337890625,4700,0.0,0.0
2019-07-15 00:00:00-04:00,17.68374402225456,17.766224484194353,17.675495818742185,17.741479873657227,23600,0.0,0.0
2019-07-16 00:00:00-04:00,17.724977361865918,17.799209594726562,17.724977361865918,17.799209594726562,15200,0.0,0.0
2019-07-17 00:00:00-04:00,17.815710844426246,17.972423553466797,17.815710844426246,17.972423553466797,9100,0.0,0.0
2019-07-18 00:00:00-04:00,17.873447166158087,17.93118301492057,17.856950759887695,17.856950759887695,16100,0.0,0.0
2019-07-19 00:00:00-04:00,17.856945683821007,17.881690286192622,17.815706253051758,17.815706253051758,8100,0.0,0.0
2019-07-22 00:00:00-04:00,17.856945683821007,17.972418921705106,17.815706253051758,17.815706253051758,13300,0.0,0.0
2019-07-23 00:00:00-04:00,17.815703521665426,17.898183943742016,17.815703521665426,17.823951721191406,15700,0.0,0.0
2019-07-24 00:00:00-04:00,17.873443033644705,17.947675271514367,17.815707198231312,17.8981876373291,13400,0.0,0.0
2019-07-25 00:00:00-04:00,17.856950285823515,18.08789524792623,17.856950285823515,17.972423553466797,23200,0.0,0.0
2019-07-26 00:00:00-04:00,18.030160746767002,18.120887839251143,17.964176691694917,18.104393005371094,8100,0.0,0.0
2019-07-29 00:00:00-04:00,18.112633265590624,18.145626068115234,18.071393835618274,18.145626068115234,15300,0.0,0.0
2019-07-30 00:00:00-04:00,18.145630030077086,18.145630030077086,17.947677891258294,18.07139778137207,30600,0.0,0.0
2019-07-31 00:00:00-04:00,18.137377992806545,18.277594258138162,18.06314575979667,18.23635482788086,32800,0.0,0.0
2019-08-01 00:00:00-04:00,18.236358496077052,18.310590744018555,18.178622652830047,18.310590744018555,13100,0.0,0.0
2019-08-02 00:00:00-04:00,18.30234214297692,18.37657438930136,18.244606300987616,18.36832618713379,20000,0.0,0.0
2019-08-05 00:00:00-04:00,18.35183018257106,18.37657478961281,18.26110152993506,18.310590744018555,14500,0.0,0.0
2019-08-06 00:00:00-04:00,18.310590744018555,18.310590744018555,18.211613889035306,18.310590744018555,10600,0.0,0.0
2019-08-07 00:00:00-04:00,18.310588188662674,18.35182762145996,18.29409178627035,18.35182762145996,19500,0.0,0.0
2019-08-08 00:00:00-04:00,18.368323454333016,18.376571655273438,18.310587620933532,18.376571655273438,8200,0.0,0.0
2019-08-09 00:00:00-04:00,18.393068313598633,18.393068313598633,18.360077079738655,18.393068313598633,800,0.0,0.0
2019-08-12 00:00:00-04:00,18.434307667636688,18.442555868657184,18.351827230615203,18.409563064575195,25900,0.0,0.0
2019-08-13 00:00:00-04:00,19.143638894568667,19.209624513914935,18.483798432943527,18.615766525268555,41900,0.0,0.0
2019-08-14 00:00:00-04:00,18.948696014492857,19.048077985975475,18.633989334106445,18.633989334106445,36700,0.092,0.0
2019-08-15 00:00:00-04:00,18.84102524624987,18.882433461096067,18.360682687772123,18.385528564453125,35400,0.0,0.0
2019-08-16 00:00:00-04:00,18.385535592502904,18.716806176770316,18.377253630443377,18.559452056884766,12900,0.0,0.0
2019-08-19 00:00:00-04:00,18.484913070374763,18.59257698059082,18.468349148861137,18.59257698059082,31300,0.0,0.0
2019-08-20 00:00:00-04:00,18.633987126725444,18.675395355157992,18.426942825317383,18.426942825317383,21000,0.0,0.0
2019-08-21 00:00:00-04:00,18.567731407903366,18.60085767186044,18.402095349250448,18.46834945678711,25800,0.0,0.0
2019-08-22 00:00:00-04:00,18.509759261261603,18.55116748611357,18.426941231935142,18.46834945678711,7300,0.0,0.0
2019-08-23 00:00:00-04:00,18.576017938708922,18.758216384351996,18.509763814872993,18.60914421081543,45600,0.0,0.0
2019-08-26 00:00:00-04:00,18.534603953232573,18.633985906434145,18.518041610717773,18.518041610717773,4800,0.0,0.0
2019-08-27 00:00:00-04:00,18.691957350427565,18.691957350427565,18.460068767726824,18.59257698059082,30500,0.0,0.0
2019-08-28 00:00:00-04:00,18.435224444495066,18.86587696253392,18.435224444495066,18.75821304321289,23500,0.0,0.0
2019-08-29 00:00:00-04:00,18.716802660229373,18.832746948033492,18.716802660229373,18.76649284362793,17300,0.0,0.0
2019-08-30 00:00:00-04:00,18.799620308191972,18.882436752319336,18.72508424477941,18.882436752319336,11400,0.0,0.0
2019-09-03 00:00:00-04:00,18.749925037876853,19.023223359378694,18.68367094719829,18.716798782348633,16100,0.0,0.0
2019-09-04 00:00:00-04:00,18.824463975234657,18.90728199619364,18.774773794508214,18.799619674682617,16800,0.0,0.0
2019-09-05 00:00:00-04:00,18.890719608532702,18.915565490722656,18.78305727828788,18.915565490722656,14500,0.0,0.0
2019-09-06 00:00:00-04:00,18.791342290238383,18.832750520989425,18.774778366088867,18.774778366088867,26500,0.0,0.0
2019-09-09 00:00:00-04:00,18.799620097932568,18.816182438799352,18.52632172835061,18.567729949951172,17100,0.0,0.0
2019-09-10 00:00:00-04:00,18.55116748611357,18.567731407903366,18.46834945678711,18.46834945678711,20700,0.0,0.0
2019-09-11 00:00:00-04:00,18.52822607129691,18.669599489099358,18.470012181241287,18.544857025146484,30500,0.092,0.0
2019-09-12 00:00:00-04:00,18.528228036461723,18.528228036461723,18.386854603664744,18.428434371948242,19800,0.0,0.0
2019-09-13 00:00:00-04:00,18.370214696246276,18.37853096380182,18.170629033410773,18.303686141967773,22500,0.0,0.0
2019-09-16 00:00:00-04:00,18.29537420681491,18.353586507322724,18.095788496716875,18.1124210357666,26700,0.0,0.0
2019-09-17 00:00:00-04:00,18.087470094280267,18.170631193556144,18.087470094280267,18.12073516845703,15800,0.0,0.0
2019-09-18 00:00:00-04:00,18.08747342389308,18.11242223411833,17.871255160439915,17.954416275024414,49000,0.0,0.0
2019-09-19 00:00:00-04:00,18.062518851619,18.129047404830335,17.954410547462764,18.012622833251953,41500,0.0,0.0
2019-09-20 00:00:00-04:00,18.004314422607422,18.253797795644616,18.004314422607422,18.004314422607422,14800,0.0,0.0
2019-09-23 00:00:00-04:00,17.98768139005623,18.26211198259801,17.98768139005623,18.079158782958984,9200,0.0,0.0
2019-09-24 00:00:00-04:00,18.129053159019495,18.370220232311027,18.129053159019495,18.253795623779297,27100,0.0,0.0
2019-09-25 00:00:00-04:00,18.303687809290174,18.370216369628906,18.303687809290174,18.370216369628906,6100,0.0,0.0
2019-09-26 00:00:00-04:00,18.395166335392005,18.636331787026364,18.370217528878342,18.628015518188477,28000,0.0,0.0
2019-09-27 00:00:00-04:00,18.544855401939067,18.66128158569336,18.544855401939067,18.66128158569336,2100,0.0,0.0
2019-09-30 00:00:00-04:00,18.694550594435928,18.694550594435928,18.44506878706385,18.486648559570312,7800,0.0,0.0
2019-10-01 00:00:00-04:00,18.411798458044387,18.503275834913772,18.411798458044387,18.47001075744629,9300,0.0,0.0
2019-10-02 00:00:00-04:00,18.445063737819016,18.819286346435547,18.42843119890285,18.819286346435547,32200,0.0,0.0
2019-10-03 00:00:00-04:00,18.503274657952353,18.73612542691492,18.503274657952353,18.628015518188477,15800,0.0,0.0
2019-10-04 00:00:00-04:00,18.74444315326344,18.74444315326344,18.644649505615234,18.644649505615234,9600,0.0,0.0
2019-10-07 00:00:00-04:00,18.694543394798945,18.694543394798945,18.6446473697738,18.652963638305664,8500,0.0,0.0
2019-10-08 00:00:00-04:00,18.669596677800705,18.669596677800705,18.45337844865156,18.461694717407227,55300,0.0,0.0
2019-10-09 00:00:00-04:00,18.51990719562813,18.669596862377915,18.503274657952353,18.628015518188477,8900,0.0,0.0
2019-10-10 00:00:00-04:00,18.628016986642887,18.6695983341102,18.586437225341797,18.586437225341797,7800,0.0,0.0
2019-10-11 00:00:00-04:00,18.53654234130486,18.611385599043736,18.503277261273073,18.544857025146484,6600,0.0,0.0
2019-10-14 00:00:00-04:00,18.669596862377915,18.669596862377915,18.470009582600802,18.628015518188477,2300,0.0,0.0
2019-10-15 00:00:00-04:00,18.561493151497576,18.69455032500055,18.553176879882812,18.553176879882812,16400,0.0,0.0
2019-10-16 00:00:00-04:00,18.496387656052953,18.579893112182617,18.496387656052953,18.579893112182617,1800,0.092,0.0
2019-10-17 00:00:00-04:00,18.579896750683265,18.955670580487478,18.579896750683265,18.6717529296875,36600,0.0,0.0
2019-10-18 00:00:00-04:00,18.83875852178076,18.83875852178076,18.621644973754883,18.621644973754883,7400,0.0,0.0
2019-10-21 00:00:00-04:00,18.771961431196033,18.771961431196033,18.454642492803924,18.51309585571289,18500,0.0,0.0
2019-10-22 00:00:00-04:00,18.54649045134574,18.655048023063497,18.488037109375,18.488037109375,5900,0.0,0.0
2019-10-23 00:00:00-04:00,18.496390371256652,18.838761358186414,18.462989139542067,18.82206153869629,20500,0.0,0.0
2019-10-24 00:00:00-04:00,18.688455944439788,18.780312139145124,18.51309585571289,18.51309585571289,10300,0.0,0.0
2019-10-25 00:00:00-04:00,18.513089294986568,18.60494545713963,18.446285247802734,18.446285247802734,11000,0.0,0.0
2019-10-28 00:00:00-04:00,18.404535964581967,18.454638608997666,18.04546356201172,18.04546356201172,38800,0.0,0.0
2019-10-29 00:00:00-04:00,18.0538193694022,18.28763283789687,18.0538193694022,18.187427520751953,46900,0.0,0.0
2019-10-30 00:00:00-04:00,18.245872672871876,18.329378128051758,18.162367217691994,18.329378128051758,22400,0.0,0.0
2019-10-31 00:00:00-04:00,18.30433293518962,18.51309585571289,18.179075501422595,18.51309585571289,19800,0.0,0.0
2019-11-01 00:00:00-04:00,18.37948092245306,18.504738309935263,18.179068783934717,18.23752212524414,53800,0.0,0.0
2019-11-04 00:00:00-05:00,18.220824860863758,18.329382456050837,18.220824860863758,18.229175567626953,7900,0.0,0.0
2019-11-05 00:00:00-05:00,18.262572595775673,18.312675227711324,18.220819075217666,18.27092170715332,7200,0.0,0.0
2019-11-06 00:00:00-05:00,18.38782997198178,18.38782997198178,18.12061381134636,18.27092170715332,49000,0.0,0.0
2019-11-07 00:00:00-05:00,18.270927094939587,18.279277801513672,18.20412303508135,18.279277801513672,7000,0.0,0.0
2019-11-08 00:00:00-05:00,18.270917232951618,18.312670743284976,18.162361291552003,18.28761863708496,16300,0.0,0.0
2019-11-11 00:00:00-05:00,18.304320041218304,18.346071958818104,18.204113209151803,18.28761863708496,17700,0.0,0.0
2019-11-12 00:00:00-05:00,18.287628014085637,18.287628014085637,18.18742272337233,18.20412254333496,14300,0.0,0.0
2019-11-13 00:00:00-05:00,18.23934136172998,18.256113553754922,18.05485204790843,18.0632381439209,25700,0.092,0.0
2019-11-14 00:00:00-05:00,18.155485160024554,18.239344535255974,18.071625784793135,18.088397979736328,38300,0.0,0.0
2019-11-15 00:00:00-05:00,18.1470942098531,18.214181372201605,18.071620952275524,18.138708114624023,28500,0.0,0.0
2019-11-18 00:00:00-05:00,18.222570419064677,18.222570419064677,18.14709714926218,18.15548324584961,23700,0.0,0.0
2019-11-19 00:00:00-05:00,18.163867075885808,18.20579595410655,18.14709488480384,18.180639266967773,13100,0.0,0.0
2019-11-20 00:00:00-05:00,18.222569184210908,18.26449966430664,18.1722542075803,18.26449966430664,33700,0.0,0.0
2019-11-21 00:00:00-05:00,18.239343643188477,18.272888031434242,18.239343643188477,18.239343643188477,16100,0.0,0.0
2019-11-22 00:00:00-05:00,18.27288423057824,18.37351417541504,18.172252686257302,18.37351417541504,22100,0.0,0.0
2019-11-25 00:00:00-05:00,18.43221751833483,18.43221751833483,18.272886486095484,18.348358154296875,24400,0.0,0.0
2019-11-26 00:00:00-05:00,18.281275822264895,18.381907405645848,18.21418863317251,18.29804801940918,31800,0.0,0.0
2019-11-27 00:00:00-05:00,18.298040917045373,18.398672461366306,18.298040917045373,18.37351417541504,36400,0.0,0.0
2019-11-29 00:00:00-05:00,18.398679602790136,18.398679602790136,18.247733027461077,18.29804801940918,7300,0.0,0.0
2019-12-02 00:00:00-05:00,18.306426497392366,18.365127563476562,18.298040402311184,18.365127563476562,22100,0.0,0.0
2019-12-03 00:00:00-05:00,18.415442534479574,18.44898691480431,18.28965430723,18.365127563476562,4500,0.0,0.0
2019-12-04 00:00:00-05:00,18.490922425784536,18.53285291623628,18.323205262431536,18.415449142456055,15800,0.0,0.0
2019-12-05 00:00:00-05:00,18.474147124059925,18.490917716484798,18.423830548332546,18.43221664428711,13000,0.0,0.0
2019-12-06 00:00:00-05:00,18.407058556683396,18.49091631088602,18.37351417541504,18.37351417541504,15700,0.0,0.0
2019-12-09 00:00:00-05:00,19.103089941624326,19.103089941624326,18.50768992421538,18.63347816467285,49500,0.0,0.0
2019-12-10 00:00:00-05:00,18.641863018333424,18.658635209139184,18.54961916787005,18.608320236206055,14800,0.0,0.0
2019-12-11 00:00:00-05:00,18.677374018648045,18.694216039615426,18.517378031744975,18.660531997680664,36100,0.092,0.0
2019-12-12 00:00:00-05:00,18.593164246890005,18.887893169065133,18.534218783683663,18.618427276611328,31300,0.0,0.0
2019-12-13 00:00:00-05:00,18.534218969556626,18.812105874704365,18.441589465792905,18.761581420898438,11000,0.0,0.0
2019-12-16 00:00:00-05:00,18.66895646911713,18.66895646911713,18.525802476642774,18.542644500732422,4100,0.0,0.0
2019-12-17 00:00:00-05:00,18.567901217168682,18.652109710096347,18.559481813404986,18.618427276611328,10600,0.0,0.0
2019-12-18 00:00:00-05:00,18.68579700631437,18.694218017689103,18.626851532834916,18.65211296081543,8900,0.0,0.0
2019-12-19 00:00:00-05:00,18.652106916609313,18.694211959838867,18.567898436293373,18.694211959838867,27500,0.0,0.0
2019-12-20 00:00:00-05:00,18.66053090714316,18.896314368476528,18.63526787716848,18.761581420898438,31200,0.0,0.0
2019-12-23 00:00:00-05:00,18.770002242652446,18.812105686044575,18.618427276611328,18.618427276611328,10200,0.0,0.0
2019-12-24 00:00:00-05:00,18.66895394779517,18.77842387730585,18.610008477586064,18.744741439819336,14700,0.0,0.0
2019-12-26 00:00:00-05:00,18.76158663738235,18.820532117569076,18.76158663738235,18.786848068237305,8300,0.0,0.0
2019-12-27 00:00:00-05:00,18.82053036731565,18.93000030517578,18.803688344216024,18.93000030517578,21700,0.0,0.0
2019-12-30 00:00:00-05:00,18.929996989266296,18.929996989266296,18.77842202020802,18.904735565185547,24500,0.0,0.0
2019-12-31 00:00:00-05:00,18.930000263764097,19.32577977502091,18.862633777656683,19.098417282104492,37000,0.0,0.0
2020-01-02 00:00:00-05:00,19.13210149636167,19.24157305027823,19.073156016319153,19.11526107788086,18700,0.0,0.0
2020-01-03 00:00:00-05:00,19.19945957035157,19.283668050408313,19.039465225001244,19.174198150634766,22800,0.0,0.0
2020-01-06 00:00:00-05:00,19.165778357981424,19.35945675009958,19.165778357981424,19.22472381591797,15700,0.0,0.0
2020-01-07 00:00:00-05:00,19.199466705322266,19.241571764069445,19.191047299716594,19.199466705322266,27300,0.0,0.0
2020-01-08 00:00:00-05:00,19.233150752320007,19.233150752320007,19.140521229219978,19.199466705322266,16600,0.0,0.0
2020-01-09 00:00:00-05:00,19.24156901883549,19.292093475979915,19.24156901883549,19.266830444335938,12500,0.0,0.0
2020-01-10 00:00:00-05:00,19.308937341307633,19.36788281463004,19.24157085663293,19.275253295898438,15800,0.0,0.0
2020-01-13 00:00:00-05:00,19.275250494115177,19.452088494521526,19.275250494115177,19.351037979125977,14400,0.0,0.0
2020-01-14 00:00:00-05:00,19.367880065382952,19.367880065382952,19.28367156995694,19.34261703491211,42300,0.0,0.0
2020-01-15 00:00:00-05:00,19.283671372987833,19.620503745107904,19.283671372987833,19.36787986755371,16200,0.0,0.0
2020-01-16 00:00:00-05:00,19.530210137502646,19.530210137502646,19.36111676679423,19.445663452148438,41700,0.092,0.0
2020-01-17 00:00:00-05:00,19.39493614400897,19.411844191055287,19.318844288221882,19.327299118041992,39000,0.0,0.0
2020-01-21 00:00:00-05:00,19.361113975806866,19.44566064897331,19.276567302640427,19.42875099182129,50400,0.0,0.0
2020-01-22 00:00:00-05:00,19.606295791226604,19.606295791226604,19.15819962940617,19.318838119506836,23600,0.0,0.0
2020-01-23 00:00:00-05:00,19.335758803566037,19.3526668548584,19.23430243284033,19.3526668548584,32400,0.0,0.0
2020-01-24 00:00:00-05:00,19.445657301125937,19.445657301125937,19.25965594225748,19.318838119506836,21300,0.0,0.0
2020-01-27 00:00:00-05:00,19.31884577688632,19.640121271837714,19.293481285471465,19.36111831665039,37700,0.0,0.0
2020-01-28 00:00:00-05:00,19.318849344905406,19.53021530795121,19.3019396808391,19.471033096313477,22200,0.0,0.0
2020-01-29 00:00:00-05:00,19.57248270538776,19.614756854429857,19.394936117192643,19.48793601989746,29700,0.0,0.0
2020-01-30 00:00:00-05:00,19.46257311173806,19.487935988528594,19.318844230414076,19.445663452148438,10900,0.0,0.0
2020-01-31 00:00:00-05:00,19.530206002604746,19.530206002604746,19.208928988797695,19.28502082824707,80100,0.0,0.0
2020-02-03 00:00:00-05:00,19.35266199490842,19.35266199490842,19.268116921895125,19.327299118041992,31600,0.0,0.0
2020-02-04 00:00:00-05:00,19.335753947862102,19.35266199490842,19.310389458401772,19.327299118041992,7400,0.0,0.0
2020-02-05 00:00:00-05:00,19.327294335222255,19.411839387313652,19.318839507494417,19.386476516723633,29900,0.0,0.0
2020-02-06 00:00:00-05:00,19.394934300751995,19.420297175207985,19.361114984685678,19.411842346191406,9800,0.0,0.0
2020-02-07 00:00:00-05:00,19.428752780360995,19.496389802601833,19.428752780360995,19.46257209777832,16100,0.0,0.0
2020-02-10 00:00:00-05:00,19.513301726630186,19.58093875672308,19.496392065958464,19.547121047973633,28900,0.0,0.0
2020-02-11 00:00:00-05:00,19.597849435951932,19.606304266727218,19.53021240234375,19.53021240234375,15000,0.0,0.0
2020-02-12 00:00:00-05:00,19.72466594127409,20.43485550212272,19.69930145246026,19.826122283935547,35500,0.0,0.0
2020-02-13 00:00:00-05:00,19.776891468782352,19.87025928868178,19.734452433707382,19.819332122802734,8800,0.092,0.0
2020-02-14 00:00:00-05:00,19.844794705903205,19.844794705903205,19.768404767290136,19.78537940979004,4900,0.0,0.0
2020-02-18 00:00:00-05:00,19.708989494667406,19.77689292716191,19.56469449824839,19.5816707611084,62100,0.0,0.0
2020-02-19 00:00:00-05:00,19.692012839012236,19.692012839012236,19.488300943394442,19.513765335083008,61200,0.0,0.0
2020-02-20 00:00:00-05:00,19.47981850197867,19.615625381469727,19.437377840296648,19.615625381469727,35600,0.0,0.0
2020-02-21 00:00:00-05:00,19.776889069444522,19.776889069444522,19.428883843424547,19.479812622070312,55800,0.0,0.0
2020-02-24 00:00:00-05:00,19.39493294327259,19.581666941471408,19.30156513470057,19.479812622070312,108000,0.0,0.0
2020-02-25 00:00:00-05:00,19.539230255397506,19.64957271780916,19.182736856839632,19.47132682800293,73900,0.0,0.0
2020-02-26 00:00:00-05:00,19.56469361279131,19.56469361279131,19.26761712091387,19.352495193481445,36500,0.0,0.0
2020-02-27 00:00:00-05:00,19.394938834064202,19.437377876880394,19.21669129255564,19.267620086669922,48700,0.0,0.0
2020-02-28 00:00:00-05:00,19.31854524857311,19.31854524857311,18.809268693124082,18.953563690185547,37800,0.0,0.0
2020-03-02 00:00:00-05:00,19.097856521606445,19.22517524129475,18.894146246316087,19.097856521606445,54400,0.0,0.0
2020-03-03 00:00:00-05:00,19.174248119476562,19.42039742889052,19.165759988952583,19.34400749206543,37800,0.0,0.0
2020-03-04 00:00:00-05:00,19.394937068371554,19.64108640839859,19.3524964104734,19.505279541015625,37000,0.0,0.0
2020-03-05 00:00:00-05:00,19.4967867405095,19.530739258697356,19.428883323078956,19.52225112915039,18200,0.0,0.0
2020-03-06 00:00:00-05:00,19.35249095101512,19.522250296826435,19.35249095101512,19.360979080200195,14400,0.0,0.0
2020-03-09 00:00:00-04:00,19.335522036192845,19.344010167890975,18.936587941108716,19.01297950744629,33800,0.0,0.0
2020-03-10 00:00:00-04:00,19.140294206740002,19.182734856276365,18.877168655395508,18.877168655395508,18900,0.0,0.0
2020-03-11 00:00:00-04:00,18.936587503140355,18.936587503140355,18.07930564880371,18.07930564880371,11700,0.0,0.0
2020-03-12 00:00:00-04:00,17.824664642747223,18.079302061494094,16.627865860535525,17.026798248291016,57100,0.0,0.0
2020-03-13 00:00:00-04:00,17.306900589486524,18.17267043020112,16.39020358724321,16.984359741210938,31900,0.0,0.0
2020-03-16 00:00:00-04:00,16.559712582686185,16.713201424436775,15.519401671210622,16.28684425354004,69500,0.092,0.0
2020-03-17 00:00:00-04:00,16.329478294252745,16.329478294252745,15.434128942184296,15.630252838134766,81000,0.0,0.0
2020-03-18 00:00:00-04:00,15.519400112077617,15.56203517431461,13.003892405934126,14.598468780517578,120600,0.0,0.0
2020-03-19 00:00:00-04:00,14.598468025265435,14.794591903686523,13.856605945189067,14.794591903686523,55100,0.0,0.0
2020-03-20 00:00:00-04:00,14.709317188724336,15.851954132339078,14.20621577505413,14.58141040802002,68200,0.0,0.0
2020-03-23 00:00:00-04:00,14.589941970946407,15.246530735851042,13.387614143185084,14.146530151367188,48600,0.0,0.0
2020-03-24 00:00:00-04:00,14.496141604197794,15.229476346983251,14.496141604197794,14.794591903686523,24400,0.0,0.0
2020-03-25 00:00:00-04:00,14.538776735733363,15.98839155385192,14.513196350158108,15.135677337646484,46300,0.0,0.0
2020-03-26 00:00:00-04:00,15.186841992518076,16.6279296875,15.186841992518076,16.6279296875,156800,0.0,0.0
2020-03-27 00:00:00-04:00,16.218627293546998,16.704674211806456,16.218627293546998,16.585294723510742,42700,0.0,0.0
2020-03-30 00:00:00-04:00,16.44885514514883,17.29304187692577,16.44885514514883,17.267459869384766,50600,0.0,0.0
2020-03-31 00:00:00-04:00,17.29304463132856,17.327152353726163,17.1566104888916,17.1566104888916,15700,0.0,0.0
2020-04-01 00:00:00-04:00,16.92637666891087,17.011648411543757,16.58529132480254,16.849632263183594,41300,0.0,0.0
2020-04-02 00:00:00-04:00,16.77288894267354,16.80699666607956,16.448858251411426,16.576765060424805,11900,0.0,0.0
2020-04-03 00:00:00-04:00,16.542656632407187,16.542656632407187,16.261260986328125,16.261260986328125,12800,0.0,0.0
2020-04-06 00:00:00-04:00,16.755830712442165,16.832575106850932,16.22714891365172,16.37211036682129,7300,0.0,0.0
2020-04-07 00:00:00-04:00,16.474436846009116,16.926375923566244,16.41474711672147,16.917848587036133,23000,0.0,0.0
2020-04-08 00:00:00-04:00,16.883745301022678,16.883745301022678,16.585296547461798,16.841110229492188,5200,0.0,0.0
2020-04-09 00:00:00-04:00,17.02017200909078,17.310094922196757,16.7728857752198,17.267459869384766,54700,0.0,0.0
2020-04-13 00:00:00-04:00,17.310095562673684,17.310095562673684,16.969010248288487,17.113971710205078,27300,0.0,0.0
2020-04-14 00:00:00-04:00,17.05428021429888,17.3271484375,17.05428021429888,17.3271484375,22100,0.0,0.0
2020-04-15 00:00:00-04:00,17.131850087836447,17.431657791137695,17.131850087836447,17.431657791137695,8200,0.092,0.0
2020-04-16 00:00:00-04:00,17.37169656908479,17.56014633178711,17.148982321989024,17.56014633178711,20200,0.0,0.0
2020-04-17 00:00:00-04:00,17.311737299334077,17.465924243330388,17.303172810286174,17.440227508544922,4300,0.0,0.0
2020-04-20 00:00:00-04:00,17.4145222714422,17.654368715707133,17.24320314927864,17.34599494934082,6600,0.0,0.0
2020-04-21 00:00:00-04:00,17.260337829589844,17.405958613879644,17.12328316600185,17.260337829589844,36600,0.0,0.0
2020-04-22 00:00:00-04:00,17.628676100474703,17.628676100474703,17.148984689486625,17.157550811767578,45700,0.0,0.0
2020-04-23 00:00:00-04:00,17.166113771752133,17.217508862149227,17.13184928894043,17.13184928894043,7900,0.0,0.0
2020-04-24 00:00:00-04:00,17.131844429146582,17.131844429146582,17.020488159237928,17.097579956054688,22300,0.0,0.0
2020-04-27 00:00:00-04:00,17.020490236762356,17.020490236762356,16.72068259589371,16.83203887939453,16300,0.0,0.0
2020-04-28 00:00:00-04:00,16.83204193292165,16.934833749571744,16.720685629219506,16.797779083251953,21100,0.0,0.0
2020-04-29 00:00:00-04:00,16.74638581653491,17.063325818992723,16.74638581653491,16.874876022338867,22000,0.0,0.0
2020-04-30 00:00:00-04:00,17.063322295018985,17.063322295018985,16.729251750092057,16.797779083251953,14400,0.0,0.0
2020-05-01 00:00:00-04:00,16.789209410612706,17.063318685264317,16.789209410612706,17.046186447143555,11000,0.0,0.0
2020-05-04 00:00:00-04:00,16.96053014252284,17.26033783184339,16.823475478916954,17.13184928894043,8700,0.0,0.0
2020-05-05 00:00:00-04:00,17.174678258634597,17.594410003975646,17.13184928894043,17.13184928894043,7400,0.0,0.0
2020-05-06 00:00:00-04:00,17.166108903703115,17.560140541373507,17.03761876341755,17.303163528442383,5900,0.0,0.0
2020-05-07 00:00:00-04:00,17.457349750357103,17.457349750357103,17.328861236572266,17.328861236572266,5900,0.0,0.0
2020-05-08 00:00:00-04:00,17.551580210688748,17.56014633178711,17.303169234118442,17.56014633178711,15400,0.0,0.0
2020-05-11 00:00:00-04:00,17.774294466130314,17.84282180112884,17.397393306728162,17.431657791137695,5700,0.0,0.0
2020-05-12 00:00:00-04:00,17.722903902577468,17.988447189331055,17.620112056900066,17.988447189331055,9400,0.0,0.0
2020-05-13 00:00:00-04:00,17.988439636256974,17.988439636256974,17.662935256958008,17.662935256958008,6500,0.0,0.0
2020-05-14 00:00:00-04:00,17.51838300807513,17.983015088903542,17.51838300807513,17.68186378479004,5600,0.092,0.0
2020-05-15 00:00:00-04:00,17.389319069963822,17.75070034987174,17.389319069963822,17.647449493408203,6600,0.0,0.0
2020-05-18 00:00:00-04:00,17.724888753021993,17.724888753021993,17.37211197877141,17.509780883789062,8200,0.0,0.0
2020-05-19 00:00:00-04:00,17.62163534977965,17.70767882128775,16.77841293951421,17.027938842773438,54900,0.0,0.0
2020-05-20 00:00:00-04:00,17.200018509456896,17.251643918990798,17.079558673497075,17.12257957458496,92300,0.0,0.0
2020-05-21 00:00:00-04:00,17.191423110907067,17.191423110907067,16.984919722201216,17.131193161010742,19000,0.0,0.0
2020-05-22 00:00:00-04:00,17.18280949256487,17.208623017902912,17.070954165051063,17.12257957458496,55000,0.0,0.0
2020-05-26 00:00:00-04:00,17.277465875811384,17.466760230573644,17.260256850521273,17.3118839263916,19100,0.0,0.0
2020-05-27 00:00:00-04:00,17.38932048758229,17.45815658569336,17.294674134965387,17.45815658569336,12000,0.0,0.0
2020-05-28 00:00:00-04:00,17.46675986505873,17.664660369467697,17.40652991894672,17.613033294677734,15400,0.0,0.0
2020-05-29 00:00:00-04:00,17.656053398906597,17.81953418955266,17.59582346117987,17.72488784790039,26800,0.0,0.0
2020-06-01 00:00:00-04:00,17.72488839265195,18.051851625135583,17.72488839265195,17.94860076904297,10400,0.0,0.0
2020-06-02 00:00:00-04:00,17.905575512975744,18.069057925151785,17.905575512975744,18.060453414916992,12900,0.0,0.0
2020-06-03 00:00:00-04:00,18.06906052583899,18.23254296154512,18.000226075195787,18.215333938598633,34200,0.0,0.0
2020-06-04 00:00:00-04:00,18.206729948117253,18.241147994995117,18.1465000072238,18.241147994995117,16100,0.0,0.0
2020-06-05 00:00:00-04:00,18.24975086557178,18.28416891244964,18.1465000072238,18.241147994995117,15800,0.0,0.0
2020-06-08 00:00:00-04:00,18.28416757750776,18.396022939408553,18.28416757750776,18.32718849182129,2800,0.0,0.0
2020-06-09 00:00:00-04:00,18.41323330595602,18.43044232939495,18.241147994995117,18.241147994995117,18600,0.0,0.0
2020-06-10 00:00:00-04:00,18.258355484067284,18.499276890192835,18.258355484067284,18.33579444885254,10100,0.0,0.0
2020-06-11 00:00:00-04:00,18.43044341040212,18.43044341040212,17.6388463383523,17.95720672607422,29500,0.0,0.0
2020-06-12 00:00:00-04:00,18.051850491944233,18.37021083405429,17.939995131341743,18.000225067138672,8700,0.0,0.0
2020-06-15 00:00:00-04:00,18.001952525224876,18.062448501586914,17.889603090322762,18.062448501586914,8000,0.092,0.0
2020-06-16 00:00:00-04:00,18.071094838747204,18.364933913230253,18.071094838747204,18.15751838684082,10000,0.0,0.0
2020-06-17 00:00:00-04:00,18.218010870983044,18.36493037995838,18.14887237548828,18.14887237548828,7100,0.0,0.0
2020-06-18 00:00:00-04:00,18.33036009136926,18.33900260925293,18.0365227252832,18.33900260925293,2600,0.0,0.0
2020-06-19 00:00:00-04:00,18.364928996158042,18.364928996158042,17.820463591211322,17.898242950439453,16700,0.0,0.0
2020-06-22 00:00:00-04:00,18.114304574481842,18.364932682315704,18.114304574481842,18.27850914001465,7600,0.0,0.0
2020-06-23 00:00:00-04:00,18.18344590921623,18.295795367637524,17.90689022619445,18.019241333007812,8600,0.0,0.0
2020-06-24 00:00:00-04:00,18.06244954151695,18.408142032339935,18.06244954151695,18.269865036010742,8800,0.0,0.0
2020-06-25 00:00:00-04:00,18.243938167186027,18.416783579285052,18.19208306000376,18.295791625976562,16000,0.0,0.0
2020-06-26 00:00:00-04:00,18.31307370500307,18.926677538732786,18.183439254760742,18.183439254760742,12900,0.0,0.0
2020-06-29 00:00:00-04:00,18.34764605249489,18.364931089133993,18.269865036010742,18.269865036010742,7100,0.0,0.0
2020-06-30 00:00:00-04:00,18.382219346297134,18.382219346297134,18.278510756684817,18.330364227294922,5800,0.0,0.0
2020-07-01 00:00:00-04:00,18.347644261975272,18.66741081502587,18.347644261975272,18.5982723236084,13500,0.0,0.0
2020-07-02 00:00:00-04:00,18.658772738397893,18.667415257930983,18.53778076171875,18.53778076171875,13700,0.0,0.0
2020-07-06 00:00:00-04:00,18.6674123689957,18.6674123689957,18.416784286499023,18.416784286499023,6100,0.0,0.0
2020-07-07 00:00:00-04:00,18.5032073709479,18.537777442891162,18.14887237548828,18.14887237548828,11700,0.0,0.0
2020-07-08 00:00:00-04:00,18.399506604501013,18.511856079101562,18.278512960632376,18.511856079101562,5000,0.0,0.0
2020-07-09 00:00:00-04:00,18.5118525080526,18.5118525080526,18.183445020086232,18.32172203063965,8000,0.0,0.0
2020-07-10 00:00:00-04:00,18.434072175713734,18.53778076171875,18.364933667841072,18.53778076171875,10200,0.0,0.0
2020-07-13 00:00:00-04:00,18.537780757612982,18.537780757612982,18.347648624711237,18.44271469116211,26300,0.0,0.0
2020-07-14 00:00:00-04:00,18.364931482955566,18.494565963745117,18.356288964450684,18.494565963745117,8300,0.0,0.0
2020-07-15 00:00:00-04:00,18.49456877543523,18.49456877543523,18.347649235300043,18.382219314575195,4500,0.0,0.0
2020-07-16 00:00:00-04:00,18.383955079566583,18.453393936157227,18.383955079566583,18.453393936157227,2700,0.092,0.0
2020-07-17 00:00:00-04:00,18.45339385812808,18.45339385812808,18.271115825627813,18.383955001831055,12100,0.0,0.0
2020-07-20 00:00:00-04:00,18.36659403453184,18.37527409811641,18.288475117823534,18.357913970947266,6700,0.0,0.0
2020-07-21 00:00:00-04:00,18.29715593961636,18.3752748595618,18.288475875672095,18.314516067504883,11000,0.0,0.0
2020-07-22 00:00:00-04:00,18.314514720800112,18.34055325516531,18.305834657494113,18.33187484741211,15300,0.0,0.0
2020-07-23 00:00:00-04:00,18.383953655047574,18.409992189530833,18.30583474049219,18.40131378173828,2000,0.0,0.0
2020-07-24 00:00:00-04:00,18.39263153076172,18.409989999834995,18.305832563184907,18.39263153076172,6600,0.0,0.0
2020-07-27 00:00:00-04:00,18.4447123592845,18.4533924225905,18.314514720800112,18.33187484741211,12900,0.0,0.0
2020-07-28 00:00:00-04:00,18.349233907362695,18.488111613610158,18.349233907362695,18.357913970947266,10200,0.0,0.0
2020-07-29 00:00:00-04:00,18.409989999834995,18.51414909203769,18.35791128150995,18.39263153076172,5100,0.0,0.0
2020-07-30 00:00:00-04:00,18.357909475781902,18.496787148023415,18.357909475781902,18.462068557739258,9400,0.0,0.0
2020-07-31 00:00:00-04:00,18.540186988531406,18.566225516700836,18.44470797043708,18.51414680480957,8100,0.0,0.0
2020-08-03 00:00:00-04:00,18.609627551043108,18.609627551043108,18.46206980735491,18.574907302856445,6100,0.0,0.0
2020-08-04 00:00:00-04:00,18.566230546791083,18.65302952716097,18.566230546791083,18.618310928344727,4500,0.0,0.0
2020-08-05 00:00:00-04:00,18.644347863750784,18.644347863750784,18.618309330761104,18.63566780090332,2300,0.0,0.0
2020-08-06 00:00:00-04:00,18.66170445223841,18.75718346991035,18.644344329833984,18.644344329833984,7300,0.0,0.0
2020-08-07 00:00:00-04:00,18.74850959937147,18.791908264160156,18.687750806446132,18.791908264160156,2900,0.0,0.0
2020-08-10 00:00:00-04:00,18.809266846832536,18.870025634765625,18.748508058899446,18.870025634765625,12700,0.0,0.0
2020-08-11 00:00:00-04:00,18.878700720123017,18.8960608422557,18.7745416428793,18.826622009277344,4200,0.0,0.0
2020-08-12 00:00:00-04:00,18.83530410237001,18.85266257082302,18.65302611141673,18.70510482788086,8900,0.0,0.0
2020-08-13 00:00:00-04:00,18.7068467577066,18.907340795683957,18.680696590364285,18.724281311035156,9700,0.092,0.0
2020-08-14 00:00:00-04:00,18.741719247369836,18.741719247369836,18.637113571166992,18.637113571166992,3500,0.0,0.0
2020-08-17 00:00:00-04:00,18.671975342798888,18.750429153442383,18.671975342798888,18.750429153442383,4800,0.0,0.0
2020-08-18 00:00:00-04:00,18.759151708175764,18.855038432778045,18.654546043658893,18.66326332092285,8500,0.0,0.0
2020-08-19 00:00:00-04:00,18.802738271267557,18.802738271267557,18.69813425916818,18.733001708984375,12700,0.0,0.0
2020-08-20 00:00:00-04:00,18.741716211514944,18.916058422728792,18.741716211514944,18.767868041992188,7500,0.0,0.0
2020-08-21 00:00:00-04:00,18.811454408958383,18.837606241723194,18.576092902027156,18.6545467376709,6800,0.0,0.0
2020-08-24 00:00:00-04:00,18.64582866631534,18.698132329618357,18.515072833359042,18.619678497314453,29200,0.0,0.0
2020-08-25 00:00:00-04:00,18.567376899806174,18.698134409961092,18.349449933082386,18.480207443237305,14400,0.0,0.0
2020-08-26 00:00:00-04:00,18.34944983883182,18.462772792030567,18.2274112701416,18.2274112701416,7100,0.0,0.0
2020-08-27 00:00:00-04:00,18.20997257941575,18.305860954559197,18.000762939453125,18.000762939453125,19300,0.0,0.0
2020-08-28 00:00:00-04:00,18.131521224975586,18.148955779675237,18.053067391477803,18.131521224975586,6900,0.0,0.0
2020-08-31 00:00:00-04:00,18.19254287349427,18.37560071700338,18.19254287349427,18.332015991210938,5500,0.0,0.0
2020-09-01 00:00:00-04:00,18.410469112218067,18.419184726917244,18.131521224975586,18.131521224975586,8900,0.0,0.0
2020-09-02 00:00:00-04:00,18.27099893322603,18.48892593383789,18.22741419816408,18.48892593383789,11400,0.0,0.0
2020-09-03 00:00:00-04:00,18.488924630546666,18.523793746259138,18.131524507748566,18.436622619628906,12100,0.0,0.0
2020-09-04 00:00:00-04:00,18.419181255862078,18.4453330829833,18.000761997824544,18.28842544555664,8900,0.0,0.0
2020-09-08 00:00:00-04:00,18.297145892092484,18.297145892092484,18.087936226818442,18.11408805847168,3500,0.0,0.0
2020-09-09 00:00:00-04:00,18.20997221073652,18.288426031965432,18.13151838950761,18.23612403869629,8900,0.0,0.0
2020-09-10 00:00:00-04:00,18.288430732658284,18.288430732658284,18.148957606324732,18.20125961303711,2700,0.0,0.0
2020-09-11 00:00:00-04:00,18.236125425491398,18.279710146088423,17.93102739336068,18.218690872192383,9600,0.0,0.0
2020-09-14 00:00:00-04:00,18.175109263938765,18.270995998202164,18.175109263938765,18.2274112701416,5800,0.0,0.0
2020-09-15 00:00:00-04:00,18.281700983797748,18.281700983797748,18.18539047241211,18.18539047241211,5000,0.092,0.0
2020-09-16 00:00:00-04:00,18.29045474715305,18.29045474715305,18.22916579129356,18.24667739868164,6700,0.0,0.0
2020-09-17 00:00:00-04:00,18.211651683470034,18.290452235898393,18.194141748484842,18.220407485961914,2200,0.0,0.0
2020-09-18 00:00:00-04:00,18.272940862587078,18.272940862587078,18.167872910953335,18.202896118164062,5000,0.0,0.0
2020-09-21 00:00:00-04:00,18.106586218315268,18.272943133241384,18.106586218315268,18.12409782409668,9300,0.0,0.0
2020-09-22 00:00:00-04:00,18.132851713362182,18.202898135546707,17.511204746462113,18.01902961730957,34000,0.0,0.0
2020-09-23 00:00:00-04:00,18.027783843270154,18.027783843270154,17.835161209106445,17.835161209106445,4500,0.0,0.0
2020-09-24 00:00:00-04:00,17.852672931448463,17.931473487408645,17.77387237548828,17.77387237548828,11300,0.0,0.0
2020-09-25 00:00:00-04:00,17.800135832496583,17.8876921719035,17.502445280512028,17.730091094970703,23100,0.0,0.0
2020-09-28 00:00:00-04:00,17.730094793914354,17.817651151587732,17.721338991147157,17.791383743286133,18700,0.0,0.0
2020-09-29 00:00:00-04:00,17.80889534882053,17.88769590372671,17.537472143031827,17.791383743286133,37100,0.0,0.0
2020-09-30 00:00:00-04:00,17.800137294076222,17.887693640672442,17.77386988909783,17.870182037353516,30900,0.0,0.0
2020-10-01 00:00:00-04:00,17.817651163524925,18.01902961730957,17.817651163524925,18.01902961730957,41000,0.0,0.0
2020-10-02 00:00:00-04:00,17.984007118529618,18.02778446006509,17.85267175392614,17.966495513916016,10900,0.0,0.0
2020-10-05 00:00:00-04:00,18.01902914273543,18.07156228799162,17.948984392394323,18.054052352905273,7600,0.0,0.0
2020-10-06 00:00:00-04:00,18.176628712756017,18.202896118164062,17.948982875881608,18.202896118164062,6600,0.0,0.0
2020-10-07 00:00:00-04:00,18.202898979829897,18.2729437352646,18.19414317665072,18.25543212890625,5800,0.0,0.0
2020-10-08 00:00:00-04:00,18.211647637422637,18.272938241248983,18.20289350687421,18.2379150390625,5200,0.0,0.0
2020-10-09 00:00:00-04:00,18.2379150390625,18.29920397289065,18.2379150390625,18.2379150390625,4700,0.0,0.0
2020-10-12 00:00:00-04:00,18.299207575103168,18.3692523232663,18.27294183829107,18.360496520996094,13800,0.0,0.0
2020-10-13 00:00:00-04:00,18.369248606671857,18.369248606671857,18.299203872680664,18.299203872680664,8600,0.0,0.0
2020-10-14 00:00:00-04:00,18.194144382550277,18.264189142627515,17.948986887280533,17.95774269104004,31200,0.0,0.0
2020-10-15 00:00:00-04:00,18.232141364289127,18.232141364289127,17.897930145263672,17.897930145263672,13800,0.092,0.0
2020-10-16 00:00:00-04:00,17.906726973347666,17.985882578045025,17.722030003212797,17.801185607910156,20300,0.0,0.0
2020-10-19 00:00:00-04:00,17.845161240626943,17.880340576171875,17.792389721025,17.880340576171875,3600,0.0,0.0
2020-10-20 00:00:00-04:00,17.915524442434958,17.941908528914777,17.86275291442871,17.86275291442871,5300,0.0,0.0
2020-10-21 00:00:00-04:00,17.85395388123207,17.915520650876314,17.809979294723412,17.897930145263672,4100,0.0,0.0
2020-10-22 00:00:00-04:00,17.85395756825491,17.941908436957913,17.766008377075195,17.766008377075195,7000,0.0,0.0
2020-10-23 00:00:00-04:00,17.79238985358887,17.89793121605607,17.70443899778671,17.774799346923828,12400,0.0,0.0
2020-10-26 00:00:00-04:00,17.81877822728768,17.82757348191031,17.722032103962047,17.766008377075195,5600,0.0,0.0
2020-10-27 00:00:00-04:00,17.722032661440004,17.92431849155387,17.722032661440004,17.853958129882812,27500,0.0,0.0
2020-10-28 00:00:00-04:00,17.84516443726878,17.84516443726878,17.72203254699707,17.72203254699707,6900,0.0,0.0
2020-10-29 00:00:00-04:00,17.757213122452566,17.87154807750017,17.67805750837219,17.766008377075195,10900,0.0,0.0
2020-10-30 00:00:00-04:00,17.85395801458795,17.85395801458795,17.67805795030789,17.72203254699707,19100,0.0,0.0
2020-11-02 00:00:00-05:00,17.80119095290023,17.985887978492276,17.774805184237483,17.941911697387695,9600,0.0,0.0
2020-11-03 00:00:00-05:00,17.985887978492276,17.994681557189594,17.941911697387695,17.941911697387695,12500,0.0,0.0
2020-11-04 00:00:00-05:00,18.065036739659263,18.065036739659263,18.01226522239449,18.029855728149414,1600,0.0,0.0
2020-11-05 00:00:00-05:00,18.07383235719447,18.232143571830616,18.07383235719447,18.16178321838379,7100,0.0,0.0
2020-11-06 00:00:00-05:00,18.232147896330847,18.232147896330847,18.17937803810998,18.188173294067383,7800,0.0,0.0
2020-11-09 00:00:00-05:00,18.311302367038923,18.311302367038923,18.196967401853968,18.240942001342773,9100,0.0,0.0
2020-11-10 00:00:00-05:00,18.22334654731055,18.2937068939209,18.21455129429388,18.2937068939209,3200,0.0,0.0
2020-11-11 00:00:00-05:00,18.39925263100566,18.821414811128264,18.39925263100566,18.654308319091797,16100,0.0,0.0
2020-11-12 00:00:00-05:00,18.71790360644111,18.71790360644111,18.24973458737792,18.53240203857422,29500,0.092,0.0
2020-11-13 00:00:00-05:00,18.717909510790864,18.717909510790864,18.31157365789902,18.682575225830078,11800,0.0,0.0
2020-11-16 00:00:00-05:00,18.594240309020698,18.77090835571289,18.594240309020698,18.77090835571289,1900,0.0,0.0
2020-11-17 00:00:00-05:00,18.558905832552643,18.762072886307664,18.558905832552643,18.74440574645996,8800,0.0,0.0
2020-11-18 00:00:00-05:00,18.823904823958983,18.859239101088427,18.435237884521484,18.435237884521484,26900,0.0,0.0
2020-11-19 00:00:00-05:00,18.41757114147765,18.594237476425622,18.41757114147765,18.505905151367188,11900,0.0,0.0
2020-11-20 00:00:00-05:00,18.42640511067917,18.585405994963367,18.42640511067917,18.550071716308594,5000,0.0,0.0
2020-11-23 00:00:00-05:00,18.72673989072304,18.72673989072304,18.514737586749465,18.700239181518555,17500,0.0,0.0
2020-11-24 00:00:00-05:00,18.691406489606933,18.691406489606933,18.523572026425327,18.63840675354004,12300,0.0,0.0
2020-11-25 00:00:00-05:00,18.452903267476607,18.806239298091526,18.43523781381071,18.61190414428711,11900,0.0,0.0
2020-11-27 00:00:00-05:00,18.611908340739944,18.717909510790864,18.532407884409615,18.682575225830078,10600,0.0,0.0
2020-11-30 00:00:00-05:00,18.497075284280267,18.735574968439817,18.497075284280267,18.682575225830078,13200,0.0,0.0
2020-12-01 00:00:00-05:00,18.744405094470963,18.80624008178711,18.638405628734112,18.80624008178711,6000,0.0,0.0
2020-12-02 00:00:00-05:00,18.78857461650463,18.85924149490224,18.594239437287744,18.832740783691406,15600,0.0,0.0
2020-12-03 00:00:00-05:00,18.850407181887494,19.07124137878418,18.753239596106965,19.07124137878418,11900,0.0,0.0
2020-12-04 00:00:00-05:00,18.9917451200431,19.159579618438183,18.903411084844024,19.11541175842285,10700,0.0,0.0
2020-12-07 00:00:00-05:00,19.124240960678126,19.203741405708872,18.735572305509063,18.947574615478516,12200,0.0,0.0
2020-12-08 00:00:00-05:00,18.71790899824504,18.99174295986708,18.71790899824504,18.841575622558594,31900,0.0,0.0
2020-12-09 00:00:00-05:00,18.84157410459383,18.991741429804133,18.80624150827854,18.912240982055664,43900,0.0,0.0
2020-12-10 00:00:00-05:00,18.921072804556346,19.035905838012695,18.850405933622184,19.035905838012695,16000,0.0,0.0
2020-12-11 00:00:00-05:00,18.841572364151524,19.035905838012695,18.841572364151524,19.035905838012695,3200,0.0,0.0
2020-12-14 00:00:00-05:00,19.04473876953125,19.04473876953125,18.81507102548075,19.04473876953125,13100,0.0,0.0
2020-12-15 00:00:00-05:00,19.04473876953125,19.04473876953125,18.974071900964255,19.04473876953125,5600,0.0,0.0
2020-12-16 00:00:00-05:00,19.06891400643228,19.36434782768477,19.059962966979022,19.3195858001709,30000,0.287,0.0
2020-12-17 00:00:00-05:00,19.095771946368014,19.337490989279956,19.068913705746066,19.203203201293945,20300,0.0,0.0
2020-12-18 00:00:00-05:00,19.337489622195577,19.337489622195577,18.889862555513094,19.059961318969727,19100,0.0,0.0
2020-12-21 00:00:00-05:00,19.06890940942243,19.158435150429785,18.87195414525544,18.979385375976562,32700,0.0,0.0
2020-12-22 00:00:00-05:00,18.898820257978358,19.095775604248047,18.809294479651335,19.095775604248047,29300,0.0,0.0
2020-12-23 00:00:00-05:00,18.898817409620754,19.086819978966496,18.898817409620754,18.90777015686035,11900,0.0,0.0
2020-12-24 00:00:00-05:00,18.880910364180036,18.889863110684217,18.746622581740937,18.7645263671875,26400,0.0,0.0
2020-12-28 00:00:00-05:00,18.764527387475198,18.925673418188865,18.764527387475198,18.84510040283203,30900,0.0,0.0
2020-12-29 00:00:00-05:00,18.845099172953763,18.9256721830522,18.800337148482086,18.916719436645508,15100,0.0,0.0
2020-12-30 00:00:00-05:00,18.916715977232773,19.265866192995407,18.916715977232773,19.185293197631836,20300,0.0,0.0
2020-12-31 00:00:00-05:00,19.346440395242553,19.462822669382696,19.185294394462684,19.22110366821289,20300,0.0,0.0
2021-01-04 00:00:00-05:00,19.364343313252395,19.373296058180387,19.140529812737146,19.247961044311523,16800,0.0,0.0
2021-01-05 00:00:00-05:00,19.203200945285097,19.247962966834464,19.140531724529648,19.19424819946289,8600,0.0,0.0
2021-01-06 00:00:00-05:00,19.140532220208378,19.24796346529532,19.140532220208378,19.2121524810791,14200,0.0,0.0
2021-01-07 00:00:00-05:00,19.23005783802565,19.23005783802565,18.997291564941406,18.997291564941406,33600,0.0,0.0
2021-01-08 00:00:00-05:00,19.122629474623853,19.31063202928833,19.051009209861892,19.239011764526367,6800,0.0,0.0
2021-01-11 00:00:00-05:00,19.2748204901478,19.2748204901478,19.024148739098678,19.230056762695312,11100,0.0,0.0
2021-01-12 00:00:00-05:00,18.997292730619066,19.239011764526367,18.988339984078596,19.239011764526367,25400,0.0,0.0
2021-01-13 00:00:00-05:00,19.239007774784206,19.498632247932107,19.230055030100335,19.39120101928711,17200,0.0,0.0
2021-01-14 00:00:00-05:00,19.303091865976974,19.41098135353163,19.08731460571289,19.08731460571289,2200,0.092,0.0
2021-01-15 00:00:00-05:00,19.36603271945775,19.464929580688477,19.10530073338217,19.464929580688477,13500,0.0,0.0
2021-01-19 00:00:00-05:00,19.339059745491944,19.339059745491944,19.204199143274796,19.21319007873535,11700,0.0,0.0
2021-01-20 00:00:00-05:00,19.213190192173766,19.330068924159875,19.15025364357828,19.222179412841797,18800,0.0,0.0
2021-01-21 00:00:00-05:00,19.240161283869078,19.321077988646234,19.105300680855688,19.222179412841797,7800,0.0,0.0
2021-01-22 00:00:00-05:00,19.19520573868203,19.258140563964844,19.150251067161893,19.258140563964844,6200,0.0,0.0
2021-01-25 00:00:00-05:00,19.30309387749747,19.375019638414013,19.285113723402393,19.330066680908203,3600,0.0,0.0
2021-01-26 00:00:00-05:00,19.285113161096145,19.375019073486328,19.240158490055695,19.375019073486328,6800,0.0,0.0
2021-01-27 00:00:00-05:00,19.348047985707417,19.375019073486328,19.186214599652512,19.375019073486328,10000,0.0,0.0
2021-01-28 00:00:00-05:00,19.28511477723528,19.554835966699834,19.28511477723528,19.54584503173828,7500,0.0,0.0
2021-01-29 00:00:00-05:00,19.5548391728324,19.5548391728324,19.24016325696709,19.52786636352539,8500,0.0,0.0
2021-02-01 00:00:00-05:00,19.330069321108514,19.55483756902838,19.330069321108514,19.536855697631836,15300,0.0,0.0
2021-02-02 00:00:00-05:00,19.554836956388048,19.590800698054412,19.339059650926615,19.51887321472168,14900,0.0,0.0
2021-02-03 00:00:00-05:00,19.55483592092856,19.644743555488137,19.464928286368988,19.48291015625,31500,0.0,0.0
2021-02-04 00:00:00-05:00,19.626762990687716,19.680706889072262,19.464929580688477,19.464929580688477,12500,0.0,0.0
2021-02-05 00:00:00-05:00,19.509883965634668,19.689697529166914,19.464929288617416,19.635753631591797,22300,0.0,0.0
2021-02-08 00:00:00-05:00,19.64474105834961,19.77960163562344,19.64474105834961,19.64474105834961,14300,0.0,0.0
2021-02-09 00:00:00-05:00,19.76162521364753,20.049328315071453,19.76162521364753,19.815570831298828,28300,0.0,0.0
2021-02-10 00:00:00-05:00,20.09725335538745,20.09725335538745,19.781258464616837,19.95279884338379,20400,0.092,0.0
2021-02-11 00:00:00-05:00,20.07919609457001,20.07919609457001,19.87154294898761,19.907655715942383,12200,0.0,0.0
2021-02-12 00:00:00-05:00,19.75417258180895,20.043083327615236,19.75417258180895,19.907655715942383,19800,0.0,0.0
2021-02-16 00:00:00-05:00,19.952797081037218,19.952797081037218,19.68194360342849,19.862512588500977,19200,0.0,0.0
2021-02-17 00:00:00-05:00,19.844459319751007,19.862516566281194,19.68194754504693,19.772232055664062,9800,0.0,0.0
2021-02-18 00:00:00-05:00,19.808346850668688,19.808346850668688,19.38401016091003,19.519437789916992,20900,0.0,0.0
2021-02-19 00:00:00-05:00,19.51943625845022,19.654862154798025,19.32983862593633,19.501379013061523,17800,0.0,0.0
2021-02-22 00:00:00-05:00,19.63680540461296,19.63680540461296,19.07704283768317,19.27566909790039,32200,0.0,0.0
2021-02-23 00:00:00-05:00,19.167327622721768,19.29372662342877,18.959674458606088,18.977731704711914,26900,0.0,0.0
2021-02-24 00:00:00-05:00,19.131216604719533,19.20344387372416,18.9957906905901,19.068017959594727,23800,0.0,0.0
2021-02-25 00:00:00-05:00,19.068017396560357,19.22150055391743,18.96870425884876,19.08607292175293,22500,0.0,0.0
2021-02-26 00:00:00-05:00,19.185384156117067,19.20344140155209,19.031901013986783,19.131214141845703,24200,0.0,0.0
2021-03-01 00:00:00-05:00,19.13121588336847,19.384010454335968,19.058988617087202,19.221500396728516,26200,0.0,0.0
2021-03-02 00:00:00-05:00,19.21246801936373,19.36595114547737,19.21246801936373,19.338865280151367,3400,0.0,0.0
2021-03-03 00:00:00-05:00,19.34789711615582,19.393038510498226,19.230526735611477,19.23955535888672,14400,0.0,0.0
2021-03-04 00:00:00-05:00,19.24858305729545,19.40206620153231,19.24858305729545,19.320810317993164,3000,0.0,0.0
2021-03-05 00:00:00-05:00,19.21246717305022,19.230522693772016,19.16732406616211,19.16732406616211,10900,0.0,0.0
2021-03-08 00:00:00-05:00,19.212471335842096,19.230526860476008,19.01384506656469,19.031902313232422,7300,0.0,0.0
2021-03-09 00:00:00-05:00,19.058984053697543,19.320807185514788,19.058984053697543,19.16732406616211,12800,0.0,0.0
2021-03-10 00:00:00-05:00,19.402065652764904,19.46526428883368,19.257611135455218,19.384008407592773,16100,0.0,0.0
2021-03-11 00:00:00-05:00,19.329838731756723,19.934742679319903,19.27566871732779,19.781259536743164,18800,0.0,0.0
2021-03-12 00:00:00-05:00,19.70000475174433,19.70000475174433,19.600691618062914,19.654863357543945,12200,0.0,0.0
2021-03-15 00:00:00-04:00,19.5916690826416,19.5916690826416,19.48332730157055,19.5916690826416,20500,0.0,0.0
2021-03-16 00:00:00-04:00,19.557207737200084,19.62067545127457,19.366804594976625,19.375871658325195,12800,0.092,0.0
2021-03-17 00:00:00-04:00,19.493737870996647,20.037749506292872,19.493737870996647,19.947080612182617,14700,0.0,0.0
2021-03-18 00:00:00-04:00,19.85641194167178,19.85641194167178,19.62067350607663,19.83827781677246,16900,0.0,0.0
2021-03-19 00:00:00-04:00,19.46653869786963,19.838279645751452,19.46653869786963,19.75667953491211,7800,0.0,0.0
2021-03-22 00:00:00-04:00,19.802015056183304,19.802015056183304,19.602544832513026,19.720413208007812,5500,0.0,0.0
2021-03-23 00:00:00-04:00,19.6569454881748,20.0286864723673,19.6569454881748,19.720413208007812,25100,0.0,0.0
2021-03-24 00:00:00-04:00,19.73854760679178,19.820149456085314,19.73854760679178,19.7657470703125,6900,0.0,0.0
2021-03-25 00:00:00-04:00,19.729479558948572,19.99241749294653,19.67507890525341,19.820148468017578,3000,0.0,0.0
2021-03-26 00:00:00-04:00,19.67507892625817,19.85641501522417,19.67507892625817,19.78388023376465,6400,0.0,0.0
2021-03-29 00:00:00-04:00,19.919882711564444,19.919882711564444,19.720412495105112,19.820148468017578,11000,0.0,0.0
2021-03-30 00:00:00-04:00,19.765744228304058,19.99241561500188,19.765744228304058,19.97428321838379,3100,0.0,0.0
2021-03-31 00:00:00-04:00,19.9924185131107,20.028686770335224,19.901751328780772,19.919883728027344,6700,0.0,0.0
2021-04-01 00:00:00-04:00,19.90174730847285,20.0830833698671,19.90174730847285,19.992414474487305,8200,0.0,0.0
2021-04-05 00:00:00-04:00,19.98334959741741,20.064949702819543,19.91988015864738,20.037750244140625,9600,0.0,0.0
2021-04-06 00:00:00-04:00,20.08308287974719,20.08308287974719,19.96521452918573,20.019615173339844,11100,0.0,0.0
2021-04-07 00:00:00-04:00,20.01054933335422,20.083084106445312,19.992415207740095,20.083084106445312,2900,0.0,0.0
2021-04-08 00:00:00-04:00,20.083085541848668,20.12842085912424,19.91988185838766,20.074018478393555,22000,0.0,0.0
2021-04-09 00:00:00-04:00,20.110282139184626,20.164682778125112,20.028680316091332,20.05588150024414,3200,0.0,0.0
2021-04-12 00:00:00-04:00,20.083088899571138,20.346028595634174,20.028688239110647,20.219091415405273,29400,0.0,0.0
2021-04-13 00:00:00-04:00,20.34602568579055,20.34602568579055,20.055886565675234,20.27349090576172,7400,0.0,0.0
2021-04-14 00:00:00-04:00,20.400426139157606,20.400426139157606,20.17375473761141,20.309757232666016,13000,0.0,0.0
2021-04-15 00:00:00-04:00,20.35709976861916,20.939771104544665,20.229639111512288,20.402620315551758,18100,0.092,0.0
2021-04-16 00:00:00-04:00,20.80320843197034,20.80320843197034,20.25695316778668,20.666645050048828,2900,0.0,0.0
2021-04-19 00:00:00-04:00,20.876042342030246,20.939771804465085,20.33889153508285,20.393516540527344,21700,0.0,0.0
2021-04-20 00:00:00-04:00,20.411724524240945,20.63022627255827,20.311577238408926,20.60291290283203,9600,0.0,0.0
2021-04-21 00:00:00-04:00,20.466348850461504,20.612016677856445,20.320681023066562,20.612016677856445,16600,0.0,0.0
2021-04-22 00:00:00-04:00,20.366205541246746,20.6757484060848,20.366205541246746,20.484560012817383,10100,0.0,0.0
2021-04-23 00:00:00-04:00,20.38441271929769,20.6757484060848,20.38441271929769,20.484560012817383,6500,0.0,0.0
2021-04-26 00:00:00-04:00,20.375304253770704,20.575598801407924,20.256949805482886,20.33888816833496,27000,0.0,0.0
2021-04-27 00:00:00-04:00,20.420827865600586,20.420827865600586,20.38441004128777,20.420827865600586,5100,0.0,0.0
2021-04-28 00:00:00-04:00,20.420829130583495,20.429933587225683,20.211431837305856,20.32978630065918,19500,0.0,0.0
2021-04-29 00:00:00-04:00,20.3388908950527,20.42993372559363,20.275161434623318,20.302473068237305,12100,0.0,0.0
2021-04-30 00:00:00-04:00,20.420829130583495,20.420829130583495,20.284265753945796,20.32978630065918,7200,0.0,0.0
2021-05-03 00:00:00-04:00,20.420829130583495,20.439038043867868,20.32978630065918,20.32978630065918,12500,0.0,0.0
2021-05-04 00:00:00-04:00,20.33888881937541,20.439036096399697,20.33888881937541,20.429931640625,11000,0.0,0.0
2021-05-05 00:00:00-04:00,20.366202934574318,20.612016303528222,20.366202934574318,20.593809127807617,10700,0.0,0.0
2021-05-06 00:00:00-04:00,20.602913851087685,20.666645050048828,20.484559383155073,20.666645050048828,13200,0.0,0.0
2021-05-07 00:00:00-04:00,20.666646147217502,20.93977292556051,20.530081021548288,20.848730087280273,4800,0.0,0.0
2021-05-10 00:00:00-04:00,20.848730087280273,21.03081576384075,20.848730087280273,20.848730087280273,12600,0.0,0.0
2021-05-11 00:00:00-04:00,20.794104939449248,20.994397793124286,20.675748729529417,20.87604331970215,7300,0.0,0.0
2021-05-12 00:00:00-04:00,20.794103664066014,20.794103664066014,20.493663533731773,20.69395637512207,9100,0.0,0.0
2021-05-13 00:00:00-04:00,20.60437295229366,20.988303678146835,20.60437295229366,20.741491317749023,4100,0.092,0.0
2021-05-14 00:00:00-04:00,20.677505079614356,20.677505079614356,20.494679410375902,20.631797790527344,6500,0.0,0.0
2021-05-17 00:00:00-04:00,20.56780809464622,20.759773466623333,20.476395265514633,20.723209381103516,11200,0.0,0.0
2021-05-18 00:00:00-04:00,20.796336185888507,20.796336185888507,20.522099483056806,20.659217834472656,4300,0.0,0.0
2021-05-19 00:00:00-04:00,20.704926727922256,20.704926727922256,20.494678438753947,20.65007972717285,12200,0.0,0.0
2021-05-20 00:00:00-04:00,20.57695113052866,20.887753727287265,20.57695113052866,20.83290672302246,3400,0.0,0.0
2021-05-21 00:00:00-04:00,20.933458340229393,20.933458340229393,20.65922158757784,20.81462287902832,1300,0.0,0.0
2021-05-24 00:00:00-04:00,20.83290513302694,20.83290513302694,20.595232474612516,20.604373931884766,24900,0.0,0.0
2021-05-25 00:00:00-04:00,20.659215685004664,20.750628490955755,20.586085788954644,20.732345581054688,5700,0.0,0.0
2021-05-26 00:00:00-04:00,20.650080655576975,20.759774662007498,20.650080655576975,20.668363571166992,7500,0.0,0.0
2021-05-27 00:00:00-04:00,20.732349860911384,20.75977248786969,20.59523149545602,20.741491317749023,7800,0.0,0.0
2021-05-28 00:00:00-04:00,20.832906244235545,20.94260025024414,20.622656202868626,20.94260025024414,6000,0.0,0.0
2021-06-01 00:00:00-04:00,20.94260025024414,20.94260025024414,20.704927579152468,20.94260025024414,14300,0.0,0.0
2021-06-02 00:00:00-04:00,21.015724449478437,21.0248659047505,20.787193298339844,20.787193298339844,4000,0.0,0.0
2021-06-03 00:00:00-04:00,20.8511856756466,21.07057541290501,20.83290450520772,21.06143569946289,6800,0.0,0.0
2021-06-04 00:00:00-04:00,21.061434559310527,21.198552919729853,20.988302907295367,21.079715728759766,6500,0.0,0.0
2021-06-07 00:00:00-04:00,21.088856461236464,21.088856461236464,20.787195381248793,21.02486801147461,13100,0.0,0.0
2021-06-08 00:00:00-04:00,21.079718301412417,21.24426105141888,20.924317009023508,21.171131134033203,11200,0.0,0.0
2021-06-09 00:00:00-04:00,21.326530458276025,21.39051891213889,21.14370480990675,21.20769500732422,14300,0.0,0.0
2021-06-10 00:00:00-04:00,21.198550506443173,21.591624373503574,21.11627915084661,21.22597312927246,14200,0.0,0.0
2021-06-11 00:00:00-04:00,21.427085924944333,22.1583850717801,21.253401723737827,21.390520095825195,12200,0.0,0.0
2021-06-14 00:00:00-04:00,21.527636289620883,21.71046192960781,21.289965398614207,21.344812393188477,8200,0.0,0.0
2021-06-15 00:00:00-04:00,21.566905078408205,21.566905078408205,21.19980917184472,21.319114685058594,8000,0.092,0.0
2021-06-16 00:00:00-04:00,21.365003197683876,22.23685577452409,21.273228781581906,21.291584014892578,30300,0.0,0.0
2021-06-17 00:00:00-04:00,21.447600869513458,21.447600869513458,21.016261621424864,21.108036041259766,6900,0.0,0.0
2021-06-18 00:00:00-04:00,21.144744719039004,21.291583078161388,21.10803425403275,21.208986282348633,8400,0.0,0.0
2021-06-21 00:00:00-04:00,21.29158304141736,21.374179837087578,21.108034217605486,21.3099365234375,12900,0.0,0.0
2021-06-22 00:00:00-04:00,21.374180814339212,21.557727896091755,21.291584014892578,21.291584014892578,13600,0.0,0.0
2021-06-23 00:00:00-04:00,21.282406398237242,21.429244763819835,21.2456959316159,21.291584014892578,12200,0.0,0.0
2021-06-24 00:00:00-04:00,21.245698928833008,21.438425404880988,21.245698928833008,21.245698928833008,8500,0.0,0.0
2021-06-25 00:00:00-04:00,21.254876002642124,21.530197532288927,21.199812046803086,21.236520767211914,13500,0.0,0.0
2021-06-28 00:00:00-04:00,21.36500207047193,21.53937152636945,21.190630864123108,21.43842124938965,9900,0.0,0.0
2021-06-29 00:00:00-04:00,21.53937152636945,21.594437223396216,21.199808480294237,21.43842124938965,2100,0.0,0.0
2021-06-30 00:00:00-04:00,21.557729554220256,21.64950397738112,21.23651994838299,21.25487518310547,15400,0.0,0.0
2021-07-01 00:00:00-04:00,21.686212478712697,21.686212478712697,21.30076130566701,21.484310150146484,6400,0.0,0.0
2021-07-02 00:00:00-04:00,21.383358971961606,21.732101440429688,21.300762163663986,21.732101440429688,2500,0.0,0.0
2021-07-06 00:00:00-04:00,21.61279389401884,21.695390701293945,21.566907556844477,21.695390701293945,7600,0.0,0.0
2021-07-07 00:00:00-04:00,21.704564383664497,21.704564383664497,21.337468501471367,21.65867805480957,4800,0.0,0.0
2021-07-08 00:00:00-04:00,21.57608506306754,22.02577781677246,21.475133021262838,22.02577781677246,38500,0.0,0.0
2021-07-09 00:00:00-04:00,21.897293909242237,22.02577704854762,21.878938674926758,21.878938674926758,9600,0.0,0.0
2021-07-12 00:00:00-04:00,21.842228968118736,22.02577781677246,21.521021108652043,22.02577781677246,12500,0.0,0.0
2021-07-13 00:00:00-04:00,21.989065873332983,21.989065873332983,21.80551878743064,21.934001922607422,1200,0.0,0.0
2021-07-14 00:00:00-04:00,22.02577446048253,22.02577446048253,21.612790489167967,21.833049774169922,14100,0.0,0.0
2021-07-15 00:00:00-04:00,21.825680490270994,22.01915338253034,21.825680490270994,21.908597946166992,13000,0.092,0.0
2021-07-16 00:00:00-04:00,22.074431761133333,22.074431761133333,21.87174561690526,21.945449829101562,1200,0.0,0.0
2021-07-19 00:00:00-04:00,22.083645007313752,22.111284745855002,21.880958863085677,21.945449829101562,15100,0.0,0.0
2021-07-20 00:00:00-04:00,22.000725558292206,22.000725558292206,21.46636962890625,21.46636962890625,6900,0.0,0.0
2021-07-21 00:00:00-04:00,21.650631209056748,21.650631209056748,21.37424087524414,21.37424087524414,12000,0.0,0.0
2021-07-22 00:00:00-04:00,21.540074296525074,21.650631485811473,21.374241148465835,21.53086280822754,26400,0.0,0.0
2021-07-23 00:00:00-04:00,21.576930694341087,21.927025294215497,21.576930694341087,21.853321075439453,4400,0.0,0.0
2021-07-26 00:00:00-04:00,22.065218005885423,22.065218005885423,21.880956615696608,21.973087310791016,11300,0.0,0.0
2021-07-27 00:00:00-04:00,22.01915575384458,22.01915575384458,21.650634664201224,21.834896087646484,12600,0.0,0.0
2021-07-28 00:00:00-04:00,21.982301238658955,22.01915246349298,21.47558327852762,21.48479652404785,14100,0.0,0.0
2021-07-29 00:00:00-04:00,21.70591067481755,21.751976905665867,21.530864269335034,21.604568481445312,9100,0.0,0.0
2021-07-30 00:00:00-04:00,21.68748199487365,21.78882416981222,21.42030317629308,21.742759704589844,26000,0.0,0.0
2021-08-02 00:00:00-04:00,21.687487453413823,22.065221786499023,21.687487453413823,22.065221786499023,3300,0.0,0.0
2021-08-03 00:00:00-04:00,22.046793736274516,22.056006982436728,21.83489434628474,22.037580490112305,15400,0.0,0.0
2021-08-04 00:00:00-04:00,22.074431272076254,22.111284255981445,22.074431272076254,22.111284255981445,1600,0.0,0.0
2021-08-05 00:00:00-04:00,22.111284297660355,22.111284297660355,21.92702289228105,22.019153594970703,6400,0.0,0.0
2021-08-06 00:00:00-04:00,22.102073016253737,22.102073016253737,21.770403159988653,21.927024841308594,1800,0.0,0.0
2021-08-09 00:00:00-04:00,21.99151538805638,21.99151538805638,21.770401000976562,21.770401000976562,1100,0.0,0.0
2021-08-10 00:00:00-04:00,21.540075646483086,22.11128460530892,21.540075646483086,22.08364486694336,8900,0.0,0.0
2021-08-11 00:00:00-04:00,22.111287338542205,22.111287338542205,21.632209024467787,21.641422271728516,10200,0.0,0.0
2021-08-12 00:00:00-04:00,21.742764180488127,21.91781234741211,21.742764180488127,21.91781234741211,13500,0.0,0.0
2021-08-13 00:00:00-04:00,21.844104766845703,21.899384241115357,21.669058370065965,21.844104766845703,5700,0.0,0.0
2021-08-16 00:00:00-04:00,21.817931894606662,22.039903010634944,21.817931894606662,22.00290870666504,2800,0.0917,0.0
2021-08-17 00:00:00-04:00,21.98441103412409,21.99366005128605,21.827181270510103,21.928916931152344,3900,0.0,0.0
2021-08-18 00:00:00-04:00,21.910421655521272,22.178636109115047,21.901172637939453,21.901172637939453,18300,0.0,0.0
2021-08-19 00:00:00-04:00,21.928916694496056,22.123142524661795,21.540468562303836,21.586711883544922,15200,0.0,0.0
2021-08-20 00:00:00-04:00,21.799433321037508,21.817931354599434,21.577462210503146,21.780935287475586,5100,0.0,0.0
2021-08-23 00:00:00-04:00,21.78093685037512,21.91967034797485,21.73469352722168,21.73469352722168,13300,0.0,0.0
2021-08-24 00:00:00-04:00,21.7809347214354,21.8456778372196,21.660701034546666,21.7994327545166,20500,0.0,0.0
2021-08-25 00:00:00-04:00,21.84568029651828,21.919670673103088,21.84568029651828,21.901172637939453,11000,0.0,0.0
2021-08-26 00:00:00-04:00,21.91966877512044,22.086145784969027,21.697695900516504,21.780935287475586,11100,0.0,0.0
2021-08-27 00:00:00-04:00,21.910420030862316,22.07689880685115,21.69769617039347,21.891921997070312,20800,0.0,0.0
2021-08-30 00:00:00-04:00,22.0676514262727,22.0676514262727,21.901172637939453,21.901172637939453,8800,0.0,0.0
2021-08-31 00:00:00-04:00,22.039906213739766,22.08614954144019,21.54971882539386,21.669954299926758,17300,0.0,0.0
2021-09-01 00:00:00-04:00,21.75319027176948,21.938165317480724,21.65145284998306,21.891921997070312,11100,0.0,0.0
2021-09-02 00:00:00-04:00,21.836434513182326,22.039907637909998,21.836434513182326,21.919673919677734,9400,0.0,0.0
2021-09-03 00:00:00-04:00,21.891922848275662,21.91042088278691,21.86417579650879,21.86417579650879,10900,0.0,0.0
2021-09-07 00:00:00-04:00,21.864176243307078,21.910421330530223,21.73469352722168,21.73469352722168,2200,0.0,0.0
2021-09-08 00:00:00-04:00,21.891925448214565,21.891925448214565,21.540471571109673,21.669954299926758,14600,0.0,0.0
2021-09-09 00:00:00-04:00,21.66995249060322,22.049153391109066,21.66995249060322,21.901172637939453,16400,0.0,0.0
2021-09-10 00:00:00-04:00,22.002909291273475,22.002909291273475,21.679200743605318,21.86417579650879,4700,0.0,0.0
2021-09-13 00:00:00-04:00,21.86417606175924,22.030654846240807,21.86417606175924,21.975162506103516,2800,0.0,0.0
2021-09-14 00:00:00-04:00,21.956663002316727,22.030653372239218,21.734691892549254,21.845678329467773,12600,0.0,0.0
2021-09-15 00:00:00-04:00,21.782260441129804,21.921534628289674,21.782260441129804,21.828685760498047,4500,0.0917,0.0
2021-09-16 00:00:00-04:00,21.763691991786477,21.92153453507763,21.67084312438965,21.67084312438965,8200,0.0,0.0
2021-09-17 00:00:00-04:00,21.73583792984375,22.246504070647138,21.73583792984375,21.902965545654297,3300,0.0,0.0
2021-09-20 00:00:00-04:00,22.13508578597496,22.13508578597496,21.791545506407264,21.995813369750977,3600,0.0,0.0
2021-09-21 00:00:00-04:00,22.17222802277769,22.237223480896727,21.91225327408216,22.005102157592773,10000,0.0,0.0
2021-09-22 00:00:00-04:00,21.89368314319101,22.051525713875503,21.89368314319101,22.005102157592773,5600,0.0,0.0
2021-09-23 00:00:00-04:00,22.051524768064475,22.051524768064475,21.921537399291992,21.921537399291992,4100,0.0,0.0
2021-09-24 00:00:00-04:00,21.912248430952545,21.949386913581208,21.847254758143816,21.930818557739258,7000,0.0,0.0
2021-09-27 00:00:00-04:00,21.810118686222594,21.977246317456846,21.661561185335504,21.72655487060547,9600,0.0,0.0
2021-09-28 00:00:00-04:00,21.661559538480446,21.865825643934258,21.160178453841105,21.21588706970215,26100,0.0,0.0
2021-09-29 00:00:00-04:00,21.42015266418457,21.485146342962878,21.42015266418457,21.42015266418457,1800,0.0,0.0
2021-09-30 00:00:00-04:00,21.550141479233112,21.59656680360386,21.345875364836964,21.46657943725586,11700,0.0,0.0
2021-10-01 00:00:00-04:00,21.401581309228863,21.466576755227393,21.28087902283552,21.364442825317383,3700,0.0,0.0
2021-10-04 00:00:00-04:00,21.33658963035597,21.42943850523854,21.33658963035597,21.355159759521484,4300,0.0,0.0
2021-10-05 00:00:00-04:00,21.494429674579322,21.494429674579322,21.31801701001215,21.401580810546875,1800,0.0,0.0
2021-10-06 00:00:00-04:00,21.383015044867076,21.383015044867076,21.327304657131894,21.345874786376953,2000,0.0,0.0
2021-10-07 00:00:00-04:00,21.392298470885237,21.392298470885237,21.318017959594727,21.318017959594727,2200,0.0,0.0
2021-10-08 00:00:00-04:00,21.234456788443737,21.410867697086747,21.234456788443737,21.24374008178711,1900,0.0,0.0
2021-10-11 00:00:00-04:00,21.373728750911187,21.457292556762695,21.373728750911187,21.457292556762695,400,0.0,0.0
2021-10-12 00:00:00-04:00,21.37373094497923,21.44800969436715,21.243741805341557,21.262311935424805,13100,0.0,0.0
2021-10-13 00:00:00-04:00,21.30873698470118,21.336590408520298,21.2901668548584,21.2901668548584,6100,0.0,0.0
2021-10-14 00:00:00-04:00,21.384971212402224,21.384971212402224,21.254460155894776,21.263782501220703,10100,0.0917,0.0
2021-10-15 00:00:00-04:00,21.28243005115635,21.28243005115635,20.993444419449716,21.086666107177734,8400,0.0,0.0
2021-10-18 00:00:00-04:00,21.151917645941914,21.161239991149955,21.04005128150094,21.049373626708984,4000,0.0,0.0
2021-10-19 00:00:00-04:00,21.077342156267477,21.077342156267477,20.974798129766363,21.021408081054688,1800,0.0,0.0
2021-10-20 00:00:00-04:00,21.07734181148433,21.086664157200634,20.881576107553233,20.94683074951172,7300,0.0,0.0
2021-10-21 00:00:00-04:00,20.946830056843147,20.946830056843147,20.69513384304858,20.79767608642578,8300,0.0,0.0
2021-10-22 00:00:00-04:00,20.797676098074028,20.909542464977495,20.648522127573127,20.70445442199707,9200,0.0,0.0
2021-10-25 00:00:00-04:00,20.797676516148947,20.853610589752858,20.732421875,20.732421875,1800,0.0,0.0
2021-10-26 00:00:00-04:00,20.667168382277424,20.81632236406476,20.508692054371416,20.629878997802734,14700,0.0,0.0
2021-10-27 00:00:00-04:00,20.52733464911516,20.56462225172407,20.219704370855638,20.368858337402344,40600,0.0,0.0
2021-10-28 00:00:00-04:00,20.26631431863066,20.45275766584181,20.22902671602175,20.368858337402344,19900,0.0,0.0
2021-10-29 00:00:00-04:00,20.499369515247594,20.5366588993712,20.368860226926373,20.462081909179688,18100,0.0,0.0
2021-11-01 00:00:00-04:00,20.508688328987276,20.60190999518466,20.275635052521512,20.49004364013672,44100,0.0,0.0
2021-11-02 00:00:00-04:00,20.50868938105505,20.713775634765625,20.50868938105505,20.713775634765625,8400,0.0,0.0
2021-11-03 00:00:00-04:00,20.713776838071777,20.788353823576635,20.63919985256692,20.65784454345703,3000,0.0,0.0
2021-11-04 00:00:00-04:00,20.65784643032463,20.825645107551022,20.65784643032463,20.751068115234375,5300,0.0,0.0
2021-11-05 00:00:00-04:00,20.825645783582786,20.900222778320312,20.816323436983616,20.900222778320312,9700,0.0,0.0
2021-11-08 00:00:00-05:00,20.84428884371452,21.06801981039868,20.84428884371452,21.021408081054688,8200,0.0,0.0
2021-11-09 00:00:00-05:00,21.14259501939122,21.25445960428808,20.900219381374,20.928186416625977,21800,0.0,0.0
2021-11-10 00:00:00-05:00,20.91105758549919,21.229310169262952,20.798732409027465,20.873615264892578,12700,0.0917,0.0
2021-11-11 00:00:00-05:00,20.985939558563626,21.135705263993767,20.90169612609067,20.96721839904785,7500,0.0,0.0
2021-11-12 00:00:00-05:00,21.1357064382239,21.248031616210938,21.02338126023686,21.248031616210938,4300,0.0,0.0
2021-11-15 00:00:00-05:00,21.257389755704047,21.379075510217035,21.248030961062813,21.26675033569336,13800,0.0,0.0
2021-11-16 00:00:00-05:00,21.257389755704047,21.30419265565061,21.201228061116247,21.26675033569336,5200,0.0,0.0
2021-11-17 00:00:00-05:00,21.31355496543976,21.31355496543976,21.201229781799814,21.210590362548828,6500,0.0,0.0
2021-11-18 00:00:00-05:00,21.276111908069474,21.332275390625,21.19186846958435,21.332275390625,9000,0.0,0.0
2021-11-19 00:00:00-05:00,21.39779667019566,21.407157250184977,21.201228061116247,21.26675033569336,8300,0.0,0.0
2021-11-22 00:00:00-05:00,21.248032503395155,21.266751879384486,21.088906202722484,21.154428482055664,4800,0.0,0.0
2021-11-23 00:00:00-05:00,21.21058808042028,21.21058808042028,21.098264694213867,21.098264694213867,1200,0.0,0.0
2021-11-24 00:00:00-05:00,21.154426953918016,21.201228068532874,21.107624053955078,21.107624053955078,2000,0.0,0.0
2021-11-26 00:00:00-05:00,21.060822931972712,21.26675033569336,21.060822931972712,21.26675033569336,3700,0.0,0.0
2021-11-29 00:00:00-05:00,21.26675083799392,21.435237711084895,21.00466173349518,21.21994972229004,14700,0.0,0.0
2021-11-30 00:00:00-05:00,21.09826575025107,21.397797175591414,21.01402231370558,21.21994972229004,7200,0.0,0.0
2021-12-01 00:00:00-05:00,21.379077062061516,21.38843764273029,21.004662762051762,21.154428482055664,2800,0.0,0.0
2021-12-02 00:00:00-05:00,21.116984292605764,21.332274058259102,20.79873171939445,21.023380279541016,15400,0.0,0.0
2021-12-03 00:00:00-05:00,20.995300989824475,21.163787861603684,20.836174698182788,20.845535278320312,3000,0.0,0.0
2021-12-06 00:00:00-05:00,20.873615233384776,20.873615233384776,20.592804970651496,20.845535278320312,11100,0.0,0.0
2021-12-07 00:00:00-05:00,20.62088568806994,21.107623333637545,20.62088568806994,21.07018280029297,8200,0.0,0.0
2021-12-08 00:00:00-05:00,20.957860209349743,21.20122995476491,20.957860209349743,21.079545974731445,4700,0.0,0.0
2021-12-09 00:00:00-05:00,20.96722043937668,21.173149643393202,20.89233757937473,21.154428482055664,9700,0.0,0.0
2021-12-10 00:00:00-05:00,21.09826590246031,21.341633848293977,20.892336707042094,21.248031616210938,13700,0.0,0.0
2021-12-13 00:00:00-05:00,21.388435705144513,21.79093171069833,21.388435705144513,21.472679138183594,18500,0.0,0.0
2021-12-14 00:00:00-05:00,21.379076508422777,21.89389593443575,21.379076508422777,21.678607940673828,6600,0.0,0.0
2021-12-15 00:00:00-05:00,22.009120834046104,22.009120834046104,21.398278814417022,21.83056640625,16600,0.0917,0.0
2021-12-16 00:00:00-05:00,21.896347726439547,21.896347726439547,21.37008405972701,21.877553939819336,17200,0.0,0.0
2021-12-17 00:00:00-05:00,21.933940113483803,21.943337903542986,21.539241893224,21.89634895324707,12700,0.0,0.0
2021-12-20 00:00:00-05:00,22.396508329414097,22.396508329414097,21.436091016725985,22.06976890563965,25400,1.18515,0.0
2021-12-21 00:00:00-05:00,21.713326302472833,22.158879054466038,21.713326302472833,21.94105339050293,5400,0.0,0.0
2021-12-22 00:00:00-05:00,21.90144843105923,22.0400645837009,21.78263323700677,21.921249389648438,11000,0.0,0.0
2021-12-23 00:00:00-05:00,21.980659421248486,22.11927558328854,21.604412854991807,21.683622360229492,21300,0.0,0.0
2021-12-27 00:00:00-05:00,21.812338985365805,21.822240409582925,21.58461000537926,21.634117126464844,12300,0.0,0.0
2021-12-28 00:00:00-05:00,21.584609535749237,21.822239934782623,20.95093350766961,21.247968673706055,79900,0.0,0.0
2021-12-29 00:00:00-05:00,21.28757286647338,21.515299936920417,21.257868596565913,21.337078094482422,29800,0.0,0.0
2021-12-30 00:00:00-05:00,21.287574441037957,21.6836219599147,21.287574441037957,21.594511032104492,28100,0.0,0.0
2021-12-31 00:00:00-05:00,21.743029082000636,22.17868230636143,21.683622425020754,22.079669952392578,42600,0.0,0.0
2022-01-03 00:00:00-05:00,22.079670329870506,22.1291774519531,21.842041809384874,22.020263671875,25400,0.0,0.0
2022-01-04 00:00:00-05:00,22.02026367168892,22.119276027349667,21.88164750686604,21.97075843811035,26300,0.0,0.0
2022-01-05 00:00:00-05:00,22.010361472403293,22.119275248646193,21.792535808421036,21.990558624267578,23800,0.0,0.0
2022-01-06 00:00:00-05:00,21.990558599468304,22.178681879538377,21.79253578384508,21.842041015625,28300,0.0,0.0
2022-01-07 00:00:00-05:00,21.842041413037965,21.990558999583524,21.802437604594147,21.88164710998535,4900,0.0,0.0
2022-01-10 00:00:00-05:00,21.406389638872337,21.81233858174449,21.317278711070788,21.545005798339844,60600,0.0,0.0
2022-01-11 00:00:00-05:00,21.614314278030612,21.83213994529647,21.545006197014363,21.634117126464844,13900,0.0,0.0
2022-01-12 00:00:00-05:00,21.68362233769025,21.89154846903777,21.485599519053658,21.535104751586914,40300,0.0,0.0
2022-01-13 00:00:00-05:00,21.638572357543694,22.136010802544696,21.499290200168076,21.509239196777344,17500,0.104,0.0
2022-01-14 00:00:00-05:00,21.568929809923628,21.75795693747207,21.340108596225324,21.350055694580078,12100,0.0,0.0
2022-01-18 00:00:00-05:00,21.051593457390894,21.350055745749483,20.375076913029336,20.494462966918945,44600,0.0,0.0
2022-01-19 00:00:00-05:00,20.514362290785797,20.584003369419325,20.245745075276126,20.444719314575195,20600,0.0,0.0
2022-01-20 00:00:00-05:00,20.335282826784102,20.852617333433866,20.335282826784102,20.494462966918945,21600,0.0,0.0
2022-01-21 00:00:00-05:00,20.5541555781129,20.703386726162258,20.444718517340775,20.474565505981445,20600,0.0,0.0
2022-01-24 00:00:00-05:00,20.56410496370951,20.603899051740242,19.609022182470458,20.176103591918945,23700,0.0,0.0
2022-01-25 00:00:00-05:00,20.196000288140983,20.584003569054833,19.83784589489824,20.295488357543945,22800,0.0,0.0
2022-01-26 00:00:00-05:00,20.315384973351264,20.524308197110997,20.146255836108022,20.275588989257812,31900,0.0,0.0
2022-01-27 00:00:00-05:00,20.633745682968343,20.633745682968343,20.006974101136223,20.046768188476562,32800,0.0,0.0
2022-01-28 00:00:00-05:00,19.997025715540925,20.285539024693758,19.997025715540925,20.166154861450195,17600,0.0,0.0
2022-01-31 00:00:00-05:00,20.51436245528898,20.51436245528898,20.126359175026835,20.225847244262695,16700,0.0,0.0
2022-02-01 00:00:00-05:00,20.315385782560742,20.564105000320996,19.99702548743994,20.245744705200195,30900,0.0,0.0
2022-02-02 00:00:00-05:00,20.25569275671668,20.554155045075273,20.245743760761133,20.494462966918945,20000,0.0,0.0
2022-02-03 00:00:00-05:00,20.40492499560765,20.623797225641184,20.29548793180236,20.524309158325195,21800,0.0,0.0
2022-02-04 00:00:00-05:00,20.51436256776472,20.61384873996895,20.434772491455078,20.434772491455078,9500,0.0,0.0
2022-02-07 00:00:00-05:00,20.345233074282945,20.822773524063518,20.28553909487757,20.305437088012695,36200,0.0,0.0
2022-02-08 00:00:00-05:00,20.11640923260139,20.59395156296713,20.11640923260139,20.474565505981445,46700,0.0,0.0
2022-02-09 00:00:00-05:00,20.29548720928202,20.44471835615484,20.195999145507812,20.195999145507812,8400,0.0,0.0
2022-02-10 00:00:00-05:00,20.149999618530273,20.34000015258789,20.149999618530273,20.200000762939453,9700,0.104,0.0
2022-02-11 00:00:00-05:00,20.15999984741211,20.25,20.020000457763672,20.059999465942383,17400,0.0,0.0
2022-02-14 00:00:00-05:00,20.149999618530273,20.25,20.0,20.049999237060547,4900,0.0,0.0
2022-02-15 00:00:00-05:00,20.049999237060547,20.110000610351562,20.0,20.049999237060547,22900,0.0,0.0
2022-02-16 00:00:00-05:00,20.049999237060547,20.049999237060547,19.940000534057617,19.989999771118164,27000,0.0,0.0
2022-02-17 00:00:00-05:00,20.0,20.190000534057617,19.850000381469727,20.0,19600,0.0,0.0
2022-02-18 00:00:00-05:00,20.0,20.25,19.8799991607666,19.889999389648438,10800,0.0,0.0
2022-02-22 00:00:00-05:00,19.829999923706055,20.0,19.59000015258789,19.709999084472656,11000,0.0,0.0
2022-02-23 00:00:00-05:00,19.6200008392334,19.75,19.59000015258789,19.59000015258789,9600,0.0,0.0
2022-02-24 00:00:00-05:00,19.59000015258789,19.75,19.200000762939453,19.229999542236328,21400,0.0,0.0
2022-02-25 00:00:00-05:00,19.5,19.719999313354492,19.360000610351562,19.649999618530273,12400,0.0,0.0
2022-02-28 00:00:00-05:00,19.649999618530273,19.75,19.579999923706055,19.59000015258789,8500,0.0,0.0
2022-03-01 00:00:00-05:00,19.639999389648438,19.90999984741211,19.510000228881836,19.850000381469727,7600,0.0,0.0
2022-03-02 00:00:00-05:00,19.799999237060547,19.959999084472656,19.700000762939453,19.809999465942383,3400,0.0,0.0
2022-03-03 00:00:00-05:00,19.889999389648438,19.889999389648438,19.729999542236328,19.780000686645508,5000,0.0,0.0
2022-03-04 00:00:00-05:00,19.700000762939453,19.799999237060547,19.389999389648438,19.709999084472656,8500,0.0,0.0
2022-03-07 00:00:00-05:00,19.729999542236328,19.729999542236328,19.239999771118164,19.559999465942383,7300,0.0,0.0
2022-03-08 00:00:00-05:00,19.809999465942383,19.809999465942383,19.149999618530273,19.299999237060547,19000,0.0,0.0
2022-03-09 00:00:00-05:00,19.329999923706055,19.329999923706055,19.1299991607666,19.149999618530273,20400,0.0,0.0
2022-03-10 00:00:00-05:00,19.270000457763672,19.270000457763672,19.1299991607666,19.1299991607666,6900,0.0,0.0
2022-03-11 00:00:00-05:00,19.260000228881836,19.270000457763672,19.100000381469727,19.219999313354492,14700,0.0,0.0
2022-03-14 00:00:00-04:00,19.100000381469727,19.729999542236328,19.0,19.15999984741211,25600,0.0,0.0
2022-03-15 00:00:00-04:00,19.059999465942383,19.200000762939453,18.90999984741211,18.90999984741211,16100,0.0,0.0
2022-03-16 00:00:00-04:00,18.950000762939453,19.059999465942383,18.450000762939453,18.799999237060547,36100,0.0,0.0
2022-03-17 00:00:00-04:00,18.90999984741211,18.90999984741211,18.5,18.709999084472656,15500,0.0,0.0
2022-03-18 00:00:00-04:00,18.790000915527344,19.09000015258789,18.600000381469727,18.700000762939453,12400,0.0,0.0
2022-03-21 00:00:00-04:00,18.729999542236328,19.059999465942383,18.729999542236328,18.799999237060547,7400,0.0,0.0
2022-03-22 00:00:00-04:00,18.649999618530273,18.649999618530273,18.479999542236328,18.520000457763672,11500,0.0,0.0
2022-03-23 00:00:00-04:00,18.510000228881836,18.790000915527344,18.31999969482422,18.5,31500,0.0,0.0
2022-03-24 00:00:00-04:00,18.25,18.479999542236328,18.25,18.450000762939453,20200,0.0,0.0
2022-03-25 00:00:00-04:00,18.229999542236328,18.5,18.229999542236328,18.3700008392334,38200,0.0,0.0
2022-03-28 00:00:00-04:00,18.280000686645508,18.5,18.229999542236328,18.309999465942383,10900,0.0,0.0
2022-03-29 00:00:00-04:00,18.239999771118164,18.65999984741211,18.15999984741211,18.329999923706055,22500,0.0,0.0
2022-03-30 00:00:00-04:00,18.729999542236328,18.75,18.280000686645508,18.309999465942383,30300,0.0,0.0
2022-03-31 00:00:00-04:00,18.68000030517578,18.68000030517578,18.239999771118164,18.549999237060547,26800,0.0,0.0
2022-04-01 00:00:00-04:00,18.809999465942383,18.8799991607666,18.399999618530273,18.860000610351562,16700,0.0,0.0
2022-04-04 00:00:00-04:00,18.799999237060547,19.18000030517578,18.65999984741211,19.06999969482422,25900,0.0,0.0
2022-04-05 00:00:00-04:00,19.209999084472656,20.020000457763672,18.709999084472656,18.8799991607666,72000,0.0,0.0
2022-04-06 00:00:00-04:00,18.8799991607666,18.899999618530273,18.700000762939453,18.75,9700,0.0,0.0
2022-04-07 00:00:00-04:00,18.700000762939453,19.09000015258789,18.700000762939453,18.790000915527344,22500,0.0,0.0
2022-04-08 00:00:00-04:00,18.790000915527344,19.350000381469727,18.75,19.290000915527344,10800,0.0,0.0
2022-04-11 00:00:00-04:00,18.979999542236328,19.239999771118164,18.700000762939453,18.850000381469727,15100,0.0,0.0
2022-04-12 00:00:00-04:00,18.739999771118164,19.1200008392334,18.700000762939453,18.760000228881836,18500,0.0,0.0
2022-04-13 00:00:00-04:00,18.690000534057617,18.700000762939453,18.360000610351562,18.360000610351562,16400,0.0,0.0
2022-04-14 00:00:00-04:00,18.299999237060547,18.399999618530273,18.239999771118164,18.399999618530273,18700,0.0,0.0
2022-04-18 00:00:00-04:00,18.350000381469727,18.56999969482422,17.81999969482422,17.81999969482422,19200,0.0,0.0
2022-04-19 00:00:00-04:00,17.850000381469727,18.34000015258789,17.850000381469727,18.079999923706055,32200,0.0,0.0
2022-04-20 00:00:00-04:00,18.1200008392334,18.440000534057617,18.06999969482422,18.06999969482422,38800,0.0,0.0
2022-04-21 00:00:00-04:00,18.139999389648438,18.139999389648438,17.8799991607666,18.010000228881836,15900,0.0,0.0
2022-04-22 00:00:00-04:00,17.8799991607666,18.049999237060547,17.8799991607666,17.93000030517578,11400,0.0,0.0
2022-04-25 00:00:00-04:00,18.040000915527344,18.040000915527344,17.719999313354492,17.719999313354492,18000,0.0,0.0
2022-04-26 00:00:00-04:00,17.75,17.770000457763672,17.110000610351562,17.170000076293945,44700,0.0,0.0
2022-04-27 00:00:00-04:00,17.260000228881836,17.510000228881836,16.829999923706055,16.90999984741211,39400,0.0,0.0
2022-04-28 00:00:00-04:00,16.799999237060547,17.100000381469727,16.729999542236328,17.09000015258789,36300,0.0,0.0
2022-04-29 00:00:00-04:00,17.059999465942383,17.059999465942383,16.950000762939453,16.950000762939453,15500,0.0,0.0
2022-05-02 00:00:00-04:00,16.979999542236328,16.979999542236328,16.729999542236328,16.8700008392334,21900,0.0,0.0
2022-05-03 00:00:00-04:00,16.90999984741211,16.940000534057617,16.65999984741211,16.790000915527344,25700,0.0,0.0
2022-05-04 00:00:00-04:00,16.829999923706055,16.899999618530273,16.739999771118164,16.739999771118164,23800,0.0,0.0
2022-05-05 00:00:00-04:00,16.530000686645508,16.8799991607666,16.530000686645508,16.59000015258789,24600,0.0,0.0
2022-05-06 00:00:00-04:00,16.690000534057617,16.850000381469727,16.59000015258789,16.81999969482422,21600,0.0,0.0
2022-05-09 00:00:00-04:00,16.809999465942383,16.81999969482422,15.970000267028809,16.31999969482422,66900,0.0,0.0
2022-05-10 00:00:00-04:00,16.440000534057617,16.5,16.170000076293945,16.170000076293945,29000,0.0,0.0
2022-05-11 00:00:00-04:00,16.350000381469727,16.43000030517578,16.010000228881836,16.170000076293945,76400,0.0,0.0
2022-05-12 00:00:00-04:00,16.190000534057617,16.329999923706055,15.739999771118164,15.850000381469727,57100,0.0,0.0
2022-05-13 00:00:00-04:00,16.030000686645508,16.15999984741211,15.9399995803833,16.059999465942383,55300,0.0,0.0
2022-05-16 00:00:00-04:00,16.09000015258789,16.100000381469727,15.890000343322754,16.010000228881836,21300,0.0,0.0
2022-05-17 00:00:00-04:00,15.729999542236328,15.949999809265137,15.729999542236328,15.829999923706055,30200,0.0,0.0
2022-05-18 00:00:00-04:00,15.8100004196167,15.8100004196167,15.520000457763672,15.520000457763672,38400,0.0,0.0
2022-05-19 00:00:00-04:00,15.869999885559082,15.869999885559082,15.539999961853027,15.649999618530273,33100,0.0,0.0
2022-05-20 00:00:00-04:00,15.75,15.800000190734863,15.609999656677246,15.760000228881836,16800,0.0,0.0
2022-05-23 00:00:00-04:00,15.630000114440918,15.779999732971191,15.609999656677246,15.720000267028809,51100,0.0,0.0
2022-05-24 00:00:00-04:00,15.850000381469727,15.960000038146973,15.739999771118164,15.779999732971191,73700,0.0,0.0
2022-05-25 00:00:00-04:00,15.8100004196167,16.270000457763672,15.8100004196167,16.270000457763672,139500,0.0,0.0
2022-05-26 00:00:00-04:00,16.329999923706055,16.729999542236328,16.309999465942383,16.670000076293945,71500,0.0,0.0
2022-05-27 00:00:00-04:00,16.850000381469727,17.34000015258789,16.68000030517578,17.31999969482422,60800,0.0,0.0
2022-05-31 00:00:00-04:00,17.3799991607666,17.610000610351562,17.209999084472656,17.59000015258789,41800,0.0,0.0
2022-06-01 00:00:00-04:00,17.6200008392334,17.8799991607666,17.610000610351562,17.81999969482422,32000,0.0,0.0
2022-06-02 00:00:00-04:00,17.780000686645508,18.299999237060547,17.600000381469727,18.25,29200,0.0,0.0
2022-06-03 00:00:00-04:00,18.110000610351562,18.15999984741211,17.959999084472656,18.040000915527344,14500,0.0,0.0
2022-06-06 00:00:00-04:00,18.0,18.139999389648438,17.989999771118164,17.989999771118164,24500,0.0,0.0
2022-06-07 00:00:00-04:00,17.829999923706055,18.219999313354492,17.809999465942383,18.1299991607666,24900,0.0,0.0
2022-06-08 00:00:00-04:00,18.059999465942383,18.1299991607666,17.81999969482422,17.989999771118164,13200,0.0,0.0
2022-06-09 00:00:00-04:00,17.920000076293945,18.0,17.799999237060547,17.799999237060547,8900,0.0,0.0
2022-06-10 00:00:00-04:00,17.780000686645508,17.790000915527344,17.34000015258789,17.670000076293945,42500,0.0,0.0
2022-06-13 00:00:00-04:00,17.469999313354492,17.809999465942383,17.229999542236328,17.399999618530273,24100,0.0,0.0
2022-06-14 00:00:00-04:00,17.329999923706055,17.3700008392334,17.100000381469727,17.139999389648438,33100,0.0,0.0
2022-06-15 00:00:00-04:00,17.350000381469727,17.790000915527344,17.350000381469727,17.3700008392334,26400,0.0,0.0
2022-06-16 00:00:00-04:00,17.350000381469727,17.940000534057617,17.350000381469727,17.389999389648438,14900,0.0,0.0
2022-06-17 00:00:00-04:00,17.350000381469727,17.420000076293945,16.729999542236328,16.799999237060547,19700,0.0,0.0
2022-06-21 00:00:00-04:00,16.68000030517578,16.809999465942383,16.18000030517578,16.18000030517578,20000,0.0,0.0
2022-06-22 00:00:00-04:00,16.25,17.899999618530273,16.25,16.329999923706055,37400,0.0,0.0
2022-06-23 00:00:00-04:00,16.65999984741211,16.65999984741211,16.559999465942383,16.600000381469727,15700,0.0,0.0
2022-06-24 00:00:00-04:00,16.700000762939453,17.010000228881836,16.489999771118164,16.719999313354492,30500,0.0,0.0
2022-06-27 00:00:00-04:00,16.709999084472656,17.139999389648438,16.709999084472656,16.770000457763672,25800,0.0,0.0
2022-06-28 00:00:00-04:00,16.760000228881836,17.0,16.65999984741211,16.809999465942383,37000,0.0,0.0
2022-06-29 00:00:00-04:00,17.350000381469727,17.540000915527344,17.049999237060547,17.059999465942383,17400,0.0,0.0
2022-06-30 00:00:00-04:00,17.649999618530273,17.649999618530273,17.149999618530273,17.5,29300,0.0,0.0
2022-07-01 00:00:00-04:00,17.329999923706055,17.450000762939453,17.260000228881836,17.290000915527344,24500,0.0,0.0
2022-07-05 00:00:00-04:00,17.270000457763672,17.59000015258789,17.229999542236328,17.5,20600,0.0,0.0
2022-07-06 00:00:00-04:00,17.540000915527344,17.540000915527344,17.350000381469727,17.360000610351562,11700,0.0,0.0
2022-07-07 00:00:00-04:00,17.6200008392334,17.6200008392334,17.399999618530273,17.450000762939453,13000,0.0,0.0
2022-07-08 00:00:00-04:00,17.420000076293945,17.649999618530273,17.40999984741211,17.450000762939453,18700,0.0,0.0
2022-07-11 00:00:00-04:00,17.43000030517578,17.649999618530273,17.43000030517578,17.520000457763672,21900,0.0,0.0
2022-07-12 00:00:00-04:00,17.540000915527344,17.700000762939453,17.510000228881836,17.600000381469727,19100,0.0,0.0
2022-07-13 00:00:00-04:00,17.510000228881836,17.649999618530273,17.5,17.5,11900,0.0,0.0
2022-07-14 00:00:00-04:00,17.389999389648438,17.600000381469727,17.389999389648438,17.600000381469727,11300,0.0,0.0
2022-07-15 00:00:00-04:00,17.59000015258789,17.729999542236328,17.530000686645508,17.600000381469727,14800,0.0,0.0
2022-07-18 00:00:00-04:00,17.579999923706055,17.75,17.510000228881836,17.75,12600,0.0,0.0
2022-07-19 00:00:00-04:00,17.770000457763672,17.899999618530273,17.75,17.8799991607666,11400,0.0,0.0
2022-07-20 00:00:00-04:00,17.850000381469727,17.90999984741211,17.600000381469727,17.600000381469727,13700,0.0,0.0
2022-07-21 00:00:00-04:00,17.739999771118164,17.739999771118164,17.420000076293945,17.540000915527344,9800,0.0,0.0
2022-07-22 00:00:00-04:00,17.450000762939453,17.649999618530273,17.420000076293945,17.489999771118164,20300,0.0,0.0
2022-07-25 00:00:00-04:00,17.610000610351562,17.610000610351562,17.40999984741211,17.40999984741211,27000,0.0,0.0
2022-07-26 00:00:00-04:00,17.479999542236328,17.549999237060547,17.440000534057617,17.459999084472656,17500,0.0,0.0
2022-07-27 00:00:00-04:00,17.56999969482422,17.600000381469727,17.420000076293945,17.440000534057617,21200,0.0,0.0
2022-07-28 00:00:00-04:00,17.450000762939453,17.850000381469727,17.450000762939453,17.850000381469727,37500,0.0,0.0
2022-07-29 00:00:00-04:00,18.06999969482422,18.170000076293945,17.899999618530273,18.139999389648438,30000,0.0,0.0
2022-08-01 00:00:00-04:00,18.31999969482422,18.700000762939453,18.31999969482422,18.65999984741211,28000,0.0,0.0
2022-08-02 00:00:00-04:00,18.65999984741211,18.690000534057617,18.440000534057617,18.68000030517578,13600,0.0,0.0
2022-08-03 00:00:00-04:00,18.68000030517578,18.940000534057617,18.559999465942383,18.770000457763672,12700,0.0,0.0
2022-08-04 00:00:00-04:00,18.770000457763672,18.950000762939453,18.6200008392334,18.75,13600,0.0,0.0
2022-08-05 00:00:00-04:00,18.6200008392334,18.989999771118164,18.600000381469727,18.670000076293945,18800,0.0,0.0
2022-08-08 00:00:00-04:00,18.670000076293945,18.670000076293945,18.420000076293945,18.450000762939453,7100,0.0,0.0
2022-08-09 00:00:00-04:00,18.31999969482422,18.600000381469727,18.31999969482422,18.600000381469727,13400,0.0,0.0
2022-08-10 00:00:00-04:00,18.559999465942383,18.81999969482422,18.43000030517578,18.510000228881836,13000,0.0,0.0
2022-08-11 00:00:00-04:00,18.309999465942383,18.600000381469727,18.309999465942383,18.450000762939453,22100,0.0,0.0
2022-08-12 00:00:00-04:00,18.479999542236328,18.799999237060547,18.31999969482422,18.450000762939453,13300,0.0,0.0
2022-08-15 00:00:00-04:00,18.639999389648438,18.690000534057617,18.489999771118164,18.59000015258789,4800,0.0,0.0
2022-08-16 00:00:00-04:00,18.56999969482422,18.649999618530273,18.280000686645508,18.489999771118164,8900,0.0,0.0
2022-08-17 00:00:00-04:00,18.639999389648438,18.639999389648438,18.43000030517578,18.459999084472656,6700,0.0,0.0
2022-08-18 00:00:00-04:00,18.43000030517578,18.5,18.139999389648438,18.40999984741211,9700,0.0,0.0
2022-08-19 00:00:00-04:00,18.399999618530273,18.5,18.299999237060547,18.3700008392334,5400,0.0,0.0
2022-08-22 00:00:00-04:00,18.309999465942383,18.309999465942383,17.950000762939453,18.0,3800,0.0,0.0
2022-08-23 00:00:00-04:00,18.1200008392334,18.280000686645508,17.81999969482422,17.850000381469727,11100,0.0,0.0
2022-08-24 00:00:00-04:00,17.799999237060547,18.489999771118164,17.799999237060547,18.030000686645508,11500,0.0,0.0
2022-08-25 00:00:00-04:00,17.979999542236328,18.389999389648438,17.899999618530273,17.989999771118164,4700,0.0,0.0
2022-08-26 00:00:00-04:00,17.899999618530273,18.399999618530273,17.899999618530273,18.31999969482422,2500,0.0,0.0
2022-08-29 00:00:00-04:00,18.360000610351562,18.360000610351562,17.670000076293945,17.670000076293945,18600,0.0,0.0
2022-08-30 00:00:00-04:00,17.59000015258789,17.81999969482422,17.59000015258789,17.6200008392334,8400,0.0,0.0
2022-08-31 00:00:00-04:00,17.649999618530273,17.649999618530273,17.190000534057617,17.209999084472656,40500,0.0,0.0
2022-09-01 00:00:00-04:00,17.239999771118164,17.299999237060547,16.959999084472656,17.0,6900,0.0,0.0
2022-09-02 00:00:00-04:00,17.049999237060547,17.100000381469727,16.93000030517578,16.959999084472656,8300,0.0,0.0
2022-09-06 00:00:00-04:00,17.0,17.1200008392334,16.65999984741211,16.81999969482422,21200,0.0,0.0
2022-09-07 00:00:00-04:00,16.719999313354492,17.760000228881836,16.68000030517578,17.299999237060547,73800,0.0,0.0
2022-09-08 00:00:00-04:00,17.75,17.75,17.309999465942383,17.420000076293945,7700,0.0,0.0
2022-09-09 00:00:00-04:00,17.110000610351562,17.739999771118164,17.110000610351562,17.639999389648438,19400,0.0,0.0
2022-09-12 00:00:00-04:00,17.649999618530273,17.649999618530273,17.350000381469727,17.6200008392334,13200,0.0,0.0
2022-09-13 00:00:00-04:00,17.469999313354492,17.530000686645508,16.610000610351562,16.649999618530273,28900,0.0,0.0
2022-09-14 00:00:00-04:00,16.959999084472656,17.110000610351562,16.739999771118164,16.84000015258789,9900,0.0,0.0
2022-09-15 00:00:00-04:00,16.649999618530273,16.65999984741211,16.360000610351562,16.469999313354492,11700,0.0,0.0
2022-09-16 00:00:00-04:00,16.600000381469727,16.600000381469727,16.239999771118164,16.399999618530273,2300,0.0,0.0
2022-09-19 00:00:00-04:00,16.43000030517578,16.549999237060547,16.06999969482422,16.06999969482422,8800,0.0,0.0
2022-09-20 00:00:00-04:00,16.059999465942383,16.239999771118164,15.90999984741211,16.030000686645508,28900,0.0,0.0
2022-09-21 00:00:00-04:00,16.1299991607666,16.1299991607666,15.920000076293945,16.100000381469727,20300,0.0,0.0
2022-09-22 00:00:00-04:00,15.90999984741211,16.149999618530273,15.829999923706055,15.899999618530273,13200,0.0,0.0
2022-09-23 00:00:00-04:00,15.970000267028809,15.970000267028809,15.699999809265137,15.739999771118164,17000,0.0,0.0
2022-09-26 00:00:00-04:00,15.680000305175781,15.739999771118164,15.539999961853027,15.609999656677246,16600,0.0,0.0
2022-09-27 00:00:00-04:00,15.609999656677246,15.800000190734863,15.550000190734863,15.770000457763672,30200,0.0,0.0
2022-09-28 00:00:00-04:00,15.699999809265137,16.079999923706055,15.6899995803833,15.859999656677246,59800,0.0,0.0
2022-09-29 00:00:00-04:00,15.800000190734863,15.850000381469727,15.579999923706055,15.649999618530273,7800,0.0,0.0
2022-09-30 00:00:00-04:00,15.680000305175781,15.680000305175781,15.600000381469727,15.600000381469727,18900,0.0,0.0
2022-10-03 00:00:00-04:00,15.699999809265137,16.360000610351562,15.65999984741211,16.1299991607666,23000,0.0,0.0
2022-10-04 00:00:00-04:00,16.139999389648438,16.530000686645508,15.949999809265137,16.280000686645508,18400,0.0,0.0
2022-10-05 00:00:00-04:00,16.15999984741211,16.399999618530273,16.15999984741211,16.350000381469727,3900,0.0,0.0
2022-10-06 00:00:00-04:00,16.25,16.329999923706055,16.239999771118164,16.239999771118164,3200,0.0,0.0
2022-10-07 00:00:00-04:00,16.219999313354492,16.219999313354492,15.739999771118164,16.09000015258789,5500,0.0,0.0
2022-10-10 00:00:00-04:00,16.040000915527344,16.350000381469727,16.0,16.1200008392334,8700,0.0,0.0
2022-10-11 00:00:00-04:00,16.25,16.34000015258789,15.890000343322754,15.890000343322754,21700,0.0,0.0
2022-10-12 00:00:00-04:00,16.1299991607666,16.1299991607666,15.880000114440918,16.1200008392334,13800,0.0,0.0
2022-10-13 00:00:00-04:00,15.899999618530273,16.139999389648438,15.770000457763672,16.09000015258789,11500,0.0,0.0
2022-10-14 00:00:00-04:00,15.979999542236328,16.06999969482422,15.979999542236328,16.030000686645508,8500,0.0,0.0
2022-10-17 00:00:00-04:00,16.06999969482422,16.06999969482422,15.579999923706055,15.609999656677246,34800,0.0,0.0
2022-10-18 00:00:00-04:00,15.75,15.75,15.510000228881836,15.600000381469727,13500,0.0,0.0
2022-10-19 00:00:00-04:00,15.670000076293945,15.680000305175781,15.390000343322754,15.529999732971191,24000,0.0,0.0
2022-10-20 00:00:00-04:00,15.399999618530273,15.460000038146973,15.390000343322754,15.460000038146973,10700,0.0,0.0
2022-10-21 00:00:00-04:00,15.600000381469727,15.600000381469727,15.279999732971191,15.279999732971191,18300,0.0,0.0
2022-10-24 00:00:00-04:00,15.40999984741211,15.40999984741211,15.079999923706055,15.079999923706055,10600,0.0,0.0
2022-10-25 00:00:00-04:00,15.050000190734863,15.15999984741211,14.899999618530273,14.989999771118164,41200,0.0,0.0
2022-10-26 00:00:00-04:00,15.130000114440918,15.210000038146973,14.649999618530273,14.890000343322754,53300,0.0,0.0
2022-10-27 00:00:00-04:00,14.770000457763672,14.930000305175781,14.640000343322754,14.640000343322754,34800,0.0,0.0
2022-10-28 00:00:00-04:00,15.0,15.0,14.59000015258789,14.729999542236328,29500,0.0,0.0
2022-10-31 00:00:00-04:00,14.859999656677246,14.930000305175781,14.619999885559082,14.680000305175781,25800,0.0,0.0
2022-11-01 00:00:00-04:00,14.789999961853027,14.9399995803833,14.670000076293945,14.720000267028809,19700,0.0,0.0
2022-11-02 00:00:00-04:00,14.800000190734863,15.329999923706055,14.670000076293945,15.329999923706055,56800,0.0,0.0
2022-11-03 00:00:00-04:00,15.279999732971191,15.510000228881836,15.0,15.25,25800,0.0,0.0
2022-11-04 00:00:00-04:00,15.34000015258789,15.34000015258789,15.029999732971191,15.15999984741211,6700,0.0,0.0
2022-11-07 00:00:00-05:00,15.210000038146973,15.680000305175781,15.149999618530273,15.619999885559082,16200,0.0,0.0
2022-11-08 00:00:00-05:00,15.420000076293945,15.850000381469727,15.300000190734863,15.65999984741211,26500,0.0,0.0
2022-11-09 00:00:00-05:00,15.59000015258789,15.949999809265137,15.329999923706055,15.65999984741211,11500,0.0,0.0
2022-11-10 00:00:00-05:00,15.979999542236328,16.100000381469727,15.5,16.059999465942383,21200,0.0,0.0
2022-11-11 00:00:00-05:00,15.8100004196167,16.09000015258789,15.520000457763672,15.850000381469727,12900,0.0,0.0
2022-11-14 00:00:00-05:00,15.649999618530273,16.350000381469727,15.300000190734863,15.59000015258789,42800,0.0,0.0
2022-11-15 00:00:00-05:00,15.779999732971191,16.5,15.699999809265137,16.489999771118164,26900,0.0,0.0
2022-11-16 00:00:00-05:00,16.09000015258789,16.3799991607666,15.949999809265137,15.949999809265137,32900,0.0,0.0
2022-11-17 00:00:00-05:00,16.06999969482422,16.399999618530273,15.489999771118164,15.59000015258789,47600,0.0,0.0
2022-11-18 00:00:00-05:00,15.729999542236328,17.149999618530273,15.710000038146973,16.549999237060547,50100,0.0,0.0
2022-11-21 00:00:00-05:00,16.309999465942383,16.579999923706055,16.139999389648438,16.40999984741211,17600,0.0,0.0
2022-11-22 00:00:00-05:00,16.399999618530273,16.799999237060547,16.0,16.25,57000,0.0,0.0
2022-11-23 00:00:00-05:00,16.1299991607666,17.190000534057617,16.1299991607666,16.950000762939453,81800,0.0,0.0
2022-11-25 00:00:00-05:00,16.959999084472656,17.239999771118164,16.700000762939453,17.239999771118164,10700,0.0,0.0
2022-11-28 00:00:00-05:00,16.93000030517578,17.31999969482422,16.93000030517578,17.15999984741211,13700,0.0,0.0
2022-11-29 00:00:00-05:00,17.149999618530273,17.34000015258789,17.0,17.34000015258789,15900,0.0,0.0
2022-11-30 00:00:00-05:00,17.440000534057617,17.450000762939453,17.049999237060547,17.34000015258789,19600,0.0,0.0
2022-12-01 00:00:00-05:00,17.440000534057617,18.18000030517578,17.15999984741211,18.0,33500,0.0,0.0
2022-12-02 00:00:00-05:00,18.219999313354492,18.219999313354492,17.15999984741211,17.420000076293945,39700,0.0,0.0
2022-12-05 00:00:00-05:00,17.5,17.860000610351562,17.049999237060547,17.15999984741211,31800,0.0,0.0
2022-12-06 00:00:00-05:00,17.200000762939453,17.739999771118164,17.059999465942383,17.350000381469727,13500,0.0,0.0
2022-12-07 00:00:00-05:00,17.170000076293945,18.1200008392334,16.950000762939453,16.950000762939453,73000,0.0,0.0
2022-12-08 00:00:00-05:00,17.059999465942383,17.170000076293945,16.8799991607666,17.15999984741211,25100,0.0,0.0
2022-12-09 00:00:00-05:00,16.739999771118164,17.649999618530273,16.739999771118164,17.59000015258789,10000,0.0,0.0
2022-12-12 00:00:00-05:00,17.920000076293945,17.920000076293945,17.290000915527344,17.420000076293945,20200,0.0,0.0
2022-12-13 00:00:00-05:00,17.600000381469727,17.75,17.139999389648438,17.350000381469727,35700,0.0,0.0
2022-12-14 00:00:00-05:00,17.219999313354492,17.790000915527344,17.219999313354492,17.350000381469727,58400,0.0,0.0
2022-12-15 00:00:00-05:00,17.299999237060547,17.5,16.8799991607666,17.489999771118164,35600,0.0,0.0
2022-12-16 00:00:00-05:00,17.079999923706055,17.489999771118164,16.75,16.889999389648438,39300,0.0,0.0
2022-12-19 00:00:00-05:00,17.360000610351562,17.360000610351562,16.110000610351562,16.360000610351562,118200,0.0,0.0
2022-12-20 00:00:00-05:00,16.25,17.09000015258789,16.100000381469727,16.959999084472656,26100,0.0,0.0
2022-12-21 00:00:00-05:00,17.110000610351562,17.360000610351562,16.899999618530273,17.079999923706055,11300,0.0,0.0
2022-12-22 00:00:00-05:00,16.6299991607666,17.799999237060547,16.530000686645508,17.219999313354492,60800,0.0,0.0
2022-12-23 00:00:00-05:00,17.100000381469727,17.100000381469727,16.530000686645508,16.530000686645508,28600,0.0,0.0
2022-12-27 00:00:00-05:00,16.75,16.8799991607666,16.450000762939453,16.450000762939453,18900,0.0,0.0
2022-12-28 00:00:00-05:00,16.399999618530273,16.790000915527344,16.3700008392334,16.3700008392334,8800,0.0,0.0
2022-12-29 00:00:00-05:00,16.34000015258789,16.739999771118164,16.149999618530273,16.219999313354492,28000,0.0,0.0
2022-12-30 00:00:00-05:00,16.0,16.989999771118164,16.0,16.350000381469727,39400,0.0,0.0
2023-01-03 00:00:00-05:00,16.399999618530273,16.75,16.399999618530273,16.6299991607666,19400,0.0,0.0
2023-01-04 00:00:00-05:00,16.530000686645508,16.809999465942383,16.530000686645508,16.739999771118164,11200,0.0,0.0
2023-01-05 00:00:00-05:00,16.6299991607666,16.690000534057617,16.360000610351562,16.43000030517578,16900,0.0,0.0
2023-01-06 00:00:00-05:00,16.420000076293945,16.790000915527344,16.420000076293945,16.790000915527344,10600,0.0,0.0
2023-01-09 00:00:00-05:00,16.84000015258789,17.079999923706055,16.760000228881836,16.899999618530273,23200,0.0,0.0
2023-01-10 00:00:00-05:00,17.0,17.0,16.780000686645508,16.90999984741211,9100,0.0,0.0
2023-01-11 00:00:00-05:00,16.90999984741211,17.510000228881836,16.90999984741211,17.290000915527344,13200,0.0,0.0
2023-01-12 00:00:00-05:00,17.700000762939453,17.799999237060547,17.31999969482422,17.700000762939453,14800,0.0,0.0
2023-01-13 00:00:00-05:00,17.700000762939453,17.799999237060547,17.420000076293945,17.799999237060547,15200,0.0,0.0
2023-01-17 00:00:00-05:00,17.799999237060547,18.0,17.219999313354492,17.639999389648438,25900,0.0,0.0
2023-01-18 00:00:00-05:00,17.549999237060547,17.809999465942383,17.170000076293945,17.670000076293945,3300,0.0,0.0
2023-01-19 00:00:00-05:00,17.280000686645508,17.649999618530273,17.200000762939453,17.6200008392334,13800,0.0,0.0
2023-01-20 00:00:00-05:00,17.809999465942383,17.809999465942383,17.610000610351562,17.799999237060547,10700,0.0,0.0
2023-01-23 00:00:00-05:00,18.170000076293945,18.170000076293945,17.700000762939453,18.100000381469727,8700,0.0,0.0
2023-01-24 00:00:00-05:00,17.950000762939453,18.18000030517578,17.90999984741211,18.049999237060547,10600,0.0,0.0
2023-01-25 00:00:00-05:00,18.329999923706055,18.350000381469727,18.110000610351562,18.290000915527344,16900,0.0,0.0
2023-01-26 00:00:00-05:00,18.290000915527344,18.350000381469727,18.020000457763672,18.350000381469727,12700,0.0,0.0
2023-01-27 00:00:00-05:00,18.350000381469727,18.350000381469727,17.829999923706055,18.049999237060547,26200,0.0,0.0
2023-01-30 00:00:00-05:00,18.100000381469727,18.299999237060547,17.899999618530273,17.940000534057617,22300,0.0,0.0
2023-01-31 00:00:00-05:00,18.200000762939453,18.219999313354492,17.920000076293945,18.0,30500,0.0,0.0
2023-02-01 00:00:00-05:00,17.959999084472656,18.25,17.959999084472656,18.25,14000,0.0,0.0
2023-02-02 00:00:00-05:00,18.18000030517578,18.450000762939453,18.010000228881836,18.450000762939453,23000,0.0,0.0
2023-02-03 00:00:00-05:00,18.270000457763672,19.1200008392334,18.149999618530273,18.75,33700,0.0,0.0
2023-02-06 00:00:00-05:00,18.75,18.950000762939453,18.350000381469727,18.350000381469727,40800,0.0,0.0
2023-02-07 00:00:00-05:00,18.610000610351562,18.75,18.25,18.440000534057617,9800,0.0,0.0
2023-02-08 00:00:00-05:00,18.489999771118164,18.739999771118164,18.299999237060547,18.309999465942383,17600,0.0,0.0
2023-02-09 00:00:00-05:00,18.459999084472656,18.700000762939453,18.31999969482422,18.479999542236328,19200,0.0,0.0
2023-02-10 00:00:00-05:00,18.440000534057617,18.729999542236328,18.309999465942383,18.559999465942383,44900,0.0,0.0
2023-02-13 00:00:00-05:00,18.579999923706055,18.579999923706055,17.969999313354492,18.020000457763672,31900,0.0,0.0
2023-02-14 00:00:00-05:00,17.989999771118164,18.1299991607666,17.549999237060547,17.559999465942383,25500,0.0,0.0
2023-02-15 00:00:00-05:00,17.549999237060547,17.989999771118164,17.5,17.59000015258789,5800,0.0,0.0
2023-02-16 00:00:00-05:00,17.549999237060547,17.579999923706055,16.950000762939453,17.010000228881836,31400,0.0,0.0
2023-02-17 00:00:00-05:00,16.940000534057617,17.229999542236328,16.940000534057617,17.229999542236328,4200,0.0,0.0
2023-02-21 00:00:00-05:00,17.200000762939453,17.229999542236328,16.75,16.799999237060547,16600,0.0,0.0
2023-02-22 00:00:00-05:00,16.709999084472656,16.959999084472656,16.68000030517578,16.8700008392334,8000,0.0,0.0
2023-02-23 00:00:00-05:00,16.989999771118164,17.040000915527344,16.829999923706055,16.829999923706055,6500,0.0,0.0
2023-02-24 00:00:00-05:00,16.729999542236328,16.8799991607666,16.520000457763672,16.649999618530273,7800,0.0,0.0
2023-02-27 00:00:00-05:00,16.75,16.780000686645508,16.59000015258789,16.639999389648438,3600,0.0,0.0
2023-02-28 00:00:00-05:00,16.81999969482422,16.860000610351562,16.719999313354492,16.729999542236328,6600,0.0,0.0
2023-03-01 00:00:00-05:00,16.700000762939453,16.899999618530273,16.549999237060547,16.68000030517578,10600,0.0,0.0
2023-03-02 00:00:00-05:00,16.450000762939453,16.649999618530273,16.440000534057617,16.56999969482422,10800,0.0,0.0
2023-03-03 00:00:00-05:00,16.579999923706055,16.790000915527344,16.579999923706055,16.65999984741211,7800,0.0,0.0
2023-03-06 00:00:00-05:00,16.649999618530273,16.940000534057617,16.559999465942383,16.719999313354492,19100,0.0,0.0
2023-03-07 00:00:00-05:00,16.700000762939453,16.81999969482422,16.290000915527344,16.469999313354492,34400,0.0,0.0
2023-03-08 00:00:00-05:00,16.549999237060547,16.56999969482422,16.219999313354492,16.3799991607666,27200,0.0,0.0
2023-03-09 00:00:00-05:00,16.399999618530273,16.579999923706055,16.389999389648438,16.450000762939453,12600,0.0,0.0
2023-03-10 00:00:00-05:00,16.260000228881836,16.510000228881836,16.190000534057617,16.299999237060547,8100,0.0,0.0
2023-03-13 00:00:00-04:00,15.829999923706055,16.389999389648438,15.829999923706055,16.079999923706055,9500,0.0,0.0
2023-03-14 00:00:00-04:00,15.949999809265137,16.06999969482422,15.729999542236328,15.9399995803833,25200,0.0,0.0
2023-03-15 00:00:00-04:00,15.84000015258789,15.880000114440918,15.729999542236328,15.739999771118164,19500,0.0,0.0
2023-03-16 00:00:00-04:00,15.75,15.989999771118164,15.75,15.800000190734863,17300,0.0,0.0
2023-03-17 00:00:00-04:00,15.720000267028809,15.890000343322754,15.720000267028809,15.770000457763672,19000,0.0,0.0
2023-03-20 00:00:00-04:00,15.800000190734863,15.859999656677246,15.569999694824219,15.699999809265137,19900,0.0,0.0
2023-03-21 00:00:00-04:00,15.770000457763672,16.040000915527344,15.649999618530273,15.90999984741211,22300,0.0,0.0
2023-03-22 00:00:00-04:00,15.9399995803833,15.9399995803833,15.829999923706055,15.829999923706055,3500,0.0,0.0
2023-03-23 00:00:00-04:00,15.800000190734863,15.869999885559082,15.800000190734863,15.869999885559082,2100,0.0,0.0
2023-03-24 00:00:00-04:00,15.979999542236328,15.979999542236328,15.760000228881836,15.920000076293945,3500,0.0,0.0
2023-03-27 00:00:00-04:00,15.989999771118164,16.25,15.979999542236328,16.010000228881836,31400,0.0,0.0
2023-03-28 00:00:00-04:00,16.1200008392334,16.360000610351562,16.030000686645508,16.270000457763672,15900,0.0,0.0
2023-03-29 00:00:00-04:00,16.3799991607666,16.469999313354492,16.260000228881836,16.469999313354492,18500,0.0,0.0
2023-03-30 00:00:00-04:00,16.399999618530273,16.540000915527344,16.350000381469727,16.399999618530273,4700,0.0,0.0
2023-03-31 00:00:00-04:00,16.950000762939453,16.950000762939453,16.600000381469727,16.75,5100,0.0,0.0
2023-04-03 00:00:00-04:00,16.8799991607666,17.030000686645508,16.8799991607666,16.959999084472656,15000,0.0,0.0
2023-04-04 00:00:00-04:00,16.850000381469727,16.8799991607666,16.270000457763672,16.739999771118164,11800,0.0,0.0
2023-04-05 00:00:00-04:00,16.6299991607666,17.290000915527344,16.579999923706055,16.670000076293945,9000,0.0,0.0
2023-04-06 00:00:00-04:00,16.639999389648438,17.270000457763672,16.6200008392334,16.959999084472656,9100,0.0,0.0
2023-04-10 00:00:00-04:00,16.770000457763672,17.25,16.299999237060547,16.899999618530273,29400,0.0,0.0
2023-04-11 00:00:00-04:00,16.969999313354492,17.0,16.5,16.68000030517578,2200,0.0,0.0
2023-04-12 00:00:00-04:00,16.709999084472656,17.260000228881836,16.700000762939453,17.040000915527344,13900,0.0,0.0
2023-04-13 00:00:00-04:00,16.739999771118164,16.8799991607666,16.610000610351562,16.68000030517578,10300,0.0,0.0
2023-04-14 00:00:00-04:00,16.989999771118164,16.989999771118164,16.350000381469727,16.479999542236328,14600,0.0,0.0
2023-04-17 00:00:00-04:00,16.559999465942383,16.84000015258789,16.399999618530273,16.479999542236328,10600,0.0,0.0
2023-04-18 00:00:00-04:00,16.530000686645508,16.889999389648438,16.459999084472656,16.56999969482422,24100,0.0,0.0
2023-04-19 00:00:00-04:00,16.479999542236328,16.899999618530273,16.479999542236328,16.530000686645508,5500,0.0,0.0
2023-04-20 00:00:00-04:00,16.889999389648438,16.889999389648438,16.559999465942383,16.6200008392334,10900,0.0,0.0
2023-04-21 00:00:00-04:00,16.690000534057617,16.770000457763672,16.690000534057617,16.760000228881836,8800,0.0,0.0
2023-04-24 00:00:00-04:00,16.829999923706055,16.889999389648438,16.799999237060547,16.889999389648438,8100,0.0,0.0
2023-04-25 00:00:00-04:00,16.889999389648438,17.110000610351562,16.489999771118164,17.020000457763672,13600,0.0,0.0
2023-04-26 00:00:00-04:00,17.1200008392334,17.1200008392334,16.719999313354492,16.719999313354492,9500,0.0,0.0
2023-04-27 00:00:00-04:00,16.6200008392334,16.8799991607666,16.610000610351562,16.8799991607666,2800,0.0,0.0
2023-04-28 00:00:00-04:00,16.8799991607666,16.950000762939453,16.760000228881836,16.84000015258789,12700,0.0,0.0
2023-05-01 00:00:00-04:00,16.93000030517578,17.219999313354492,16.600000381469727,17.0,39700,0.0,0.0
2023-05-02 00:00:00-04:00,16.889999389648438,17.200000762939453,16.610000610351562,16.829999923706055,18400,0.0,0.0
2023-05-03 00:00:00-04:00,16.899999618530273,17.149999618530273,16.889999389648438,16.889999389648438,8200,0.0,0.0
2023-05-04 00:00:00-04:00,16.889999389648438,17.200000762939453,16.6200008392334,16.889999389648438,21700,0.0,0.0
2023-05-05 00:00:00-04:00,17.100000381469727,17.1299991607666,16.799999237060547,16.950000762939453,5500,0.0,0.0
2023-05-08 00:00:00-04:00,17.100000381469727,17.200000762939453,16.780000686645508,16.809999465942383,14900,0.0,0.0
2023-05-09 00:00:00-04:00,16.739999771118164,17.110000610351562,16.600000381469727,16.829999923706055,11400,0.0,0.0
2023-05-10 00:00:00-04:00,16.979999542236328,17.1200008392334,16.649999618530273,16.8799991607666,22800,0.0,0.0
2023-05-11 00:00:00-04:00,16.649999618530273,17.030000686645508,16.649999618530273,16.829999923706055,5900,0.0,0.0
2023-05-12 00:00:00-04:00,16.809999465942383,16.809999465942383,16.5,16.770000457763672,13900,0.0,0.0
2023-05-15 00:00:00-04:00,16.549999237060547,16.84000015258789,16.549999237060547,16.600000381469727,8200,0.0,0.0
2023-05-16 00:00:00-04:00,16.6200008392334,16.780000686645508,16.549999237060547,16.549999237060547,2000,0.0,0.0
2023-05-17 00:00:00-04:00,16.600000381469727,16.950000762939453,16.600000381469727,16.799999237060547,4300,0.0,0.0
2023-05-18 00:00:00-04:00,16.8700008392334,16.8700008392334,16.649999618530273,16.649999618530273,1400,0.0,0.0
2023-05-19 00:00:00-04:00,16.610000610351562,16.709999084472656,16.510000228881836,16.549999237060547,26500,0.0,0.0
2023-05-22 00:00:00-04:00,16.600000381469727,16.649999618530273,16.209999084472656,16.389999389648438,15300,0.0,0.0
2023-05-23 00:00:00-04:00,16.31999969482422,16.440000534057617,16.25,16.299999237060547,12900,0.0,0.0
2023-05-24 00:00:00-04:00,16.299999237060547,16.40999984741211,16.149999618530273,16.200000762939453,14400,0.0,0.0
2023-05-25 00:00:00-04:00,16.079999923706055,16.25,15.960000038146973,15.979999542236328,14100,0.0,0.0
2023-05-26 00:00:00-04:00,16.469999313354492,16.469999313354492,15.40999984741211,15.5,43300,0.0,0.0
2023-05-30 00:00:00-04:00,15.569999694824219,15.710000038146973,15.420000076293945,15.569999694824219,33400,0.0,0.0
2023-05-31 00:00:00-04:00,15.670000076293945,15.720000267028809,15.520000457763672,15.649999618530273,27500,0.0,0.0
2023-06-01 00:00:00-04:00,15.670000076293945,15.829999923706055,15.529999732971191,15.6899995803833,28000,0.0,0.0
2023-06-02 00:00:00-04:00,15.75,15.75,15.520000457763672,15.600000381469727,15600,0.0,0.0
2023-06-05 00:00:00-04:00,15.600000381469727,15.75,15.539999961853027,15.680000305175781,16900,0.0,0.0
2023-06-06 00:00:00-04:00,15.75,15.819999694824219,15.710000038146973,15.75,14900,0.0,0.0
2023-06-07 00:00:00-04:00,15.8100004196167,15.850000381469727,15.640000343322754,15.729999542236328,17400,0.0,0.0
2023-06-08 00:00:00-04:00,15.829999923706055,16.149999618530273,15.819999694824219,16.149999618530273,30300,0.0,0.0
2023-06-09 00:00:00-04:00,15.949999809265137,16.1299991607666,15.890000343322754,16.059999465942383,9300,0.0,0.0
2023-06-12 00:00:00-04:00,16.190000534057617,16.270000457763672,16.049999237060547,16.1200008392334,16600,0.0,0.0
2023-06-13 00:00:00-04:00,16.100000381469727,16.100000381469727,15.989999771118164,15.989999771118164,8900,0.0,0.0
2023-06-14 00:00:00-04:00,15.930000305175781,16.09000015258789,15.779999732971191,15.819999694824219,17100,0.0,0.0
2023-06-15 00:00:00-04:00,15.930000305175781,15.930000305175781,15.760000228881836,15.880000114440918,17500,0.0,0.0
2023-06-16 00:00:00-04:00,15.859999656677246,15.859999656677246,15.739999771118164,15.739999771118164,11300,0.0,0.0
2023-06-20 00:00:00-04:00,15.729999542236328,15.739999771118164,15.670000076293945,15.680000305175781,12200,0.0,0.0
2023-06-21 00:00:00-04:00,15.680000305175781,15.869999885559082,15.680000305175781,15.699999809265137,16900,0.0,0.0
2023-06-22 00:00:00-04:00,15.739999771118164,15.789999961853027,15.699999809265137,15.75,15400,0.0,0.0
2023-06-23 00:00:00-04:00,15.859999656677246,15.949999809265137,15.800000190734863,15.930000305175781,19700,0.0,0.0
2023-06-26 00:00:00-04:00,15.819999694824219,16.0,15.819999694824219,15.920000076293945,16500,0.0,0.0
2023-06-27 00:00:00-04:00,16.100000381469727,16.100000381469727,15.880000114440918,16.0,15900,0.0,0.0
2023-06-28 00:00:00-04:00,16.079999923706055,16.260000228881836,15.960000038146973,16.139999389648438,16800,0.0,0.0
2023-06-29 00:00:00-04:00,16.110000610351562,16.110000610351562,15.899999618530273,15.970000267028809,13000,0.0,0.0
2023-06-30 00:00:00-04:00,16.229999542236328,16.3700008392334,16.09000015258789,16.3700008392334,24200,0.0,0.0
2023-07-03 00:00:00-04:00,16.190000534057617,16.469999313354492,16.190000534057617,16.3700008392334,6100,0.0,0.0
2023-07-05 00:00:00-04:00,16.3700008392334,16.579999923706055,16.299999237060547,16.40999984741211,11100,0.0,0.0
2023-07-06 00:00:00-04:00,16.299999237060547,16.350000381469727,16.239999771118164,16.25,2800,0.0,0.0
2023-07-07 00:00:00-04:00,16.239999771118164,16.40999984741211,16.239999771118164,16.3700008392334,7000,0.0,0.0
2023-07-10 00:00:00-04:00,16.280000686645508,16.40999984741211,16.239999771118164,16.31999969482422,9100,0.0,0.0
2023-07-11 00:00:00-04:00,16.40999984741211,16.530000686645508,16.200000762939453,16.3799991607666,5600,0.0,0.0
2023-07-12 00:00:00-04:00,16.479999542236328,16.549999237060547,16.389999389648438,16.399999618530273,2500,0.0,0.0
2023-07-13 00:00:00-04:00,16.360000610351562,16.3799991607666,16.139999389648438,16.360000610351562,9600,0.0,0.0
2023-07-14 00:00:00-04:00,16.049999237060547,16.3799991607666,16.0,16.299999237060547,2700,0.0,0.0
2023-07-17 00:00:00-04:00,16.110000610351562,16.299999237060547,16.020000457763672,16.059999465942383,6900,0.0,0.0
2023-07-18 00:00:00-04:00,16.049999237060547,16.34000015258789,16.020000457763672,16.020000457763672,10200,0.0,0.0
2023-07-19 00:00:00-04:00,16.040000915527344,16.440000534057617,16.040000915527344,16.360000610351562,18100,0.0,0.0
2023-07-20 00:00:00-04:00,16.299999237060547,16.299999237060547,16.190000534057617,16.190000534057617,1900,0.0,0.0
2023-07-21 00:00:00-04:00,16.270000457763672,16.350000381469727,16.06999969482422,16.190000534057617,3700,0.0,0.0
2023-07-24 00:00:00-04:00,16.170000076293945,16.219999313354492,16.110000610351562,16.149999618530273,11100,0.0,0.0
2023-07-25 00:00:00-04:00,16.15999984741211,16.270000457763672,16.110000610351562,16.110000610351562,1800,0.0,0.0
2023-07-26 00:00:00-04:00,16.1299991607666,16.280000686645508,16.079999923706055,16.190000534057617,11000,0.0,0.0
2023-07-27 00:00:00-04:00,16.200000762939453,16.25,16.100000381469727,16.170000076293945,12400,0.0,0.0
2023-07-28 00:00:00-04:00,16.170000076293945,16.399999618530273,16.170000076293945,16.290000915527344,13900,0.0,0.0
2023-07-31 00:00:00-04:00,16.43000030517578,16.729999542236328,16.149999618530273,16.639999389648438,13000,0.0,0.0
2023-08-01 00:00:00-04:00,16.600000381469727,16.850000381469727,16.579999923706055,16.850000381469727,12600,0.0,0.0
2023-08-02 00:00:00-04:00,16.850000381469727,16.950000762939453,16.6299991607666,16.790000915527344,9700,0.0,0.0
2023-08-03 00:00:00-04:00,16.93000030517578,17.3700008392334,16.6200008392334,16.649999618530273,12400,0.0,0.0
2023-08-04 00:00:00-04:00,16.670000076293945,17.139999389648438,16.670000076293945,17.010000228881836,10700,0.0,0.0
2023-08-07 00:00:00-04:00,16.959999084472656,17.049999237060547,16.709999084472656,16.979999542236328,26700,0.0,0.0
2023-08-08 00:00:00-04:00,16.989999771118164,17.020000457763672,16.520000457763672,16.549999237060547,16400,0.0,0.0
2023-08-09 00:00:00-04:00,16.600000381469727,16.600000381469727,16.260000228881836,16.469999313354492,4200,0.0,0.0
2023-08-10 00:00:00-04:00,16.469999313354492,16.510000228881836,16.200000762939453,16.200000762939453,8100,0.0,0.0
2023-08-11 00:00:00-04:00,16.200000762939453,16.229999542236328,16.09000015258789,16.18000030517578,14400,0.0,0.0
2023-08-14 00:00:00-04:00,16.100000381469727,16.100000381469727,16.020000457763672,16.059999465942383,3000,0.0,0.0
2023-08-15 00:00:00-04:00,16.0,16.170000076293945,15.8100004196167,15.8100004196167,38900,0.0,0.0
2023-08-16 00:00:00-04:00,15.770000457763672,15.850000381469727,15.760000228881836,15.760000228881836,9600,0.0,0.0
2023-08-17 00:00:00-04:00,15.760000228881836,15.8100004196167,15.649999618530273,15.670000076293945,8200,0.0,0.0
2023-08-18 00:00:00-04:00,15.640000343322754,15.800000190734863,15.640000343322754,15.6899995803833,3900,0.0,0.0
2023-08-21 00:00:00-04:00,15.649999618530273,15.710000038146973,15.569999694824219,15.569999694824219,10800,0.0,0.0
2023-08-22 00:00:00-04:00,15.619999885559082,15.800000190734863,15.600000381469727,15.600000381469727,4300,0.0,0.0
2023-08-23 00:00:00-04:00,15.699999809265137,15.779999732971191,15.699999809265137,15.75,6300,0.0,0.0
2023-08-24 00:00:00-04:00,15.75,15.75,15.550000190734863,15.5600004196167,15600,0.0,0.0
2023-08-25 00:00:00-04:00,15.5600004196167,15.680000305175781,15.5600004196167,15.630000114440918,5100,0.0,0.0
2023-08-28 00:00:00-04:00,15.619999885559082,15.649999618530273,15.550000190734863,15.5600004196167,5800,0.0,0.0
2023-08-29 00:00:00-04:00,15.680000305175781,15.800000190734863,15.550000190734863,15.710000038146973,9800,0.0,0.0
2023-08-30 00:00:00-04:00,15.680000305175781,15.90999984741211,15.680000305175781,15.800000190734863,36900,0.0,0.0
2023-08-31 00:00:00-04:00,16.0,16.06999969482422,15.829999923706055,15.989999771118164,13400,0.0,0.0
2023-09-01 00:00:00-04:00,15.989999771118164,16.110000610351562,15.930000305175781,16.110000610351562,5600,0.0,0.0
2023-09-05 00:00:00-04:00,15.949999809265137,16.059999465942383,15.869999885559082,16.020000457763672,12800,0.0,0.0
2023-09-06 00:00:00-04:00,16.0,16.799999237060547,16.0,16.010000228881836,7900,0.0,0.0
2023-09-07 00:00:00-04:00,16.0,16.6200008392334,16.0,16.040000915527344,12400,0.0,0.0
2023-09-08 00:00:00-04:00,16.15999984741211,16.239999771118164,16.010000228881836,16.1299991607666,4600,0.0,0.0
2023-09-11 00:00:00-04:00,16.010000228881836,16.15999984741211,15.850000381469727,15.869999885559082,28900,0.0,0.0
2023-09-12 00:00:00-04:00,15.84000015258789,16.139999389648438,15.84000015258789,15.880000114440918,17000,0.0,0.0
2023-09-13 00:00:00-04:00,15.890000343322754,16.15999984741211,15.880000114440918,15.880000114440918,2600,0.0,0.0
2023-09-14 00:00:00-04:00,15.800000190734863,15.9399995803833,15.800000190734863,15.869999885559082,9600,0.0,0.0
2023-09-15 00:00:00-04:00,15.850000381469727,16.06999969482422,15.850000381469727,16.030000686645508,2100,0.0,0.0
2023-09-18 00:00:00-04:00,15.880000114440918,16.010000228881836,15.800000190734863,16.0,5300,0.0,0.0
2023-09-19 00:00:00-04:00,15.979999542236328,15.979999542236328,15.649999618530273,15.649999618530273,5200,0.0,0.0
2023-09-20 00:00:00-04:00,15.729999542236328,15.729999542236328,15.289999961853027,15.289999961853027,41700,0.0,0.0
2023-09-21 00:00:00-04:00,15.289999961853027,15.390000343322754,15.130000114440918,15.130000114440918,15700,0.0,0.0
2023-09-22 00:00:00-04:00,15.149999618530273,15.270000457763672,15.039999961853027,15.100000381469727,10100,0.0,0.0
2023-09-25 00:00:00-04:00,15.039999961853027,15.100000381469727,14.75,14.8100004196167,38200,0.0,0.0
2023-09-26 00:00:00-04:00,14.869999885559082,14.869999885559082,14.399999618530273,14.470000267028809,52200,0.0,0.0
2023-09-27 00:00:00-04:00,14.470000267028809,14.470000267028809,14.199999809265137,14.319999694824219,13700,0.0,0.0
2023-09-28 00:00:00-04:00,14.319999694824219,14.420000076293945,14.140000343322754,14.3100004196167,41900,0.0,0.0
2023-09-29 00:00:00-04:00,14.710000038146973,14.710000038146973,14.270000457763672,14.359999656677246,22700,0.0,0.0
2023-10-02 00:00:00-04:00,14.3100004196167,14.489999771118164,14.210000038146973,14.260000228881836,10000,0.0,0.0
2023-10-03 00:00:00-04:00,14.239999771118164,14.489999771118164,14.140000343322754,14.170000076293945,28200,0.0,0.0
2023-10-04 00:00:00-04:00,14.229999542236328,14.529999732971191,14.229999542236328,14.229999542236328,23500,0.0,0.0
2023-10-05 00:00:00-04:00,14.289999961853027,14.289999961853027,13.960000038146973,14.0600004196167,18900,0.0,0.0
2023-10-06 00:00:00-04:00,14.0600004196167,14.119999885559082,13.960000038146973,14.050000190734863,23900,0.0,0.0
2023-10-09 00:00:00-04:00,14.149999618530273,14.15999984741211,14.010000228881836,14.09000015258789,18300,0.0,0.0
2023-10-10 00:00:00-04:00,14.050000190734863,14.319999694824219,14.020000457763672,14.279999732971191,35800,0.0,0.0
2023-10-11 00:00:00-04:00,14.359999656677246,14.40999984741211,14.25,14.300000190734863,31200,0.0,0.0
2023-10-12 00:00:00-04:00,14.359999656677246,14.460000038146973,14.039999961853027,14.0600004196167,29300,0.0,0.0
2023-10-13 00:00:00-04:00,14.140000343322754,14.350000381469727,14.100000381469727,14.15999984741211,8100,0.0,0.0
2023-10-16 00:00:00-04:00,14.149999618530273,14.15999984741211,13.979999542236328,13.979999542236328,6300,0.0,0.0
2023-10-17 00:00:00-04:00,13.949999809265137,14.300000190734863,13.699999809265137,13.920000076293945,62400,0.0,0.0
2023-10-18 00:00:00-04:00,13.920000076293945,13.9399995803833,13.8100004196167,13.880000114440918,8500,0.0,0.0
2023-10-19 00:00:00-04:00,13.850000381469727,13.880000114440918,13.729999542236328,13.729999542236328,9700,0.0,0.0
2023-10-20 00:00:00-04:00,13.770000457763672,13.869999885559082,13.680000305175781,13.770000457763672,9000,0.0,0.0
2023-10-23 00:00:00-04:00,13.670000076293945,13.6899995803833,13.550000190734863,13.550000190734863,25500,0.0,0.0
2023-10-24 00:00:00-04:00,13.630000114440918,13.720000267028809,13.510000228881836,13.569999694824219,18900,0.0,0.0
2023-10-25 00:00:00-04:00,13.609999656677246,13.670000076293945,13.40999984741211,13.40999984741211,19500,0.0,0.0
2023-10-26 00:00:00-04:00,13.449999809265137,13.529999732971191,13.359999656677246,13.449999809265137,16600,0.0,0.0
2023-10-27 00:00:00-04:00,13.449999809265137,13.449999809265137,13.050000190734863,13.1899995803833,55600,0.0,0.0
2023-10-30 00:00:00-04:00,13.229999542236328,13.4399995803833,13.130000114440918,13.34000015258789,13800,0.0,0.0
2023-10-31 00:00:00-04:00,13.449999809265137,13.75,13.260000228881836,13.670000076293945,39000,0.0,0.0
2023-11-01 00:00:00-04:00,13.789999961853027,14.039999961853027,13.630000114440918,13.930000305175781,11000,0.0,0.0
2023-11-02 00:00:00-04:00,14.0600004196167,14.199999809265137,13.949999809265137,14.149999618530273,25000,0.0,0.0
2023-11-03 00:00:00-04:00,14.239999771118164,14.350000381469727,14.149999618530273,14.34000015258789,30400,0.0,0.0
2023-11-06 00:00:00-05:00,14.289999961853027,14.289999961853027,14.079999923706055,14.149999618530273,18400,0.0,0.0
2023-11-07 00:00:00-05:00,14.170000076293945,14.350000381469727,14.170000076293945,14.350000381469727,13700,0.0,0.0
2023-11-08 00:00:00-05:00,14.350000381469727,14.539999961853027,14.229999542236328,14.510000228881836,21300,0.0,0.0
2023-11-09 00:00:00-05:00,14.59000015258789,14.59000015258789,14.329999923706055,14.380000114440918,7600,0.0,0.0
2023-11-10 00:00:00-05:00,14.329999923706055,14.569999694824219,14.329999923706055,14.539999961853027,14000,0.0,0.0
2023-11-13 00:00:00-05:00,14.40999984741211,14.600000381469727,14.399999618530273,14.470000267028809,12500,0.0,0.0
2023-11-14 00:00:00-05:00,14.5,14.649999618530273,14.420000076293945,14.619999885559082,41000,0.0,0.0
2023-11-15 00:00:00-05:00,14.619999885559082,14.630000114440918,14.569999694824219,14.619999885559082,13100,0.0,0.0
2023-11-16 00:00:00-05:00,14.649999618530273,15.109999656677246,14.600000381469727,15.069999694824219,60600,0.0,0.0
2023-11-17 00:00:00-05:00,15.149999618530273,15.270000457763672,15.0,15.260000228881836,27700,0.0,0.0
2023-11-20 00:00:00-05:00,15.170000076293945,15.289999961853027,15.079999923706055,15.270000457763672,41900,0.0,0.0
2023-11-21 00:00:00-05:00,15.170000076293945,15.25,15.140000343322754,15.180000305175781,21100,0.0,0.0
2023-11-22 00:00:00-05:00,15.180000305175781,15.220000267028809,15.100000381469727,15.210000038146973,14400,0.0,0.0
2023-11-24 00:00:00-05:00,15.130000114440918,15.260000228881836,15.119999885559082,15.25,13500,0.0,0.0
2023-11-27 00:00:00-05:00,15.25,15.260000228881836,15.069999694824219,15.220000267028809,21300,0.0,0.0
2023-11-28 00:00:00-05:00,15.260000228881836,15.489999771118164,15.15999984741211,15.199999809265137,23900,0.0,0.0
2023-11-29 00:00:00-05:00,15.300000190734863,15.510000228881836,15.130000114440918,15.369999885559082,30300,0.0,0.0
2023-11-30 00:00:00-05:00,15.619999885559082,15.619999885559082,15.170000076293945,15.260000228881836,26900,0.0,0.0
2023-12-01 00:00:00-05:00,15.40999984741211,15.510000228881836,15.300000190734863,15.40999984741211,47500,0.0,0.0
2023-12-04 00:00:00-05:00,15.399999618530273,15.479999542236328,15.09000015258789,15.1899995803833,43700,0.0,0.0
2023-12-05 00:00:00-05:00,15.25,15.4399995803833,15.09000015258789,15.170000076293945,87700,0.0,0.0
2023-12-06 00:00:00-05:00,15.130000114440918,15.34000015258789,15.100000381469727,15.170000076293945,61600,0.0,0.0
2023-12-07 00:00:00-05:00,15.180000305175781,15.300000190734863,15.140000343322754,15.260000228881836,20200,0.0,0.0
2023-12-08 00:00:00-05:00,15.220000267028809,15.430000305175781,15.220000267028809,15.430000305175781,16500,0.0,0.0
2023-12-11 00:00:00-05:00,15.369999885559082,15.380000114440918,15.170000076293945,15.210000038146973,14200,0.0,0.0
2023-12-12 00:00:00-05:00,15.34000015258789,15.34000015258789,15.15999984741211,15.199999809265137,38100,0.0,0.0
2023-12-13 00:00:00-05:00,15.1899995803833,15.359999656677246,15.140000343322754,15.34000015258789,44800,0.0,0.0
2023-12-14 00:00:00-05:00,15.300000190734863,15.479999542236328,15.300000190734863,15.420000076293945,29000,0.0,0.0
2023-12-15 00:00:00-05:00,15.539999961853027,15.539999961853027,15.319999694824219,15.420000076293945,39400,0.0,0.0
2023-12-18 00:00:00-05:00,15.350000381469727,15.40999984741211,15.25,15.380000114440918,41100,0.0,0.0
2023-12-19 00:00:00-05:00,15.399999618530273,15.850000381469727,15.399999618530273,15.520000457763672,66700,0.0,0.0
2023-12-20 00:00:00-05:00,15.470000267028809,15.600000381469727,15.279999732971191,15.319999694824219,55100,0.0,0.0
2023-12-21 00:00:00-05:00,15.34000015258789,15.399999618530273,15.239999771118164,15.270000457763672,28400,0.0,0.0
2023-12-22 00:00:00-05:00,15.279999732971191,15.420000076293945,15.279999732971191,15.319999694824219,35400,0.0,0.0
2023-12-26 00:00:00-05:00,15.300000190734863,15.369999885559082,15.279999732971191,15.359999656677246,53700,0.0,0.0
2023-12-27 00:00:00-05:00,15.359999656677246,15.5600004196167,15.289999961853027,15.319999694824219,45800,0.0,0.0
2023-12-28 00:00:00-05:00,15.260000228881836,15.510000228881836,15.09000015258789,15.210000038146973,86700,0.0,0.0
2023-12-29 00:00:00-05:00,15.380000114440918,15.380000114440918,15.119999885559082,15.229999542236328,51100,0.0,0.0
2024-01-02 00:00:00-05:00,15.260000228881836,15.470000267028809,15.239999771118164,15.390000343322754,16000,0.0,0.0
2024-01-03 00:00:00-05:00,15.579999923706055,15.630000114440918,15.449999809265137,15.630000114440918,17000,0.0,0.0
2024-01-04 00:00:00-05:00,15.630000114440918,15.84000015258789,15.630000114440918,15.84000015258789,16300,0.0,0.0
2024-01-05 00:00:00-05:00,15.710000038146973,15.90999984741211,15.640000343322754,15.760000228881836,9400,0.0,0.0
2024-01-08 00:00:00-05:00,15.770000457763672,15.989999771118164,15.770000457763672,15.949999809265137,7800,0.0,0.0
2024-01-09 00:00:00-05:00,15.880000114440918,15.979999542236328,15.859999656677246,15.869999885559082,6600,0.0,0.0
2024-01-10 00:00:00-05:00,15.949999809265137,15.949999809265137,15.800000190734863,15.859999656677246,10800,0.0,0.0
2024-01-11 00:00:00-05:00,15.899999618530273,15.90999984741211,15.829999923706055,15.859999656677246,8300,0.0,0.0
2024-01-12 00:00:00-05:00,15.84000015258789,15.890000343322754,15.680000305175781,15.739999771118164,17600,0.0,0.0
2024-01-16 00:00:00-05:00,15.880000114440918,15.880000114440918,15.460000038146973,15.529999732971191,22500,0.0,0.0
2024-01-17 00:00:00-05:00,15.640000343322754,15.640000343322754,15.449999809265137,15.510000228881836,10000,0.0,0.0
2024-01-18 00:00:00-05:00,15.510000228881836,15.550000190734863,15.350000381469727,15.399999618530273,2800,0.0,0.0
2024-01-19 00:00:00-05:00,15.369999885559082,15.460000038146973,15.1899995803833,15.260000228881836,12000,0.0,0.0
2024-01-22 00:00:00-05:00,15.300000190734863,15.680000305175781,15.300000190734863,15.550000190734863,17900,0.0,0.0
2024-01-23 00:00:00-05:00,15.640000343322754,15.640000343322754,15.5,15.550000190734863,3700,0.0,0.0
2024-01-24 00:00:00-05:00,15.5,15.800000190734863,15.5,15.609999656677246,27800,0.0,0.0
2024-01-25 00:00:00-05:00,15.489999771118164,15.760000228881836,15.489999771118164,15.640000343322754,6900,0.0,0.0
2024-01-26 00:00:00-05:00,15.819999694824219,15.819999694824219,15.5600004196167,15.720000267028809,10000,0.0,0.0
2024-01-29 00:00:00-05:00,15.609999656677246,15.850000381469727,15.5600004196167,15.729999542236328,38800,0.0,0.0
2024-01-30 00:00:00-05:00,15.720000267028809,15.819999694824219,15.609999656677246,15.699999809265137,27600,0.0,0.0
2024-01-31 00:00:00-05:00,15.920000076293945,15.930000305175781,15.739999771118164,15.90999984741211,13400,0.0,0.0
2024-02-01 00:00:00-05:00,15.9399995803833,16.100000381469727,15.9399995803833,16.059999465942383,17900,0.0,0.0
2024-02-02 00:00:00-05:00,16.010000228881836,16.030000686645508,15.850000381469727,15.90999984741211,12900,0.0,0.0
2024-02-05 00:00:00-05:00,15.859999656677246,15.880000114440918,15.739999771118164,15.819999694824219,23500,0.0,0.0
2024-02-06 00:00:00-05:00,15.989999771118164,15.989999771118164,15.84000015258789,15.960000038146973,2800,0.0,0.0
2024-02-07 00:00:00-05:00,16.049999237060547,16.049999237060547,15.84000015258789,15.949999809265137,28800,0.0,0.0
2024-02-08 00:00:00-05:00,15.9399995803833,15.979999542236328,15.890000343322754,15.960000038146973,12700,0.0,0.0
2024-02-09 00:00:00-05:00,15.930000305175781,16.049999237060547,15.930000305175781,16.010000228881836,4700,0.0,0.0
2024-02-12 00:00:00-05:00,15.960000038146973,16.020000457763672,15.960000038146973,16.010000228881836,15700,0.0,0.0
2024-02-13 00:00:00-05:00,15.920000076293945,16.030000686645508,15.880000114440918,15.899999618530273,4500,0.0,0.0
2024-02-14 00:00:00-05:00,15.970000267028809,16.200000762939453,15.899999618530273,16.020000457763672,29800,0.0,0.0
2024-02-15 00:00:00-05:00,16.030000686645508,16.190000534057617,16.030000686645508,16.110000610351562,1600,0.0,0.0
2024-02-16 00:00:00-05:00,16.190000534057617,16.34000015258789,16.079999923706055,16.100000381469727,18200,0.0,0.0
2024-02-20 00:00:00-05:00,15.850000381469727,16.280000686645508,15.850000381469727,16.200000762939453,12300,0.0,0.0
2024-02-21 00:00:00-05:00,16.350000381469727,16.440000534057617,16.190000534057617,16.190000534057617,34900,0.0,0.0
2024-02-22 00:00:00-05:00,16.329999923706055,16.489999771118164,16.18000030517578,16.270000457763672,10700,0.0,0.0
2024-02-23 00:00:00-05:00,16.299999237060547,16.479999542236328,16.200000762939453,16.219999313354492,16100,0.0,0.0
2024-02-26 00:00:00-05:00,16.34000015258789,16.34000015258789,15.84000015258789,15.890000343322754,31400,0.0,0.0
2024-02-27 00:00:00-05:00,15.880000114440918,15.930000305175781,15.850000381469727,15.859999656677246,11500,0.0,0.0
2024-02-28 00:00:00-05:00,15.920000076293945,16.25,15.899999618530273,16.0,35900,0.0,0.0
2024-02-29 00:00:00-05:00,15.930000305175781,16.309999465942383,15.930000305175781,16.09000015258789,23000,0.0,0.0
2024-03-01 00:00:00-05:00,16.100000381469727,16.200000762939453,16.100000381469727,16.149999618530273,20200,0.0,0.0
2024-03-04 00:00:00-05:00,16.3799991607666,16.389999389648438,15.949999809265137,16.049999237060547,30400,0.0,0.0
2024-03-05 00:00:00-05:00,16.270000457763672,16.350000381469727,16.149999618530273,16.329999923706055,8800,0.0,0.0
2024-03-06 00:00:00-05:00,16.280000686645508,16.280000686645508,16.260000228881836,16.280000686645508,5100,0.0,0.0
2024-03-07 00:00:00-05:00,16.389999389648438,16.389999389648438,16.309999465942383,16.31999969482422,6000,0.0,0.0
2024-03-08 00:00:00-05:00,16.25,16.260000228881836,16.110000610351562,16.260000228881836,24000,0.0,0.0
2024-03-11 00:00:00-04:00,16.18000030517578,16.3700008392334,16.18000030517578,16.299999237060547,6000,0.0,0.0
2024-03-12 00:00:00-04:00,16.25,16.399999618530273,16.25,16.350000381469727,5200,0.0,0.0
2024-03-13 00:00:00-04:00,16.34000015258789,16.43000030517578,16.34000015258789,16.399999618530273,4800,0.0,0.0
2024-03-14 00:00:00-04:00,16.280000686645508,16.3799991607666,16.200000762939453,16.200000762939453,7800,0.0,0.0
2024-03-15 00:00:00-04:00,16.360000610351562,16.5,16.270000457763672,16.5,7100,0.0,0.0
2024-03-18 00:00:00-04:00,16.399999618530273,16.5,16.200000762939453,16.309999465942383,17600,0.0,0.0
2024-03-19 00:00:00-04:00,16.420000076293945,16.489999771118164,16.15999984741211,16.15999984741211,17300,0.0,0.0
2024-03-20 00:00:00-04:00,16.200000762939453,16.200000762939453,16.049999237060547,16.139999389648438,20800,0.0,0.0
2024-03-21 00:00:00-04:00,16.100000381469727,16.110000610351562,16.059999465942383,16.110000610351562,12100,0.0,0.0
2024-03-22 00:00:00-04:00,16.1299991607666,16.1299991607666,16.020000457763672,16.06999969482422,14400,0.0,0.0
2024-03-25 00:00:00-04:00,16.059999465942383,16.059999465942383,15.970000267028809,16.020000457763672,16800,0.0,0.0
2024-03-26 00:00:00-04:00,16.09000015258789,16.09000015258789,15.90999984741211,15.979999542236328,16300,0.0,0.0
2024-03-27 00:00:00-04:00,16.049999237060547,16.049999237060547,15.970000267028809,16.040000915527344,11400,0.0,0.0
2024-03-28 00:00:00-04:00,16.09000015258789,16.100000381469727,15.949999809265137,16.100000381469727,23200,0.0,0.0
2024-04-01 00:00:00-04:00,16.100000381469727,16.1299991607666,15.8100004196167,15.979999542236328,34300,0.0,0.0
2024-04-02 00:00:00-04:00,16.0,16.020000457763672,15.949999809265137,15.979999542236328,31300,0.0,0.0
2024-04-03 00:00:00-04:00,15.899999618530273,16.0,15.850000381469727,15.890000343322754,34100,0.0,0.0
2024-04-04 00:00:00-04:00,15.930000305175781,15.960000038146973,15.869999885559082,15.890000343322754,11000,0.0,0.0
2024-04-05 00:00:00-04:00,15.899999618530273,15.899999618530273,15.760000228881836,15.8100004196167,15300,0.0,0.0
2024-04-08 00:00:00-04:00,15.8100004196167,15.899999618530273,15.779999732971191,15.890000343322754,17900,0.0,0.0
2024-04-09 00:00:00-04:00,16.0,16.0,15.880000114440918,15.90999984741211,6000,0.0,0.0
2024-04-10 00:00:00-04:00,15.859999656677246,16.0,15.5600004196167,15.65999984741211,20300,0.0,0.0
2024-04-11 00:00:00-04:00,15.6899995803833,15.819999694824219,15.649999618530273,15.699999809265137,14900,0.0,0.0
2024-04-12 00:00:00-04:00,15.649999618530273,15.699999809265137,15.5,15.579999923706055,22100,0.0,0.0
2024-04-15 00:00:00-04:00,15.619999885559082,15.619999885559082,15.289999961853027,15.319999694824219,13700,0.0,0.0
2024-04-16 00:00:00-04:00,15.279999732971191,15.520000457763672,15.279999732971191,15.390000343322754,17400,0.0,0.0
2024-04-17 00:00:00-04:00,15.420000076293945,15.5,15.399999618530273,15.470000267028809,14100,0.0,0.0
2024-04-18 00:00:00-04:00,15.420000076293945,15.520000457763672,15.390000343322754,15.420000076293945,19000,0.0,0.0
2024-04-19 00:00:00-04:00,15.390000343322754,15.489999771118164,15.390000343322754,15.420000076293945,10600,0.0,0.0
2024-04-22 00:00:00-04:00,15.390000343322754,15.420000076293945,15.239999771118164,15.359999656677246,7800,0.0,0.0
2024-04-23 00:00:00-04:00,15.430000305175781,15.479999542236328,15.430000305175781,15.449999809265137,14800,0.0,0.0
2024-04-24 00:00:00-04:00,15.529999732971191,15.619999885559082,15.4399995803833,15.449999809265137,9200,0.0,0.0
2024-04-25 00:00:00-04:00,15.40999984741211,15.430000305175781,15.359999656677246,15.369999885559082,4900,0.0,0.0
2024-04-26 00:00:00-04:00,15.579999923706055,15.579999923706055,15.369999885559082,15.420000076293945,12500,0.0,0.0
2024-04-29 00:00:00-04:00,15.399999618530273,15.479999542236328,15.399999618530273,15.460000038146973,14100,0.0,0.0
2024-04-30 00:00:00-04:00,15.520000457763672,15.520000457763672,15.350000381469727,15.390000343322754,14200,0.0,0.0
2024-05-01 00:00:00-04:00,15.489999771118164,15.529999732971191,15.4399995803833,15.449999809265137,4500,0.0,0.0
2024-05-02 00:00:00-04:00,15.430000305175781,15.569999694824219,15.390000343322754,15.470000267028809,9300,0.0,0.0
2024-05-03 00:00:00-04:00,15.520000457763672,15.59000015258789,15.510000228881836,15.539999961853027,9400,0.0,0.0
2024-05-06 00:00:00-04:00,15.619999885559082,15.789999961853027,15.59000015258789,15.729999542236328,24900,0.0,0.0
2024-05-07 00:00:00-04:00,15.75,16.040000915527344,15.75,16.010000228881836,32500,0.0,0.0
2024-05-08 00:00:00-04:00,16.040000915527344,16.040000915527344,15.890000343322754,16.020000457763672,4100,0.0,0.0
2024-05-09 00:00:00-04:00,15.880000114440918,16.049999237060547,15.880000114440918,16.049999237060547,2900,0.0,0.0
2024-05-10 00:00:00-04:00,16.040000915527344,16.06999969482422,15.949999809265137,16.059999465942383,21700,0.0,0.0
2024-05-13 00:00:00-04:00,16.040000915527344,16.040000915527344,15.930000305175781,16.0,15100,0.0,0.0
2024-05-14 00:00:00-04:00,16.010000228881836,16.040000915527344,15.90999984741211,15.970000267028809,4100,0.0,0.0
2024-05-15 00:00:00-04:00,15.789999961853027,16.18000030517578,15.789999961853027,16.170000076293945,14200,0.0,0.0
2024-05-16 00:00:00-04:00,15.949999809265137,16.100000381469727,15.949999809265137,15.989999771118164,5300,0.0,0.0
2024-05-17 00:00:00-04:00,16.09000015258789,16.09000015258789,15.84000015258789,15.979999542236328,2200,0.0,0.0
2024-05-20 00:00:00-04:00,16.059999465942383,16.25,15.9399995803833,16.25,5600,0.0,0.0
2024-05-21 00:00:00-04:00,16.139999389648438,16.139999389648438,16.0,16.079999923706055,6100,0.0,0.0
2024-05-22 00:00:00-04:00,16.15999984741211,16.15999984741211,15.84000015258789,15.880000114440918,15400,0.0,0.0
2024-05-23 00:00:00-04:00,15.880000114440918,15.899999618530273,15.680000305175781,15.770000457763672,24900,0.0,0.0
2024-05-24 00:00:00-04:00,15.890000343322754,15.890000343322754,15.8100004196167,15.819999694824219,10900,0.0,0.0
2024-05-28 00:00:00-04:00,15.890000343322754,15.890000343322754,15.640000343322754,15.699999809265137,12900,0.0,0.0
2024-05-29 00:00:00-04:00,15.65999984741211,15.670000076293945,15.579999923706055,15.579999923706055,8000,0.0,0.0
2024-05-30 00:00:00-04:00,15.65999984741211,15.720000267028809,15.619999885559082,15.640000343322754,6300,0.0,0.0
2024-05-31 00:00:00-04:00,16.1200008392334,16.1200008392334,15.65999984741211,15.6899995803833,10900,0.0,0.0
2024-06-03 00:00:00-04:00,15.729999542236328,15.850000381469727,15.729999542236328,15.800000190734863,9900,0.0,0.0
2024-06-04 00:00:00-04:00,15.760000228881836,15.850000381469727,15.75,15.760000228881836,23200,0.0,0.0
2024-06-05 00:00:00-04:00,15.75,16.110000610351562,15.75,15.84000015258789,13100,0.0,0.0
2024-06-06 00:00:00-04:00,15.880000114440918,15.989999771118164,15.859999656677246,15.930000305175781,3500,0.0,0.0
2024-06-07 00:00:00-04:00,15.890000343322754,16.139999389648438,15.829999923706055,16.0,17700,0.0,0.0
2024-06-10 00:00:00-04:00,16.040000915527344,16.25,15.880000114440918,16.110000610351562,5800,0.0,0.0
2024-06-11 00:00:00-04:00,16.110000610351562,16.399999618530273,16.020000457763672,16.09000015258789,34700,0.0,0.0
2024-06-12 00:00:00-04:00,16.190000534057617,16.420000076293945,16.020000457763672,16.290000915527344,4900,0.0,0.0
2024-06-13 00:00:00-04:00,16.209999084472656,16.219999313354492,16.020000457763672,16.049999237060547,16000,0.0,0.0
2024-06-14 00:00:00-04:00,16.149999618530273,16.149999618530273,15.869999885559082,15.979999542236328,5200,0.0,0.0
2024-06-17 00:00:00-04:00,15.979999542236328,16.190000534057617,15.899999618530273,15.960000038146973,6100,0.0,0.0
2024-06-18 00:00:00-04:00,16.049999237060547,16.049999237060547,15.859999656677246,15.899999618530273,24600,0.0,0.0
2024-06-20 00:00:00-04:00,15.8100004196167,15.890000343322754,15.760000228881836,15.819999694824219,16400,0.0,0.0
2024-06-21 00:00:00-04:00,15.819999694824219,15.899999618530273,15.800000190734863,15.800000190734863,6100,0.0,0.0
2024-06-24 00:00:00-04:00,15.90999984741211,15.920000076293945,15.819999694824219,15.829999923706055,6000,0.0,0.0
2024-06-25 00:00:00-04:00,15.859999656677246,15.920000076293945,15.800000190734863,15.899999618530273,7200,0.0,0.0
2024-06-26 00:00:00-04:00,15.880000114440918,15.890000343322754,15.739999771118164,15.75,33700,0.0,0.0
2024-06-27 00:00:00-04:00,15.899999618530273,15.9399995803833,15.75,15.75,24400,0.0,0.0
2024-06-28 00:00:00-04:00,15.829999923706055,15.930000305175781,15.8100004196167,15.90999984741211,17500,0.0,0.0
2024-07-01 00:00:00-04:00,15.90999984741211,15.960000038146973,15.720000267028809,15.75,37400,0.0,0.0
2024-07-02 00:00:00-04:00,15.84000015258789,15.850000381469727,15.75,15.829999923706055,47700,0.0,0.0
2024-07-03 00:00:00-04:00,15.8100004196167,15.90999984741211,15.800000190734863,15.899999618530273,22200,0.0,0.0
2024-07-05 00:00:00-04:00,15.949999809265137,15.949999809265137,15.859999656677246,15.899999618530273,22500,0.0,0.0
