Date,Open,High,Low,Close,Volume,Dividends,Stock Splits
2021-04-16 00:00:00-04:00,9.699999809265137,9.829999923706055,9.699999809265137,9.800000190734863,5900,0.0,0.0
2021-04-19 00:00:00-04:00,9.850000381469727,9.899999618530273,9.800000190734863,9.899999618530273,154100,0.0,0.0
2021-04-20 00:00:00-04:00,9.8100004196167,9.819999694824219,9.800000190734863,9.819999694824219,200000,0.0,0.0
2021-04-21 00:00:00-04:00,9.800000190734863,9.8149995803833,9.720000267028809,9.789999961853027,219600,0.0,0.0
2021-04-22 00:00:00-04:00,9.789999961853027,9.789999961853027,9.779999732971191,9.789999961853027,21200,0.0,0.0
2021-04-23 00:00:00-04:00,9.789999961853027,9.791000366210938,9.779999732971191,9.789999961853027,89400,0.0,0.0
2021-04-26 00:00:00-04:00,9.800000190734863,9.8100004196167,9.800000190734863,9.800000190734863,114100,0.0,0.0
2021-04-27 00:00:00-04:00,9.800000190734863,9.869999885559082,9.800000190734863,9.850000381469727,13900,0.0,0.0
2021-04-28 00:00:00-04:00,9.800000190734863,9.829999923706055,9.800000190734863,9.800000190734863,19100,0.0,0.0
2021-04-29 00:00:00-04:00,9.800000190734863,9.869999885559082,9.800000190734863,9.850000381469727,87600,0.0,0.0
2021-04-30 00:00:00-04:00,9.800000190734863,9.850000381469727,9.800000190734863,9.850000381469727,69900,0.0,0.0
2021-05-03 00:00:00-04:00,9.850000381469727,9.850000381469727,9.829999923706055,9.829999923706055,14300,0.0,0.0
2021-05-04 00:00:00-04:00,9.829999923706055,9.850000381469727,9.829999923706055,9.829999923706055,14500,0.0,0.0
2021-05-05 00:00:00-04:00,9.829999923706055,9.859999656677246,9.829999923706055,9.850000381469727,272800,0.0,0.0
2021-05-06 00:00:00-04:00,9.833000183105469,9.850000381469727,9.833000183105469,9.850000381469727,300,0.0,0.0
2021-05-07 00:00:00-04:00,9.850000381469727,9.850000381469727,9.829999923706055,9.84000015258789,9300,0.0,0.0
2021-05-10 00:00:00-04:00,9.84000015258789,9.84000015258789,9.829999923706055,9.829999923706055,129600,0.0,0.0
2021-05-11 00:00:00-04:00,9.829999923706055,9.829999923706055,9.829999923706055,9.829999923706055,22900,0.0,0.0
2021-05-12 00:00:00-04:00,9.829999923706055,9.829999923706055,9.829999923706055,9.829999923706055,0,0.0,0.0
2021-05-13 00:00:00-04:00,9.800000190734863,9.800000190734863,9.800000190734863,9.800000190734863,1500,0.0,0.0
2021-05-14 00:00:00-04:00,9.770000457763672,9.770000457763672,9.770000457763672,9.770000457763672,300,0.0,0.0
2021-05-17 00:00:00-04:00,9.800000190734863,9.8100004196167,9.789999961853027,9.789999961853027,24400,0.0,0.0
2021-05-18 00:00:00-04:00,9.789999961853027,9.789999961853027,9.789999961853027,9.789999961853027,200,0.0,0.0
2021-05-19 00:00:00-04:00,9.789999961853027,9.789999961853027,9.789999961853027,9.789999961853027,300,0.0,0.0
2021-05-20 00:00:00-04:00,9.789999961853027,9.800000190734863,9.789999961853027,9.800000190734863,500,0.0,0.0
2021-05-21 00:00:00-04:00,9.800000190734863,9.800000190734863,9.800000190734863,9.800000190734863,1100,0.0,0.0
2021-05-24 00:00:00-04:00,9.800000190734863,9.800000190734863,9.800000190734863,9.800000190734863,0,0.0,0.0
2021-05-25 00:00:00-04:00,9.800000190734863,9.800000190734863,9.800000190734863,9.800000190734863,1100,0.0,0.0
2021-05-26 00:00:00-04:00,9.819999694824219,9.829999923706055,9.789999961853027,9.824000358581543,4800,0.0,0.0
2021-05-27 00:00:00-04:00,9.829999923706055,9.84000015258789,9.800000190734863,9.84000015258789,13000,0.0,0.0
2021-05-28 00:00:00-04:00,9.84000015258789,9.84000015258789,9.84000015258789,9.84000015258789,100,0.0,0.0
2021-06-01 00:00:00-04:00,9.84000015258789,9.84000015258789,9.84000015258789,9.84000015258789,0,0.0,0.0
2021-06-02 00:00:00-04:00,9.84000015258789,9.84000015258789,9.84000015258789,9.84000015258789,1900,0.0,0.0
2021-06-03 00:00:00-04:00,9.84000015258789,9.84000015258789,9.84000015258789,9.84000015258789,0,0.0,0.0
2021-06-04 00:00:00-04:00,9.84000015258789,9.84000015258789,9.84000015258789,9.84000015258789,0,0.0,0.0
2021-06-07 00:00:00-04:00,9.84000015258789,9.84000015258789,9.84000015258789,9.84000015258789,0,0.0,0.0
2021-06-08 00:00:00-04:00,9.84000015258789,9.84000015258789,9.84000015258789,9.84000015258789,0,0.0,0.0
2021-06-09 00:00:00-04:00,9.84000015258789,9.84000015258789,9.84000015258789,9.84000015258789,0,0.0,0.0
2021-06-10 00:00:00-04:00,9.84000015258789,9.84000015258789,9.84000015258789,9.84000015258789,800,0.0,0.0
2021-06-11 00:00:00-04:00,9.84000015258789,9.84000015258789,9.84000015258789,9.84000015258789,0,0.0,0.0
2021-06-14 00:00:00-04:00,9.84000015258789,9.84000015258789,9.84000015258789,9.84000015258789,0,0.0,0.0
2021-06-15 00:00:00-04:00,9.84000015258789,9.843000411987305,9.829999923706055,9.843000411987305,4200,0.0,0.0
2021-06-16 00:00:00-04:00,9.850000381469727,9.850000381469727,9.84000015258789,9.850000381469727,9500,0.0,0.0
2021-06-17 00:00:00-04:00,9.850000381469727,9.850000381469727,9.789999961853027,9.800000190734863,5500,0.0,0.0
2021-06-18 00:00:00-04:00,9.789999961853027,9.789999961853027,9.789999961853027,9.789999961853027,2000,0.0,0.0
2021-06-21 00:00:00-04:00,9.789999961853027,9.789999961853027,9.789999961853027,9.789999961853027,0,0.0,0.0
2021-06-22 00:00:00-04:00,9.789999961853027,9.789999961853027,9.789999961853027,9.789999961853027,0,0.0,0.0
2021-06-23 00:00:00-04:00,9.789999961853027,9.789999961853027,9.789999961853027,9.789999961853027,0,0.0,0.0
2021-06-24 00:00:00-04:00,9.84000015258789,9.850000381469727,9.84000015258789,9.850000381469727,600,0.0,0.0
2021-06-25 00:00:00-04:00,9.800000190734863,9.800000190734863,9.800000190734863,9.800000190734863,18800,0.0,0.0
2021-06-28 00:00:00-04:00,9.800000190734863,9.824999809265137,9.789999961853027,9.824999809265137,3100,0.0,0.0
2021-06-29 00:00:00-04:00,9.824999809265137,9.824999809265137,9.824999809265137,9.824999809265137,0,0.0,0.0
2021-06-30 00:00:00-04:00,9.789999961853027,9.800000190734863,9.789999961853027,9.800000190734863,9600,0.0,0.0
2021-07-01 00:00:00-04:00,9.800000190734863,9.800000190734863,9.800000190734863,9.800000190734863,0,0.0,0.0
2021-07-02 00:00:00-04:00,9.819999694824219,9.819999694824219,9.819999694824219,9.819999694824219,300,0.0,0.0
2021-07-06 00:00:00-04:00,9.819999694824219,9.819999694824219,9.819999694824219,9.819999694824219,0,0.0,0.0
2021-07-07 00:00:00-04:00,9.789999961853027,9.789999961853027,9.789999961853027,9.789999961853027,400,0.0,0.0
2021-07-08 00:00:00-04:00,9.789999961853027,9.789999961853027,9.789999961853027,9.789999961853027,0,0.0,0.0
2021-07-09 00:00:00-04:00,9.800000190734863,9.800000190734863,9.800000190734863,9.800000190734863,6600,0.0,0.0
2021-07-12 00:00:00-04:00,9.800000190734863,9.800000190734863,9.800000190734863,9.800000190734863,0,0.0,0.0
2021-07-13 00:00:00-04:00,9.800000190734863,9.800000190734863,9.800000190734863,9.800000190734863,3400,0.0,0.0
2021-07-14 00:00:00-04:00,9.824000358581543,9.824000358581543,9.800000190734863,9.800000190734863,2500,0.0,0.0
2021-07-15 00:00:00-04:00,9.84000015258789,9.84000015258789,9.789999961853027,9.789999961853027,46700,0.0,0.0
2021-07-16 00:00:00-04:00,9.789999961853027,9.789999961853027,9.789999961853027,9.789999961853027,2700,0.0,0.0
2021-07-19 00:00:00-04:00,9.789999961853027,9.789999961853027,9.789999961853027,9.789999961853027,2800,0.0,0.0
2021-07-20 00:00:00-04:00,9.789999961853027,9.789999961853027,9.770000457763672,9.770000457763672,41500,0.0,0.0
2021-07-21 00:00:00-04:00,9.770000457763672,9.770000457763672,9.770000457763672,9.770000457763672,0,0.0,0.0
2021-07-22 00:00:00-04:00,9.760000228881836,9.779999732971191,9.760000228881836,9.779999732971191,10300,0.0,0.0
2021-07-23 00:00:00-04:00,9.779999732971191,9.779999732971191,9.779999732971191,9.779999732971191,0,0.0,0.0
2021-07-26 00:00:00-04:00,9.779999732971191,9.779999732971191,9.779999732971191,9.779999732971191,1500,0.0,0.0
2021-07-27 00:00:00-04:00,9.779999732971191,9.779999732971191,9.779999732971191,9.779999732971191,0,0.0,0.0
2021-07-28 00:00:00-04:00,9.779999732971191,9.779999732971191,9.779999732971191,9.779999732971191,0,0.0,0.0
2021-07-29 00:00:00-04:00,9.779999732971191,9.779999732971191,9.779999732971191,9.779999732971191,0,0.0,0.0
2021-07-30 00:00:00-04:00,9.779999732971191,9.779999732971191,9.779999732971191,9.779999732971191,0,0.0,0.0
2021-08-02 00:00:00-04:00,9.779999732971191,9.779999732971191,9.779999732971191,9.779999732971191,0,0.0,0.0
2021-08-03 00:00:00-04:00,9.779999732971191,9.779999732971191,9.779999732971191,9.779999732971191,0,0.0,0.0
2021-08-04 00:00:00-04:00,9.779999732971191,9.779999732971191,9.779999732971191,9.779999732971191,0,0.0,0.0
2021-08-05 00:00:00-04:00,9.779999732971191,9.779999732971191,9.779999732971191,9.779999732971191,0,0.0,0.0
2021-08-06 00:00:00-04:00,9.779999732971191,9.779999732971191,9.779999732971191,9.779999732971191,0,0.0,0.0
2021-08-09 00:00:00-04:00,9.800000190734863,9.800000190734863,9.800000190734863,9.800000190734863,1000,0.0,0.0
2021-08-10 00:00:00-04:00,9.800000190734863,9.800000190734863,9.800000190734863,9.800000190734863,0,0.0,0.0
2021-08-11 00:00:00-04:00,9.8100004196167,9.8100004196167,9.8100004196167,9.8100004196167,6500,0.0,0.0
2021-08-12 00:00:00-04:00,9.8100004196167,9.8100004196167,9.8100004196167,9.8100004196167,1000,0.0,0.0
2021-08-13 00:00:00-04:00,9.8100004196167,9.8100004196167,9.8100004196167,9.8100004196167,0,0.0,0.0
2021-08-16 00:00:00-04:00,9.819999694824219,9.819999694824219,9.819999694824219,9.819999694824219,300,0.0,0.0
2021-08-17 00:00:00-04:00,9.819999694824219,9.819999694824219,9.819999694824219,9.819999694824219,0,0.0,0.0
2021-08-18 00:00:00-04:00,9.819999694824219,9.819999694824219,9.819999694824219,9.819999694824219,0,0.0,0.0
2021-08-19 00:00:00-04:00,9.8100004196167,9.8100004196167,9.8100004196167,9.8100004196167,300,0.0,0.0
2021-08-20 00:00:00-04:00,9.800000190734863,9.800000190734863,9.800000190734863,9.800000190734863,2500,0.0,0.0
2021-08-23 00:00:00-04:00,9.800000190734863,9.800000190734863,9.800000190734863,9.800000190734863,26400,0.0,0.0
2021-08-24 00:00:00-04:00,9.800000190734863,9.800000190734863,9.800000190734863,9.800000190734863,0,0.0,0.0
2021-08-25 00:00:00-04:00,9.800000190734863,9.800000190734863,9.800000190734863,9.800000190734863,0,0.0,0.0
2021-08-26 00:00:00-04:00,9.850000381469727,9.850000381469727,9.850000381469727,9.850000381469727,4100,0.0,0.0
2021-08-27 00:00:00-04:00,9.859999656677246,9.859999656677246,9.84000015258789,9.850000381469727,53200,0.0,0.0
2021-08-30 00:00:00-04:00,9.829999923706055,9.829999923706055,9.829999923706055,9.829999923706055,5300,0.0,0.0
2021-08-31 00:00:00-04:00,9.829999923706055,9.829999923706055,9.829999923706055,9.829999923706055,0,0.0,0.0
2021-09-01 00:00:00-04:00,9.829999923706055,9.859999656677246,9.829999923706055,9.859999656677246,3000,0.0,0.0
2021-09-02 00:00:00-04:00,9.859999656677246,9.859999656677246,9.859999656677246,9.859999656677246,0,0.0,0.0
2021-09-03 00:00:00-04:00,9.859999656677246,9.859999656677246,9.859999656677246,9.859999656677246,3000,0.0,0.0
2021-09-07 00:00:00-04:00,9.859999656677246,9.859999656677246,9.859999656677246,9.859999656677246,5100,0.0,0.0
2021-09-08 00:00:00-04:00,9.859999656677246,9.869999885559082,9.859999656677246,9.859999656677246,42800,0.0,0.0
2021-09-09 00:00:00-04:00,9.869999885559082,9.869999885559082,9.859999656677246,9.859999656677246,1000,0.0,0.0
2021-09-10 00:00:00-04:00,9.869999885559082,9.869999885559082,9.859999656677246,9.859999656677246,34500,0.0,0.0
2021-09-13 00:00:00-04:00,9.869999885559082,9.869999885559082,9.859999656677246,9.859999656677246,2700,0.0,0.0
2021-09-14 00:00:00-04:00,9.880000114440918,9.880000114440918,9.859999656677246,9.859999656677246,1900,0.0,0.0
2021-09-15 00:00:00-04:00,9.859999656677246,9.859999656677246,9.859999656677246,9.859999656677246,500,0.0,0.0
2021-09-16 00:00:00-04:00,9.869999885559082,9.869999885559082,9.869999885559082,9.869999885559082,2500,0.0,0.0
2021-09-17 00:00:00-04:00,9.869999885559082,9.869999885559082,9.869999885559082,9.869999885559082,0,0.0,0.0
2021-09-20 00:00:00-04:00,9.869999885559082,9.880000114440918,9.869999885559082,9.880000114440918,7100,0.0,0.0
2021-09-21 00:00:00-04:00,9.880000114440918,9.920000076293945,9.880000114440918,9.920000076293945,65300,0.0,0.0
2021-09-22 00:00:00-04:00,9.920000076293945,9.920000076293945,9.920000076293945,9.920000076293945,0,0.0,0.0
2021-09-23 00:00:00-04:00,9.920000076293945,9.920000076293945,9.899999618530273,9.899999618530273,800,0.0,0.0
2021-09-24 00:00:00-04:00,9.899999618530273,9.899999618530273,9.899999618530273,9.899999618530273,0,0.0,0.0
2021-09-27 00:00:00-04:00,9.899999618530273,9.899999618530273,9.899999618530273,9.899999618530273,0,0.0,0.0
2021-09-28 00:00:00-04:00,9.899999618530273,9.899999618530273,9.899999618530273,9.899999618530273,500,0.0,0.0
2021-09-29 00:00:00-04:00,9.899999618530273,9.899999618530273,9.899999618530273,9.899999618530273,0,0.0,0.0
2021-09-30 00:00:00-04:00,9.90999984741211,9.920000076293945,9.899999618530273,9.920000076293945,19100,0.0,0.0
2021-10-01 00:00:00-04:00,9.920000076293945,9.920000076293945,9.920000076293945,9.920000076293945,0,0.0,0.0
2021-10-04 00:00:00-04:00,9.869999885559082,9.890000343322754,9.859999656677246,9.869999885559082,77200,0.0,0.0
2021-10-05 00:00:00-04:00,9.90999984741211,9.90999984741211,9.90999984741211,9.90999984741211,500,0.0,0.0
2021-10-06 00:00:00-04:00,9.90999984741211,9.90999984741211,9.899999618530273,9.90999984741211,3200,0.0,0.0
2021-10-07 00:00:00-04:00,9.890000343322754,9.890000343322754,9.890000343322754,9.890000343322754,500,0.0,0.0
2021-10-08 00:00:00-04:00,9.890000343322754,9.890000343322754,9.890000343322754,9.890000343322754,200,0.0,0.0
2021-10-11 00:00:00-04:00,9.890000343322754,9.890000343322754,9.890000343322754,9.890000343322754,0,0.0,0.0
2021-10-12 00:00:00-04:00,9.899999618530273,9.899999618530273,9.890000343322754,9.890000343322754,3000,0.0,0.0
2021-10-13 00:00:00-04:00,9.890000343322754,9.890000343322754,9.890000343322754,9.890000343322754,300,0.0,0.0
2021-10-14 00:00:00-04:00,9.890000343322754,9.890000343322754,9.890000343322754,9.890000343322754,0,0.0,0.0
2021-10-15 00:00:00-04:00,9.899999618530273,9.899999618530273,9.899999618530273,9.899999618530273,47400,0.0,0.0
2021-10-18 00:00:00-04:00,9.899999618530273,9.899999618530273,9.899999618530273,9.899999618530273,0,0.0,0.0
2021-10-19 00:00:00-04:00,9.949999809265137,9.949999809265137,9.920000076293945,9.925000190734863,20900,0.0,0.0
2021-10-20 00:00:00-04:00,9.925000190734863,9.925000190734863,9.925000190734863,9.925000190734863,0,0.0,0.0
2021-10-21 00:00:00-04:00,9.90999984741211,9.930000305175781,9.90999984741211,9.930000305175781,2900,0.0,0.0
2021-10-22 00:00:00-04:00,9.949999809265137,9.949999809265137,9.930000305175781,9.930000305175781,6200,0.0,0.0
2021-10-25 00:00:00-04:00,9.930000305175781,9.930000305175781,9.930000305175781,9.930000305175781,0,0.0,0.0
2021-10-26 00:00:00-04:00,9.930000305175781,9.930000305175781,9.930000305175781,9.930000305175781,0,0.0,0.0
2021-10-27 00:00:00-04:00,9.930000305175781,9.930000305175781,9.930000305175781,9.930000305175781,0,0.0,0.0
2021-10-28 00:00:00-04:00,9.899999618530273,9.899999618530273,9.899999618530273,9.899999618530273,200,0.0,0.0
2021-10-29 00:00:00-04:00,9.899999618530273,9.899999618530273,9.899999618530273,9.899999618530273,0,0.0,0.0
2021-11-01 00:00:00-04:00,9.9399995803833,9.9399995803833,9.9399995803833,9.9399995803833,100,0.0,0.0
2021-11-02 00:00:00-04:00,9.9399995803833,9.9399995803833,9.9399995803833,9.9399995803833,0,0.0,0.0
2021-11-03 00:00:00-04:00,9.9399995803833,9.9399995803833,9.9399995803833,9.9399995803833,0,0.0,0.0
2021-11-04 00:00:00-04:00,9.9399995803833,9.9399995803833,9.9399995803833,9.9399995803833,0,0.0,0.0
2021-11-05 00:00:00-04:00,9.9399995803833,9.9399995803833,9.9399995803833,9.9399995803833,0,0.0,0.0
2021-11-08 00:00:00-05:00,9.9399995803833,9.9399995803833,9.9399995803833,9.9399995803833,0,0.0,0.0
2021-11-09 00:00:00-05:00,9.9399995803833,9.9399995803833,9.9399995803833,9.9399995803833,0,0.0,0.0
2021-11-10 00:00:00-05:00,9.9399995803833,9.9399995803833,9.9399995803833,9.9399995803833,0,0.0,0.0
2021-11-11 00:00:00-05:00,9.9399995803833,9.9399995803833,9.9399995803833,9.9399995803833,0,0.0,0.0
2021-11-12 00:00:00-05:00,9.9399995803833,9.9399995803833,9.9399995803833,9.9399995803833,0,0.0,0.0
2021-11-15 00:00:00-05:00,9.9399995803833,9.9399995803833,9.9399995803833,9.9399995803833,0,0.0,0.0
2021-11-16 00:00:00-05:00,9.9399995803833,9.9399995803833,9.9399995803833,9.9399995803833,0,0.0,0.0
2021-11-17 00:00:00-05:00,9.9399995803833,9.9399995803833,9.9399995803833,9.9399995803833,0,0.0,0.0
2021-11-18 00:00:00-05:00,9.9399995803833,9.9399995803833,9.9399995803833,9.9399995803833,0,0.0,0.0
2021-11-19 00:00:00-05:00,9.9399995803833,9.9399995803833,9.9399995803833,9.9399995803833,0,0.0,0.0
2021-11-22 00:00:00-05:00,9.9399995803833,9.9399995803833,9.9399995803833,9.9399995803833,0,0.0,0.0
2021-11-23 00:00:00-05:00,9.9399995803833,9.9399995803833,9.9399995803833,9.9399995803833,400,0.0,0.0
2021-11-24 00:00:00-05:00,9.9399995803833,9.9399995803833,9.9399995803833,9.9399995803833,0,0.0,0.0
2021-11-26 00:00:00-05:00,9.9399995803833,9.9399995803833,9.9399995803833,9.9399995803833,0,0.0,0.0
2021-11-29 00:00:00-05:00,9.9399995803833,9.9399995803833,9.9399995803833,9.9399995803833,0,0.0,0.0
2021-11-30 00:00:00-05:00,9.9399995803833,9.9399995803833,9.9399995803833,9.9399995803833,0,0.0,0.0
2021-12-01 00:00:00-05:00,9.9399995803833,9.9399995803833,9.9399995803833,9.9399995803833,0,0.0,0.0
2021-12-02 00:00:00-05:00,9.9399995803833,9.9399995803833,9.9399995803833,9.9399995803833,0,0.0,0.0
2021-12-03 00:00:00-05:00,9.9399995803833,9.9399995803833,9.9399995803833,9.9399995803833,0,0.0,0.0
2021-12-06 00:00:00-05:00,9.9399995803833,9.9399995803833,9.9399995803833,9.9399995803833,0,0.0,0.0
2021-12-07 00:00:00-05:00,9.944999694824219,9.944999694824219,9.9399995803833,9.9399995803833,300,0.0,0.0
2021-12-08 00:00:00-05:00,9.9399995803833,9.9399995803833,9.9399995803833,9.9399995803833,0,0.0,0.0
2021-12-09 00:00:00-05:00,9.9399995803833,9.9399995803833,9.9399995803833,9.9399995803833,100,0.0,0.0
2021-12-10 00:00:00-05:00,9.9399995803833,9.9399995803833,9.9399995803833,9.9399995803833,0,0.0,0.0
2021-12-13 00:00:00-05:00,9.9399995803833,9.9399995803833,9.9399995803833,9.9399995803833,0,0.0,0.0
2021-12-14 00:00:00-05:00,9.9399995803833,9.9399995803833,9.9399995803833,9.9399995803833,0,0.0,0.0
2021-12-15 00:00:00-05:00,9.9399995803833,9.9399995803833,9.9399995803833,9.9399995803833,2600,0.0,0.0
2021-12-16 00:00:00-05:00,9.9399995803833,9.9399995803833,9.9399995803833,9.9399995803833,0,0.0,0.0
2021-12-17 00:00:00-05:00,9.9399995803833,9.9399995803833,9.9399995803833,9.9399995803833,0,0.0,0.0
2021-12-20 00:00:00-05:00,9.9350004196167,9.9350004196167,9.920000076293945,9.920000076293945,1000,0.0,0.0
2021-12-21 00:00:00-05:00,9.920000076293945,9.920000076293945,9.920000076293945,9.920000076293945,0,0.0,0.0
2021-12-22 00:00:00-05:00,9.949999809265137,9.949999809265137,9.949999809265137,9.949999809265137,9700,0.0,0.0
2021-12-23 00:00:00-05:00,9.920000076293945,9.920000076293945,9.920000076293945,9.920000076293945,200,0.0,0.0
2021-12-27 00:00:00-05:00,9.9399995803833,9.9399995803833,9.920000076293945,9.920000076293945,6800,0.0,0.0
2021-12-28 00:00:00-05:00,9.920000076293945,9.920000076293945,9.920000076293945,9.920000076293945,0,0.0,0.0
2021-12-29 00:00:00-05:00,9.920000076293945,9.920000076293945,9.920000076293945,9.920000076293945,0,0.0,0.0
2021-12-30 00:00:00-05:00,9.920000076293945,9.920000076293945,9.920000076293945,9.920000076293945,0,0.0,0.0
2021-12-31 00:00:00-05:00,9.920000076293945,9.920000076293945,9.920000076293945,9.920000076293945,0,0.0,0.0
2022-01-03 00:00:00-05:00,9.960000038146973,9.960000038146973,9.960000038146973,9.960000038146973,900,0.0,0.0
2022-01-04 00:00:00-05:00,9.960000038146973,9.960000038146973,9.960000038146973,9.960000038146973,0,0.0,0.0
2022-01-05 00:00:00-05:00,9.949999809265137,9.949999809265137,9.949999809265137,9.949999809265137,1000,0.0,0.0
2022-01-06 00:00:00-05:00,9.949999809265137,9.949999809265137,9.949999809265137,9.949999809265137,0,0.0,0.0
2022-01-07 00:00:00-05:00,9.949999809265137,9.949999809265137,9.949999809265137,9.949999809265137,0,0.0,0.0
2022-01-10 00:00:00-05:00,9.949999809265137,9.949999809265137,9.949999809265137,9.949999809265137,0,0.0,0.0
2022-01-11 00:00:00-05:00,9.949999809265137,9.949999809265137,9.949999809265137,9.949999809265137,0,0.0,0.0
2022-01-12 00:00:00-05:00,9.949999809265137,9.954999923706055,9.949000358581543,9.949999809265137,16500,0.0,0.0
2022-01-13 00:00:00-05:00,9.949999809265137,9.949999809265137,9.949999809265137,9.949999809265137,1000,0.0,0.0
2022-01-14 00:00:00-05:00,9.949999809265137,9.949999809265137,9.949999809265137,9.949999809265137,10000,0.0,0.0
2022-01-18 00:00:00-05:00,9.949999809265137,9.949999809265137,9.949999809265137,9.949999809265137,2500,0.0,0.0
2022-01-19 00:00:00-05:00,9.949999809265137,9.970000267028809,9.949999809265137,9.970000267028809,500,0.0,0.0
2022-01-20 00:00:00-05:00,9.970000267028809,9.970000267028809,9.970000267028809,9.970000267028809,0,0.0,0.0
2022-01-21 00:00:00-05:00,9.960000038146973,9.960000038146973,9.960000038146973,9.960000038146973,900,0.0,0.0
2022-01-24 00:00:00-05:00,9.970000267028809,9.970000267028809,9.970000267028809,9.970000267028809,700,0.0,0.0
2022-01-25 00:00:00-05:00,9.970000267028809,9.970000267028809,9.970000267028809,9.970000267028809,0,0.0,0.0
2022-01-26 00:00:00-05:00,9.970000267028809,9.970000267028809,9.970000267028809,9.970000267028809,0,0.0,0.0
2022-01-27 00:00:00-05:00,9.970000267028809,9.970000267028809,9.970000267028809,9.970000267028809,0,0.0,0.0
2022-01-28 00:00:00-05:00,9.970000267028809,9.970000267028809,9.970000267028809,9.970000267028809,0,0.0,0.0
2022-01-31 00:00:00-05:00,9.970000267028809,9.970000267028809,9.970000267028809,9.970000267028809,0,0.0,0.0
2022-02-01 00:00:00-05:00,9.960000038146973,9.960000038146973,9.960000038146973,9.960000038146973,3800,0.0,0.0
2022-02-02 00:00:00-05:00,9.960000038146973,9.960000038146973,9.960000038146973,9.960000038146973,700,0.0,0.0
2022-02-03 00:00:00-05:00,9.979999542236328,10.029999732971191,9.975000381469727,10.029999732971191,17400,0.0,0.0
2022-02-04 00:00:00-05:00,10.029999732971191,10.029999732971191,10.029999732971191,10.029999732971191,800,0.0,0.0
2022-02-07 00:00:00-05:00,9.979999542236328,9.979999542236328,9.979999542236328,9.979999542236328,4300,0.0,0.0
2022-02-08 00:00:00-05:00,9.979999542236328,9.979999542236328,9.979999542236328,9.979999542236328,0,0.0,0.0
2022-02-09 00:00:00-05:00,9.979999542236328,9.979999542236328,9.979999542236328,9.979999542236328,0,0.0,0.0
2022-02-10 00:00:00-05:00,9.989999771118164,9.989999771118164,9.979999542236328,9.979999542236328,8700,0.0,0.0
2022-02-11 00:00:00-05:00,9.979999542236328,9.979999542236328,9.979999542236328,9.979999542236328,0,0.0,0.0
2022-02-14 00:00:00-05:00,9.979999542236328,9.979999542236328,9.979999542236328,9.979999542236328,0,0.0,0.0
2022-02-15 00:00:00-05:00,9.979999542236328,9.979999542236328,9.979999542236328,9.979999542236328,125700,0.0,0.0
2022-02-16 00:00:00-05:00,9.979999542236328,9.979999542236328,9.979999542236328,9.979999542236328,0,0.0,0.0
2022-02-17 00:00:00-05:00,9.989999771118164,9.989999771118164,9.979999542236328,9.979999542236328,17900,0.0,0.0
2022-02-18 00:00:00-05:00,10.0,10.0,10.0,10.0,51600,0.0,0.0
2022-02-22 00:00:00-05:00,10.050000190734863,10.050000190734863,10.050000190734863,10.050000190734863,400,0.0,0.0
2022-02-23 00:00:00-05:00,10.010000228881836,10.020000457763672,10.010000228881836,10.020000457763672,1500,0.0,0.0
2022-02-24 00:00:00-05:00,10.020000457763672,10.020000457763672,10.020000457763672,10.020000457763672,0,0.0,0.0
2022-02-25 00:00:00-05:00,10.020000457763672,10.020000457763672,10.020000457763672,10.020000457763672,0,0.0,0.0
2022-02-28 00:00:00-05:00,10.020000457763672,10.020000457763672,10.020000457763672,10.020000457763672,0,0.0,0.0
2022-03-01 00:00:00-05:00,10.010000228881836,10.010000228881836,10.010000228881836,10.010000228881836,300,0.0,0.0
2022-03-02 00:00:00-05:00,10.010000228881836,10.010000228881836,10.010000228881836,10.010000228881836,0,0.0,0.0
2022-03-03 00:00:00-05:00,10.010000228881836,10.010000228881836,10.010000228881836,10.010000228881836,0,0.0,0.0
2022-03-04 00:00:00-05:00,10.020000457763672,10.020000457763672,10.020000457763672,10.020000457763672,1100,0.0,0.0
2022-03-07 00:00:00-05:00,10.020000457763672,10.020000457763672,10.020000457763672,10.020000457763672,0,0.0,0.0
2022-03-08 00:00:00-05:00,10.069999694824219,10.069999694824219,10.020000457763672,10.020000457763672,5300,0.0,0.0
2022-03-09 00:00:00-05:00,10.0600004196167,10.0600004196167,10.0600004196167,10.0600004196167,100,0.0,0.0
2022-03-10 00:00:00-05:00,10.0600004196167,10.0600004196167,10.0600004196167,10.0600004196167,0,0.0,0.0
2022-03-11 00:00:00-05:00,10.029999732971191,10.029999732971191,10.029999732971191,10.029999732971191,1000,0.0,0.0
2022-03-14 00:00:00-04:00,10.029999732971191,10.029999732971191,10.029999732971191,10.029999732971191,300,0.0,0.0
2022-03-15 00:00:00-04:00,10.069999694824219,10.069999694824219,10.069999694824219,10.069999694824219,300,0.0,0.0
2022-03-16 00:00:00-04:00,10.069999694824219,10.069999694824219,10.069999694824219,10.069999694824219,0,0.0,0.0
2022-03-17 00:00:00-04:00,10.029999732971191,10.029999732971191,10.029999732971191,10.029999732971191,1000,0.0,0.0
2022-03-18 00:00:00-04:00,10.029999732971191,10.03499984741211,10.029999732971191,10.029999732971191,1100,0.0,0.0
2022-03-21 00:00:00-04:00,10.039999961853027,10.039999961853027,10.039999961853027,10.039999961853027,1100,0.0,0.0
2022-03-22 00:00:00-04:00,10.039999961853027,10.039999961853027,10.039999961853027,10.039999961853027,4100,0.0,0.0
2022-03-23 00:00:00-04:00,10.039999961853027,10.039999961853027,10.039999961853027,10.039999961853027,0,0.0,0.0
2022-03-24 00:00:00-04:00,10.079999923706055,10.079999923706055,10.079999923706055,10.079999923706055,400,0.0,0.0
2022-03-25 00:00:00-04:00,10.079999923706055,10.079999923706055,10.079999923706055,10.079999923706055,0,0.0,0.0
2022-03-28 00:00:00-04:00,10.079999923706055,10.079999923706055,10.079999923706055,10.079999923706055,0,0.0,0.0
2022-03-29 00:00:00-04:00,10.079999923706055,10.079999923706055,10.079999923706055,10.079999923706055,400,0.0,0.0
2022-03-30 00:00:00-04:00,10.039999961853027,10.039999961853027,10.039999961853027,10.039999961853027,200,0.0,0.0
2022-03-31 00:00:00-04:00,10.039999961853027,10.039999961853027,10.039999961853027,10.039999961853027,0,0.0,0.0
2022-04-01 00:00:00-04:00,10.039999961853027,10.039999961853027,10.039999961853027,10.039999961853027,600,0.0,0.0
2022-04-04 00:00:00-04:00,10.039999961853027,10.039999961853027,10.039999961853027,10.039999961853027,0,0.0,0.0
2022-04-05 00:00:00-04:00,10.050000190734863,10.050000190734863,10.050000190734863,10.050000190734863,500,0.0,0.0
2022-04-06 00:00:00-04:00,10.050000190734863,10.050000190734863,10.050000190734863,10.050000190734863,0,0.0,0.0
2022-04-07 00:00:00-04:00,10.050000190734863,10.050000190734863,10.050000190734863,10.050000190734863,1300,0.0,0.0
2022-04-08 00:00:00-04:00,10.050000190734863,10.050000190734863,10.050000190734863,10.050000190734863,1000,0.0,0.0
2022-04-11 00:00:00-04:00,10.050000190734863,10.050000190734863,10.050000190734863,10.050000190734863,0,0.0,0.0
2022-04-12 00:00:00-04:00,10.050000190734863,10.050000190734863,10.050000190734863,10.050000190734863,0,0.0,0.0
2022-04-13 00:00:00-04:00,10.050000190734863,10.050000190734863,10.050000190734863,10.050000190734863,0,0.0,0.0
2022-04-14 00:00:00-04:00,10.050000190734863,10.050000190734863,10.050000190734863,10.050000190734863,0,0.0,0.0
2022-04-18 00:00:00-04:00,10.0600004196167,10.0600004196167,10.0600004196167,10.0600004196167,2700,0.0,0.0
2022-04-19 00:00:00-04:00,10.0600004196167,10.0600004196167,10.0600004196167,10.0600004196167,0,0.0,0.0
2022-04-20 00:00:00-04:00,10.0600004196167,10.0600004196167,10.0600004196167,10.0600004196167,0,0.0,0.0
2022-04-21 00:00:00-04:00,10.0600004196167,10.0600004196167,10.0600004196167,10.0600004196167,0,0.0,0.0
2022-04-22 00:00:00-04:00,10.09000015258789,10.5,10.09000015258789,10.100000381469727,300,0.0,0.0
2022-04-25 00:00:00-04:00,10.100000381469727,10.100000381469727,10.100000381469727,10.100000381469727,0,0.0,0.0
2022-04-26 00:00:00-04:00,10.5,10.5,10.100000381469727,10.100000381469727,800,0.0,0.0
2022-04-27 00:00:00-04:00,10.079999923706055,10.079999923706055,10.079999923706055,10.079999923706055,22500,0.0,0.0
2022-04-28 00:00:00-04:00,10.079999923706055,10.079999923706055,10.079999923706055,10.079999923706055,5300,0.0,0.0
2022-04-29 00:00:00-04:00,10.079999923706055,10.079999923706055,10.079999923706055,10.079999923706055,0,0.0,0.0
2022-05-02 00:00:00-04:00,10.079999923706055,10.079999923706055,10.079999923706055,10.079999923706055,0,0.0,0.0
2022-05-03 00:00:00-04:00,10.079999923706055,10.079999923706055,10.079999923706055,10.079999923706055,0,0.0,0.0
2022-05-04 00:00:00-04:00,10.100000381469727,10.550000190734863,10.079999923706055,10.09000015258789,27600,0.0,0.0
2022-05-05 00:00:00-04:00,10.079999923706055,10.079999923706055,10.079999923706055,10.079999923706055,4100,0.0,0.0
2022-05-06 00:00:00-04:00,10.079999923706055,10.079999923706055,10.079999923706055,10.079999923706055,0,0.0,0.0
2022-05-09 00:00:00-04:00,10.079999923706055,10.079999923706055,10.079999923706055,10.079999923706055,0,0.0,0.0
2022-05-10 00:00:00-04:00,10.079999923706055,10.079999923706055,10.079999923706055,10.079999923706055,200,0.0,0.0
2022-05-11 00:00:00-04:00,10.079999923706055,10.079999923706055,10.079999923706055,10.079999923706055,0,0.0,0.0
2022-05-12 00:00:00-04:00,10.079999923706055,10.085000038146973,10.069999694824219,10.079999923706055,274800,0.0,0.0
2022-05-13 00:00:00-04:00,10.079999923706055,10.079999923706055,10.079999923706055,10.079999923706055,0,0.0,0.0
2022-05-16 00:00:00-04:00,10.079999923706055,10.079999923706055,10.079999923706055,10.079999923706055,0,0.0,0.0
2022-05-17 00:00:00-04:00,10.100000381469727,10.100000381469727,10.09000015258789,10.100000381469727,91200,0.0,0.0
2022-05-18 00:00:00-04:00,10.100000381469727,10.100000381469727,10.100000381469727,10.100000381469727,0,0.0,0.0
2022-05-19 00:00:00-04:00,10.5,10.5,10.079999923706055,10.109999656677246,500,0.0,0.0
2022-05-20 00:00:00-04:00,10.5,10.5,10.100000381469727,10.109999656677246,800,0.0,0.0
2022-05-23 00:00:00-04:00,10.09000015258789,10.09000015258789,10.09000015258789,10.09000015258789,600,0.0,0.0
2022-05-24 00:00:00-04:00,10.109999656677246,10.109999656677246,10.109999656677246,10.109999656677246,100,0.0,0.0
2022-05-25 00:00:00-04:00,10.109999656677246,10.109999656677246,10.109999656677246,10.109999656677246,8300,0.0,0.0
2022-05-26 00:00:00-04:00,10.300000190734863,10.300000190734863,10.109999656677246,10.109999656677246,119900,0.0,0.0
2022-05-27 00:00:00-04:00,10.140000343322754,10.140000343322754,10.119999885559082,10.119999885559082,3200,0.0,0.0
2022-05-31 00:00:00-04:00,10.138999938964844,10.140000343322754,10.135000228881836,10.135000228881836,5600,0.0,0.0
2022-06-01 00:00:00-04:00,10.135000228881836,10.135000228881836,10.135000228881836,10.135000228881836,0,0.0,0.0
2022-06-02 00:00:00-04:00,10.135000228881836,10.135000228881836,10.135000228881836,10.135000228881836,0,0.0,0.0
2022-06-03 00:00:00-04:00,10.140000343322754,10.140000343322754,10.140000343322754,10.140000343322754,500,0.0,0.0
2022-06-06 00:00:00-04:00,10.149999618530273,10.149999618530273,10.119999885559082,10.119999885559082,1500,0.0,0.0
2022-06-07 00:00:00-04:00,10.119999885559082,10.119999885559082,10.119999885559082,10.119999885559082,2000,0.0,0.0
2022-06-08 00:00:00-04:00,10.119999885559082,10.119999885559082,10.119999885559082,10.119999885559082,2400,0.0,0.0
2022-06-09 00:00:00-04:00,10.135000228881836,10.135000228881836,10.135000228881836,10.135000228881836,1100,0.0,0.0
2022-06-10 00:00:00-04:00,10.135000228881836,10.135000228881836,10.135000228881836,10.135000228881836,0,0.0,0.0
2022-06-13 00:00:00-04:00,10.649999618530273,10.649999618530273,10.130000114440918,10.130000114440918,3200,0.0,0.0
2022-06-14 00:00:00-04:00,10.130000114440918,10.130000114440918,10.130000114440918,10.130000114440918,11400,0.0,0.0
2022-06-15 00:00:00-04:00,10.130000114440918,10.130000114440918,10.130000114440918,10.130000114440918,400,0.0,0.0
2022-06-16 00:00:00-04:00,10.130000114440918,10.130000114440918,10.130000114440918,10.130000114440918,1100,0.0,0.0
2022-06-17 00:00:00-04:00,10.130000114440918,10.130000114440918,10.130000114440918,10.130000114440918,0,0.0,0.0
2022-06-21 00:00:00-04:00,10.130000114440918,10.130000114440918,10.130000114440918,10.130000114440918,0,0.0,0.0
2022-06-22 00:00:00-04:00,10.130000114440918,10.130000114440918,10.130000114440918,10.130000114440918,0,0.0,0.0
2022-06-23 00:00:00-04:00,10.140000343322754,10.140000343322754,10.140000343322754,10.140000343322754,200,0.0,0.0
2022-06-24 00:00:00-04:00,10.130000114440918,10.130000114440918,10.130000114440918,10.130000114440918,100,0.0,0.0
2022-06-27 00:00:00-04:00,10.140000343322754,10.140000343322754,10.140000343322754,10.140000343322754,100,0.0,0.0
2022-06-28 00:00:00-04:00,10.140000343322754,10.140000343322754,10.140000343322754,10.140000343322754,0,0.0,0.0
2022-06-29 00:00:00-04:00,10.140000343322754,10.140000343322754,10.140000343322754,10.140000343322754,0,0.0,0.0
2022-06-30 00:00:00-04:00,10.140000343322754,10.140000343322754,10.140000343322754,10.140000343322754,0,0.0,0.0
2022-07-01 00:00:00-04:00,10.130000114440918,10.130000114440918,10.130000114440918,10.130000114440918,2800,0.0,0.0
2022-07-05 00:00:00-04:00,10.130000114440918,10.130000114440918,10.130000114440918,10.130000114440918,0,0.0,0.0
2022-07-06 00:00:00-04:00,10.130000114440918,10.130000114440918,10.130000114440918,10.130000114440918,1100,0.0,0.0
2022-07-07 00:00:00-04:00,10.130000114440918,10.130000114440918,10.130000114440918,10.130000114440918,0,0.0,0.0
2022-07-08 00:00:00-04:00,10.130000114440918,10.130000114440918,10.130000114440918,10.130000114440918,0,0.0,0.0
2022-07-11 00:00:00-04:00,10.130000114440918,10.130000114440918,10.130000114440918,10.130000114440918,10100,0.0,0.0
2022-07-12 00:00:00-04:00,10.130000114440918,10.130000114440918,10.130000114440918,10.130000114440918,0,0.0,0.0
2022-07-13 00:00:00-04:00,10.149999618530273,10.15999984741211,10.149999618530273,10.15999984741211,2700,0.0,0.0
2022-07-14 00:00:00-04:00,10.15999984741211,10.15999984741211,10.15999984741211,10.15999984741211,0,0.0,0.0
2022-07-15 00:00:00-04:00,10.15999984741211,10.15999984741211,10.15999984741211,10.15999984741211,3500,0.0,0.0
2022-07-18 00:00:00-04:00,10.180000305175781,10.180000305175781,10.170000076293945,10.170000076293945,300,0.0,0.0
2022-07-19 00:00:00-04:00,10.170000076293945,10.170000076293945,10.170000076293945,10.170000076293945,0,0.0,0.0
2022-07-20 00:00:00-04:00,10.15999984741211,10.15999984741211,10.15999984741211,10.15999984741211,100,0.0,0.0
2022-07-21 00:00:00-04:00,10.170000076293945,10.170000076293945,10.170000076293945,10.170000076293945,3600,0.0,0.0
2022-07-22 00:00:00-04:00,10.170000076293945,10.170000076293945,10.170000076293945,10.170000076293945,0,0.0,0.0
2022-07-25 00:00:00-04:00,10.170000076293945,10.170000076293945,10.170000076293945,10.170000076293945,17500,0.0,0.0
2022-07-26 00:00:00-04:00,10.170000076293945,10.180000305175781,10.15999984741211,10.170000076293945,28400,0.0,0.0
2022-07-27 00:00:00-04:00,10.187999725341797,10.187999725341797,10.170000076293945,10.170000076293945,1100,0.0,0.0
2022-07-28 00:00:00-04:00,10.170000076293945,10.170000076293945,10.170000076293945,10.170000076293945,0,0.0,0.0
2022-07-29 00:00:00-04:00,10.170000076293945,10.170000076293945,10.170000076293945,10.170000076293945,0,0.0,0.0
2022-08-01 00:00:00-04:00,10.180000305175781,10.180000305175781,10.180000305175781,10.180000305175781,300,0.0,0.0
2022-08-02 00:00:00-04:00,10.180000305175781,10.180000305175781,10.180000305175781,10.180000305175781,100,0.0,0.0
2022-08-03 00:00:00-04:00,10.180000305175781,10.180000305175781,10.180000305175781,10.180000305175781,0,0.0,0.0
2022-08-04 00:00:00-04:00,10.180000305175781,10.180000305175781,10.180000305175781,10.180000305175781,0,0.0,0.0
2022-08-05 00:00:00-04:00,10.189000129699707,10.189000129699707,10.189000129699707,10.189000129699707,100,0.0,0.0
2022-08-08 00:00:00-04:00,10.1899995803833,10.1899995803833,10.1899995803833,10.1899995803833,1100,0.0,0.0
2022-08-09 00:00:00-04:00,10.1899995803833,10.1899995803833,10.1899995803833,10.1899995803833,0,0.0,0.0
2022-08-10 00:00:00-04:00,10.1899995803833,10.1899995803833,10.1899995803833,10.1899995803833,100,0.0,0.0
2022-08-11 00:00:00-04:00,10.1899995803833,10.1899995803833,10.1899995803833,10.1899995803833,200,0.0,0.0
2022-08-12 00:00:00-04:00,10.1899995803833,10.1899995803833,10.1899995803833,10.1899995803833,100,0.0,0.0
2022-08-15 00:00:00-04:00,10.1899995803833,10.1899995803833,10.1899995803833,10.1899995803833,0,0.0,0.0
2022-08-16 00:00:00-04:00,10.1899995803833,10.1899995803833,10.1899995803833,10.1899995803833,0,0.0,0.0
2022-08-17 00:00:00-04:00,10.1899995803833,10.1899995803833,10.1899995803833,10.1899995803833,0,0.0,0.0
2022-08-18 00:00:00-04:00,10.199000358581543,10.199999809265137,10.199000358581543,10.199999809265137,6500,0.0,0.0
2022-08-19 00:00:00-04:00,10.199999809265137,10.199999809265137,10.199999809265137,10.199999809265137,200,0.0,0.0
2022-08-22 00:00:00-04:00,10.199999809265137,10.199999809265137,10.199999809265137,10.199999809265137,0,0.0,0.0
2022-08-23 00:00:00-04:00,10.199999809265137,10.199999809265137,10.199999809265137,10.199999809265137,0,0.0,0.0
2022-08-24 00:00:00-04:00,10.199999809265137,10.199999809265137,10.199999809265137,10.199999809265137,0,0.0,0.0
2022-08-25 00:00:00-04:00,10.199999809265137,10.199999809265137,10.199999809265137,10.199999809265137,2500,0.0,0.0
2022-08-26 00:00:00-04:00,10.199999809265137,10.199999809265137,10.199999809265137,10.199999809265137,0,0.0,0.0
2022-08-29 00:00:00-04:00,10.199999809265137,10.199999809265137,10.199999809265137,10.199999809265137,0,0.0,0.0
2022-08-30 00:00:00-04:00,10.199999809265137,10.199999809265137,10.199999809265137,10.199999809265137,0,0.0,0.0
2022-08-31 00:00:00-04:00,10.199999809265137,10.199999809265137,10.199999809265137,10.199999809265137,0,0.0,0.0
2022-09-01 00:00:00-04:00,10.279999732971191,10.279999732971191,10.244999885559082,10.244999885559082,400,0.0,0.0
2022-09-02 00:00:00-04:00,10.244999885559082,10.244999885559082,10.244999885559082,10.244999885559082,100,0.0,0.0
2022-09-06 00:00:00-04:00,10.244999885559082,10.244999885559082,10.244999885559082,10.244999885559082,400,0.0,0.0
2022-09-07 00:00:00-04:00,10.244999885559082,10.244999885559082,10.244999885559082,10.244999885559082,0,0.0,0.0
2022-09-08 00:00:00-04:00,10.239999771118164,10.239999771118164,10.225000381469727,10.229999542236328,23400,0.0,0.0
2022-09-09 00:00:00-04:00,10.229999542236328,10.229999542236328,10.229999542236328,10.229999542236328,0,0.0,0.0
2022-09-12 00:00:00-04:00,10.239999771118164,10.239999771118164,10.239999771118164,10.239999771118164,5000,0.0,0.0
2022-09-13 00:00:00-04:00,10.270000457763672,10.270000457763672,10.270000457763672,10.270000457763672,100,0.0,0.0
2022-09-14 00:00:00-04:00,10.260000228881836,10.260000228881836,10.260000228881836,10.260000228881836,4700,0.0,0.0
2022-09-15 00:00:00-04:00,10.260000228881836,10.260000228881836,10.260000228881836,10.260000228881836,0,0.0,0.0
2022-09-16 00:00:00-04:00,10.270000457763672,10.270000457763672,10.270000457763672,10.270000457763672,100,0.0,0.0
2022-09-19 00:00:00-04:00,10.260000228881836,10.260000228881836,10.260000228881836,10.260000228881836,56900,0.0,0.0
2022-09-20 00:00:00-04:00,10.260000228881836,10.260000228881836,10.260000228881836,10.260000228881836,0,0.0,0.0
2022-09-21 00:00:00-04:00,10.270000457763672,10.270000457763672,10.260000228881836,10.260000228881836,1500,0.0,0.0
2022-09-22 00:00:00-04:00,10.260000228881836,10.260000228881836,10.260000228881836,10.260000228881836,0,0.0,0.0
2022-09-23 00:00:00-04:00,10.260000228881836,10.260000228881836,10.260000228881836,10.260000228881836,0,0.0,0.0
2022-09-26 00:00:00-04:00,10.260000228881836,10.260000228881836,10.260000228881836,10.260000228881836,0,0.0,0.0
2022-09-27 00:00:00-04:00,10.260000228881836,10.260000228881836,10.255000114440918,10.260000228881836,7900,0.0,0.0
2022-09-28 00:00:00-04:00,10.260000228881836,10.260000228881836,10.260000228881836,10.260000228881836,0,0.0,0.0
2022-09-29 00:00:00-04:00,10.260000228881836,10.260000228881836,10.260000228881836,10.260000228881836,0,0.0,0.0
2022-09-30 00:00:00-04:00,10.260000228881836,10.260000228881836,10.260000228881836,10.260000228881836,11400,0.0,0.0
2022-10-03 00:00:00-04:00,10.279999732971191,10.279999732971191,10.279999732971191,10.279999732971191,100,0.0,0.0
2022-10-04 00:00:00-04:00,10.289999961853027,10.289999961853027,10.289999961853027,10.289999961853027,22600,0.0,0.0
2022-10-05 00:00:00-04:00,10.289999961853027,10.289999961853027,10.289999961853027,10.289999961853027,0,0.0,0.0
2022-10-06 00:00:00-04:00,10.289999961853027,10.289999961853027,10.289999961853027,10.289999961853027,101200,0.0,0.0
2022-10-07 00:00:00-04:00,10.289999961853027,10.289999961853027,10.289999961853027,10.289999961853027,0,0.0,0.0
2022-10-10 00:00:00-04:00,10.289999961853027,10.289999961853027,10.289999961853027,10.289999961853027,0,0.0,0.0
2022-10-11 00:00:00-04:00,10.289999961853027,10.289999961853027,10.279999732971191,10.279999732971191,11100,0.0,0.0
2022-10-12 00:00:00-04:00,10.279999732971191,10.279999732971191,10.279999732971191,10.279999732971191,0,0.0,0.0
2022-10-13 00:00:00-04:00,10.279999732971191,10.279999732971191,10.279999732971191,10.279999732971191,0,0.0,0.0
2022-10-14 00:00:00-04:00,10.279999732971191,10.279999732971191,10.279999732971191,10.279999732971191,0,0.0,0.0
2022-10-17 00:00:00-04:00,10.279999732971191,10.279999732971191,10.279999732971191,10.279999732971191,0,0.0,0.0
2022-10-18 00:00:00-04:00,10.279999732971191,10.279999732971191,10.279999732971191,10.279999732971191,0,0.0,0.0
2022-10-19 00:00:00-04:00,10.279999732971191,10.279999732971191,10.279999732971191,10.279999732971191,0,0.0,0.0
2022-10-20 00:00:00-04:00,10.279999732971191,10.279999732971191,10.279999732971191,10.279999732971191,0,0.0,0.0
2022-10-21 00:00:00-04:00,10.279999732971191,10.279999732971191,10.279999732971191,10.279999732971191,0,0.0,0.0
2022-10-24 00:00:00-04:00,10.300000190734863,10.3100004196167,10.300000190734863,10.3100004196167,18700,0.0,0.0
2022-10-25 00:00:00-04:00,10.319999694824219,10.319999694824219,10.319999694824219,10.319999694824219,8000,0.0,0.0
2022-10-26 00:00:00-04:00,10.319999694824219,10.319999694824219,10.319999694824219,10.319999694824219,0,0.0,0.0
2022-10-27 00:00:00-04:00,10.319999694824219,10.329999923706055,10.3100004196167,10.329999923706055,12000,0.0,0.0
2022-10-28 00:00:00-04:00,10.34000015258789,10.34000015258789,10.34000015258789,10.34000015258789,5500,0.0,0.0
2022-10-31 00:00:00-04:00,10.350000381469727,10.369999885559082,10.329999923706055,10.35200023651123,15500,0.0,0.0
2022-11-01 00:00:00-04:00,10.350000381469727,10.359999656677246,10.350000381469727,10.359999656677246,45300,0.0,0.0
2022-11-02 00:00:00-04:00,10.359999656677246,10.359999656677246,10.359999656677246,10.359999656677246,0,0.0,0.0
2022-11-03 00:00:00-04:00,10.319999694824219,10.359999656677246,10.319999694824219,10.34000015258789,5200,0.0,0.0
2022-11-04 00:00:00-04:00,10.34000015258789,10.34000015258789,10.34000015258789,10.34000015258789,0,0.0,0.0
2022-11-07 00:00:00-05:00,10.34000015258789,10.34000015258789,10.34000015258789,10.34000015258789,0,0.0,0.0
2022-11-08 00:00:00-05:00,10.369999885559082,10.40999984741211,10.369999885559082,10.390000343322754,259300,0.0,0.0
2022-11-09 00:00:00-05:00,10.390000343322754,10.390000343322754,10.390000343322754,10.390000343322754,0,0.0,0.0
2022-11-10 00:00:00-05:00,10.390000343322754,10.390000343322754,10.390000343322754,10.390000343322754,0,0.0,0.0
2022-11-11 00:00:00-05:00,10.329999923706055,10.329999923706055,10.329999923706055,10.329999923706055,3000,0.0,0.0
2022-11-14 00:00:00-05:00,10.369999885559082,10.40999984741211,10.369999885559082,10.380000114440918,153000,0.0,0.0
2022-11-15 00:00:00-05:00,10.399999618530273,10.399999618530273,10.380000114440918,10.399999618530273,6600,0.0,0.0
2022-11-16 00:00:00-05:00,10.390000343322754,10.399999618530273,10.380000114440918,10.380000114440918,52400,0.0,0.0
2022-11-17 00:00:00-05:00,10.270000457763672,10.430000305175781,10.270000457763672,10.380000114440918,2600,0.0,0.0
2022-11-18 00:00:00-05:00,10.350000381469727,10.40999984741211,10.350000381469727,10.359999656677246,8300,0.0,0.0
2022-11-21 00:00:00-05:00,10.359999656677246,10.449999809265137,10.359999656677246,10.369999885559082,4700,0.0,0.0
2022-11-22 00:00:00-05:00,10.744999885559082,10.744999885559082,10.350000381469727,10.359999656677246,2300,0.0,0.0
2022-11-23 00:00:00-05:00,10.359999656677246,10.359999656677246,10.359999656677246,10.359999656677246,0,0.0,0.0
2022-11-25 00:00:00-05:00,10.350000381469727,10.369999885559082,10.350000381469727,10.361000061035156,1600,0.0,0.0
2022-11-28 00:00:00-05:00,10.437999725341797,10.437999725341797,10.350000381469727,10.350000381469727,500,0.0,0.0
2022-11-29 00:00:00-05:00,10.399999618530273,10.399999618530273,10.399999618530273,10.399999618530273,700,0.0,0.0
2022-11-30 00:00:00-05:00,10.350000381469727,10.350000381469727,10.265000343322754,10.265000343322754,95300,0.0,0.0
2022-12-01 00:00:00-05:00,10.305000305175781,10.305000305175781,10.260000228881836,10.260000228881836,2900,0.0,0.0
2022-12-02 00:00:00-05:00,10.324000358581543,10.324000358581543,10.289999961853027,10.289999961853027,400,0.0,0.0
2022-12-05 00:00:00-05:00,10.289999961853027,10.289999961853027,10.270000457763672,10.289999961853027,5400,0.0,0.0
2022-12-06 00:00:00-05:00,10.289999961853027,10.289999961853027,10.289999961853027,10.289999961853027,4500,0.0,0.0
2022-12-07 00:00:00-05:00,10.289999961853027,10.289999961853027,10.289999961853027,10.289999961853027,3800,0.0,0.0
2022-12-08 00:00:00-05:00,10.289999961853027,10.289999961853027,10.289999961853027,10.289999961853027,300,0.0,0.0
2022-12-09 00:00:00-05:00,10.300000190734863,10.300000190734863,10.300000190734863,10.300000190734863,200,0.0,0.0
2022-12-12 00:00:00-05:00,10.300000190734863,10.300000190734863,10.300000190734863,10.300000190734863,600,0.0,0.0
2022-12-13 00:00:00-05:00,10.300000190734863,10.300000190734863,10.300000190734863,10.300000190734863,300,0.0,0.0
2022-12-14 00:00:00-05:00,10.270000457763672,10.300000190734863,10.270000457763672,10.289999961853027,14100,0.0,0.0
2022-12-15 00:00:00-05:00,10.3100004196167,10.3100004196167,10.3100004196167,10.3100004196167,8500,0.0,0.0
2022-12-16 00:00:00-05:00,10.289999961853027,10.289999961853027,10.289999961853027,10.289999961853027,80000,0.0,0.0
2022-12-19 00:00:00-05:00,10.289999961853027,10.289999961853027,10.289999961853027,10.289999961853027,0,0.0,0.0
2022-12-20 00:00:00-05:00,10.289999961853027,10.289999961853027,10.289999961853027,10.289999961853027,0,0.0,0.0
2022-12-21 00:00:00-05:00,10.289999961853027,10.289999961853027,10.289999961853027,10.289999961853027,0,0.0,0.0
2022-12-22 00:00:00-05:00,10.289999961853027,10.289999961853027,10.289999961853027,10.289999961853027,0,0.0,0.0
2022-12-23 00:00:00-05:00,10.289999961853027,10.289999961853027,10.289999961853027,10.289999961853027,0,0.0,0.0
2022-12-27 00:00:00-05:00,10.289999961853027,10.289999961853027,10.289999961853027,10.289999961853027,0,0.0,0.0
2022-12-28 00:00:00-05:00,10.350000381469727,10.350000381469727,10.350000381469727,10.350000381469727,100,0.0,0.0
2022-12-29 00:00:00-05:00,10.350000381469727,10.350000381469727,10.350000381469727,10.350000381469727,0,0.0,0.0
2022-12-30 00:00:00-05:00,10.350000381469727,10.350000381469727,10.350000381469727,10.350000381469727,0,0.0,0.0
2023-01-03 00:00:00-05:00,10.350000381469727,10.350000381469727,10.350000381469727,10.350000381469727,0,0.0,0.0
2023-01-04 00:00:00-05:00,10.350000381469727,10.350000381469727,10.350000381469727,10.350000381469727,0,0.0,0.0
2023-01-05 00:00:00-05:00,10.350000381469727,10.350000381469727,10.350000381469727,10.350000381469727,0,0.0,0.0
2023-01-06 00:00:00-05:00,10.350000381469727,10.350000381469727,10.350000381469727,10.350000381469727,300,0.0,0.0
2023-01-09 00:00:00-05:00,10.350000381469727,10.350000381469727,10.350000381469727,10.350000381469727,1300,0.0,0.0
2023-01-10 00:00:00-05:00,10.350000381469727,10.350000381469727,10.350000381469727,10.350000381469727,0,0.0,0.0
2023-01-11 00:00:00-05:00,10.350000381469727,10.350000381469727,10.350000381469727,10.350000381469727,0,0.0,0.0
2023-01-12 00:00:00-05:00,10.399999618530273,10.399999618530273,10.399999618530273,10.399999618530273,100,0.0,0.0
2023-01-13 00:00:00-05:00,10.399999618530273,10.420000076293945,10.399999618530273,10.420000076293945,41100,0.0,0.0
2023-01-17 00:00:00-05:00,10.399999618530273,10.4399995803833,10.39900016784668,10.4399995803833,18500,0.0,0.0
2023-01-18 00:00:00-05:00,10.390000343322754,10.399999618530273,10.390000343322754,10.399999618530273,3100,0.0,0.0
2023-01-19 00:00:00-05:00,10.430000305175781,10.460000038146973,10.399999618530273,10.449999809265137,9100,0.0,0.0
2023-01-20 00:00:00-05:00,10.449999809265137,10.460000038146973,10.399999618530273,10.40999984741211,11100,0.0,0.0
2023-01-23 00:00:00-05:00,10.40999984741211,10.40999984741211,10.40999984741211,10.40999984741211,0,0.0,0.0
2023-01-24 00:00:00-05:00,10.40999984741211,10.449999809265137,10.40999984741211,10.449999809265137,9300,0.0,0.0
2023-01-25 00:00:00-05:00,10.449999809265137,10.449999809265137,10.40999984741211,10.40999984741211,4400,0.0,0.0
2023-01-26 00:00:00-05:00,10.40999984741211,10.40999984741211,10.40999984741211,10.40999984741211,0,0.0,0.0
2023-01-27 00:00:00-05:00,10.449999809265137,10.449999809265137,10.444999694824219,10.444999694824219,5900,0.0,0.0
2023-01-30 00:00:00-05:00,10.444999694824219,10.444999694824219,10.444999694824219,10.444999694824219,100,0.0,0.0
2023-01-31 00:00:00-05:00,10.449999809265137,10.449999809265137,10.444999694824219,10.444999694824219,6000,0.0,0.0
2023-02-01 00:00:00-05:00,10.444999694824219,10.444999694824219,10.444999694824219,10.444999694824219,0,0.0,0.0
2023-02-02 00:00:00-05:00,10.444999694824219,10.444999694824219,10.444999694824219,10.444999694824219,0,0.0,0.0
2023-02-03 00:00:00-05:00,10.420000076293945,10.420000076293945,10.399999618530273,10.399999618530273,9800,0.0,0.0
2023-02-06 00:00:00-05:00,10.399999618530273,10.399999618530273,10.399999618530273,10.399999618530273,0,0.0,0.0
2023-02-07 00:00:00-05:00,10.460000038146973,10.460000038146973,10.40999984741211,10.460000038146973,300,0.0,0.0
2023-02-08 00:00:00-05:00,10.460000038146973,10.460000038146973,10.460000038146973,10.460000038146973,0,0.0,0.0
2023-02-09 00:00:00-05:00,10.460000038146973,10.460000038146973,10.460000038146973,10.460000038146973,0,0.0,0.0
2023-02-10 00:00:00-05:00,10.430000305175781,10.460000038146973,10.430000305175781,10.449999809265137,8700,0.0,0.0
2023-02-13 00:00:00-05:00,10.449999809265137,10.449999809265137,10.449999809265137,10.449999809265137,1000,0.0,0.0
2023-02-14 00:00:00-05:00,10.449999809265137,10.449999809265137,10.449999809265137,10.449999809265137,0,0.0,0.0
2023-02-15 00:00:00-05:00,10.470000267028809,10.470000267028809,10.4399995803833,10.454999923706055,10700,0.0,0.0
2023-02-16 00:00:00-05:00,10.454999923706055,10.454999923706055,10.454999923706055,10.454999923706055,0,0.0,0.0
2023-02-17 00:00:00-05:00,10.470000267028809,10.479999542236328,10.470000267028809,10.470000267028809,9800,0.0,0.0
2023-02-21 00:00:00-05:00,10.470000267028809,10.470000267028809,10.470000267028809,10.470000267028809,500,0.0,0.0
2023-02-22 00:00:00-05:00,10.470000267028809,10.470000267028809,10.470000267028809,10.470000267028809,1500,0.0,0.0
2023-02-23 00:00:00-05:00,10.470000267028809,10.479999542236328,10.470000267028809,10.479999542236328,1500,0.0,0.0
2023-02-24 00:00:00-05:00,10.479999542236328,10.479999542236328,10.479999542236328,10.479999542236328,600,0.0,0.0
2023-02-27 00:00:00-05:00,10.479999542236328,10.479999542236328,10.479999542236328,10.479999542236328,500,0.0,0.0
2023-02-28 00:00:00-05:00,10.5,10.520000457763672,10.5,10.520000457763672,10500,0.0,0.0
2023-03-01 00:00:00-05:00,10.520000457763672,10.529999732971191,10.510000228881836,10.510000228881836,16000,0.0,0.0
2023-03-02 00:00:00-05:00,10.489999771118164,10.489999771118164,10.479999542236328,10.489999771118164,2900,0.0,0.0
2023-03-03 00:00:00-05:00,10.479999542236328,10.5,10.479999542236328,10.5,31400,0.0,0.0
2023-03-06 00:00:00-05:00,10.479999542236328,10.529999732971191,10.479999542236328,10.529999732971191,41300,0.0,0.0
2023-03-07 00:00:00-05:00,10.5,10.510000228881836,10.479999542236328,10.510000228881836,1100,0.0,0.0
2023-03-08 00:00:00-05:00,10.479999542236328,10.524999618530273,10.479999542236328,10.524999618530273,8000,0.0,0.0
2023-03-09 00:00:00-05:00,10.5,10.5,10.5,10.5,1000,0.0,0.0
2023-03-10 00:00:00-05:00,10.5,10.5,10.5,10.5,6200,0.0,0.0
2023-03-13 00:00:00-04:00,10.5,10.5,10.5,10.5,800,0.0,0.0
2023-03-14 00:00:00-04:00,10.5,10.5,10.5,10.5,6600,0.0,0.0
2023-03-15 00:00:00-04:00,10.510000228881836,10.510000228881836,10.510000228881836,10.510000228881836,1300,0.0,0.0
2023-03-16 00:00:00-04:00,10.510000228881836,10.510000228881836,10.510000228881836,10.510000228881836,500,0.0,0.0
2023-03-17 00:00:00-04:00,10.5,10.5,10.5,10.5,500,0.0,0.0
2023-03-20 00:00:00-04:00,10.5,10.550000190734863,10.5,10.550000190734863,600,0.0,0.0
2023-03-21 00:00:00-04:00,10.550000190734863,10.550000190734863,10.550000190734863,10.550000190734863,200,0.0,0.0
2023-03-22 00:00:00-04:00,10.550000190734863,10.550000190734863,10.550000190734863,10.550000190734863,100,0.0,0.0
2023-03-23 00:00:00-04:00,10.5,10.579999923706055,10.5,10.579999923706055,4600,0.0,0.0
2023-03-24 00:00:00-04:00,10.510000228881836,10.600000381469727,10.5,10.550000190734863,132300,0.0,0.0
2023-03-27 00:00:00-04:00,10.550000190734863,10.609999656677246,10.550000190734863,10.609999656677246,32500,0.0,0.0
2023-03-28 00:00:00-04:00,10.609999656677246,10.609999656677246,10.609999656677246,10.609999656677246,0,0.0,0.0
2023-03-29 00:00:00-04:00,10.600000381469727,10.600000381469727,10.600000381469727,10.600000381469727,2700,0.0,0.0
2023-03-30 00:00:00-04:00,10.600000381469727,10.600000381469727,10.600000381469727,10.600000381469727,0,0.0,0.0
2023-03-31 00:00:00-04:00,10.729999542236328,10.75,10.720000267028809,10.729999542236328,126000,0.0,0.0
2023-04-03 00:00:00-04:00,10.75,10.75,10.746000289916992,10.746000289916992,17600,0.0,0.0
2023-04-04 00:00:00-04:00,10.739999771118164,10.75,10.739999771118164,10.75,10000,0.0,0.0
2023-04-05 00:00:00-04:00,10.746999740600586,10.75,10.739999771118164,10.739999771118164,8500,0.0,0.0
2023-04-06 00:00:00-04:00,10.760000228881836,10.90999984741211,10.760000228881836,10.789999961853027,3800,0.0,0.0
2023-04-10 00:00:00-04:00,10.789999961853027,11.085000038146973,10.729999542236328,10.779999732971191,32100,0.0,0.0
2023-04-11 00:00:00-04:00,10.710000038146973,10.920000076293945,10.600000381469727,10.75,47600,0.0,0.0
2023-04-12 00:00:00-04:00,10.600000381469727,11.5,9.984999656677246,10.819999694824219,146800,0.0,0.0
2023-04-13 00:00:00-04:00,10.800000190734863,11.489999771118164,10.399999618530273,10.5,118600,0.0,0.0
2023-04-14 00:00:00-04:00,10.800000190734863,11.027000427246094,6.710000038146973,8.0,234200,0.0,0.0
2023-04-17 00:00:00-04:00,7.369999885559082,8.770000457763672,7.324999809265137,7.429999828338623,71700,0.0,0.0
2023-04-18 00:00:00-04:00,7.400000095367432,8.199999809265137,7.300000190734863,8.170000076293945,65500,0.0,0.0
2023-04-19 00:00:00-04:00,8.069999694824219,8.899999618530273,7.599999904632568,7.769999980926514,155700,0.0,0.0
2023-04-20 00:00:00-04:00,7.840000152587891,9.449999809265137,7.840000152587891,8.75,97400,0.0,0.0
2023-04-21 00:00:00-04:00,8.800000190734863,9.600000381469727,8.069999694824219,8.539999961853027,70800,0.0,0.0
2023-04-24 00:00:00-04:00,8.531999588012695,9.210000038146973,7.590000152587891,8.0,51400,0.0,0.0
2023-04-25 00:00:00-04:00,8.010000228881836,8.15999984741211,7.820000171661377,8.050000190734863,18400,0.0,0.0
2023-04-26 00:00:00-04:00,8.09000015258789,8.300000190734863,7.199999809265137,7.300000190734863,60300,0.0,0.0
2023-04-27 00:00:00-04:00,8.0,8.0,7.519999980926514,7.664999961853027,6900,0.0,0.0
2023-04-28 00:00:00-04:00,7.71999979019165,8.079999923706055,7.650000095367432,7.650000095367432,18900,0.0,0.0
2023-05-01 00:00:00-04:00,7.610000133514404,8.0,7.610000133514404,7.610000133514404,12500,0.0,0.0
2023-05-02 00:00:00-04:00,7.949999809265137,8.5,7.460000038146973,8.15999984741211,42400,0.0,0.0
2023-05-03 00:00:00-04:00,8.0600004196167,8.15999984741211,7.909999847412109,8.09000015258789,2700,0.0,0.0
2023-05-04 00:00:00-04:00,8.399999618530273,8.88599967956543,8.100000381469727,8.399999618530273,6400,0.0,0.0
2023-05-05 00:00:00-04:00,8.680000305175781,9.899999618530273,8.210000038146973,8.420000076293945,32600,0.0,0.0
2023-05-08 00:00:00-04:00,8.90999984741211,9.880000114440918,8.699999809265137,9.279999732971191,15000,0.0,0.0
2023-05-09 00:00:00-04:00,10.0,10.0,8.619999885559082,9.0,6300,0.0,0.0
2023-05-10 00:00:00-04:00,9.300000190734863,9.744999885559082,9.210000038146973,9.210000038146973,2500,0.0,0.0
2023-05-11 00:00:00-04:00,8.309000015258789,8.850000381469727,8.309000015258789,8.850000381469727,3200,0.0,0.0
2023-05-12 00:00:00-04:00,8.755999565124512,8.755999565124512,7.599999904632568,7.800000190734863,12400,0.0,0.0
2023-05-15 00:00:00-04:00,7.550000190734863,7.841000080108643,6.860000133514404,6.860000133514404,5000,0.0,0.0
2023-05-16 00:00:00-04:00,7.699999809265137,7.699999809265137,6.949999809265137,7.080999851226807,3700,0.0,0.0
2023-05-17 00:00:00-04:00,7.5,7.5,4.440000057220459,6.110000133514404,299700,0.0,0.0
2023-05-18 00:00:00-04:00,4.980000019073486,6.590000152587891,3.799999952316284,4.099999904632568,413300,0.0,0.0
2023-05-19 00:00:00-04:00,7.139999866485596,8.270000457763672,5.829999923706055,7.800000190734863,12043800,0.0,0.0
2023-05-22 00:00:00-04:00,6.03000020980835,6.769999980926514,4.954999923706055,6.590000152587891,655500,0.0,0.0
2023-05-23 00:00:00-04:00,5.829999923706055,8.800000190734863,5.809999942779541,8.100000381469727,772300,0.0,0.0
2023-05-24 00:00:00-04:00,7.639999866485596,9.789999961853027,7.599999904632568,9.329999923706055,844600,0.0,0.0
2023-05-25 00:00:00-04:00,8.880000114440918,16.8799991607666,8.880000114440918,15.0600004196167,1184100,0.0,0.0
2023-05-26 00:00:00-04:00,9.640000343322754,17.09000015258789,9.359999656677246,16.079999923706055,1389600,0.0,0.0
2023-05-30 00:00:00-04:00,15.149999618530273,19.75,14.300000190734863,19.489999771118164,1112400,0.0,0.0
2023-05-31 00:00:00-04:00,18.610000610351562,43.04999923706055,11.699999809265137,43.04999923706055,6719400,0.0,0.0
2023-06-01 00:00:00-04:00,39.20000076293945,45.72999954223633,26.6299991607666,43.310001373291016,2984300,0.0,0.0
2023-06-02 00:00:00-04:00,31.059999465942383,40.400001525878906,20.940000534057617,23.299999237060547,2317300,0.0,0.0
2023-06-05 00:00:00-04:00,20.260000228881836,24.149999618530273,10.930000305175781,11.680000305175781,2320600,0.0,0.0
2023-06-06 00:00:00-04:00,11.670000076293945,13.8100004196167,11.270000457763672,12.800000190734863,1118300,0.0,0.0
2023-06-07 00:00:00-04:00,11.699999809265137,15.5,11.109999656677246,13.899999618530273,1121700,0.0,0.0
2023-06-08 00:00:00-04:00,13.3100004196167,15.95300006866455,13.100000381469727,14.399999618530273,969700,0.0,0.0
2023-06-09 00:00:00-04:00,13.710000038146973,14.583000183105469,13.045000076293945,13.699999809265137,984100,0.0,0.0
2023-06-12 00:00:00-04:00,13.149999618530273,19.440000534057617,12.979999542236328,16.8700008392334,1121600,0.0,0.0
2023-06-13 00:00:00-04:00,18.100000381469727,18.864999771118164,14.720000267028809,16.68000030517578,950500,0.0,0.0
2023-06-14 00:00:00-04:00,16.0,18.0,13.300000190734863,17.56999969482422,966000,0.0,0.0
2023-06-15 00:00:00-04:00,16.200000762939453,23.83099937438965,16.200000762939453,21.200000762939453,1056400,0.0,0.0
2023-06-16 00:00:00-04:00,20.809999465942383,25.940000534057617,20.700000762939453,21.969999313354492,630500,0.0,0.0
2023-06-20 00:00:00-04:00,22.799999237060547,26.549999237060547,22.209999084472656,25.65999984741211,789100,0.0,0.0
2023-06-21 00:00:00-04:00,25.399999618530273,27.799999237060547,25.0,25.649999618530273,575600,0.0,0.0
2023-06-22 00:00:00-04:00,24.770000457763672,26.579999923706055,22.079999923706055,25.104999542236328,583800,0.0,0.0
2023-06-23 00:00:00-04:00,24.799999237060547,25.350000381469727,23.010000228881836,25.114999771118164,628100,0.0,0.0
2023-06-26 00:00:00-04:00,25.489999771118164,25.489999771118164,24.170000076293945,25.360000610351562,870900,0.0,0.0
2023-06-27 00:00:00-04:00,25.100000381469727,27.0,20.100000381469727,24.700000762939453,846000,0.0,0.0
2023-06-28 00:00:00-04:00,24.149999618530273,25.288999557495117,23.100000381469727,24.610000610351562,706900,0.0,0.0
2023-06-29 00:00:00-04:00,24.610000610351562,28.334999084472656,24.100000381469727,26.020000457763672,848600,0.0,0.0
2023-06-30 00:00:00-04:00,25.969999313354492,26.999000549316406,24.989999771118164,25.770000457763672,652500,0.0,0.0
2023-07-03 00:00:00-04:00,25.31999969482422,25.31999969482422,23.5,24.059999465942383,501300,0.0,0.0
2023-07-05 00:00:00-04:00,24.149999618530273,24.450000762939453,22.09000015258789,23.540000915527344,968200,0.0,0.0
2023-07-06 00:00:00-04:00,22.65999984741211,23.09000015258789,21.100000381469727,21.719999313354492,791800,0.0,0.0
2023-07-07 00:00:00-04:00,21.719999313354492,22.510000228881836,20.290000915527344,22.229999542236328,633300,0.0,0.0
2023-07-10 00:00:00-04:00,21.5,22.34000015258789,18.940000534057617,21.719999313354492,688300,0.0,0.0
2023-07-11 00:00:00-04:00,21.030000686645508,21.575000762939453,13.359999656677246,14.010000228881836,937500,0.0,0.0
2023-07-12 00:00:00-04:00,14.149999618530273,15.029999732971191,11.550000190734863,11.699999809265137,1406000,0.0,0.0
2023-07-13 00:00:00-04:00,12.0,12.0,7.610000133514404,8.180000305175781,1394000,0.0,0.0
2023-07-14 00:00:00-04:00,8.5600004196167,9.140999794006348,8.25,8.850000381469727,1459600,0.0,0.0
2023-07-17 00:00:00-04:00,9.199999809265137,11.4399995803833,8.619999885559082,10.899999618530273,2117900,0.0,0.0
2023-07-18 00:00:00-04:00,11.029999732971191,11.121999740600586,9.472999572753906,10.079999923706055,1587600,0.0,0.0
2023-07-19 00:00:00-04:00,10.010000228881836,13.479999542236328,10.003000259399414,12.520000457763672,2045800,0.0,0.0
2023-07-20 00:00:00-04:00,12.529999732971191,15.25,11.90999984741211,12.199999809265137,1935200,0.0,0.0
2023-07-21 00:00:00-04:00,13.100000381469727,13.1899995803833,11.699999809265137,12.25,1286400,0.0,0.0
2023-07-24 00:00:00-04:00,12.579999923706055,16.290000915527344,11.9350004196167,14.960000038146973,1833000,0.0,0.0
2023-07-25 00:00:00-04:00,15.390000343322754,16.729999542236328,14.899999618530273,15.0,1355500,0.0,0.0
2023-07-26 00:00:00-04:00,15.5,15.5,13.449999809265137,15.0600004196167,980000,0.0,0.0
2023-07-27 00:00:00-04:00,14.9399995803833,15.470000267028809,14.220000267028809,15.050000190734863,588900,0.0,0.0
2023-07-28 00:00:00-04:00,14.600000381469727,15.279999732971191,14.369999885559082,15.039999961853027,796100,0.0,0.0
2023-07-31 00:00:00-04:00,14.739999771118164,15.5,14.529999732971191,15.029999732971191,1050900,0.0,0.0
2023-08-01 00:00:00-04:00,15.029999732971191,15.199999809265137,14.40999984741211,15.100000381469727,1054200,0.0,0.0
2023-08-02 00:00:00-04:00,14.649999618530273,15.140000343322754,14.539999961853027,14.880000114440918,695400,0.0,0.0
2023-08-03 00:00:00-04:00,14.65999984741211,14.9399995803833,12.720000267028809,13.0,803600,0.0,0.0
2023-08-04 00:00:00-04:00,13.130000114440918,17.700000762939453,13.0600004196167,17.18000030517578,922800,0.0,0.0
2023-08-07 00:00:00-04:00,17.299999237060547,20.190000534057617,16.3799991607666,19.989999771118164,661700,0.0,0.0
2023-08-08 00:00:00-04:00,19.700000762939453,19.950000762939453,15.430999755859375,16.239999771118164,646500,0.0,0.0
2023-08-09 00:00:00-04:00,16.809999465942383,19.299999237060547,16.809999465942383,18.440000534057617,514300,0.0,0.0
2023-08-10 00:00:00-04:00,17.899999618530273,18.15999984741211,15.220000267028809,15.220000267028809,575300,0.0,0.0
2023-08-11 00:00:00-04:00,15.25,16.549999237060547,14.680000305175781,14.890000343322754,692000,0.0,0.0
2023-08-14 00:00:00-04:00,14.5,14.829999923706055,11.510000228881836,11.739999771118164,471200,0.0,0.0
2023-08-15 00:00:00-04:00,12.180000305175781,12.989999771118164,11.300000190734863,12.0,717500,0.0,0.0
2023-08-16 00:00:00-04:00,11.40999984741211,12.241999626159668,11.40999984741211,11.8100004196167,983700,0.0,0.0
2023-08-17 00:00:00-04:00,11.4399995803833,12.5,11.4399995803833,11.760000228881836,1040200,0.0,0.0
2023-08-18 00:00:00-04:00,11.699999809265137,12.109999656677246,11.399999618530273,11.829999923706055,1035500,0.0,0.0
2023-08-21 00:00:00-04:00,11.729999542236328,12.604999542236328,11.539999961853027,12.029999732971191,1060200,0.0,0.0
2023-08-22 00:00:00-04:00,12.5,12.699999809265137,10.649999618530273,10.789999961853027,982300,0.0,0.0
2023-08-23 00:00:00-04:00,11.180000305175781,12.373000144958496,10.920000076293945,12.09000015258789,1621600,0.0,0.0
2023-08-24 00:00:00-04:00,12.630000114440918,12.630000114440918,11.550000190734863,11.550000190734863,1518800,0.0,0.0
2023-08-25 00:00:00-04:00,11.479999542236328,12.479999542236328,10.970000267028809,12.3100004196167,1649800,0.0,0.0
2023-08-28 00:00:00-04:00,12.3100004196167,12.640000343322754,11.869999885559082,12.029999732971191,1494000,0.0,0.0
2023-08-29 00:00:00-04:00,11.880000114440918,12.579999923706055,11.550000190734863,12.029999732971191,1539900,0.0,0.0
2023-08-30 00:00:00-04:00,12.069999694824219,12.505000114440918,11.800000190734863,12.25,1767300,0.0,0.0
2023-08-31 00:00:00-04:00,12.069999694824219,12.479999542236328,11.800000190734863,12.039999961853027,1544500,0.0,0.0
2023-09-01 00:00:00-04:00,12.369999885559082,12.369999885559082,11.930000305175781,12.149999618530273,1529500,0.0,0.0
2023-09-05 00:00:00-04:00,12.149999618530273,12.164999961853027,11.850000381469727,12.119999885559082,1521200,0.0,0.0
2023-09-06 00:00:00-04:00,12.119999885559082,12.149999618530273,11.630000114440918,12.050000190734863,1537000,0.0,0.0
2023-09-07 00:00:00-04:00,12.020000457763672,12.119999885559082,11.510000228881836,12.010000228881836,1310100,0.0,0.0
2023-09-08 00:00:00-04:00,11.90999984741211,12.434000015258789,11.899999618530273,12.119999885559082,1272000,0.0,0.0
2023-09-11 00:00:00-04:00,12.350000381469727,12.350000381469727,11.670000076293945,12.029999732971191,1342000,0.0,0.0
2023-09-12 00:00:00-04:00,11.930000305175781,12.050000190734863,11.470000267028809,11.5600004196167,1325600,0.0,0.0
2023-09-13 00:00:00-04:00,11.329999923706055,11.6899995803833,10.899999618530273,11.029999732971191,1440600,0.0,0.0
2023-09-14 00:00:00-04:00,10.960000038146973,11.710000038146973,10.229999542236328,11.039999961853027,1526100,0.0,0.0
2023-09-15 00:00:00-04:00,10.770000457763672,11.6899995803833,10.770000457763672,11.630000114440918,1050100,0.0,0.0
2023-09-18 00:00:00-04:00,11.529999732971191,11.65999984741211,11.100000381469727,11.239999771118164,1011100,0.0,0.0
2023-09-19 00:00:00-04:00,11.550000190734863,11.550000190734863,11.130000114440918,11.4399995803833,1046300,0.0,0.0
2023-09-20 00:00:00-04:00,11.550000190734863,11.550000190734863,10.789999961853027,11.100000381469727,912100,0.0,0.0
2023-09-21 00:00:00-04:00,11.350000381469727,11.609999656677246,10.829999923706055,11.050000190734863,1002300,0.0,0.0
2023-09-22 00:00:00-04:00,10.949999809265137,11.399999618530273,10.359999656677246,10.979999542236328,951500,0.0,0.0
2023-09-25 00:00:00-04:00,10.75,11.289999961853027,10.729999542236328,11.039999961853027,943900,0.0,0.0
2023-09-26 00:00:00-04:00,11.199999809265137,11.199999809265137,10.399999618530273,10.920000076293945,944600,0.0,0.0
2023-09-27 00:00:00-04:00,10.699999809265137,10.920000076293945,10.449999809265137,10.520000457763672,984700,0.0,0.0
2023-09-28 00:00:00-04:00,10.140000343322754,10.699999809265137,10.140000343322754,10.59000015258789,973900,0.0,0.0
2023-09-29 00:00:00-04:00,10.399999618530273,10.9399995803833,10.399999618530273,10.609999656677246,1060600,0.0,0.0
2023-10-02 00:00:00-04:00,10.510000228881836,10.779999732971191,10.140000343322754,10.539999961853027,997300,0.0,0.0
2023-10-03 00:00:00-04:00,10.40999984741211,10.755000114440918,9.850000381469727,10.020000457763672,1035200,0.0,0.0
2023-10-04 00:00:00-04:00,9.869999885559082,10.25,9.699999809265137,10.109999656677246,909200,0.0,0.0
2023-10-05 00:00:00-04:00,10.390000343322754,10.390000343322754,9.100000381469727,9.300000190734863,1120800,0.0,0.0
2023-10-06 00:00:00-04:00,9.140000343322754,9.739999771118164,9.0,9.5,1115000,0.0,0.0
2023-10-09 00:00:00-04:00,9.319999694824219,10.489999771118164,8.9399995803833,10.140000343322754,1208000,0.0,0.0
2023-10-10 00:00:00-04:00,9.920000076293945,10.449999809265137,9.0600004196167,9.3100004196167,774500,0.0,0.0
2023-10-11 00:00:00-04:00,9.100000381469727,9.319999694824219,9.0,9.0600004196167,831200,0.0,0.0
2023-10-12 00:00:00-04:00,8.880000114440918,9.670000076293945,8.880000114440918,9.550000190734863,903200,0.0,0.0
2023-10-13 00:00:00-04:00,9.739999771118164,10.149999618530273,9.100000381469727,9.430000305175781,1309900,0.0,0.0
2023-10-16 00:00:00-04:00,9.359999656677246,9.789999961853027,8.85099983215332,9.369999885559082,1200900,0.0,0.0
2023-10-17 00:00:00-04:00,9.180000305175781,10.449999809265137,9.116000175476074,10.300000190734863,1919700,0.0,0.0
2023-10-18 00:00:00-04:00,10.09000015258789,11.5,9.831000328063965,10.649999618530273,1031100,0.0,0.0
2023-10-19 00:00:00-04:00,10.600000381469727,11.350000381469727,10.510000228881836,11.029999732971191,1231800,0.0,0.0
2023-10-20 00:00:00-04:00,11.180000305175781,11.989999771118164,10.809000015258789,11.199999809265137,1336900,0.0,0.0
2023-10-23 00:00:00-04:00,10.75,11.5,10.609999656677246,11.180000305175781,1047400,0.0,0.0
2023-10-24 00:00:00-04:00,11.09000015258789,11.380000114440918,10.800000190734863,11.199999809265137,1608600,0.0,0.0
2023-10-25 00:00:00-04:00,11.449999809265137,11.75,10.699999809265137,11.550000190734863,2228400,0.0,0.0
2023-10-26 00:00:00-04:00,9.430000305175781,11.0,7.630000114440918,8.199999809265137,1604600,0.0,0.0
2023-10-27 00:00:00-04:00,8.210000038146973,8.434000015258789,7.800000190734863,8.079999923706055,1261600,0.0,0.0
2023-10-30 00:00:00-04:00,7.960000038146973,8.100000381469727,6.820000171661377,7.119999885559082,704800,0.0,0.0
2023-10-31 00:00:00-04:00,6.96999979019165,7.5,6.139999866485596,6.420000076293945,764200,0.0,0.0
2023-11-01 00:00:00-04:00,6.369999885559082,6.5,5.425000190734863,6.0,1262600,0.0,0.0
2023-11-02 00:00:00-04:00,6.0,6.2789998054504395,5.830999851226807,6.020999908447266,736900,0.0,0.0
2023-11-03 00:00:00-04:00,6.0,6.139999866485596,5.960000038146973,6.019999980926514,1009600,0.0,0.0
2023-11-06 00:00:00-05:00,6.019999980926514,6.260000228881836,5.989999771118164,5.989999771118164,784600,0.0,0.0
2023-11-07 00:00:00-05:00,6.0,6.199999809265137,6.0,6.050000190734863,776300,0.0,0.0
2023-11-08 00:00:00-05:00,6.179999828338623,6.789999961853027,6.050000190734863,6.300000190734863,661000,0.0,0.0
2023-11-09 00:00:00-05:00,6.170000076293945,6.28000020980835,5.960000038146973,6.039999961853027,651300,0.0,0.0
2023-11-10 00:00:00-05:00,6.050000190734863,6.25,6.0,6.0,625000,0.0,0.0
2023-11-13 00:00:00-05:00,6.150000095367432,6.164999961853027,5.989999771118164,6.0,664000,0.0,0.0
2023-11-14 00:00:00-05:00,6.0,6.072000026702881,5.960000038146973,6.0,668200,0.0,0.0
2023-11-15 00:00:00-05:00,6.010000228881836,6.300000190734863,6.0,6.03000020980835,739000,0.0,0.0
2023-11-16 00:00:00-05:00,6.010000228881836,6.186999797821045,6.0,6.019999980926514,633000,0.0,0.0
2023-11-17 00:00:00-05:00,6.099999904632568,6.150000095367432,6.0,6.019999980926514,623200,0.0,0.0
2023-11-20 00:00:00-05:00,6.090000152587891,6.664999961853027,6.0,6.510000228881836,841700,0.0,0.0
2023-11-21 00:00:00-05:00,6.380000114440918,6.795000076293945,6.176000118255615,6.510000228881836,616000,0.0,0.0
2023-11-22 00:00:00-05:00,6.440000057220459,6.929999828338623,6.440000057220459,6.900000095367432,635900,0.0,0.0
2023-11-24 00:00:00-05:00,6.829999923706055,8.210000038146973,6.659999847412109,7.800000190734863,460800,0.0,0.0
2023-11-27 00:00:00-05:00,7.699999809265137,8.479999542236328,7.570000171661377,8.15999984741211,730100,0.0,0.0
2023-11-28 00:00:00-05:00,7.840000152587891,9.364999771118164,7.829999923706055,8.630000114440918,619900,0.0,0.0
2023-11-29 00:00:00-05:00,9.180000305175781,9.180000305175781,8.40999984741211,8.699999809265137,759600,0.0,0.0
2023-11-30 00:00:00-05:00,8.699999809265137,9.0,8.399999618530273,8.699999809265137,518600,0.0,0.0
2023-12-01 00:00:00-05:00,8.760000228881836,8.760000228881836,8.029999732971191,8.5,632100,0.0,0.0
2023-12-04 00:00:00-05:00,8.5,9.428999900817871,8.28499984741211,9.0,680800,0.0,0.0
2023-12-05 00:00:00-05:00,8.789999961853027,8.979999542236328,8.489999771118164,8.489999771118164,643100,0.0,0.0
2023-12-06 00:00:00-05:00,8.149999618530273,8.557999610900879,7.599999904632568,7.949999809265137,711000,0.0,0.0
2023-12-07 00:00:00-05:00,7.789999961853027,8.5,7.710000038146973,8.239999771118164,713000,0.0,0.0
2023-12-08 00:00:00-05:00,8.199999809265137,9.029999732971191,8.199999809265137,8.600000381469727,402400,0.0,0.0
2023-12-11 00:00:00-05:00,8.430000305175781,8.899999618530273,8.15999984741211,8.529999732971191,473000,0.0,0.0
2023-12-12 00:00:00-05:00,9.0,9.0,8.276000022888184,8.5600004196167,417100,0.0,0.0
2023-12-13 00:00:00-05:00,8.435999870300293,9.0,8.300000190734863,8.989999771118164,421000,0.0,0.0
2023-12-14 00:00:00-05:00,8.854999542236328,9.196999549865723,8.699999809265137,8.899999618530273,442100,0.0,0.0
2023-12-15 00:00:00-05:00,8.670000076293945,8.9399995803833,8.5,8.600000381469727,458500,0.0,0.0
2023-12-18 00:00:00-05:00,8.6899995803833,8.854999542236328,7.940000057220459,8.199999809265137,403300,0.0,0.0
2023-12-19 00:00:00-05:00,8.210000038146973,8.630000114440918,7.809999942779541,8.140000343322754,384200,0.0,0.0
2023-12-20 00:00:00-05:00,8.100000381469727,8.199999809265137,7.5,7.690000057220459,461300,0.0,0.0
2023-12-21 00:00:00-05:00,7.800000190734863,7.900000095367432,7.400000095367432,7.71999979019165,323400,0.0,0.0
2023-12-22 00:00:00-05:00,7.650000095367432,8.272000312805176,7.369999885559082,8.15999984741211,381400,0.0,0.0
2023-12-26 00:00:00-05:00,8.100000381469727,8.319999694824219,7.75,7.75,399900,0.0,0.0
2023-12-27 00:00:00-05:00,7.960000038146973,8.5,7.809999942779541,7.940000057220459,458000,0.0,0.0
2023-12-28 00:00:00-05:00,7.800000190734863,8.074999809265137,7.579999923706055,7.900000095367432,574700,0.0,0.0
2023-12-29 00:00:00-05:00,7.739999771118164,8.979999542236328,7.630000114440918,8.25,381700,0.0,0.0
2024-01-02 00:00:00-05:00,8.079999923706055,8.5,7.829999923706055,7.889999866485596,387200,0.0,0.0
2024-01-03 00:00:00-05:00,7.900000095367432,8.729999542236328,7.800000190734863,8.5,420800,0.0,0.0
2024-01-04 00:00:00-05:00,8.220000267028809,8.515000343322754,8.0,8.1899995803833,382600,0.0,0.0
2024-01-05 00:00:00-05:00,8.029999732971191,8.5,7.940000057220459,8.130000114440918,404700,0.0,0.0
2024-01-08 00:00:00-05:00,8.0,8.699999809265137,7.800000190734863,8.470000267028809,379800,0.0,0.0
2024-01-09 00:00:00-05:00,8.300000190734863,8.920000076293945,8.149999618530273,8.5,443600,0.0,0.0
2024-01-10 00:00:00-05:00,8.399999618530273,8.5,8.210000038146973,8.460000038146973,356600,0.0,0.0
2024-01-11 00:00:00-05:00,8.350000381469727,8.880000114440918,8.3100004196167,8.619999885559082,344900,0.0,0.0
2024-01-12 00:00:00-05:00,8.789999961853027,8.800000190734863,8.220000267028809,8.470000267028809,536700,0.0,0.0
2024-01-16 00:00:00-05:00,8.600000381469727,8.789999961853027,7.60099983215332,8.470000267028809,458700,0.0,0.0
2024-01-17 00:00:00-05:00,8.300000190734863,8.539999961853027,8.0,8.399999618530273,315400,0.0,0.0
2024-01-18 00:00:00-05:00,8.229999542236328,8.800000190734863,7.849999904632568,8.3100004196167,406500,0.0,0.0
2024-01-19 00:00:00-05:00,8.220000267028809,8.670000076293945,8.210000038146973,8.300000190734863,470200,0.0,0.0
2024-01-22 00:00:00-05:00,8.489999771118164,8.75,7.920000076293945,8.3100004196167,352200,0.0,0.0
2024-01-23 00:00:00-05:00,8.399999618530273,8.600000381469727,8.050000190734863,8.520000457763672,269800,0.0,0.0
2024-01-24 00:00:00-05:00,8.5,8.699999809265137,8.420000076293945,8.539999961853027,382500,0.0,0.0
2024-01-25 00:00:00-05:00,8.539999961853027,8.890000343322754,8.199999809265137,8.34000015258789,432000,0.0,0.0
2024-01-26 00:00:00-05:00,8.34000015258789,8.451000213623047,7.449999809265137,7.889999866485596,497000,0.0,0.0
2024-01-29 00:00:00-05:00,7.769999980926514,8.300000190734863,7.684999942779541,8.170000076293945,334100,0.0,0.0
2024-01-30 00:00:00-05:00,8.260000228881836,8.5,7.800000190734863,8.300000190734863,473000,0.0,0.0
2024-01-31 00:00:00-05:00,8.489999771118164,9.029999732971191,8.020000457763672,9.0,308900,0.0,0.0
2024-02-01 00:00:00-05:00,9.0,10.0,9.0,9.5,430700,0.0,0.0
2024-02-02 00:00:00-05:00,9.3100004196167,9.640000343322754,9.119999885559082,9.220000267028809,337800,0.0,0.0
2024-02-05 00:00:00-05:00,9.039999961853027,9.199999809265137,7.199999809265137,7.519999980926514,650500,0.0,0.0
2024-02-06 00:00:00-05:00,7.579999923706055,7.579999923706055,5.710000038146973,7.099999904632568,283200,0.0,0.0
2024-02-07 00:00:00-05:00,7.260000228881836,7.349999904632568,6.510000228881836,7.050000190734863,374700,0.0,0.0
2024-02-08 00:00:00-05:00,6.909999847412109,7.099999904632568,6.289999961853027,6.340000152587891,365100,0.0,0.0
2024-02-09 00:00:00-05:00,6.579999923706055,7.5,6.260000228881836,7.25,325100,0.0,0.0
2024-02-12 00:00:00-05:00,7.159999847412109,7.289999961853027,6.349999904632568,6.579999923706055,311800,0.0,0.0
2024-02-13 00:00:00-05:00,6.590000152587891,6.690000057220459,6.099999904632568,6.190000057220459,349100,0.0,0.0
2024-02-14 00:00:00-05:00,6.300000190734863,6.659999847412109,6.189000129699707,6.579999923706055,311600,0.0,0.0
2024-02-15 00:00:00-05:00,6.449999809265137,6.699999809265137,6.360000133514404,6.599999904632568,311300,0.0,0.0
2024-02-16 00:00:00-05:00,6.360000133514404,6.849999904632568,6.360000133514404,6.429999828338623,327700,0.0,0.0
2024-02-20 00:00:00-05:00,6.320000171661377,6.824999809265137,6.300000190734863,6.460000038146973,354600,0.0,0.0
2024-02-21 00:00:00-05:00,6.409999847412109,6.679999828338623,6.300000190734863,6.570000171661377,414800,0.0,0.0
2024-02-22 00:00:00-05:00,6.5,6.699999809265137,6.360000133514404,6.440000057220459,332300,0.0,0.0
2024-02-23 00:00:00-05:00,6.309999942779541,6.789999961853027,6.269999980926514,6.309999942779541,354100,0.0,0.0
2024-02-26 00:00:00-05:00,6.300000190734863,6.590000152587891,6.289999961853027,6.309999942779541,381700,0.0,0.0
2024-02-27 00:00:00-05:00,6.400000095367432,6.519999980926514,6.289999961853027,6.320000171661377,368400,0.0,0.0
2024-02-28 00:00:00-05:00,6.449999809265137,6.449999809265137,6.300000190734863,6.300000190734863,244600,0.0,0.0
2024-02-29 00:00:00-05:00,6.449999809265137,6.46999979019165,6.269999980926514,6.300000190734863,243900,0.0,0.0
2024-03-01 00:00:00-05:00,6.400000095367432,6.539999961853027,6.300000190734863,6.360000133514404,227400,0.0,0.0
2024-03-04 00:00:00-05:00,6.5,6.550000190734863,6.25,6.340000152587891,296800,0.0,0.0
2024-03-05 00:00:00-05:00,6.210000038146973,6.400000095367432,6.136000156402588,6.349999904632568,305600,0.0,0.0
2024-03-06 00:00:00-05:00,6.300000190734863,6.519999980926514,6.28000020980835,6.389999866485596,287800,0.0,0.0
2024-03-07 00:00:00-05:00,6.320000171661377,6.690000057220459,6.269999980926514,6.349999904632568,272600,0.0,0.0
2024-03-08 00:00:00-05:00,6.320000171661377,6.769999980926514,6.320000171661377,6.739999771118164,328000,0.0,0.0
2024-03-11 00:00:00-04:00,6.610000133514404,7.449999809265137,6.599999904632568,6.78000020980835,290500,0.0,0.0
2024-03-12 00:00:00-04:00,6.639999866485596,7.389999866485596,6.429999828338623,6.989999771118164,291400,0.0,0.0
2024-03-13 00:00:00-04:00,6.869999885559082,7.460000038146973,6.72599983215332,7.230000019073486,313600,0.0,0.0
2024-03-14 00:00:00-04:00,7.130000114440918,7.289999961853027,6.519999980926514,6.78000020980835,403400,0.0,0.0
2024-03-15 00:00:00-04:00,6.639999866485596,6.900000095367432,6.369999885559082,6.900000095367432,323200,0.0,0.0
2024-03-18 00:00:00-04:00,6.900000095367432,6.900000095367432,6.400000095367432,6.599999904632568,308700,0.0,0.0
2024-03-19 00:00:00-04:00,6.559999942779541,6.909999847412109,6.400000095367432,6.880000114440918,300700,0.0,0.0
2024-03-20 00:00:00-04:00,7.0,7.099999904632568,6.789999961853027,6.96999979019165,263400,0.0,0.0
2024-03-21 00:00:00-04:00,7.010000228881836,7.25,6.880000114440918,7.0,279900,0.0,0.0
2024-03-22 00:00:00-04:00,6.880000114440918,7.050000190734863,6.760000228881836,6.829999923706055,296000,0.0,0.0
2024-03-25 00:00:00-04:00,6.829999923706055,7.0,6.599999904632568,6.659999847412109,320300,0.0,0.0
2024-03-26 00:00:00-04:00,6.71999979019165,6.96999979019165,6.349999904632568,6.400000095367432,312600,0.0,0.0
2024-03-27 00:00:00-04:00,6.400000095367432,6.889999866485596,6.400000095367432,6.769999980926514,291200,0.0,0.0
2024-03-28 00:00:00-04:00,6.769999980926514,7.800000190734863,6.644999980926514,7.510000228881836,412700,0.0,0.0
2024-04-01 00:00:00-04:00,7.570000171661377,8.225000381469727,7.150000095367432,7.300000190734863,301000,0.0,0.0
2024-04-02 00:00:00-04:00,7.400000095367432,8.300000190734863,7.300000190734863,8.029999732971191,383100,0.0,0.0
2024-04-03 00:00:00-04:00,8.039999961853027,8.09000015258789,7.75,7.849999904632568,288100,0.0,0.0
2024-04-04 00:00:00-04:00,7.829999923706055,8.619999885559082,7.400000095367432,7.519999980926514,296800,0.0,0.0
2024-04-05 00:00:00-04:00,7.690000057220459,7.730000019073486,7.0,7.050000190734863,196000,0.0,0.0
2024-04-08 00:00:00-04:00,7.099999904632568,7.349999904632568,7.099999904632568,7.269999980926514,190400,0.0,0.0
2024-04-09 00:00:00-04:00,7.159999847412109,7.340000152587891,6.980000019073486,7.150000095367432,199500,0.0,0.0
2024-04-10 00:00:00-04:00,7.010000228881836,7.230000019073486,7.0,7.090000152587891,226100,0.0,0.0
2024-04-11 00:00:00-04:00,7.010000228881836,7.289999961853027,7.010000228881836,7.159999847412109,194800,0.0,0.0
2024-04-12 00:00:00-04:00,7.050000190734863,7.269999980926514,7.0,7.0,207600,0.0,0.0
2024-04-15 00:00:00-04:00,7.150000095367432,7.429999828338623,7.010000228881836,7.099999904632568,221500,0.0,0.0
2024-04-16 00:00:00-04:00,7.21999979019165,7.590000152587891,7.0,7.5,210300,0.0,0.0
2024-04-17 00:00:00-04:00,7.670000076293945,8.0,7.050000190734863,7.300000190734863,217700,0.0,0.0
2024-04-18 00:00:00-04:00,7.210000038146973,7.550000190734863,7.039999961853027,7.170000076293945,204600,0.0,0.0
2024-04-19 00:00:00-04:00,7.039999961853027,7.510000228881836,7.03000020980835,7.090000152587891,207300,0.0,0.0
2024-04-22 00:00:00-04:00,7.050000190734863,7.320000171661377,7.039999961853027,7.230000019073486,236800,0.0,0.0
2024-04-23 00:00:00-04:00,7.289999961853027,7.619999885559082,7.199999809265137,7.550000190734863,340800,0.0,0.0
2024-04-24 00:00:00-04:00,7.599999904632568,7.699999809265137,7.0,7.170000076293945,312100,0.0,0.0
2024-04-25 00:00:00-04:00,7.019999980926514,7.610000133514404,7.019999980926514,7.190000057220459,235400,0.0,0.0
2024-04-26 00:00:00-04:00,7.5,7.769999980926514,7.210000038146973,7.630000114440918,254800,0.0,0.0
2024-04-29 00:00:00-04:00,7.650000095367432,8.880000114440918,7.599999904632568,8.300000190734863,522900,0.0,0.0
2024-04-30 00:00:00-04:00,8.25,8.3100004196167,7.699999809265137,7.909999847412109,368200,0.0,0.0
2024-05-01 00:00:00-04:00,8.210000038146973,8.210000038146973,7.699999809265137,7.710000038146973,306300,0.0,0.0
2024-05-02 00:00:00-04:00,7.739999771118164,8.760000228881836,7.53000020980835,8.5,276400,0.0,0.0
2024-05-03 00:00:00-04:00,8.619999885559082,8.760000228881836,8.130000114440918,8.1899995803833,260300,0.0,0.0
2024-05-06 00:00:00-04:00,8.149999618530273,8.350000381469727,7.5,7.900000095367432,282500,0.0,0.0
2024-05-07 00:00:00-04:00,7.710000038146973,8.449999809265137,7.710000038146973,8.270000457763672,276000,0.0,0.0
2024-05-08 00:00:00-04:00,8.050000190734863,8.194999694824219,7.309999942779541,7.510000228881836,266000,0.0,0.0
2024-05-09 00:00:00-04:00,7.5,8.0,7.5,7.619999885559082,278200,0.0,0.0
2024-05-10 00:00:00-04:00,7.849999904632568,7.929999828338623,7.510000228881836,7.519999980926514,215900,0.0,0.0
2024-05-13 00:00:00-04:00,7.690000057220459,7.909999847412109,7.559999942779541,7.710000038146973,287200,0.0,0.0
2024-05-14 00:00:00-04:00,7.800000190734863,8.0,7.039999961853027,7.099999904632568,288500,0.0,0.0
2024-05-15 00:00:00-04:00,7.199999809265137,7.820000171661377,7.199999809265137,7.699999809265137,205600,0.0,0.0
2024-05-16 00:00:00-04:00,7.579999923706055,8.390000343322754,7.579999923706055,7.980000019073486,208400,0.0,0.0
2024-05-17 00:00:00-04:00,8.100000381469727,8.25,7.829999923706055,7.960000038146973,214800,0.0,0.0
2024-05-20 00:00:00-04:00,7.849999904632568,8.300000190734863,7.730000019073486,8.300000190734863,227700,0.0,0.0
2024-05-21 00:00:00-04:00,8.239999771118164,8.699999809265137,7.900000095367432,7.900000095367432,206600,0.0,0.0
2024-05-22 00:00:00-04:00,7.849999904632568,8.199999809265137,7.599999904632568,7.980000019073486,201600,0.0,0.0
2024-05-23 00:00:00-04:00,7.849999904632568,8.489999771118164,7.739999771118164,8.300000190734863,213900,0.0,0.0
2024-05-24 00:00:00-04:00,8.5,8.640000343322754,7.949999809265137,8.220000267028809,208200,0.0,0.0
2024-05-28 00:00:00-04:00,8.680000305175781,8.680000305175781,7.789999961853027,7.940000057220459,217800,0.0,0.0
2024-05-29 00:00:00-04:00,7.730000019073486,8.25,7.730000019073486,8.130000114440918,209800,0.0,0.0
2024-05-30 00:00:00-04:00,7.980000019073486,8.489999771118164,7.980000019073486,8.25,213200,0.0,0.0
2024-05-31 00:00:00-04:00,8.1899995803833,8.65999984741211,8.1899995803833,8.65999984741211,314900,0.0,0.0
2024-06-03 00:00:00-04:00,8.529999732971191,9.100000381469727,7.909999847412109,8.09000015258789,305800,0.0,0.0
2024-06-04 00:00:00-04:00,7.929999828338623,8.710000038146973,7.929999828338623,8.050000190734863,311600,0.0,0.0
2024-06-05 00:00:00-04:00,7.949999809265137,8.33899974822998,7.5,7.5,310600,0.0,0.0
2024-06-06 00:00:00-04:00,7.409999847412109,7.809999942779541,7.199999809265137,7.699999809265137,152400,0.0,0.0
2024-06-07 00:00:00-04:00,7.550000190734863,8.100000381469727,7.550000190734863,7.820000171661377,266900,0.0,0.0
2024-06-10 00:00:00-04:00,7.699999809265137,7.75,7.25,7.389999866485596,195100,0.0,0.0
2024-06-11 00:00:00-04:00,7.239999771118164,7.460000038146973,7.0,7.110000133514404,252900,0.0,0.0
2024-06-12 00:00:00-04:00,7.099999904632568,7.300000190734863,7.050000190734863,7.230000019073486,253100,0.0,0.0
2024-06-13 00:00:00-04:00,7.360000133514404,7.909999847412109,7.25,7.690000057220459,258400,0.0,0.0
2024-06-14 00:00:00-04:00,7.690000057220459,7.800000190734863,7.420000076293945,7.570000171661377,240200,0.0,0.0
2024-06-17 00:00:00-04:00,7.5,7.849999904632568,7.232999801635742,7.789999961853027,274100,0.0,0.0
2024-06-18 00:00:00-04:00,7.869999885559082,7.869999885559082,7.400000095367432,7.519999980926514,209100,0.0,0.0
2024-06-20 00:00:00-04:00,7.690000057220459,7.710000038146973,7.260000228881836,7.590000152587891,263100,0.0,0.0
2024-06-21 00:00:00-04:00,7.699999809265137,8.699999809265137,7.559999942779541,8.25,321400,0.0,0.0
2024-06-24 00:00:00-04:00,8.069999694824219,9.0,7.960000038146973,8.720000267028809,236000,0.0,0.0
2024-06-25 00:00:00-04:00,8.899999618530273,9.359999656677246,8.600000381469727,9.199999809265137,272300,0.0,0.0
2024-06-26 00:00:00-04:00,9.140000343322754,9.979999542236328,8.770000457763672,9.010000228881836,229600,0.0,0.0
2024-06-27 00:00:00-04:00,9.0,9.100000381469727,8.479999542236328,9.069999694824219,215300,0.0,0.0
2024-06-28 00:00:00-04:00,9.010000228881836,9.300000190734863,8.75,9.109999656677246,229200,0.0,0.0
2024-07-01 00:00:00-04:00,9.25,9.25,8.399999618530273,8.899999618530273,205800,0.0,0.0
2024-07-02 00:00:00-04:00,8.890000343322754,9.0,7.980000019073486,8.470000267028809,206700,0.0,0.0
2024-07-03 00:00:00-04:00,8.300000190734863,9.289999961853027,8.100000381469727,9.199999809265137,155300,0.0,0.0
2024-07-05 00:00:00-04:00,9.020000457763672,9.300000190734863,8.869999885559082,9.09000015258789,205600,0.0,0.0
