Date,Open,High,Low,Close,Volume,Dividends,Stock Splits
2015-08-05 00:00:00-04:00,2712.0,2712.0,2712.0,2712.0,0,0.0,0.0
2015-08-06 00:00:00-04:00,2760.0,2760.0,2622.0,2760.0,2,0.0,0.0
2015-08-07 00:00:00-04:00,2760.0,2760.0,2760.0,2760.0,0,0.0,0.0
2015-08-10 00:00:00-04:00,2760.0,2760.0,2760.0,2760.0,0,0.0,0.0
2015-08-11 00:00:00-04:00,2760.0,2760.0,2760.0,2760.0,0,0.0,0.0
2015-08-12 00:00:00-04:00,2760.0,2760.0,2760.0,2760.0,0,0.0,0.0
2015-08-13 00:00:00-04:00,2760.0,2760.0,2760.0,2760.0,0,0.0,0.0
2015-08-14 00:00:00-04:00,2760.0,2760.0,2760.0,2760.0,0,0.0,0.0
2015-08-17 00:00:00-04:00,2760.0,2760.0,2760.0,2760.0,0,0.0,0.0
2015-08-18 00:00:00-04:00,2760.0,2760.0,2760.0,2760.0,0,0.0,0.0
2015-08-19 00:00:00-04:00,2760.0,2760.0,2760.0,2760.0,0,0.0,0.0
2015-08-20 00:00:00-04:00,2760.0,2760.0,2760.0,2760.0,0,0.0,0.0
2015-08-21 00:00:00-04:00,2760.0,2760.0,2760.0,2760.0,0,0.0,0.0
2015-08-24 00:00:00-04:00,2760.0,2760.0,2760.0,2760.0,0,0.0,0.0
2015-08-25 00:00:00-04:00,2394.0,2574.0,2394.0,2574.0,0,0.0,0.0
2015-08-26 00:00:00-04:00,2574.0,2574.0,2574.0,2574.0,0,0.0,0.0
2015-08-27 00:00:00-04:00,2310.0,2310.0,2310.0,2310.0,1,0.0,0.0
2015-08-28 00:00:00-04:00,2310.0,2310.0,2310.0,2310.0,0,0.0,0.0
2015-08-31 00:00:00-04:00,2310.0,2310.0,2310.0,2310.0,0,0.0,0.0
2015-09-01 00:00:00-04:00,2394.0,2394.0,2280.0,2280.0,1,0.0,0.0
2015-09-02 00:00:00-04:00,2364.0,2364.0,2280.0,2280.0,1,0.0,0.0
2015-09-03 00:00:00-04:00,2394.0,2394.0,2394.0,2394.0,0,0.0,0.0
2015-09-04 00:00:00-04:00,2394.0,2394.0,2394.0,2394.0,0,0.0,0.0
2015-09-08 00:00:00-04:00,2232.0,2508.0,2232.0,2508.0,2,0.0,0.0
2015-09-09 00:00:00-04:00,2508.0,2508.0,2508.0,2508.0,0,0.0,0.0
2015-09-10 00:00:00-04:00,2508.0,2508.0,2508.0,2508.0,0,0.0,0.0
2015-09-11 00:00:00-04:00,2508.0,2508.0,2508.0,2508.0,0,0.0,0.0
2015-09-14 00:00:00-04:00,2490.0,2490.0,2400.0,2400.0,1,0.0,0.0
2015-09-15 00:00:00-04:00,2400.0,2400.0,2400.0,2400.0,0,0.0,0.0
2015-09-16 00:00:00-04:00,2460.0,2460.0,2340.0,2340.0,2,0.0,0.0
2015-09-17 00:00:00-04:00,2340.0,2340.0,2340.0,2340.0,0,0.0,0.0
2015-09-18 00:00:00-04:00,2112.0,3102.0,2112.0,3000.0,2,0.0,0.0
2015-09-21 00:00:00-04:00,2400.0,2400.0,2316.0,2382.0,7,0.0,0.0
2015-09-22 00:00:00-04:00,2400.0,2431.800048828125,2340.0,2431.800048828125,5,0.0,0.0
2015-09-23 00:00:00-04:00,2460.0,2460.0,2460.0,2460.0,1,0.0,0.0
2015-09-24 00:00:00-04:00,2478.0,2478.0,2466.0,2466.0,1,0.0,0.0
2015-09-25 00:00:00-04:00,2520.0,2520.0,2430.0,2430.0,1,0.0,0.0
2015-09-28 00:00:00-04:00,2430.0,2430.0,2430.0,2430.0,0,0.0,0.0
2015-09-29 00:00:00-04:00,2430.0,2430.0,2430.0,2430.0,0,0.0,0.0
2015-09-30 00:00:00-04:00,2688.0,2688.0,2688.0,2688.0,1,0.0,0.0
2015-10-01 00:00:00-04:00,2688.0,2688.0,2688.0,2688.0,0,0.0,0.0
2015-10-02 00:00:00-04:00,2688.0,2688.0,2688.0,2688.0,0,0.0,0.0
2015-10-05 00:00:00-04:00,2688.0,2688.0,2688.0,2688.0,0,0.0,0.0
2015-10-06 00:00:00-04:00,2688.0,2688.0,2688.0,2688.0,0,0.0,0.0
2015-10-07 00:00:00-04:00,2688.0,2688.0,2688.0,2688.0,0,0.0,0.0
2015-10-08 00:00:00-04:00,2688.0,2688.0,2688.0,2688.0,0,0.0,0.0
2015-10-09 00:00:00-04:00,2688.0,2688.0,2688.0,2688.0,0,0.0,0.0
2015-10-12 00:00:00-04:00,2100.0,2388.0,2052.0,2340.0,1,0.0,0.0
2015-10-13 00:00:00-04:00,2040.0,2340.0,2040.0,2340.0,1,0.0,0.0
2015-10-14 00:00:00-04:00,2340.0,2340.0,2340.0,2340.0,0,0.0,0.0
2015-10-15 00:00:00-04:00,2340.0,2340.0,2340.0,2340.0,0,0.0,0.0
2015-10-16 00:00:00-04:00,2340.0,2340.0,2340.0,2340.0,0,0.0,0.0
2015-10-19 00:00:00-04:00,2370.0,2370.0,2370.0,2370.0,0,0.0,0.0
2015-10-20 00:00:00-04:00,2370.0,2370.0,2370.0,2370.0,0,0.0,0.0
2015-10-21 00:00:00-04:00,2370.0,2370.0,2370.0,2370.0,0,0.0,0.0
2015-10-22 00:00:00-04:00,2370.0,2370.0,2370.0,2370.0,0,0.0,0.0
2015-10-23 00:00:00-04:00,1992.0,1992.0,1992.0,1992.0,0,0.0,0.0
2015-10-26 00:00:00-04:00,2112.0,2460.0,2112.0,2448.0,1,0.0,0.0
2015-10-27 00:00:00-04:00,2448.0,2454.0,2448.0,2454.0,2,0.0,0.0
2015-10-28 00:00:00-04:00,2454.0,2454.0,2454.0,2454.0,0,0.0,0.0
2015-10-29 00:00:00-04:00,2454.0,2454.0,2454.0,2454.0,0,0.0,0.0
2015-10-30 00:00:00-04:00,2418.0,2418.0,2418.0,2418.0,0,0.0,0.0
2015-11-02 00:00:00-05:00,2112.0,2322.0,2106.0,2322.0,2,0.0,0.0
2015-11-03 00:00:00-05:00,2120.39990234375,2358.0,2120.39990234375,2358.0,2,0.0,0.0
2015-11-04 00:00:00-05:00,2370.0,2370.0,2370.0,2370.0,0,0.0,0.0
2015-11-05 00:00:00-05:00,2370.0,2370.0,2370.0,2370.0,0,0.0,0.0
2015-11-06 00:00:00-05:00,2370.0,2370.0,2370.0,2370.0,0,0.0,0.0
2015-11-09 00:00:00-05:00,2370.0,2370.0,2370.0,2370.0,2,0.0,0.0
2015-11-10 00:00:00-05:00,2022.0,2082.0,2022.0,2082.0,3,0.0,0.0
2015-11-11 00:00:00-05:00,2082.0,2082.0,2082.0,2082.0,0,0.0,0.0
2015-11-12 00:00:00-05:00,2082.0,2082.0,2082.0,2082.0,0,0.0,0.0
2015-11-13 00:00:00-05:00,2082.0,2082.0,2082.0,2082.0,0,0.0,0.0
2015-11-16 00:00:00-05:00,2082.0,2082.0,2082.0,2082.0,0,0.0,0.0
2015-11-17 00:00:00-05:00,2082.0,2082.0,2082.0,2082.0,0,0.0,0.0
2015-11-18 00:00:00-05:00,2064.0,2262.0,2064.0,2262.0,1,0.0,0.0
2015-11-19 00:00:00-05:00,2262.0,2262.0,2262.0,2262.0,0,0.0,0.0
2015-11-20 00:00:00-05:00,2262.0,2262.0,2262.0,2262.0,0,0.0,0.0
2015-11-23 00:00:00-05:00,2262.0,2262.0,2262.0,2262.0,0,0.0,0.0
2015-11-24 00:00:00-05:00,2262.0,2262.0,2262.0,2262.0,0,0.0,0.0
2015-11-25 00:00:00-05:00,2262.0,2262.0,2262.0,2262.0,0,0.0,0.0
2015-11-27 00:00:00-05:00,2262.0,2262.0,2262.0,2262.0,0,0.0,0.0
2015-11-30 00:00:00-05:00,1956.0,2034.0,1956.0,2034.0,2,0.0,0.0
2015-12-01 00:00:00-05:00,2034.0,2034.0,2034.0,2034.0,0,0.0,0.0
2015-12-02 00:00:00-05:00,2034.0,2034.0,2034.0,2034.0,0,0.0,0.0
2015-12-03 00:00:00-05:00,2034.0,2034.0,2034.0,2034.0,0,0.0,0.0
2015-12-04 00:00:00-05:00,2034.0,2034.0,2034.0,2034.0,0,0.0,0.0
2015-12-07 00:00:00-05:00,1866.0,1866.0,1866.0,1866.0,1,0.0,0.0
2015-12-08 00:00:00-05:00,1866.0,1866.0,1866.0,1866.0,0,0.0,0.0
2015-12-09 00:00:00-05:00,1866.0,1866.0,1866.0,1866.0,0,0.0,0.0
2015-12-10 00:00:00-05:00,1866.0,1866.0,1866.0,1866.0,0,0.0,0.0
2015-12-11 00:00:00-05:00,1866.0,1866.0,1866.0,1866.0,0,0.0,0.0
2015-12-14 00:00:00-05:00,1866.0,1866.0,1866.0,1866.0,0,0.0,0.0
2015-12-15 00:00:00-05:00,1866.0,1866.0,1866.0,1866.0,0,0.0,0.0
2015-12-16 00:00:00-05:00,1866.0,1866.0,1866.0,1866.0,0,0.0,0.0
2015-12-17 00:00:00-05:00,1800.0,1860.0,1506.0,1818.0,8,0.0,0.0
2015-12-18 00:00:00-05:00,1818.0,1818.0,1818.0,1818.0,0,0.0,0.0
2015-12-21 00:00:00-05:00,1818.0,1818.0,1818.0,1818.0,0,0.0,0.0
2015-12-22 00:00:00-05:00,1818.0,1818.0,1818.0,1818.0,0,0.0,0.0
2015-12-23 00:00:00-05:00,1704.0,1740.0,1704.0,1740.0,1,0.0,0.0
2015-12-24 00:00:00-05:00,1740.0,1740.0,1740.0,1740.0,0,0.0,0.0
2015-12-28 00:00:00-05:00,1734.0,1734.0,1734.0,1734.0,0,0.0,0.0
2015-12-29 00:00:00-05:00,1734.0,1734.0,1734.0,1734.0,0,0.0,0.0
2015-12-30 00:00:00-05:00,1734.0,1734.0,1734.0,1734.0,0,0.0,0.0
2015-12-31 00:00:00-05:00,1548.0,1608.0,1542.0,1608.0,8,0.0,0.0
2016-01-04 00:00:00-05:00,1608.0,1608.0,1608.0,1608.0,0,0.0,0.0
2016-01-05 00:00:00-05:00,1608.0,1608.0,1608.0,1608.0,0,0.0,0.0
2016-01-06 00:00:00-05:00,1608.0,1608.0,1608.0,1608.0,0,0.0,0.0
2016-01-07 00:00:00-05:00,1608.0,1608.0,1608.0,1608.0,0,0.0,0.0
2016-01-08 00:00:00-05:00,1608.0,1608.0,1608.0,1608.0,0,0.0,0.0
2016-01-11 00:00:00-05:00,1608.0,1608.0,1608.0,1608.0,0,0.0,0.0
2016-01-12 00:00:00-05:00,1608.0,1608.0,1608.0,1608.0,0,0.0,0.0
2016-01-13 00:00:00-05:00,1608.0,1608.0,1608.0,1608.0,0,0.0,0.0
2016-01-14 00:00:00-05:00,1608.0,1608.0,1608.0,1608.0,0,0.0,0.0
2016-01-15 00:00:00-05:00,1608.0,1608.0,1608.0,1608.0,0,0.0,0.0
2016-01-19 00:00:00-05:00,1608.0,1608.0,1608.0,1608.0,0,0.0,0.0
2016-01-20 00:00:00-05:00,1608.0,1608.0,1608.0,1608.0,0,0.0,0.0
2016-01-21 00:00:00-05:00,1608.0,1608.0,1608.0,1608.0,0,0.0,0.0
2016-01-22 00:00:00-05:00,1608.0,1608.0,1608.0,1608.0,0,0.0,0.0
2016-01-25 00:00:00-05:00,1608.0,1608.0,1608.0,1608.0,0,0.0,0.0
2016-01-26 00:00:00-05:00,1524.0,1524.0,1524.0,1524.0,2,0.0,0.0
2016-01-27 00:00:00-05:00,1524.0,1524.0,1524.0,1524.0,0,0.0,0.0
2016-01-28 00:00:00-05:00,1524.0,1524.0,1524.0,1524.0,0,0.0,0.0
2016-01-29 00:00:00-05:00,1524.0,1524.0,1524.0,1524.0,0,0.0,0.0
2016-02-01 00:00:00-05:00,1524.0,1524.0,1524.0,1524.0,0,0.0,0.0
2016-02-02 00:00:00-05:00,1524.0,1524.0,1524.0,1524.0,0,0.0,0.0
2016-02-03 00:00:00-05:00,1524.0,1524.0,1524.0,1524.0,0,0.0,0.0
2016-02-04 00:00:00-05:00,1524.0,1524.0,1524.0,1524.0,0,0.0,0.0
2016-02-05 00:00:00-05:00,1524.0,1524.0,1524.0,1524.0,0,0.0,0.0
2016-02-08 00:00:00-05:00,1524.0,1524.0,1524.0,1524.0,0,0.0,0.0
2016-02-09 00:00:00-05:00,1524.0,1524.0,1524.0,1524.0,0,0.0,0.0
2016-02-10 00:00:00-05:00,1524.0,1524.0,1524.0,1524.0,0,0.0,0.0
2016-02-11 00:00:00-05:00,1080.0,1218.0,1020.0,1218.0,3,0.0,0.0
2016-02-12 00:00:00-05:00,1218.0,1218.0,1218.0,1218.0,0,0.0,0.0
2016-02-16 00:00:00-05:00,1218.0,1218.0,1218.0,1218.0,0,0.0,0.0
2016-02-17 00:00:00-05:00,1080.0,1182.0,912.0,1127.4000244140625,3,0.0,0.0
2016-02-18 00:00:00-05:00,1127.4000244140625,1127.4000244140625,1127.4000244140625,1127.4000244140625,0,0.0,0.0
2016-02-19 00:00:00-05:00,1178.4000244140625,1178.4000244140625,1140.0,1140.0,1,0.0,0.0
2016-02-22 00:00:00-05:00,1152.0,1158.0,900.0,1146.0,4,0.0,0.0
2016-02-23 00:00:00-05:00,1146.0,1146.0,1146.0,1146.0,0,0.0,0.0
2016-02-24 00:00:00-05:00,1128.0,1128.0,1128.0,1128.0,1,0.0,0.0
2016-02-25 00:00:00-05:00,996.0,1122.0,936.0,1032.0,55,0.0,0.0
2016-02-26 00:00:00-05:00,984.0,1128.0,960.0,1092.0,21,0.0,0.0
2016-02-29 00:00:00-05:00,1002.0,1146.0,1002.0,1146.0,5,0.0,0.0
2016-03-01 00:00:00-05:00,972.0,1164.0,972.0,1164.0,1,0.0,0.0
2016-03-02 00:00:00-05:00,990.0,1128.0,990.0,1098.0,98,0.0,0.0
2016-03-03 00:00:00-05:00,1110.0,1176.0,1020.0,1080.0,84,0.0,0.0
2016-03-04 00:00:00-05:00,1122.0,1128.0,1020.0,1062.0,62,0.0,0.0
2016-03-07 00:00:00-05:00,1036.199951171875,1063.800048828125,1014.0,1014.0,1,0.0,0.0
2016-03-08 00:00:00-05:00,1110.0,1110.0,1110.0,1110.0,0,0.0,0.0
2016-03-09 00:00:00-05:00,1080.0,1230.0,1068.0,1230.0,7,0.0,0.0
2016-03-10 00:00:00-05:00,1188.0,1188.0,1188.0,1188.0,4,0.0,0.0
2016-03-11 00:00:00-05:00,1188.0,1188.0,1188.0,1188.0,0,0.0,0.0
2016-03-14 00:00:00-04:00,1080.5999755859375,1146.0,1080.5999755859375,1146.0,1,0.0,0.0
2016-03-15 00:00:00-04:00,1062.0,1134.0,1062.0,1086.0,18,0.0,0.0
2016-03-16 00:00:00-04:00,1086.0,1086.0,1086.0,1086.0,0,0.0,0.0
2016-03-17 00:00:00-04:00,1099.800048828125,1114.800048828125,1099.800048828125,1114.800048828125,1,0.0,0.0
2016-03-18 00:00:00-04:00,1114.800048828125,1114.800048828125,1114.800048828125,1114.800048828125,0,0.0,0.0
2016-03-21 00:00:00-04:00,1020.0,1128.0,996.0,1128.0,1,0.0,0.0
2016-03-22 00:00:00-04:00,1128.0,1128.0,1128.0,1128.0,0,0.0,0.0
2016-03-23 00:00:00-04:00,1128.0,1128.0,1128.0,1128.0,0,0.0,0.0
2016-03-24 00:00:00-04:00,1128.0,1128.0,1128.0,1128.0,0,0.0,0.0
2016-03-28 00:00:00-04:00,1128.0,1128.0,1128.0,1128.0,0,0.0,0.0
2016-03-29 00:00:00-04:00,1128.0,1128.0,1128.0,1128.0,0,0.0,0.0
2016-03-30 00:00:00-04:00,1104.0,1104.0,1104.0,1104.0,0,0.0,0.0
2016-03-31 00:00:00-04:00,1092.0,1092.0,1092.0,1092.0,0,0.0,0.0
2016-04-01 00:00:00-04:00,1104.0,1104.0,1104.0,1104.0,0,0.0,0.0
2016-04-04 00:00:00-04:00,1104.0,1104.0,1104.0,1104.0,0,0.0,0.0
2016-04-05 00:00:00-04:00,1104.0,1104.0,1104.0,1104.0,0,0.0,0.0
2016-04-06 00:00:00-04:00,1104.0,1104.0,1104.0,1104.0,0,0.0,0.0
2016-04-07 00:00:00-04:00,1104.0,1104.0,1104.0,1104.0,0,0.0,0.0
2016-04-08 00:00:00-04:00,1104.0,1104.0,1104.0,1104.0,0,0.0,0.0
2016-04-11 00:00:00-04:00,1104.0,1104.0,1104.0,1104.0,0,0.0,0.0
2016-04-12 00:00:00-04:00,1104.0,1104.0,1104.0,1104.0,0,0.0,0.0
2016-04-13 00:00:00-04:00,1104.0,1104.0,1104.0,1104.0,0,0.0,0.0
2016-04-14 00:00:00-04:00,1020.0,1140.0,1008.0,1140.0,2,0.0,0.0
2016-04-15 00:00:00-04:00,1140.0,1140.0,1140.0,1140.0,0,0.0,0.0
2016-04-18 00:00:00-04:00,1140.0,1140.0,1140.0,1140.0,0,0.0,0.0
2016-04-19 00:00:00-04:00,1098.0,1140.0,1074.0,1140.0,1,0.0,0.0
2016-04-20 00:00:00-04:00,1140.0,1140.0,1140.0,1140.0,0,0.0,0.0
2016-04-21 00:00:00-04:00,1140.0,1140.0,1140.0,1140.0,0,0.0,0.0
2016-04-22 00:00:00-04:00,1140.0,1140.0,1140.0,1140.0,0,0.0,0.0
2016-04-25 00:00:00-04:00,1140.0,1140.0,1140.0,1140.0,0,0.0,0.0
2016-04-26 00:00:00-04:00,1140.0,1140.0,1140.0,1140.0,0,0.0,0.0
2016-04-27 00:00:00-04:00,1122.0,1122.0,1122.0,1122.0,0,0.0,0.0
2016-04-28 00:00:00-04:00,1122.0,1122.0,1122.0,1122.0,0,0.0,0.0
2016-04-29 00:00:00-04:00,960.0,1116.0,960.0,1104.0,3,0.0,0.0
2016-05-02 00:00:00-04:00,912.0,912.0,912.0,912.0,0,0.0,0.0
2016-05-03 00:00:00-04:00,912.0,912.0,912.0,912.0,0,0.0,0.0
2016-05-04 00:00:00-04:00,912.0,912.0,912.0,912.0,0,0.0,0.0
2016-05-05 00:00:00-04:00,870.0,1104.0,870.0,1104.0,1,0.0,0.0
2016-05-06 00:00:00-04:00,990.0,990.0,990.0,990.0,1,0.0,0.0
2016-05-09 00:00:00-04:00,990.0,990.0,990.0,990.0,0,0.0,0.0
2016-05-10 00:00:00-04:00,990.0,990.0,990.0,990.0,0,0.0,0.0
2016-05-11 00:00:00-04:00,990.0,990.0,990.0,990.0,0,0.0,0.0
2016-05-12 00:00:00-04:00,990.0,990.0,990.0,990.0,0,0.0,0.0
2016-05-13 00:00:00-04:00,1098.0,1098.0,1096.199951171875,1096.199951171875,1,0.0,0.0
2016-05-16 00:00:00-04:00,1096.199951171875,1096.199951171875,1096.199951171875,1096.199951171875,0,0.0,0.0
2016-05-17 00:00:00-04:00,1096.199951171875,1096.199951171875,1096.199951171875,1096.199951171875,0,0.0,0.0
2016-05-18 00:00:00-04:00,1044.0,1080.0,976.2000122070312,978.0,12,0.0,0.0
2016-05-19 00:00:00-04:00,978.0,978.0,978.0,978.0,0,0.0,0.0
2016-05-20 00:00:00-04:00,978.0,978.0,978.0,978.0,0,0.0,0.0
2016-05-23 00:00:00-04:00,978.0,978.0,978.0,978.0,0,0.0,0.0
2016-05-24 00:00:00-04:00,972.0,1110.0,840.0,948.0,14,0.0,0.0
2016-05-25 00:00:00-04:00,900.0,900.0,828.0,828.0,3,0.0,0.0
2016-05-26 00:00:00-04:00,900.0,900.0,846.0,892.7999877929688,10,0.0,0.0
2016-05-27 00:00:00-04:00,892.7999877929688,892.7999877929688,892.7999877929688,892.7999877929688,0,0.0,0.0
2016-05-31 00:00:00-04:00,834.0,834.0,834.0,834.0,0,0.0,0.0
2016-06-01 00:00:00-04:00,858.5999755859375,864.0,828.0,828.0,4,0.0,0.0
2016-06-02 00:00:00-04:00,912.0,1021.2000122070312,912.0,948.0,5,0.0,0.0
2016-06-03 00:00:00-04:00,948.0,1008.0,948.0,984.0,6,0.0,0.0
2016-06-06 00:00:00-04:00,852.0,852.0,852.0,852.0,0,0.0,0.0
2016-06-07 00:00:00-04:00,852.0,852.0,852.0,852.0,0,0.0,0.0
2016-06-08 00:00:00-04:00,852.0,852.0,852.0,852.0,0,0.0,0.0
2016-06-09 00:00:00-04:00,828.0,828.0,798.0,798.0,3,0.0,0.0
2016-06-10 00:00:00-04:00,798.0,798.0,798.0,798.0,0,0.0,0.0
2016-06-13 00:00:00-04:00,798.0,798.0,798.0,798.0,0,0.0,0.0
2016-06-14 00:00:00-04:00,900.0,900.0,900.0,900.0,1,0.0,0.0
2016-06-15 00:00:00-04:00,828.0,846.0,794.4000244140625,840.0,5,0.0,0.0
2016-06-16 00:00:00-04:00,840.0,840.0,840.0,840.0,0,0.0,0.0
2016-06-17 00:00:00-04:00,840.0,840.0,840.0,840.0,0,0.0,0.0
2016-06-20 00:00:00-04:00,703.2000122070312,828.0,703.2000122070312,828.0,2,0.0,0.0
2016-06-21 00:00:00-04:00,828.0,828.0,828.0,828.0,0,0.0,0.0
2016-06-22 00:00:00-04:00,702.0,736.7999877929688,702.0,736.7999877929688,3,0.0,0.0
2016-06-23 00:00:00-04:00,756.0,777.5999755859375,732.0,777.5999755859375,4,0.0,0.0
2016-06-24 00:00:00-04:00,777.5999755859375,777.5999755859375,777.5999755859375,777.5999755859375,0,0.0,0.0
2016-06-27 00:00:00-04:00,777.5999755859375,777.5999755859375,777.5999755859375,777.5999755859375,0,0.0,0.0
2016-06-28 00:00:00-04:00,750.0,750.0,684.0,684.0,2,0.0,0.0
2016-06-29 00:00:00-04:00,648.0,668.4000244140625,648.0,648.0,4,0.0,0.0
2016-06-30 00:00:00-04:00,606.0,606.0,606.0,606.0,1,0.0,0.0
2016-07-01 00:00:00-04:00,606.0,606.0,606.0,606.0,0,0.0,0.0
2016-07-05 00:00:00-04:00,559.7999877929688,559.7999877929688,559.7999877929688,559.7999877929688,1,0.0,0.0
2016-07-06 00:00:00-04:00,559.7999877929688,559.7999877929688,559.7999877929688,559.7999877929688,0,0.0,0.0
2016-07-07 00:00:00-04:00,559.7999877929688,559.7999877929688,559.7999877929688,559.7999877929688,0,0.0,0.0
2016-07-08 00:00:00-04:00,559.7999877929688,559.7999877929688,559.7999877929688,559.7999877929688,0,0.0,0.0
2016-07-11 00:00:00-04:00,559.7999877929688,559.7999877929688,559.7999877929688,559.7999877929688,0,0.0,0.0
2016-07-12 00:00:00-04:00,480.0,480.0,457.79998779296875,457.79998779296875,2,0.0,0.0
2016-07-13 00:00:00-04:00,469.79998779296875,469.79998779296875,469.79998779296875,469.79998779296875,0,0.0,0.0
2016-07-14 00:00:00-04:00,606.0,606.0,606.0,606.0,2,0.0,0.0
2016-07-15 00:00:00-04:00,654.0,723.0,474.0,516.0,52,0.0,0.0
2016-07-18 00:00:00-04:00,516.0,516.0,516.0,516.0,0,0.0,0.0
2016-07-19 00:00:00-04:00,552.5999755859375,636.0,552.5999755859375,636.0,4,0.0,0.0
2016-07-20 00:00:00-04:00,624.0,798.0,600.0,690.0,152,0.0,0.0
2016-07-21 00:00:00-04:00,744.0,1092.0,691.2000122070312,948.0,421,0.0,0.0
2016-07-22 00:00:00-04:00,948.0,957.0,786.0,786.0,153,0.0,0.0
2016-07-25 00:00:00-04:00,816.0,840.0,690.0,780.0,151,0.0,0.0
2016-07-26 00:00:00-04:00,780.0,864.0,780.0,786.0,36,0.0,0.0
2016-07-27 00:00:00-04:00,1116.0,1950.0,1116.0,1278.0,24907,0.0,0.0
2016-07-28 00:00:00-04:00,1290.0,1320.0,1092.0,1134.0,1512,0.0,0.0
2016-07-29 00:00:00-04:00,1140.0,1290.0,1086.0,1212.0,311,0.0,0.0
2016-08-01 00:00:00-04:00,1212.0,1278.0,1212.0,1218.0,143,0.0,0.0
2016-08-02 00:00:00-04:00,1242.0,1242.0,1086.0,1140.0,181,0.0,0.0
2016-08-03 00:00:00-04:00,1092.0,1140.0,840.0,960.0,130,0.0,0.0
2016-08-04 00:00:00-04:00,1164.0,1164.0,906.0,1002.0,47,0.0,0.0
2016-08-05 00:00:00-04:00,1002.0,1026.0,966.0,1014.0,114,0.0,0.0
2016-08-08 00:00:00-04:00,1026.0,1047.0,966.0,1020.0,76,0.0,0.0
2016-08-09 00:00:00-04:00,1026.0,1043.4000244140625,966.0,1020.0,34,0.0,0.0
2016-08-10 00:00:00-04:00,992.4000244140625,1110.0,919.2000122070312,1032.0,163,0.0,0.0
2016-08-11 00:00:00-04:00,1050.0,1086.0,966.0,1002.0,219,0.0,0.0
2016-08-12 00:00:00-04:00,990.0,1074.0,972.0,1020.0,37,0.0,0.0
2016-08-15 00:00:00-04:00,1032.0,1032.0,966.0,978.0,35,0.0,0.0
2016-08-16 00:00:00-04:00,966.0,1008.0,918.0,918.0,31,0.0,0.0
2016-08-17 00:00:00-04:00,900.0,930.0,858.0,900.0,51,0.0,0.0
2016-08-18 00:00:00-04:00,852.0,1020.0,852.0,1020.0,108,0.0,0.0
2016-08-19 00:00:00-04:00,1002.0,1050.0,912.0,1020.0,68,0.0,0.0
2016-08-22 00:00:00-04:00,1020.0,1152.0,1020.0,1122.0,315,0.0,0.0
2016-08-23 00:00:00-04:00,1362.0,1554.0,1218.0,1260.0,3562,0.0,0.0
2016-08-24 00:00:00-04:00,1320.0,1320.0,1110.0,1141.199951171875,358,0.0,0.0
2016-08-25 00:00:00-04:00,1140.0,1146.0,972.0,1044.0,119,0.0,0.0
2016-08-26 00:00:00-04:00,1032.0,1108.199951171875,996.0,1056.0,54,0.0,0.0
2016-08-29 00:00:00-04:00,1056.0,1056.0,1008.0,1038.0,16,0.0,0.0
2016-08-30 00:00:00-04:00,990.0,1014.0,990.0,1002.0,10,0.0,0.0
2016-08-31 00:00:00-04:00,1008.0,1008.0,894.0,972.0,40,0.0,0.0
2016-09-01 00:00:00-04:00,924.0,1182.0,918.0,1128.0,351,0.0,0.0
2016-09-02 00:00:00-04:00,1134.0,1164.0,1056.0,1086.0,95,0.0,0.0
2016-09-06 00:00:00-04:00,1098.0,1158.0,1056.0,1122.0,219,0.0,0.0
2016-09-07 00:00:00-04:00,1062.0,1092.0,1020.0,1020.0,49,0.0,0.0
2016-09-08 00:00:00-04:00,972.0,1014.0,960.0,960.0,81,0.0,0.0
2016-09-09 00:00:00-04:00,906.0,930.0,906.0,918.0,61,0.0,0.0
2016-09-12 00:00:00-04:00,906.5999755859375,927.0,906.0,912.0,15,0.0,0.0
2016-09-13 00:00:00-04:00,930.0,930.0,900.0,900.0,11,0.0,0.0
2016-09-14 00:00:00-04:00,900.0,900.0,816.0,852.0,43,0.0,0.0
2016-09-15 00:00:00-04:00,876.0,883.2000122070312,840.0,840.0,27,0.0,0.0
2016-09-16 00:00:00-04:00,846.0,858.0,810.0,858.0,10,0.0,0.0
2016-09-19 00:00:00-04:00,870.0,888.0,816.0,822.0,39,0.0,0.0
2016-09-20 00:00:00-04:00,840.0,846.0,810.0,810.0,16,0.0,0.0
2016-09-21 00:00:00-04:00,794.4000244140625,852.0,792.0,846.0,21,0.0,0.0
2016-09-22 00:00:00-04:00,842.4000244140625,842.4000244140625,768.0,792.0,59,0.0,0.0
2016-09-23 00:00:00-04:00,792.0,814.7999877929688,774.0,807.0,32,0.0,0.0
2016-09-26 00:00:00-04:00,798.0,813.5999755859375,780.0,804.0,10,0.0,0.0
2016-09-27 00:00:00-04:00,774.0,802.2000122070312,726.0,744.0,11,0.0,0.0
2016-09-28 00:00:00-04:00,756.0,786.0,756.0,768.0,28,0.0,0.0
2016-09-29 00:00:00-04:00,780.0,804.0,756.0,780.0,31,0.0,0.0
2016-09-30 00:00:00-04:00,774.0,774.0,726.0,756.0,92,0.0,0.0
2016-10-03 00:00:00-04:00,750.0,750.0,720.0,732.0,36,0.0,0.0
2016-10-04 00:00:00-04:00,728.4000244140625,756.0,720.0,732.0,78,0.0,0.0
2016-10-05 00:00:00-04:00,739.7999877929688,750.0,732.0,738.0,6,0.0,0.0
2016-10-06 00:00:00-04:00,774.0,774.0,738.0,771.0,23,0.0,0.0
2016-10-07 00:00:00-04:00,804.0,804.0,726.0,726.0,4,0.0,0.0
2016-10-10 00:00:00-04:00,744.0,804.0,744.0,786.0,36,0.0,0.0
2016-10-11 00:00:00-04:00,773.4000244140625,774.0,732.0,732.0,5,0.0,0.0
2016-10-12 00:00:00-04:00,742.7999877929688,742.7999877929688,732.0,738.0,6,0.0,0.0
2016-10-13 00:00:00-04:00,750.0,751.7999877929688,720.0,726.0,35,0.0,0.0
2016-10-14 00:00:00-04:00,726.0,726.0,702.0,714.0,35,0.0,0.0
2016-10-17 00:00:00-04:00,708.0,780.0,708.0,708.0,79,0.0,0.0
2016-10-18 00:00:00-04:00,726.0,738.0,702.0,738.0,97,0.0,0.0
2016-10-19 00:00:00-04:00,714.0,744.0,708.0,726.0,60,0.0,0.0
2016-10-20 00:00:00-04:00,732.0,732.0,720.0,732.0,16,0.0,0.0
2016-10-21 00:00:00-04:00,744.0,747.5999755859375,714.0,714.0,5,0.0,0.0
2016-10-24 00:00:00-04:00,702.0,732.0,702.0,732.0,9,0.0,0.0
2016-10-25 00:00:00-04:00,738.0,738.0,720.0,726.0,7,0.0,0.0
2016-10-26 00:00:00-04:00,714.0,737.4000244140625,702.0,720.0,22,0.0,0.0
2016-10-27 00:00:00-04:00,702.0,708.0,696.0,696.0,9,0.0,0.0
2016-10-28 00:00:00-04:00,703.7999877929688,703.7999877929688,696.0,696.0,3,0.0,0.0
2016-10-31 00:00:00-04:00,708.0,708.0,696.0,696.0,5,0.0,0.0
2016-11-01 00:00:00-04:00,696.0,719.4000244140625,696.0,702.0,11,0.0,0.0
2016-11-02 00:00:00-04:00,714.0,714.0,709.7999877929688,709.7999877929688,1,0.0,0.0
2016-11-03 00:00:00-04:00,696.0,704.4000244140625,678.0,684.0,27,0.0,0.0
2016-11-04 00:00:00-04:00,711.5999755859375,711.5999755859375,708.5999755859375,708.5999755859375,1,0.0,0.0
2016-11-07 00:00:00-05:00,720.0,750.0,720.0,750.0,13,0.0,0.0
2016-11-08 00:00:00-05:00,750.0,756.0,678.0,678.0,19,0.0,0.0
2016-11-09 00:00:00-05:00,684.0,744.0,684.0,738.0,13,0.0,0.0
2016-11-10 00:00:00-05:00,732.0,750.0,690.0,690.0,25,0.0,0.0
2016-11-11 00:00:00-05:00,693.5999755859375,744.0,692.4000244140625,738.0,8,0.0,0.0
2016-11-14 00:00:00-05:00,732.0,738.0,678.0,720.0,36,0.0,0.0
2016-11-15 00:00:00-05:00,708.0,708.0,648.0,648.0,26,0.0,0.0
2016-11-16 00:00:00-05:00,630.0,708.0,600.0,636.0,166,0.0,0.0
2016-11-17 00:00:00-05:00,678.0,684.0,577.2000122070312,660.0,116,0.0,0.0
2016-11-18 00:00:00-05:00,630.0,654.0,576.0,624.0,38,0.0,0.0
2016-11-21 00:00:00-05:00,600.0,666.0,570.0,630.0,228,0.0,0.0
2016-11-22 00:00:00-05:00,630.0,635.4000244140625,582.0,606.0,18,0.0,0.0
2016-11-23 00:00:00-05:00,870.0,1068.0,612.0,666.0,12098,0.0,0.0
2016-11-25 00:00:00-05:00,618.0,630.0,546.0,582.0,712,0.0,0.0
2016-11-28 00:00:00-05:00,618.0,630.0,516.0,546.0,728,0.0,0.0
2016-11-29 00:00:00-05:00,540.0,558.0,498.0,516.0,219,0.0,0.0
2016-11-30 00:00:00-05:00,516.0,552.0,462.0,475.79998779296875,318,0.0,0.0
2016-12-01 00:00:00-05:00,438.6000061035156,456.0,402.0,408.0,748,0.0,0.0
2016-12-02 00:00:00-05:00,402.0,405.6000061035156,372.0,396.0,125,0.0,0.0
2016-12-05 00:00:00-05:00,414.0,414.0,390.6000061035156,414.0,58,0.0,0.0
2016-12-06 00:00:00-05:00,396.6000061035156,408.0,372.0,390.0,76,0.0,0.0
2016-12-07 00:00:00-05:00,390.0,437.3999938964844,372.0,408.0,390,0.0,0.0
2016-12-08 00:00:00-05:00,418.79998779296875,444.0,384.0,396.6000061035156,90,0.0,0.0
2016-12-09 00:00:00-05:00,384.0,474.0,384.0,420.0,1227,0.0,0.0
2016-12-12 00:00:00-05:00,427.20001220703125,437.3999938964844,408.0,408.0,120,0.0,0.0
2016-12-13 00:00:00-05:00,486.0,528.0,411.0,420.0,995,0.0,0.0
2016-12-14 00:00:00-05:00,420.0,432.0,399.0,413.3999938964844,104,0.0,0.0
2016-12-15 00:00:00-05:00,432.0,432.0,378.0,378.0,131,0.0,0.0
2016-12-16 00:00:00-05:00,384.0,390.0,372.0,372.0,127,0.0,0.0
2016-12-19 00:00:00-05:00,396.0,400.20001220703125,380.3999938964844,388.79998779296875,47,0.0,0.0
2016-12-20 00:00:00-05:00,417.0,417.0,372.0,408.0,83,0.0,0.0
2016-12-21 00:00:00-05:00,419.3999938964844,419.3999938964844,372.0,372.0,15,0.0,0.0
2016-12-22 00:00:00-05:00,372.0,396.0,342.0,348.0,135,0.0,0.0
2016-12-23 00:00:00-05:00,348.0,348.0,330.0,340.20001220703125,97,0.0,0.0
2016-12-27 00:00:00-05:00,333.6000061035156,348.0,313.79998779296875,330.0,151,0.0,0.0
2016-12-28 00:00:00-05:00,360.0,360.0,340.79998779296875,360.0,73,0.0,0.0
2016-12-29 00:00:00-05:00,339.0,363.0,339.0,363.0,48,0.0,0.0
2016-12-30 00:00:00-05:00,359.3999938964844,378.0,333.0,339.0,46,0.0,0.0
2017-01-03 00:00:00-05:00,360.0,366.0,342.0,354.0,67,0.0,0.0
2017-01-04 00:00:00-05:00,360.0,372.0,348.0,348.0,28,0.0,0.0
2017-01-05 00:00:00-05:00,377.3999938964844,377.3999938964844,360.0,366.0,48,0.0,0.0
2017-01-06 00:00:00-05:00,378.0,378.0,350.3999938964844,354.0,27,0.0,0.0
2017-01-09 00:00:00-05:00,354.0,372.0,324.0,348.0,65,0.0,0.0
2017-01-10 00:00:00-05:00,344.3999938964844,376.79998779296875,332.3999938964844,348.0,39,0.0,0.0
2017-01-11 00:00:00-05:00,336.6000061035156,438.0,324.0,390.0,641,0.0,0.0
2017-01-12 00:00:00-05:00,396.0,402.0,360.0,372.0,108,0.0,0.0
2017-01-13 00:00:00-05:00,361.20001220703125,372.0,342.0,372.0,82,0.0,0.0
2017-01-17 00:00:00-05:00,360.0,362.3999938964844,330.0,354.0,158,0.0,0.0
2017-01-18 00:00:00-05:00,361.79998779296875,361.79998779296875,330.0,336.0,46,0.0,0.0
2017-01-19 00:00:00-05:00,331.20001220703125,348.0,306.0,324.0,64,0.0,0.0
2017-01-20 00:00:00-05:00,324.0,354.0,282.0,297.0,154,0.0,0.0
2017-01-23 00:00:00-05:00,408.0,450.0,307.20001220703125,328.79998779296875,1643,0.0,0.0
2017-01-24 00:00:00-05:00,336.0,337.79998779296875,301.79998779296875,318.0,556,0.0,0.0
2017-01-25 00:00:00-05:00,312.6000061035156,327.0,300.0,312.0,211,0.0,0.0
2017-01-26 00:00:00-05:00,300.0,318.0,294.0,318.0,86,0.0,0.0
2017-01-27 00:00:00-05:00,307.79998779296875,307.79998779296875,282.6000061035156,294.0,77,0.0,0.0
2017-01-30 00:00:00-05:00,282.0,306.0,246.0,288.0,197,0.0,0.0
2017-01-31 00:00:00-05:00,278.3999938964844,294.0,268.79998779296875,279.6000061035156,105,0.0,0.0
2017-02-01 00:00:00-05:00,294.6000061035156,306.0,264.6000061035156,306.0,71,0.0,0.0
2017-02-02 00:00:00-05:00,300.0,300.0,249.0,259.20001220703125,120,0.0,0.0
2017-02-03 00:00:00-05:00,294.0,294.0,264.0,264.6000061035156,39,0.0,0.0
2017-02-06 00:00:00-05:00,264.6000061035156,306.0,264.6000061035156,306.0,113,0.0,0.0
2017-02-07 00:00:00-05:00,330.0,330.0,294.0,312.0,89,0.0,0.0
2017-02-08 00:00:00-05:00,307.79998779296875,348.0,294.0,312.0,589,0.0,0.0
2017-02-09 00:00:00-05:00,312.0,348.6000061035156,306.0,342.0,128,0.0,0.0
2017-02-10 00:00:00-05:00,348.0,359.3999938964844,324.0,324.0,80,0.0,0.0
2017-02-13 00:00:00-05:00,372.0,408.0,337.20001220703125,353.3999938964844,752,0.0,0.0
2017-02-14 00:00:00-05:00,366.0,376.79998779296875,324.0,342.0,131,0.0,0.0
2017-02-15 00:00:00-05:00,360.0,413.3999938964844,337.79998779296875,362.3999938964844,341,0.0,0.0
2017-02-16 00:00:00-05:00,484.79998779296875,498.0,360.6000061035156,360.6000061035156,958,0.0,0.0
2017-02-17 00:00:00-05:00,456.0,456.0,348.0,372.0,317,0.0,0.0
2017-02-21 00:00:00-05:00,372.0,408.0,324.0,354.0,243,0.0,0.0
2017-02-22 00:00:00-05:00,420.0,420.0,348.6000061035156,360.0,145,0.0,0.0
2017-02-23 00:00:00-05:00,406.79998779296875,406.79998779296875,348.0,354.0,130,0.0,0.0
2017-02-24 00:00:00-05:00,390.0,408.0,367.20001220703125,367.20001220703125,244,0.0,0.0
2017-02-27 00:00:00-05:00,360.0,414.0,360.0,414.0,140,0.0,0.0
2017-02-28 00:00:00-05:00,408.0,420.0,378.0,390.0,260,0.0,0.0
2017-03-01 00:00:00-05:00,390.0,418.20001220703125,384.0,396.0,35,0.0,0.0
2017-03-02 00:00:00-05:00,390.0,437.3999938964844,378.0,402.0,107,0.0,0.0
2017-03-03 00:00:00-05:00,420.0,420.0,390.0,406.20001220703125,27,0.0,0.0
2017-03-06 00:00:00-05:00,420.0,420.0,396.0,396.0,32,0.0,0.0
2017-03-07 00:00:00-05:00,420.0,474.0,408.0,447.0,250,0.0,0.0
2017-03-08 00:00:00-05:00,456.0,503.3999938964844,455.3999938964844,474.0,383,0.0,0.0
2017-03-09 00:00:00-05:00,492.0,642.0,492.0,552.0,2329,0.0,0.0
2017-03-10 00:00:00-05:00,552.0,555.5999755859375,480.0,484.79998779296875,307,0.0,0.0
2017-03-13 00:00:00-04:00,492.0,492.0,372.6000061035156,450.0,530,0.0,0.0
2017-03-14 00:00:00-04:00,450.0,516.0,450.0,450.0,127,0.0,0.0
2017-03-15 00:00:00-04:00,417.0,486.0,417.0,428.3999938964844,653,0.0,0.0
2017-03-16 00:00:00-04:00,451.79998779296875,459.05999755859375,402.6000061035156,409.20001220703125,582,0.0,0.0
2017-03-17 00:00:00-04:00,413.1000061035156,438.0,413.1000061035156,429.0,177,0.0,0.0
2017-03-20 00:00:00-04:00,453.6000061035156,457.20001220703125,426.0,429.6000061035156,370,0.0,0.0
2017-03-21 00:00:00-04:00,444.0,445.20001220703125,391.20001220703125,396.6000061035156,782,0.0,0.0
2017-03-22 00:00:00-04:00,394.79998779296875,394.79998779296875,349.20001220703125,361.20001220703125,632,0.0,0.0
2017-03-23 00:00:00-04:00,335.3999938964844,337.20001220703125,264.6000061035156,264.6000061035156,1610,0.0,0.0
2017-03-24 00:00:00-04:00,195.0,201.0,189.0,201.0,8530,0.0,0.0
2017-03-27 00:00:00-04:00,201.0,201.0,195.0,199.8000030517578,2145,0.0,0.0
2017-03-28 00:00:00-04:00,196.1999969482422,196.8000030517578,180.0,189.0,1530,0.0,0.0
2017-03-29 00:00:00-04:00,186.60000610351562,187.1999969482422,177.0,184.8000030517578,832,0.0,0.0
2017-03-30 00:00:00-04:00,183.0,199.1999969482422,183.0,190.8000030517578,6103,0.0,0.0
2017-03-31 00:00:00-04:00,186.0,187.8000030517578,174.60000610351562,184.8000030517578,1550,0.0,0.0
2017-04-03 00:00:00-04:00,198.60000610351562,199.8000030517578,187.8000030517578,195.0,2372,0.0,0.0
2017-04-04 00:00:00-04:00,195.0,199.1999969482422,189.60000610351562,197.39999389648438,1860,0.0,0.0
2017-04-05 00:00:00-04:00,194.39999389648438,194.8800048828125,181.8000030517578,184.8000030517578,2003,0.0,0.0
2017-04-06 00:00:00-04:00,184.1999969482422,186.0,176.39999389648438,182.39999389648438,1047,0.0,0.0
2017-04-07 00:00:00-04:00,179.10000610351562,189.60000610351562,179.10000610351562,188.39999389648438,303,0.0,0.0
2017-04-10 00:00:00-04:00,185.39999389648438,188.39999389648438,182.39999389648438,184.1999969482422,33,0.0,0.0
2017-04-11 00:00:00-04:00,180.9600067138672,185.39999389648438,177.0,181.8000030517578,300,0.0,0.0
2017-04-12 00:00:00-04:00,183.0,183.60000610351562,175.1999969482422,179.39999389648438,562,0.0,0.0
2017-04-13 00:00:00-04:00,178.6199951171875,178.6199951171875,170.39999389648438,175.8000030517578,518,0.0,0.0
2017-04-17 00:00:00-04:00,174.89999389648438,178.1999969482422,174.0,178.1999969482422,252,0.0,0.0
2017-04-18 00:00:00-04:00,180.0,180.60000610351562,170.5800018310547,175.8000030517578,672,0.0,0.0
2017-04-19 00:00:00-04:00,173.10000610351562,173.39999389648438,170.0399932861328,171.89999389648438,88,0.0,0.0
2017-04-20 00:00:00-04:00,164.39999389648438,169.8000030517578,164.39999389648438,168.60000610351562,92,0.0,0.0
2017-04-21 00:00:00-04:00,169.8000030517578,169.8000030517578,162.0,162.60000610351562,227,0.0,0.0
2017-04-24 00:00:00-04:00,174.0,175.1999969482422,169.8000030517578,174.0,193,0.0,0.0
2017-04-25 00:00:00-04:00,178.1999969482422,178.1999969482422,172.1999969482422,172.1999969482422,155,0.0,0.0
2017-04-26 00:00:00-04:00,174.0,174.0,163.1999969482422,163.1999969482422,152,0.0,0.0
2017-04-27 00:00:00-04:00,195.60000610351562,201.0,130.25999450683594,140.39999389648438,39320,0.0,0.0
2017-04-28 00:00:00-04:00,148.1999969482422,152.39999389648438,135.0,151.8000030517578,1725,0.0,0.0
2017-05-01 00:00:00-04:00,150.0,155.39999389648438,144.0,150.60000610351562,767,0.0,0.0
2017-05-02 00:00:00-04:00,148.1999969482422,159.0,147.60000610351562,154.1999969482422,270,0.0,0.0
2017-05-03 00:00:00-04:00,152.39999389648438,153.60000610351562,145.8000030517578,153.60000610351562,497,0.0,0.0
2017-05-04 00:00:00-04:00,150.0,153.60000610351562,143.4600067138672,148.1999969482422,420,0.0,0.0
2017-05-05 00:00:00-04:00,150.60000610351562,157.1999969482422,145.9199981689453,157.1999969482422,297,0.0,0.0
2017-05-08 00:00:00-04:00,155.39999389648438,155.39999389648438,150.0,154.8000030517578,330,0.0,0.0
2017-05-09 00:00:00-04:00,153.0,162.0,130.1999969482422,136.1999969482422,6718,0.0,0.0
2017-05-10 00:00:00-04:00,138.60000610351562,139.1999969482422,126.5999984741211,133.8000030517578,920,0.0,0.0
2017-05-11 00:00:00-04:00,132.0,133.5,121.80000305175781,131.39999389648438,470,0.0,0.0
2017-05-12 00:00:00-04:00,128.39999389648438,131.39999389648438,124.19999694824219,129.60000610351562,1367,0.0,0.0
2017-05-15 00:00:00-04:00,137.39999389648438,148.8000030517578,130.8000030517578,135.60000610351562,5823,0.0,0.0
2017-05-16 00:00:00-04:00,133.1999969482422,136.1999969482422,126.5999984741211,136.1999969482422,1190,0.0,0.0
2017-05-17 00:00:00-04:00,132.0,134.39999389648438,126.0,134.39999389648438,432,0.0,0.0
2017-05-18 00:00:00-04:00,132.0,133.1999969482422,126.5999984741211,132.0,92,0.0,0.0
2017-05-19 00:00:00-04:00,130.1999969482422,133.8000030517578,127.80000305175781,131.39999389648438,95,0.0,0.0
2017-05-22 00:00:00-04:00,132.60000610351562,138.0,131.39999389648438,138.0,383,0.0,0.0
2017-05-23 00:00:00-04:00,139.6199951171875,139.6199951171875,131.10000610351562,138.0,242,0.0,0.0
2017-05-24 00:00:00-04:00,135.83999633789062,136.8000030517578,127.19999694824219,135.0,315,0.0,0.0
2017-05-25 00:00:00-04:00,132.0,137.39999389648438,132.0,134.39999389648438,87,0.0,0.0
2017-05-26 00:00:00-04:00,130.8000030517578,136.1999969482422,130.1999969482422,136.1999969482422,223,0.0,0.0
2017-05-30 00:00:00-04:00,133.1999969482422,140.39999389648438,133.1999969482422,140.39999389648438,163,0.0,0.0
2017-05-31 00:00:00-04:00,138.72000122070312,145.1999969482422,135.0,141.60000610351562,217,0.0,0.0
2017-06-01 00:00:00-04:00,139.8000030517578,144.0,132.0,144.0,252,0.0,0.0
2017-06-02 00:00:00-04:00,141.60000610351562,141.60000610351562,138.0,140.39999389648438,52,0.0,0.0
2017-06-05 00:00:00-04:00,138.24000549316406,144.0,138.24000549316406,144.0,113,0.0,0.0
2017-06-06 00:00:00-04:00,143.39999389648438,148.8000030517578,135.0,139.1999969482422,718,0.0,0.0
2017-06-07 00:00:00-04:00,139.1999969482422,144.0,138.60000610351562,140.39999389648438,190,0.0,0.0
2017-06-08 00:00:00-04:00,139.1999969482422,141.0,135.60000610351562,135.60000610351562,172,0.0,0.0
2017-06-09 00:00:00-04:00,137.39999389648438,138.60000610351562,135.36000061035156,138.60000610351562,128,0.0,0.0
2017-06-12 00:00:00-04:00,138.24000549316406,149.39999389648438,138.24000549316406,149.39999389648438,130,0.0,0.0
2017-06-13 00:00:00-04:00,145.8000030517578,154.8000030517578,142.1999969482422,154.8000030517578,83,0.0,0.0
2017-06-14 00:00:00-04:00,150.0,150.0,136.1999969482422,144.60000610351562,533,0.0,0.0
2017-06-15 00:00:00-04:00,139.8000030517578,139.8000030517578,139.8000030517578,139.8000030517578,3,0.0,0.0
2017-06-16 00:00:00-04:00,138.0,143.39999389648438,136.1999969482422,143.39999389648438,62,0.0,0.0
2017-06-19 00:00:00-04:00,144.0,144.0,139.8000030517578,143.39999389648438,40,0.0,0.0
2017-06-20 00:00:00-04:00,140.52000427246094,141.0,133.1999969482422,136.8000030517578,107,0.0,0.0
2017-06-21 00:00:00-04:00,138.0,138.0,136.8000030517578,137.39999389648438,27,0.0,0.0
2017-06-22 00:00:00-04:00,136.1999969482422,140.39999389648438,135.0,135.60000610351562,35,0.0,0.0
2017-06-23 00:00:00-04:00,140.22000122070312,140.22000122070312,132.60000610351562,137.39999389648438,147,0.0,0.0
2017-06-26 00:00:00-04:00,137.39999389648438,137.39999389648438,133.8000030517578,134.39999389648438,235,0.0,0.0
2017-06-27 00:00:00-04:00,135.60000610351562,138.60000610351562,122.4000015258789,133.8000030517578,715,0.0,0.0
2017-06-28 00:00:00-04:00,134.39999389648438,134.39999389648438,126.5999984741211,132.60000610351562,412,0.0,0.0
2017-06-29 00:00:00-04:00,130.1999969482422,131.39999389648438,127.80000305175781,129.60000610351562,460,0.0,0.0
2017-06-30 00:00:00-04:00,133.8000030517578,133.8000030517578,127.19999694824219,130.8000030517578,250,0.0,0.0
2017-07-03 00:00:00-04:00,133.8000030517578,135.0,130.1999969482422,132.0,412,0.0,0.0
2017-07-05 00:00:00-04:00,133.8000030517578,138.47999572753906,132.0,136.8000030517578,138,0.0,0.0
2017-07-06 00:00:00-04:00,136.8000030517578,142.32000732421875,135.0,137.16000366210938,288,0.0,0.0
2017-07-07 00:00:00-04:00,138.0,138.0,135.0,138.0,140,0.0,0.0
2017-07-10 00:00:00-04:00,147.0,147.0,138.60000610351562,144.0,280,0.0,0.0
2017-07-11 00:00:00-04:00,139.86000061035156,144.0,136.1999969482422,139.1999969482422,220,0.0,0.0
2017-07-12 00:00:00-04:00,142.1999969482422,143.39999389648438,138.0,139.6199951171875,485,0.0,0.0
2017-07-13 00:00:00-04:00,142.32000732421875,142.32000732421875,138.0,138.60000610351562,90,0.0,0.0
2017-07-14 00:00:00-04:00,138.60000610351562,141.3000030517578,134.0399932861328,136.8000030517578,115,0.0,0.0
2017-07-17 00:00:00-04:00,152.39999389648438,166.1999969482422,144.0,155.39999389648438,8180,0.0,0.0
2017-07-18 00:00:00-04:00,171.0,176.39999389648438,145.1999969482422,145.8000030517578,10948,0.0,0.0
2017-07-19 00:00:00-04:00,155.39999389648438,155.39999389648438,139.1999969482422,144.0,1808,0.0,0.0
2017-07-20 00:00:00-04:00,144.0,144.0,138.0,141.9600067138672,635,0.0,0.0
2017-07-21 00:00:00-04:00,141.60000610351562,141.60000610351562,135.60000610351562,138.0,405,0.0,0.0
2017-07-24 00:00:00-04:00,136.1999969482422,148.8000030517578,136.1999969482422,142.8000030517578,982,0.0,0.0
2017-07-25 00:00:00-04:00,144.60000610351562,144.60000610351562,138.0,141.0,127,0.0,0.0
2017-07-26 00:00:00-04:00,146.10000610351562,147.0,141.0,144.60000610351562,248,0.0,0.0
2017-07-27 00:00:00-04:00,141.60000610351562,142.86000061035156,135.0,140.39999389648438,317,0.0,0.0
2017-07-28 00:00:00-04:00,139.8000030517578,141.0,137.39999389648438,140.39999389648438,212,0.0,0.0
2017-07-31 00:00:00-04:00,138.36000061035156,139.1999969482422,135.0,136.1999969482422,52,0.0,0.0
2017-08-01 00:00:00-04:00,138.0,139.1999969482422,135.0,139.1999969482422,110,0.0,0.0
2017-08-02 00:00:00-04:00,138.60000610351562,138.60000610351562,132.0,133.1999969482422,332,0.0,0.0
2017-08-03 00:00:00-04:00,132.0,132.66000366210938,127.19999694824219,127.19999694824219,543,0.0,0.0
2017-08-04 00:00:00-04:00,127.19999694824219,127.19999694824219,112.19999694824219,124.80000305175781,833,0.0,0.0
2017-08-07 00:00:00-04:00,124.80000305175781,124.80000305175781,118.80000305175781,121.19999694824219,187,0.0,0.0
2017-08-08 00:00:00-04:00,120.0,127.19999694824219,120.0,123.5999984741211,322,0.0,0.0
2017-08-09 00:00:00-04:00,120.0,128.39999389648438,118.80000305175781,121.80000305175781,478,0.0,0.0
2017-08-10 00:00:00-04:00,124.19999694824219,124.19999694824219,116.4000015258789,116.4000015258789,783,0.0,0.0
2017-08-11 00:00:00-04:00,117.0,117.5999984741211,110.4000015258789,114.5999984741211,690,0.0,0.0
2017-08-14 00:00:00-04:00,120.0,124.19999694824219,116.4000015258789,120.5999984741211,193,0.0,0.0
2017-08-15 00:00:00-04:00,124.19999694824219,124.80000305175781,116.4000015258789,121.80000305175781,263,0.0,0.0
2017-08-16 00:00:00-04:00,118.19999694824219,124.80000305175781,117.5999984741211,121.80000305175781,105,0.0,0.0
2017-08-17 00:00:00-04:00,121.80000305175781,121.80000305175781,121.80000305175781,121.80000305175781,0,0.0,0.0
2017-08-18 00:00:00-04:00,117.5999984741211,125.4000015258789,116.4000015258789,118.19999694824219,263,0.0,0.0
2017-08-21 00:00:00-04:00,117.30000305175781,117.30000305175781,110.4000015258789,112.19999694824219,35,0.0,0.0
2017-08-22 00:00:00-04:00,114.0,114.0,112.19999694824219,113.87999725341797,148,0.0,0.0
2017-08-23 00:00:00-04:00,115.19999694824219,118.80000305175781,115.19999694824219,117.5999984741211,40,0.0,0.0
2017-08-24 00:00:00-04:00,118.80000305175781,118.80000305175781,116.16000366210938,117.0,42,0.0,0.0
2017-08-25 00:00:00-04:00,118.19999694824219,122.4000015258789,117.0,122.4000015258789,108,0.0,0.0
2017-08-28 00:00:00-04:00,131.39999389648438,131.39999389648438,122.4000015258789,125.4000015258789,125,0.0,0.0
2017-08-29 00:00:00-04:00,121.80000305175781,121.80000305175781,118.13999938964844,118.13999938964844,110,0.0,0.0
2017-08-30 00:00:00-04:00,116.4000015258789,122.4000015258789,112.19999694824219,122.4000015258789,92,0.0,0.0
2017-08-31 00:00:00-04:00,123.0,125.33999633789062,120.5999984741211,120.5999984741211,62,0.0,0.0
2017-09-01 00:00:00-04:00,122.4000015258789,122.4000015258789,122.4000015258789,122.4000015258789,2,0.0,0.0
2017-09-05 00:00:00-04:00,118.80000305175781,118.80000305175781,113.4000015258789,118.19999694824219,15,0.0,0.0
2017-09-06 00:00:00-04:00,117.0,122.04000091552734,117.0,122.04000091552734,45,0.0,0.0
2017-09-07 00:00:00-04:00,120.05999755859375,123.5999984741211,120.0,122.4000015258789,42,0.0,0.0
2017-09-08 00:00:00-04:00,123.05999755859375,126.0,121.80000305175781,126.0,13,0.0,0.0
2017-09-11 00:00:00-04:00,120.5999984741211,123.5999984741211,120.5999984741211,122.4000015258789,28,0.0,0.0
2017-09-12 00:00:00-04:00,120.0,120.0,113.4000015258789,113.4000015258789,100,0.0,0.0
2017-09-13 00:00:00-04:00,116.27999877929688,117.0,111.05999755859375,117.0,308,0.0,0.0
2017-09-14 00:00:00-04:00,115.9800033569336,117.0,115.9800033569336,117.0,7,0.0,0.0
2017-09-15 00:00:00-04:00,117.0,117.0,117.0,117.0,0,0.0,0.0
2017-09-18 00:00:00-04:00,121.80000305175781,121.80000305175781,117.0,121.80000305175781,43,0.0,0.0
2017-09-19 00:00:00-04:00,124.80000305175781,154.8000030517578,117.5999984741211,120.5999984741211,8587,0.0,0.0
2017-09-20 00:00:00-04:00,120.0,123.0,117.0,118.19999694824219,677,0.0,0.0
2017-09-21 00:00:00-04:00,118.19999694824219,127.80000305175781,118.19999694824219,123.0,173,0.0,0.0
2017-09-22 00:00:00-04:00,120.0,124.80000305175781,118.80000305175781,124.19999694824219,443,0.0,0.0
2017-09-25 00:00:00-04:00,126.5999984741211,128.39999389648438,121.80000305175781,125.4000015258789,512,0.0,0.0
2017-09-26 00:00:00-04:00,127.19999694824219,129.0,122.4000015258789,128.39999389648438,190,0.0,0.0
2017-09-27 00:00:00-04:00,124.19999694824219,131.39999389648438,120.0,126.5999984741211,420,0.0,0.0
2017-09-28 00:00:00-04:00,130.8000030517578,133.13999938964844,128.39999389648438,129.60000610351562,67,0.0,0.0
2017-09-29 00:00:00-04:00,132.60000610351562,135.0,129.9600067138672,134.39999389648438,140,0.0,0.0
2017-10-02 00:00:00-04:00,132.0,133.8000030517578,131.63999938964844,133.1999969482422,53,0.0,0.0
2017-10-03 00:00:00-04:00,129.1199951171875,137.39999389648438,129.0,134.39999389648438,117,0.0,0.0
2017-10-04 00:00:00-04:00,132.60000610351562,137.39999389648438,132.0,132.0,183,0.0,0.0
2017-10-05 00:00:00-04:00,131.22000122070312,139.8000030517578,131.22000122070312,136.86000061035156,123,0.0,0.0
2017-10-06 00:00:00-04:00,140.39999389648438,142.8000030517578,133.1999969482422,136.1999969482422,283,0.0,0.0
2017-10-09 00:00:00-04:00,132.0,142.8000030517578,132.0,141.60000610351562,122,0.0,0.0
2017-10-10 00:00:00-04:00,137.5800018310547,146.39999389648438,137.5800018310547,143.39999389648438,67,0.0,0.0
2017-10-11 00:00:00-04:00,141.0,146.39999389648438,127.80000305175781,140.0399932861328,222,0.0,0.0
2017-10-12 00:00:00-04:00,138.0,143.22000122070312,138.0,139.8000030517578,33,0.0,0.0
2017-10-13 00:00:00-04:00,134.4600067138672,138.4199981689453,128.39999389648438,130.8000030517578,378,0.0,0.0
2017-10-16 00:00:00-04:00,141.0,143.39999389648438,134.6999969482422,143.39999389648438,362,0.0,0.0
2017-10-17 00:00:00-04:00,148.1999969482422,148.1999969482422,138.0,139.1999969482422,973,0.0,0.0
2017-10-18 00:00:00-04:00,138.60000610351562,140.39999389648438,135.0,140.39999389648438,210,0.0,0.0
2017-10-19 00:00:00-04:00,138.0,141.60000610351562,135.4199981689453,141.60000610351562,45,0.0,0.0
2017-10-20 00:00:00-04:00,143.39999389648438,143.39999389648438,143.39999389648438,143.39999389648438,8,0.0,0.0
2017-10-23 00:00:00-04:00,136.8000030517578,142.1999969482422,136.8000030517578,142.1999969482422,35,0.0,0.0
2017-10-24 00:00:00-04:00,140.39999389648438,142.8000030517578,133.8000030517578,140.39999389648438,198,0.0,0.0
2017-10-25 00:00:00-04:00,140.39999389648438,140.39999389648438,132.0,136.8000030517578,598,0.0,0.0
2017-10-26 00:00:00-04:00,132.9600067138672,136.8000030517578,132.9600067138672,135.77999877929688,27,0.0,0.0
2017-10-27 00:00:00-04:00,136.8000030517578,136.8000030517578,132.3000030517578,135.0,25,0.0,0.0
2017-10-30 00:00:00-04:00,132.60000610351562,138.0,131.82000732421875,134.16000366210938,148,0.0,0.0
2017-10-31 00:00:00-04:00,134.94000244140625,137.39999389648438,133.74000549316406,137.39999389648438,30,0.0,0.0
2017-11-01 00:00:00-04:00,134.39999389648438,134.39999389648438,128.63999938964844,132.0,62,0.0,0.0
2017-11-02 00:00:00-04:00,127.19999694824219,127.19999694824219,123.5999984741211,126.0,75,0.0,0.0
2017-11-03 00:00:00-04:00,130.67999267578125,131.94000244140625,130.67999267578125,131.94000244140625,5,0.0,0.0
2017-11-06 00:00:00-05:00,132.0,132.0,126.0,130.1999969482422,57,0.0,0.0
2017-11-07 00:00:00-05:00,126.0,135.0,126.0,130.8000030517578,467,0.0,0.0
2017-11-08 00:00:00-05:00,126.0,133.1999969482422,123.0,129.60000610351562,367,0.0,0.0
2017-11-09 00:00:00-05:00,127.80000305175781,130.1999969482422,123.0,125.4000015258789,427,0.0,0.0
2017-11-10 00:00:00-05:00,127.80000305175781,127.80000305175781,123.5999984741211,124.19999694824219,27,0.0,0.0
2017-11-13 00:00:00-05:00,122.4000015258789,124.19999694824219,120.5999984741211,124.19999694824219,112,0.0,0.0
2017-11-14 00:00:00-05:00,126.0,127.80000305175781,122.4000015258789,127.19999694824219,492,0.0,0.0
2017-11-15 00:00:00-05:00,123.0,147.0,122.4000015258789,130.8000030517578,1802,0.0,0.0
2017-11-16 00:00:00-05:00,132.60000610351562,132.60000610351562,125.4000015258789,128.39999389648438,327,0.0,0.0
2017-11-17 00:00:00-05:00,133.74000549316406,142.8000030517578,127.80000305175781,137.39999389648438,1338,0.0,0.0
2017-11-20 00:00:00-05:00,131.27999877929688,143.39999389648438,128.39999389648438,134.39999389648438,1582,0.0,0.0
2017-11-21 00:00:00-05:00,133.1999969482422,136.8000030517578,124.80000305175781,131.39999389648438,897,0.0,0.0
2017-11-22 00:00:00-05:00,135.60000610351562,190.55999755859375,126.0,133.8000030517578,29032,0.0,0.0
2017-11-24 00:00:00-05:00,99.5999984741211,104.4000015258789,97.19999694824219,100.80000305175781,4267,0.0,0.0
2017-11-27 00:00:00-05:00,102.5999984741211,106.80000305175781,101.4000015258789,106.80000305175781,3428,0.0,0.0
2017-11-28 00:00:00-05:00,105.5999984741211,106.19999694824219,96.0,105.0,1490,0.0,0.0
2017-11-29 00:00:00-05:00,103.19999694824219,103.19999694824219,97.19999694824219,97.19999694824219,1110,0.0,0.0
2017-11-30 00:00:00-05:00,97.80000305175781,97.80000305175781,93.0,96.0,880,0.0,0.0
2017-12-01 00:00:00-05:00,96.0,96.0,94.19999694824219,94.80000305175781,217,0.0,0.0
2017-12-04 00:00:00-05:00,102.0,103.80000305175781,90.0,96.0,4567,0.0,0.0
2017-12-05 00:00:00-05:00,94.80000305175781,95.4000015258789,85.19999694824219,95.4000015258789,1352,0.0,0.0
2017-12-06 00:00:00-05:00,92.4000015258789,93.0,90.0,93.0,697,0.0,0.0
2017-12-07 00:00:00-05:00,91.19999694824219,94.91999816894531,87.0,87.0,353,0.0,0.0
2017-12-08 00:00:00-05:00,87.5999984741211,92.27999877929688,84.0,85.9800033569336,747,0.0,0.0
2017-12-11 00:00:00-05:00,87.0,87.5999984741211,84.0,84.0,435,0.0,0.0
2017-12-12 00:00:00-05:00,86.4000015258789,86.5199966430664,78.5999984741211,81.5999984741211,308,0.0,0.0
2017-12-13 00:00:00-05:00,80.4000015258789,83.4000015258789,80.4000015258789,82.80000305175781,247,0.0,0.0
2017-12-14 00:00:00-05:00,80.58000183105469,82.19999694824219,79.80000305175781,80.4000015258789,145,0.0,0.0
2017-12-15 00:00:00-05:00,81.0,81.0,74.94000244140625,79.19999694824219,528,0.0,0.0
2017-12-18 00:00:00-05:00,78.95999908447266,79.86000061035156,76.19999694824219,76.19999694824219,738,0.0,0.0
2017-12-19 00:00:00-05:00,78.5999984741211,82.19999694824219,78.5999984741211,81.0,258,0.0,0.0
2017-12-20 00:00:00-05:00,82.19999694824219,91.80000305175781,78.83999633789062,85.80000305175781,3598,0.0,0.0
2017-12-21 00:00:00-05:00,85.68000030517578,85.68000030517578,76.19999694824219,81.5999984741211,210,0.0,0.0
2017-12-22 00:00:00-05:00,81.41999816894531,82.80000305175781,79.19999694824219,81.0,70,0.0,0.0
2017-12-26 00:00:00-05:00,78.0,81.66000366210938,78.0,79.19999694824219,388,0.0,0.0
2017-12-27 00:00:00-05:00,87.0,101.4000015258789,78.5999984741211,84.0,13497,0.0,0.0
2017-12-28 00:00:00-05:00,86.4000015258789,86.4000015258789,75.5999984741211,75.5999984741211,1122,0.0,0.0
2017-12-29 00:00:00-05:00,76.80000305175781,80.4000015258789,76.80000305175781,79.19999694824219,427,0.0,0.0
2018-01-02 00:00:00-05:00,79.19999694824219,84.77999877929688,79.19999694824219,84.0,567,0.0,0.0
2018-01-03 00:00:00-05:00,82.80000305175781,84.0,82.80000305175781,84.0,105,0.0,0.0
2018-01-04 00:00:00-05:00,82.19999694824219,82.80000305175781,79.19999694824219,82.80000305175781,223,0.0,0.0
2018-01-05 00:00:00-05:00,82.19999694824219,84.5999984741211,82.19999694824219,84.5999984741211,258,0.0,0.0
2018-01-08 00:00:00-05:00,85.80000305175781,91.19999694824219,85.19999694824219,89.4000015258789,962,0.0,0.0
2018-01-09 00:00:00-05:00,102.5999984741211,102.5999984741211,90.0,93.0,2270,0.0,0.0
2018-01-10 00:00:00-05:00,90.5999984741211,93.0,90.0,91.80000305175781,245,0.0,0.0
2018-01-11 00:00:00-05:00,92.69999694824219,95.22000122070312,90.5999984741211,93.30000305175781,217,0.0,0.0
2018-01-12 00:00:00-05:00,96.0,96.0,92.4000015258789,94.19999694824219,458,0.0,0.0
2018-01-16 00:00:00-05:00,93.5999984741211,99.0,93.5999984741211,97.80000305175781,428,0.0,0.0
2018-01-17 00:00:00-05:00,96.54000091552734,97.80000305175781,94.80000305175781,94.80000305175781,103,0.0,0.0
2018-01-18 00:00:00-05:00,95.4000015258789,96.0,93.66000366210938,94.19999694824219,73,0.0,0.0
2018-01-19 00:00:00-05:00,93.5999984741211,94.19999694824219,91.19999694824219,93.5999984741211,138,0.0,0.0
2018-01-22 00:00:00-05:00,93.5999984741211,93.5999984741211,88.31999969482422,90.0,300,0.0,0.0
2018-01-23 00:00:00-05:00,91.19999694824219,93.5999984741211,88.80000305175781,93.5999984741211,142,0.0,0.0
2018-01-24 00:00:00-05:00,92.87999725341797,93.5999984741211,92.0999984741211,93.5999984741211,303,0.0,0.0
2018-01-25 00:00:00-05:00,90.5999984741211,93.5999984741211,87.5999984741211,93.5999984741211,117,0.0,0.0
2018-01-26 00:00:00-05:00,91.19999694824219,94.19999694824219,91.19999694824219,91.80000305175781,87,0.0,0.0
2018-01-29 00:00:00-05:00,92.4000015258789,92.69999694824219,91.19999694824219,91.19999694824219,125,0.0,0.0
2018-01-30 00:00:00-05:00,93.0,94.19999694824219,90.0,91.19999694824219,117,0.0,0.0
2018-01-31 00:00:00-05:00,90.5999984741211,91.19999694824219,84.0,87.0,747,0.0,0.0
2018-02-01 00:00:00-05:00,88.19999694824219,90.0,84.0,84.41999816894531,408,0.0,0.0
2018-02-02 00:00:00-05:00,86.4000015258789,86.4000015258789,76.19999694824219,81.5999984741211,813,0.0,0.0
2018-02-05 00:00:00-05:00,83.4000015258789,84.5999984741211,75.5999984741211,77.81999969482422,330,0.0,0.0
2018-02-06 00:00:00-05:00,76.19999694824219,79.80000305175781,76.19999694824219,79.19999694824219,47,0.0,0.0
2018-02-07 00:00:00-05:00,79.80000305175781,82.19999694824219,79.19999694824219,79.80000305175781,122,0.0,0.0
2018-02-08 00:00:00-05:00,79.08000183105469,81.9000015258789,78.5999984741211,79.19999694824219,33,0.0,0.0
2018-02-09 00:00:00-05:00,78.0,78.5999984741211,73.80000305175781,76.19999694824219,278,0.0,0.0
2018-02-12 00:00:00-05:00,76.80000305175781,84.0,76.19999694824219,78.5999984741211,433,0.0,0.0
2018-02-13 00:00:00-05:00,79.62000274658203,82.19999694824219,76.80000305175781,81.0,265,0.0,0.0
2018-02-14 00:00:00-05:00,79.19999694824219,83.87999725341797,79.19999694824219,83.4000015258789,127,0.0,0.0
2018-02-15 00:00:00-05:00,85.19999694824219,85.19999694824219,82.19999694824219,84.0,102,0.0,0.0
2018-02-16 00:00:00-05:00,85.80000305175781,85.80000305175781,82.19999694824219,85.80000305175781,13,0.0,0.0
2018-02-20 00:00:00-05:00,78.0,85.19999694824219,78.0,85.19999694824219,73,0.0,0.0
2018-02-21 00:00:00-05:00,86.4000015258789,86.4000015258789,86.4000015258789,86.4000015258789,3,0.0,0.0
2018-02-22 00:00:00-05:00,86.4000015258789,86.4000015258789,86.4000015258789,86.4000015258789,0,0.0,0.0
2018-02-23 00:00:00-05:00,86.63999938964844,87.5999984741211,81.5999984741211,87.5999984741211,23,0.0,0.0
2018-02-26 00:00:00-05:00,87.5999984741211,87.5999984741211,84.0,84.0,47,0.0,0.0
2018-02-27 00:00:00-05:00,83.76000213623047,83.76000213623047,83.76000213623047,83.76000213623047,8,0.0,0.0
2018-02-28 00:00:00-05:00,84.0,87.0,84.0,87.0,28,0.0,0.0
2018-03-01 00:00:00-05:00,86.4000015258789,86.4000015258789,85.80000305175781,85.80000305175781,3,0.0,0.0
2018-03-02 00:00:00-05:00,85.80000305175781,85.80000305175781,85.80000305175781,85.80000305175781,0,0.0,0.0
2018-03-05 00:00:00-05:00,84.72000122070312,84.72000122070312,84.72000122070312,84.72000122070312,8,0.0,0.0
2018-03-06 00:00:00-05:00,85.19999694824219,85.19999694824219,85.19999694824219,85.19999694824219,2,0.0,0.0
2018-03-07 00:00:00-05:00,82.80000305175781,82.80000305175781,75.0,80.81999969482422,35,0.0,0.0
2018-03-08 00:00:00-05:00,85.80000305175781,85.80000305175781,75.5999984741211,83.4000015258789,60,0.0,0.0
2018-03-09 00:00:00-05:00,81.5999984741211,84.5999984741211,78.5999984741211,82.91999816894531,20,0.0,0.0
2018-03-12 00:00:00-04:00,83.4000015258789,84.0,79.68000030517578,82.80000305175781,133,0.0,0.0
2018-03-13 00:00:00-04:00,84.0,84.5999984741211,83.22000122070312,84.5999984741211,122,0.0,0.0
2018-03-14 00:00:00-04:00,87.23999786376953,88.80000305175781,85.19999694824219,85.80000305175781,178,0.0,0.0
2018-03-15 00:00:00-04:00,84.5999984741211,84.5999984741211,82.80000305175781,83.4000015258789,13,0.0,0.0
2018-03-16 00:00:00-04:00,83.4000015258789,83.4000015258789,83.4000015258789,83.4000015258789,0,0.0,0.0
2018-03-19 00:00:00-04:00,80.4000015258789,82.80000305175781,78.0,81.0,55,0.0,0.0
2018-03-20 00:00:00-04:00,79.19999694824219,81.5999984741211,79.19999694824219,81.5999984741211,20,0.0,0.0
2018-03-21 00:00:00-04:00,79.80000305175781,81.0,79.80000305175781,81.0,28,0.0,0.0
2018-03-22 00:00:00-04:00,81.0,81.5999984741211,81.0,81.5999984741211,600,0.0,0.0
2018-03-23 00:00:00-04:00,121.19999694824219,144.0,81.5999984741211,81.5999984741211,51990,0.0,0.0
2018-03-26 00:00:00-04:00,84.0,86.76000213623047,67.19999694824219,75.5999984741211,2482,0.0,0.0
2018-03-27 00:00:00-04:00,77.4000015258789,80.4000015258789,72.66000366210938,74.4000015258789,1465,0.0,0.0
2018-03-28 00:00:00-04:00,77.0999984741211,81.0,74.4000015258789,76.73999786376953,415,0.0,0.0
2018-03-29 00:00:00-04:00,74.0999984741211,77.4000015258789,70.19999694824219,76.19999694824219,543,0.0,0.0
2018-04-02 00:00:00-04:00,72.5999984741211,77.4000015258789,72.0,74.4000015258789,125,0.0,0.0
2018-04-03 00:00:00-04:00,73.80000305175781,74.4000015258789,68.69999694824219,70.80000305175781,440,0.0,0.0
2018-04-04 00:00:00-04:00,67.19999694824219,73.19999694824219,67.19999694824219,70.5,325,0.0,0.0
2018-04-05 00:00:00-04:00,64.80000305175781,70.19999694824219,64.80000305175781,70.19999694824219,242,0.0,0.0
2018-04-06 00:00:00-04:00,70.19999694824219,70.19999694824219,66.5999984741211,68.4000015258789,152,0.0,0.0
2018-04-09 00:00:00-04:00,72.5999984741211,78.0,70.19999694824219,76.80000305175781,945,0.0,0.0
2018-04-10 00:00:00-04:00,75.0,77.4000015258789,75.0,76.80000305175781,177,0.0,0.0
2018-04-11 00:00:00-04:00,70.19999694824219,75.0,70.19999694824219,73.19999694824219,127,0.0,0.0
2018-04-12 00:00:00-04:00,73.19999694824219,76.80000305175781,73.19999694824219,76.19999694824219,107,0.0,0.0
2018-04-13 00:00:00-04:00,76.19999694824219,76.19999694824219,76.19999694824219,76.19999694824219,0,0.0,0.0
2018-04-16 00:00:00-04:00,73.80000305175781,75.5999984741211,72.36000061035156,74.16000366210938,92,0.0,0.0
2018-04-17 00:00:00-04:00,74.16000366210938,74.16000366210938,74.16000366210938,74.16000366210938,470,0.0,0.0
2018-04-18 00:00:00-04:00,91.19999694824219,94.19999694824219,73.19999694824219,77.94000244140625,4473,0.0,0.0
2018-04-19 00:00:00-04:00,96.0,96.0,80.4000015258789,82.19999694824219,1110,0.0,0.0
2018-04-20 00:00:00-04:00,78.5999984741211,80.5199966430664,78.5999984741211,80.4000015258789,123,0.0,0.0
2018-04-23 00:00:00-04:00,78.0,78.0,77.4000015258789,77.63999938964844,215,0.0,0.0
2018-04-24 00:00:00-04:00,77.4000015258789,79.80000305175781,77.4000015258789,77.81999969482422,380,0.0,0.0
2018-04-25 00:00:00-04:00,77.4000015258789,77.58000183105469,77.4000015258789,77.58000183105469,183,0.0,0.0
2018-04-26 00:00:00-04:00,77.4000015258789,77.4000015258789,77.4000015258789,77.4000015258789,33,0.0,0.0
2018-04-27 00:00:00-04:00,78.0,79.19999694824219,77.4000015258789,79.19999694824219,172,0.0,0.0
2018-04-30 00:00:00-04:00,76.80000305175781,77.4000015258789,74.4000015258789,74.4000015258789,147,0.0,0.0
2018-05-01 00:00:00-04:00,72.5999984741211,73.80000305175781,70.80000305175781,72.0,158,0.0,0.0
2018-05-02 00:00:00-04:00,72.0,81.0,72.0,78.5999984741211,1262,0.0,0.0
2018-05-03 00:00:00-04:00,79.5,79.5,72.5999984741211,72.5999984741211,332,0.0,0.0
2018-05-04 00:00:00-04:00,73.19999694824219,75.30000305175781,72.5999984741211,72.5999984741211,23,0.0,0.0
2018-05-07 00:00:00-04:00,75.0,96.0,74.4000015258789,76.80000305175781,6972,0.0,0.0
2018-05-08 00:00:00-04:00,76.19999694824219,77.4000015258789,71.4000015258789,72.5999984741211,393,0.0,0.0
2018-05-09 00:00:00-04:00,75.0,76.13999938964844,70.80000305175781,74.4000015258789,653,0.0,0.0
2018-05-10 00:00:00-04:00,72.5999984741211,75.5999984741211,70.80000305175781,72.0,465,0.0,0.0
2018-05-11 00:00:00-04:00,71.4000015258789,72.0,69.0,71.4000015258789,113,0.0,0.0
2018-05-14 00:00:00-04:00,70.80000305175781,73.19999694824219,67.19999694824219,67.37999725341797,490,0.0,0.0
2018-05-15 00:00:00-04:00,80.4000015258789,106.19999694824219,76.19999694824219,90.0,38580,0.0,0.0
2018-05-16 00:00:00-04:00,93.0,96.0,78.5999984741211,84.0,3905,0.0,0.0
2018-05-17 00:00:00-04:00,83.4000015258789,87.0,76.19999694824219,82.19999694824219,472,0.0,0.0
2018-05-18 00:00:00-04:00,81.5999984741211,81.5999984741211,78.0,78.0,295,0.0,0.0
2018-05-21 00:00:00-04:00,76.19999694824219,80.4000015258789,73.62000274658203,73.80000305175781,575,0.0,0.0
2018-05-22 00:00:00-04:00,75.0,80.4000015258789,75.0,79.19999694824219,570,0.0,0.0
2018-05-23 00:00:00-04:00,79.80000305175781,79.80000305175781,76.86000061035156,79.80000305175781,35,0.0,0.0
2018-05-24 00:00:00-04:00,81.5999984741211,81.5999984741211,75.0,75.0,297,0.0,0.0
2018-05-25 00:00:00-04:00,75.9000015258789,81.0,75.05999755859375,78.5999984741211,170,0.0,0.0
2018-05-29 00:00:00-04:00,78.0,78.0,77.4000015258789,77.4000015258789,23,0.0,0.0
2018-05-30 00:00:00-04:00,76.80000305175781,78.0,75.0,75.0,312,0.0,0.0
2018-05-31 00:00:00-04:00,81.5999984741211,94.80000305175781,75.0,75.0,15908,0.0,0.0
2018-06-01 00:00:00-04:00,77.4000015258789,81.0,77.4000015258789,80.4000015258789,457,0.0,0.0
2018-06-04 00:00:00-04:00,79.80000305175781,82.91999816894531,78.5999984741211,81.0,237,0.0,0.0
2018-06-05 00:00:00-04:00,79.80000305175781,80.4000015258789,75.0,78.0,508,0.0,0.0
2018-06-06 00:00:00-04:00,76.80000305175781,79.80000305175781,76.80000305175781,79.19999694824219,127,0.0,0.0
2018-06-07 00:00:00-04:00,75.30000305175781,76.86000061035156,75.0,75.0,53,0.0,0.0
2018-06-08 00:00:00-04:00,75.5999984741211,80.4000015258789,75.5999984741211,80.4000015258789,48,0.0,0.0
2018-06-11 00:00:00-04:00,78.66000366210938,79.19999694824219,75.95999908447266,76.19999694824219,155,0.0,0.0
2018-06-12 00:00:00-04:00,76.19999694824219,78.0,76.19999694824219,76.19999694824219,135,0.0,0.0
2018-06-13 00:00:00-04:00,80.4000015258789,81.0,76.19999694824219,76.19999694824219,265,0.0,0.0
2018-06-14 00:00:00-04:00,76.80000305175781,76.80000305175781,74.81999969482422,76.19999694824219,278,0.0,0.0
2018-06-15 00:00:00-04:00,76.19999694824219,78.5999984741211,73.80000305175781,76.5,272,0.0,0.0
2018-06-18 00:00:00-04:00,79.19999694824219,79.37999725341797,77.0999984741211,77.4000015258789,412,0.0,0.0
2018-06-19 00:00:00-04:00,76.80000305175781,77.4000015258789,75.0,76.80000305175781,225,0.0,0.0
2018-06-20 00:00:00-04:00,76.44000244140625,85.80000305175781,76.19999694824219,77.4000015258789,1442,0.0,0.0
2018-06-21 00:00:00-04:00,74.4000015258789,79.37999725341797,73.80000305175781,75.5999984741211,1307,0.0,0.0
2018-06-22 00:00:00-04:00,74.76000213623047,84.0,72.5999984741211,76.37999725341797,1220,0.0,0.0
2018-06-25 00:00:00-04:00,74.4000015258789,80.4000015258789,68.4000015258789,71.4000015258789,3325,0.0,0.0
2018-06-26 00:00:00-04:00,75.0,75.0,63.0,67.19999694824219,2718,0.0,0.0
2018-06-27 00:00:00-04:00,88.80000305175781,100.80000305175781,76.19999694824219,85.80000305175781,37833,0.0,0.0
2018-06-28 00:00:00-04:00,74.4000015258789,77.4000015258789,71.4000015258789,72.0,5027,0.0,0.0
2018-06-29 00:00:00-04:00,74.63999938964844,76.80000305175781,73.86000061035156,74.4000015258789,650,0.0,0.0
2018-07-02 00:00:00-04:00,76.80000305175781,76.80000305175781,72.95999908447266,73.19999694824219,560,0.0,0.0
2018-07-03 00:00:00-04:00,79.80000305175781,79.80000305175781,72.5999984741211,73.9800033569336,308,0.0,0.0
2018-07-05 00:00:00-04:00,76.80000305175781,76.80000305175781,74.04000091552734,76.80000305175781,498,0.0,0.0
2018-07-06 00:00:00-04:00,76.80000305175781,76.80000305175781,72.0,73.80000305175781,672,0.0,0.0
2018-07-09 00:00:00-04:00,73.19999694824219,75.0,72.0,73.5,267,0.0,0.0
2018-07-10 00:00:00-04:00,73.13999938964844,75.4800033569336,72.05999755859375,75.4800033569336,75,0.0,0.0
2018-07-11 00:00:00-04:00,76.80000305175781,153.0,75.5999984741211,81.5999984741211,220662,0.0,0.0
2018-07-12 00:00:00-04:00,87.0,88.19999694824219,69.5999984741211,72.5999984741211,18668,0.0,0.0
2018-07-13 00:00:00-04:00,72.0,82.80000305175781,72.0,77.4000015258789,5710,0.0,0.0
2018-07-16 00:00:00-04:00,99.5999984741211,141.3000030517578,69.0,77.4000015258789,217593,0.0,0.0
2018-07-17 00:00:00-04:00,77.25,79.5,63.75,66.1500015258789,17360,0.0,0.0
2018-07-18 00:00:00-04:00,65.8499984741211,65.8499984741211,52.5,55.349998474121094,31120,0.0,0.0
2018-07-19 00:00:00-04:00,50.25,51.45000076293945,48.29999923706055,49.5,55800,0.0,0.0
2018-07-20 00:00:00-04:00,49.349998474121094,51.0,48.0,49.79999923706055,16093,0.0,0.0
2018-07-23 00:00:00-04:00,49.5,50.400001525878906,48.28499984741211,49.04999923706055,13653,0.0,0.0
2018-07-24 00:00:00-04:00,48.45000076293945,50.849998474121094,48.0,49.95000076293945,16387,0.0,0.0
2018-07-25 00:00:00-04:00,51.45000076293945,52.04999923706055,49.5,50.400001525878906,14633,0.0,0.0
2018-07-26 00:00:00-04:00,50.099998474121094,50.70000076293945,48.29999923706055,49.20000076293945,7333,0.0,0.0
2018-07-27 00:00:00-04:00,49.5,50.099998474121094,48.599998474121094,48.75,10187,0.0,0.0
2018-07-30 00:00:00-04:00,49.20000076293945,49.5,48.29999923706055,48.75,18267,0.0,0.0
2018-07-31 00:00:00-04:00,50.400001525878906,51.150001525878906,48.29999923706055,49.5,24693,0.0,0.0
2018-08-01 00:00:00-04:00,48.150001525878906,49.349998474121094,46.95000076293945,47.849998474121094,31867,0.0,0.0
2018-08-02 00:00:00-04:00,47.70000076293945,49.04999923706055,46.21500015258789,46.57500076293945,2613,0.0,0.0
2018-08-03 00:00:00-04:00,47.54999923706055,48.599998474121094,46.5,47.70000076293945,360,0.0,0.0
2018-08-06 00:00:00-04:00,48.75,48.75,46.904998779296875,47.70000076293945,313,0.0,0.0
2018-08-07 00:00:00-04:00,47.70000076293945,48.0,47.70000076293945,47.70000076293945,640,0.0,0.0
2018-08-08 00:00:00-04:00,47.25,49.16999816894531,46.5,46.95000076293945,1533,0.0,0.0
2018-08-09 00:00:00-04:00,48.45000076293945,48.45000076293945,45.04499816894531,46.79999923706055,9593,0.0,0.0
2018-08-10 00:00:00-04:00,45.599998474121094,45.599998474121094,45.0,45.599998474121094,840,0.0,0.0
2018-08-13 00:00:00-04:00,48.0,48.0,45.150001525878906,46.650001525878906,6880,0.0,0.0
2018-08-14 00:00:00-04:00,48.0,48.0,45.209999084472656,45.45000076293945,3753,0.0,0.0
2018-08-15 00:00:00-04:00,45.900001525878906,46.349998474121094,45.0,45.29999923706055,3087,0.0,0.0
2018-08-16 00:00:00-04:00,46.20000076293945,46.20000076293945,44.1150016784668,44.1150016784668,3173,0.0,0.0
2018-08-17 00:00:00-04:00,43.79999923706055,46.04999923706055,43.5,43.994998931884766,1040,0.0,0.0
2018-08-20 00:00:00-04:00,47.849998474121094,48.0,44.849998474121094,45.0,27033,0.0,0.0
2018-08-21 00:00:00-04:00,46.20000076293945,47.849998474121094,44.099998474121094,47.849998474121094,9353,0.0,0.0
2018-08-22 00:00:00-04:00,48.0,48.09000015258789,46.5,47.099998474121094,6127,0.0,0.0
2018-08-23 00:00:00-04:00,48.0,48.0,45.150001525878906,47.099998474121094,493,0.0,0.0
2018-08-24 00:00:00-04:00,46.79999923706055,46.95000076293945,46.04999923706055,46.04999923706055,413,0.0,0.0
2018-08-27 00:00:00-04:00,46.04999923706055,46.5,45.29999923706055,46.5,2300,0.0,0.0
2018-08-28 00:00:00-04:00,46.5,46.5,44.400001525878906,46.04999923706055,6540,0.0,0.0
2018-08-29 00:00:00-04:00,44.744998931884766,46.334999084472656,44.744998931884766,46.334999084472656,220,0.0,0.0
2018-08-30 00:00:00-04:00,46.349998474121094,46.349998474121094,45.29999923706055,45.45000076293945,1560,0.0,0.0
2018-08-31 00:00:00-04:00,46.04999923706055,46.04999923706055,45.150001525878906,46.04999923706055,880,0.0,0.0
2018-09-04 00:00:00-04:00,47.25,47.25,45.45000076293945,46.04999923706055,3920,0.0,0.0
2018-09-05 00:00:00-04:00,46.5,46.5,45.0,45.2400016784668,2040,0.0,0.0
2018-09-06 00:00:00-04:00,45.75,45.75,43.04999923706055,44.4900016784668,620,0.0,0.0
2018-09-07 00:00:00-04:00,45.150001525878906,46.20000076293945,44.35499954223633,45.0,807,0.0,0.0
2018-09-10 00:00:00-04:00,45.75,45.75,43.5,44.849998474121094,120,0.0,0.0
2018-09-11 00:00:00-04:00,44.0099983215332,44.70000076293945,43.79999923706055,43.95000076293945,2393,0.0,0.0
2018-09-12 00:00:00-04:00,44.54999923706055,44.849998474121094,43.650001525878906,43.650001525878906,1967,0.0,0.0
2018-09-13 00:00:00-04:00,44.26499938964844,44.54999923706055,43.650001525878906,43.650001525878906,500,0.0,0.0
2018-09-14 00:00:00-04:00,43.650001525878906,44.099998474121094,42.150001525878906,44.099998474121094,2340,0.0,0.0
2018-09-17 00:00:00-04:00,44.849998474121094,46.78499984741211,44.849998474121094,46.48500061035156,4053,0.0,0.0
2018-09-18 00:00:00-04:00,46.349998474121094,46.5,45.76499938964844,46.349998474121094,653,0.0,0.0
2018-09-19 00:00:00-04:00,46.095001220703125,47.099998474121094,44.790000915527344,46.5,1240,0.0,0.0
2018-09-20 00:00:00-04:00,46.5,48.0,45.84000015258789,47.23500061035156,5507,0.0,0.0
2018-09-21 00:00:00-04:00,47.25,48.599998474121094,46.005001068115234,47.25,3820,0.0,0.0
2018-09-24 00:00:00-04:00,47.400001525878906,55.5,46.5,53.25,57647,0.0,0.0
2018-09-25 00:00:00-04:00,52.650001525878906,57.599998474121094,47.25,51.75,58320,0.0,0.0
2018-09-26 00:00:00-04:00,51.0,51.67499923706055,48.900001525878906,50.17499923706055,5173,0.0,0.0
2018-09-27 00:00:00-04:00,52.20000076293945,53.54999923706055,49.5,52.79999923706055,10707,0.0,0.0
2018-09-28 00:00:00-04:00,52.5,53.70000076293945,50.25,50.849998474121094,6720,0.0,0.0
2018-10-01 00:00:00-04:00,51.150001525878906,52.349998474121094,50.35499954223633,52.349998474121094,2533,0.0,0.0
2018-10-02 00:00:00-04:00,52.20000076293945,52.20000076293945,48.029998779296875,49.650001525878906,6033,0.0,0.0
2018-10-03 00:00:00-04:00,52.5,52.5,48.47999954223633,49.5,3933,0.0,0.0
2018-10-04 00:00:00-04:00,48.900001525878906,48.900001525878906,46.5,46.79999923706055,4527,0.0,0.0
2018-10-05 00:00:00-04:00,46.95000076293945,49.5,45.29999923706055,46.064998626708984,2700,0.0,0.0
2018-10-08 00:00:00-04:00,47.099998474121094,49.5,47.099998474121094,48.9900016784668,6353,0.0,0.0
2018-10-09 00:00:00-04:00,48.0,49.04999923706055,46.650001525878906,48.75,1433,0.0,0.0
2018-10-10 00:00:00-04:00,48.599998474121094,48.599998474121094,43.79999923706055,46.349998474121094,5127,0.0,0.0
2018-10-11 00:00:00-04:00,46.20000076293945,46.20000076293945,43.79999923706055,44.25,1540,0.0,0.0
2018-10-12 00:00:00-04:00,44.790000915527344,46.95000076293945,44.54999923706055,46.95000076293945,1167,0.0,0.0
2018-10-15 00:00:00-04:00,45.869998931884766,46.95000076293945,45.29999923706055,46.349998474121094,607,0.0,0.0
2018-10-16 00:00:00-04:00,46.349998474121094,47.25,45.150001525878906,45.45000076293945,740,0.0,0.0
2018-10-17 00:00:00-04:00,46.04999923706055,46.349998474121094,45.29999923706055,45.900001525878906,700,0.0,0.0
2018-10-18 00:00:00-04:00,46.349998474121094,47.189998626708984,46.349998474121094,46.79999923706055,453,0.0,0.0
2018-10-19 00:00:00-04:00,45.974998474121094,51.494998931884766,45.974998474121094,48.45000076293945,42313,0.0,0.0
2018-10-22 00:00:00-04:00,49.650001525878906,49.650001525878906,45.45000076293945,47.54999923706055,8733,0.0,0.0
2018-10-23 00:00:00-04:00,47.25,47.25,45.150001525878906,45.45000076293945,3620,0.0,0.0
2018-10-24 00:00:00-04:00,45.29999923706055,46.48500061035156,44.54999923706055,44.54999923706055,3433,0.0,0.0
2018-10-25 00:00:00-04:00,45.0,46.154998779296875,42.75,45.375,2353,0.0,0.0
2018-10-26 00:00:00-04:00,47.849998474121094,48.029998779296875,43.650001525878906,44.70000076293945,733,0.0,0.0
2018-10-29 00:00:00-04:00,46.5,46.5,43.79999923706055,44.25,1740,0.0,0.0
2018-10-30 00:00:00-04:00,44.459999084472656,45.75,43.5,44.34000015258789,633,0.0,0.0
2018-10-31 00:00:00-04:00,45.75,47.25,45.75,46.5,3073,0.0,0.0
2018-11-01 00:00:00-04:00,47.400001525878906,48.150001525878906,45.64500045776367,46.79999923706055,2720,0.0,0.0
2018-11-02 00:00:00-04:00,46.5,46.5,46.154998779296875,46.5,80,0.0,0.0
2018-11-05 00:00:00-05:00,47.849998474121094,47.849998474121094,45.45000076293945,45.75,227,0.0,0.0
2018-11-06 00:00:00-05:00,47.25,47.70000076293945,45.75,47.25,1147,0.0,0.0
2018-11-07 00:00:00-05:00,47.459999084472656,53.25,46.5,48.974998474121094,39520,0.0,0.0
2018-11-08 00:00:00-05:00,49.185001373291016,49.5,45.974998474121094,48.45000076293945,6413,0.0,0.0
2018-11-09 00:00:00-05:00,46.88999938964844,47.98500061035156,46.529998779296875,47.98500061035156,920,0.0,0.0
2018-11-12 00:00:00-05:00,47.70000076293945,47.70000076293945,46.125,47.099998474121094,1027,0.0,0.0
2018-11-13 00:00:00-05:00,47.98500061035156,48.0,47.25,47.25,713,0.0,0.0
2018-11-14 00:00:00-05:00,46.650001525878906,47.70000076293945,45.900001525878906,45.900001525878906,487,0.0,0.0
2018-11-15 00:00:00-05:00,46.994998931884766,52.349998474121094,42.150001525878906,45.900001525878906,48567,0.0,0.0
2018-11-16 00:00:00-05:00,44.26499938964844,45.82500076293945,43.95000076293945,45.45000076293945,2247,0.0,0.0
2018-11-19 00:00:00-05:00,45.94499969482422,45.94499969482422,42.82500076293945,44.25,1847,0.0,0.0
2018-11-20 00:00:00-05:00,45.150001525878906,46.349998474121094,42.75,44.25,7440,0.0,0.0
2018-11-21 00:00:00-05:00,44.54999923706055,46.20000076293945,42.150001525878906,45.75,2027,0.0,0.0
2018-11-23 00:00:00-05:00,45.75,47.099998474121094,45.18000030517578,46.349998474121094,387,0.0,0.0
2018-11-26 00:00:00-05:00,46.5,51.150001525878906,46.5,50.400001525878906,8893,0.0,0.0
2018-11-27 00:00:00-05:00,49.04999923706055,49.95000076293945,48.45000076293945,48.75,3240,0.0,0.0
2018-11-28 00:00:00-05:00,47.849998474121094,51.75,47.25,51.0,8560,0.0,0.0
2018-11-29 00:00:00-05:00,50.25,50.775001525878906,49.349998474121094,50.25,3780,0.0,0.0
2018-11-30 00:00:00-05:00,50.400001525878906,52.619998931884766,50.400001525878906,51.599998474121094,6767,0.0,0.0
2018-12-03 00:00:00-05:00,50.849998474121094,52.20000076293945,49.5,51.0,5653,0.0,0.0
2018-12-04 00:00:00-05:00,50.400001525878906,52.20000076293945,50.06999969482422,51.75,5040,0.0,0.0
2018-12-06 00:00:00-05:00,53.849998474121094,54.900001525878906,50.654998779296875,52.005001068115234,14573,0.0,0.0
2018-12-07 00:00:00-05:00,52.20000076293945,53.70000076293945,49.79999923706055,51.75,2873,0.0,0.0
2018-12-10 00:00:00-05:00,49.79999923706055,50.400001525878906,49.20000076293945,49.5,753,0.0,0.0
2018-12-11 00:00:00-05:00,49.79999923706055,50.099998474121094,49.79999923706055,50.099998474121094,200,0.0,0.0
2018-12-12 00:00:00-05:00,49.04999923706055,51.29999923706055,48.45000076293945,48.45000076293945,540,0.0,0.0
2018-12-13 00:00:00-05:00,48.599998474121094,52.04999923706055,48.599998474121094,52.04999923706055,160,0.0,0.0
2018-12-14 00:00:00-05:00,50.400001525878906,50.849998474121094,48.75,48.900001525878906,407,0.0,0.0
2018-12-17 00:00:00-05:00,49.04999923706055,49.69499969482422,46.79999923706055,49.04999923706055,1333,0.0,0.0
2018-12-18 00:00:00-05:00,49.185001373291016,49.349998474121094,44.70000076293945,47.70000076293945,7047,0.0,0.0
2018-12-19 00:00:00-05:00,47.099998474121094,47.25,44.54999923706055,45.599998474121094,387,0.0,0.0
2018-12-20 00:00:00-05:00,45.45000076293945,46.20000076293945,44.54999923706055,45.599998474121094,1073,0.0,0.0
2018-12-21 00:00:00-05:00,47.25,47.25,41.70000076293945,42.900001525878906,1187,0.0,0.0
2018-12-24 00:00:00-05:00,40.79999923706055,41.099998474121094,37.5,37.5,1047,0.0,0.0
2018-12-26 00:00:00-05:00,39.150001525878906,41.25,38.25,39.0,1173,0.0,0.0
2018-12-27 00:00:00-05:00,39.0,39.0,34.5,35.849998474121094,2673,0.0,0.0
2018-12-28 00:00:00-05:00,36.900001525878906,37.78499984741211,35.099998474121094,37.78499984741211,2020,0.0,0.0
2018-12-31 00:00:00-05:00,39.599998474121094,39.75,38.17499923706055,39.0,600,0.0,0.0
2019-01-02 00:00:00-05:00,39.900001525878906,41.099998474121094,38.70000076293945,41.099998474121094,513,0.0,0.0
2019-01-03 00:00:00-05:00,41.099998474121094,41.099998474121094,41.099998474121094,41.099998474121094,20,0.0,0.0
2019-01-04 00:00:00-05:00,42.45000076293945,43.349998474121094,42.150001525878906,43.349998474121094,153,0.0,0.0
2019-01-07 00:00:00-05:00,43.650001525878906,43.650001525878906,43.5,43.5,13,0.0,0.0
2019-01-08 00:00:00-05:00,41.654998779296875,42.150001525878906,41.654998779296875,42.150001525878906,53,0.0,0.0
2019-01-09 00:00:00-05:00,39.29999923706055,43.349998474121094,39.29999923706055,43.349998474121094,107,0.0,0.0
2019-01-10 00:00:00-05:00,40.349998474121094,41.400001525878906,37.79999923706055,40.5,1913,0.0,0.0
2019-01-11 00:00:00-05:00,40.04999923706055,40.5,39.0,39.0,107,0.0,0.0
2019-01-14 00:00:00-05:00,38.099998474121094,40.5,36.29999923706055,38.099998474121094,3973,0.0,0.0
2019-01-15 00:00:00-05:00,38.685001373291016,39.525001525878906,38.400001525878906,39.435001373291016,667,0.0,0.0
2019-01-16 00:00:00-05:00,40.79999923706055,40.79999923706055,40.154998779296875,40.5,507,0.0,0.0
2019-01-17 00:00:00-05:00,39.45000076293945,40.5,38.400001525878906,39.150001525878906,207,0.0,0.0
2019-01-18 00:00:00-05:00,40.349998474121094,40.5,39.0,39.0,87,0.0,0.0
2019-01-22 00:00:00-05:00,39.0,39.900001525878906,36.900001525878906,36.900001525878906,553,0.0,0.0
2019-01-23 00:00:00-05:00,40.349998474121094,40.814998626708984,34.5,36.150001525878906,15473,0.0,0.0
2019-01-24 00:00:00-05:00,36.29999923706055,36.29999923706055,32.099998474121094,33.599998474121094,11067,0.0,0.0
2019-01-25 00:00:00-05:00,33.525001525878906,34.79999923706055,33.525001525878906,34.349998474121094,767,0.0,0.0
2019-01-28 00:00:00-05:00,34.5,35.849998474121094,33.599998474121094,35.849998474121094,1067,0.0,0.0
2019-01-29 00:00:00-05:00,36.45000076293945,48.0,35.25,37.79999923706055,38107,0.0,0.0
2019-01-30 00:00:00-05:00,38.400001525878906,38.400001525878906,36.150001525878906,36.75,3280,0.0,0.0
2019-01-31 00:00:00-05:00,39.0,39.0,36.915000915527344,37.95000076293945,1667,0.0,0.0
2019-02-01 00:00:00-05:00,39.150001525878906,41.040000915527344,36.900001525878906,39.599998474121094,4920,0.0,0.0
2019-02-04 00:00:00-05:00,42.0,42.0,39.6150016784668,40.650001525878906,4100,0.0,0.0
2019-02-05 00:00:00-05:00,41.25,42.75,39.915000915527344,41.52000045776367,2807,0.0,0.0
2019-02-06 00:00:00-05:00,41.849998474121094,42.75,41.54999923706055,42.75,500,0.0,0.0
2019-02-07 00:00:00-05:00,42.0,44.3849983215332,41.54999923706055,42.915000915527344,2027,0.0,0.0
2019-02-08 00:00:00-05:00,44.25,44.54999923706055,43.529998779296875,44.54999923706055,147,0.0,0.0
2019-02-11 00:00:00-05:00,44.70000076293945,45.75,44.54999923706055,45.525001525878906,447,0.0,0.0
2019-02-12 00:00:00-05:00,46.5,49.5,45.599998474121094,47.099998474121094,11667,0.0,0.0
2019-02-13 00:00:00-05:00,46.5,46.5,43.650001525878906,45.150001525878906,2040,0.0,0.0
2019-02-14 00:00:00-05:00,52.20000076293945,52.20000076293945,45.75,47.459999084472656,16640,0.0,0.0
2019-02-15 00:00:00-05:00,48.900001525878906,48.900001525878906,44.279998779296875,47.25,4993,0.0,0.0
2019-02-19 00:00:00-05:00,46.04999923706055,47.70000076293945,43.5,43.5,1800,0.0,0.0
2019-02-20 00:00:00-05:00,43.95000076293945,45.29999923706055,41.54999923706055,42.75,1853,0.0,0.0
2019-02-21 00:00:00-05:00,43.5,46.275001525878906,42.150001525878906,42.150001525878906,1013,0.0,0.0
2019-02-22 00:00:00-05:00,43.04999923706055,43.20000076293945,42.0,43.20000076293945,293,0.0,0.0
2019-02-25 00:00:00-05:00,43.20000076293945,44.400001525878906,41.849998474121094,44.400001525878906,2273,0.0,0.0
2019-02-26 00:00:00-05:00,43.95000076293945,46.5,43.04999923706055,45.150001525878906,233,0.0,0.0
2019-02-27 00:00:00-05:00,44.25,45.75,43.20000076293945,44.400001525878906,627,0.0,0.0
2019-02-28 00:00:00-05:00,43.5,44.775001525878906,42.75,43.20000076293945,707,0.0,0.0
2019-03-01 00:00:00-05:00,42.0,44.400001525878906,42.0,42.75,640,0.0,0.0
2019-03-04 00:00:00-05:00,51.0,52.03499984741211,38.70000076293945,43.95000076293945,118287,0.0,0.0
2019-03-05 00:00:00-05:00,42.29999923706055,43.125,41.25,43.125,5953,0.0,0.0
2019-03-06 00:00:00-05:00,43.20000076293945,43.79999923706055,39.150001525878906,43.79999923706055,2900,0.0,0.0
2019-03-07 00:00:00-05:00,43.20000076293945,43.20000076293945,41.70000076293945,41.70000076293945,1713,0.0,0.0
2019-03-08 00:00:00-05:00,41.70000076293945,43.20000076293945,40.650001525878906,42.9900016784668,1733,0.0,0.0
2019-03-11 00:00:00-04:00,41.58000183105469,42.75,40.20000076293945,41.25,967,0.0,0.0
2019-03-12 00:00:00-04:00,41.70000076293945,42.599998474121094,39.900001525878906,41.849998474121094,1133,0.0,0.0
2019-03-13 00:00:00-04:00,42.599998474121094,42.9900016784668,41.70000076293945,42.599998474121094,1093,0.0,0.0
2019-03-14 00:00:00-04:00,42.900001525878906,43.5,41.1150016784668,43.5,1740,0.0,0.0
2019-03-15 00:00:00-04:00,40.95000076293945,43.349998474121094,40.95000076293945,43.349998474121094,1173,0.0,0.0
2019-03-18 00:00:00-04:00,43.20000076293945,43.20000076293945,42.150001525878906,42.900001525878906,273,0.0,0.0
2019-03-19 00:00:00-04:00,42.75,46.04999923706055,42.29999923706055,43.79999923706055,4907,0.0,0.0
2019-03-20 00:00:00-04:00,43.79999923706055,44.54999923706055,43.13999938964844,43.5,433,0.0,0.0
2019-03-21 00:00:00-04:00,43.244998931884766,44.099998474121094,42.46500015258789,43.349998474121094,907,0.0,0.0
2019-03-22 00:00:00-04:00,44.25,44.25,43.349998474121094,43.95000076293945,380,0.0,0.0
2019-03-25 00:00:00-04:00,43.349998474121094,43.349998474121094,40.04999923706055,41.099998474121094,2047,0.0,0.0
2019-03-26 00:00:00-04:00,41.099998474121094,42.45000076293945,40.04999923706055,41.92499923706055,347,0.0,0.0
2019-03-27 00:00:00-04:00,42.45000076293945,42.900001525878906,40.04999923706055,42.75,800,0.0,0.0
2019-03-28 00:00:00-04:00,42.599998474121094,47.849998474121094,40.650001525878906,44.099998474121094,12160,0.0,0.0
2019-03-29 00:00:00-04:00,45.0,46.95000076293945,42.75,44.415000915527344,5167,0.0,0.0
2019-04-01 00:00:00-04:00,45.0,45.0,43.275001525878906,44.400001525878906,1800,0.0,0.0
2019-04-02 00:00:00-04:00,43.96500015258789,46.650001525878906,43.814998626708984,45.29999923706055,2720,0.0,0.0
2019-04-03 00:00:00-04:00,44.70000076293945,47.099998474121094,44.400001525878906,46.79999923706055,1540,0.0,0.0
2019-04-04 00:00:00-04:00,45.900001525878906,47.849998474121094,44.099998474121094,44.099998474121094,5793,0.0,0.0
2019-04-05 00:00:00-04:00,44.849998474121094,47.099998474121094,44.849998474121094,46.20000076293945,667,0.0,0.0
2019-04-08 00:00:00-04:00,46.20000076293945,46.349998474121094,45.0,46.349998474121094,1487,0.0,0.0
2019-04-09 00:00:00-04:00,44.025001525878906,45.900001525878906,44.025001525878906,45.900001525878906,507,0.0,0.0
2019-04-10 00:00:00-04:00,45.29999923706055,46.30500030517578,44.70000076293945,44.70000076293945,547,0.0,0.0
2019-04-11 00:00:00-04:00,44.70000076293945,45.45000076293945,44.220001220703125,45.45000076293945,587,0.0,0.0
2019-04-12 00:00:00-04:00,45.75,45.75,43.334999084472656,43.79999923706055,173,0.0,0.0
2019-04-15 00:00:00-04:00,43.650001525878906,45.0,42.5099983215332,44.54999923706055,313,0.0,0.0
2019-04-16 00:00:00-04:00,42.900001525878906,43.21500015258789,42.0,42.65999984741211,733,0.0,0.0
2019-04-17 00:00:00-04:00,42.209999084472656,44.25,42.0,44.25,593,0.0,0.0
2019-04-18 00:00:00-04:00,42.900001525878906,42.900001525878906,42.0,42.0,133,0.0,0.0
2019-04-22 00:00:00-04:00,42.0,45.67499923706055,40.79999923706055,43.650001525878906,1473,0.0,0.0
2019-04-23 00:00:00-04:00,45.75,45.75,41.849998474121094,42.75,7493,0.0,0.0
2019-04-24 00:00:00-04:00,42.75,44.099998474121094,42.0,43.79999923706055,780,0.0,0.0
2019-04-25 00:00:00-04:00,45.29999923706055,45.29999923706055,41.775001525878906,41.775001525878906,587,0.0,0.0
2019-04-26 00:00:00-04:00,41.7599983215332,42.75,41.70000076293945,42.29999923706055,327,0.0,0.0
2019-04-29 00:00:00-04:00,42.0,42.900001525878906,41.849998474121094,42.75,953,0.0,0.0
2019-04-30 00:00:00-04:00,42.345001220703125,42.900001525878906,42.345001220703125,42.75,233,0.0,0.0
2019-05-01 00:00:00-04:00,42.0,42.599998474121094,40.650001525878906,42.599998474121094,673,0.0,0.0
2019-05-02 00:00:00-04:00,41.0099983215332,41.849998474121094,41.0099983215332,41.849998474121094,160,0.0,0.0
2019-05-03 00:00:00-04:00,42.04499816894531,42.75,41.70000076293945,41.834999084472656,227,0.0,0.0
2019-05-06 00:00:00-04:00,41.70000076293945,44.849998474121094,41.52000045776367,43.349998474121094,1547,0.0,0.0
2019-05-07 00:00:00-04:00,43.04999923706055,44.70000076293945,42.599998474121094,44.70000076293945,753,0.0,0.0
2019-05-08 00:00:00-04:00,44.54999923706055,44.54999923706055,44.54999923706055,44.54999923706055,7,0.0,0.0
2019-05-09 00:00:00-04:00,41.15999984741211,43.5,41.15999984741211,43.349998474121094,160,0.0,0.0
2019-05-10 00:00:00-04:00,41.400001525878906,43.349998474121094,37.5,43.349998474121094,480,0.0,0.0
2019-05-13 00:00:00-04:00,39.900001525878906,43.334999084472656,39.36000061035156,42.0,87,0.0,0.0
2019-05-14 00:00:00-04:00,40.95000076293945,42.0,39.75,39.75,260,0.0,0.0
2019-05-15 00:00:00-04:00,39.150001525878906,41.70000076293945,39.150001525878906,39.75,760,0.0,0.0
2019-05-16 00:00:00-04:00,41.400001525878906,41.70000076293945,39.84000015258789,41.54999923706055,413,0.0,0.0
2019-05-17 00:00:00-04:00,43.5,43.5,39.150001525878906,41.849998474121094,620,0.0,0.0
2019-05-20 00:00:00-04:00,40.79999923706055,40.79999923706055,39.599998474121094,40.04999923706055,240,0.0,0.0
2019-05-21 00:00:00-04:00,40.349998474121094,41.70000076293945,40.349998474121094,40.560001373291016,173,0.0,0.0
2019-05-22 00:00:00-04:00,39.900001525878906,40.48500061035156,39.599998474121094,39.599998474121094,727,0.0,0.0
2019-05-23 00:00:00-04:00,38.849998474121094,39.45000076293945,37.79999923706055,39.45000076293945,253,0.0,0.0
2019-05-24 00:00:00-04:00,40.650001525878906,40.650001525878906,40.650001525878906,40.650001525878906,20,0.0,0.0
2019-05-28 00:00:00-04:00,38.70000076293945,38.70000076293945,36.45000076293945,36.599998474121094,1213,0.0,0.0
2019-05-29 00:00:00-04:00,37.04999923706055,37.40999984741211,36.36000061035156,37.334999084472656,147,0.0,0.0
2019-05-30 00:00:00-04:00,35.849998474121094,37.5,35.25,35.25,1533,0.0,0.0
2019-05-31 00:00:00-04:00,34.5,37.04999923706055,34.04999923706055,35.54999923706055,327,0.0,0.0
2019-06-03 00:00:00-04:00,40.79999923706055,40.79999923706055,31.649999618530273,33.599998474121094,13167,0.0,0.0
2019-06-04 00:00:00-04:00,35.400001525878906,35.400001525878906,32.71500015258789,34.650001525878906,993,0.0,0.0
2019-06-05 00:00:00-04:00,34.20000076293945,36.0,33.900001525878906,34.349998474121094,1013,0.0,0.0
2019-06-06 00:00:00-04:00,35.25,38.54999923706055,33.45000076293945,34.20000076293945,5260,0.0,0.0
2019-06-07 00:00:00-04:00,33.900001525878906,36.45000076293945,33.900001525878906,36.0,1353,0.0,0.0
2019-06-10 00:00:00-04:00,37.95000076293945,37.95000076293945,34.349998474121094,34.349998474121094,260,0.0,0.0
2019-06-11 00:00:00-04:00,36.0,36.45000076293945,35.685001373291016,35.70000076293945,220,0.0,0.0
2019-06-12 00:00:00-04:00,36.224998474121094,36.29999923706055,35.685001373291016,35.849998474121094,67,0.0,0.0
2019-06-13 00:00:00-04:00,35.25,36.29999923706055,34.724998474121094,35.849998474121094,273,0.0,0.0
2019-06-14 00:00:00-04:00,35.25,35.70000076293945,34.650001525878906,35.70000076293945,560,0.0,0.0
2019-06-17 00:00:00-04:00,35.54999923706055,36.150001525878906,35.54999923706055,36.150001525878906,133,0.0,0.0
2019-06-18 00:00:00-04:00,34.5,37.20000076293945,34.5,35.70000076293945,387,0.0,0.0
2019-06-19 00:00:00-04:00,34.79999923706055,37.650001525878906,34.79999923706055,37.5,667,0.0,0.0
2019-06-20 00:00:00-04:00,36.07500076293945,37.57500076293945,36.07500076293945,37.5,413,0.0,0.0
2019-06-21 00:00:00-04:00,36.150001525878906,37.79999923706055,36.150001525878906,36.599998474121094,700,0.0,0.0
2019-06-24 00:00:00-04:00,36.900001525878906,37.275001525878906,33.75,36.45000076293945,513,0.0,0.0
2019-06-25 00:00:00-04:00,36.29999923706055,36.974998474121094,33.75,34.5,1367,0.0,0.0
2019-06-26 00:00:00-04:00,34.95000076293945,36.29999923706055,33.75,34.20000076293945,2580,0.0,0.0
2019-06-27 00:00:00-04:00,34.79999923706055,36.150001525878906,33.915000915527344,34.5,5380,0.0,0.0
2019-06-28 00:00:00-04:00,35.400001525878906,37.470001220703125,33.779998779296875,37.349998474121094,3493,0.0,0.0
2019-07-01 00:00:00-04:00,36.900001525878906,38.17499923706055,34.650001525878906,35.099998474121094,133,0.0,0.0
2019-07-02 00:00:00-04:00,36.75,36.75,35.25,36.45000076293945,267,0.0,0.0
2019-07-03 00:00:00-04:00,36.0,36.900001525878906,36.0,36.150001525878906,40,0.0,0.0
2019-07-05 00:00:00-04:00,35.25,35.25,34.875,34.875,87,0.0,0.0
2019-07-08 00:00:00-04:00,35.099998474121094,35.25,32.400001525878906,35.25,133,0.0,0.0
2019-07-09 00:00:00-04:00,35.54999923706055,35.54999923706055,33.900001525878906,34.95000076293945,220,0.0,0.0
2019-07-10 00:00:00-04:00,34.349998474121094,36.900001525878906,34.349998474121094,36.900001525878906,487,0.0,0.0
2019-07-11 00:00:00-04:00,36.900001525878906,36.900001525878906,32.415000915527344,33.900001525878906,400,0.0,0.0
2019-07-12 00:00:00-04:00,51.900001525878906,52.20000076293945,37.20000076293945,40.04999923706055,354933,0.0,0.0
2019-07-15 00:00:00-04:00,36.0,38.25,35.25,38.25,14607,0.0,0.0
2019-07-16 00:00:00-04:00,37.95000076293945,37.95000076293945,34.95000076293945,35.25,5613,0.0,0.0
2019-07-17 00:00:00-04:00,35.25,35.54999923706055,33.900001525878906,34.04999923706055,4193,0.0,0.0
2019-07-18 00:00:00-04:00,34.5,37.95000076293945,33.900001525878906,35.70000076293945,8440,0.0,0.0
2019-07-19 00:00:00-04:00,36.75,40.349998474121094,35.849998474121094,36.18000030517578,12747,0.0,0.0
2019-07-22 00:00:00-04:00,36.900001525878906,37.95000076293945,35.70000076293945,37.5,6013,0.0,0.0
2019-07-23 00:00:00-04:00,37.20000076293945,37.95000076293945,36.599998474121094,36.75,2560,0.0,0.0
2019-07-24 00:00:00-04:00,37.04999923706055,38.25,36.75,37.650001525878906,2760,0.0,0.0
2019-07-25 00:00:00-04:00,37.20000076293945,37.5,35.400001525878906,35.849998474121094,2267,0.0,0.0
2019-07-26 00:00:00-04:00,36.0,37.349998474121094,35.400001525878906,35.54999923706055,873,0.0,0.0
2019-07-29 00:00:00-04:00,35.54999923706055,37.20000076293945,34.79999923706055,34.79999923706055,867,0.0,0.0
2019-07-30 00:00:00-04:00,35.400001525878906,36.45000076293945,34.380001068115234,35.400001525878906,740,0.0,0.0
2019-07-31 00:00:00-04:00,35.400001525878906,37.04999923706055,32.70000076293945,36.0,1640,0.0,0.0
2019-08-01 00:00:00-04:00,35.400001525878906,36.75,34.04999923706055,36.0,133,0.0,0.0
2019-08-02 00:00:00-04:00,35.54999923706055,35.70000076293945,35.54999923706055,35.70000076293945,40,0.0,0.0
2019-08-05 00:00:00-04:00,34.349998474121094,34.650001525878906,32.70000076293945,32.70000076293945,527,0.0,0.0
2019-08-06 00:00:00-04:00,33.36000061035156,34.5,32.849998474121094,33.45000076293945,473,0.0,0.0
2019-08-07 00:00:00-04:00,33.29999923706055,34.04999923706055,32.54999923706055,33.75,347,0.0,0.0
2019-08-08 00:00:00-04:00,33.29999923706055,33.75,32.099998474121094,33.75,1027,0.0,0.0
2019-08-09 00:00:00-04:00,33.599998474121094,35.849998474121094,31.950000762939453,32.54999923706055,2907,0.0,0.0
2019-08-12 00:00:00-04:00,32.25,34.5,32.099998474121094,32.099998474121094,3313,0.0,0.0
2019-08-13 00:00:00-04:00,32.25,34.20000076293945,31.5,33.75,1193,0.0,0.0
2019-08-14 00:00:00-04:00,32.400001525878906,32.400001525878906,30.75,30.75,1913,0.0,0.0
2019-08-15 00:00:00-04:00,30.0,30.899999618530273,29.700000762939453,29.985000610351562,1507,0.0,0.0
2019-08-16 00:00:00-04:00,29.399999618530273,30.0,27.899999618530273,29.25,1973,0.0,0.0
2019-08-19 00:00:00-04:00,29.25,29.25,28.049999237060547,28.799999237060547,827,0.0,0.0
2019-08-20 00:00:00-04:00,29.700000762939453,30.989999771118164,28.5,30.989999771118164,1273,0.0,0.0
2019-08-21 00:00:00-04:00,30.0,30.0,27.899999618530273,28.950000762939453,1067,0.0,0.0
2019-08-22 00:00:00-04:00,29.399999618530273,30.149999618530273,29.25,29.850000381469727,1000,0.0,0.0
2019-08-23 00:00:00-04:00,30.450000762939453,30.450000762939453,28.5,28.649999618530273,253,0.0,0.0
2019-08-26 00:00:00-04:00,29.25,29.549999237060547,28.200000762939453,29.549999237060547,1527,0.0,0.0
2019-08-27 00:00:00-04:00,30.149999618530273,30.299999237060547,29.850000381469727,29.850000381469727,33,0.0,0.0
2019-08-28 00:00:00-04:00,29.850000381469727,30.450000762939453,28.950000762939453,29.399999618530273,633,0.0,0.0
2019-08-29 00:00:00-04:00,30.600000381469727,30.600000381469727,28.920000076293945,30.600000381469727,87,0.0,0.0
2019-08-30 00:00:00-04:00,30.600000381469727,30.600000381469727,30.600000381469727,30.600000381469727,0,0.0,0.0
2019-09-03 00:00:00-04:00,29.53499984741211,29.850000381469727,27.899999618530273,28.350000381469727,447,0.0,0.0
2019-09-04 00:00:00-04:00,28.950000762939453,30.299999237060547,28.59000015258789,30.299999237060547,633,0.0,0.0
2019-09-05 00:00:00-04:00,30.0,30.299999237060547,29.25,29.700000762939453,627,0.0,0.0
2019-09-06 00:00:00-04:00,30.450000762939453,30.450000762939453,29.549999237060547,30.299999237060547,67,0.0,0.0
2019-09-09 00:00:00-04:00,30.149999618530273,30.75,29.549999237060547,29.850000381469727,400,0.0,0.0
2019-09-10 00:00:00-04:00,29.25,30.0,29.100000381469727,30.0,273,0.0,0.0
2019-09-11 00:00:00-04:00,29.25,29.850000381469727,28.5,28.5,553,0.0,0.0
2019-09-12 00:00:00-04:00,28.9950008392334,29.174999237060547,28.9950008392334,29.174999237060547,47,0.0,0.0
2019-09-13 00:00:00-04:00,29.399999618530273,30.0,29.399999618530273,29.549999237060547,673,0.0,0.0
2019-09-16 00:00:00-04:00,29.100000381469727,29.700000762939453,28.950000762939453,29.100000381469727,193,0.0,0.0
2019-09-17 00:00:00-04:00,30.0,36.29999923706055,22.950000762939453,27.899999618530273,24980,0.0,0.0
2019-09-18 00:00:00-04:00,29.100000381469727,29.100000381469727,25.200000762939453,27.239999771118164,1373,0.0,0.0
2019-09-19 00:00:00-04:00,27.299999237060547,27.299999237060547,26.190000534057617,26.399999618530273,740,0.0,0.0
2019-09-20 00:00:00-04:00,26.399999618530273,27.28499984741211,26.399999618530273,27.28499984741211,433,0.0,0.0
2019-09-23 00:00:00-04:00,26.399999618530273,26.399999618530273,24.450000762939453,25.799999237060547,613,0.0,0.0
2019-09-24 00:00:00-04:00,26.100000381469727,26.700000762939453,25.079999923706055,26.100000381469727,160,0.0,0.0
2019-09-25 00:00:00-04:00,26.8799991607666,27.299999237060547,24.450000762939453,27.149999618530273,347,0.0,0.0
2019-09-26 00:00:00-04:00,26.549999237060547,26.850000381469727,25.649999618530273,25.649999618530273,153,0.0,0.0
2019-09-27 00:00:00-04:00,25.364999771118164,27.0,25.364999771118164,27.0,93,0.0,0.0
2019-09-30 00:00:00-04:00,26.25,26.25,25.5,25.799999237060547,73,0.0,0.0
2019-10-01 00:00:00-04:00,25.0049991607666,26.399999618530273,24.75,26.399999618530273,433,0.0,0.0
2019-10-02 00:00:00-04:00,26.850000381469727,26.850000381469727,24.600000381469727,26.850000381469727,240,0.0,0.0
2019-10-03 00:00:00-04:00,26.850000381469727,26.850000381469727,26.850000381469727,26.850000381469727,7,0.0,0.0
2019-10-04 00:00:00-04:00,26.850000381469727,29.174999237060547,26.850000381469727,28.514999389648438,1587,0.0,0.0
2019-10-07 00:00:00-04:00,29.100000381469727,29.100000381469727,27.0,27.0,20,0.0,0.0
2019-10-08 00:00:00-04:00,25.799999237060547,26.399999618530273,25.799999237060547,26.399999618530273,33,0.0,0.0
2019-10-09 00:00:00-04:00,24.899999618530273,27.600000381469727,24.899999618530273,27.600000381469727,500,0.0,0.0
2019-10-10 00:00:00-04:00,27.600000381469727,27.600000381469727,27.600000381469727,27.600000381469727,7,0.0,0.0
2019-10-11 00:00:00-04:00,26.399999618530273,26.399999618530273,26.399999618530273,26.399999618530273,13,0.0,0.0
2019-10-14 00:00:00-04:00,26.700000762939453,29.25,26.25,26.25,120,0.0,0.0
2019-10-15 00:00:00-04:00,24.149999618530273,27.299999237060547,24.149999618530273,27.299999237060547,227,0.0,0.0
2019-10-16 00:00:00-04:00,27.299999237060547,27.299999237060547,27.299999237060547,27.299999237060547,7,0.0,0.0
2019-10-17 00:00:00-04:00,25.5,28.049999237060547,25.5,28.049999237060547,40,0.0,0.0
2019-10-18 00:00:00-04:00,26.790000915527344,26.790000915527344,26.790000915527344,26.790000915527344,7,0.0,0.0
2019-10-21 00:00:00-04:00,27.975000381469727,28.485000610351562,27.975000381469727,28.485000610351562,20,0.0,0.0
2019-10-22 00:00:00-04:00,26.475000381469727,28.350000381469727,26.475000381469727,28.350000381469727,27,0.0,0.0
2019-10-23 00:00:00-04:00,29.100000381469727,29.100000381469727,27.299999237060547,28.950000762939453,173,0.0,0.0
2019-10-24 00:00:00-04:00,28.950000762939453,28.950000762939453,28.950000762939453,28.950000762939453,240,0.0,0.0
2019-10-25 00:00:00-04:00,28.950000762939453,28.950000762939453,28.950000762939453,28.950000762939453,0,0.0,0.0
2019-10-28 00:00:00-04:00,28.5,28.5,28.049999237060547,28.049999237060547,60,0.0,0.0
2019-10-29 00:00:00-04:00,28.049999237060547,28.049999237060547,28.049999237060547,28.049999237060547,7,0.0,0.0
2019-10-30 00:00:00-04:00,27.540000915527344,27.540000915527344,27.540000915527344,27.540000915527344,67,0.0,0.0
2019-10-31 00:00:00-04:00,27.540000915527344,27.540000915527344,27.540000915527344,27.540000915527344,7,0.0,0.0
2019-11-01 00:00:00-04:00,28.5,33.0,24.75,27.450000762939453,9573,0.0,0.0
2019-11-04 00:00:00-05:00,28.860000610351562,29.100000381469727,27.0,28.950000762939453,667,0.0,0.0
2019-11-05 00:00:00-05:00,29.25,29.850000381469727,27.75,29.25,720,0.0,0.0
2019-11-06 00:00:00-05:00,27.450000762939453,27.510000228881836,27.450000762939453,27.450000762939453,240,0.0,0.0
2019-11-07 00:00:00-05:00,27.0,27.975000381469727,26.850000381469727,27.375,433,0.0,0.0
2019-11-08 00:00:00-05:00,25.649999618530273,26.040000915527344,25.649999618530273,26.040000915527344,113,0.0,0.0
2019-11-11 00:00:00-05:00,26.790000915527344,27.899999618530273,26.790000915527344,27.899999618530273,40,0.0,0.0
2019-11-12 00:00:00-05:00,27.899999618530273,27.899999618530273,27.899999618530273,27.899999618530273,7,0.0,0.0
2019-11-13 00:00:00-05:00,28.649999618530273,28.649999618530273,28.649999618530273,28.649999618530273,27,0.0,0.0
2019-11-14 00:00:00-05:00,26.850000381469727,26.850000381469727,26.850000381469727,26.850000381469727,280,0.0,0.0
2019-11-15 00:00:00-05:00,26.024999618530273,26.100000381469727,25.649999618530273,25.799999237060547,380,0.0,0.0
2019-11-18 00:00:00-05:00,26.399999618530273,27.600000381469727,26.399999618530273,27.600000381469727,120,0.0,0.0
2019-11-19 00:00:00-05:00,26.100000381469727,27.149999618530273,25.799999237060547,26.325000762939453,1353,0.0,0.0
2019-11-20 00:00:00-05:00,27.135000228881836,27.135000228881836,27.135000228881836,27.135000228881836,20,0.0,0.0
2019-11-21 00:00:00-05:00,26.25,27.075000762939453,26.25,26.399999618530273,367,0.0,0.0
2019-11-22 00:00:00-05:00,27.899999618530273,33.599998474121094,25.799999237060547,28.950000762939453,25013,0.0,0.0
2019-11-25 00:00:00-05:00,27.75,28.290000915527344,25.799999237060547,26.385000228881836,1820,0.0,0.0
2019-11-26 00:00:00-05:00,26.700000762939453,27.899999618530273,26.25,26.684999465942383,640,0.0,0.0
2019-11-27 00:00:00-05:00,26.100000381469727,27.149999618530273,25.950000762939453,26.700000762939453,1380,0.0,0.0
2019-11-29 00:00:00-05:00,27.0,27.0,27.0,27.0,20,0.0,0.0
2019-12-02 00:00:00-05:00,27.09000015258789,27.09000015258789,25.950000762939453,26.100000381469727,893,0.0,0.0
2019-12-03 00:00:00-05:00,25.950000762939453,26.415000915527344,25.950000762939453,26.415000915527344,133,0.0,0.0
2019-12-04 00:00:00-05:00,26.100000381469727,26.774999618530273,26.100000381469727,26.415000915527344,80,0.0,0.0
2019-12-05 00:00:00-05:00,26.100000381469727,26.5049991607666,26.100000381469727,26.5049991607666,27,0.0,0.0
2019-12-06 00:00:00-05:00,26.25,26.399999618530273,25.739999771118164,26.25,767,0.0,0.0
2019-12-09 00:00:00-05:00,25.649999618530273,26.25,25.200000762939453,25.200000762939453,693,0.0,0.0
2019-12-10 00:00:00-05:00,24.825000762939453,25.049999237060547,24.075000762939453,24.075000762939453,667,0.0,0.0
2019-12-11 00:00:00-05:00,25.049999237060547,26.700000762939453,24.94499969482422,26.684999465942383,420,0.0,0.0
2019-12-12 00:00:00-05:00,24.450000762939453,25.155000686645508,24.450000762939453,24.899999618530273,107,0.0,0.0
2019-12-13 00:00:00-05:00,24.450000762939453,26.549999237060547,24.450000762939453,26.549999237060547,80,0.0,0.0
2019-12-16 00:00:00-05:00,25.950000762939453,26.399999618530273,25.950000762939453,25.950000762939453,73,0.0,0.0
2019-12-17 00:00:00-05:00,26.25,27.149999618530273,26.100000381469727,26.700000762939453,1147,0.0,0.0
2019-12-18 00:00:00-05:00,27.75,30.75,27.299999237060547,29.25,3273,0.0,0.0
2019-12-19 00:00:00-05:00,29.100000381469727,29.100000381469727,28.649999618530273,28.649999618530273,140,0.0,0.0
2019-12-20 00:00:00-05:00,26.774999618530273,28.260000228881836,26.549999237060547,27.75,740,0.0,0.0
2019-12-23 00:00:00-05:00,26.71500015258789,28.049999237060547,26.549999237060547,28.049999237060547,527,0.0,0.0
2019-12-24 00:00:00-05:00,27.0,27.225000381469727,26.25,26.399999618530273,1107,0.0,0.0
2019-12-26 00:00:00-05:00,26.549999237060547,27.450000762939453,26.100000381469727,27.0,333,0.0,0.0
2019-12-27 00:00:00-05:00,26.459999084472656,27.600000381469727,26.459999084472656,27.450000762939453,333,0.0,0.0
2019-12-30 00:00:00-05:00,25.950000762939453,25.950000762939453,24.600000381469727,25.350000381469727,5427,0.0,0.0
2019-12-31 00:00:00-05:00,25.799999237060547,26.219999313354492,25.5,26.100000381469727,2240,0.0,0.0
2020-01-02 00:00:00-05:00,29.399999618530273,32.70000076293945,27.0,28.200000762939453,24900,0.0,0.0
2020-01-03 00:00:00-05:00,30.0,30.0,26.25,27.270000457763672,2067,0.0,0.0
2020-01-06 00:00:00-05:00,26.549999237060547,27.0,26.25,26.399999618530273,1067,0.0,0.0
2020-01-07 00:00:00-05:00,28.350000381469727,28.350000381469727,27.0,28.200000762939453,693,0.0,0.0
2020-01-08 00:00:00-05:00,27.375,28.200000762939453,27.0,27.75,987,0.0,0.0
2020-01-09 00:00:00-05:00,26.565000534057617,28.200000762939453,26.565000534057617,28.200000762939453,400,0.0,0.0
2020-01-10 00:00:00-05:00,26.7450008392334,28.5,26.7450008392334,28.5,133,0.0,0.0
2020-01-13 00:00:00-05:00,28.065000534057617,28.065000534057617,27.75,27.75,260,0.0,0.0
2020-01-14 00:00:00-05:00,26.399999618530273,28.200000762939453,26.399999618530273,28.200000762939453,1267,0.0,0.0
2020-01-15 00:00:00-05:00,28.59000015258789,29.100000381469727,27.450000762939453,29.100000381469727,40,0.0,0.0
2020-01-16 00:00:00-05:00,28.31999969482422,29.010000228881836,28.31999969482422,28.5,313,0.0,0.0
2020-01-17 00:00:00-05:00,28.200000762939453,28.799999237060547,28.049999237060547,28.049999237060547,913,0.0,0.0
2020-01-21 00:00:00-05:00,27.75,27.915000915527344,27.75,27.915000915527344,267,0.0,0.0
2020-01-22 00:00:00-05:00,27.389999389648438,28.665000915527344,27.389999389648438,27.75,473,0.0,0.0
2020-01-23 00:00:00-05:00,27.75,28.950000762939453,27.75,28.094999313354492,353,0.0,0.0
2020-01-24 00:00:00-05:00,28.649999618530273,31.5,27.165000915527344,28.049999237060547,7853,0.0,0.0
2020-01-27 00:00:00-05:00,27.149999618530273,29.25,27.149999618530273,28.424999237060547,787,0.0,0.0
2020-01-28 00:00:00-05:00,27.75,28.200000762939453,26.700000762939453,27.149999618530273,1760,0.0,0.0
2020-01-29 00:00:00-05:00,27.149999618530273,27.149999618530273,25.799999237060547,26.850000381469727,360,0.0,0.0
2020-01-30 00:00:00-05:00,25.649999618530273,26.700000762939453,24.75,25.950000762939453,1020,0.0,0.0
2020-01-31 00:00:00-05:00,25.950000762939453,25.950000762939453,25.950000762939453,25.950000762939453,0,0.0,0.0
2020-02-03 00:00:00-05:00,25.200000762939453,26.25,23.700000762939453,24.450000762939453,1273,0.0,0.0
2020-02-04 00:00:00-05:00,24.450000762939453,26.399999618530273,24.0,25.950000762939453,3320,0.0,0.0
2020-02-05 00:00:00-05:00,25.5,25.5,24.18000030517578,24.899999618530273,1700,0.0,0.0
2020-02-06 00:00:00-05:00,24.420000076293945,25.5,24.0,24.450000762939453,467,0.0,0.0
2020-02-07 00:00:00-05:00,24.75,24.75,24.299999237060547,24.299999237060547,67,0.0,0.0
2020-02-10 00:00:00-05:00,24.149999618530273,24.149999618530273,23.700000762939453,24.0,187,0.0,0.0
2020-02-11 00:00:00-05:00,24.149999618530273,25.200000762939453,24.149999618530273,24.899999618530273,493,0.0,0.0
2020-02-12 00:00:00-05:00,24.299999237060547,25.170000076293945,24.299999237060547,24.899999618530273,907,0.0,0.0
2020-02-13 00:00:00-05:00,24.8700008392334,25.200000762939453,23.850000381469727,25.049999237060547,440,0.0,0.0
2020-02-14 00:00:00-05:00,29.100000381469727,31.049999237060547,23.325000762939453,24.75,22180,0.0,0.0
2020-02-18 00:00:00-05:00,23.549999237060547,24.450000762939453,22.350000381469727,23.43000030517578,3553,0.0,0.0
2020-02-19 00:00:00-05:00,22.350000381469727,24.450000762939453,22.350000381469727,24.450000762939453,2247,0.0,0.0
2020-02-20 00:00:00-05:00,24.299999237060547,25.200000762939453,23.174999237060547,24.674999237060547,2253,0.0,0.0
2020-02-21 00:00:00-05:00,24.299999237060547,25.350000381469727,24.299999237060547,24.420000076293945,173,0.0,0.0
2020-02-24 00:00:00-05:00,22.799999237060547,24.899999618530273,22.799999237060547,23.700000762939453,787,0.0,0.0
2020-02-25 00:00:00-05:00,23.549999237060547,24.149999618530273,21.899999618530273,23.700000762939453,1467,0.0,0.0
2020-02-26 00:00:00-05:00,22.950000762939453,23.399999618530273,21.75,22.200000762939453,2167,0.0,0.0
2020-02-27 00:00:00-05:00,21.915000915527344,22.110000610351562,20.43000030517578,20.8799991607666,2173,0.0,0.0
2020-02-28 00:00:00-05:00,21.75,21.75,19.799999237060547,20.25,1200,0.0,0.0
2020-03-02 00:00:00-05:00,19.950000762939453,21.600000381469727,19.950000762939453,21.600000381469727,167,0.0,0.0
2020-03-03 00:00:00-05:00,21.600000381469727,21.600000381469727,20.985000610351562,21.149999618530273,100,0.0,0.0
2020-03-04 00:00:00-05:00,21.149999618530273,21.149999618530273,20.475000381469727,20.8799991607666,500,0.0,0.0
2020-03-05 00:00:00-05:00,20.700000762939453,23.549999237060547,20.549999237060547,22.649999618530273,940,0.0,0.0
2020-03-06 00:00:00-05:00,23.040000915527344,23.040000915527344,22.649999618530273,22.649999618530273,20,0.0,0.0
2020-03-09 00:00:00-04:00,20.25,20.834999084472656,19.049999237060547,20.44499969482422,667,0.0,0.0
2020-03-10 00:00:00-04:00,21.1200008392334,21.1200008392334,21.1200008392334,21.1200008392334,7,0.0,0.0
2020-03-11 00:00:00-04:00,19.2450008392334,19.5,18.899999618530273,18.899999618530273,120,0.0,0.0
2020-03-12 00:00:00-04:00,15.300000190734863,17.295000076293945,15.300000190734863,17.100000381469727,793,0.0,0.0
2020-03-13 00:00:00-04:00,17.700000762939453,17.700000762939453,16.5,16.950000762939453,240,0.0,0.0
2020-03-16 00:00:00-04:00,17.399999618530273,17.399999618530273,17.399999618530273,17.399999618530273,40,0.0,0.0
2020-03-17 00:00:00-04:00,15.899999618530273,16.875,14.100000381469727,16.875,507,0.0,0.0
2020-03-18 00:00:00-04:00,15.0,15.149999618530273,12.449999809265137,13.199999809265137,700,0.0,0.0
2020-03-19 00:00:00-04:00,13.199999809265137,14.475000381469727,13.199999809265137,14.100000381469727,173,0.0,0.0
2020-03-20 00:00:00-04:00,13.949999809265137,13.949999809265137,13.800000190734863,13.800000190734863,67,0.0,0.0
2020-03-23 00:00:00-04:00,13.21500015258789,15.899999618530273,13.21500015258789,15.899999618530273,20,0.0,0.0
2020-03-24 00:00:00-04:00,15.899999618530273,15.899999618530273,15.0,15.300000190734863,1053,0.0,0.0
2020-03-25 00:00:00-04:00,15.300000190734863,16.049999237060547,15.0,16.049999237060547,333,0.0,0.0
2020-03-26 00:00:00-04:00,16.049999237060547,16.049999237060547,16.049999237060547,16.049999237060547,253,0.0,0.0
2020-03-27 00:00:00-04:00,15.899999618530273,16.649999618530273,15.899999618530273,16.649999618530273,100,0.0,0.0
2020-03-30 00:00:00-04:00,16.5,16.5,14.25,15.0,167,0.0,0.0
2020-03-31 00:00:00-04:00,16.5,16.5,14.805000305175781,14.819999694824219,933,0.0,0.0
2020-04-01 00:00:00-04:00,15.0,17.100000381469727,15.0,17.100000381469727,547,0.0,0.0
2020-04-02 00:00:00-04:00,17.100000381469727,17.100000381469727,15.899999618530273,16.049999237060547,33,0.0,0.0
2020-04-03 00:00:00-04:00,15.300000190734863,15.600000381469727,15.0,15.0,420,0.0,0.0
2020-04-06 00:00:00-04:00,16.514999389648438,17.700000762939453,16.514999389648438,17.700000762939453,27,0.0,0.0
2020-04-07 00:00:00-04:00,17.700000762939453,19.5,17.700000762939453,19.200000762939453,1113,0.0,0.0
2020-04-08 00:00:00-04:00,16.5,17.850000381469727,16.5,16.649999618530273,47,0.0,0.0
2020-04-09 00:00:00-04:00,20.700000762939453,20.700000762939453,15.75,16.5,2027,0.0,0.0
2020-04-13 00:00:00-04:00,19.21500015258789,20.100000381469727,16.950000762939453,18.299999237060547,327,0.0,0.0
2020-04-14 00:00:00-04:00,19.5,19.5,19.5,19.5,73,0.0,0.0
2020-04-15 00:00:00-04:00,19.5,19.5,19.5,19.5,0,0.0,0.0
2020-04-16 00:00:00-04:00,20.25,22.200000762939453,18.825000762939453,19.079999923706055,1380,0.0,0.0
2020-04-17 00:00:00-04:00,19.770000457763672,20.100000381469727,17.399999618530273,18.735000610351562,987,0.0,0.0
2020-04-20 00:00:00-04:00,19.5,19.649999618530273,19.350000381469727,19.350000381469727,293,0.0,0.0
2020-04-21 00:00:00-04:00,19.875,21.600000381469727,19.875,21.0,120,0.0,0.0
2020-04-22 00:00:00-04:00,19.799999237060547,21.600000381469727,19.350000381469727,21.299999237060547,120,0.0,0.0
2020-04-23 00:00:00-04:00,20.700000762939453,21.149999618530273,19.649999618530273,21.149999618530273,880,0.0,0.0
2020-04-24 00:00:00-04:00,35.400001525878906,51.29999923706055,26.399999618530273,28.5,2185200,0.0,0.0
2020-04-27 00:00:00-04:00,37.04999923706055,43.349998474121094,29.100000381469727,33.45000076293945,663700,0.0,0.0
2020-04-28 00:00:00-04:00,36.150001525878906,36.150001525878906,30.0,34.349998474121094,43607,0.0,0.0
2020-04-29 00:00:00-04:00,33.29999923706055,33.900001525878906,30.75,31.5,19500,0.0,0.0
2020-04-30 00:00:00-04:00,31.950000762939453,36.75,31.5,34.875,20407,0.0,0.0
2020-05-01 00:00:00-04:00,63.29999923706055,77.25,47.099998474121094,53.25,4266827,0.0,0.0
2020-05-04 00:00:00-04:00,46.349998474121094,50.25,44.54999923706055,49.79999923706055,113480,0.0,0.0
2020-05-05 00:00:00-04:00,50.25,51.0,43.5,43.95000076293945,43287,0.0,0.0
2020-05-06 00:00:00-04:00,59.25,64.3499984741211,51.29999923706055,53.54999923706055,437560,0.0,0.0
2020-05-07 00:00:00-04:00,52.650001525878906,52.650001525878906,49.5,50.849998474121094,43200,0.0,0.0
2020-05-08 00:00:00-04:00,49.5,51.75,49.5,51.599998474121094,16593,0.0,0.0
2020-05-11 00:00:00-04:00,52.5,56.415000915527344,51.6150016784668,52.95000076293945,29420,0.0,0.0
2020-05-12 00:00:00-04:00,51.45000076293945,60.0,51.45000076293945,58.5,30927,0.0,0.0
2020-05-13 00:00:00-04:00,54.29999923706055,55.5,49.95000076293945,52.20000076293945,15747,0.0,0.0
2020-05-14 00:00:00-04:00,49.5,52.04999923706055,46.5,51.45000076293945,6367,0.0,0.0
2020-05-15 00:00:00-04:00,53.099998474121094,53.099998474121094,47.54999923706055,49.650001525878906,15367,0.0,0.0
2020-05-18 00:00:00-04:00,50.099998474121094,50.099998474121094,42.900001525878906,43.79999923706055,20473,0.0,0.0
2020-05-19 00:00:00-04:00,46.5,47.400001525878906,43.5,43.95000076293945,15340,0.0,0.0
2020-05-20 00:00:00-04:00,37.04999923706055,42.0,36.0,39.75,62207,0.0,0.0
2020-05-21 00:00:00-04:00,40.79999923706055,43.79999923706055,40.79999923706055,40.79999923706055,6980,0.0,0.0
2020-05-22 00:00:00-04:00,50.400001525878906,53.54999923706055,42.150001525878906,45.29999923706055,378587,0.0,0.0
2020-05-26 00:00:00-04:00,41.54999923706055,43.04999923706055,37.04999923706055,37.79999923706055,57107,0.0,0.0
2020-05-27 00:00:00-04:00,38.25,38.400001525878906,34.650001525878906,35.54999923706055,22873,0.0,0.0
2020-05-28 00:00:00-04:00,34.79999923706055,35.099998474121094,33.29999923706055,34.349998474121094,16513,0.0,0.0
2020-05-29 00:00:00-04:00,32.70000076293945,33.70500183105469,30.600000381469727,32.099998474121094,20873,0.0,0.0
2020-06-01 00:00:00-04:00,32.70000076293945,35.25,32.70000076293945,34.20000076293945,12793,0.0,0.0
2020-06-02 00:00:00-04:00,33.45000076293945,34.20000076293945,31.950000762939453,32.70000076293945,10753,0.0,0.0
2020-06-03 00:00:00-04:00,32.70000076293945,33.494998931884766,31.649999618530273,32.54999923706055,12767,0.0,0.0
2020-06-04 00:00:00-04:00,32.099998474121094,32.70000076293945,30.149999618530273,32.099998474121094,20980,0.0,0.0
2020-06-05 00:00:00-04:00,31.950000762939453,32.400001525878906,30.600000381469727,31.799999237060547,14247,0.0,0.0
2020-06-08 00:00:00-04:00,33.900001525878906,35.3849983215332,32.25,33.900001525878906,18940,0.0,0.0
2020-06-09 00:00:00-04:00,33.29999923706055,33.720001220703125,31.799999237060547,32.54999923706055,8107,0.0,0.0
2020-06-10 00:00:00-04:00,32.400001525878906,32.849998474121094,30.600000381469727,31.950000762939453,8300,0.0,0.0
2020-06-11 00:00:00-04:00,30.899999618530273,30.899999618530273,27.149999618530273,27.600000381469727,20800,0.0,0.0
2020-06-12 00:00:00-04:00,29.850000381469727,29.850000381469727,25.799999237060547,27.0,15647,0.0,0.0
2020-06-15 00:00:00-04:00,28.049999237060547,30.75,27.149999618530273,29.399999618530273,13987,0.0,0.0
2020-06-16 00:00:00-04:00,29.850000381469727,30.959999084472656,28.799999237060547,29.700000762939453,12567,0.0,0.0
2020-06-17 00:00:00-04:00,29.700000762939453,30.0,28.649999618530273,29.25,4540,0.0,0.0
2020-06-18 00:00:00-04:00,28.5,29.399999618530273,27.600000381469727,27.75,5147,0.0,0.0
2020-06-19 00:00:00-04:00,28.049999237060547,28.40999984741211,27.149999618530273,28.200000762939453,7593,0.0,0.0
2020-06-22 00:00:00-04:00,28.200000762939453,32.70000076293945,27.899999618530273,30.450000762939453,45240,0.0,0.0
2020-06-23 00:00:00-04:00,30.75,30.899999618530273,27.0,27.600000381469727,18087,0.0,0.0
2020-06-24 00:00:00-04:00,28.200000762939453,28.950000762939453,25.799999237060547,27.600000381469727,49873,0.0,0.0
2020-06-25 00:00:00-04:00,27.600000381469727,27.600000381469727,25.950000762939453,27.0,18600,0.0,0.0
2020-06-26 00:00:00-04:00,27.149999618530273,27.450000762939453,24.299999237060547,26.024999618530273,27640,0.0,0.0
2020-06-29 00:00:00-04:00,25.799999237060547,26.06999969482422,24.149999618530273,24.450000762939453,11427,0.0,0.0
2020-06-30 00:00:00-04:00,24.600000381469727,26.549999237060547,24.299999237060547,25.799999237060547,11053,0.0,0.0
2020-07-01 00:00:00-04:00,26.25,26.25,24.149999618530273,25.649999618530273,13527,0.0,0.0
2020-07-02 00:00:00-04:00,25.950000762939453,26.549999237060547,25.200000762939453,26.100000381469727,9967,0.0,0.0
2020-07-06 00:00:00-04:00,25.950000762939453,26.25,24.299999237060547,25.049999237060547,12300,0.0,0.0
2020-07-07 00:00:00-04:00,25.049999237060547,25.799999237060547,24.450000762939453,24.899999618530273,11920,0.0,0.0
2020-07-08 00:00:00-04:00,24.299999237060547,24.899999618530273,24.299999237060547,24.899999618530273,6740,0.0,0.0
2020-07-09 00:00:00-04:00,24.600000381469727,24.899999618530273,23.549999237060547,24.450000762939453,8713,0.0,0.0
2020-07-10 00:00:00-04:00,24.0,24.75,23.700000762939453,24.299999237060547,3620,0.0,0.0
2020-07-13 00:00:00-04:00,24.450000762939453,24.450000762939453,22.649999618530273,23.399999618530273,10020,0.0,0.0
2020-07-14 00:00:00-04:00,23.850000381469727,23.850000381469727,21.450000762939453,22.950000762939453,24973,0.0,0.0
2020-07-15 00:00:00-04:00,23.25,24.299999237060547,22.649999618530273,23.549999237060547,16800,0.0,0.0
2020-07-16 00:00:00-04:00,23.549999237060547,25.5,22.799999237060547,24.899999618530273,13347,0.0,0.0
2020-07-17 00:00:00-04:00,28.950000762939453,32.54999923706055,25.649999618530273,26.700000762939453,521473,0.0,0.0
2020-07-20 00:00:00-04:00,24.899999618530273,25.350000381469727,23.25,23.399999618530273,45240,0.0,0.0
2020-07-21 00:00:00-04:00,23.399999618530273,25.200000762939453,22.799999237060547,23.850000381469727,23940,0.0,0.0
2020-07-22 00:00:00-04:00,23.850000381469727,24.450000762939453,23.25,24.0,12827,0.0,0.0
2020-07-23 00:00:00-04:00,23.850000381469727,24.0,22.5,23.100000381469727,20873,0.0,0.0
2020-07-24 00:00:00-04:00,26.100000381469727,27.0,23.850000381469727,25.5,333573,0.0,0.0
2020-07-27 00:00:00-04:00,25.350000381469727,25.350000381469727,22.950000762939453,23.700000762939453,40020,0.0,0.0
2020-07-28 00:00:00-04:00,23.549999237060547,23.850000381469727,22.950000762939453,22.950000762939453,16833,0.0,0.0
2020-07-29 00:00:00-04:00,22.950000762939453,25.200000762939453,22.5,23.700000762939453,57113,0.0,0.0
2020-07-30 00:00:00-04:00,23.700000762939453,24.899999618530273,23.25,24.149999618530273,25107,0.0,0.0
2020-07-31 00:00:00-04:00,24.149999618530273,24.75,23.549999237060547,24.0,22673,0.0,0.0
2020-08-03 00:00:00-04:00,23.850000381469727,24.75,23.549999237060547,24.600000381469727,15493,0.0,0.0
2020-08-04 00:00:00-04:00,24.299999237060547,25.200000762939453,23.864999771118164,25.200000762939453,13780,0.0,0.0
2020-08-05 00:00:00-04:00,24.899999618530273,25.649999618530273,24.600000381469727,25.049999237060547,8167,0.0,0.0
2020-08-06 00:00:00-04:00,24.299999237060547,25.049999237060547,24.149999618530273,24.299999237060547,9020,0.0,0.0
2020-08-07 00:00:00-04:00,24.299999237060547,25.049999237060547,23.549999237060547,24.600000381469727,9453,0.0,0.0
2020-08-10 00:00:00-04:00,23.549999237060547,24.600000381469727,22.950000762939453,24.450000762939453,19840,0.0,0.0
2020-08-11 00:00:00-04:00,24.0,24.600000381469727,23.700000762939453,23.700000762939453,9667,0.0,0.0
2020-08-12 00:00:00-04:00,23.700000762939453,24.0,22.950000762939453,22.950000762939453,12220,0.0,0.0
2020-08-13 00:00:00-04:00,22.950000762939453,23.100000381469727,22.200000762939453,22.950000762939453,13847,0.0,0.0
2020-08-14 00:00:00-04:00,22.950000762939453,23.25,22.649999618530273,22.950000762939453,4073,0.0,0.0
2020-08-17 00:00:00-04:00,22.799999237060547,23.25,22.350000381469727,22.950000762939453,7607,0.0,0.0
2020-08-18 00:00:00-04:00,22.799999237060547,23.25,22.5,22.799999237060547,4320,0.0,0.0
2020-08-19 00:00:00-04:00,22.649999618530273,22.950000762939453,22.274999618530273,22.350000381469727,4907,0.0,0.0
2020-08-20 00:00:00-04:00,22.5,22.950000762939453,22.350000381469727,22.950000762939453,6187,0.0,0.0
2020-08-21 00:00:00-04:00,22.649999618530273,23.100000381469727,21.450000762939453,21.75,9113,0.0,0.0
2020-08-24 00:00:00-04:00,21.899999618530273,21.899999618530273,18.75,20.399999618530273,59580,0.0,0.0
2020-08-25 00:00:00-04:00,20.399999618530273,21.299999237060547,20.100000381469727,20.549999237060547,7607,0.0,0.0
2020-08-26 00:00:00-04:00,20.399999618530273,21.0,20.100000381469727,20.850000381469727,6273,0.0,0.0
2020-08-27 00:00:00-04:00,21.149999618530273,21.299999237060547,20.25,20.549999237060547,6660,0.0,0.0
2020-08-28 00:00:00-04:00,24.299999237060547,29.549999237060547,20.549999237060547,22.200000762939453,2051820,0.0,0.0
2020-08-31 00:00:00-04:00,21.450000762939453,23.100000381469727,20.700000762939453,22.950000762939453,63440,0.0,0.0
2020-09-01 00:00:00-04:00,20.850000381469727,21.600000381469727,19.799999237060547,20.399999618530273,34440,0.0,0.0
2020-09-02 00:00:00-04:00,19.649999618530273,20.100000381469727,19.049999237060547,20.100000381469727,13947,0.0,0.0
2020-09-03 00:00:00-04:00,19.350000381469727,19.950000762939453,18.75,19.200000762939453,8867,0.0,0.0
2020-09-04 00:00:00-04:00,19.049999237060547,19.350000381469727,18.299999237060547,19.350000381469727,17127,0.0,0.0
2020-09-08 00:00:00-04:00,19.200000762939453,20.399999618530273,19.200000762939453,19.5,15433,0.0,0.0
2020-09-09 00:00:00-04:00,19.5,20.399999618530273,19.5,20.100000381469727,2740,0.0,0.0
2020-09-10 00:00:00-04:00,19.950000762939453,20.399999618530273,19.799999237060547,19.950000762939453,3047,0.0,0.0
2020-09-11 00:00:00-04:00,19.649999618530273,20.549999237060547,19.649999618530273,19.799999237060547,3347,0.0,0.0
2020-09-14 00:00:00-04:00,19.950000762939453,20.44499969482422,18.899999618530273,19.200000762939453,10367,0.0,0.0
2020-09-15 00:00:00-04:00,19.350000381469727,19.799999237060547,19.290000915527344,19.350000381469727,4673,0.0,0.0
2020-09-16 00:00:00-04:00,19.5,20.084999084472656,19.200000762939453,19.200000762939453,5753,0.0,0.0
2020-09-17 00:00:00-04:00,19.649999618530273,20.100000381469727,19.350000381469727,19.350000381469727,4393,0.0,0.0
2020-09-18 00:00:00-04:00,19.649999618530273,20.655000686645508,19.350000381469727,20.25,13620,0.0,0.0
2020-09-21 00:00:00-04:00,20.25,20.399999618530273,19.350000381469727,19.950000762939453,5180,0.0,0.0
2020-09-22 00:00:00-04:00,19.799999237060547,19.950000762939453,19.350000381469727,19.649999618530273,1913,0.0,0.0
2020-09-23 00:00:00-04:00,19.5,20.010000228881836,18.55500030517578,19.200000762939453,6360,0.0,0.0
2020-09-24 00:00:00-04:00,18.899999618530273,19.350000381469727,18.450000762939453,19.350000381469727,5767,0.0,0.0
2020-09-25 00:00:00-04:00,18.899999618530273,19.950000762939453,18.899999618530273,19.350000381469727,5207,0.0,0.0
2020-09-28 00:00:00-04:00,19.5,20.100000381469727,19.049999237060547,19.350000381469727,8333,0.0,0.0
2020-09-29 00:00:00-04:00,19.049999237060547,20.25,19.049999237060547,19.950000762939453,12027,0.0,0.0
2020-09-30 00:00:00-04:00,20.295000076293945,21.674999237060547,20.174999237060547,20.700000762939453,16140,0.0,0.0
2020-10-01 00:00:00-04:00,20.625,20.81999969482422,20.100000381469727,20.100000381469727,847,0.0,0.0
2020-10-02 00:00:00-04:00,20.549999237060547,20.549999237060547,19.350000381469727,19.350000381469727,4780,0.0,0.0
2020-10-05 00:00:00-04:00,19.200000762939453,20.700000762939453,19.200000762939453,19.649999618530273,4013,0.0,0.0
2020-10-06 00:00:00-04:00,20.850000381469727,21.0,19.799999237060547,20.100000381469727,24627,0.0,0.0
2020-10-07 00:00:00-04:00,21.149999618530273,22.5,20.985000610351562,22.350000381469727,27053,0.0,0.0
2020-10-08 00:00:00-04:00,23.100000381469727,23.850000381469727,22.5,22.799999237060547,11000,0.0,0.0
2020-10-09 00:00:00-04:00,30.75,34.20000076293945,26.399999618530273,28.799999237060547,1979673,0.0,0.0
2020-10-12 00:00:00-04:00,26.399999618530273,28.649999618530273,26.100000381469727,28.350000381469727,101407,0.0,0.0
2020-10-13 00:00:00-04:00,45.0,59.849998474121094,42.29999923706055,43.349998474121094,12920933,0.0,0.0
2020-10-14 00:00:00-04:00,43.95000076293945,46.04999923706055,37.04999923706055,38.25,596993,0.0,0.0
2020-10-15 00:00:00-04:00,37.650001525878906,37.95000076293945,33.900001525878906,36.75,130060,0.0,0.0
2020-10-16 00:00:00-04:00,37.650001525878906,38.849998474121094,32.54999923706055,34.20000076293945,93520,0.0,0.0
2020-10-19 00:00:00-04:00,35.400001525878906,36.599998474121094,33.0,33.75,67913,0.0,0.0
2020-10-20 00:00:00-04:00,33.75,34.650001525878906,31.799999237060547,34.650001525878906,29527,0.0,0.0
2020-10-21 00:00:00-04:00,34.20000076293945,34.5,33.45000076293945,33.45000076293945,26853,0.0,0.0
2020-10-22 00:00:00-04:00,34.04999923706055,36.29999923706055,33.900001525878906,35.849998474121094,33940,0.0,0.0
2020-10-23 00:00:00-04:00,43.20000076293945,44.099998474121094,37.79999923706055,40.650001525878906,600200,0.0,0.0
2020-10-26 00:00:00-04:00,39.150001525878906,39.494998931884766,34.5,35.54999923706055,68187,0.0,0.0
2020-10-27 00:00:00-04:00,35.70000076293945,37.04999923706055,33.900001525878906,36.599998474121094,20487,0.0,0.0
2020-10-28 00:00:00-04:00,35.849998474121094,35.849998474121094,32.849998474121094,34.04999923706055,58533,0.0,0.0
2020-10-29 00:00:00-04:00,35.25,37.5,33.900001525878906,37.349998474121094,24940,0.0,0.0
2020-10-30 00:00:00-04:00,39.45000076293945,40.04999923706055,33.900001525878906,34.5,87760,0.0,0.0
2020-11-02 00:00:00-05:00,34.04999923706055,36.0,34.04999923706055,35.849998474121094,20160,0.0,0.0
2020-11-03 00:00:00-05:00,34.20000076293945,35.099998474121094,33.900001525878906,34.20000076293945,27127,0.0,0.0
2020-11-04 00:00:00-05:00,33.75,34.95000076293945,33.29999923706055,33.75,15153,0.0,0.0
2020-11-05 00:00:00-05:00,33.599998474121094,34.665000915527344,31.649999618530273,32.849998474121094,21560,0.0,0.0
2020-11-06 00:00:00-05:00,32.849998474121094,33.119998931884766,31.59000015258789,31.799999237060547,10480,0.0,0.0
2020-11-09 00:00:00-05:00,31.5,32.54999923706055,27.450000762939453,28.799999237060547,37760,0.0,0.0
2020-11-10 00:00:00-05:00,28.649999618530273,28.665000915527344,27.450000762939453,28.350000381469727,9907,0.0,0.0
2020-11-11 00:00:00-05:00,28.799999237060547,43.349998474121094,27.450000762939453,30.149999618530273,401640,0.0,0.0
2020-11-12 00:00:00-05:00,29.700000762939453,30.899999618530273,28.5,29.700000762939453,31700,0.0,0.0
2020-11-13 00:00:00-05:00,30.149999618530273,30.149999618530273,28.799999237060547,29.25,10047,0.0,0.0
2020-11-16 00:00:00-05:00,28.799999237060547,29.459999084472656,28.049999237060547,28.5,11933,0.0,0.0
2020-11-17 00:00:00-05:00,28.799999237060547,29.700000762939453,28.200000762939453,28.799999237060547,10960,0.0,0.0
2020-11-18 00:00:00-05:00,28.799999237060547,31.200000762939453,28.799999237060547,30.299999237060547,23400,0.0,0.0
2020-11-19 00:00:00-05:00,47.849998474121094,48.75,34.79999923706055,37.04999923706055,2352853,0.0,0.0
2020-11-20 00:00:00-05:00,35.849998474121094,43.95000076293945,35.25,42.45000076293945,439440,0.0,0.0
2020-11-23 00:00:00-05:00,45.45000076293945,62.849998474121094,44.880001068115234,55.20000076293945,1443520,0.0,0.0
2020-11-24 00:00:00-05:00,57.0,57.915000915527344,43.04999923706055,52.20000076293945,428580,0.0,0.0
2020-11-25 00:00:00-05:00,48.0,49.04999923706055,45.0,46.650001525878906,104020,0.0,0.0
2020-11-27 00:00:00-05:00,45.900001525878906,46.5,43.20000076293945,44.099998474121094,46560,0.0,0.0
2020-11-30 00:00:00-05:00,44.4900016784668,44.70000076293945,42.0,43.79999923706055,116067,0.0,0.0
2020-12-01 00:00:00-05:00,38.70000076293945,39.29999923706055,33.599998474121094,34.349998474121094,148673,0.0,0.0
2020-12-02 00:00:00-05:00,28.200000762939453,29.25,27.600000381469727,27.75,575200,0.0,0.0
2020-12-03 00:00:00-05:00,28.5,29.25,27.600000381469727,28.5,375653,0.0,0.0
2020-12-04 00:00:00-05:00,28.649999618530273,30.450000762939453,28.274999618530273,29.700000762939453,279513,0.0,0.0
2020-12-07 00:00:00-05:00,30.75,31.200000762939453,28.649999618530273,29.850000381469727,220473,0.0,0.0
2020-12-08 00:00:00-05:00,29.850000381469727,30.450000762939453,29.100000381469727,29.700000762939453,117740,0.0,0.0
2020-12-09 00:00:00-05:00,29.549999237060547,29.625,27.899999618530273,28.950000762939453,126313,0.0,0.0
2020-12-10 00:00:00-05:00,28.200000762939453,29.549999237060547,28.049999237060547,29.399999618530273,77973,0.0,0.0
2020-12-11 00:00:00-05:00,29.25,29.549999237060547,28.649999618530273,29.399999618530273,66013,0.0,0.0
2020-12-14 00:00:00-05:00,29.700000762939453,30.299999237060547,28.049999237060547,28.350000381469727,139233,0.0,0.0
2020-12-15 00:00:00-05:00,28.200000762939453,28.69499969482422,25.950000762939453,27.450000762939453,86973,0.0,0.0
2020-12-16 00:00:00-05:00,27.450000762939453,27.4950008392334,24.899999618530273,26.850000381469727,75600,0.0,0.0
2020-12-17 00:00:00-05:00,26.25,27.450000762939453,25.5,26.850000381469727,71507,0.0,0.0
2020-12-18 00:00:00-05:00,26.399999618530273,27.0,26.100000381469727,26.174999237060547,28213,0.0,0.0
2020-12-21 00:00:00-05:00,25.649999618530273,30.450000762939453,25.049999237060547,29.100000381469727,242020,0.0,0.0
2020-12-22 00:00:00-05:00,28.635000228881836,31.5,27.75,31.200000762939453,274393,0.0,0.0
2020-12-23 00:00:00-05:00,31.799999237060547,33.0,28.5,30.299999237060547,134400,0.0,0.0
2020-12-24 00:00:00-05:00,30.0,30.75,28.950000762939453,29.25,37180,0.0,0.0
2020-12-28 00:00:00-05:00,29.700000762939453,30.75,27.75,28.950000762939453,93293,0.0,0.0
2020-12-29 00:00:00-05:00,29.100000381469727,29.549999237060547,27.375,28.5,57053,0.0,0.0
2020-12-30 00:00:00-05:00,28.5,30.450000762939453,28.049999237060547,29.549999237060547,121127,0.0,0.0
2020-12-31 00:00:00-05:00,30.299999237060547,30.299999237060547,28.5,28.649999618530273,51327,0.0,0.0
2021-01-04 00:00:00-05:00,29.399999618530273,30.299999237060547,28.6200008392334,29.549999237060547,116967,0.0,0.0
2021-01-05 00:00:00-05:00,28.5,32.70000076293945,28.5,32.099998474121094,186593,0.0,0.0
2021-01-06 00:00:00-05:00,32.099998474121094,35.025001525878906,30.299999237060547,34.04999923706055,277047,0.0,0.0
2021-01-07 00:00:00-05:00,35.54999923706055,35.849998474121094,32.70000076293945,34.5,129027,0.0,0.0
2021-01-08 00:00:00-05:00,43.5,47.400001525878906,37.04999923706055,39.0,1672200,0.0,0.0
2021-01-11 00:00:00-05:00,34.04999923706055,34.5,33.0,33.0,414587,0.0,0.0
2021-01-12 00:00:00-05:00,33.900001525878906,34.04999923706055,32.70000076293945,33.29999923706055,151987,0.0,0.0
2021-01-13 00:00:00-05:00,34.04999923706055,35.099998474121094,33.0,33.900001525878906,167127,0.0,0.0
2021-01-14 00:00:00-05:00,34.650001525878906,34.650001525878906,33.75,34.04999923706055,107247,0.0,0.0
2021-01-15 00:00:00-05:00,34.20000076293945,36.45000076293945,31.950000762939453,35.849998474121094,281947,0.0,0.0
2021-01-19 00:00:00-05:00,36.45000076293945,40.04999923706055,35.474998474121094,39.0,378587,0.0,0.0
2021-01-20 00:00:00-05:00,39.38999938964844,42.900001525878906,37.79999923706055,42.29999923706055,406773,0.0,0.0
2021-01-21 00:00:00-05:00,43.04999923706055,43.04999923706055,40.349998474121094,41.099998474121094,154053,0.0,0.0
2021-01-22 00:00:00-05:00,39.45000076293945,46.5,38.25,45.45000076293945,498020,0.0,0.0
2021-01-25 00:00:00-05:00,51.2400016784668,53.849998474121094,46.79999923706055,50.70000076293945,613167,0.0,0.0
2021-01-26 00:00:00-05:00,51.29999923706055,55.650001525878906,49.5,54.599998474121094,379953,0.0,0.0
2021-01-27 00:00:00-05:00,49.57500076293945,52.79999923706055,45.75,45.900001525878906,376000,0.0,0.0
2021-01-28 00:00:00-05:00,48.0,49.04999923706055,42.0,45.0,167353,0.0,0.0
2021-01-29 00:00:00-05:00,45.0,45.45000076293945,37.5,42.0,157267,0.0,0.0
2021-02-01 00:00:00-05:00,43.650001525878906,44.849998474121094,42.0,43.650001525878906,141560,0.0,0.0
2021-02-02 00:00:00-05:00,45.67499923706055,46.5,42.900001525878906,45.150001525878906,85413,0.0,0.0
2021-02-03 00:00:00-05:00,45.45000076293945,49.04999923706055,45.29999923706055,47.25,202040,0.0,0.0
2021-02-04 00:00:00-05:00,47.54999923706055,47.849998474121094,44.25,44.70000076293945,100407,0.0,0.0
2021-02-05 00:00:00-05:00,45.29999923706055,47.849998474121094,43.20000076293945,46.95000076293945,217053,0.0,0.0
2021-02-08 00:00:00-05:00,49.04999923706055,51.29999923706055,48.45000076293945,49.79999923706055,150407,0.0,0.0
2021-02-09 00:00:00-05:00,53.25,56.54999923706055,49.95000076293945,55.349998474121094,521887,0.0,0.0
2021-02-10 00:00:00-05:00,55.20000076293945,56.25,49.5,52.79999923706055,239380,0.0,0.0
2021-02-11 00:00:00-05:00,53.25,54.0,49.04999923706055,50.70000076293945,156107,0.0,0.0
2021-02-12 00:00:00-05:00,49.04999923706055,52.5,47.654998779296875,50.70000076293945,171713,0.0,0.0
2021-02-16 00:00:00-05:00,54.75,56.25,51.345001220703125,53.099998474121094,331487,0.0,0.0
2021-02-17 00:00:00-05:00,52.5,56.099998474121094,50.70000076293945,51.29999923706055,171633,0.0,0.0
2021-02-18 00:00:00-05:00,49.650001525878906,51.150001525878906,45.900001525878906,46.04999923706055,170160,0.0,0.0
2021-02-19 00:00:00-05:00,52.79999923706055,53.54999923706055,47.54999923706055,47.849998474121094,581600,0.0,0.0
2021-02-22 00:00:00-05:00,47.849998474121094,48.224998474121094,43.5,43.95000076293945,167753,0.0,0.0
2021-02-23 00:00:00-05:00,40.95000076293945,43.349998474121094,35.400001525878906,42.150001525878906,176687,0.0,0.0
2021-02-24 00:00:00-05:00,42.45000076293945,47.099998474121094,41.70000076293945,43.349998474121094,215167,0.0,0.0
2021-02-25 00:00:00-05:00,41.54999923706055,43.3650016784668,39.0,39.45000076293945,523360,0.0,0.0
2021-02-26 00:00:00-05:00,39.150001525878906,40.20000076293945,36.314998626708984,36.599998474121094,96220,0.0,0.0
2021-03-01 00:00:00-05:00,39.10499954223633,40.95000076293945,38.400001525878906,38.400001525878906,153953,0.0,0.0
2021-03-02 00:00:00-05:00,39.75,40.3650016784668,37.79999923706055,38.54999923706055,251807,0.0,0.0
2021-03-03 00:00:00-05:00,38.849998474121094,38.95500183105469,34.95000076293945,36.29999923706055,116700,0.0,0.0
2021-03-04 00:00:00-05:00,36.0,36.45000076293945,30.600000381469727,32.849998474121094,150493,0.0,0.0
2021-03-05 00:00:00-05:00,33.900001525878906,34.20000076293945,27.75,32.099998474121094,107993,0.0,0.0
2021-03-08 00:00:00-05:00,32.25,34.20000076293945,30.899999618530273,31.950000762939453,58987,0.0,0.0
2021-03-09 00:00:00-05:00,32.849998474121094,35.834999084472656,32.849998474121094,34.95000076293945,161187,0.0,0.0
2021-03-10 00:00:00-05:00,35.70000076293945,37.20000076293945,33.45000076293945,34.79999923706055,82860,0.0,0.0
2021-03-11 00:00:00-05:00,36.0,36.900001525878906,34.08000183105469,36.29999923706055,69247,0.0,0.0
2021-03-12 00:00:00-05:00,34.79999923706055,37.20000076293945,34.5,36.599998474121094,44693,0.0,0.0
2021-03-15 00:00:00-04:00,36.29999923706055,38.099998474121094,35.70000076293945,37.650001525878906,101733,0.0,0.0
2021-03-16 00:00:00-04:00,38.70000076293945,40.349998474121094,35.54999923706055,36.45000076293945,319993,0.0,0.0
2021-03-17 00:00:00-04:00,34.79999923706055,36.900001525878906,31.799999237060547,35.849998474121094,99147,0.0,0.0
2021-03-18 00:00:00-04:00,34.5,37.349998474121094,34.5,35.05500030517578,51187,0.0,0.0
2021-03-19 00:00:00-04:00,34.86000061035156,35.25,33.75,34.650001525878906,63620,0.0,0.0
2021-03-22 00:00:00-04:00,34.650001525878906,36.45000076293945,33.599998474121094,35.54999923706055,126133,0.0,0.0
2021-03-23 00:00:00-04:00,35.625,37.005001068115234,34.20000076293945,34.79999923706055,175327,0.0,0.0
2021-03-24 00:00:00-04:00,32.61000061035156,33.75,28.5,30.149999618530273,327600,0.0,0.0
2021-03-25 00:00:00-04:00,29.399999618530273,31.350000381469727,28.5,30.450000762939453,60900,0.0,0.0
2021-03-26 00:00:00-04:00,31.200000762939453,31.350000381469727,29.53499984741211,30.450000762939453,40180,0.0,0.0
2021-03-29 00:00:00-04:00,29.850000381469727,33.45000076293945,29.850000381469727,30.75,132380,0.0,0.0
2021-03-30 00:00:00-04:00,31.049999237060547,32.474998474121094,29.700000762939453,31.950000762939453,96973,0.0,0.0
2021-03-31 00:00:00-04:00,31.799999237060547,34.95000076293945,31.649999618530273,33.75,162220,0.0,0.0
2021-04-01 00:00:00-04:00,33.900001525878906,34.349998474121094,32.099998474121094,32.54999923706055,47880,0.0,0.0
2021-04-05 00:00:00-04:00,32.400001525878906,33.29999923706055,31.350000381469727,31.799999237060547,40427,0.0,0.0
2021-04-06 00:00:00-04:00,31.799999237060547,32.70000076293945,30.600000381469727,31.200000762939453,45467,0.0,0.0
2021-04-07 00:00:00-04:00,31.200000762939453,31.950000762939453,30.0,30.0,45347,0.0,0.0
2021-04-08 00:00:00-04:00,30.450000762939453,31.5,30.149999618530273,31.049999237060547,44980,0.0,0.0
2021-04-09 00:00:00-04:00,30.75,30.899999618530273,30.149999618530273,30.149999618530273,20607,0.0,0.0
2021-04-12 00:00:00-04:00,30.450000762939453,30.450000762939453,27.899999618530273,28.049999237060547,64640,0.0,0.0
2021-04-13 00:00:00-04:00,27.899999618530273,28.649999618530273,26.700000762939453,27.450000762939453,40860,0.0,0.0
2021-04-14 00:00:00-04:00,27.149999618530273,28.950000762939453,27.149999618530273,27.149999618530273,26980,0.0,0.0
2021-04-15 00:00:00-04:00,27.600000381469727,27.600000381469727,24.674999237060547,25.049999237060547,72067,0.0,0.0
2021-04-16 00:00:00-04:00,24.450000762939453,25.950000762939453,23.549999237060547,25.350000381469727,83067,0.0,0.0
2021-04-19 00:00:00-04:00,26.549999237060547,28.049999237060547,25.049999237060547,28.049999237060547,75320,0.0,0.0
2021-04-20 00:00:00-04:00,27.149999618530273,28.049999237060547,25.350000381469727,26.100000381469727,51867,0.0,0.0
2021-04-21 00:00:00-04:00,25.799999237060547,27.75,25.649999618530273,27.299999237060547,42267,0.0,0.0
2021-04-22 00:00:00-04:00,27.75,28.7549991607666,26.475000381469727,27.0,59093,0.0,0.0
2021-04-23 00:00:00-04:00,27.0,29.25,26.700000762939453,28.5,46147,0.0,0.0
2021-04-26 00:00:00-04:00,28.049999237060547,30.899999618530273,28.049999237060547,30.0,52073,0.0,0.0
2021-04-27 00:00:00-04:00,30.600000381469727,30.600000381469727,29.100000381469727,29.549999237060547,50067,0.0,0.0
2021-04-28 00:00:00-04:00,29.25,30.1200008392334,28.649999618530273,29.549999237060547,18447,0.0,0.0
2021-04-29 00:00:00-04:00,30.899999618530273,31.200000762939453,29.100000381469727,30.450000762939453,51200,0.0,0.0
2021-04-30 00:00:00-04:00,29.850000381469727,30.75,28.950000762939453,29.399999618530273,24540,0.0,0.0
2021-05-03 00:00:00-04:00,30.0,30.0,27.899999618530273,28.049999237060547,24460,0.0,0.0
2021-05-04 00:00:00-04:00,27.450000762939453,27.75,26.399999618530273,27.299999237060547,30773,0.0,0.0
2021-05-05 00:00:00-04:00,27.450000762939453,27.899999618530273,25.950000762939453,26.549999237060547,15387,0.0,0.0
2021-05-06 00:00:00-04:00,25.950000762939453,27.0,24.46500015258789,26.25,39573,0.0,0.0
2021-05-07 00:00:00-04:00,26.700000762939453,27.75,25.725000381469727,25.950000762939453,40160,0.0,0.0
2021-05-10 00:00:00-04:00,26.25,26.655000686645508,24.600000381469727,24.899999618530273,29560,0.0,0.0
2021-05-11 00:00:00-04:00,23.700000762939453,26.399999618530273,23.549999237060547,26.024999618530273,39867,0.0,0.0
2021-05-12 00:00:00-04:00,25.950000762939453,25.950000762939453,24.299999237060547,24.75,12593,0.0,0.0
2021-05-13 00:00:00-04:00,24.75,25.950000762939453,24.75,25.049999237060547,29013,0.0,0.0
2021-05-14 00:00:00-04:00,25.200000762939453,26.399999618530273,25.200000762939453,25.950000762939453,10160,0.0,0.0
2021-05-17 00:00:00-04:00,25.200000762939453,25.799999237060547,25.049999237060547,25.350000381469727,15367,0.0,0.0
2021-05-18 00:00:00-04:00,25.049999237060547,26.100000381469727,24.600000381469727,25.5,29940,0.0,0.0
2021-05-19 00:00:00-04:00,25.5,25.5,24.600000381469727,25.350000381469727,11213,0.0,0.0
2021-05-20 00:00:00-04:00,25.350000381469727,26.25,25.350000381469727,26.100000381469727,12880,0.0,0.0
2021-05-21 00:00:00-04:00,26.549999237060547,26.850000381469727,25.200000762939453,25.5,13447,0.0,0.0
2021-05-24 00:00:00-04:00,26.25,26.25,24.0,25.350000381469727,24100,0.0,0.0
2021-05-25 00:00:00-04:00,25.049999237060547,25.350000381469727,24.299999237060547,24.75,15087,0.0,0.0
2021-05-26 00:00:00-04:00,24.75,25.799999237060547,24.704999923706055,25.5,22253,0.0,0.0
2021-05-27 00:00:00-04:00,25.950000762939453,26.579999923706055,24.75,26.25,40393,0.0,0.0
2021-05-28 00:00:00-04:00,25.950000762939453,26.399999618530273,25.649999618530273,25.950000762939453,15560,0.0,0.0
2021-06-01 00:00:00-04:00,26.100000381469727,27.75,25.799999237060547,27.600000381469727,31940,0.0,0.0
2021-06-02 00:00:00-04:00,27.899999618530273,28.200000762939453,27.299999237060547,28.200000762939453,19120,0.0,0.0
2021-06-03 00:00:00-04:00,28.200000762939453,28.200000762939453,26.399999618530273,27.899999618530273,14933,0.0,0.0
2021-06-04 00:00:00-04:00,27.225000381469727,28.649999618530273,27.149999618530273,27.899999618530273,13000,0.0,0.0
2021-06-07 00:00:00-04:00,28.5,29.25,27.899999618530273,29.100000381469727,30273,0.0,0.0
2021-06-08 00:00:00-04:00,29.549999237060547,29.549999237060547,28.350000381469727,29.25,14933,0.0,0.0
2021-06-09 00:00:00-04:00,29.25,29.399999618530273,28.049999237060547,28.200000762939453,23007,0.0,0.0
2021-06-10 00:00:00-04:00,28.200000762939453,28.350000381469727,27.600000381469727,27.75,16940,0.0,0.0
2021-06-11 00:00:00-04:00,27.899999618530273,28.049999237060547,26.850000381469727,27.0,19067,0.0,0.0
2021-06-14 00:00:00-04:00,27.0,27.434999465942383,26.399999618530273,27.0,22847,0.0,0.0
2021-06-15 00:00:00-04:00,26.700000762939453,26.924999237060547,25.950000762939453,25.950000762939453,23413,0.0,0.0
2021-06-16 00:00:00-04:00,25.649999618530273,27.299999237060547,25.5,26.25,22260,0.0,0.0
2021-06-17 00:00:00-04:00,27.149999618530273,28.200000762939453,26.549999237060547,26.850000381469727,28193,0.0,0.0
2021-06-18 00:00:00-04:00,26.100000381469727,26.850000381469727,25.799999237060547,26.25,8887,0.0,0.0
2021-06-21 00:00:00-04:00,26.25,26.850000381469727,25.649999618530273,26.25,32413,0.0,0.0
2021-06-22 00:00:00-04:00,25.950000762939453,26.25,25.649999618530273,25.649999618530273,10613,0.0,0.0
2021-06-23 00:00:00-04:00,25.950000762939453,27.0,25.649999618530273,26.549999237060547,11800,0.0,0.0
2021-06-24 00:00:00-04:00,27.0,27.0,26.100000381469727,26.850000381469727,17080,0.0,0.0
2021-06-25 00:00:00-04:00,26.700000762939453,27.899999618530273,26.415000915527344,27.899999618530273,23147,0.0,0.0
2021-06-28 00:00:00-04:00,27.75,28.5,27.600000381469727,28.350000381469727,24653,0.0,0.0
2021-06-29 00:00:00-04:00,27.899999618530273,27.899999618530273,26.700000762939453,27.0,14033,0.0,0.0
2021-06-30 00:00:00-04:00,26.549999237060547,27.600000381469727,26.549999237060547,27.149999618530273,11900,0.0,0.0
2021-07-01 00:00:00-04:00,27.75,29.25,27.450000762939453,28.200000762939453,39440,0.0,0.0
2021-07-02 00:00:00-04:00,28.350000381469727,28.799999237060547,27.299999237060547,27.450000762939453,45513,0.0,0.0
2021-07-06 00:00:00-04:00,27.600000381469727,27.75,26.850000381469727,27.600000381469727,17600,0.0,0.0
2021-07-07 00:00:00-04:00,27.600000381469727,27.854999542236328,25.649999618530273,25.799999237060547,15567,0.0,0.0
2021-07-08 00:00:00-04:00,25.5,25.5,24.299999237060547,25.5,23960,0.0,0.0
2021-07-09 00:00:00-04:00,25.350000381469727,25.799999237060547,25.200000762939453,25.200000762939453,5233,0.0,0.0
2021-07-12 00:00:00-04:00,25.350000381469727,25.950000762939453,24.75,25.950000762939453,13233,0.0,0.0
2021-07-13 00:00:00-04:00,25.200000762939453,26.25,24.854999542236328,25.5,31160,0.0,0.0
2021-07-14 00:00:00-04:00,25.5,25.799999237060547,23.850000381469727,23.850000381469727,27227,0.0,0.0
2021-07-15 00:00:00-04:00,23.700000762939453,23.700000762939453,22.5,22.799999237060547,24840,0.0,0.0
2021-07-16 00:00:00-04:00,22.799999237060547,23.100000381469727,22.649999618530273,22.950000762939453,7067,0.0,0.0
2021-07-19 00:00:00-04:00,22.5,22.5,21.0,21.899999618530273,37767,0.0,0.0
2021-07-20 00:00:00-04:00,21.75,22.799999237060547,21.56999969482422,22.200000762939453,6800,0.0,0.0
2021-07-21 00:00:00-04:00,22.350000381469727,23.100000381469727,22.350000381469727,23.100000381469727,5967,0.0,0.0
2021-07-22 00:00:00-04:00,22.799999237060547,23.100000381469727,22.5,22.649999618530273,4627,0.0,0.0
2021-07-23 00:00:00-04:00,27.75,36.75,25.049999237060547,28.799999237060547,10160240,0.0,0.0
2021-07-26 00:00:00-04:00,28.350000381469727,28.5,25.049999237060547,26.100000381469727,450767,0.0,0.0
2021-07-27 00:00:00-04:00,25.350000381469727,26.700000762939453,23.399999618530273,25.049999237060547,206640,0.0,0.0
2021-07-28 00:00:00-04:00,24.600000381469727,24.899999618530273,23.850000381469727,24.450000762939453,74440,0.0,0.0
2021-07-29 00:00:00-04:00,24.0,24.600000381469727,23.700000762939453,24.0,55387,0.0,0.0
2021-07-30 00:00:00-04:00,25.950000762939453,26.25,23.399999618530273,25.350000381469727,129347,0.0,0.0
2021-08-02 00:00:00-04:00,24.6299991607666,25.200000762939453,23.774999618530273,24.75,37720,0.0,0.0
2021-08-03 00:00:00-04:00,24.18000030517578,24.299999237060547,21.600000381469727,23.25,70660,0.0,0.0
2021-08-04 00:00:00-04:00,22.575000762939453,24.149999618530273,22.575000762939453,23.399999618530273,47093,0.0,0.0
2021-08-05 00:00:00-04:00,23.700000762939453,24.149999618530273,23.100000381469727,23.850000381469727,21680,0.0,0.0
2021-08-06 00:00:00-04:00,23.850000381469727,23.850000381469727,22.799999237060547,22.950000762939453,32907,0.0,0.0
2021-08-09 00:00:00-04:00,22.950000762939453,23.850000381469727,22.5,23.700000762939453,29380,0.0,0.0
2021-08-10 00:00:00-04:00,23.700000762939453,24.0,22.799999237060547,22.875,30327,0.0,0.0
2021-08-11 00:00:00-04:00,22.799999237060547,23.100000381469727,22.200000762939453,22.350000381469727,24747,0.0,0.0
2021-08-12 00:00:00-04:00,22.200000762939453,22.3799991607666,21.299999237060547,21.899999618530273,25233,0.0,0.0
2021-08-13 00:00:00-04:00,21.75,22.5,21.375,22.049999237060547,21553,0.0,0.0
2021-08-16 00:00:00-04:00,22.049999237060547,22.200000762939453,21.0,21.0,16793,0.0,0.0
2021-08-17 00:00:00-04:00,21.149999618530273,21.299999237060547,20.25,20.700000762939453,52007,0.0,0.0
2021-08-18 00:00:00-04:00,20.475000381469727,21.450000762939453,20.25,21.450000762939453,15593,0.0,0.0
2021-08-19 00:00:00-04:00,21.0,21.4950008392334,20.399999618530273,21.299999237060547,13367,0.0,0.0
2021-08-20 00:00:00-04:00,20.850000381469727,21.299999237060547,20.700000762939453,20.700000762939453,9527,0.0,0.0
2021-08-23 00:00:00-04:00,21.0,22.049999237060547,20.399999618530273,21.899999618530273,22500,0.0,0.0
2021-08-24 00:00:00-04:00,21.600000381469727,22.950000762939453,21.600000381469727,22.649999618530273,17007,0.0,0.0
2021-08-25 00:00:00-04:00,22.5,23.25,21.600000381469727,22.950000762939453,33853,0.0,0.0
2021-08-26 00:00:00-04:00,22.350000381469727,22.799999237060547,22.049999237060547,22.200000762939453,13180,0.0,0.0
2021-08-27 00:00:00-04:00,22.5,23.25,21.450000762939453,21.899999618530273,141187,0.0,0.0
2021-08-30 00:00:00-04:00,21.450000762939453,21.899999618530273,21.0,21.450000762939453,26067,0.0,0.0
2021-08-31 00:00:00-04:00,21.899999618530273,23.100000381469727,21.450000762939453,22.950000762939453,48387,0.0,0.0
2021-09-01 00:00:00-04:00,23.100000381469727,23.100000381469727,22.200000762939453,22.649999618530273,14940,0.0,0.0
2021-09-02 00:00:00-04:00,22.649999618530273,23.700000762939453,22.350000381469727,22.5,42713,0.0,0.0
2021-09-03 00:00:00-04:00,22.350000381469727,22.649999618530273,21.899999618530273,22.049999237060547,10040,0.0,0.0
2021-09-07 00:00:00-04:00,22.200000762939453,22.5,21.75,22.350000381469727,13380,0.0,0.0
2021-09-08 00:00:00-04:00,22.049999237060547,22.200000762939453,21.299999237060547,21.899999618530273,8700,0.0,0.0
2021-09-09 00:00:00-04:00,22.350000381469727,22.350000381469727,21.75,22.350000381469727,19413,0.0,0.0
2021-09-10 00:00:00-04:00,22.350000381469727,22.5,21.299999237060547,21.600000381469727,12913,0.0,0.0
2021-09-13 00:00:00-04:00,21.450000762939453,22.200000762939453,21.149999618530273,21.600000381469727,15613,0.0,0.0
2021-09-14 00:00:00-04:00,21.899999618530273,21.899999618530273,20.850000381469727,21.0,9087,0.0,0.0
2021-09-15 00:00:00-04:00,21.299999237060547,22.649999618530273,20.700000762939453,21.0,52947,0.0,0.0
2021-09-16 00:00:00-04:00,20.850000381469727,21.75,20.850000381469727,21.75,7667,0.0,0.0
2021-09-17 00:00:00-04:00,21.450000762939453,22.200000762939453,21.299999237060547,22.200000762939453,11547,0.0,0.0
2021-09-20 00:00:00-04:00,23.3700008392334,24.299999237060547,22.049999237060547,23.850000381469727,112167,0.0,0.0
2021-09-21 00:00:00-04:00,24.450000762939453,25.350000381469727,24.0,24.75,76653,0.0,0.0
2021-09-22 00:00:00-04:00,24.450000762939453,24.75,23.399999618530273,24.0,35767,0.0,0.0
2021-09-23 00:00:00-04:00,24.149999618530273,24.75,23.549999237060547,24.299999237060547,12213,0.0,0.0
2021-09-24 00:00:00-04:00,23.700000762939453,24.0,23.100000381469727,23.25,11913,0.0,0.0
2021-09-27 00:00:00-04:00,23.25,23.700000762939453,22.5,23.700000762939453,15900,0.0,0.0
2021-09-28 00:00:00-04:00,24.149999618530273,25.350000381469727,22.649999618530273,23.700000762939453,151727,0.0,0.0
2021-09-29 00:00:00-04:00,24.0,24.0,22.049999237060547,22.350000381469727,33373,0.0,0.0
2021-09-30 00:00:00-04:00,22.5,24.299999237060547,21.899999618530273,23.700000762939453,51240,0.0,0.0
2021-10-01 00:00:00-04:00,22.950000762939453,23.3700008392334,22.575000762939453,22.649999618530273,12833,0.0,0.0
2021-10-04 00:00:00-04:00,22.200000762939453,22.5,21.899999618530273,22.200000762939453,13887,0.0,0.0
2021-10-05 00:00:00-04:00,22.049999237060547,22.950000762939453,21.450000762939453,22.049999237060547,15247,0.0,0.0
2021-10-06 00:00:00-04:00,21.75,21.975000381469727,21.299999237060547,21.600000381469727,12000,0.0,0.0
2021-10-07 00:00:00-04:00,21.450000762939453,22.5,21.299999237060547,21.899999618530273,18013,0.0,0.0
2021-10-08 00:00:00-04:00,21.600000381469727,22.049999237060547,21.149999618530273,21.450000762939453,10747,0.0,0.0
2021-10-11 00:00:00-04:00,21.299999237060547,21.600000381469727,21.0,21.149999618530273,10813,0.0,0.0
2021-10-12 00:00:00-04:00,21.149999618530273,21.899999618530273,21.149999618530273,21.899999618530273,6887,0.0,0.0
2021-10-13 00:00:00-04:00,22.049999237060547,22.424999237060547,21.0,21.149999618530273,23560,0.0,0.0
2021-10-14 00:00:00-04:00,21.450000762939453,21.825000762939453,21.299999237060547,21.75,10933,0.0,0.0
2021-10-15 00:00:00-04:00,21.600000381469727,21.75,21.450000762939453,21.75,3253,0.0,0.0
2021-10-18 00:00:00-04:00,21.600000381469727,22.424999237060547,21.600000381469727,22.049999237060547,16520,0.0,0.0
2021-10-19 00:00:00-04:00,22.200000762939453,22.350000381469727,21.75,22.200000762939453,9513,0.0,0.0
2021-10-20 00:00:00-04:00,21.600000381469727,22.950000762939453,21.600000381469727,22.950000762939453,22793,0.0,0.0
2021-10-21 00:00:00-04:00,22.799999237060547,23.024999618530273,22.200000762939453,22.649999618530273,6460,0.0,0.0
2021-10-22 00:00:00-04:00,22.200000762939453,23.100000381469727,21.600000381469727,21.600000381469727,15467,0.0,0.0
2021-10-25 00:00:00-04:00,21.600000381469727,23.100000381469727,21.315000534057617,22.649999618530273,56393,0.0,0.0
2021-10-26 00:00:00-04:00,22.5,22.799999237060547,21.899999618530273,22.350000381469727,19473,0.0,0.0
2021-10-27 00:00:00-04:00,21.899999618530273,22.30500030517578,21.600000381469727,21.674999237060547,10807,0.0,0.0
2021-10-28 00:00:00-04:00,24.389999389648438,26.700000762939453,22.049999237060547,23.399999618530273,1306040,0.0,0.0
2021-10-29 00:00:00-04:00,22.350000381469727,22.950000762939453,21.75,22.350000381469727,67947,0.0,0.0
2021-11-01 00:00:00-04:00,22.950000762939453,22.950000762939453,21.735000610351562,22.649999618530273,62033,0.0,0.0
2021-11-02 00:00:00-04:00,22.200000762939453,22.5,21.899999618530273,22.200000762939453,17240,0.0,0.0
2021-11-03 00:00:00-04:00,22.110000610351562,22.950000762939453,21.899999618530273,22.5,21787,0.0,0.0
2021-11-04 00:00:00-04:00,22.5,22.799999237060547,22.049999237060547,22.649999618530273,12840,0.0,0.0
2021-11-05 00:00:00-04:00,22.950000762939453,22.950000762939453,21.299999237060547,22.200000762939453,43153,0.0,0.0
2021-11-08 00:00:00-05:00,21.899999618530273,24.0,21.75,23.100000381469727,118060,0.0,0.0
2021-11-09 00:00:00-05:00,23.399999618530273,23.850000381469727,22.350000381469727,23.399999618530273,79107,0.0,0.0
2021-11-10 00:00:00-05:00,22.649999618530273,22.920000076293945,22.200000762939453,22.350000381469727,19167,0.0,0.0
2021-11-11 00:00:00-05:00,22.200000762939453,22.649999618530273,22.049999237060547,22.200000762939453,17227,0.0,0.0
2021-11-12 00:00:00-05:00,21.899999618530273,22.200000762939453,21.450000762939453,21.600000381469727,20227,0.0,0.0
2021-11-15 00:00:00-05:00,21.899999618530273,22.200000762939453,21.600000381469727,22.049999237060547,22780,0.0,0.0
2021-11-16 00:00:00-05:00,21.600000381469727,21.75,21.149999618530273,21.299999237060547,17767,0.0,0.0
2021-11-17 00:00:00-05:00,21.149999618530273,21.450000762939453,20.850000381469727,21.0,18593,0.0,0.0
2021-11-18 00:00:00-05:00,21.0,21.0,19.799999237060547,19.950000762939453,28480,0.0,0.0
2021-11-19 00:00:00-05:00,19.950000762939453,19.950000762939453,18.825000762939453,19.5,21793,0.0,0.0
2021-11-22 00:00:00-05:00,19.200000762939453,19.200000762939453,17.549999237060547,18.299999237060547,28287,0.0,0.0
2021-11-23 00:00:00-05:00,18.450000762939453,18.450000762939453,17.700000762939453,18.0,13740,0.0,0.0
2021-11-24 00:00:00-05:00,18.0,19.350000381469727,17.549999237060547,19.350000381469727,16533,0.0,0.0
2021-11-26 00:00:00-05:00,18.600000381469727,18.75,18.149999618530273,18.299999237060547,7387,0.0,0.0
2021-11-29 00:00:00-05:00,18.899999618530273,18.899999618530273,17.549999237060547,18.0,19320,0.0,0.0
2021-11-30 00:00:00-05:00,18.0,18.329999923706055,17.100000381469727,17.399999618530273,12580,0.0,0.0
2021-12-01 00:00:00-05:00,18.299999237060547,18.299999237060547,17.100000381469727,17.549999237060547,19567,0.0,0.0
2021-12-02 00:00:00-05:00,17.100000381469727,17.700000762939453,16.649999618530273,16.950000762939453,10147,0.0,0.0
2021-12-03 00:00:00-05:00,16.799999237060547,17.100000381469727,16.200000762939453,16.350000381469727,14307,0.0,0.0
2021-12-06 00:00:00-05:00,16.200000762939453,16.350000381469727,15.75,16.200000762939453,13700,0.0,0.0
2021-12-07 00:00:00-05:00,16.200000762939453,17.25,16.200000762939453,17.100000381469727,9027,0.0,0.0
2021-12-08 00:00:00-05:00,18.0,18.0,17.399999618530273,18.0,11547,0.0,0.0
2021-12-09 00:00:00-05:00,18.299999237060547,18.299999237060547,16.950000762939453,17.399999618530273,8693,0.0,0.0
2021-12-10 00:00:00-05:00,17.549999237060547,17.549999237060547,15.75,16.5,5413,0.0,0.0
2021-12-13 00:00:00-05:00,15.449999809265137,16.049999237060547,15.149999618530273,15.600000381469727,21987,0.0,0.0
2021-12-14 00:00:00-05:00,15.300000190734863,16.049999237060547,15.300000190734863,15.899999618530273,15800,0.0,0.0
2021-12-15 00:00:00-05:00,15.600000381469727,15.600000381469727,14.699999809265137,15.300000190734863,18833,0.0,0.0
2021-12-16 00:00:00-05:00,15.600000381469727,16.334999084472656,15.149999618530273,15.75,22567,0.0,0.0
2021-12-17 00:00:00-05:00,15.600000381469727,15.899999618530273,15.0,15.75,12653,0.0,0.0
2021-12-20 00:00:00-05:00,14.850000381469727,15.75,14.850000381469727,15.449999809265137,17640,0.0,0.0
2021-12-21 00:00:00-05:00,15.449999809265137,15.675000190734863,15.300000190734863,15.449999809265137,10560,0.0,0.0
2021-12-22 00:00:00-05:00,15.149999618530273,16.049999237060547,14.850000381469727,15.600000381469727,31640,0.0,0.0
2021-12-23 00:00:00-05:00,16.5,16.649999618530273,15.149999618530273,15.600000381469727,79300,0.0,0.0
2021-12-27 00:00:00-05:00,15.300000190734863,15.449999809265137,15.149999618530273,15.300000190734863,23780,0.0,0.0
2021-12-28 00:00:00-05:00,15.0,15.300000190734863,14.699999809265137,15.149999618530273,36747,0.0,0.0
2021-12-29 00:00:00-05:00,15.149999618530273,15.300000190734863,14.850000381469727,14.925000190734863,30387,0.0,0.0
2021-12-30 00:00:00-05:00,14.850000381469727,15.300000190734863,14.850000381469727,15.300000190734863,24753,0.0,0.0
2021-12-31 00:00:00-05:00,15.0,15.300000190734863,14.850000381469727,15.0,12407,0.0,0.0
2022-01-03 00:00:00-05:00,15.0,16.5,15.0,16.350000381469727,18140,0.0,0.0
2022-01-04 00:00:00-05:00,16.350000381469727,16.920000076293945,16.200000762939453,16.649999618530273,8893,0.0,0.0
2022-01-05 00:00:00-05:00,16.5,17.399999618530273,15.824999809265137,15.899999618530273,25293,0.0,0.0
2022-01-06 00:00:00-05:00,16.049999237060547,16.5,15.329999923706055,16.350000381469727,12400,0.0,0.0
2022-01-07 00:00:00-05:00,16.5,17.684999465942383,16.049999237060547,16.799999237060547,14447,0.0,0.0
2022-01-10 00:00:00-05:00,16.950000762939453,17.100000381469727,15.75,16.5,17847,0.0,0.0
2022-01-11 00:00:00-05:00,16.200000762939453,16.5,16.049999237060547,16.350000381469727,8887,0.0,0.0
2022-01-12 00:00:00-05:00,16.200000762939453,16.799999237060547,16.049999237060547,16.200000762939453,2493,0.0,0.0
2022-01-13 00:00:00-05:00,16.200000762939453,16.5,16.049999237060547,16.155000686645508,3707,0.0,0.0
2022-01-14 00:00:00-05:00,15.899999618530273,16.049999237060547,15.149999618530273,15.600000381469727,7720,0.0,0.0
2022-01-18 00:00:00-05:00,15.300000190734863,15.375,14.25,14.550000190734863,12707,0.0,0.0
2022-01-19 00:00:00-05:00,14.550000190734863,15.75,14.25,15.0,15007,0.0,0.0
2022-01-20 00:00:00-05:00,15.149999618530273,15.75,14.895000457763672,14.895000457763672,10887,0.0,0.0
2022-01-21 00:00:00-05:00,15.0,15.524999618530273,13.800000190734863,14.850000381469727,13300,0.0,0.0
2022-01-24 00:00:00-05:00,13.800000190734863,14.550000190734863,13.4399995803833,14.265000343322754,16727,0.0,0.0
2022-01-25 00:00:00-05:00,14.414999961853027,14.71500015258789,13.529999732971191,14.699999809265137,4993,0.0,0.0
2022-01-26 00:00:00-05:00,14.399999618530273,14.744999885559082,14.100000381469727,14.265000343322754,6680,0.0,0.0
2022-01-27 00:00:00-05:00,14.130000114440918,14.25,12.75,13.199999809265137,12367,0.0,0.0
2022-01-28 00:00:00-05:00,13.125,13.949999809265137,12.765000343322754,13.5,7160,0.0,0.0
2022-01-31 00:00:00-05:00,14.520000457763672,15.824999809265137,13.5,15.449999809265137,24327,0.0,0.0
2022-02-01 00:00:00-05:00,15.600000381469727,16.649999618530273,15.149999618530273,16.200000762939453,12900,0.0,0.0
2022-02-02 00:00:00-05:00,16.200000762939453,16.5,15.449999809265137,15.75,7667,0.0,0.0
2022-02-03 00:00:00-05:00,15.600000381469727,16.799999237060547,15.300000190734863,16.5,11920,0.0,0.0
2022-02-04 00:00:00-05:00,17.549999237060547,18.299999237060547,16.950000762939453,18.149999618530273,21940,0.0,0.0
2022-02-07 00:00:00-05:00,19.049999237060547,19.5,18.450000762939453,19.049999237060547,15220,0.0,0.0
2022-02-08 00:00:00-05:00,19.049999237060547,19.200000762939453,18.450000762939453,18.75,4873,0.0,0.0
2022-02-09 00:00:00-05:00,18.600000381469727,19.5,18.600000381469727,18.899999618530273,8120,0.0,0.0
2022-02-10 00:00:00-05:00,19.049999237060547,19.200000762939453,18.149999618530273,18.600000381469727,6940,0.0,0.0
2022-02-11 00:00:00-05:00,18.299999237060547,18.75,17.25,17.700000762939453,5333,0.0,0.0
2022-02-14 00:00:00-05:00,17.399999618530273,17.700000762939453,16.799999237060547,17.399999618530273,5867,0.0,0.0
2022-02-15 00:00:00-05:00,17.700000762939453,18.420000076293945,17.25,17.549999237060547,2880,0.0,0.0
2022-02-16 00:00:00-05:00,17.25,18.600000381469727,16.950000762939453,18.0,10360,0.0,0.0
2022-02-17 00:00:00-05:00,18.149999618530273,18.149999618530273,17.399999618530273,17.850000381469727,4760,0.0,0.0
2022-02-18 00:00:00-05:00,17.399999618530273,17.850000381469727,17.024999618530273,17.100000381469727,2440,0.0,0.0
2022-02-22 00:00:00-05:00,16.950000762939453,17.549999237060547,16.049999237060547,16.5,6707,0.0,0.0
2022-02-23 00:00:00-05:00,16.649999618530273,17.25,15.449999809265137,15.614999771118164,8693,0.0,0.0
2022-02-24 00:00:00-05:00,13.635000228881836,16.350000381469727,12.795000076293945,16.200000762939453,12420,0.0,0.0
2022-02-25 00:00:00-05:00,15.675000190734863,16.454999923706055,15.675000190734863,15.899999618530273,2013,0.0,0.0
2022-02-28 00:00:00-05:00,15.899999618530273,16.5,15.449999809265137,16.0049991607666,2993,0.0,0.0
2022-03-01 00:00:00-05:00,15.75,16.950000762939453,14.850000381469727,16.049999237060547,3747,0.0,0.0
2022-03-02 00:00:00-05:00,16.649999618530273,16.649999618530273,15.0,15.704999923706055,4073,0.0,0.0
2022-03-03 00:00:00-05:00,16.200000762939453,16.200000762939453,15.149999618530273,15.300000190734863,3880,0.0,0.0
2022-03-04 00:00:00-05:00,15.149999618530273,15.300000190734863,14.699999809265137,15.149999618530273,6940,0.0,0.0
2022-03-07 00:00:00-05:00,15.149999618530273,15.149999618530273,13.949999809265137,14.850000381469727,8933,0.0,0.0
2022-03-08 00:00:00-05:00,14.25,15.149999618530273,14.024999618530273,14.100000381469727,22593,0.0,0.0
2022-03-09 00:00:00-05:00,14.699999809265137,15.899999618530273,14.579999923706055,15.149999618530273,15280,0.0,0.0
2022-03-10 00:00:00-05:00,14.399999618530273,15.600000381469727,14.25,14.9399995803833,1473,0.0,0.0
2022-03-11 00:00:00-05:00,14.399999618530273,17.700000762939453,14.399999618530273,16.950000762939453,34027,0.0,0.0
2022-03-14 00:00:00-04:00,17.700000762939453,17.700000762939453,14.399999618530273,15.449999809265137,12147,0.0,0.0
2022-03-15 00:00:00-04:00,15.449999809265137,16.350000381469727,15.449999809265137,15.75,4087,0.0,0.0
2022-03-16 00:00:00-04:00,16.5,17.700000762939453,16.049999237060547,16.350000381469727,19547,0.0,0.0
2022-03-17 00:00:00-04:00,17.100000381469727,17.100000381469727,15.449999809265137,16.799999237060547,8780,0.0,0.0
2022-03-18 00:00:00-04:00,16.799999237060547,17.399999618530273,16.649999618530273,17.100000381469727,5420,0.0,0.0
2022-03-21 00:00:00-04:00,17.100000381469727,17.25,16.200000762939453,16.424999237060547,3513,0.0,0.0
2022-03-22 00:00:00-04:00,16.649999618530273,17.700000762939453,16.424999237060547,17.25,14607,0.0,0.0
2022-03-23 00:00:00-04:00,16.200000762939453,17.700000762939453,16.200000762939453,17.399999618530273,4733,0.0,0.0
2022-03-24 00:00:00-04:00,17.700000762939453,18.0,17.25,17.700000762939453,3067,0.0,0.0
2022-03-25 00:00:00-04:00,16.950000762939453,17.850000381469727,16.950000762939453,17.475000381469727,2933,0.0,0.0
2022-03-28 00:00:00-04:00,18.0,18.0,17.25,17.399999618530273,2580,0.0,0.0
2022-03-29 00:00:00-04:00,17.100000381469727,17.850000381469727,16.950000762939453,17.25,2440,0.0,0.0
2022-03-30 00:00:00-04:00,17.850000381469727,17.850000381469727,16.5,16.799999237060547,5767,0.0,0.0
2022-03-31 00:00:00-04:00,16.799999237060547,17.399999618530273,16.049999237060547,16.350000381469727,9500,0.0,0.0
2022-04-01 00:00:00-04:00,16.649999618530273,16.649999618530273,15.479999542236328,15.75,4947,0.0,0.0
2022-04-04 00:00:00-04:00,15.600000381469727,16.350000381469727,15.600000381469727,16.125,4053,0.0,0.0
2022-04-05 00:00:00-04:00,15.899999618530273,17.700000762939453,15.899999618530273,16.049999237060547,13167,0.0,0.0
2022-04-06 00:00:00-04:00,16.950000762939453,16.950000762939453,15.524999618530273,15.524999618530273,3840,0.0,0.0
2022-04-07 00:00:00-04:00,16.049999237060547,16.350000381469727,15.149999618530273,15.300000190734863,2200,0.0,0.0
2022-04-08 00:00:00-04:00,15.600000381469727,16.049999237060547,15.0,16.049999237060547,4127,0.0,0.0
2022-04-11 00:00:00-04:00,15.600000381469727,15.899999618530273,15.149999618530273,15.449999809265137,1807,0.0,0.0
2022-04-12 00:00:00-04:00,15.149999618530273,15.449999809265137,14.850000381469727,14.925000190734863,2787,0.0,0.0
2022-04-13 00:00:00-04:00,14.850000381469727,16.799999237060547,14.850000381469727,15.449999809265137,16727,0.0,0.0
2022-04-14 00:00:00-04:00,16.200000762939453,16.200000762939453,14.25,15.149999618530273,9433,0.0,0.0
2022-04-18 00:00:00-04:00,16.049999237060547,16.049999237060547,14.550000190734863,15.0,2807,0.0,0.0
2022-04-19 00:00:00-04:00,14.550000190734863,15.75,14.414999961853027,15.630000114440918,4547,0.0,0.0
2022-04-20 00:00:00-04:00,15.149999618530273,15.75,15.149999618530273,15.300000190734863,700,0.0,0.0
2022-04-21 00:00:00-04:00,15.600000381469727,15.600000381469727,14.699999809265137,15.149999618530273,2427,0.0,0.0
2022-04-22 00:00:00-04:00,14.850000381469727,15.149999618530273,14.550000190734863,14.699999809265137,2153,0.0,0.0
2022-04-25 00:00:00-04:00,14.399999618530273,14.850000381469727,14.399999618530273,14.699999809265137,2047,0.0,0.0
2022-04-26 00:00:00-04:00,14.25,14.984999656677246,13.949999809265137,13.949999809265137,3853,0.0,0.0
2022-04-27 00:00:00-04:00,14.850000381469727,17.549999237060547,13.680000305175781,16.170000076293945,16087,0.0,0.0
2022-04-28 00:00:00-04:00,16.5,16.5,15.0,15.75,4513,0.0,0.0
2022-04-29 00:00:00-04:00,15.75,15.899999618530273,15.300000190734863,15.600000381469727,2573,0.0,0.0
2022-05-02 00:00:00-04:00,15.300000190734863,17.850000381469727,14.25,15.600000381469727,100920,0.0,0.0
2022-05-03 00:00:00-04:00,15.149999618530273,15.4350004196167,14.699999809265137,15.0,16273,0.0,0.0
2022-05-04 00:00:00-04:00,15.0,15.600000381469727,14.399999618530273,14.850000381469727,6660,0.0,0.0
2022-05-05 00:00:00-04:00,15.600000381469727,15.600000381469727,14.399999618530273,14.670000076293945,4260,0.0,0.0
2022-05-06 00:00:00-04:00,14.625,14.984999656677246,13.949999809265137,14.130000114440918,4307,0.0,0.0
2022-05-09 00:00:00-04:00,13.949999809265137,13.979999542236328,13.5,13.5,11640,0.0,0.0
2022-05-10 00:00:00-04:00,14.970000267028809,14.984999656677246,12.345000267028809,13.199999809265137,14453,0.0,0.0
2022-05-11 00:00:00-04:00,12.899999618530273,13.199999809265137,12.420000076293945,12.600000381469727,6847,0.0,0.0
2022-05-12 00:00:00-04:00,12.300000190734863,13.050000190734863,12.045000076293945,12.65999984741211,4573,0.0,0.0
2022-05-13 00:00:00-04:00,12.3149995803833,13.350000381469727,12.3149995803833,13.020000457763672,4033,0.0,0.0
2022-05-16 00:00:00-04:00,12.75,12.899999618530273,12.149999618530273,12.194999694824219,6267,0.0,0.0
2022-05-17 00:00:00-04:00,12.194999694824219,12.75,12.0,12.449999809265137,4967,0.0,0.0
2022-05-18 00:00:00-04:00,12.449999809265137,12.75,12.225000381469727,12.375,2227,0.0,0.0
2022-05-19 00:00:00-04:00,12.449999809265137,13.199999809265137,12.149999618530273,12.720000267028809,6247,0.0,0.0
2022-05-20 00:00:00-04:00,12.899999618530273,12.899999618530273,12.239999771118164,12.824999809265137,1920,0.0,0.0
2022-05-23 00:00:00-04:00,12.75,13.050000190734863,12.75,12.75,2353,0.0,0.0
2022-05-24 00:00:00-04:00,12.899999618530273,12.899999618530273,12.0,12.149999618530273,3967,0.0,0.0
2022-05-25 00:00:00-04:00,12.0,12.300000190734863,11.954999923706055,12.300000190734863,3167,0.0,0.0
2022-05-26 00:00:00-04:00,12.164999961853027,12.75,12.149999618530273,12.645000457763672,4147,0.0,0.0
2022-05-27 00:00:00-04:00,12.300000190734863,13.005000114440918,12.300000190734863,12.75,16587,0.0,0.0
2022-05-31 00:00:00-04:00,12.6899995803833,12.8100004196167,12.300000190734863,12.449999809265137,9093,0.0,0.0
2022-06-01 00:00:00-04:00,12.449999809265137,12.734999656677246,12.0,12.149999618530273,5160,0.0,0.0
2022-06-02 00:00:00-04:00,12.210000038146973,12.300000190734863,11.71500015258789,12.300000190734863,2467,0.0,0.0
2022-06-03 00:00:00-04:00,12.225000381469727,12.300000190734863,12.164999961853027,12.164999961853027,707,0.0,0.0
2022-06-06 00:00:00-04:00,12.225000381469727,12.795000076293945,12.149999618530273,12.720000267028809,23507,0.0,0.0
2022-06-07 00:00:00-04:00,12.75,12.975000381469727,12.300000190734863,12.600000381469727,19280,0.0,0.0
2022-06-08 00:00:00-04:00,12.149999618530273,12.75,12.135000228881836,12.449999809265137,14573,0.0,0.0
2022-06-09 00:00:00-04:00,12.329999923706055,13.050000190734863,12.135000228881836,12.600000381469727,7727,0.0,0.0
2022-06-10 00:00:00-04:00,12.375,12.75,11.850000381469727,12.194999694824219,15180,0.0,0.0
2022-06-13 00:00:00-04:00,11.25,11.850000381469727,10.350000381469727,10.800000190734863,23133,0.0,0.0
2022-06-14 00:00:00-04:00,10.350000381469727,10.5,10.199999809265137,10.350000381469727,6587,0.0,0.0
2022-06-15 00:00:00-04:00,10.425000190734863,10.78499984741211,10.199999809265137,10.78499984741211,9773,0.0,0.0
2022-06-16 00:00:00-04:00,10.364999771118164,10.425000190734863,10.050000190734863,10.274999618530273,4640,0.0,0.0
2022-06-17 00:00:00-04:00,10.274999618530273,11.069999694824219,10.199999809265137,11.069999694824219,8840,0.0,0.0
2022-06-21 00:00:00-04:00,11.024999618530273,11.550000190734863,10.649999618530273,10.680000305175781,11447,0.0,0.0
2022-06-22 00:00:00-04:00,10.5,10.78499984741211,10.21500015258789,10.425000190734863,10560,0.0,0.0
2022-06-23 00:00:00-04:00,10.604999542236328,10.619999885559082,10.050000190734863,10.425000190734863,3107,0.0,0.0
2022-06-24 00:00:00-04:00,10.5,11.100000381469727,10.5,10.800000190734863,13547,0.0,0.0
2022-06-27 00:00:00-04:00,10.574999809265137,10.649999618530273,10.21500015258789,10.319999694824219,1287,0.0,0.0
2022-06-28 00:00:00-04:00,10.78499984741211,10.8149995803833,9.300000190734863,10.199999809265137,30347,0.0,0.0
2022-06-29 00:00:00-04:00,10.140000343322754,10.140000343322754,9.449999809265137,9.899999618530273,10780,0.0,0.0
2022-06-30 00:00:00-04:00,9.824999809265137,9.899999618530273,9.329999923706055,9.675000190734863,5267,0.0,0.0
2022-07-01 00:00:00-04:00,9.675000190734863,10.350000381469727,9.46500015258789,9.869999885559082,10100,0.0,0.0
2022-07-05 00:00:00-04:00,9.3149995803833,9.779999732971191,9.119999885559082,9.329999923706055,9900,0.0,0.0
2022-07-06 00:00:00-04:00,9.149999618530273,9.600000381469727,8.880000114440918,8.925000190734863,40647,0.0,0.0
2022-07-07 00:00:00-04:00,9.0,9.449999809265137,8.819999694824219,8.984999656677246,20600,0.0,0.0
2022-07-08 00:00:00-04:00,9.524999618530273,9.524999618530273,9.0,9.074999809265137,5867,0.0,0.0
2022-07-11 00:00:00-04:00,9.0,10.199999809265137,9.0,9.390000343322754,6980,0.0,0.0
2022-07-12 00:00:00-04:00,9.329999923706055,9.46500015258789,9.0,9.329999923706055,4000,0.0,0.0
2022-07-13 00:00:00-04:00,9.0,9.300000190734863,8.850000381469727,9.074999809265137,5020,0.0,0.0
2022-07-14 00:00:00-04:00,8.9399995803833,8.9399995803833,8.324999809265137,8.625,10900,0.0,0.0
2022-07-15 00:00:00-04:00,9.0,9.0,8.324999809265137,8.550000190734863,3353,0.0,0.0
2022-07-18 00:00:00-04:00,9.0,9.135000228881836,8.550000190734863,9.0,3620,0.0,0.0
2022-07-19 00:00:00-04:00,9.239999771118164,9.46500015258789,9.074999809265137,9.28499984741211,9360,0.0,0.0
2022-07-20 00:00:00-04:00,9.75,9.75,9.3149995803833,9.524999618530273,8793,0.0,0.0
2022-07-21 00:00:00-04:00,9.404999732971191,9.675000190734863,8.90999984741211,9.300000190734863,2813,0.0,0.0
2022-07-22 00:00:00-04:00,9.300000190734863,9.300000190734863,8.850000381469727,9.239999771118164,1793,0.0,0.0
2022-07-25 00:00:00-04:00,8.699999809265137,9.404999732971191,8.625,8.699999809265137,4287,0.0,0.0
2022-07-26 00:00:00-04:00,8.6850004196167,8.9399995803833,8.550000190734863,8.699999809265137,1907,0.0,0.0
2022-07-27 00:00:00-04:00,8.505000114440918,9.0,8.505000114440918,8.699999809265137,2540,0.0,0.0
2022-07-28 00:00:00-04:00,8.399999618530273,9.420000076293945,8.399999618530273,8.5649995803833,6787,0.0,0.0
2022-07-29 00:00:00-04:00,9.28499984741211,9.28499984741211,8.550000190734863,8.595000267028809,1520,0.0,0.0
2022-08-01 00:00:00-04:00,8.6850004196167,9.0,8.5649995803833,8.5649995803833,4853,0.0,0.0
2022-08-02 00:00:00-04:00,8.699999809265137,9.225000381469727,8.699999809265137,8.880000114440918,3860,0.0,0.0
2022-08-03 00:00:00-04:00,9.239999771118164,9.239999771118164,8.850000381469727,9.149999618530273,3027,0.0,0.0
2022-08-04 00:00:00-04:00,9.300000190734863,9.300000190734863,9.0,9.300000190734863,5293,0.0,0.0
2022-08-05 00:00:00-04:00,9.074999809265137,9.149999618530273,8.699999809265137,9.0,2953,0.0,0.0
2022-08-08 00:00:00-04:00,9.75,9.75,9.0,9.210000038146973,2193,0.0,0.0
2022-08-09 00:00:00-04:00,9.104999542236328,9.210000038146973,8.850000381469727,9.180000305175781,2707,0.0,0.0
2022-08-10 00:00:00-04:00,9.899999618530273,9.899999618530273,9.0,9.239999771118164,3420,0.0,0.0
2022-08-11 00:00:00-04:00,9.75,9.824999809265137,9.329999923706055,9.375,2573,0.0,0.0
2022-08-12 00:00:00-04:00,9.449999809265137,10.050000190734863,9.449999809265137,9.779999732971191,3167,0.0,0.0
2022-08-15 00:00:00-04:00,9.600000381469727,9.899999618530273,9.300000190734863,9.614999771118164,4240,0.0,0.0
2022-08-16 00:00:00-04:00,9.765000343322754,9.914999961853027,9.255000114440918,9.524999618530273,3033,0.0,0.0
2022-08-17 00:00:00-04:00,9.869999885559082,9.869999885559082,9.300000190734863,9.3149995803833,1153,0.0,0.0
2022-08-18 00:00:00-04:00,9.449999809265137,10.800000190734863,9.449999809265137,10.800000190734863,29573,0.0,0.0
2022-08-19 00:00:00-04:00,10.5,10.5,9.899999618530273,10.050000190734863,6800,0.0,0.0
2022-08-22 00:00:00-04:00,9.899999618530273,10.350000381469727,9.8100004196167,9.899999618530273,2647,0.0,0.0
2022-08-23 00:00:00-04:00,9.899999618530273,10.199999809265137,9.75,9.960000038146973,2040,0.0,0.0
2022-08-24 00:00:00-04:00,9.75,9.960000038146973,9.614999771118164,9.630000114440918,1173,0.0,0.0
2022-08-25 00:00:00-04:00,9.899999618530273,9.899999618530273,9.600000381469727,9.75,667,0.0,0.0
2022-08-26 00:00:00-04:00,10.050000190734863,10.649999618530273,9.149999618530273,9.300000190734863,14667,0.0,0.0
2022-08-29 00:00:00-04:00,9.0,9.449999809265137,8.399999618530273,9.329999923706055,6767,0.0,0.0
2022-08-30 00:00:00-04:00,10.649999618530273,10.649999618530273,9.0,9.75,35513,0.0,0.0
2022-08-31 00:00:00-04:00,8.850000381469727,9.600000381469727,8.850000381469727,9.225000381469727,5220,0.0,0.0
2022-09-01 00:00:00-04:00,8.895000457763672,9.449999809265137,8.850000381469727,9.149999618530273,1320,0.0,0.0
2022-09-02 00:00:00-04:00,8.699999809265137,9.449999809265137,8.699999809265137,8.984999656677246,3947,0.0,0.0
2022-09-06 00:00:00-04:00,8.71500015258789,9.375,8.699999809265137,9.0,3493,0.0,0.0
2022-09-07 00:00:00-04:00,9.0,9.0,8.71500015258789,8.864999771118164,2467,0.0,0.0
2022-09-08 00:00:00-04:00,9.0,9.449999809265137,9.0,9.449999809265137,4040,0.0,0.0
2022-09-09 00:00:00-04:00,9.300000190734863,9.600000381469727,9.300000190734863,9.46500015258789,633,0.0,0.0
2022-09-12 00:00:00-04:00,9.375,9.704999923706055,9.375,9.704999923706055,3180,0.0,0.0
2022-09-13 00:00:00-04:00,9.524999618530273,9.75,9.524999618530273,9.65999984741211,1727,0.0,0.0
2022-09-14 00:00:00-04:00,9.359999656677246,9.675000190734863,9.359999656677246,9.46500015258789,1067,0.0,0.0
2022-09-15 00:00:00-04:00,9.3149995803833,9.345000267028809,9.149999618530273,9.194999694824219,1880,0.0,0.0
2022-09-16 00:00:00-04:00,9.149999618530273,9.65999984741211,9.0,9.300000190734863,1947,0.0,0.0
2022-09-19 00:00:00-04:00,8.850000381469727,9.300000190734863,8.744999885559082,9.119999885559082,1707,0.0,0.0
2022-09-20 00:00:00-04:00,9.149999618530273,9.149999618530273,8.550000190734863,8.699999809265137,3907,0.0,0.0
2022-09-21 00:00:00-04:00,8.699999809265137,8.699999809265137,8.399999618530273,8.475000381469727,2553,0.0,0.0
2022-09-22 00:00:00-04:00,8.399999618530273,8.475000381469727,7.5,8.085000038146973,8753,0.0,0.0
2022-09-23 00:00:00-04:00,9.449999809265137,11.234999656677246,7.650000095367432,8.25,210413,0.0,0.0
2022-09-26 00:00:00-04:00,8.204999923706055,8.25,7.53000020980835,8.039999961853027,31920,0.0,0.0
2022-09-27 00:00:00-04:00,8.069999694824219,8.069999694824219,6.420000076293945,7.650000095367432,34700,0.0,0.0
2022-09-28 00:00:00-04:00,7.349999904632568,9.0,7.349999904632568,8.399999618530273,29373,0.0,0.0
2022-09-29 00:00:00-04:00,8.699999809265137,8.925000190734863,7.949999809265137,8.819999694824219,19567,0.0,0.0
2022-09-30 00:00:00-04:00,9.180000305175781,9.329999923706055,7.650000095367432,8.25,25127,0.0,0.0
2022-10-03 00:00:00-04:00,7.949999809265137,8.069999694824219,7.664999961853027,7.679999828338623,6833,0.0,0.0
2022-10-04 00:00:00-04:00,7.920000076293945,8.234999656677246,7.275000095367432,7.605000019073486,17953,0.0,0.0
2022-10-05 00:00:00-04:00,7.320000171661377,7.605000019073486,7.275000095367432,7.349999904632568,4113,0.0,0.0
2022-10-06 00:00:00-04:00,7.425000190734863,7.440000057220459,7.199999809265137,7.320000171661377,2967,0.0,0.0
2022-10-07 00:00:00-04:00,7.199999809265137,7.5,7.050000190734863,7.349999904632568,5173,0.0,0.0
2022-10-10 00:00:00-04:00,7.199999809265137,7.559999942779541,6.974999904632568,6.974999904632568,4007,0.0,0.0
2022-10-11 00:00:00-04:00,7.005000114440918,7.170000076293945,6.449999809265137,6.900000095367432,3173,0.0,0.0
2022-10-12 00:00:00-04:00,6.75,7.349999904632568,6.75,6.900000095367432,5733,0.0,0.0
2022-10-13 00:00:00-04:00,6.974999904632568,7.050000190734863,6.449999809265137,7.019999980926514,3300,0.0,0.0
2022-10-14 00:00:00-04:00,6.764999866485596,7.335000038146973,6.764999866485596,7.050000190734863,2540,0.0,0.0
2022-10-17 00:00:00-04:00,7.199999809265137,7.349999904632568,6.914999961853027,6.914999961853027,3007,0.0,0.0
2022-10-18 00:00:00-04:00,6.989999771118164,7.050000190734863,6.764999866485596,7.034999847412109,3733,0.0,0.0
2022-10-19 00:00:00-04:00,6.824999809265137,7.349999904632568,6.824999809265137,7.065000057220459,2887,0.0,0.0
2022-10-20 00:00:00-04:00,7.050000190734863,7.199999809265137,6.914999961853027,6.914999961853027,1487,0.0,0.0
2022-10-21 00:00:00-04:00,7.5,7.5,6.914999961853027,6.929999828338623,2707,0.0,0.0
2022-10-24 00:00:00-04:00,7.005000114440918,7.005000114440918,6.0,6.78000020980835,7380,0.0,0.0
2022-10-25 00:00:00-04:00,6.824999809265137,7.454999923706055,6.465000152587891,7.454999923706055,2813,0.0,0.0
2022-10-26 00:00:00-04:00,6.630000114440918,7.349999904632568,6.630000114440918,7.349999904632568,3480,0.0,0.0
2022-10-27 00:00:00-04:00,6.179999828338623,6.900000095367432,6.179999828338623,6.824999809265137,1833,0.0,0.0
2022-10-28 00:00:00-04:00,6.824999809265137,7.139999866485596,6.764999866485596,6.945000171661377,333,0.0,0.0
2022-10-31 00:00:00-04:00,6.945000171661377,7.335000038146973,6.900000095367432,6.974999904632568,1493,0.0,0.0
2022-11-01 00:00:00-04:00,6.764999866485596,6.764999866485596,6.300000190734863,6.300000190734863,10920,0.0,0.0
2022-11-02 00:00:00-04:00,6.164999961853027,6.40500020980835,6.014999866485596,6.300000190734863,13527,0.0,0.0
2022-11-03 00:00:00-04:00,6.014999866485596,6.449999809265137,5.699999809265137,6.300000190734863,13647,0.0,0.0
2022-11-04 00:00:00-04:00,6.284999847412109,6.284999847412109,5.849999904632568,6.150000095367432,5407,0.0,0.0
2022-11-07 00:00:00-05:00,5.864999771118164,6.150000095367432,5.715000152587891,5.849999904632568,10027,0.0,0.0
2022-11-08 00:00:00-05:00,6.465000152587891,7.335000038146973,5.699999809265137,5.760000228881836,7840,0.0,0.0
2022-11-09 00:00:00-05:00,5.744999885559082,5.880000114440918,5.715000152587891,5.760000228881836,3927,0.0,0.0
2022-11-10 00:00:00-05:00,5.760000228881836,6.150000095367432,5.715000152587891,5.864999771118164,4820,0.0,0.0
2022-11-11 00:00:00-05:00,6.0,6.150000095367432,5.730000019073486,5.744999885559082,15460,0.0,0.0
2022-11-14 00:00:00-05:00,4.550000190734863,6.75,4.53000020980835,6.039999961853027,284500,0.0,0.0
2022-11-15 00:00:00-05:00,6.699999809265137,7.940000057220459,6.288000106811523,7.079999923706055,306400,0.0,0.0
2022-11-16 00:00:00-05:00,7.659999847412109,8.800000190734863,7.199999809265137,7.659999847412109,466700,0.0,0.0
2022-11-17 00:00:00-05:00,8.300000190734863,8.300000190734863,6.800000190734863,7.03000020980835,116800,0.0,0.0
2022-11-18 00:00:00-05:00,7.409999847412109,7.639999866485596,6.849999904632568,7.111000061035156,57400,0.0,0.0
2022-11-21 00:00:00-05:00,7.190000057220459,7.570000171661377,6.800000190734863,7.199999809265137,39500,0.0,0.0
2022-11-22 00:00:00-05:00,7.130000114440918,7.429999828338623,7.130000114440918,7.25,24400,0.0,0.0
2022-11-23 00:00:00-05:00,7.170000076293945,7.400000095367432,6.949999809265137,7.25,34900,0.0,0.0
2022-11-25 00:00:00-05:00,7.119999885559082,7.230000019073486,7.014999866485596,7.110000133514404,9900,0.0,0.0
2022-11-28 00:00:00-05:00,7.019999980926514,7.5320000648498535,6.929999828338623,7.090000152587891,12600,0.0,0.0
2022-11-29 00:00:00-05:00,6.980000019073486,7.010000228881836,6.755000114440918,6.840000152587891,9100,0.0,0.0
2022-11-30 00:00:00-05:00,6.769999980926514,6.800000190734863,6.199999809265137,6.340000152587891,36300,0.0,0.0
2022-12-01 00:00:00-05:00,6.300000190734863,6.340000152587891,6.110000133514404,6.14900016784668,19300,0.0,0.0
2022-12-02 00:00:00-05:00,6.144000053405762,6.170000076293945,5.75,5.989999771118164,21900,0.0,0.0
2022-12-05 00:00:00-05:00,5.900000095367432,6.099999904632568,5.809999942779541,6.0,14100,0.0,0.0
2022-12-06 00:00:00-05:00,5.984000205993652,6.150000095367432,5.940000057220459,6.099999904632568,5700,0.0,0.0
2022-12-07 00:00:00-05:00,6.059999942779541,6.059999942779541,5.815999984741211,5.909999847412109,5300,0.0,0.0
2022-12-08 00:00:00-05:00,5.989999771118164,6.550000190734863,5.920000076293945,6.258999824523926,72700,0.0,0.0
2022-12-09 00:00:00-05:00,6.380000114440918,6.380000114440918,6.204999923706055,6.269999980926514,19800,0.0,0.0
2022-12-12 00:00:00-05:00,6.179999828338623,6.320000171661377,6.070000171661377,6.21999979019165,19500,0.0,0.0
2022-12-13 00:00:00-05:00,6.159999847412109,6.400000095367432,6.070000171661377,6.070000171661377,22600,0.0,0.0
2022-12-14 00:00:00-05:00,6.03000020980835,6.38700008392334,6.007999897003174,6.369999885559082,19700,0.0,0.0
2022-12-15 00:00:00-05:00,6.400000095367432,6.849999904632568,6.251999855041504,6.550000190734863,35700,0.0,0.0
2022-12-16 00:00:00-05:00,6.550000190734863,6.800000190734863,6.5,6.599999904632568,36300,0.0,0.0
2022-12-19 00:00:00-05:00,5.670000076293945,6.210000038146973,5.510000228881836,5.78000020980835,27000,0.0,0.0
2022-12-20 00:00:00-05:00,5.559000015258789,5.922999858856201,5.059999942779541,5.059999942779541,25400,0.0,0.0
2022-12-21 00:00:00-05:00,5.349999904632568,5.639999866485596,5.050000190734863,5.309999942779541,26600,0.0,0.0
2022-12-22 00:00:00-05:00,5.110000133514404,5.559999942779541,5.039999961853027,5.130000114440918,17100,0.0,0.0
2022-12-23 00:00:00-05:00,5.039999961853027,5.179999828338623,4.579999923706055,5.017000198364258,18300,0.0,0.0
2022-12-27 00:00:00-05:00,4.860000133514404,4.927000045776367,4.539999961853027,4.579999923706055,60400,0.0,0.0
2022-12-28 00:00:00-05:00,4.489999771118164,5.0,4.445000171661377,4.960000038146973,28400,0.0,0.0
2022-12-29 00:00:00-05:00,5.0,5.199999809265137,4.570000171661377,4.800000190734863,31400,0.0,0.0
2022-12-30 00:00:00-05:00,4.650000095367432,4.96999979019165,4.550000190734863,4.670000076293945,30800,0.0,0.0
2023-01-03 00:00:00-05:00,4.599999904632568,5.25,4.599999904632568,4.875,4900,0.0,0.0
2023-01-04 00:00:00-05:00,4.78000020980835,5.019999980926514,4.760000228881836,4.940000057220459,11500,0.0,0.0
2023-01-05 00:00:00-05:00,4.989999771118164,5.150000095367432,4.789999961853027,5.119999885559082,7100,0.0,0.0
2023-01-06 00:00:00-05:00,5.059999942779541,5.139999866485596,4.644000053405762,5.099999904632568,16300,0.0,0.0
2023-01-09 00:00:00-05:00,5.0,5.186999797821045,4.820000171661377,5.13100004196167,15000,0.0,0.0
2023-01-10 00:00:00-05:00,5.199999809265137,5.199999809265137,4.860000133514404,4.883999824523926,31400,0.0,0.0
2023-01-11 00:00:00-05:00,4.980000019073486,4.980000019073486,4.800000190734863,4.866000175476074,3600,0.0,0.0
2023-01-12 00:00:00-05:00,5.060999870300293,5.073999881744385,4.889999866485596,5.068999767303467,15800,0.0,0.0
2023-01-13 00:00:00-05:00,5.010000228881836,5.025000095367432,4.84499979019165,4.867000102996826,4600,0.0,0.0
2023-01-17 00:00:00-05:00,5.190000057220459,5.190000057220459,4.829999923706055,4.900000095367432,16900,0.0,0.0
2023-01-18 00:00:00-05:00,5.072000026702881,5.127999782562256,4.693999767303467,4.960000038146973,7800,0.0,0.0
2023-01-19 00:00:00-05:00,4.900000095367432,4.927000045776367,4.724999904632568,4.880000114440918,7100,0.0,0.0
2023-01-20 00:00:00-05:00,4.940000057220459,5.179999828338623,4.702000141143799,5.0,5300,0.0,0.0
2023-01-23 00:00:00-05:00,4.960000038146973,5.114999771118164,4.849999904632568,5.0,24100,0.0,0.0
2023-01-24 00:00:00-05:00,5.159999847412109,5.159999847412109,4.960000038146973,5.050000190734863,3300,0.0,0.0
2023-01-25 00:00:00-05:00,5.090000152587891,5.170000076293945,4.920000076293945,5.019999980926514,25800,0.0,0.0
2023-01-26 00:00:00-05:00,5.113999843597412,5.2230000495910645,4.940000057220459,5.2230000495910645,22000,0.0,0.0
2023-01-27 00:00:00-05:00,5.068999767303467,5.159999847412109,4.829999923706055,5.0320000648498535,9200,0.0,0.0
2023-01-30 00:00:00-05:00,5.0,5.191999912261963,4.84499979019165,4.860000133514404,56000,0.0,0.0
2023-01-31 00:00:00-05:00,4.872000217437744,4.980000019073486,4.699999809265137,4.699999809265137,17100,0.0,0.0
2023-02-01 00:00:00-05:00,4.699999809265137,4.889999866485596,4.599999904632568,4.670000076293945,16600,0.0,0.0
2023-02-02 00:00:00-05:00,4.809999942779541,5.119999885559082,4.809999942779541,5.0,26900,0.0,0.0
2023-02-03 00:00:00-05:00,4.949999809265137,5.190000057220459,4.920000076293945,4.949999809265137,8900,0.0,0.0
2023-02-06 00:00:00-05:00,4.802000045776367,5.122000217437744,4.579999923706055,4.801000118255615,6500,0.0,0.0
2023-02-07 00:00:00-05:00,4.989999771118164,4.989999771118164,4.619999885559082,4.860000133514404,30100,0.0,0.0
2023-02-08 00:00:00-05:00,4.992000102996826,5.013000011444092,4.710000038146973,4.820000171661377,5900,0.0,0.0
2023-02-09 00:00:00-05:00,5.0,5.203999996185303,4.829999923706055,4.8480000495910645,13600,0.0,0.0
2023-02-10 00:00:00-05:00,4.829999923706055,4.829999923706055,4.632999897003174,4.730000019073486,8900,0.0,0.0
2023-02-13 00:00:00-05:00,4.820000171661377,4.820000171661377,4.679999828338623,4.690000057220459,8500,0.0,0.0
2023-02-14 00:00:00-05:00,4.639999866485596,4.820000171661377,4.599999904632568,4.682000160217285,21100,0.0,0.0
2023-02-15 00:00:00-05:00,4.84499979019165,4.874000072479248,4.500999927520752,4.635000228881836,8700,0.0,0.0
2023-02-16 00:00:00-05:00,4.590000152587891,4.800000190734863,4.590000152587891,4.78000020980835,11000,0.0,0.0
2023-02-17 00:00:00-05:00,4.679999828338623,4.714000225067139,4.6529998779296875,4.699999809265137,4000,0.0,0.0
2023-02-21 00:00:00-05:00,4.809999942779541,4.809999942779541,4.570000171661377,4.78000020980835,6800,0.0,0.0
2023-02-22 00:00:00-05:00,4.980000019073486,4.980000019073486,4.650000095367432,4.6620001792907715,11200,0.0,0.0
2023-02-23 00:00:00-05:00,4.869999885559082,4.889999866485596,4.550000190734863,4.578999996185303,48800,0.0,0.0
2023-02-24 00:00:00-05:00,4.539999961853027,4.619999885559082,4.5,4.609000205993652,18700,0.0,0.0
2023-02-27 00:00:00-05:00,4.619999885559082,4.889999866485596,4.510000228881836,4.71999979019165,17200,0.0,0.0
2023-02-28 00:00:00-05:00,4.659999847412109,4.743000030517578,4.519999980926514,4.743000030517578,7600,0.0,0.0
2023-03-01 00:00:00-05:00,4.676000118255615,4.739999771118164,4.570000171661377,4.65500020980835,9700,0.0,0.0
2023-03-02 00:00:00-05:00,4.625999927520752,4.71999979019165,4.559999942779541,4.690000057220459,5800,0.0,0.0
2023-03-03 00:00:00-05:00,4.650000095367432,4.71999979019165,4.650000095367432,4.670000076293945,2700,0.0,0.0
2023-03-06 00:00:00-05:00,4.659999847412109,4.679999828338623,4.559999942779541,4.599999904632568,6100,0.0,0.0
2023-03-07 00:00:00-05:00,4.579999923706055,4.590000152587891,4.460000038146973,4.565999984741211,14500,0.0,0.0
2023-03-08 00:00:00-05:00,4.508999824523926,4.561999797821045,4.5,4.5,2200,0.0,0.0
2023-03-09 00:00:00-05:00,4.550000190734863,4.573999881744385,4.199999809265137,4.199999809265137,37400,0.0,0.0
2023-03-10 00:00:00-05:00,4.5,4.5,4.289999961853027,4.380000114440918,11500,0.0,0.0
2023-03-13 00:00:00-04:00,4.320000171661377,4.5,4.320000171661377,4.4079999923706055,5700,0.0,0.0
2023-03-14 00:00:00-04:00,4.559999942779541,4.559999942779541,4.340000152587891,4.340000152587891,1500,0.0,0.0
2023-03-15 00:00:00-04:00,4.539999961853027,4.539999961853027,4.4019999504089355,4.4019999504089355,800,0.0,0.0
2023-03-16 00:00:00-04:00,4.348999977111816,4.400000095367432,4.260000228881836,4.377999782562256,5500,0.0,0.0
2023-03-17 00:00:00-04:00,4.320000171661377,4.489999771118164,4.210000038146973,4.210000038146973,6100,0.0,0.0
2023-03-20 00:00:00-04:00,4.369999885559082,4.369999885559082,4.017000198364258,4.059999942779541,11600,0.0,0.0
2023-03-21 00:00:00-04:00,4.070000171661377,4.320000171661377,4.070000171661377,4.168000221252441,11000,0.0,0.0
2023-03-22 00:00:00-04:00,4.050000190734863,4.320000171661377,4.050000190734863,4.113999843597412,9500,0.0,0.0
2023-03-23 00:00:00-04:00,4.289999961853027,4.289999961853027,4.110000133514404,4.1479997634887695,1000,0.0,0.0
2023-03-24 00:00:00-04:00,4.110000133514404,4.150000095367432,4.110000133514404,4.150000095367432,2500,0.0,0.0
2023-03-27 00:00:00-04:00,4.150000095367432,4.260000228881836,4.130000114440918,4.150000095367432,9600,0.0,0.0
2023-03-28 00:00:00-04:00,4.199999809265137,4.269999980926514,4.150000095367432,4.228000164031982,2600,0.0,0.0
2023-03-29 00:00:00-04:00,4.320000171661377,4.320000171661377,4.1620001792907715,4.1620001792907715,1100,0.0,0.0
2023-03-30 00:00:00-04:00,4.159999847412109,4.4079999923706055,4.159999847412109,4.340000152587891,1300,0.0,0.0
2023-03-31 00:00:00-04:00,4.254000186920166,4.254000186920166,4.178999900817871,4.21999979019165,2300,0.0,0.0
2023-04-03 00:00:00-04:00,4.179999828338623,4.289999961853027,4.110000133514404,4.110000133514404,4200,0.0,0.0
2023-04-04 00:00:00-04:00,4.340000152587891,4.340000152587891,4.150000095367432,4.1519999504089355,1400,0.0,0.0
2023-04-05 00:00:00-04:00,4.099999904632568,4.239999771118164,4.099999904632568,4.239999771118164,800,0.0,0.0
2023-04-06 00:00:00-04:00,4.110000133514404,4.230000019073486,4.099999904632568,4.170000076293945,1300,0.0,0.0
2023-04-10 00:00:00-04:00,4.349999904632568,4.5,4.170000076293945,4.499000072479248,12000,0.0,0.0
2023-04-11 00:00:00-04:00,4.489999771118164,4.489999771118164,4.489999771118164,4.489999771118164,600,0.0,0.0
2023-04-12 00:00:00-04:00,4.372000217437744,4.409999847412109,4.372000217437744,4.389999866485596,1800,0.0,0.0
2023-04-13 00:00:00-04:00,4.820000171661377,5.03000020980835,4.099999904632568,4.489999771118164,558200,0.0,0.0
2023-04-14 00:00:00-04:00,4.440000057220459,4.920000076293945,4.210000038146973,4.909999847412109,74100,0.0,0.0
2023-04-17 00:00:00-04:00,4.909999847412109,4.909999847412109,4.583000183105469,4.849999904632568,24300,0.0,0.0
2023-04-18 00:00:00-04:00,4.849999904632568,4.980000019073486,4.620999813079834,4.920000076293945,12100,0.0,0.0
2023-04-19 00:00:00-04:00,4.890999794006348,5.699999809265137,4.890999794006348,5.599999904632568,86500,0.0,0.0
2023-04-20 00:00:00-04:00,5.610000133514404,6.039999961853027,5.510000228881836,5.96999979019165,53000,0.0,0.0
2023-04-21 00:00:00-04:00,5.900000095367432,5.96999979019165,5.25,5.260000228881836,31700,0.0,0.0
2023-04-24 00:00:00-04:00,5.25,5.679999828338623,5.079999923706055,5.269999980926514,14600,0.0,0.0
2023-04-25 00:00:00-04:00,5.170000076293945,5.298999786376953,4.900000095367432,5.010000228881836,19400,0.0,0.0
2023-04-26 00:00:00-04:00,5.079999923706055,5.480000019073486,4.690000057220459,4.690000057220459,5700,0.0,0.0
2023-04-27 00:00:00-04:00,4.949999809265137,5.050000190734863,4.769999980926514,4.800000190734863,11800,0.0,0.0
2023-04-28 00:00:00-04:00,4.809999942779541,4.909999847412109,4.809999942779541,4.860000133514404,2900,0.0,0.0
2023-05-01 00:00:00-04:00,4.909999847412109,4.909999847412109,4.849999904632568,4.849999904632568,7200,0.0,0.0
2023-05-02 00:00:00-04:00,4.920000076293945,4.920000076293945,4.505000114440918,4.659999847412109,9400,0.0,0.0
2023-05-03 00:00:00-04:00,4.75,4.75,4.75,4.75,500,0.0,0.0
2023-05-04 00:00:00-04:00,5.199999809265137,5.199999809265137,4.800000190734863,4.934999942779541,31800,0.0,0.0
2023-05-05 00:00:00-04:00,4.949999809265137,5.320000171661377,4.695000171661377,5.105000019073486,16400,0.0,0.0
2023-05-08 00:00:00-04:00,5.309999942779541,6.159999847412109,5.309999942779541,6.119999885559082,46300,0.0,0.0
2023-05-09 00:00:00-04:00,6.099999904632568,6.701000213623047,5.929999828338623,6.570000171661377,37500,0.0,0.0
2023-05-10 00:00:00-04:00,6.699999809265137,6.800000190734863,6.409999847412109,6.559999942779541,23700,0.0,0.0
2023-05-11 00:00:00-04:00,6.559999942779541,6.699999809265137,6.4039998054504395,6.619999885559082,18600,0.0,0.0
2023-05-12 00:00:00-04:00,6.449999809265137,6.949999809265137,6.449999809265137,6.699999809265137,18700,0.0,0.0
2023-05-15 00:00:00-04:00,7.170000076293945,7.170000076293945,6.699999809265137,6.699999809265137,101200,0.0,0.0
2023-05-16 00:00:00-04:00,6.800000190734863,6.820000171661377,6.1479997634887695,6.25,37500,0.0,0.0
2023-05-17 00:00:00-04:00,6.170000076293945,6.300000190734863,5.570000171661377,5.570000171661377,29300,0.0,0.0
2023-05-18 00:00:00-04:00,5.25,5.769000053405762,5.099999904632568,5.769000053405762,6500,0.0,0.0
2023-05-19 00:00:00-04:00,5.590000152587891,5.71999979019165,5.5,5.5,4900,0.0,0.0
2023-05-22 00:00:00-04:00,5.489999771118164,5.599999904632568,5.300000190734863,5.539999961853027,9800,0.0,0.0
2023-05-23 00:00:00-04:00,5.389999866485596,5.5,5.310999870300293,5.310999870300293,4100,0.0,0.0
2023-05-24 00:00:00-04:00,5.28000020980835,5.353000164031982,4.679999828338623,5.013999938964844,18800,0.0,0.0
2023-05-25 00:00:00-04:00,5.0,5.139999866485596,4.900000095367432,5.139999866485596,10400,0.0,0.0
2023-05-26 00:00:00-04:00,4.813000202178955,5.179999828338623,4.760000228881836,4.864999771118164,4100,0.0,0.0
2023-05-30 00:00:00-04:00,4.860000133514404,5.119999885559082,4.71999979019165,4.829999923706055,5300,0.0,0.0
2023-05-31 00:00:00-04:00,5.0,5.0,4.349999904632568,4.360000133514404,19600,0.0,0.0
2023-06-01 00:00:00-04:00,4.28000020980835,4.460000038146973,4.28000020980835,4.349999904632568,13300,0.0,0.0
2023-06-02 00:00:00-04:00,4.449999809265137,4.599999904632568,4.400000095367432,4.599999904632568,9500,0.0,0.0
2023-06-05 00:00:00-04:00,4.599999904632568,4.618000030517578,4.4079999923706055,4.4079999923706055,10300,0.0,0.0
2023-06-06 00:00:00-04:00,4.809999942779541,4.809999942779541,4.5,4.75,46400,0.0,0.0
2023-06-07 00:00:00-04:00,4.810999870300293,4.96999979019165,4.670000076293945,4.800000190734863,8100,0.0,0.0
2023-06-08 00:00:00-04:00,5.010000228881836,5.699999809265137,4.949999809265137,5.420000076293945,263100,0.0,0.0
2023-06-09 00:00:00-04:00,6.260000228881836,6.909999847412109,5.5,6.039999961853027,2446800,0.0,0.0
2023-06-12 00:00:00-04:00,5.400000095367432,5.739999771118164,5.199999809265137,5.394999980926514,135700,0.0,0.0
2023-06-13 00:00:00-04:00,5.340000152587891,5.389999866485596,5.019999980926514,5.239999771118164,62400,0.0,0.0
2023-06-14 00:00:00-04:00,5.239999771118164,5.239999771118164,4.880000114440918,5.0,43400,0.0,0.0
2023-06-15 00:00:00-04:00,4.900000095367432,5.349999904632568,4.894999980926514,5.21999979019165,16700,0.0,0.0
2023-06-16 00:00:00-04:00,5.199999809265137,5.199999809265137,4.829999923706055,4.860000133514404,11800,0.0,0.0
2023-06-20 00:00:00-04:00,4.900000095367432,5.25,4.809999942779541,5.059999942779541,63900,0.0,0.0
2023-06-21 00:00:00-04:00,4.789999961853027,5.239999771118164,4.789999961853027,4.840000152587891,21500,0.0,0.0
2023-06-22 00:00:00-04:00,4.789999961853027,4.960000038146973,4.789999961853027,4.869999885559082,4100,0.0,0.0
2023-06-23 00:00:00-04:00,4.869999885559082,4.869999885559082,4.769999980926514,4.769999980926514,4500,0.0,0.0
2023-06-26 00:00:00-04:00,4.699999809265137,4.940000057220459,4.699999809265137,4.764999866485596,4300,0.0,0.0
2023-06-27 00:00:00-04:00,4.843999862670898,4.843999862670898,4.699999809265137,4.809999942779541,7100,0.0,0.0
2023-06-28 00:00:00-04:00,4.675000190734863,4.75,4.566999912261963,4.630000114440918,15300,0.0,0.0
2023-06-29 00:00:00-04:00,4.809999942779541,4.809999942779541,4.550000190734863,4.730000019073486,12800,0.0,0.0
2023-06-30 00:00:00-04:00,4.949999809265137,4.949999809265137,4.800000190734863,4.800000190734863,2100,0.0,0.0
2023-07-03 00:00:00-04:00,4.820000171661377,4.929999828338623,4.72599983215332,4.72599983215332,3000,0.0,0.0
2023-07-05 00:00:00-04:00,4.71999979019165,5.0,4.519999980926514,4.564000129699707,93200,0.0,0.0
2023-07-06 00:00:00-04:00,4.550000190734863,4.980000019073486,4.525000095367432,4.550000190734863,32100,0.0,0.0
2023-07-07 00:00:00-04:00,4.695000171661377,4.889999866485596,4.550000190734863,4.710000038146973,94100,0.0,0.0
2023-07-10 00:00:00-04:00,4.730000019073486,4.730000019073486,4.579999923706055,4.630000114440918,14700,0.0,0.0
2023-07-11 00:00:00-04:00,4.550000190734863,4.800000190734863,4.550000190734863,4.739999771118164,35800,0.0,0.0
2023-07-12 00:00:00-04:00,4.809999942779541,4.809999942779541,4.550000190734863,4.570000171661377,20700,0.0,0.0
2023-07-13 00:00:00-04:00,4.579999923706055,4.800000190734863,4.510000228881836,4.639999866485596,41400,0.0,0.0
2023-07-14 00:00:00-04:00,4.739999771118164,4.739999771118164,4.550000190734863,4.559999942779541,5800,0.0,0.0
2023-07-17 00:00:00-04:00,4.630000114440918,4.75600004196167,4.580999851226807,4.659999847412109,10600,0.0,0.0
2023-07-18 00:00:00-04:00,4.684999942779541,4.684999942779541,4.590000152587891,4.610000133514404,3500,0.0,0.0
2023-07-19 00:00:00-04:00,4.610000133514404,4.880000114440918,4.510000228881836,4.539999961853027,21800,0.0,0.0
2023-07-20 00:00:00-04:00,4.519999980926514,4.539999961853027,4.349999904632568,4.392000198364258,13900,0.0,0.0
2023-07-21 00:00:00-04:00,4.590000152587891,4.650000095367432,4.440000057220459,4.5,2400,0.0,0.0
2023-07-24 00:00:00-04:00,4.519999980926514,4.639999866485596,4.360000133514404,4.360000133514404,4700,0.0,0.0
2023-07-25 00:00:00-04:00,4.465000152587891,4.465000152587891,4.320000171661377,4.320000171661377,9300,0.0,0.0
2023-07-26 00:00:00-04:00,4.440000057220459,4.46999979019165,4.3420000076293945,4.400000095367432,4200,0.0,0.0
2023-07-27 00:00:00-04:00,4.510000228881836,4.599999904632568,4.489999771118164,4.553999900817871,8700,0.0,0.0
2023-07-28 00:00:00-04:00,4.610000133514404,4.610000133514404,4.429999828338623,4.454999923706055,3300,0.0,0.0
2023-07-31 00:00:00-04:00,4.650000095367432,4.650000095367432,4.389999866485596,4.420000076293945,4300,0.0,0.0
2023-08-01 00:00:00-04:00,4.400000095367432,4.460000038146973,4.21999979019165,4.360000133514404,4900,0.0,0.0
2023-08-02 00:00:00-04:00,4.308000087738037,4.489999771118164,4.289999961853027,4.489999771118164,4300,0.0,0.0
2023-08-03 00:00:00-04:00,4.349999904632568,4.453999996185303,4.349999904632568,4.369999885559082,2100,0.0,0.0
2023-08-04 00:00:00-04:00,4.486000061035156,4.486000061035156,4.357999801635742,4.357999801635742,900,0.0,0.0
2023-08-07 00:00:00-04:00,4.360000133514404,4.510000228881836,4.360000133514404,4.400000095367432,8900,0.0,0.0
2023-08-08 00:00:00-04:00,4.340000152587891,4.480000019073486,4.300000190734863,4.480000019073486,11800,0.0,0.0
2023-08-09 00:00:00-04:00,4.269999980926514,4.380000114440918,4.199999809265137,4.380000114440918,19100,0.0,0.0
2023-08-10 00:00:00-04:00,4.25,4.440000057220459,4.25,4.329999923706055,2300,0.0,0.0
2023-08-11 00:00:00-04:00,4.329999923706055,4.349999904632568,4.099999904632568,4.210000038146973,23900,0.0,0.0
2023-08-14 00:00:00-04:00,4.179999828338623,4.2729997634887695,4.179999828338623,4.179999828338623,5800,0.0,0.0
2023-08-15 00:00:00-04:00,4.329999923706055,4.329999923706055,4.050000190734863,4.139999866485596,16900,0.0,0.0
2023-08-16 00:00:00-04:00,4.099999904632568,4.150000095367432,4.099999904632568,4.119999885559082,6800,0.0,0.0
2023-08-17 00:00:00-04:00,4.059999942779541,4.150000095367432,4.059999942779541,4.130000114440918,6400,0.0,0.0
2023-08-18 00:00:00-04:00,4.099999904632568,4.099999904632568,4.065999984741211,4.099999904632568,5600,0.0,0.0
2023-08-21 00:00:00-04:00,4.099999904632568,4.099999904632568,4.050000190734863,4.050000190734863,8800,0.0,0.0
2023-08-22 00:00:00-04:00,4.050000190734863,4.139999866485596,4.050000190734863,4.050000190734863,2800,0.0,0.0
2023-08-23 00:00:00-04:00,4.045000076293945,4.045000076293945,3.859999895095825,3.990000009536743,8700,0.0,0.0
2023-08-24 00:00:00-04:00,3.9800000190734863,3.9800000190734863,3.805999994277954,3.9000000953674316,13800,0.0,0.0
2023-08-25 00:00:00-04:00,3.9000000953674316,4.090000152587891,3.809999942779541,4.0,8300,0.0,0.0
2023-08-28 00:00:00-04:00,3.9200000762939453,3.9700000286102295,3.880000114440918,3.880000114440918,2500,0.0,0.0
2023-08-29 00:00:00-04:00,3.9000000953674316,3.9000000953674316,3.799999952316284,3.8459999561309814,5500,0.0,0.0
2023-08-30 00:00:00-04:00,3.7699999809265137,3.9769999980926514,3.700000047683716,3.924999952316284,4700,0.0,0.0
2023-08-31 00:00:00-04:00,3.9200000762939453,3.9749999046325684,3.7899999618530273,3.9030001163482666,3000,0.0,0.0
2023-09-01 00:00:00-04:00,3.8399999141693115,3.859999895095825,3.809999942779541,3.809999942779541,1100,0.0,0.0
2023-09-05 00:00:00-04:00,3.869999885559082,3.9700000286102295,3.869999885559082,3.930000066757202,3300,0.0,0.0
2023-09-06 00:00:00-04:00,3.8499999046325684,3.8610000610351562,3.8499999046325684,3.859999895095825,1600,0.0,0.0
2023-09-07 00:00:00-04:00,3.7899999618530273,3.819999933242798,3.744999885559082,3.809999942779541,2200,0.0,0.0
2023-09-08 00:00:00-04:00,3.819999933242798,4.079999923706055,3.75,4.040999889373779,12800,0.0,0.0
2023-09-11 00:00:00-04:00,4.002999782562256,4.002999782562256,3.9000000953674316,3.9000000953674316,4800,0.0,0.0
2023-09-12 00:00:00-04:00,3.7899999618530273,4.0,3.7899999618530273,3.8499999046325684,5100,0.0,0.0
2023-09-13 00:00:00-04:00,3.8299999237060547,3.880000114440918,3.8299999237060547,3.880000114440918,1300,0.0,0.0
2023-09-14 00:00:00-04:00,3.930000066757202,3.930000066757202,3.859999895095825,3.859999895095825,1600,0.0,0.0
2023-09-15 00:00:00-04:00,3.9100000858306885,3.9100000858306885,3.8369998931884766,3.88700008392334,2400,0.0,0.0
2023-09-18 00:00:00-04:00,3.8299999237060547,3.924999952316284,3.7799999713897705,3.924999952316284,2200,0.0,0.0
2023-09-19 00:00:00-04:00,3.809999942779541,3.9100000858306885,3.7200000286102295,3.7960000038146973,4000,0.0,0.0
2023-09-20 00:00:00-04:00,3.8369998931884766,3.8369998931884766,3.765000104904175,3.765000104904175,3600,0.0,0.0
2023-09-21 00:00:00-04:00,3.700000047683716,3.990000009536743,3.6600000858306885,3.990000009536743,1600,0.0,0.0
2023-09-22 00:00:00-04:00,3.8399999141693115,3.8399999141693115,3.6700000762939453,3.6700000762939453,3700,0.0,0.0
2023-09-25 00:00:00-04:00,3.799999952316284,3.940000057220459,3.799999952316284,3.8499999046325684,1500,0.0,0.0
2023-09-26 00:00:00-04:00,3.950000047683716,3.950000047683716,3.809999942779541,3.809999942779541,700,0.0,0.0
2023-09-27 00:00:00-04:00,3.8499999046325684,3.940000057220459,3.799999952316284,3.819999933242798,3400,0.0,0.0
2023-09-28 00:00:00-04:00,3.809999942779541,4.039999961853027,3.799999952316284,4.03000020980835,11300,0.0,0.0
2023-09-29 00:00:00-04:00,4.072999954223633,4.072999954223633,3.7699999809265137,3.9600000381469727,11600,0.0,0.0
2023-10-02 00:00:00-04:00,4.043000221252441,4.043000221252441,3.759999990463257,3.950000047683716,2600,0.0,0.0
2023-10-03 00:00:00-04:00,3.5999999046325684,3.9260001182556152,3.5999999046325684,3.7829999923706055,2100,0.0,0.0
2023-10-04 00:00:00-04:00,3.700000047683716,3.8399999141693115,3.5,3.7200000286102295,3800,0.0,0.0
2023-10-05 00:00:00-04:00,3.5799999237060547,3.5999999046325684,3.4200000762939453,3.430000066757202,1700,0.0,0.0
2023-10-06 00:00:00-04:00,3.437000036239624,3.509999990463257,3.2820000648498535,3.509999990463257,5900,0.0,0.0
2023-10-09 00:00:00-04:00,3.625,4.699999809265137,3.299999952316284,4.369999885559082,200500,0.0,0.0
2023-10-10 00:00:00-04:00,4.630000114440918,4.638000011444092,3.9000000953674316,3.9200000762939453,65700,0.0,0.0
2023-10-11 00:00:00-04:00,4.090000152587891,4.090000152587891,3.5799999237060547,3.819999933242798,16000,0.0,0.0
2023-10-12 00:00:00-04:00,3.619999885559082,3.7200000286102295,3.5799999237060547,3.5999999046325684,4000,0.0,0.0
2023-10-13 00:00:00-04:00,3.700000047683716,3.865000009536743,3.5,3.759999990463257,11200,0.0,0.0
2023-10-16 00:00:00-04:00,3.559999942779541,3.700000047683716,3.4600000381469727,3.4600000381469727,25700,0.0,0.0
2023-10-17 00:00:00-04:00,3.5899999141693115,3.5899999141693115,3.3499999046325684,3.4100000858306885,8600,0.0,0.0
2023-10-18 00:00:00-04:00,3.4700000286102295,3.4800000190734863,3.2699999809265137,3.380000114440918,14300,0.0,0.0
2023-10-19 00:00:00-04:00,3.299999952316284,3.3499999046325684,3.1600000858306885,3.319000005722046,11200,0.0,0.0
2023-10-20 00:00:00-04:00,3.2200000286102295,3.2200000286102295,3.190000057220459,3.2200000286102295,3000,0.0,0.0
2023-10-23 00:00:00-04:00,3.1700000762939453,3.2130000591278076,3.0,3.140000104904175,7400,0.0,0.0
2023-10-24 00:00:00-04:00,3.1040000915527344,3.1700000762939453,2.9800000190734863,3.1700000762939453,8300,0.0,0.0
2023-10-25 00:00:00-04:00,3.0999999046325684,3.0999999046325684,3.075000047683716,3.075000047683716,800,0.0,0.0
2023-10-26 00:00:00-04:00,3.069999933242798,3.140000104904175,2.930000066757202,2.984999895095825,15300,0.0,0.0
2023-10-27 00:00:00-04:00,2.944000005722046,3.049999952316284,2.9200000762939453,3.049999952316284,2700,0.0,0.0
2023-10-30 00:00:00-04:00,2.9100000858306885,3.1600000858306885,2.9100000858306885,3.1600000858306885,1600,0.0,0.0
2023-10-31 00:00:00-04:00,3.2699999809265137,3.640000104904175,3.0999999046325684,3.0999999046325684,3900,0.0,0.0
2023-11-01 00:00:00-04:00,2.9860000610351562,3.015000104904175,2.9000000953674316,2.9000000953674316,4300,0.0,0.0
2023-11-02 00:00:00-04:00,2.9000000953674316,3.059999942779541,2.9000000953674316,3.059999942779541,6700,0.0,0.0
2023-11-03 00:00:00-04:00,3.049999952316284,3.1700000762939453,2.953000068664551,3.1700000762939453,4900,0.0,0.0
2023-11-06 00:00:00-05:00,3.200000047683716,3.240000009536743,3.200000047683716,3.240000009536743,4400,0.0,0.0
2023-11-07 00:00:00-05:00,3.1700000762939453,3.240000009536743,3.1700000762939453,3.1700000762939453,1900,0.0,0.0
2023-11-08 00:00:00-05:00,3.0999999046325684,3.1679999828338623,3.0,3.130000114440918,1200,0.0,0.0
2023-11-09 00:00:00-05:00,3.125,3.125,2.930000066757202,2.930000066757202,2500,0.0,0.0
2023-11-10 00:00:00-05:00,3.119999885559082,3.119999885559082,3.119999885559082,3.119999885559082,600,0.0,0.0
2023-11-13 00:00:00-05:00,2.940000057220459,3.200000047683716,2.799999952316284,2.8299999237060547,10600,0.0,0.0
2023-11-14 00:00:00-05:00,2.9170000553131104,2.990000009536743,2.8499999046325684,2.990000009536743,6400,0.0,0.0
2023-11-15 00:00:00-05:00,2.990000009536743,2.990000009536743,2.9000000953674316,2.990000009536743,1800,0.0,0.0
2023-11-16 00:00:00-05:00,2.9000000953674316,2.9000000953674316,2.8399999141693115,2.8399999141693115,700,0.0,0.0
2023-11-17 00:00:00-05:00,2.8489999771118164,2.950000047683716,2.759999990463257,2.950000047683716,3600,0.0,0.0
2023-11-20 00:00:00-05:00,2.809999942779541,2.9000000953674316,2.805999994277954,2.9000000953674316,6400,0.0,0.0
2023-11-21 00:00:00-05:00,2.809999942779541,2.9119999408721924,2.799999952316284,2.809999942779541,3900,0.0,0.0
2023-11-22 00:00:00-05:00,2.9000000953674316,3.5299999713897705,2.7899999618530273,2.819999933242798,54900,0.0,0.0
2023-11-24 00:00:00-05:00,2.799999952316284,2.9600000381469727,2.799999952316284,2.8499999046325684,3200,0.0,0.0
2023-11-27 00:00:00-05:00,2.8399999141693115,3.177999973297119,2.819999933242798,3.177999973297119,5200,0.0,0.0
2023-11-28 00:00:00-05:00,3.190000057220459,3.190000057220459,2.859999895095825,2.875999927520752,4700,0.0,0.0
2023-11-29 00:00:00-05:00,2.9200000762939453,2.9800000190734863,2.880000114440918,2.9800000190734863,12500,0.0,0.0
2023-11-30 00:00:00-05:00,3.0,3.0,2.950000047683716,2.9579999446868896,1900,0.0,0.0
2023-12-01 00:00:00-05:00,2.9000000953674316,3.1600000858306885,2.9000000953674316,3.1600000858306885,6400,0.0,0.0
2023-12-04 00:00:00-05:00,2.9100000858306885,3.1500000953674316,2.9100000858306885,3.0899999141693115,4000,0.0,0.0
2023-12-05 00:00:00-05:00,3.049999952316284,3.049999952316284,3.0399999618530273,3.0399999618530273,500,0.0,0.0
2023-12-06 00:00:00-05:00,3.0,3.0999999046325684,2.9800000190734863,3.0999999046325684,7200,0.0,0.0
2023-12-07 00:00:00-05:00,3.0,3.119999885559082,3.0,3.119999885559082,6200,0.0,0.0
2023-12-08 00:00:00-05:00,3.0,3.5,3.0,3.180000066757202,13400,0.0,0.0
2023-12-11 00:00:00-05:00,3.140000104904175,3.25,3.140000104904175,3.25,7000,0.0,0.0
2023-12-12 00:00:00-05:00,3.25,3.5,3.240000009536743,3.390000104904175,13700,0.0,0.0
2023-12-13 00:00:00-05:00,3.4800000190734863,3.562999963760376,3.4100000858306885,3.5,8300,0.0,0.0
2023-12-14 00:00:00-05:00,3.4200000762939453,3.75,3.4200000762939453,3.7100000381469727,56900,0.0,0.0
2023-12-15 00:00:00-05:00,3.700000047683716,3.9000000953674316,3.549999952316284,3.7100000381469727,18300,0.0,0.0
2023-12-18 00:00:00-05:00,3.509999990463257,3.799999952316284,3.5,3.6429998874664307,15000,0.0,0.0
2023-12-19 00:00:00-05:00,3.700000047683716,3.700000047683716,3.450000047683716,3.507999897003174,6100,0.0,0.0
2023-12-20 00:00:00-05:00,3.4800000190734863,3.7100000381469727,3.4800000190734863,3.509999990463257,10200,0.0,0.0
2023-12-21 00:00:00-05:00,3.609999895095825,3.799999952316284,3.5799999237060547,3.6700000762939453,8500,0.0,0.0
2023-12-22 00:00:00-05:00,3.6700000762939453,3.8499999046325684,3.6700000762939453,3.825000047683716,5100,0.0,0.0
2023-12-26 00:00:00-05:00,3.9000000953674316,3.9100000858306885,3.6700000762939453,3.6700000762939453,27300,0.0,0.0
2023-12-27 00:00:00-05:00,3.75,3.8299999237060547,3.496000051498413,3.611999988555908,49200,0.0,0.0
2023-12-28 00:00:00-05:00,3.5999999046325684,3.5999999046325684,3.361999988555908,3.4000000953674316,14600,0.0,0.0
2023-12-29 00:00:00-05:00,3.5,3.5,3.140000104904175,3.259999990463257,24500,0.0,0.0
2024-01-02 00:00:00-05:00,3.3299999237060547,3.3299999237060547,3.2799999713897705,3.2799999713897705,1200,0.0,0.0
2024-01-03 00:00:00-05:00,3.309999942779541,3.319999933242798,3.234999895095825,3.234999895095825,2700,0.0,0.0
2024-01-04 00:00:00-05:00,3.2950000762939453,3.5399999618530273,3.2950000762939453,3.4800000190734863,3200,0.0,0.0
2024-01-05 00:00:00-05:00,3.6600000858306885,3.6600000858306885,3.299999952316284,3.3489999771118164,7300,0.0,0.0
2024-01-08 00:00:00-05:00,3.3499999046325684,3.5209999084472656,3.3499999046325684,3.490000009536743,2400,0.0,0.0
2024-01-09 00:00:00-05:00,3.450000047683716,3.450000047683716,3.315000057220459,3.315000057220459,4900,0.0,0.0
2024-01-10 00:00:00-05:00,3.3399999141693115,3.4100000858306885,3.3399999141693115,3.380000114440918,2300,0.0,0.0
2024-01-11 00:00:00-05:00,3.319999933242798,3.319999933242798,3.190000057220459,3.2100000381469727,1800,0.0,0.0
2024-01-12 00:00:00-05:00,3.2300000190734863,3.2300000190734863,3.2100000381469727,3.2100000381469727,2300,0.0,0.0
2024-01-16 00:00:00-05:00,3.25,3.4189999103546143,3.25,3.390000104904175,5600,0.0,0.0
2024-01-17 00:00:00-05:00,3.4800000190734863,3.4800000190734863,3.200000047683716,3.200000047683716,1100,0.0,0.0
2024-01-18 00:00:00-05:00,3.369999885559082,3.369999885559082,3.1700000762939453,3.180000066757202,2700,0.0,0.0
2024-01-19 00:00:00-05:00,3.1700000762939453,3.4000000953674316,3.0950000286102295,3.4000000953674316,8700,0.0,0.0
2024-01-22 00:00:00-05:00,3.2300000190734863,3.380000114440918,3.0999999046325684,3.0999999046325684,2000,0.0,0.0
2024-01-23 00:00:00-05:00,3.0799999237060547,3.180000066757202,3.0799999237060547,3.1500000953674316,5400,0.0,0.0
2024-01-24 00:00:00-05:00,3.0799999237060547,3.0799999237060547,3.0799999237060547,3.0799999237060547,500,0.0,0.0
2024-01-25 00:00:00-05:00,3.109999895095825,3.178999900817871,3.0829999446868896,3.0829999446868896,1400,0.0,0.0
2024-01-26 00:00:00-05:00,3.2799999713897705,3.2799999713897705,3.1489999294281006,3.1489999294281006,2000,0.0,0.0
2024-01-29 00:00:00-05:00,3.109999895095825,3.259999990463257,3.109999895095825,3.25,1200,0.0,0.0
2024-01-30 00:00:00-05:00,3.25,3.25,3.25,3.25,1000,0.0,0.0
2024-01-31 00:00:00-05:00,3.2100000381469727,3.2860000133514404,3.119999885559082,3.119999885559082,4000,0.0,0.0
2024-02-01 00:00:00-05:00,3.109999895095825,3.2799999713897705,3.109999895095825,3.109999895095825,3100,0.0,0.0
2024-02-02 00:00:00-05:00,3.1689999103546143,3.1689999103546143,3.075000047683716,3.130000114440918,7100,0.0,0.0
2024-02-05 00:00:00-05:00,3.069999933242798,3.236999988555908,2.880000114440918,3.180000066757202,33000,0.0,0.0
2024-02-06 00:00:00-05:00,2.990000009536743,3.178999900817871,2.990000009536743,3.009999990463257,3200,0.0,0.0
2024-02-07 00:00:00-05:00,2.9800000190734863,3.0999999046325684,2.9700000286102295,2.9700000286102295,1500,0.0,0.0
2024-02-08 00:00:00-05:00,2.9579999446868896,2.9579999446868896,2.9000000953674316,2.940000057220459,2300,0.0,0.0
2024-02-09 00:00:00-05:00,2.950000047683716,3.0199999809265137,2.809999942779541,3.0199999809265137,8500,0.0,0.0
2024-02-12 00:00:00-05:00,2.930000066757202,3.109999895095825,2.930000066757202,3.109999895095825,5500,0.0,0.0
2024-02-13 00:00:00-05:00,2.9809999465942383,3.0399999618530273,2.950000047683716,3.0399999618530273,11100,0.0,0.0
2024-02-14 00:00:00-05:00,2.9100000858306885,3.049999952316284,2.9100000858306885,3.049999952316284,3100,0.0,0.0
2024-02-15 00:00:00-05:00,2.950000047683716,3.0999999046325684,2.950000047683716,3.009999990463257,3500,0.0,0.0
2024-02-16 00:00:00-05:00,3.119999885559082,3.119999885559082,2.9000000953674316,2.9700000286102295,2200,0.0,0.0
2024-02-20 00:00:00-05:00,2.950000047683716,3.0299999713897705,2.9000000953674316,2.990000009536743,7600,0.0,0.0
2024-02-21 00:00:00-05:00,3.003000020980835,3.003000020980835,2.930000066757202,2.9700000286102295,6900,0.0,0.0
2024-02-22 00:00:00-05:00,2.930000066757202,2.950000047683716,2.8299999237060547,2.950000047683716,16700,0.0,0.0
2024-02-23 00:00:00-05:00,2.950000047683716,2.950000047683716,2.8299999237060547,2.880000114440918,3000,0.0,0.0
2024-02-26 00:00:00-05:00,2.8499999046325684,2.924999952316284,2.7100000381469727,2.7170000076293945,7200,0.0,0.0
2024-02-27 00:00:00-05:00,2.9000000953674316,2.9000000953674316,2.6500000953674316,2.7300000190734863,12500,0.0,0.0
2024-02-28 00:00:00-05:00,2.700000047683716,2.700000047683716,2.6500000953674316,2.6600000858306885,7500,0.0,0.0
2024-02-29 00:00:00-05:00,2.619999885559082,2.6600000858306885,2.609999895095825,2.6600000858306885,4500,0.0,0.0
2024-03-01 00:00:00-05:00,2.700000047683716,2.700000047683716,2.6530001163482666,2.680000066757202,13000,0.0,0.0
2024-03-04 00:00:00-05:00,2.6700000762939453,2.7850000858306885,2.6700000762939453,2.755000114440918,5500,0.0,0.0
2024-03-05 00:00:00-05:00,2.700000047683716,2.700000047683716,2.6700000762939453,2.680000066757202,6600,0.0,0.0
2024-03-06 00:00:00-05:00,2.609999895095825,2.890000104904175,2.609999895095825,2.880000114440918,32200,0.0,0.0
2024-03-07 00:00:00-05:00,2.809999942779541,2.8299999237060547,2.799999952316284,2.8299999237060547,2600,0.0,0.0
2024-03-08 00:00:00-05:00,2.819999933242798,2.9000000953674316,2.799999952316284,2.9000000953674316,3400,0.0,0.0
2024-03-11 00:00:00-04:00,3.0,3.0,2.7100000381469727,2.7300000190734863,3400,0.0,0.0
2024-03-12 00:00:00-04:00,2.7300000190734863,2.759999990463257,2.6600000858306885,2.6700000762939453,4000,0.0,0.0
2024-03-13 00:00:00-04:00,2.690000057220459,2.700000047683716,2.6689999103546143,2.700000047683716,1000,0.0,0.0
2024-03-14 00:00:00-04:00,2.5999999046325684,2.7079999446868896,2.5999999046325684,2.7079999446868896,1800,0.0,0.0
2024-03-15 00:00:00-04:00,2.7100000381469727,2.7100000381469727,2.609999895095825,2.700000047683716,1000,0.0,0.0
2024-03-18 00:00:00-04:00,2.5899999141693115,2.7190001010894775,2.5899999141693115,2.7190001010894775,6300,0.0,0.0
2024-03-19 00:00:00-04:00,2.5299999713897705,2.7309999465942383,2.509999990463257,2.7200000286102295,13000,0.0,0.0
2024-03-20 00:00:00-04:00,2.869999885559082,2.869999885559082,2.5199999809265137,2.744999885559082,1600,0.0,0.0
2024-03-21 00:00:00-04:00,2.799999952316284,2.799999952316284,2.569999933242798,2.75,3100,0.0,0.0
2024-03-22 00:00:00-04:00,2.75,2.75,2.7200000286102295,2.740000009536743,900,0.0,0.0
2024-03-25 00:00:00-04:00,2.7300000190734863,2.740000009536743,2.575000047683716,2.7200000286102295,3500,0.0,0.0
2024-03-26 00:00:00-04:00,2.5999999046325684,2.677000045776367,2.509999990463257,2.677000045776367,2100,0.0,0.0
2024-03-27 00:00:00-04:00,2.6500000953674316,2.8499999046325684,2.5199999809265137,2.8399999141693115,160500,0.0,0.0
2024-03-28 00:00:00-04:00,2.799999952316284,2.8299999237060547,2.740000009536743,2.740000009536743,12700,0.0,0.0
2024-04-01 00:00:00-04:00,2.75,2.799999952316284,2.740000009536743,2.75,3700,0.0,0.0
2024-04-02 00:00:00-04:00,2.740000009536743,2.759999990463257,2.569999933242798,2.75,9500,0.0,0.0
2024-04-03 00:00:00-04:00,2.6600000858306885,2.7200000286102295,2.6110000610351562,2.7100000381469727,6500,0.0,0.0
2024-04-04 00:00:00-04:00,2.6549999713897705,2.700000047683716,2.619999885559082,2.619999885559082,16800,0.0,0.0
2024-04-05 00:00:00-04:00,2.559999942779541,2.630000114440918,2.490000009536743,2.559999942779541,14000,0.0,0.0
2024-04-08 00:00:00-04:00,2.5,2.5999999046325684,2.5,2.5799999237060547,7100,0.0,0.0
2024-04-09 00:00:00-04:00,2.5799999237060547,2.740000009536743,2.5439999103546143,2.7200000286102295,9500,0.0,0.0
2024-04-10 00:00:00-04:00,2.619999885559082,2.7219998836517334,2.549999952316284,2.5999999046325684,18600,0.0,0.0
2024-04-11 00:00:00-04:00,2.5,2.5,2.4000000953674316,2.4000000953674316,8900,0.0,0.0
2024-04-12 00:00:00-04:00,2.4000000953674316,2.6600000858306885,2.3499999046325684,2.5,21700,0.0,0.0
2024-04-15 00:00:00-04:00,2.4000000953674316,2.4000000953674316,2.109999895095825,2.2300000190734863,61400,0.0,0.0
2024-04-16 00:00:00-04:00,2.1600000858306885,2.2300000190734863,2.1500000953674316,2.180000066757202,10500,0.0,0.0
2024-04-17 00:00:00-04:00,2.2100000381469727,2.5799999237060547,2.1700000762939453,2.359999895095825,25400,0.0,0.0
2024-04-18 00:00:00-04:00,2.430000066757202,2.950000047683716,2.2799999713897705,2.450000047683716,18600,0.0,0.0
2024-04-19 00:00:00-04:00,2.9519999027252197,2.9519999027252197,2.5,2.619999885559082,19600,0.0,0.0
2024-04-22 00:00:00-04:00,2.6689999103546143,2.6689999103546143,2.509999990463257,2.509999990463257,11100,0.0,0.0
2024-04-23 00:00:00-04:00,2.549999952316284,2.549999952316284,2.2300000190734863,2.259999990463257,16200,0.0,0.0
2024-04-24 00:00:00-04:00,2.180000066757202,2.490000009536743,2.0199999809265137,2.0799999237060547,21300,0.0,0.0
2024-04-25 00:00:00-04:00,2.0199999809265137,2.0199999809265137,1.5399999618530273,1.649999976158142,72800,0.0,0.0
2024-04-26 00:00:00-04:00,1.649999976158142,1.7300000190734863,1.6200000047683716,1.6399999856948853,12000,0.0,0.0
2024-04-29 00:00:00-04:00,1.7400000095367432,1.75,1.659999966621399,1.6699999570846558,16300,0.0,0.0
2024-04-30 00:00:00-04:00,1.6430000066757202,1.649999976158142,1.5399999618530273,1.600000023841858,14700,0.0,0.0
2024-05-01 00:00:00-04:00,1.6239999532699585,1.6399999856948853,1.5950000286102295,1.6399999856948853,2600,0.0,0.0
2024-05-02 00:00:00-04:00,1.6100000143051147,1.7999999523162842,1.5099999904632568,1.7100000381469727,12900,0.0,0.0
2024-05-03 00:00:00-04:00,1.5290000438690186,1.6299999952316284,1.5,1.5199999809265137,32800,0.0,0.0
2024-05-06 00:00:00-04:00,1.5199999809265137,1.6959999799728394,1.5199999809265137,1.6200000047683716,5400,0.0,0.0
2024-05-07 00:00:00-04:00,1.600000023841858,1.909999966621399,1.5950000286102295,1.909999966621399,52400,0.0,0.0
2024-05-08 00:00:00-04:00,1.809999942779541,1.8899999856948853,1.659999966621399,1.7710000276565552,11200,0.0,0.0
2024-05-09 00:00:00-04:00,1.7000000476837158,1.8880000114440918,1.7000000476837158,1.8200000524520874,6900,0.0,0.0
2024-05-10 00:00:00-04:00,1.8320000171661377,1.8700000047683716,1.7799999713897705,1.7899999618530273,5200,0.0,0.0
2024-05-13 00:00:00-04:00,1.7899999618530273,2.0,1.7699999809265137,1.9299999475479126,22600,0.0,0.0
2024-05-14 00:00:00-04:00,1.850000023841858,1.8899999856948853,1.840000033378601,1.8899999856948853,1500,0.0,0.0
2024-05-15 00:00:00-04:00,1.8600000143051147,2.3429999351501465,1.850000023841858,2.0199999809265137,39100,0.0,0.0
2024-05-16 00:00:00-04:00,2.0299999713897705,2.0299999713897705,1.8600000143051147,1.9199999570846558,5600,0.0,0.0
2024-05-17 00:00:00-04:00,1.8300000429153442,2.1700000762939453,1.8300000429153442,1.909999966621399,9500,0.0,0.0
2024-05-20 00:00:00-04:00,1.8300000429153442,1.9900000095367432,1.8300000429153442,1.909999966621399,10900,0.0,0.0
2024-05-21 00:00:00-04:00,2.200000047683716,3.309999942779541,1.840000033378601,2.2899999618530273,3260300,0.0,0.0
2024-05-22 00:00:00-04:00,2.0799999237060547,2.4700000286102295,2.059999942779541,2.440000057220459,168500,0.0,0.0
2024-05-23 00:00:00-04:00,2.25,2.380000114440918,2.130000114440918,2.131999969482422,71100,0.0,0.0
2024-05-24 00:00:00-04:00,2.134999990463257,2.3480000495910645,2.130000114440918,2.1600000858306885,25600,0.0,0.0
2024-05-28 00:00:00-04:00,2.130000114440918,2.2300000190734863,2.130000114440918,2.1700000762939453,35400,0.0,0.0
2024-05-29 00:00:00-04:00,2.140000104904175,2.1549999713897705,1.8899999856948853,2.0,33200,0.0,0.0
2024-05-30 00:00:00-04:00,2.0,2.049999952316284,1.899999976158142,1.9800000190734863,14800,0.0,0.0
2024-05-31 00:00:00-04:00,1.9450000524520874,1.9800000190734863,1.899999976158142,1.940000057220459,11900,0.0,0.0
2024-06-03 00:00:00-04:00,1.9190000295639038,1.9190000295639038,1.8200000524520874,1.899999976158142,7400,0.0,0.0
2024-06-04 00:00:00-04:00,1.9110000133514404,1.9600000381469727,1.8899999856948853,1.8899999856948853,5700,0.0,0.0
2024-06-05 00:00:00-04:00,1.8300000429153442,1.8320000171661377,1.6610000133514404,1.7799999713897705,19900,0.0,0.0
2024-06-06 00:00:00-04:00,2.0999999046325684,2.1500000953674316,1.7599999904632568,1.8700000047683716,222400,0.0,0.0
2024-06-07 00:00:00-04:00,1.9900000095367432,1.9900000095367432,1.6299999952316284,1.6749999523162842,14100,0.0,0.0
2024-06-10 00:00:00-04:00,1.649999976158142,1.8700000047683716,1.649999976158142,1.8300000429153442,23800,0.0,0.0
2024-06-11 00:00:00-04:00,1.690000057220459,1.9500000476837158,1.690000057220459,1.899999976158142,15400,0.0,0.0
2024-06-12 00:00:00-04:00,1.8450000286102295,1.9600000381469727,1.7999999523162842,1.8799999952316284,31200,0.0,0.0
2024-06-13 00:00:00-04:00,1.8200000524520874,1.9859999418258667,1.8029999732971191,1.8300000429153442,2900,0.0,0.0
2024-06-14 00:00:00-04:00,1.7400000095367432,1.8300000429153442,1.690000057220459,1.8250000476837158,3200,0.0,0.0
2024-06-17 00:00:00-04:00,1.7999999523162842,1.899999976158142,1.649999976158142,1.809999942779541,11100,0.0,0.0
2024-06-18 00:00:00-04:00,1.7200000286102295,1.850000023841858,1.7000000476837158,1.7300000190734863,21400,0.0,0.0
2024-06-20 00:00:00-04:00,1.7100000381469727,1.7599999904632568,1.600000023841858,1.6799999475479126,38600,0.0,0.0
2024-06-21 00:00:00-04:00,1.659999966621399,1.7599999904632568,1.659999966621399,1.690000057220459,8100,0.0,0.0
2024-06-24 00:00:00-04:00,1.9800000190734863,2.0,1.690000057220459,1.7200000286102295,10500,0.0,0.0
2024-06-25 00:00:00-04:00,1.7300000190734863,1.75,1.6799999475479126,1.7300000190734863,7200,0.0,0.0
2024-06-26 00:00:00-04:00,1.6699999570846558,1.7130000591278076,1.6699999570846558,1.7000000476837158,6600,0.0,0.0
2024-06-27 00:00:00-04:00,1.809999942779541,1.8700000047683716,1.7100000381469727,1.7100000381469727,63800,0.0,0.0
2024-06-28 00:00:00-04:00,1.7000000476837158,1.9600000381469727,1.6699999570846558,1.7999999523162842,8000,0.0,0.0
2024-07-01 00:00:00-04:00,1.7200000286102295,1.7799999713897705,1.6950000524520874,1.7200000286102295,6600,0.0,0.0
2024-07-02 00:00:00-04:00,1.7000000476837158,1.7899999618530273,1.7000000476837158,1.7200000286102295,8800,0.0,0.0
2024-07-03 00:00:00-04:00,1.75,1.7699999809265137,1.7000000476837158,1.7400000095367432,2500,0.0,0.0
2024-07-05 00:00:00-04:00,1.7100000381469727,1.7999999523162842,1.690000057220459,1.7999999523162842,4700,0.0,0.0
